family,tag,base_tag,geom,side,window,p_parent,tr_n,tr_days,tr_exp_r,tr_exp_r_prod,tr_se,tr_win,tr_t_day,tr_ex_best,tr_best_share,tr_green_days,tr_base_win,tr_edge_win,tr_edge_st,tr_t_st,va_n,va_days,va_exp_r,va_exp_r_prod,va_se,va_win,va_t_day,va_ex_best,va_best_share,va_green_days,va_base_win,va_edge_win,va_edge_st,va_t_st,gate,p_n,p_x,p_mode,p_w,p_up,p_t0,p_k,p_stall,p_g,p_v,p_fo,p_rng,p_q,p_vol
A0,A0-hfs-parent-t1s1,A0-hfs-parent,t1s1,short,950-1030,hfs,1608,30,0.1094,0.0841,0.0237,0.498,1.94,0.0407,0.56,0.67,-0.0004,0.1098,0.1421,2.43,462,14,0.1031,0.0748,0.0446,0.5,2.23,0.0388,0.57,0.71,-0.0228,0.1258,0.1185,2.99,True,,,,,,,,,,,,,,
A,A-hfs-rsi2ge50-t1s1,A-hfs-rsi2ge50,t1s1,short,950-1030,hfs,937,30,0.0727,0.048,0.0308,0.466,1.74,0.0265,0.49,0.67,-0.0004,0.0731,0.103,2.0,300,14,0.0075,-0.0202,0.0552,0.437,1.54,-0.0438,,0.71,-0.0228,0.0302,0.0649,2.14,False,2.0,50.0,,,,,,,,,,,,
A,A-hfs-rsi2ge60-t1s1,A-hfs-rsi2ge60,t1s1,short,950-1030,hfs,870,30,0.0687,0.0436,0.0321,0.466,1.59,0.0228,0.51,0.67,-0.0004,0.0691,0.0943,1.82,289,14,0.0027,-0.025,0.0561,0.429,1.48,-0.0577,,0.64,-0.0228,0.0255,0.0604,2.02,False,2.0,60.0,,,,,,,,,,,,
A,A-hfs-rsi2ge70-t1s1,A-hfs-rsi2ge70,t1s1,short,950-1030,hfs,799,30,0.082,0.0569,0.0333,0.471,1.57,0.0355,0.41,0.63,-0.0004,0.0825,0.1034,1.84,269,14,0.0037,-0.0241,0.0579,0.424,1.43,-0.0503,,0.64,-0.0228,0.0265,0.0609,1.95,False,2.0,70.0,,,,,,,,,,,,
A,A-hfs-rsi2ge80-t1s1,A-hfs-rsi2ge80,t1s1,short,950-1030,hfs,686,30,0.0973,0.072,0.0362,0.49,1.48,0.0512,0.33,0.67,-0.0004,0.0977,0.1095,1.76,238,14,0.0057,-0.0219,0.0613,0.424,1.2,-0.0547,,0.57,-0.0228,0.0284,0.0548,1.61,False,2.0,80.0,,,,,,,,,,,,
A,A-hfs-rsi2ge90-t1s1,A-hfs-rsi2ge90,t1s1,short,950-1030,hfs,487,30,0.1396,0.1135,0.0428,0.513,1.55,0.0879,0.28,0.57,-0.0004,0.14,0.1459,1.99,193,14,0.0012,-0.027,0.0688,0.43,0.9,-0.0785,,0.71,-0.0228,0.024,0.0488,1.24,False,2.0,90.0,,,,,,,,,,,,
A,A-hfs-rsi3ge50-t1s1,A-hfs-rsi3ge50,t1s1,short,950-1030,hfs,813,30,0.0496,0.0247,0.0332,0.455,0.95,-0.0001,1.0,0.6,-0.0004,0.05,0.0638,1.02,273,14,0.0105,-0.0169,0.0575,0.429,1.57,-0.0429,,0.64,-0.0228,0.0333,0.0952,2.25,False,3.0,50.0,,,,,,,,,,,,
A,A-hfs-rsi3ge60-t1s1,A-hfs-rsi3ge60,t1s1,short,950-1030,hfs,723,30,0.068,0.0431,0.0351,0.466,1.27,0.0155,0.66,0.7,-0.0004,0.0684,0.0797,1.47,251,14,0.0217,-0.0057,0.0598,0.43,1.67,-0.0484,,0.64,-0.0228,0.0445,0.1071,2.32,False,3.0,60.0,,,,,,,,,,,,
A,A-hfs-rsi3ge70-t1s1,A-hfs-rsi3ge70,t1s1,short,950-1030,hfs,614,30,0.0835,0.0584,0.0381,0.477,1.33,0.0282,0.55,0.63,-0.0004,0.0839,0.085,1.61,214,14,0.0395,0.0119,0.0644,0.435,1.83,-0.0436,4.24,0.71,-0.0228,0.0622,0.1229,2.58,False,3.0,70.0,,,,,,,,,,,,
A,A-hfs-rsi3ge80-t1s1,A-hfs-rsi3ge80,t1s1,short,950-1030,hfs,425,30,0.1081,0.0821,0.0456,0.489,0.3,0.0412,0.54,0.53,-0.0004,0.1085,0.0958,0.51,168,14,0.0352,0.0078,0.0723,0.429,1.59,-0.04,5.49,0.57,-0.0228,0.0579,0.1226,2.05,False,3.0,80.0,,,,,,,,,,,,
A,A-hfs-rsi3ge90-t1s1,A-hfs-rsi3ge90,t1s1,short,950-1030,hfs,207,30,0.1417,0.1146,0.0663,0.536,0.52,0.0465,0.64,0.53,-0.0004,0.1421,0.1084,0.7,84,14,-0.0977,-0.1275,0.1031,0.369,0.95,-0.1542,,0.57,-0.0228,-0.0749,-0.0278,1.11,False,3.0,90.0,,,,,,,,,,,,
A,A-hfs-rsi4ge50-t1s1,A-hfs-rsi4ge50,t1s1,short,950-1030,hfs,708,30,0.0362,0.0118,0.0353,0.441,0.94,-0.0178,2.43,0.63,-0.0004,0.0366,0.0578,1.09,239,14,-0.0239,-0.0508,0.0614,0.406,1.19,-0.0998,,0.71,-0.0228,-0.0011,0.0849,1.84,False,4.0,50.0,,,,,,,,,,,,
A,A-hfs-rsi4ge60-t1s1,A-hfs-rsi4ge60,t1s1,short,950-1030,hfs,601,30,0.0745,0.0501,0.0384,0.466,1.02,0.0155,0.71,0.6,-0.0004,0.075,0.0819,1.24,212,14,0.0044,-0.0223,0.065,0.42,1.34,-0.0771,,0.71,-0.0228,0.0272,0.1119,2.03,False,4.0,60.0,,,,,,,,,,,,
A,A-hfs-rsi4ge70-t1s1,A-hfs-rsi4ge70,t1s1,short,950-1030,hfs,460,30,0.0834,0.0584,0.0436,0.467,0.79,0.0142,0.78,0.5,-0.0004,0.0838,0.0856,1.04,181,14,0.0188,-0.0083,0.07,0.425,1.19,-0.0534,,0.57,-0.0228,0.0416,0.1259,1.84,False,4.0,70.0,,,,,,,,,,,,
A,A-hfs-rsi4ge80-t1s1,A-hfs-rsi4ge80,t1s1,short,950-1030,hfs,268,29,0.1031,0.077,0.0571,0.478,-0.01,0.0153,0.82,0.52,-0.0004,0.1035,0.0876,0.25,111,14,0.017,-0.0118,0.0898,0.414,1.09,-0.0499,,0.5,-0.0228,0.0398,0.1304,1.56,False,4.0,80.0,,,,,,,,,,,,
A,A-hfs-rsi4ge90-t1s1,A-hfs-rsi4ge90,t1s1,short,950-1030,hfs,122,27,0.1824,0.1555,0.0853,0.549,-0.64,0.0531,0.72,0.44,-0.0004,0.1828,0.1362,-0.4,56,13,-0.0863,-0.1161,0.1273,0.375,1.35,-0.1781,,0.54,-0.0228,-0.0636,0.0311,1.87,False,4.0,90.0,,,,,,,,,,,,
A0,A0-hfl-parent-t1s1,A0-hfl-parent,t1s1,long,1105-1330,hfl,1595,30,0.0907,0.0685,0.0217,0.406,0.57,0.0461,0.41,0.5,-0.0519,0.1425,0.1331,2.08,461,14,0.0854,0.06,0.0401,0.397,1.83,0.0376,0.42,0.71,-0.1071,0.1925,0.1335,3.48,False,,,,,,,,,,,,,,
A,A-hfl-rsi2le10-t1s1,A-hfl-rsi2le10,t1s1,long,1105-1330,hfl,1302,30,0.1183,0.0958,0.024,0.42,0.61,0.0511,0.54,0.57,-0.0519,0.1702,0.1539,1.73,375,14,0.0714,0.045,0.0453,0.411,1.82,0.0232,0.52,0.64,-0.1071,0.1785,0.1326,3.6,False,2.0,10.0,,,,,,,,,,,,
A,A-hfl-rsi2le20-t1s1,A-hfl-rsi2le20,t1s1,long,1105-1330,hfl,1452,30,0.1015,0.0791,0.0227,0.412,0.57,0.0418,0.55,0.53,-0.0519,0.1534,0.1405,1.86,422,14,0.0737,0.0479,0.0424,0.403,1.76,0.0261,0.49,0.71,-0.1071,0.1808,0.1269,3.32,False,2.0,20.0,,,,,,,,,,,,
A,A-hfl-rsi2le30-t1s1,A-hfl-rsi2le30,t1s1,long,1105-1330,hfl,1508,30,0.0977,0.0753,0.0223,0.41,0.51,0.0482,0.45,0.5,-0.0519,0.1496,0.139,1.88,441,14,0.0837,0.0579,0.0414,0.406,1.85,0.036,0.42,0.64,-0.1071,0.1908,0.1353,3.49,False,2.0,30.0,,,,,,,,,,,,
A,A-hfl-rsi2le40-t1s1,A-hfl-rsi2le40,t1s1,long,1105-1330,hfl,1544,30,0.0905,0.0682,0.022,0.407,0.43,0.0442,0.44,0.5,-0.0519,0.1424,0.1329,1.85,449,14,0.0894,0.0637,0.041,0.408,1.9,0.0427,0.38,0.71,-0.1071,0.1965,0.1395,3.54,False,2.0,40.0,,,,,,,,,,,,
A,A-hfl-rsi2le50-t1s1,A-hfl-rsi2le50,t1s1,long,1105-1330,hfl,1567,30,0.0899,0.0677,0.0219,0.405,0.56,0.0448,0.43,0.5,-0.0519,0.1418,0.1319,2.04,454,14,0.0964,0.0709,0.0406,0.407,2.0,0.0506,0.34,0.71,-0.1071,0.2035,0.144,3.69,False,2.0,50.0,,,,,,,,,,,,
A,A-hfl-rsi3le10-t1s1,A-hfl-rsi3le10,t1s1,long,1105-1330,hfl,1118,30,0.1154,0.0923,0.0258,0.419,0.72,0.0253,0.77,0.57,-0.0519,0.1673,0.1473,2.15,323,14,0.0558,0.0288,0.0492,0.399,1.81,0.0014,0.96,0.71,-0.1071,0.1629,0.1317,3.5,False,3.0,10.0,,,,,,,,,,,,
A,A-hfl-rsi3le20-t1s1,A-hfl-rsi3le20,t1s1,long,1105-1330,hfl,1408,30,0.1145,0.092,0.023,0.418,0.67,0.0455,0.58,0.5,-0.0519,0.1664,0.1486,1.84,415,14,0.0813,0.0552,0.043,0.414,1.98,0.0299,0.5,0.71,-0.1071,0.1884,0.1416,3.73,False,3.0,20.0,,,,,,,,,,,,
A,A-hfl-rsi3le30-t1s1,A-hfl-rsi3le30,t1s1,long,1105-1330,hfl,1523,30,0.0934,0.071,0.0222,0.407,0.44,0.0415,0.49,0.5,-0.0519,0.1452,0.1342,1.78,440,14,0.0795,0.0538,0.0413,0.402,1.88,0.0315,0.46,0.64,-0.1071,0.1866,0.1313,3.54,False,3.0,30.0,,,,,,,,,,,,
A,A-hfl-rsi3le40-t1s1,A-hfl-rsi3le40,t1s1,long,1105-1330,hfl,1567,30,0.0895,0.0673,0.0219,0.405,0.47,0.0443,0.43,0.5,-0.0519,0.1414,0.1309,1.92,454,14,0.0872,0.0616,0.0406,0.401,1.87,0.039,0.41,0.71,-0.1071,0.1943,0.1378,3.48,False,3.0,40.0,,,,,,,,,,,,
A,A-hfl-rsi3le50-t1s1,A-hfl-rsi3le50,t1s1,long,1105-1330,hfl,1589,30,0.0888,0.0665,0.0217,0.405,0.58,0.0438,0.43,0.5,-0.0519,0.1407,0.1308,2.16,460,14,0.0908,0.0653,0.0402,0.402,1.89,0.0433,0.38,0.71,-0.1071,0.1979,0.1398,3.64,False,3.0,50.0,,,,,,,,,,,,
A,A-hfl-rsi4le10-t1s1,A-hfl-rsi4le10,t1s1,long,1105-1330,hfl,853,30,0.1124,0.0881,0.03,0.426,0.47,-0.0018,1.02,0.43,-0.0519,0.1642,0.1391,1.77,263,14,0.0326,0.0044,0.0557,0.407,0.75,-0.044,9.79,0.5,-0.1071,0.1397,0.1109,2.33,False,4.0,10.0,,,,,,,,,,,,
A,A-hfl-rsi4le20-t1s1,A-hfl-rsi4le20,t1s1,long,1105-1330,hfl,1370,30,0.1172,0.0946,0.0233,0.416,0.7,0.0474,0.57,0.53,-0.0519,0.1691,0.1485,1.91,405,14,0.0732,0.0471,0.0434,0.407,1.84,0.0218,0.56,0.71,-0.1071,0.1803,0.1361,3.6,False,4.0,20.0,,,,,,,,,,,,
A,A-hfl-rsi4le30-t1s1,A-hfl-rsi4le30,t1s1,long,1105-1330,hfl,1537,30,0.0961,0.0737,0.0221,0.409,0.53,0.0448,0.47,0.5,-0.0519,0.148,0.1356,1.87,442,14,0.078,0.0522,0.0412,0.398,1.87,0.0299,0.47,0.64,-0.1071,0.185,0.1298,3.5,False,4.0,30.0,,,,,,,,,,,,
A,A-hfl-rsi4le40-t1s1,A-hfl-rsi4le40,t1s1,long,1105-1330,hfl,1588,30,0.0887,0.0665,0.0217,0.405,0.57,0.0437,0.43,0.5,-0.0519,0.1406,0.1307,2.15,459,14,0.0889,0.0634,0.0403,0.401,1.86,0.0411,0.39,0.71,-0.1071,0.196,0.138,3.61,False,4.0,40.0,,,,,,,,,,,,
A,A-hfl-rsi4le50-t1s1,A-hfl-rsi4le50,t1s1,long,1105-1330,hfl,1594,30,0.0912,0.0689,0.0217,0.406,0.61,0.0467,0.41,0.5,-0.0519,0.143,0.1339,2.19,461,14,0.0854,0.06,0.0401,0.397,1.83,0.0376,0.42,0.71,-0.1071,0.1925,0.1335,3.48,False,4.0,50.0,,,,,,,,,,,,
A0,A0-exh-parent-t1s1,A0-exh-parent,t1s1,short,1300-1500,exh,673,30,0.213,0.1912,0.0313,0.418,0.32,0.0391,0.85,0.57,-0.0494,0.2625,0.0922,0.96,131,14,0.1741,0.1506,0.0719,0.412,1.13,0.118,0.37,0.71,0.0158,0.1583,0.1078,1.57,False,,,,,,,,,,,,,,
A,A-exh-rsi2ge50-t1s1,A-exh-rsi2ge50,t1s1,short,1300-1500,exh,673,30,0.213,0.1912,0.0313,0.418,0.32,0.0391,0.85,0.57,-0.0494,0.2625,0.0922,0.96,131,14,0.1741,0.1506,0.0719,0.412,1.13,0.118,0.37,0.71,0.0158,0.1583,0.1078,1.57,False,2.0,50.0,,,,,,,,,,,,
A,A-exh-rsi2ge60-t1s1,A-exh-rsi2ge60,t1s1,short,1300-1500,exh,673,30,0.213,0.1912,0.0313,0.418,0.32,0.0391,0.85,0.57,-0.0494,0.2625,0.0922,0.96,130,14,0.1679,0.1444,0.0721,0.408,1.12,0.118,0.33,0.71,0.0158,0.1521,0.1028,1.54,False,2.0,60.0,,,,,,,,,,,,
A,A-exh-rsi2ge70-t1s1,A-exh-rsi2ge70,t1s1,short,1300-1500,exh,662,30,0.214,0.1921,0.0315,0.417,0.15,0.0366,0.86,0.53,-0.0494,0.2635,0.0912,0.73,128,14,0.1582,0.1345,0.0729,0.406,0.94,0.1053,0.36,0.64,0.0158,0.1424,0.0934,1.33,False,2.0,70.0,,,,,,,,,,,,
A,A-exh-rsi2ge80-t1s1,A-exh-rsi2ge80,t1s1,short,1300-1500,exh,649,30,0.2264,0.2047,0.0317,0.424,0.26,0.0515,0.82,0.53,-0.0494,0.2759,0.0996,0.89,122,14,0.1456,0.1216,0.0749,0.402,0.68,0.0868,0.42,0.64,0.0158,0.1298,0.0791,0.9,False,2.0,80.0,,,,,,,,,,,,
A,A-exh-rsi2ge90-t1s1,A-exh-rsi2ge90,t1s1,short,1300-1500,exh,617,30,0.2323,0.2109,0.0325,0.426,0.41,0.0571,0.8,0.57,-0.0494,0.2817,0.1029,1.1,112,14,0.1433,0.1192,0.0785,0.402,0.03,0.0888,0.4,0.64,0.0158,0.1275,0.0672,0.05,False,2.0,90.0,,,,,,,,,,,,
A,A-exh-rsi3ge50-t1s1,A-exh-rsi3ge50,t1s1,short,1300-1500,exh,673,30,0.213,0.1912,0.0313,0.418,0.32,0.0391,0.85,0.57,-0.0494,0.2625,0.0922,0.96,131,14,0.1741,0.1506,0.0719,0.412,1.13,0.118,0.37,0.71,0.0158,0.1583,0.1078,1.57,False,3.0,50.0,,,,,,,,,,,,
A,A-exh-rsi3ge60-t1s1,A-exh-rsi3ge60,t1s1,short,1300-1500,exh,673,30,0.213,0.1912,0.0313,0.418,0.32,0.0391,0.85,0.57,-0.0494,0.2625,0.0922,0.96,131,14,0.1741,0.1506,0.0719,0.412,1.13,0.118,0.37,0.71,0.0158,0.1583,0.1078,1.57,False,3.0,60.0,,,,,,,,,,,,
A,A-exh-rsi3ge70-t1s1,A-exh-rsi3ge70,t1s1,short,1300-1500,exh,672,30,0.2136,0.1917,0.0313,0.418,0.33,0.0395,0.85,0.57,-0.0494,0.263,0.0925,0.98,131,14,0.1741,0.1506,0.0719,0.412,1.13,0.118,0.37,0.71,0.0158,0.1583,0.1078,1.57,False,3.0,70.0,,,,,,,,,,,,
A,A-exh-rsi3ge80-t1s1,A-exh-rsi3ge80,t1s1,short,1300-1500,exh,655,30,0.2242,0.2025,0.0315,0.42,0.28,0.0485,0.83,0.57,-0.0494,0.2736,0.0992,0.91,126,14,0.1534,0.1295,0.0738,0.405,0.93,0.1053,0.33,0.64,0.0158,0.1376,0.0894,1.31,False,3.0,80.0,,,,,,,,,,,,
A,A-exh-rsi3ge90-t1s1,A-exh-rsi3ge90,t1s1,short,1300-1500,exh,541,29,0.2415,0.2191,0.0352,0.442,0.26,0.0465,0.85,0.59,-0.0494,0.2909,0.0984,1.01,96,14,0.2293,0.2072,0.0832,0.448,0.99,0.1641,0.36,0.79,0.0158,0.2135,0.1536,1.19,False,3.0,90.0,,,,,,,,,,,,
A,A-exh-rsi4ge50-t1s1,A-exh-rsi4ge50,t1s1,short,1300-1500,exh,673,30,0.213,0.1912,0.0313,0.418,0.32,0.0391,0.85,0.57,-0.0494,0.2625,0.0922,0.96,131,14,0.1741,0.1506,0.0719,0.412,1.13,0.118,0.37,0.71,0.0158,0.1583,0.1078,1.57,False,4.0,50.0,,,,,,,,,,,,
A,A-exh-rsi4ge60-t1s1,A-exh-rsi4ge60,t1s1,short,1300-1500,exh,673,30,0.213,0.1912,0.0313,0.418,0.32,0.0391,0.85,0.57,-0.0494,0.2625,0.0922,0.96,131,14,0.1741,0.1506,0.0719,0.412,1.13,0.118,0.37,0.71,0.0158,0.1583,0.1078,1.57,False,4.0,60.0,,,,,,,,,,,,
A,A-exh-rsi4ge70-t1s1,A-exh-rsi4ge70,t1s1,short,1300-1500,exh,672,30,0.2141,0.1923,0.0313,0.418,0.35,0.0403,0.85,0.57,-0.0494,0.2636,0.0931,1.01,131,14,0.1741,0.1506,0.0719,0.412,1.13,0.118,0.37,0.71,0.0158,0.1583,0.1078,1.57,False,4.0,70.0,,,,,,,,,,,,
A,A-exh-rsi4ge80-t1s1,A-exh-rsi4ge80,t1s1,short,1300-1500,exh,640,30,0.2246,0.2029,0.032,0.423,0.07,0.0503,0.82,0.6,-0.0494,0.2741,0.0981,0.57,122,14,0.1719,0.1476,0.0754,0.418,0.82,0.1261,0.29,0.64,0.0158,0.1561,0.1025,1.17,False,4.0,80.0,,,,,,,,,,,,
A,A-exh-rsi4ge90-t1s1,A-exh-rsi4ge90,t1s1,short,1300-1500,exh,298,29,0.1637,0.1384,0.0486,0.399,0.18,0.02,0.89,0.52,-0.0494,0.2131,0.0772,0.96,60,14,0.2418,0.2186,0.1073,0.467,1.02,0.1496,0.38,0.71,0.0158,0.226,0.1718,1.06,False,4.0,90.0,,,,,,,,,,,,
B,B-rsi2hi80-long-W1-t1s1,B-rsi2hi80-long-W1,t1s1,long,950-1030,,25143,30,-0.0645,-0.1115,0.0061,0.428,-2.63,-0.1316,,0.37,-0.0921,0.0276,0.0208,1.39,11690,14,-0.1673,-0.2272,0.0092,0.399,-4.67,-0.2641,,0.07,-0.0865,-0.0809,-0.0553,-3.25,False,2.0,80.0,hi,W1,,,,,,,,,,
B,B-rsi2hi80-long-W1-t05s1,B-rsi2hi80-long-W1,t05s1,long,950-1030,,25143,30,-0.0569,-0.0985,0.0046,0.643,-3.97,-0.108,,0.23,-0.0798,0.0229,0.0085,0.79,11690,14,-0.1485,-0.2012,0.0071,0.593,-5.7,-0.2243,,0.07,-0.0827,-0.0658,-0.042,-3.35,False,2.0,80.0,hi,W1,,,,,,,,,,
B,B-rsi2hi80-long-W1-t1s05,B-rsi2hi80-long-W1,t1s05,long,950-1030,,25143,30,-0.0474,-0.1037,0.0046,0.318,-3.58,-0.1139,,0.37,-0.0623,0.0149,0.0104,1.01,11690,14,-0.1086,-0.1774,0.0066,0.288,-5.81,-0.2027,,0.07,-0.0661,-0.0425,-0.0302,-1.85,False,2.0,80.0,hi,W1,,,,,,,,,,
B,B-rsi2hi80-short-W1-t1s1,B-rsi2hi80-short-W1,t1s1,short,950-1030,,25143,30,-0.0281,-0.0759,0.0061,0.441,-1.82,-0.091,,0.4,-0.0004,-0.0276,-0.021,-1.4,11690,14,0.057,0.0025,0.0091,0.506,0.25,-0.014,6.12,0.57,-0.0228,0.0798,0.0547,3.13,False,2.0,80.0,hi,W1,,,,,,,,,,
B,B-rsi2hi80-short-W1-t05s1,B-rsi2hi80-short-W1,t05s1,short,950-1030,,25143,30,-0.0457,-0.088,0.0046,0.651,-3.02,-0.0965,,0.4,-0.0309,-0.0148,-0.0105,-1.02,11690,14,-0.0029,-0.0515,0.0066,0.692,-1.41,-0.062,,0.43,-0.044,0.0411,0.029,1.76,False,2.0,80.0,hi,W1,,,,,,,,,,
B,B-rsi2hi80-short-W1-t1s05,B-rsi2hi80-short-W1,t1s05,short,950-1030,,25143,30,-0.037,-0.094,0.0046,0.321,-3.56,-0.1046,,0.3,-0.0135,-0.0234,-0.0093,-0.86,11690,14,0.0363,-0.0283,0.0071,0.382,-0.54,-0.0458,,0.43,-0.0274,0.0638,0.0415,3.18,False,2.0,80.0,hi,W1,,,,,,,,,,
B,B-rsi2hi90-long-W1-t1s1,B-rsi2hi90-long-W1,t1s1,long,950-1030,,18031,30,-0.0544,-0.1016,0.0073,0.436,-2.18,-0.1207,,0.33,-0.0921,0.0377,0.0328,1.49,8275,14,-0.2007,-0.2625,0.0109,0.385,-5.57,-0.301,,0.07,-0.0865,-0.1142,-0.0746,-3.5,False,2.0,90.0,hi,W1,,,,,,,,,,
B,B-rsi2hi90-long-W1-t05s1,B-rsi2hi90-long-W1,t05s1,long,950-1030,,18031,30,-0.0533,-0.0953,0.0054,0.648,-3.56,-0.1051,,0.33,-0.0798,0.0264,0.0125,0.85,8275,14,-0.176,-0.2308,0.0085,0.576,-6.86,-0.2571,,0.07,-0.0827,-0.0933,-0.0593,-4.09,False,2.0,90.0,hi,W1,,,,,,,,,,
B,B-rsi2hi90-long-W1-t1s05,B-rsi2hi90-long-W1,t1s05,long,950-1030,,18031,30,-0.0404,-0.0968,0.0054,0.324,-3.11,-0.1074,,0.3,-0.0623,0.0219,0.0174,1.2,8275,14,-0.1332,-0.2043,0.0078,0.274,-7.36,-0.2299,,0.07,-0.0661,-0.0671,-0.0478,-2.49,False,2.0,90.0,hi,W1,,,,,,,,,,
B,B-rsi2hi90-short-W1-t1s1,B-rsi2hi90-short-W1,t1s1,short,950-1030,,18031,30,-0.0394,-0.0879,0.0073,0.439,-2.09,-0.1055,,0.37,-0.0004,-0.039,-0.0343,-1.55,8275,14,0.0861,0.0311,0.0109,0.524,0.79,0.0109,0.67,0.5,-0.0228,0.1088,0.0701,3.11,False,2.0,90.0,hi,W1,,,,,,,,,,
B,B-rsi2hi90-short-W1-t05s1,B-rsi2hi90-short-W1,t05s1,short,950-1030,,18031,30,-0.0543,-0.0972,0.0054,0.647,-3.18,-0.1075,,0.37,-0.0309,-0.0234,-0.0189,-1.29,8275,14,0.0172,-0.0316,0.0078,0.708,-0.89,-0.0445,,0.43,-0.044,0.0612,0.0425,2.15,False,2.0,90.0,hi,W1,,,,,,,,,,
B,B-rsi2hi90-short-W1-t1s05,B-rsi2hi90-short-W1,t1s05,short,950-1030,,18031,30,-0.0416,-0.099,0.0054,0.321,-3.6,-0.1125,,0.3,-0.0135,-0.0281,-0.0144,-0.97,8275,14,0.0598,-0.0052,0.0085,0.399,0.05,-0.0264,,0.43,-0.0274,0.0872,0.0553,3.53,False,2.0,90.0,hi,W1,,,,,,,,,,
B,B-rsi2hi95-long-W1-t1s1,B-rsi2hi95-long-W1,t1s1,long,950-1030,,13653,30,-0.035,-0.082,0.0084,0.45,-1.71,-0.1034,,0.3,-0.0921,0.0571,0.0511,1.78,6193,14,-0.2133,-0.2761,0.0126,0.382,-5.39,-0.3181,,0.07,-0.0865,-0.1268,-0.0808,-2.8,False,2.0,95.0,hi,W1,,,,,,,,,,
B,B-rsi2hi95-long-W1-t05s1,B-rsi2hi95-long-W1,t05s1,long,950-1030,,13653,30,-0.0448,-0.0864,0.0062,0.656,-2.97,-0.0989,,0.37,-0.0798,0.035,0.0183,0.98,6193,14,-0.1856,-0.2412,0.0098,0.571,-6.52,-0.2687,,0.07,-0.0827,-0.1029,-0.0627,-3.48,False,2.0,95.0,hi,W1,,,,,,,,,,
B,B-rsi2hi95-long-W1-t1s05,B-rsi2hi95-long-W1,t1s05,long,950-1030,,13653,30,-0.0244,-0.0807,0.0063,0.335,-2.48,-0.0948,,0.27,-0.0623,0.0379,0.0301,1.52,6193,14,-0.143,-0.2149,0.009,0.269,-7.15,-0.245,,0.07,-0.0661,-0.0768,-0.0546,-2.57,False,2.0,95.0,hi,W1,,,,,,,,,,
B,B-rsi2hi95-short-W1-t1s1,B-rsi2hi95-short-W1,t1s1,short,950-1030,,13653,30,-0.059,-0.1083,0.0084,0.435,-2.38,-0.13,,0.4,-0.0004,-0.0586,-0.0528,-1.86,6193,14,0.0969,0.0415,0.0126,0.533,0.85,0.0163,0.64,0.5,-0.0228,0.1196,0.075,2.44,False,2.0,95.0,hi,W1,,,,,,,,,,
B,B-rsi2hi95-short-W1-t05s1,B-rsi2hi95-short-W1,t05s1,short,950-1030,,13653,30,-0.0705,-0.114,0.0063,0.637,-3.29,-0.1262,,0.4,-0.0309,-0.0396,-0.0319,-1.63,6193,14,0.0248,-0.0244,0.009,0.713,-0.59,-0.0389,,0.43,-0.044,0.0688,0.0478,2.15,False,2.0,95.0,hi,W1,,,,,,,,,,
B,B-rsi2hi95-short-W1-t1s05,B-rsi2hi95-short-W1,t1s05,short,950-1030,,13653,30,-0.0505,-0.1086,0.0062,0.316,-3.6,-0.1252,,0.33,-0.0135,-0.0369,-0.0203,-1.12,6193,14,0.0679,0.0024,0.0098,0.407,0.09,-0.0232,9.96,0.43,-0.0274,0.0953,0.0582,3.06,False,2.0,95.0,hi,W1,,,,,,,,,,
B,B-rsi2lo20-long-W1-t1s1,B-rsi2lo20-long-W1,t1s1,long,950-1030,,24260,30,-0.112,-0.1605,0.0063,0.409,-3.5,-0.1804,,0.2,-0.0921,-0.0199,-0.0198,-1.06,12694,14,-0.0414,-0.0981,0.0088,0.457,-1.62,-0.124,,0.36,-0.0865,0.045,0.0379,2.33,False,2.0,20.0,lo,W1,,,,,,,,,,
B,B-rsi2lo20-long-W1-t05s1,B-rsi2lo20-long-W1,t05s1,long,950-1030,,24260,30,-0.0751,-0.1172,0.0047,0.634,-3.99,-0.1282,,0.13,-0.0798,0.0047,-0.0018,-0.36,12694,14,-0.0509,-0.1011,0.0065,0.657,-2.48,-0.1183,,0.36,-0.0827,0.0318,0.0314,2.69,False,2.0,20.0,lo,W1,,,,,,,,,,
B,B-rsi2lo20-long-W1-t1s05,B-rsi2lo20-long-W1,t1s05,long,950-1030,,24260,30,-0.0835,-0.1411,0.0046,0.295,-5.26,-0.1548,,0.17,-0.0623,-0.0212,-0.0184,-1.27,12694,14,-0.0332,-0.0994,0.0066,0.335,-2.09,-0.1222,,0.29,-0.0661,0.0329,0.0241,1.87,False,2.0,20.0,lo,W1,,,,,,,,,,
B,B-rsi2lo20-short-W1-t1s1,B-rsi2lo20-short-W1,t1s1,short,950-1030,,24260,30,0.0186,-0.0276,0.0063,0.468,-0.65,-0.0409,,0.43,-0.0004,0.019,0.019,1.03,12694,14,-0.0669,-0.1235,0.0088,0.443,-2.37,-0.1513,,0.29,-0.0228,-0.0441,-0.0365,-2.2,False,2.0,20.0,lo,W1,,,,,,,,,,
B,B-rsi2lo20-short-W1-t05s1,B-rsi2lo20-short-W1,t05s1,short,950-1030,,24260,30,-0.0106,-0.0512,0.0046,0.675,-2.1,-0.0588,,0.37,-0.0309,0.0203,0.0176,1.22,12694,14,-0.0752,-0.1253,0.0066,0.639,-3.09,-0.1419,,0.21,-0.044,-0.0311,-0.0221,-1.65,False,2.0,20.0,lo,W1,,,,,,,,,,
B,B-rsi2lo20-short-W1-t1s05,B-rsi2lo20-short-W1,t1s05,short,950-1030,,24260,30,-0.019,-0.0753,0.0047,0.336,-2.7,-0.0869,,0.27,-0.0135,-0.0055,0.0012,0.32,12694,14,-0.0603,-0.1268,0.0065,0.318,-3.51,-0.1469,,0.21,-0.0274,-0.0329,-0.031,-2.6,False,2.0,20.0,lo,W1,,,,,,,,,,
B,B-rsi2lo10-long-W1-t1s1,B-rsi2lo10-long-W1,t1s1,long,950-1030,,17313,30,-0.1134,-0.1621,0.0074,0.411,-3.17,-0.1792,,0.27,-0.0921,-0.0213,-0.0256,-0.94,9262,14,-0.0263,-0.0827,0.0103,0.463,-1.27,-0.1111,,0.5,-0.0865,0.0602,0.0528,2.36,False,2.0,10.0,lo,W1,,,,,,,,,,
B,B-rsi2lo10-long-W1-t05s1,B-rsi2lo10-long-W1,t05s1,long,950-1030,,17313,30,-0.0825,-0.1251,0.0056,0.631,-3.5,-0.1357,,0.23,-0.0798,-0.0028,-0.0129,-0.66,9262,14,-0.0346,-0.0843,0.0076,0.669,-2.03,-0.102,,0.29,-0.0827,0.0481,0.0454,3.45,False,2.0,10.0,lo,W1,,,,,,,,,,
B,B-rsi2lo10-long-W1-t1s05,B-rsi2lo10-long-W1,t1s05,long,950-1030,,17313,30,-0.0881,-0.1464,0.0054,0.294,-5.07,-0.1545,,0.2,-0.0623,-0.0258,-0.0268,-1.37,9262,14,-0.0194,-0.0858,0.0078,0.344,-1.68,-0.1112,,0.29,-0.0661,0.0467,0.0347,2.37,False,2.0,10.0,lo,W1,,,,,,,,,,
B,B-rsi2lo10-short-W1-t1s1,B-rsi2lo10-short-W1,t1s1,short,950-1030,,17313,30,0.0183,-0.0285,0.0074,0.472,-0.88,-0.0483,,0.43,-0.0004,0.0187,0.0234,0.83,9262,14,-0.0836,-0.1417,0.0103,0.435,-2.56,-0.1769,,0.29,-0.0228,-0.0608,-0.0526,-2.23,False,2.0,10.0,lo,W1,,,,,,,,,,
B,B-rsi2lo10-short-W1-t05s1,B-rsi2lo10-short-W1,t05s1,short,950-1030,,17313,30,-0.0081,-0.0491,0.0054,0.678,-2.26,-0.0587,,0.33,-0.0309,0.0228,0.0242,1.19,9262,14,-0.0908,-0.1423,0.0078,0.63,-3.28,-0.1642,,0.14,-0.044,-0.0467,-0.0341,-2.13,False,2.0,10.0,lo,W1,,,,,,,,,,
B,B-rsi2lo10-short-W1-t1s05,B-rsi2lo10-short-W1,t1s05,short,950-1030,,17313,30,-0.0131,-0.0699,0.0056,0.341,-2.58,-0.0859,,0.3,-0.0135,0.0005,0.011,0.54,9262,14,-0.0783,-0.1469,0.0076,0.306,-3.83,-0.1659,,0.21,-0.0274,-0.0509,-0.0461,-3.26,False,2.0,10.0,lo,W1,,,,,,,,,,
B,B-rsi2lo5-long-W1-t1s1,B-rsi2lo5-long-W1,t1s1,long,950-1030,,12978,30,-0.125,-0.1749,0.0086,0.408,-3.12,-0.1937,,0.3,-0.0921,-0.0329,-0.043,-1.11,6990,14,-0.0133,-0.0701,0.0119,0.474,-1.09,-0.1015,,0.43,-0.0865,0.0732,0.0696,2.65,False,2.0,5.0,lo,W1,,,,,,,,,,
B,B-rsi2lo5-long-W1-t05s1,B-rsi2lo5-long-W1,t05s1,long,950-1030,,12978,30,-0.0904,-0.1337,0.0065,0.628,-3.43,-0.1464,,0.27,-0.0798,-0.0106,-0.026,-1.02,6990,14,-0.0289,-0.0786,0.0087,0.674,-1.7,-0.1003,,0.29,-0.0827,0.0538,0.0527,3.05,False,2.0,5.0,lo,W1,,,,,,,,,,
B,B-rsi2lo5-long-W1-t1s05,B-rsi2lo5-long-W1,t1s05,long,950-1030,,12978,30,-0.0963,-0.1556,0.0062,0.29,-5.09,-0.1635,,0.2,-0.0623,-0.034,-0.0399,-1.57,6990,14,-0.0084,-0.0754,0.009,0.354,-1.43,-0.1026,,0.29,-0.0661,0.0577,0.0468,2.68,False,2.0,5.0,lo,W1,,,,,,,,,,
B,B-rsi2lo5-short-W1-t1s1,B-rsi2lo5-short-W1,t1s1,short,950-1030,,12978,30,0.0279,-0.0197,0.0086,0.482,-0.84,-0.0436,,0.4,-0.0004,0.0283,0.0389,0.92,6990,14,-0.0987,-0.1582,0.0119,0.431,-2.72,-0.1943,,0.29,-0.0228,-0.0759,-0.0711,-2.58,False,2.0,5.0,lo,W1,,,,,,,,,,
B,B-rsi2lo5-short-W1-t05s1,B-rsi2lo5-short-W1,t05s1,short,950-1030,,12978,30,-0.0022,-0.0436,0.0062,0.685,-2.18,-0.0549,,0.33,-0.0309,0.0287,0.0351,1.27,6990,14,-0.1036,-0.1562,0.009,0.624,-3.27,-0.1822,,0.21,-0.044,-0.0595,-0.0476,-2.49,False,2.0,5.0,lo,W1,,,,,,,,,,
B,B-rsi2lo5-short-W1-t1s05,B-rsi2lo5-short-W1,t1s05,short,950-1030,,12978,30,-0.0073,-0.065,0.0066,0.348,-2.52,-0.0854,,0.27,-0.0135,0.0063,0.0222,0.78,6990,14,-0.0866,-0.1568,0.0087,0.302,-3.43,-0.1774,,0.21,-0.0274,-0.0591,-0.0551,-2.93,False,2.0,5.0,lo,W1,,,,,,,,,,
B,B-rsi2hi80-long-W2-t1s1,B-rsi2hi80-long-W2,t1s1,long,1030-1130,,30751,30,-0.0702,-0.1156,0.0053,0.385,-2.95,-0.1414,,0.3,-0.0602,-0.0101,-0.0069,-0.67,14733,14,-0.0825,-0.1381,0.0079,0.395,-2.03,-0.1872,,0.21,-0.0621,-0.0204,-0.0164,-1.41,False,2.0,80.0,hi,W2,,,,,,,,,,
B,B-rsi2hi80-long-W2-t05s1,B-rsi2hi80-long-W2,t05s1,long,1030-1130,,30751,30,-0.079,-0.1201,0.0041,0.611,-4.32,-0.1353,,0.2,-0.0669,-0.0121,-0.0073,-0.86,14733,14,-0.0754,-0.1243,0.006,0.623,-2.95,-0.1538,,0.14,-0.0566,-0.0187,-0.0097,-0.86,False,2.0,80.0,hi,W2,,,,,,,,,,
B,B-rsi2hi80-long-W2-t1s05,B-rsi2hi80-long-W2,t1s05,long,1030-1130,,30751,30,-0.0456,-0.1006,0.0041,0.3,-3.56,-0.1203,,0.27,-0.0443,-0.0012,-0.001,-0.11,14733,14,-0.0587,-0.1259,0.006,0.304,-2.67,-0.1598,,0.21,-0.0371,-0.0216,-0.0134,-1.18,False,2.0,80.0,hi,W2,,,,,,,,,,
B,B-rsi2hi80-short-W2-t1s1,B-rsi2hi80-short-W2,t1s1,short,1030-1130,,30751,30,-0.0225,-0.0681,0.0054,0.404,-1.14,-0.0786,,0.5,-0.0322,0.0097,0.0066,0.64,14733,14,-0.025,-0.0782,0.0078,0.416,-0.95,-0.1062,,0.36,-0.0461,0.0211,0.0172,1.52,False,2.0,80.0,hi,W2,,,,,,,,,,
B,B-rsi2hi80-short-W2-t05s1,B-rsi2hi80-short-W2,t05s1,short,1030-1130,,30751,30,-0.0473,-0.0888,0.0041,0.629,-2.43,-0.0971,,0.37,-0.0481,0.0008,0.0006,0.07,14733,14,-0.049,-0.0968,0.0059,0.642,-1.82,-0.1129,,0.36,-0.0712,0.0222,0.0142,1.26,False,2.0,80.0,hi,W2,,,,,,,,,,
B,B-rsi2hi80-short-W2-t1s05,B-rsi2hi80-short-W2,t1s05,short,1030-1130,,30751,30,-0.0138,-0.0691,0.0041,0.318,-1.83,-0.0778,,0.33,-0.0255,0.0117,0.007,0.82,14733,14,-0.0322,-0.0979,0.006,0.317,-2.05,-0.113,,0.29,-0.052,0.0198,0.0108,1.0,False,2.0,80.0,hi,W2,,,,,,,,,,
B,B-rsi2hi90-long-W2-t1s1,B-rsi2hi90-long-W2,t1s1,long,1030-1130,,21726,30,-0.0511,-0.0963,0.0063,0.39,-3.02,-0.1252,,0.3,-0.0602,0.0091,0.007,0.32,10454,14,-0.0873,-0.143,0.0093,0.39,-2.22,-0.1995,,0.21,-0.0621,-0.0252,-0.0281,-2.02,False,2.0,90.0,hi,W2,,,,,,,,,,
B,B-rsi2hi90-long-W2-t05s1,B-rsi2hi90-long-W2,t05s1,long,1030-1130,,21726,30,-0.0594,-0.1001,0.0048,0.623,-4.25,-0.118,,0.23,-0.0669,0.0075,0.0063,0.27,10454,14,-0.0798,-0.1288,0.0071,0.618,-3.15,-0.1632,,0.21,-0.0566,-0.0232,-0.0196,-1.38,False,2.0,90.0,hi,W2,,,,,,,,,,
B,B-rsi2hi90-long-W2-t1s05,B-rsi2hi90-long-W2,t1s05,long,1030-1130,,21726,30,-0.0349,-0.0904,0.0049,0.306,-3.93,-0.1119,,0.2,-0.0443,0.0094,0.0045,0.46,10454,14,-0.058,-0.1251,0.0071,0.304,-2.9,-0.1627,,0.21,-0.0371,-0.0209,-0.0183,-1.45,False,2.0,90.0,hi,W2,,,,,,,,,,
B,B-rsi2hi90-short-W2-t1s1,B-rsi2hi90-short-W2,t1s1,short,1030-1130,,21726,30,-0.0437,-0.0895,0.0063,0.39,-1.31,-0.0996,,0.43,-0.0322,-0.0115,-0.0092,-0.48,10454,14,-0.0202,-0.0735,0.0093,0.418,-0.73,-0.1011,,0.36,-0.0461,0.0258,0.0288,2.12,False,2.0,90.0,hi,W2,,,,,,,,,,
B,B-rsi2hi90-short-W2-t05s1,B-rsi2hi90-short-W2,t05s1,short,1030-1130,,21726,30,-0.0601,-0.1016,0.0049,0.619,-2.73,-0.1082,,0.33,-0.0481,-0.012,-0.0068,-0.73,10454,14,-0.0497,-0.0976,0.007,0.641,-1.74,-0.1133,,0.43,-0.0712,0.0215,0.0189,1.57,False,2.0,90.0,hi,W2,,,,,,,,,,
B,B-rsi2hi90-short-W2-t1s05,B-rsi2hi90-short-W2,t1s05,short,1030-1130,,21726,30,-0.0355,-0.0921,0.0049,0.305,-2.25,-0.1001,,0.43,-0.0255,-0.01,-0.0086,-0.5,10454,14,-0.0281,-0.0935,0.0072,0.319,-1.77,-0.1129,,0.29,-0.052,0.0239,0.0204,1.45,False,2.0,90.0,hi,W2,,,,,,,,,,
B,B-rsi2hi95-long-W2-t1s1,B-rsi2hi95-long-W2,t1s1,long,1030-1130,,13425,30,-0.0346,-0.0795,0.008,0.392,-2.93,-0.1094,,0.23,-0.0602,0.0256,0.0251,0.75,6290,14,-0.0892,-0.1467,0.0121,0.391,-2.46,-0.2174,,0.21,-0.0621,-0.0271,-0.0366,-2.59,False,2.0,95.0,hi,W2,,,,,,,,,,
B,B-rsi2hi95-long-W2-t05s1,B-rsi2hi95-long-W2,t05s1,long,1030-1130,,13425,30,-0.0446,-0.0849,0.0061,0.631,-4.22,-0.102,,0.2,-0.0669,0.0223,0.0197,0.75,6290,14,-0.074,-0.1241,0.0092,0.625,-3.14,-0.1676,,0.21,-0.0566,-0.0173,-0.0189,-1.0,False,2.0,95.0,hi,W2,,,,,,,,,,
B,B-rsi2hi95-long-W2-t1s05,B-rsi2hi95-long-W2,t1s05,long,1030-1130,,13425,30,-0.0212,-0.0773,0.0062,0.312,-3.72,-0.1011,,0.23,-0.0443,0.0231,0.0182,0.88,6290,14,-0.0564,-0.1253,0.0093,0.307,-2.99,-0.176,,0.21,-0.0371,-0.0193,-0.0224,-1.57,False,2.0,95.0,hi,W2,,,,,,,,,,
B,B-rsi2hi95-short-W2-t1s1,B-rsi2hi95-short-W2,t1s1,short,1030-1130,,13425,30,-0.0627,-0.1093,0.008,0.376,-1.49,-0.1202,,0.37,-0.0322,-0.0306,-0.0299,-0.98,6290,14,-0.0221,-0.0754,0.012,0.421,-0.58,-0.1079,,0.36,-0.0461,0.024,0.0334,2.65,False,2.0,95.0,hi,W2,,,,,,,,,,
B,B-rsi2hi95-short-W2-t05s1,B-rsi2hi95-short-W2,t05s1,short,1030-1130,,13425,30,-0.0764,-0.1186,0.0062,0.607,-2.87,-0.1251,,0.4,-0.0481,-0.0283,-0.0232,-1.26,6290,14,-0.055,-0.1032,0.0091,0.64,-1.56,-0.117,,0.5,-0.0712,0.0162,0.0193,1.47,False,2.0,95.0,hi,W2,,,,,,,,,,
B,B-rsi2hi95-short-W2-t1s05,B-rsi2hi95-short-W2,t1s05,short,1030-1130,,13425,30,-0.0523,-0.1105,0.0062,0.293,-2.66,-0.1189,,0.4,-0.0255,-0.0268,-0.024,-1.05,6290,14,-0.0374,-0.1041,0.0093,0.317,-1.85,-0.1279,,0.29,-0.052,0.0145,0.0161,0.82,False,2.0,95.0,hi,W2,,,,,,,,,,
B,B-rsi2lo20-long-W2-t1s1,B-rsi2lo20-long-W2,t1s1,long,1030-1130,,31745,30,-0.0888,-0.1356,0.0053,0.378,-2.68,-0.1518,,0.3,-0.0602,-0.0286,-0.0095,-1.21,14766,14,-0.0686,-0.1245,0.0079,0.402,-1.68,-0.1526,,0.43,-0.0621,-0.0065,-0.0026,-0.23,False,2.0,20.0,lo,W2,,,,,,,,,,
B,B-rsi2lo20-long-W2-t05s1,B-rsi2lo20-long-W2,t05s1,long,1030-1130,,31745,30,-0.0923,-0.1347,0.0041,0.601,-4.28,-0.1445,,0.2,-0.0669,-0.0254,-0.012,-1.62,14766,14,-0.0642,-0.1139,0.006,0.634,-2.27,-0.1272,,0.43,-0.0566,-0.0076,0.0005,0.01,False,2.0,20.0,lo,W2,,,,,,,,,,
B,B-rsi2lo20-long-W2-t1s05,B-rsi2lo20-long-W2,t1s05,long,1030-1130,,31745,30,-0.0729,-0.1301,0.004,0.286,-3.77,-0.1433,,0.23,-0.0443,-0.0286,-0.0103,-1.33,14766,14,-0.0406,-0.1075,0.006,0.315,-2.2,-0.1306,,0.36,-0.0371,-0.0035,-0.0037,-0.3,False,2.0,20.0,lo,W2,,,,,,,,,,
B,B-rsi2lo20-short-W2-t1s1,B-rsi2lo20-short-W2,t1s1,short,1030-1130,,31745,30,-0.0038,-0.0489,0.0052,0.412,-1.25,-0.066,,0.43,-0.0322,0.0284,0.0092,1.18,14766,14,-0.04,-0.0942,0.0078,0.413,-1.5,-0.1314,,0.36,-0.0461,0.0061,0.0022,0.19,False,2.0,20.0,lo,W2,,,,,,,,,,
B,B-rsi2lo20-short-W2-t05s1,B-rsi2lo20-short-W2,t05s1,short,1030-1130,,31745,30,-0.0198,-0.0602,0.0039,0.65,-2.13,-0.0702,,0.37,-0.0481,0.0283,0.0101,1.31,14766,14,-0.0683,-0.1173,0.006,0.627,-2.7,-0.1376,,0.29,-0.0712,0.0029,0.0031,0.25,False,2.0,20.0,lo,W2,,,,,,,,,,
B,B-rsi2lo20-short-W2-t1s05,B-rsi2lo20-short-W2,t1s05,short,1030-1130,,31745,30,-0.0005,-0.0555,0.0041,0.327,-2.05,-0.0667,,0.37,-0.0255,0.0249,0.0116,1.59,14766,14,-0.0449,-0.1111,0.006,0.314,-2.49,-0.1423,,0.21,-0.052,0.0071,-0.0009,-0.05,False,2.0,20.0,lo,W2,,,,,,,,,,
B,B-rsi2lo10-long-W2-t1s1,B-rsi2lo10-long-W2,t1s1,long,1030-1130,,23226,30,-0.0781,-0.1247,0.0061,0.377,-2.54,-0.1477,,0.23,-0.0602,-0.0179,-0.0034,-0.81,10733,14,-0.0601,-0.116,0.0092,0.401,-1.35,-0.1398,,0.43,-0.0621,0.002,0.0062,0.33,False,2.0,10.0,lo,W2,,,,,,,,,,
B,B-rsi2lo10-long-W2-t05s1,B-rsi2lo10-long-W2,t05s1,long,1030-1130,,23226,30,-0.0843,-0.1268,0.0047,0.604,-4.09,-0.1375,,0.23,-0.0669,-0.0174,-0.0071,-1.17,10733,14,-0.0617,-0.1116,0.007,0.635,-2.13,-0.1282,,0.43,-0.0566,-0.005,0.0026,0.12,False,2.0,10.0,lo,W2,,,,,,,,,,
B,B-rsi2lo10-long-W2-t1s05,B-rsi2lo10-long-W2,t1s05,long,1030-1130,,23226,30,-0.0701,-0.1279,0.0046,0.285,-3.59,-0.1405,,0.17,-0.0443,-0.0258,-0.0098,-1.16,10733,14,-0.0445,-0.1122,0.007,0.309,-2.07,-0.1282,,0.43,-0.0371,-0.0074,-0.0052,-0.29,False,2.0,10.0,lo,W2,,,,,,,,,,
B,B-rsi2lo10-short-W2-t1s1,B-rsi2lo10-short-W2,t1s1,short,1030-1130,,23226,30,-0.0155,-0.0608,0.0061,0.4,-1.61,-0.0763,,0.37,-0.0322,0.0167,0.0022,0.71,10733,14,-0.0519,-0.1073,0.0092,0.401,-1.69,-0.1539,,0.36,-0.0461,-0.0059,-0.0102,-0.57,False,2.0,10.0,lo,W2,,,,,,,,,,
B,B-rsi2lo10-short-W2-t05s1,B-rsi2lo10-short-W2,t05s1,short,1030-1130,,23226,30,-0.0235,-0.064,0.0046,0.643,-2.37,-0.0734,,0.37,-0.0481,0.0246,0.0085,1.05,10733,14,-0.0675,-0.1174,0.007,0.626,-2.79,-0.142,,0.29,-0.0712,0.0037,0.0015,0.02,False,2.0,10.0,lo,W2,,,,,,,,,,
B,B-rsi2lo10-short-W2-t1s05,B-rsi2lo10-short-W2,t1s05,short,1030-1130,,23226,30,-0.009,-0.0645,0.0047,0.318,-2.45,-0.0755,,0.27,-0.0255,0.0164,0.0061,1.07,10733,14,-0.0507,-0.1185,0.0071,0.308,-2.77,-0.1507,,0.29,-0.052,0.0012,-0.0065,-0.42,False,2.0,10.0,lo,W2,,,,,,,,,,
B,B-rsi2lo5-long-W2-t1s1,B-rsi2lo5-long-W2,t1s1,long,1030-1130,,14696,30,-0.0689,-0.1159,0.0077,0.379,-2.51,-0.1401,,0.27,-0.0602,-0.0087,0.0044,-0.66,6835,14,-0.0418,-0.098,0.0115,0.411,-1.05,-0.1241,,0.5,-0.0621,0.0203,0.027,1.0,False,2.0,5.0,lo,W2,,,,,,,,,,
B,B-rsi2lo5-long-W2-t05s1,B-rsi2lo5-long-W2,t05s1,long,1030-1130,,14696,30,-0.0741,-0.1166,0.0059,0.611,-4.0,-0.1291,,0.2,-0.0669,-0.0071,0.0014,-0.77,6835,14,-0.0442,-0.0944,0.0087,0.648,-1.72,-0.1132,,0.36,-0.0566,0.0124,0.0207,0.97,False,2.0,5.0,lo,W2,,,,,,,,,,
B,B-rsi2lo5-long-W2-t1s05,B-rsi2lo5-long-W2,t1s05,long,1030-1130,,14696,30,-0.0627,-0.1209,0.0058,0.288,-3.61,-0.1339,,0.2,-0.0443,-0.0184,-0.0026,-0.89,6835,14,-0.0401,-0.1088,0.0089,0.313,-2.07,-0.1287,,0.36,-0.0371,-0.003,0.0033,0.1,False,2.0,5.0,lo,W2,,,,,,,,,,
B,B-rsi2lo5-short-W2-t1s1,B-rsi2lo5-short-W2,t1s1,short,1030-1130,,14696,30,-0.0268,-0.0728,0.0076,0.392,-1.89,-0.0865,,0.33,-0.0322,0.0054,-0.0078,0.48,6835,14,-0.073,-0.1292,0.0115,0.389,-2.1,-0.1841,,0.36,-0.0461,-0.0269,-0.0337,-1.32,False,2.0,5.0,lo,W2,,,,,,,,,,
B,B-rsi2lo5-short-W2-t05s1,B-rsi2lo5-short-W2,t05s1,short,1030-1130,,14696,30,-0.0332,-0.0745,0.0058,0.635,-2.99,-0.0837,,0.3,-0.0481,0.0149,-0.0009,0.64,6835,14,-0.0745,-0.1249,0.0088,0.623,-3.3,-0.1545,,0.21,-0.0712,-0.0033,-0.0096,-0.38,False,2.0,5.0,lo,W2,,,,,,,,,,
B,B-rsi2lo5-short-W2-t1s05,B-rsi2lo5-short-W2,t1s05,short,1030-1130,,14696,30,-0.0213,-0.0778,0.0059,0.31,-3.04,-0.0878,,0.27,-0.0255,0.0042,-0.0044,0.54,6835,14,-0.0698,-0.1392,0.0088,0.296,-3.32,-0.173,,0.21,-0.052,-0.0179,-0.0263,-1.34,False,2.0,5.0,lo,W2,,,,,,,,,,
B,B-rsi2hi80-long-W3-t1s1,B-rsi2hi80-long-W3,t1s1,long,1130-1300,,35004,30,-0.0476,-0.0892,0.0046,0.317,-2.11,-0.1096,,0.27,-0.0577,0.0101,0.0051,0.56,16226,14,-0.1202,-0.1727,0.0069,0.303,-3.4,-0.1996,,0.21,-0.1183,-0.0019,-0.0079,-0.86,False,2.0,80.0,hi,W3,,,,,,,,,,
B,B-rsi2hi80-long-W3-t05s1,B-rsi2hi80-long-W3,t05s1,long,1130-1300,,35004,30,-0.049,-0.0878,0.0036,0.586,-3.08,-0.0991,,0.23,-0.0598,0.0108,0.0064,0.83,16226,14,-0.0939,-0.1418,0.0055,0.568,-3.82,-0.1625,,0.07,-0.0851,-0.0088,-0.0059,-0.71,False,2.0,80.0,hi,W3,,,,,,,,,,
B,B-rsi2hi80-long-W3-t1s05,B-rsi2hi80-long-W3,t1s05,long,1130-1300,,35004,30,-0.0309,-0.0847,0.0037,0.268,-2.7,-0.0997,,0.2,-0.0518,0.0209,0.0084,0.87,16226,14,-0.1064,-0.1738,0.0054,0.243,-4.81,-0.1978,,0.07,-0.0954,-0.011,-0.0187,-2.85,False,2.0,80.0,hi,W3,,,,,,,,,,
B,B-rsi2hi80-short-W3-t1s1,B-rsi2hi80-short-W3,t1s1,short,1130-1300,,35004,30,-0.0447,-0.0865,0.0046,0.311,-1.95,-0.1027,,0.33,-0.0348,-0.0099,-0.0049,-0.54,16226,14,0.0127,-0.0364,0.0069,0.355,-0.62,-0.063,,0.36,0.0103,0.0024,0.0084,0.91,False,2.0,80.0,hi,W3,,,,,,,,,,
B,B-rsi2hi80-short-W3-t05s1,B-rsi2hi80-short-W3,t05s1,short,1130-1300,,35004,30,-0.0614,-0.1005,0.0037,0.571,-3.13,-0.1109,,0.27,-0.0407,-0.0207,-0.0083,-0.85,16226,14,-0.0011,-0.0462,0.0053,0.642,-1.17,-0.0614,,0.43,-0.0126,0.0115,0.0192,2.94,False,2.0,80.0,hi,W3,,,,,,,,,,
B,B-rsi2hi80-short-W3-t1s05,B-rsi2hi80-short-W3,t1s05,short,1130-1300,,35004,30,-0.0434,-0.0973,0.0037,0.256,-3.33,-0.1074,,0.27,-0.0326,-0.0109,-0.0064,-0.83,16226,14,-0.0137,-0.077,0.0056,0.288,-1.95,-0.0947,,0.21,-0.023,0.0093,0.0063,0.77,False,2.0,80.0,hi,W3,,,,,,,,,,
B,B-rsi2hi90-long-W3-t1s1,B-rsi2hi90-long-W3,t1s1,long,1130-1300,,28679,30,-0.053,-0.0945,0.005,0.303,-2.37,-0.1148,,0.33,-0.0577,0.0046,0.0009,0.25,13159,14,-0.1206,-0.172,0.0076,0.295,-3.98,-0.1907,,0.14,-0.1183,-0.0023,-0.0068,-0.41,False,2.0,90.0,hi,W3,,,,,,,,,,
B,B-rsi2hi90-long-W3-t05s1,B-rsi2hi90-long-W3,t05s1,long,1130-1300,,28679,30,-0.0584,-0.0973,0.004,0.571,-3.45,-0.1091,,0.27,-0.0598,0.0014,-0.0015,0.03,13159,14,-0.0948,-0.1418,0.0061,0.562,-4.4,-0.1594,,0.07,-0.0851,-0.0097,-0.0077,-0.57,False,2.0,90.0,hi,W3,,,,,,,,,,
B,B-rsi2hi90-long-W3-t1s05,B-rsi2hi90-long-W3,t1s05,long,1130-1300,,28679,30,-0.0403,-0.094,0.004,0.258,-3.07,-0.1083,,0.23,-0.0518,0.0115,0.0033,0.45,13159,14,-0.1099,-0.1758,0.0059,0.237,-6.01,-0.1929,,0.07,-0.0954,-0.0145,-0.0189,-1.96,False,2.0,90.0,hi,W3,,,,,,,,,,
B,B-rsi2hi90-short-W3-t1s1,B-rsi2hi90-short-W3,t1s1,short,1130-1300,,28679,30,-0.0393,-0.0802,0.005,0.302,-1.71,-0.0987,,0.37,-0.0348,-0.0045,-0.0007,-0.24,13159,14,0.0146,-0.0337,0.0076,0.346,-0.56,-0.0585,,0.5,0.0103,0.0043,0.0087,0.57,False,2.0,90.0,hi,W3,,,,,,,,,,
B,B-rsi2hi90-short-W3-t05s1,B-rsi2hi90-short-W3,t05s1,short,1130-1300,,28679,30,-0.0521,-0.0905,0.004,0.573,-2.7,-0.1017,,0.33,-0.0407,-0.0114,-0.0032,-0.45,13159,14,0.0039,-0.0407,0.0059,0.64,-1.14,-0.0549,,0.36,-0.0126,0.0166,0.0209,2.19,False,2.0,90.0,hi,W3,,,,,,,,,,
B,B-rsi2hi90-short-W3-t1s05,B-rsi2hi90-short-W3,t1s05,short,1130-1300,,28679,30,-0.0341,-0.0873,0.004,0.253,-2.78,-0.1008,,0.3,-0.0326,-0.0016,0.0014,-0.05,13159,14,-0.0111,-0.0731,0.0062,0.281,-1.93,-0.0901,,0.29,-0.023,0.0119,0.0099,0.76,False,2.0,90.0,hi,W3,,,,,,,,,,
B,B-rsi2hi95-long-W3-t1s1,B-rsi2hi95-long-W3,t1s1,long,1130-1300,,19381,30,-0.0657,-0.1067,0.006,0.291,-2.83,-0.1297,,0.3,-0.0577,-0.008,-0.0076,-0.33,8775,14,-0.1293,-0.1813,0.0093,0.292,-4.29,-0.2021,,0.07,-0.1183,-0.011,-0.0129,-0.58,False,2.0,95.0,hi,W3,,,,,,,,,,
B,B-rsi2hi95-long-W3-t05s1,B-rsi2hi95-long-W3,t05s1,long,1130-1300,,19381,30,-0.0671,-0.1058,0.0049,0.563,-3.87,-0.1199,,0.27,-0.0598,-0.0073,-0.0076,-0.41,8775,14,-0.0963,-0.1438,0.0075,0.558,-4.85,-0.1614,,0.07,-0.0851,-0.0113,-0.0085,-0.55,False,2.0,95.0,hi,W3,,,,,,,,,,
B,B-rsi2hi95-long-W3-t1s05,B-rsi2hi95-long-W3,t1s05,long,1130-1300,,19381,30,-0.0558,-0.1098,0.0049,0.247,-3.73,-0.1249,,0.27,-0.0518,-0.004,-0.0065,-0.22,8775,14,-0.1137,-0.1799,0.0072,0.235,-6.5,-0.1959,,0.0,-0.0954,-0.0183,-0.0205,-1.25,False,2.0,95.0,hi,W3,,,,,,,,,,
B,B-rsi2hi95-short-W3-t1s1,B-rsi2hi95-short-W3,t1s1,short,1130-1300,,19381,30,-0.0273,-0.0676,0.006,0.302,-1.38,-0.0874,,0.4,-0.0348,0.0076,0.0072,0.29,8775,14,0.0218,-0.0265,0.0092,0.346,-0.36,-0.0519,,0.43,0.0103,0.0115,0.0133,0.58,False,2.0,95.0,hi,W3,,,,,,,,,,
B,B-rsi2hi95-short-W3-t05s1,B-rsi2hi95-short-W3,t05s1,short,1130-1300,,19381,30,-0.0371,-0.0748,0.0048,0.584,-2.25,-0.0867,,0.43,-0.0407,0.0036,0.0061,0.18,8775,14,0.006,-0.0391,0.0072,0.64,-1.06,-0.0515,,0.29,-0.0126,0.0187,0.0209,1.22,False,2.0,95.0,hi,W3,,,,,,,,,,
B,B-rsi2hi95-short-W3-t1s05,B-rsi2hi95-short-W3,t1s05,short,1130-1300,,19381,30,-0.0262,-0.0789,0.0049,0.254,-2.42,-0.0942,,0.3,-0.0326,0.0063,0.0067,0.31,8775,14,-0.0115,-0.0737,0.0075,0.277,-1.98,-0.0907,,0.21,-0.023,0.0115,0.0086,0.54,False,2.0,95.0,hi,W3,,,,,,,,,,
B,B-rsi2lo20-long-W3-t1s1,B-rsi2lo20-long-W3,t1s1,long,1130-1300,,34597,30,-0.0569,-0.099,0.0046,0.309,-2.05,-0.1173,,0.33,-0.0577,0.0007,0.0008,0.11,16102,14,-0.1071,-0.1594,0.0069,0.31,-2.6,-0.1774,,0.29,-0.1183,0.0112,0.0185,2.63,False,2.0,20.0,lo,W3,,,,,,,,,,
B,B-rsi2lo20-long-W3-t05s1,B-rsi2lo20-long-W3,t05s1,long,1130-1300,,34597,30,-0.0561,-0.0954,0.0037,0.582,-2.86,-0.1068,,0.3,-0.0598,0.0037,0.0032,0.53,16102,14,-0.0881,-0.1362,0.0056,0.579,-2.51,-0.152,,0.21,-0.0851,-0.003,0.0104,1.5,False,2.0,20.0,lo,W3,,,,,,,,,,
B,B-rsi2lo20-long-W3-t1s05,B-rsi2lo20-long-W3,t1s05,long,1130-1300,,34597,30,-0.0495,-0.1038,0.0037,0.253,-2.7,-0.1191,,0.2,-0.0518,0.0023,-0.0034,-0.39,16102,14,-0.0709,-0.1365,0.0055,0.257,-3.18,-0.1516,,0.14,-0.0954,0.0245,0.023,2.96,False,2.0,20.0,lo,W3,,,,,,,,,,
B,B-rsi2lo20-short-W3-t1s1,B-rsi2lo20-short-W3,t1s1,short,1130-1300,,34597,30,-0.0359,-0.0776,0.0046,0.317,-1.87,-0.09,,0.4,-0.0348,-0.001,-0.001,-0.15,16102,14,-0.0014,-0.0513,0.0069,0.352,-0.97,-0.0867,,0.29,0.0103,-0.0117,-0.0189,-2.66,False,2.0,20.0,lo,W3,,,,,,,,,,
B,B-rsi2lo20-short-W3-t05s1,B-rsi2lo20-short-W3,t05s1,short,1130-1300,,34597,30,-0.0431,-0.0818,0.0036,0.581,-2.46,-0.0922,,0.37,-0.0407,-0.0024,0.0033,0.37,16102,14,-0.0374,-0.0839,0.0054,0.607,-2.15,-0.108,,0.21,-0.0126,-0.0248,-0.0233,-2.93,False,2.0,20.0,lo,W3,,,,,,,,,,
B,B-rsi2lo20-short-W3-t1s05,B-rsi2lo20-short-W3,t1s05,short,1130-1300,,34597,30,-0.0366,-0.0905,0.0037,0.263,-3.05,-0.102,,0.33,-0.0326,-0.0041,-0.0035,-0.56,16102,14,-0.0205,-0.0844,0.0056,0.29,-1.74,-0.1161,,0.21,-0.023,0.0025,-0.0109,-1.58,False,2.0,20.0,lo,W3,,,,,,,,,,
B,B-rsi2lo10-long-W3-t1s1,B-rsi2lo10-long-W3,t1s1,long,1130-1300,,27649,30,-0.0511,-0.0929,0.0051,0.304,-1.83,-0.1073,,0.37,-0.0577,0.0065,0.0083,0.53,12744,14,-0.1202,-0.1727,0.0077,0.293,-2.93,-0.1901,,0.29,-0.1183,-0.0019,0.0123,1.49,False,2.0,10.0,lo,W3,,,,,,,,,,
B,B-rsi2lo10-long-W3-t05s1,B-rsi2lo10-long-W3,t05s1,long,1130-1300,,27649,30,-0.0555,-0.0948,0.0041,0.577,-2.64,-0.1043,,0.33,-0.0598,0.0043,0.0064,0.53,12744,14,-0.095,-0.1438,0.0063,0.569,-2.65,-0.1571,,0.29,-0.0851,-0.0099,0.008,1.48,False,2.0,10.0,lo,W3,,,,,,,,,,
B,B-rsi2lo10-long-W3-t1s05,B-rsi2lo10-long-W3,t1s05,long,1130-1300,,27649,30,-0.0477,-0.1019,0.0041,0.247,-2.6,-0.1145,,0.23,-0.0518,0.0041,0.0032,0.27,12744,14,-0.0864,-0.1525,0.0061,0.24,-3.69,-0.1671,,0.14,-0.0954,0.009,0.0146,1.92,False,2.0,10.0,lo,W3,,,,,,,,,,
B,B-rsi2lo10-short-W3-t1s1,B-rsi2lo10-short-W3,t1s1,short,1130-1300,,27649,30,-0.0429,-0.085,0.0051,0.308,-2.23,-0.099,,0.37,-0.0348,-0.0081,-0.0097,-0.67,12744,14,0.0119,-0.0371,0.0077,0.347,-1.0,-0.0705,,0.36,0.0103,0.0016,-0.0126,-1.46,False,2.0,10.0,lo,W3,,,,,,,,,,
B,B-rsi2lo10-short-W3-t05s1,B-rsi2lo10-short-W3,t05s1,short,1130-1300,,27649,30,-0.0462,-0.0851,0.004,0.573,-2.89,-0.0949,,0.37,-0.0407,-0.0055,-0.0046,-0.42,12744,14,-0.0218,-0.0672,0.006,0.61,-2.12,-0.0922,,0.21,-0.0126,-0.0092,-0.0148,-1.85,False,2.0,10.0,lo,W3,,,,,,,,,,
B,B-rsi2lo10-short-W3-t1s05,B-rsi2lo10-short-W3,t1s05,short,1130-1300,,27649,30,-0.0383,-0.0926,0.0041,0.26,-3.29,-0.1038,,0.27,-0.0326,-0.0058,-0.0077,-0.68,12744,14,-0.0138,-0.0766,0.0063,0.289,-2.0,-0.1081,,0.21,-0.023,0.0092,-0.0087,-1.5,False,2.0,10.0,lo,W3,,,,,,,,,,
B,B-rsi2lo5-long-W3-t1s1,B-rsi2lo5-long-W3,t1s1,long,1130-1300,,18545,30,-0.0464,-0.0889,0.0063,0.313,-1.6,-0.1028,,0.37,-0.0577,0.0112,0.0121,0.5,8446,14,-0.1467,-0.2003,0.0095,0.284,-3.34,-0.2209,,0.29,-0.1183,-0.0284,-0.0056,-0.28,False,2.0,5.0,lo,W3,,,,,,,,,,
B,B-rsi2lo5-long-W3-t05s1,B-rsi2lo5-long-W3,t05s1,long,1130-1300,,18545,30,-0.056,-0.096,0.005,0.58,-2.53,-0.1037,,0.33,-0.0598,0.0038,0.0064,0.33,8446,14,-0.1088,-0.1585,0.0078,0.564,-2.94,-0.173,,0.14,-0.0851,-0.0237,0.0009,0.44,False,2.0,5.0,lo,W3,,,,,,,,,,
B,B-rsi2lo5-long-W3-t1s05,B-rsi2lo5-long-W3,t1s05,long,1130-1300,,18545,30,-0.041,-0.096,0.005,0.255,-2.29,-0.1076,,0.33,-0.0518,0.0108,0.01,0.8,8446,14,-0.1018,-0.1689,0.0074,0.232,-4.0,-0.1806,,0.14,-0.0954,-0.0064,0.006,1.04,False,2.0,5.0,lo,W3,,,,,,,,,,
B,B-rsi2lo5-short-W3-t1s1,B-rsi2lo5-short-W3,t1s1,short,1130-1300,,18545,30,-0.0502,-0.0933,0.0063,0.311,-2.45,-0.1071,,0.3,-0.0348,-0.0153,-0.016,-0.78,8446,14,0.0372,-0.0108,0.0094,0.36,-0.83,-0.046,,0.43,0.0103,0.0269,0.0041,0.12,False,2.0,5.0,lo,W3,,,,,,,,,,
B,B-rsi2lo5-short-W3-t05s1,B-rsi2lo5-short-W3,t05s1,short,1130-1300,,18545,30,-0.0556,-0.0955,0.005,0.572,-3.4,-0.1045,,0.3,-0.0407,-0.0149,-0.0139,-1.15,8446,14,-0.0079,-0.0525,0.0073,0.618,-2.09,-0.08,,0.29,-0.0126,0.0048,-0.0076,-1.14,False,2.0,5.0,lo,W3,,,,,,,,,,
B,B-rsi2lo5-short-W3-t1s05,B-rsi2lo5-short-W3,t1s05,short,1130-1300,,18545,30,-0.0402,-0.0956,0.0051,0.261,-3.55,-0.1083,,0.23,-0.0326,-0.0077,-0.0101,-0.64,8446,14,-0.0013,-0.0642,0.0078,0.299,-2.24,-0.0986,,0.29,-0.023,0.0217,-0.0028,-0.63,False,2.0,5.0,lo,W3,,,,,,,,,,
B,B-rsi2hi80-long-W4-t1s1,B-rsi2hi80-long-W4,t1s1,long,1300-1430,,34936,30,-0.0598,-0.0972,0.004,0.216,-2.79,-0.1128,,0.33,-0.0415,-0.0183,-0.0141,-1.89,16236,14,-0.1552,-0.2034,0.0061,0.199,-5.1,-0.2214,,0.14,-0.1362,-0.0191,-0.0227,-4.06,False,2.0,80.0,hi,W4,,,,,,,,,,
B,B-rsi2hi80-long-W4-t05s1,B-rsi2hi80-long-W4,t05s1,long,1300-1430,,34936,30,-0.0702,-0.1063,0.0033,0.488,-4.08,-0.1162,,0.3,-0.047,-0.0232,-0.014,-2.47,16236,14,-0.1253,-0.171,0.0052,0.476,-5.34,-0.186,,0.07,-0.1115,-0.0138,-0.0201,-3.5,False,2.0,80.0,hi,W4,,,,,,,,,,
B,B-rsi2hi80-long-W4-t1s05,B-rsi2hi80-long-W4,t1s05,long,1300-1430,,34936,30,-0.0527,-0.1035,0.0034,0.193,-3.51,-0.118,,0.23,-0.039,-0.0138,-0.0113,-1.6,16236,14,-0.1204,-0.1848,0.005,0.176,-6.97,-0.197,,0.0,-0.1098,-0.0105,-0.0194,-2.91,False,2.0,80.0,hi,W4,,,,,,,,,,
B,B-rsi2hi80-short-W4-t1s1,B-rsi2hi80-short-W4,t1s1,short,1300-1430,,34936,30,-0.0329,-0.0707,0.004,0.221,-1.87,-0.0829,,0.37,-0.0509,0.018,0.0139,1.88,16236,14,0.0475,0.0039,0.006,0.269,0.15,-0.0083,2.97,0.57,0.0283,0.0192,0.0228,4.03,False,2.0,80.0,hi,W4,,,,,,,,,,
B,B-rsi2hi80-short-W4-t05s1,B-rsi2hi80-short-W4,t05s1,short,1300-1430,,34936,30,-0.0399,-0.0762,0.0033,0.512,-2.46,-0.0849,,0.33,-0.0536,0.0136,0.0111,1.59,16236,14,0.0127,-0.0292,0.0048,0.576,-1.08,-0.0387,,0.43,0.0019,0.0108,0.0197,2.96,False,2.0,80.0,hi,W4,,,,,,,,,,
B,B-rsi2hi80-short-W4-t1s05,B-rsi2hi80-short-W4,t1s05,short,1300-1430,,34936,30,-0.0224,-0.073,0.0034,0.198,-2.61,-0.0815,,0.33,-0.0453,0.0229,0.0138,2.46,16236,14,0.0177,-0.0409,0.0052,0.236,-1.21,-0.0535,,0.36,0.0035,0.0142,0.0205,3.5,False,2.0,80.0,hi,W4,,,,,,,,,,
B,B-rsi2hi90-long-W4-t1s1,B-rsi2hi90-long-W4,t1s1,long,1300-1430,,28286,30,-0.0534,-0.0904,0.0044,0.21,-2.93,-0.1077,,0.27,-0.0415,-0.0119,-0.0153,-1.39,13177,14,-0.1607,-0.2088,0.0067,0.192,-5.41,-0.2257,,0.0,-0.1362,-0.0245,-0.0205,-2.49,False,2.0,90.0,hi,W4,,,,,,,,,,
B,B-rsi2hi90-long-W4-t05s1,B-rsi2hi90-long-W4,t05s1,long,1300-1430,,28286,30,-0.0632,-0.0989,0.0037,0.483,-4.03,-0.1097,,0.23,-0.047,-0.0161,-0.0138,-1.8,13177,14,-0.1356,-0.1815,0.0057,0.458,-5.68,-0.1975,,0.07,-0.1115,-0.0241,-0.0222,-2.73,False,2.0,90.0,hi,W4,,,,,,,,,,
B,B-rsi2hi90-long-W4-t1s05,B-rsi2hi90-long-W4,t1s05,long,1300-1430,,28286,30,-0.0448,-0.0953,0.0037,0.189,-3.55,-0.1117,,0.2,-0.039,-0.0059,-0.0097,-0.96,13177,14,-0.1261,-0.1903,0.0054,0.17,-7.56,-0.2028,,0.0,-0.1098,-0.0163,-0.0186,-2.63,False,2.0,90.0,hi,W4,,,,,,,,,,
B,B-rsi2hi90-short-W4-t1s1,B-rsi2hi90-short-W4,t1s1,short,1300-1430,,28286,30,-0.0407,-0.0781,0.0044,0.21,-1.87,-0.0913,,0.37,-0.0509,0.0102,0.0136,1.24,13177,14,0.0536,0.0106,0.0066,0.262,0.38,-0.0044,1.38,0.57,0.0283,0.0253,0.0212,2.6,False,2.0,90.0,hi,W4,,,,,,,,,,
B,B-rsi2hi90-short-W4-t05s1,B-rsi2hi90-short-W4,t05s1,short,1300-1430,,28286,30,-0.0495,-0.0855,0.0037,0.495,-2.58,-0.0958,,0.37,-0.0536,0.0041,0.0078,0.77,13177,14,0.0188,-0.0226,0.0053,0.572,-0.83,-0.0317,,0.57,0.0019,0.0169,0.0192,2.61,False,2.0,90.0,hi,W4,,,,,,,,,,
B,B-rsi2hi90-short-W4-t1s05,B-rsi2hi90-short-W4,t1s05,short,1300-1430,,28286,30,-0.0307,-0.0815,0.0037,0.188,-2.67,-0.0928,,0.27,-0.0453,0.0146,0.0123,1.62,13177,14,0.0285,-0.029,0.0058,0.231,-0.76,-0.0414,,0.57,0.0035,0.025,0.023,2.84,False,2.0,90.0,hi,W4,,,,,,,,,,
B,B-rsi2hi95-long-W4-t1s1,B-rsi2hi95-long-W4,t1s1,long,1300-1430,,19168,30,-0.0458,-0.0827,0.0053,0.213,-3.08,-0.104,,0.23,-0.0415,-0.0043,-0.0135,-1.08,8978,14,-0.1726,-0.2212,0.0081,0.186,-5.68,-0.2388,,0.0,-0.1362,-0.0364,-0.0244,-1.79,False,2.0,95.0,hi,W4,,,,,,,,,,
B,B-rsi2hi95-long-W4-t05s1,B-rsi2hi95-long-W4,t05s1,long,1300-1430,,19168,30,-0.0552,-0.0907,0.0044,0.489,-4.02,-0.1047,,0.17,-0.047,-0.0082,-0.0104,-1.17,8978,14,-0.1449,-0.1914,0.007,0.45,-6.01,-0.2055,,0.0,-0.1115,-0.0334,-0.0235,-1.71,False,2.0,95.0,hi,W4,,,,,,,,,,
B,B-rsi2hi95-long-W4-t1s05,B-rsi2hi95-long-W4,t1s05,long,1300-1430,,19168,30,-0.0413,-0.092,0.0045,0.19,-3.82,-0.1112,,0.17,-0.039,-0.0024,-0.0118,-1.01,8978,14,-0.1286,-0.193,0.0066,0.168,-7.28,-0.2079,,0.0,-0.1098,-0.0187,-0.0136,-1.5,False,2.0,95.0,hi,W4,,,,,,,,,,
B,B-rsi2hi95-short-W4-t1s1,B-rsi2hi95-short-W4,t1s1,short,1300-1430,,19168,30,-0.0506,-0.0882,0.0054,0.2,-1.82,-0.1018,,0.37,-0.0509,0.0003,0.0095,0.79,8978,14,0.0648,0.0219,0.008,0.264,0.63,0.0063,0.74,0.57,0.0283,0.0365,0.0243,1.93,False,2.0,95.0,hi,W4,,,,,,,,,,
B,B-rsi2hi95-short-W4-t05s1,B-rsi2hi95-short-W4,t05s1,short,1300-1430,,19168,30,-0.0555,-0.0917,0.0045,0.488,-2.48,-0.1026,,0.3,-0.0536,-0.0019,0.0074,0.67,8978,14,0.0207,-0.0208,0.0064,0.572,-0.74,-0.0301,,0.57,0.0019,0.0188,0.0135,1.48,False,2.0,95.0,hi,W4,,,,,,,,,,
B,B-rsi2hi95-short-W4-t1s05,B-rsi2hi95-short-W4,t1s05,short,1300-1430,,19168,30,-0.041,-0.0926,0.0045,0.177,-2.72,-0.1042,,0.23,-0.0453,0.0043,0.0065,0.79,8978,14,0.037,-0.0202,0.007,0.235,-0.53,-0.033,,0.43,0.0035,0.0335,0.0234,1.84,False,2.0,95.0,hi,W4,,,,,,,,,,
B,B-rsi2lo20-long-W4-t1s1,B-rsi2lo20-long-W4,t1s1,long,1300-1430,,34700,30,-0.038,-0.0746,0.004,0.222,-2.02,-0.0879,,0.37,-0.0415,0.0036,0.007,0.62,16289,14,-0.1184,-0.1661,0.0061,0.214,-3.66,-0.1859,,0.21,-0.1362,0.0178,0.0122,2.06,False,2.0,20.0,lo,W4,,,,,,,,,,
B,B-rsi2lo20-long-W4-t05s1,B-rsi2lo20-long-W4,t05s1,long,1300-1430,,34700,30,-0.0429,-0.0782,0.0033,0.505,-2.86,-0.0876,,0.3,-0.047,0.0041,0.0068,0.71,16289,14,-0.0948,-0.1403,0.0052,0.5,-3.7,-0.1553,,0.21,-0.1115,0.0167,0.0064,1.08,False,2.0,20.0,lo,W4,,,,,,,,,,
B,B-rsi2lo20-long-W4-t1s05,B-rsi2lo20-long-W4,t1s05,long,1300-1430,,34700,30,-0.0384,-0.0882,0.0034,0.197,-3.0,-0.0995,,0.27,-0.039,0.0005,0.0044,0.4,16289,14,-0.0855,-0.1484,0.005,0.192,-4.0,-0.1666,,0.21,-0.1098,0.0244,0.0165,2.57,False,2.0,20.0,lo,W4,,,,,,,,,,
B,B-rsi2lo20-short-W4-t1s1,B-rsi2lo20-short-W4,t1s1,short,1300-1430,,34700,30,-0.054,-0.0923,0.004,0.209,-2.56,-0.1039,,0.3,-0.0509,-0.0031,-0.0063,-0.55,16289,14,0.0103,-0.0346,0.0061,0.255,-0.84,-0.0549,,0.57,0.0283,-0.018,-0.0124,-2.07,False,2.0,20.0,lo,W4,,,,,,,,,,
B,B-rsi2lo20-short-W4-t05s1,B-rsi2lo20-short-W4,t05s1,short,1300-1430,,34700,30,-0.0536,-0.0905,0.0034,0.497,-3.2,-0.0996,,0.33,-0.0536,0.0,-0.0038,-0.33,16289,14,-0.0227,-0.066,0.005,0.545,-1.9,-0.0826,,0.36,0.0019,-0.0246,-0.0167,-2.57,False,2.0,20.0,lo,W4,,,,,,,,,,
B,B-rsi2lo20-short-W4-t1s05,B-rsi2lo20-short-W4,t1s05,short,1300-1430,,34700,30,-0.049,-0.1003,0.0034,0.183,-3.67,-0.1108,,0.27,-0.0453,-0.0037,-0.0062,-0.65,16289,14,-0.0133,-0.0732,0.0052,0.223,-1.99,-0.0958,,0.29,0.0035,-0.0168,-0.0065,-1.09,False,2.0,20.0,lo,W4,,,,,,,,,,
B,B-rsi2lo10-long-W4-t1s1,B-rsi2lo10-long-W4,t1s1,long,1300-1430,,28091,30,-0.0421,-0.0782,0.0044,0.206,-2.04,-0.0899,,0.33,-0.0415,-0.0005,0.0046,0.17,13294,14,-0.1149,-0.1615,0.0066,0.2,-3.65,-0.1824,,0.21,-0.1362,0.0213,0.0164,1.98,False,2.0,10.0,lo,W4,,,,,,,,,,
B,B-rsi2lo10-long-W4-t05s1,B-rsi2lo10-long-W4,t05s1,long,1300-1430,,28091,30,-0.0451,-0.0801,0.0036,0.493,-2.79,-0.0881,,0.33,-0.047,0.0019,0.0054,0.37,13294,14,-0.0898,-0.1344,0.0056,0.486,-3.79,-0.1492,,0.21,-0.1115,0.0217,0.0148,2.12,False,2.0,10.0,lo,W4,,,,,,,,,,
B,B-rsi2lo10-long-W4-t1s05,B-rsi2lo10-long-W4,t1s05,long,1300-1430,,28091,30,-0.0404,-0.09,0.0037,0.184,-3.0,-0.0998,,0.3,-0.039,-0.0014,0.004,0.24,13294,14,-0.0892,-0.1519,0.0055,0.181,-3.97,-0.1679,,0.21,-0.1098,0.0207,0.016,1.92,False,2.0,10.0,lo,W4,,,,,,,,,,
B,B-rsi2lo10-short-W4-t1s1,B-rsi2lo10-short-W4,t1s1,short,1300-1430,,28091,30,-0.0496,-0.0872,0.0044,0.202,-2.75,-0.0986,,0.27,-0.0509,0.0013,-0.0038,-0.11,13294,14,0.0055,-0.0389,0.0066,0.237,-1.09,-0.0572,,0.43,0.0283,-0.0228,-0.0179,-2.16,False,2.0,10.0,lo,W4,,,,,,,,,,
B,B-rsi2lo10-short-W4-t05s1,B-rsi2lo10-short-W4,t05s1,short,1300-1430,,28091,30,-0.0514,-0.0877,0.0037,0.487,-3.52,-0.0973,,0.23,-0.0536,0.0022,-0.0032,-0.17,13294,14,-0.0204,-0.0635,0.0054,0.535,-2.0,-0.0809,,0.5,0.0019,-0.0223,-0.0176,-2.09,False,2.0,10.0,lo,W4,,,,,,,,,,
B,B-rsi2lo10-short-W4-t1s05,B-rsi2lo10-short-W4,t1s05,short,1300-1430,,28091,30,-0.0466,-0.0973,0.0037,0.178,-3.86,-0.1081,,0.27,-0.0453,-0.0013,-0.0047,-0.31,13294,14,-0.0196,-0.079,0.0056,0.206,-2.51,-0.0987,,0.29,0.0035,-0.0232,-0.0163,-2.38,False,2.0,10.0,lo,W4,,,,,,,,,,
B,B-rsi2lo5-long-W4-t1s1,B-rsi2lo5-long-W4,t1s1,long,1300-1430,,18853,30,-0.0406,-0.0769,0.0053,0.202,-1.81,-0.0911,,0.33,-0.0415,0.0009,0.0073,0.27,8917,14,-0.113,-0.1596,0.0079,0.19,-4.05,-0.1786,,0.14,-0.1362,0.0232,0.0199,1.66,False,2.0,5.0,lo,W4,,,,,,,,,,
B,B-rsi2lo5-long-W4-t05s1,B-rsi2lo5-long-W4,t05s1,long,1300-1430,,18853,30,-0.0453,-0.0803,0.0044,0.488,-2.43,-0.0895,,0.4,-0.047,0.0018,0.0057,0.38,8917,14,-0.0822,-0.1266,0.0067,0.481,-3.96,-0.1399,,0.21,-0.1115,0.0294,0.0258,2.73,False,2.0,5.0,lo,W4,,,,,,,,,,
B,B-rsi2lo5-long-W4-t1s05,B-rsi2lo5-long-W4,t1s05,long,1300-1430,,18853,30,-0.0413,-0.0909,0.0045,0.181,-2.81,-0.1022,,0.23,-0.039,-0.0024,0.0039,0.21,8917,14,-0.0974,-0.1612,0.0066,0.17,-5.01,-0.1758,,0.14,-0.1098,0.0124,0.0118,1.34,False,2.0,5.0,lo,W4,,,,,,,,,,
B,B-rsi2lo5-short-W4-t1s1,B-rsi2lo5-short-W4,t1s1,short,1300-1430,,18853,30,-0.0527,-0.0904,0.0053,0.197,-3.02,-0.1004,,0.27,-0.0509,-0.0018,-0.0079,-0.34,8917,14,0.0007,-0.0432,0.0079,0.229,-1.41,-0.0586,,0.57,0.0283,-0.0276,-0.0242,-2.1,False,2.0,5.0,lo,W4,,,,,,,,,,
B,B-rsi2lo5-short-W4-t05s1,B-rsi2lo5-short-W4,t05s1,short,1300-1430,,18853,30,-0.0515,-0.0881,0.0045,0.483,-3.71,-0.0988,,0.27,-0.0536,0.0021,-0.0041,-0.25,8917,14,-0.0149,-0.0577,0.0065,0.534,-2.39,-0.0747,,0.36,0.0019,-0.0169,-0.0163,-1.78,False,2.0,5.0,lo,W4,,,,,,,,,,
B,B-rsi2lo5-short-W4-t1s05,B-rsi2lo5-short-W4,t1s05,short,1300-1430,,18853,30,-0.0481,-0.0993,0.0045,0.174,-3.93,-0.1082,,0.27,-0.0453,-0.0028,-0.0066,-0.47,8917,14,-0.0307,-0.0905,0.0068,0.196,-3.39,-0.1079,,0.21,0.0035,-0.0343,-0.0307,-3.5,False,2.0,5.0,lo,W4,,,,,,,,,,
B,B-rsi2hi80-long-W5-t1s1,B-rsi2hi80-long-W5,t1s1,long,1430-1500,,24465,30,-0.0522,-0.0865,0.0041,0.128,-3.71,-0.0969,,0.27,-0.0486,-0.0036,-0.0033,-0.17,10596,14,-0.1218,-0.1626,0.0062,0.109,-4.29,-0.1769,,0.07,-0.0901,-0.0317,-0.0217,-3.36,False,2.0,80.0,hi,W5,,,,,,,,,,
B,B-rsi2hi80-long-W5-t05s1,B-rsi2hi80-long-W5,t05s1,long,1430-1500,,24465,30,-0.0489,-0.0823,0.0035,0.397,-4.42,-0.0899,,0.23,-0.0499,0.001,0.0002,0.1,10596,14,-0.1019,-0.1419,0.0056,0.382,-4.33,-0.1507,,0.0,-0.0799,-0.022,-0.0127,-1.88,False,2.0,80.0,hi,W5,,,,,,,,,,
B,B-rsi2hi80-long-W5-t1s05,B-rsi2hi80-long-W5,t1s05,long,1430-1500,,24465,30,-0.0428,-0.09,0.0036,0.121,-4.18,-0.0991,,0.2,-0.0429,0.0001,-0.0006,0.07,10596,14,-0.0988,-0.1559,0.0054,0.102,-5.4,-0.1667,,0.0,-0.0751,-0.0237,-0.0152,-2.36,False,2.0,80.0,hi,W5,,,,,,,,,,
B,B-rsi2hi80-short-W5-t1s1,B-rsi2hi80-short-W5,t1s1,short,1430-1500,,24465,30,-0.0412,-0.0748,0.004,0.128,-2.88,-0.0825,,0.27,-0.0435,0.0022,0.0022,-0.03,10596,14,0.0149,-0.0235,0.0062,0.145,-0.53,-0.0441,,0.29,-0.0178,0.0327,0.0227,3.25,False,2.0,80.0,hi,W5,,,,,,,,,,
B,B-rsi2hi80-short-W5-t05s1,B-rsi2hi80-short-W5,t05s1,short,1430-1500,,24465,30,-0.0508,-0.084,0.0035,0.392,-3.36,-0.0912,,0.23,-0.0493,-0.0015,-0.0005,-0.32,10596,14,-0.0083,-0.0455,0.0052,0.435,-1.51,-0.0615,,0.29,-0.0329,0.0246,0.016,2.26,False,2.0,80.0,hi,W5,,,,,,,,,,
B,B-rsi2hi80-short-W5-t1s05,B-rsi2hi80-short-W5,t1s05,short,1430-1500,,24465,30,-0.0446,-0.0913,0.0035,0.11,-4.05,-0.0989,,0.2,-0.0422,-0.0025,-0.0014,-0.35,10596,14,-0.0053,-0.0589,0.0057,0.135,-1.65,-0.0773,,0.21,-0.0282,0.0229,0.0135,1.88,False,2.0,80.0,hi,W5,,,,,,,,,,
B,B-rsi2hi90-long-W5-t1s1,B-rsi2hi90-long-W5,t1s1,long,1430-1500,,15424,30,-0.0607,-0.0959,0.0052,0.131,-3.59,-0.1078,,0.27,-0.0486,-0.0121,0.0018,0.22,6343,14,-0.1347,-0.1759,0.0081,0.108,-5.11,-0.1857,,0.0,-0.0901,-0.0446,-0.0298,-2.7,False,2.0,90.0,hi,W5,,,,,,,,,,
B,B-rsi2hi90-long-W5-t05s1,B-rsi2hi90-long-W5,t05s1,long,1430-1500,,15424,30,-0.0511,-0.0851,0.0044,0.4,-4.58,-0.0936,,0.23,-0.0499,-0.0012,0.0035,0.32,6343,14,-0.1113,-0.1516,0.0073,0.376,-4.97,-0.1608,,0.0,-0.0799,-0.0314,-0.0177,-2.0,False,2.0,90.0,hi,W5,,,,,,,,,,
B,B-rsi2hi90-long-W5-t1s05,B-rsi2hi90-long-W5,t1s05,long,1430-1500,,15424,30,-0.0428,-0.0907,0.0046,0.125,-4.33,-0.1026,,0.2,-0.0429,0.0001,0.0047,0.45,6343,14,-0.1096,-0.1671,0.007,0.1,-6.35,-0.1706,,0.0,-0.0751,-0.0344,-0.0229,-2.45,False,2.0,90.0,hi,W5,,,,,,,,,,
B,B-rsi2hi90-short-W5-t1s1,B-rsi2hi90-short-W5,t1s1,short,1430-1500,,15424,30,-0.0341,-0.0682,0.0051,0.138,-2.56,-0.0907,,0.27,-0.0435,0.0094,-0.004,-0.55,6343,14,0.0289,-0.0092,0.008,0.152,-0.25,-0.0279,,0.29,-0.0178,0.0467,0.0317,2.93,False,2.0,90.0,hi,W5,,,,,,,,,,
B,B-rsi2hi90-short-W5-t05s1,B-rsi2hi90-short-W5,t05s1,short,1430-1500,,15424,30,-0.0523,-0.0861,0.0044,0.395,-3.39,-0.093,,0.27,-0.0493,-0.003,-0.0071,-0.85,6343,14,0.0035,-0.0329,0.0066,0.444,-1.29,-0.0473,,0.21,-0.0329,0.0364,0.0246,2.66,False,2.0,90.0,hi,W5,,,,,,,,,,
B,B-rsi2hi90-short-W5-t1s05,B-rsi2hi90-short-W5,t1s05,short,1430-1500,,15424,30,-0.0436,-0.091,0.0045,0.115,-4.05,-0.0984,,0.23,-0.0422,-0.0015,-0.0057,-0.68,6343,14,0.0052,-0.047,0.0074,0.141,-1.43,-0.0651,,0.21,-0.0282,0.0334,0.0195,2.21,False,2.0,90.0,hi,W5,,,,,,,,,,
B,B-rsi2hi95-long-W5-t1s1,B-rsi2hi95-long-W5,t1s1,long,1430-1500,,8867,30,-0.0919,-0.1284,0.007,0.132,-3.37,-0.1497,,0.23,-0.0486,-0.0433,-0.0082,-0.11,3510,14,-0.1528,-0.1956,0.011,0.108,-5.38,-0.1991,,0.0,-0.0901,-0.0627,-0.0379,-3.26,False,2.0,95.0,hi,W5,,,,,,,,,,
B,B-rsi2hi95-long-W5-t05s1,B-rsi2hi95-long-W5,t05s1,long,1430-1500,,8867,30,-0.0641,-0.099,0.006,0.403,-5.04,-0.1112,,0.17,-0.0499,-0.0142,0.004,0.16,3510,14,-0.1181,-0.1596,0.01,0.383,-5.12,-0.1631,,0.0,-0.0799,-0.0383,-0.0154,-1.89,False,2.0,95.0,hi,W5,,,,,,,,,,
B,B-rsi2hi95-long-W5-t1s05,B-rsi2hi95-long-W5,t1s05,long,1430-1500,,8867,30,-0.0605,-0.1105,0.0061,0.124,-4.62,-0.1298,,0.23,-0.0429,-0.0176,-0.0016,-0.1,3510,14,-0.1265,-0.186,0.0095,0.101,-6.71,-0.1886,,0.0,-0.0751,-0.0514,-0.0326,-3.48,False,2.0,95.0,hi,W5,,,,,,,,,,
B,B-rsi2hi95-short-W5-t1s1,B-rsi2hi95-short-W5,t1s1,short,1430-1500,,8867,30,-0.0056,-0.0402,0.007,0.163,-2.04,-0.1005,,0.27,-0.0435,0.0379,0.0034,-0.36,3510,14,0.0442,0.0054,0.0109,0.161,-0.06,-0.014,3.41,0.43,-0.0178,0.0621,0.037,3.2,False,2.0,95.0,hi,W5,,,,,,,,,,
B,B-rsi2hi95-short-W5-t05s1,B-rsi2hi95-short-W5,t05s1,short,1430-1500,,8867,30,-0.0375,-0.0717,0.0059,0.417,-3.15,-0.0983,,0.23,-0.0493,0.0118,-0.0035,-0.53,3510,14,0.0175,-0.0192,0.009,0.464,-0.91,-0.0325,,0.29,-0.0329,0.0504,0.0313,3.42,False,2.0,95.0,hi,W5,,,,,,,,,,
B,B-rsi2hi95-short-W5-t1s05,B-rsi2hi95-short-W5,t1s05,short,1430-1500,,8867,30,-0.0337,-0.0816,0.006,0.128,-4.25,-0.1019,,0.23,-0.0422,0.0085,-0.0091,-0.71,3510,14,0.0096,-0.0444,0.0101,0.149,-1.66,-0.0634,,0.21,-0.0282,0.0378,0.0147,1.71,False,2.0,95.0,hi,W5,,,,,,,,,,
B,B-rsi2lo20-long-W5-t1s1,B-rsi2lo20-long-W5,t1s1,long,1430-1500,,25805,30,-0.0383,-0.0705,0.0038,0.122,-2.62,-0.0799,,0.27,-0.0486,0.0103,0.006,0.59,12988,14,-0.0925,-0.1332,0.0056,0.12,-3.2,-0.1539,,0.29,-0.0901,-0.0024,0.0084,0.96,False,2.0,20.0,lo,W5,,,,,,,,,,
B,B-rsi2lo20-long-W5-t05s1,B-rsi2lo20-long-W5,t05s1,long,1430-1500,,25805,30,-0.0487,-0.0805,0.0033,0.385,-3.91,-0.086,,0.27,-0.0499,0.0013,0.0018,0.28,12988,14,-0.0881,-0.1282,0.005,0.398,-3.72,-0.1414,,0.14,-0.0799,-0.0082,0.0032,0.31,False,2.0,20.0,lo,W5,,,,,,,,,,
B,B-rsi2lo20-long-W5-t1s05,B-rsi2lo20-long-W5,t1s05,long,1430-1500,,25805,30,-0.0374,-0.0821,0.0034,0.115,-3.36,-0.0926,,0.23,-0.0429,0.0055,0.0033,0.44,12988,14,-0.0813,-0.1378,0.0049,0.11,-4.25,-0.1535,,0.21,-0.0751,-0.0061,0.0062,0.84,False,2.0,20.0,lo,W5,,,,,,,,,,
B,B-rsi2lo20-short-W5-t1s1,B-rsi2lo20-short-W5,t1s1,short,1430-1500,,25805,30,-0.0532,-0.0857,0.0039,0.118,-3.66,-0.098,,0.27,-0.0435,-0.0097,-0.0056,-0.59,12988,14,-0.0148,-0.0548,0.0057,0.14,-1.44,-0.0802,,0.29,-0.0178,0.003,-0.0076,-0.9,False,2.0,20.0,lo,W5,,,,,,,,,,
B,B-rsi2lo20-short-W5-t05s1,B-rsi2lo20-short-W5,t05s1,short,1430-1500,,25805,30,-0.0543,-0.0864,0.0034,0.383,-4.02,-0.0972,,0.27,-0.0493,-0.005,-0.003,-0.43,12988,14,-0.0261,-0.0654,0.0048,0.428,-2.25,-0.082,,0.21,-0.0329,0.0067,-0.0054,-0.77,False,2.0,20.0,lo,W5,,,,,,,,,,
B,B-rsi2lo20-short-W5-t1s05,B-rsi2lo20-short-W5,t1s05,short,1430-1500,,25805,30,-0.043,-0.0884,0.0034,0.111,-4.64,-0.1001,,0.2,-0.0422,-0.0008,-0.0015,-0.28,12988,14,-0.0194,-0.0747,0.0051,0.133,-2.29,-0.0962,,0.29,-0.0282,0.0088,-0.0025,-0.26,False,2.0,20.0,lo,W5,,,,,,,,,,
B,B-rsi2lo10-long-W5-t1s1,B-rsi2lo10-long-W5,t1s1,long,1430-1500,,16411,30,-0.046,-0.0778,0.0048,0.116,-2.61,-0.0858,,0.27,-0.0486,0.0026,-0.0014,0.2,9104,14,-0.0735,-0.1133,0.0067,0.128,-2.6,-0.1376,,0.29,-0.0901,0.0166,0.0188,1.43,False,2.0,10.0,lo,W5,,,,,,,,,,
B,B-rsi2lo10-long-W5-t05s1,B-rsi2lo10-long-W5,t05s1,long,1430-1500,,16411,30,-0.0544,-0.0857,0.0042,0.376,-3.76,-0.0915,,0.23,-0.0499,-0.0045,-0.0049,-0.16,9104,14,-0.0707,-0.11,0.0059,0.411,-3.3,-0.1263,,0.29,-0.0799,0.0091,0.011,0.8,False,2.0,10.0,lo,W5,,,,,,,,,,
B,B-rsi2lo10-long-W5-t1s05,B-rsi2lo10-long-W5,t1s05,long,1430-1500,,16411,30,-0.0478,-0.0925,0.0043,0.107,-3.63,-0.1013,,0.23,-0.0429,-0.0049,-0.0055,-0.21,9104,14,-0.0682,-0.1242,0.0059,0.118,-3.58,-0.1437,,0.21,-0.0751,0.0069,0.011,0.99,False,2.0,10.0,lo,W5,,,,,,,,,,
B,B-rsi2lo10-short-W5-t1s1,B-rsi2lo10-short-W5,t1s1,short,1430-1500,,16411,30,-0.0458,-0.0778,0.0048,0.118,-3.59,-0.0912,,0.23,-0.0435,-0.0024,0.0013,-0.24,9104,14,-0.035,-0.0755,0.0068,0.131,-1.86,-0.1004,,0.36,-0.0178,-0.0172,-0.0192,-1.49,False,2.0,10.0,lo,W5,,,,,,,,,,
B,B-rsi2lo10-short-W5-t05s1,B-rsi2lo10-short-W5,t05s1,short,1430-1500,,16411,30,-0.0442,-0.0756,0.0042,0.391,-3.94,-0.0889,,0.23,-0.0493,0.0051,0.0054,0.17,9104,14,-0.0404,-0.0802,0.0058,0.418,-2.57,-0.0968,,0.29,-0.0329,-0.0075,-0.0115,-1.09,False,2.0,10.0,lo,W5,,,,,,,,,,
B,B-rsi2lo10-short-W5-t1s05,B-rsi2lo10-short-W5,t1s05,short,1430-1500,,16411,30,-0.0375,-0.0822,0.0043,0.112,-4.57,-0.0948,,0.17,-0.0422,0.0047,0.0048,0.11,9104,14,-0.0379,-0.0938,0.0061,0.124,-2.85,-0.1125,,0.29,-0.0282,-0.0097,-0.0114,-0.9,False,2.0,10.0,lo,W5,,,,,,,,,,
B,B-rsi2lo5-long-W5-t1s1,B-rsi2lo5-long-W5,t1s1,long,1430-1500,,9370,30,-0.0521,-0.0839,0.0063,0.113,-2.63,-0.0909,,0.4,-0.0486,-0.0035,-0.0064,0.05,5687,14,-0.0536,-0.0931,0.0085,0.139,-1.97,-0.1241,,0.36,-0.0901,0.0364,0.0315,1.74,False,2.0,5.0,lo,W5,,,,,,,,,,
B,B-rsi2lo5-long-W5-t05s1,B-rsi2lo5-long-W5,t05s1,long,1430-1500,,9370,30,-0.0592,-0.0903,0.0055,0.371,-3.58,-0.0969,,0.3,-0.0499,-0.0093,-0.0103,-0.25,5687,14,-0.0508,-0.0894,0.0074,0.433,-2.69,-0.1086,,0.29,-0.0799,0.0291,0.0233,1.3,False,2.0,5.0,lo,W5,,,,,,,,,,
B,B-rsi2lo5-long-W5-t1s05,B-rsi2lo5-long-W5,t1s05,long,1430-1500,,9370,30,-0.0578,-0.1026,0.0056,0.104,-3.75,-0.1089,,0.23,-0.0429,-0.0149,-0.0137,-0.5,5687,14,-0.0516,-0.1071,0.0076,0.128,-2.8,-0.1315,,0.21,-0.0751,0.0236,0.0204,1.26,False,2.0,5.0,lo,W5,,,,,,,,,,
B,B-rsi2lo5-short-W5-t1s1,B-rsi2lo5-short-W5,t1s1,short,1430-1500,,9370,30,-0.0404,-0.0723,0.0064,0.12,-3.47,-0.083,,0.27,-0.0435,0.0031,0.0055,-0.15,5687,14,-0.0566,-0.0986,0.0087,0.125,-2.2,-0.1257,,0.29,-0.0178,-0.0388,-0.0336,-2.01,False,2.0,5.0,lo,W5,,,,,,,,,,
B,B-rsi2lo5-short-W5-t05s1,B-rsi2lo5-short-W5,t05s1,short,1430-1500,,9370,30,-0.0348,-0.0662,0.0056,0.403,-3.71,-0.0794,,0.17,-0.0493,0.0145,0.0128,0.37,5687,14,-0.059,-0.1003,0.0076,0.407,-2.84,-0.1195,,0.21,-0.0329,-0.0261,-0.0228,-1.59,False,2.0,5.0,lo,W5,,,,,,,,,,
B,B-rsi2lo5-short-W5-t1s05,B-rsi2lo5-short-W5,t1s05,short,1430-1500,,9370,30,-0.0337,-0.0785,0.0057,0.114,-4.34,-0.088,,0.23,-0.0422,0.0085,0.0091,0.09,5687,14,-0.0595,-0.1174,0.0077,0.118,-3.38,-0.1324,,0.21,-0.0282,-0.0313,-0.0254,-1.6,False,2.0,5.0,lo,W5,,,,,,,,,,
B,B-rsi3hi80-long-W1-t1s1,B-rsi3hi80-long-W1,t1s1,long,950-1030,,15784,30,-0.0675,-0.1152,0.0077,0.427,-2.31,-0.1362,,0.33,-0.0921,0.0246,0.0365,1.43,6632,14,-0.16,-0.2199,0.0122,0.404,-5.02,-0.2569,,0.07,-0.0865,-0.0736,-0.0589,-2.14,False,3.0,80.0,hi,W1,,,,,,,,,,
B,B-rsi3hi80-long-W1-t05s1,B-rsi3hi80-long-W1,t05s1,long,950-1030,,15784,30,-0.0648,-0.1068,0.0058,0.639,-3.75,-0.1176,,0.23,-0.0798,0.015,0.0183,1.02,6632,14,-0.1445,-0.197,0.0093,0.596,-6.16,-0.2209,,0.0,-0.0827,-0.0618,-0.0446,-2.67,False,3.0,80.0,hi,W1,,,,,,,,,,
B,B-rsi3hi80-long-W1-t1s05,B-rsi3hi80-long-W1,t1s05,long,950-1030,,15784,30,-0.0417,-0.0983,0.0058,0.322,-2.94,-0.1162,,0.33,-0.0623,0.0206,0.0317,1.65,6632,14,-0.1061,-0.1762,0.0089,0.292,-7.3,-0.1994,,0.07,-0.0661,-0.04,-0.0309,-1.92,False,3.0,80.0,hi,W1,,,,,,,,,,
B,B-rsi3hi80-short-W1-t1s1,B-rsi3hi80-short-W1,t1s1,short,950-1030,,15784,30,-0.0267,-0.0747,0.0078,0.443,-1.77,-0.0965,,0.43,-0.0004,-0.0262,-0.0386,-1.52,6632,14,0.0461,-0.0103,0.0122,0.502,-0.1,-0.0312,,0.5,-0.0228,0.0689,0.053,1.84,False,3.0,80.0,hi,W1,,,,,,,,,,
B,B-rsi3hi80-short-W1-t05s1,B-rsi3hi80-short-W1,t05s1,short,950-1030,,15784,30,-0.0532,-0.0961,0.0058,0.647,-2.93,-0.1108,,0.33,-0.0309,-0.0223,-0.034,-1.79,6632,14,-0.0076,-0.0569,0.0089,0.691,-1.78,-0.0727,,0.36,-0.044,0.0364,0.0256,1.51,False,3.0,80.0,hi,W1,,,,,,,,,,
B,B-rsi3hi80-short-W1-t1s05,B-rsi3hi80-short-W1,t1s05,short,950-1030,,15784,30,-0.0299,-0.0874,0.0058,0.327,-3.0,-0.0998,,0.33,-0.0135,-0.0163,-0.0202,-1.15,6632,14,0.0308,-0.0359,0.0095,0.379,-0.77,-0.055,,0.36,-0.0274,0.0582,0.0396,2.19,False,3.0,80.0,hi,W1,,,,,,,,,,
B,B-rsi3hi90-long-W1-t1s1,B-rsi3hi90-long-W1,t1s1,long,950-1030,,9685,30,-0.0545,-0.1021,0.0099,0.439,-2.01,-0.1262,,0.3,-0.0921,0.0376,0.0489,1.25,3781,14,-0.1484,-0.2093,0.0162,0.411,-4.21,-0.253,,0.14,-0.0865,-0.0619,-0.0451,-0.96,False,3.0,90.0,hi,W1,,,,,,,,,,
B,B-rsi3hi90-long-W1-t05s1,B-rsi3hi90-long-W1,t05s1,long,950-1030,,9685,30,-0.0561,-0.0975,0.0074,0.647,-3.17,-0.1136,,0.3,-0.0798,0.0236,0.0256,0.85,3781,14,-0.1435,-0.1968,0.0124,0.597,-4.94,-0.2091,,0.14,-0.0827,-0.0608,-0.0403,-1.38,False,3.0,90.0,hi,W1,,,,,,,,,,
B,B-rsi3hi90-long-W1-t1s05,B-rsi3hi90-long-W1,t1s05,long,950-1030,,9685,30,-0.03,-0.0866,0.0075,0.332,-2.61,-0.1081,,0.33,-0.0623,0.0323,0.0407,1.42,3781,14,-0.0888,-0.1594,0.0119,0.305,-6.86,-0.188,,0.07,-0.0661,-0.0227,-0.0132,-0.52,False,3.0,90.0,hi,W1,,,,,,,,,,
B,B-rsi3hi90-short-W1-t1s1,B-rsi3hi90-short-W1,t1s1,short,950-1030,,9685,30,-0.0396,-0.0884,0.01,0.446,-1.7,-0.1143,,0.5,-0.0004,-0.0392,-0.051,-1.34,3781,14,0.0326,-0.024,0.0162,0.499,-0.43,-0.0497,,0.43,-0.0228,0.0554,0.0374,0.74,False,3.0,90.0,hi,W1,,,,,,,,,,
B,B-rsi3hi90-short-W1-t05s1,B-rsi3hi90-short-W1,t05s1,short,950-1030,,9685,30,-0.0647,-0.1081,0.0075,0.641,-2.57,-0.1249,,0.33,-0.0309,-0.0337,-0.0428,-1.55,3781,14,-0.0267,-0.0771,0.0119,0.678,-2.37,-0.0951,,0.21,-0.044,0.0174,0.0061,0.16,False,3.0,90.0,hi,W1,,,,,,,,,,
B,B-rsi3hi90-short-W1-t1s05,B-rsi3hi90-short-W1,t1s05,short,950-1030,,9685,30,-0.0382,-0.097,0.0075,0.324,-2.66,-0.112,,0.37,-0.0135,-0.0247,-0.0271,-0.96,3781,14,0.0276,-0.0399,0.0125,0.379,-0.83,-0.0614,,0.21,-0.0274,0.055,0.0333,1.03,False,3.0,90.0,hi,W1,,,,,,,,,,
B,B-rsi3hi95-long-W1-t1s1,B-rsi3hi95-long-W1,t1s1,long,950-1030,,6981,30,-0.0612,-0.1094,0.0117,0.438,-2.1,-0.14,,0.33,-0.0921,0.0309,0.0427,0.98,2628,14,-0.1489,-0.2089,0.0193,0.411,-4.37,-0.2714,,0.14,-0.0865,-0.0624,-0.0518,-1.28,False,3.0,95.0,hi,W1,,,,,,,,,,
B,B-rsi3hi95-long-W1-t05s1,B-rsi3hi95-long-W1,t05s1,long,950-1030,,6981,30,-0.0545,-0.0962,0.0087,0.648,-3.04,-0.1141,,0.33,-0.0798,0.0253,0.0247,0.67,2628,14,-0.138,-0.1903,0.0147,0.601,-5.43,-0.23,,0.07,-0.0827,-0.0553,-0.0344,-1.3,False,3.0,95.0,hi,W1,,,,,,,,,,
B,B-rsi3hi95-long-W1-t1s05,B-rsi3hi95-long-W1,t1s05,long,950-1030,,6981,30,-0.0328,-0.0901,0.0088,0.332,-2.65,-0.108,,0.33,-0.0623,0.0295,0.0382,1.13,2628,14,-0.0863,-0.1564,0.0142,0.306,-6.15,-0.1962,,0.07,-0.0661,-0.0202,-0.0137,-0.74,False,3.0,95.0,hi,W1,,,,,,,,,,
B,B-rsi3hi95-short-W1-t1s1,B-rsi3hi95-short-W1,t1s1,short,950-1030,,6981,30,-0.0337,-0.0822,0.0118,0.451,-1.45,-0.1105,,0.43,-0.0004,-0.0333,-0.0455,-1.09,2628,14,0.0333,-0.0242,0.0195,0.498,-0.24,-0.0541,,0.5,-0.0228,0.0561,0.0443,1.05,False,3.0,95.0,hi,W1,,,,,,,,,,
B,B-rsi3hi95-short-W1-t05s1,B-rsi3hi95-short-W1,t05s1,short,950-1030,,6981,30,-0.0625,-0.1059,0.0088,0.645,-2.27,-0.1237,,0.4,-0.0309,-0.0315,-0.0409,-1.29,2628,14,-0.0291,-0.0804,0.0143,0.676,-2.08,-0.1017,,0.21,-0.044,0.015,0.0067,0.41,False,3.0,95.0,hi,W1,,,,,,,,,,
B,B-rsi3hi95-short-W1-t1s05,B-rsi3hi95-short-W1,t1s05,short,950-1030,,6981,30,-0.041,-0.1001,0.0088,0.324,-2.5,-0.1163,,0.3,-0.0135,-0.0274,-0.0273,-0.83,2628,14,0.0226,-0.046,0.0151,0.377,-1.01,-0.0687,,0.21,-0.0274,0.05,0.0279,0.93,False,3.0,95.0,hi,W1,,,,,,,,,,
B,B-rsi3lo20-long-W1-t1s1,B-rsi3lo20-long-W1,t1s1,long,950-1030,,14948,30,-0.1103,-0.1588,0.008,0.409,-2.87,-0.1819,,0.3,-0.0921,-0.0182,-0.0196,-0.36,7825,14,-0.0276,-0.0852,0.0112,0.461,-1.31,-0.1147,,0.43,-0.0865,0.0589,0.0495,1.35,False,3.0,20.0,lo,W1,,,,,,,,,,
B,B-rsi3lo20-long-W1-t05s1,B-rsi3lo20-long-W1,t05s1,long,950-1030,,14948,30,-0.0973,-0.14,0.0061,0.62,-3.33,-0.1577,,0.2,-0.0798,-0.0175,-0.0138,-0.32,7825,14,-0.0435,-0.0944,0.0083,0.662,-2.35,-0.1136,,0.29,-0.0827,0.0392,0.0436,2.53,False,3.0,20.0,lo,W1,,,,,,,,,,
B,B-rsi3lo20-long-W1-t1s05,B-rsi3lo20-long-W1,t1s05,long,950-1030,,14948,30,-0.0932,-0.1512,0.0058,0.289,-4.64,-0.1611,,0.2,-0.0623,-0.0309,-0.0212,-0.8,7825,14,-0.0345,-0.1025,0.0084,0.334,-2.4,-0.1268,,0.29,-0.0661,0.0316,0.0281,1.07,False,3.0,20.0,lo,W1,,,,,,,,,,
B,B-rsi3lo20-short-W1-t1s1,B-rsi3lo20-short-W1,t1s1,short,950-1030,,14948,30,0.0163,-0.0297,0.008,0.467,-0.66,-0.0529,,0.47,-0.0004,0.0167,0.0183,0.29,7825,14,-0.0796,-0.1364,0.0111,0.435,-2.39,-0.1758,,0.36,-0.0228,-0.0568,-0.0485,-1.31,False,3.0,20.0,lo,W1,,,,,,,,,,
B,B-rsi3lo20-short-W1-t05s1,B-rsi3lo20-short-W1,t05s1,short,950-1030,,14948,30,-0.0015,-0.0417,0.0058,0.681,-1.67,-0.0527,,0.4,-0.0309,0.0294,0.0197,0.68,7825,14,-0.0735,-0.1233,0.0083,0.641,-3.39,-0.1455,,0.21,-0.044,-0.0294,-0.0275,-1.01,False,3.0,20.0,lo,W1,,,,,,,,,,
B,B-rsi3lo20-short-W1-t1s05,B-rsi3lo20-short-W1,t1s05,short,950-1030,,14948,30,0.0028,-0.0526,0.0061,0.35,-1.65,-0.0745,,0.3,-0.0135,0.0163,0.0126,0.23,7825,14,-0.0646,-0.1317,0.0082,0.314,-3.85,-0.1573,,0.21,-0.0274,-0.0372,-0.0429,-2.38,False,3.0,20.0,lo,W1,,,,,,,,,,
B,B-rsi3lo10-long-W1-t1s1,B-rsi3lo10-long-W1,t1s1,long,950-1030,,8827,30,-0.1258,-0.1751,0.0104,0.404,-2.96,-0.2016,,0.27,-0.0921,-0.0337,-0.041,-0.48,4568,14,-0.0043,-0.0617,0.0147,0.477,-0.82,-0.0969,,0.43,-0.0865,0.0822,0.0816,1.61,False,3.0,10.0,lo,W1,,,,,,,,,,
B,B-rsi3lo10-long-W1-t05s1,B-rsi3lo10-long-W1,t05s1,long,950-1030,,8827,30,-0.1092,-0.1526,0.008,0.613,-3.27,-0.1727,,0.23,-0.0798,-0.0294,-0.0282,-0.33,4568,14,-0.0462,-0.0976,0.0109,0.661,-1.83,-0.1207,,0.36,-0.0827,0.0365,0.0499,2.03,False,3.0,10.0,lo,W1,,,,,,,,,,
B,B-rsi3lo10-long-W1-t1s05,B-rsi3lo10-long-W1,t1s05,long,950-1030,,8827,30,-0.1058,-0.1643,0.0075,0.282,-4.88,-0.1784,,0.2,-0.0623,-0.0435,-0.0334,-0.96,4568,14,-0.0272,-0.0958,0.0111,0.34,-1.88,-0.1279,,0.36,-0.0661,0.0389,0.0444,1.34,False,3.0,10.0,lo,W1,,,,,,,,,,
B,B-rsi3lo10-short-W1-t1s1,B-rsi3lo10-short-W1,t1s1,short,950-1030,,8827,30,0.0307,-0.0156,0.0104,0.479,-0.62,-0.0498,,0.5,-0.0004,0.0311,0.0387,0.33,4568,14,-0.1033,-0.1614,0.0146,0.425,-2.37,-0.2113,,0.36,-0.0228,-0.0805,-0.081,-1.69,False,3.0,10.0,lo,W1,,,,,,,,,,
B,B-rsi3lo10-short-W1-t05s1,B-rsi3lo10-short-W1,t05s1,short,950-1030,,8827,30,0.0099,-0.0304,0.0075,0.691,-1.6,-0.0479,,0.43,-0.0309,0.0409,0.031,0.74,4568,14,-0.0812,-0.1316,0.0109,0.637,-3.16,-0.162,,0.21,-0.044,-0.0371,-0.0443,-1.41,False,3.0,10.0,lo,W1,,,,,,,,,,
B,B-rsi3lo10-short-W1-t1s05,B-rsi3lo10-short-W1,t1s05,short,950-1030,,8827,30,0.0135,-0.0419,0.008,0.36,-1.72,-0.0776,,0.3,-0.0135,0.027,0.0261,0.18,4568,14,-0.0632,-0.1309,0.0108,0.315,-3.34,-0.1722,,0.21,-0.0274,-0.0358,-0.0504,-2.15,False,3.0,10.0,lo,W1,,,,,,,,,,
B,B-rsi3lo5-long-W1-t1s1,B-rsi3lo5-long-W1,t1s1,long,950-1030,,6166,30,-0.1323,-0.1825,0.0124,0.402,-3.41,-0.2142,,0.27,-0.0921,-0.0402,-0.0497,-0.79,3197,14,-0.0021,-0.0598,0.0177,0.485,-0.86,-0.1036,,0.43,-0.0865,0.0844,0.0878,1.19,False,3.0,5.0,lo,W1,,,,,,,,,,
B,B-rsi3lo5-long-W1-t05s1,B-rsi3lo5-long-W1,t05s1,long,950-1030,,6166,30,-0.1142,-0.1579,0.0095,0.609,-3.42,-0.1812,,0.2,-0.0798,-0.0344,-0.0341,-0.51,3197,14,-0.0503,-0.1019,0.0131,0.661,-1.64,-0.1313,,0.43,-0.0827,0.0324,0.0517,1.53,False,3.0,5.0,lo,W1,,,,,,,,,,
B,B-rsi3lo5-long-W1-t1s05,B-rsi3lo5-long-W1,t1s05,long,950-1030,,6166,30,-0.1136,-0.1732,0.0089,0.277,-5.78,-0.1906,,0.17,-0.0623,-0.0513,-0.0404,-1.34,3197,14,-0.0217,-0.09,0.0133,0.344,-1.62,-0.1314,,0.29,-0.0661,0.0444,0.0563,1.13,False,3.0,5.0,lo,W1,,,,,,,,,,
B,B-rsi3lo5-short-W1-t1s1,B-rsi3lo5-short-W1,t1s1,short,950-1030,,6166,30,0.035,-0.0122,0.0125,0.485,-0.49,-0.0509,,0.5,-0.0004,0.0354,0.0452,0.49,3197,14,-0.1062,-0.1648,0.0176,0.429,-1.92,-0.2171,,0.36,-0.0228,-0.0834,-0.0879,-1.32,False,3.0,5.0,lo,W1,,,,,,,,,,
B,B-rsi3lo5-short-W1-t05s1,B-rsi3lo5-short-W1,t05s1,short,950-1030,,6166,30,0.0158,-0.0252,0.009,0.694,-1.51,-0.0452,,0.37,-0.0309,0.0467,0.0359,0.86,3197,14,-0.0875,-0.1385,0.0131,0.634,-2.64,-0.1691,,0.21,-0.044,-0.0435,-0.057,-1.3,False,3.0,5.0,lo,W1,,,,,,,,,,
B,B-rsi3lo5-short-W1-t1s05,B-rsi3lo5-short-W1,t1s05,short,950-1030,,6166,30,0.0165,-0.0402,0.0096,0.362,-1.67,-0.0782,,0.3,-0.0135,0.0301,0.03,0.21,3197,14,-0.0608,-0.1286,0.013,0.319,-2.63,-0.1773,,0.21,-0.0274,-0.0334,-0.0537,-1.78,False,3.0,5.0,lo,W1,,,,,,,,,,
B,B-rsi3hi80-long-W2-t1s1,B-rsi3hi80-long-W2,t1s1,long,1030-1130,,20936,30,-0.0494,-0.0945,0.0064,0.393,-2.98,-0.1242,,0.27,-0.0602,0.0108,0.0147,0.8,9968,14,-0.0874,-0.1437,0.0096,0.392,-2.29,-0.2008,,0.21,-0.0621,-0.0253,-0.0305,-1.99,False,3.0,80.0,hi,W2,,,,,,,,,,
B,B-rsi3hi80-long-W2-t05s1,B-rsi3hi80-long-W2,t05s1,long,1030-1130,,20936,30,-0.0581,-0.0986,0.0049,0.624,-4.27,-0.1167,,0.23,-0.0669,0.0088,0.0115,0.68,9968,14,-0.0765,-0.1261,0.0073,0.623,-3.19,-0.1613,,0.21,-0.0566,-0.0198,-0.0183,-1.12,False,3.0,80.0,hi,W2,,,,,,,,,,
B,B-rsi3hi80-long-W2-t1s05,B-rsi3hi80-long-W2,t1s05,long,1030-1130,,20936,30,-0.0321,-0.0875,0.005,0.308,-3.87,-0.1096,,0.2,-0.0443,0.0122,0.0114,0.96,9968,14,-0.0568,-0.1247,0.0073,0.306,-2.94,-0.1631,,0.21,-0.0371,-0.0197,-0.019,-1.35,False,3.0,80.0,hi,W2,,,,,,,,,,
B,B-rsi3hi80-short-W2-t1s1,B-rsi3hi80-short-W2,t1s1,short,1030-1130,,20936,30,-0.0454,-0.0914,0.0065,0.391,-1.39,-0.1022,,0.4,-0.0322,-0.0132,-0.0169,-0.95,9968,14,-0.0218,-0.0754,0.0095,0.418,-0.7,-0.1052,,0.36,-0.0461,0.0243,0.0295,1.96,False,3.0,80.0,hi,W2,,,,,,,,,,
B,B-rsi3hi80-short-W2-t05s1,B-rsi3hi80-short-W2,t05s1,short,1030-1130,,20936,30,-0.063,-0.1048,0.005,0.618,-2.82,-0.1117,,0.37,-0.0481,-0.0149,-0.0139,-1.22,9968,14,-0.0521,-0.1006,0.0072,0.641,-1.71,-0.1169,,0.36,-0.0712,0.0191,0.0185,1.34,False,3.0,80.0,hi,W2,,,,,,,,,,
B,B-rsi3hi80-short-W2-t1s05,B-rsi3hi80-short-W2,t1s05,short,1030-1130,,20936,30,-0.0369,-0.0937,0.005,0.304,-2.35,-0.102,,0.37,-0.0255,-0.0114,-0.0139,-0.9,9968,14,-0.0327,-0.0989,0.0073,0.317,-1.82,-0.1174,,0.29,-0.052,0.0193,0.0177,1.11,False,3.0,80.0,hi,W2,,,,,,,,,,
B,B-rsi3hi90-long-W2-t1s1,B-rsi3hi90-long-W2,t1s1,long,1030-1130,,9575,30,-0.0366,-0.0824,0.0095,0.391,-2.94,-0.1155,,0.27,-0.0602,0.0236,0.0307,0.64,4263,14,-0.0713,-0.13,0.0148,0.407,-2.31,-0.2069,,0.21,-0.0621,-0.0092,-0.0189,-0.95,False,3.0,90.0,hi,W2,,,,,,,,,,
B,B-rsi3hi90-long-W2-t05s1,B-rsi3hi90-long-W2,t05s1,long,1030-1130,,9575,30,-0.0384,-0.0795,0.0072,0.638,-3.96,-0.098,,0.23,-0.0669,0.0285,0.0284,0.95,4263,14,-0.0651,-0.1164,0.0112,0.634,-2.92,-0.1646,,0.21,-0.0566,-0.0085,-0.0104,-0.32,False,3.0,90.0,hi,W2,,,,,,,,,,
B,B-rsi3hi90-long-W2-t1s05,B-rsi3hi90-long-W2,t1s05,long,1030-1130,,9575,30,-0.0192,-0.0764,0.0074,0.315,-3.62,-0.1029,,0.2,-0.0443,0.0252,0.0245,0.74,4263,14,-0.0435,-0.1132,0.0114,0.317,-2.9,-0.1706,,0.21,-0.0371,-0.0064,-0.0109,-0.64,False,3.0,90.0,hi,W2,,,,,,,,,,
B,B-rsi3hi90-short-W2-t1s1,B-rsi3hi90-short-W2,t1s1,short,1030-1130,,9575,30,-0.0629,-0.1095,0.0095,0.375,-1.33,-0.1209,,0.43,-0.0322,-0.0307,-0.0376,-0.92,4263,14,-0.0421,-0.097,0.0146,0.419,-0.77,-0.1405,,0.43,-0.0461,0.004,0.0137,0.74,False,3.0,90.0,hi,W2,,,,,,,,,,
B,B-rsi3hi90-short-W2-t05s1,B-rsi3hi90-short-W2,t05s1,short,1030-1130,,9575,30,-0.081,-0.1236,0.0074,0.605,-2.6,-0.1312,,0.4,-0.0481,-0.0329,-0.032,-1.17,4263,14,-0.0706,-0.1201,0.0111,0.633,-1.82,-0.1418,,0.36,-0.0712,0.0006,0.0052,0.32,False,3.0,90.0,hi,W2,,,,,,,,,,
B,B-rsi3hi90-short-W2-t1s05,B-rsi3hi90-short-W2,t1s05,short,1030-1130,,9575,30,-0.0608,-0.1197,0.0073,0.289,-2.84,-0.1293,,0.3,-0.0255,-0.0353,-0.0349,-1.31,4263,14,-0.049,-0.1172,0.0112,0.313,-2.03,-0.1519,,0.43,-0.052,0.003,0.0049,0.06,False,3.0,90.0,hi,W2,,,,,,,,,,
B,B-rsi3hi95-long-W2-t1s1,B-rsi3hi95-long-W2,t1s1,long,1030-1130,,3703,30,-0.0456,-0.0932,0.0155,0.398,-2.8,-0.1281,,0.27,-0.0602,0.0146,0.0431,0.38,1601,14,-0.0804,-0.1415,0.0243,0.408,-2.35,-0.2165,,0.29,-0.0621,-0.0183,-0.0304,-1.43,False,3.0,95.0,hi,W2,,,,,,,,,,
B,B-rsi3hi95-long-W2-t05s1,B-rsi3hi95-long-W2,t05s1,long,1030-1130,,3703,30,-0.0465,-0.0884,0.0118,0.637,-3.77,-0.1091,,0.23,-0.0669,0.0205,0.0314,0.7,1601,14,-0.0802,-0.1332,0.0184,0.63,-3.45,-0.192,,0.14,-0.0566,-0.0236,-0.0258,-1.33,False,3.0,95.0,hi,W2,,,,,,,,,,
B,B-rsi3hi95-long-W2-t1s05,B-rsi3hi95-long-W2,t1s05,long,1030-1130,,3703,30,-0.0174,-0.0775,0.0122,0.325,-3.28,-0.1059,,0.2,-0.0443,0.027,0.0408,0.51,1601,14,-0.0424,-0.1145,0.0187,0.324,-2.6,-0.1577,,0.36,-0.0371,-0.0053,-0.0145,-0.44,False,3.0,95.0,hi,W2,,,,,,,,,,
B,B-rsi3hi95-short-W2-t1s1,B-rsi3hi95-short-W2,t1s1,short,1030-1130,,3703,30,-0.0586,-0.106,0.0154,0.39,-0.96,-0.1196,,0.47,-0.0322,-0.0265,-0.0546,-0.71,1601,14,-0.0384,-0.0962,0.0241,0.43,-0.71,-0.1471,,0.43,-0.0461,0.0076,0.0198,0.97,False,3.0,95.0,hi,W2,,,,,,,,,,
B,B-rsi3hi95-short-W2-t05s1,B-rsi3hi95-short-W2,t05s1,short,1030-1130,,3703,30,-0.0887,-0.1315,0.0119,0.612,-2.08,-0.1403,,0.4,-0.0481,-0.0407,-0.0541,-1.17,1601,14,-0.0764,-0.1278,0.0183,0.633,-1.91,-0.1612,,0.29,-0.0712,-0.0052,0.0041,-0.03,False,3.0,95.0,hi,W2,,,,,,,,,,
B,B-rsi3hi95-short-W2-t1s05,B-rsi3hi95-short-W2,t1s05,short,1030-1130,,3703,30,-0.0588,-0.1191,0.0118,0.296,-2.43,-0.1278,,0.33,-0.0255,-0.0334,-0.044,-1.25,1601,14,-0.0405,-0.1119,0.0186,0.325,-1.76,-0.1508,,0.21,-0.052,0.0115,0.0137,0.74,False,3.0,95.0,hi,W2,,,,,,,,,,
B,B-rsi3lo20-long-W2-t1s1,B-rsi3lo20-long-W2,t1s1,long,1030-1130,,22578,30,-0.0839,-0.1307,0.0062,0.375,-2.6,-0.154,,0.2,-0.0602,-0.0237,-0.0089,-1.14,10424,14,-0.0508,-0.1068,0.0093,0.406,-1.2,-0.1291,,0.43,-0.0621,0.0113,0.0108,0.69,False,3.0,20.0,lo,W2,,,,,,,,,,
B,B-rsi3lo20-long-W2-t05s1,B-rsi3lo20-long-W2,t05s1,long,1030-1130,,22578,30,-0.0887,-0.1312,0.0048,0.602,-4.1,-0.1436,,0.2,-0.0669,-0.0217,-0.0116,-1.54,10424,14,-0.0543,-0.1043,0.0071,0.641,-2.01,-0.1211,,0.43,-0.0566,0.0023,0.0071,0.56,False,3.0,20.0,lo,W2,,,,,,,,,,
B,B-rsi3lo20-long-W2-t1s05,B-rsi3lo20-long-W2,t1s05,long,1030-1130,,22578,30,-0.0701,-0.1276,0.0047,0.284,-3.46,-0.1405,,0.17,-0.0443,-0.0258,-0.0093,-1.11,10424,14,-0.0379,-0.1055,0.0072,0.313,-1.95,-0.1213,,0.43,-0.0371,-0.0008,-0.0019,-0.03,False,3.0,20.0,lo,W2,,,,,,,,,,
B,B-rsi3lo20-short-W2-t1s1,B-rsi3lo20-short-W2,t1s1,short,1030-1130,,22578,30,-0.0093,-0.0544,0.0062,0.404,-1.49,-0.071,,0.47,-0.0322,0.0229,0.008,1.06,10424,14,-0.061,-0.1166,0.0093,0.399,-1.84,-0.1618,,0.36,-0.0461,-0.0149,-0.0144,-0.9,False,3.0,20.0,lo,W2,,,,,,,,,,
B,B-rsi3lo20-short-W2-t05s1,B-rsi3lo20-short-W2,t05s1,short,1030-1130,,22578,30,-0.0233,-0.0638,0.0047,0.644,-2.36,-0.0739,,0.37,-0.0481,0.0248,0.0083,1.01,10424,14,-0.0738,-0.1242,0.0071,0.622,-2.99,-0.1475,,0.29,-0.0712,-0.0026,-0.0015,-0.18,False,3.0,20.0,lo,W2,,,,,,,,,,
B,B-rsi3lo20-short-W2-t1s05,B-rsi3lo20-short-W2,t1s05,short,1030-1130,,22578,30,-0.0045,-0.0598,0.0048,0.322,-2.31,-0.072,,0.33,-0.0255,0.0209,0.0109,1.46,10424,14,-0.0578,-0.1259,0.0071,0.305,-3.03,-0.1544,,0.21,-0.052,-0.0059,-0.0107,-0.89,False,3.0,20.0,lo,W2,,,,,,,,,,
B,B-rsi3lo10-long-W2-t1s1,B-rsi3lo10-long-W2,t1s1,long,1030-1130,,10402,30,-0.0575,-0.1053,0.0092,0.385,-2.17,-0.125,,0.3,-0.0602,0.0027,0.0198,0.02,4838,14,-0.032,-0.0888,0.0137,0.419,-0.97,-0.1176,,0.5,-0.0621,0.03,0.0304,0.99,False,3.0,10.0,lo,W2,,,,,,,,,,
B,B-rsi3lo10-long-W2-t05s1,B-rsi3lo10-long-W2,t05s1,long,1030-1130,,10402,30,-0.0702,-0.1133,0.007,0.615,-3.99,-0.1231,,0.2,-0.0669,-0.0032,0.0068,-0.49,4838,14,-0.0436,-0.0947,0.0104,0.648,-1.89,-0.1132,,0.29,-0.0566,0.013,0.0174,0.56,False,3.0,10.0,lo,W2,,,,,,,,,,
B,B-rsi3lo10-long-W2-t1s05,B-rsi3lo10-long-W2,t1s05,long,1030-1130,,10402,30,-0.0645,-0.1235,0.007,0.288,-3.46,-0.1349,,0.17,-0.0443,-0.0202,-0.0004,-0.62,4838,14,-0.0346,-0.104,0.0106,0.319,-1.96,-0.1219,,0.36,-0.0371,0.0025,0.0031,0.31,False,3.0,10.0,lo,W2,,,,,,,,,,
B,B-rsi3lo10-short-W2-t1s1,B-rsi3lo10-short-W2,t1s1,short,1030-1130,,10402,30,-0.0393,-0.0861,0.0091,0.39,-2.32,-0.0996,,0.4,-0.0322,-0.0071,-0.0243,-0.26,4838,14,-0.0845,-0.1425,0.0137,0.389,-2.47,-0.195,,0.29,-0.0461,-0.0384,-0.0389,-1.37,False,3.0,10.0,lo,W2,,,,,,,,,,
B,B-rsi3lo10-short-W2-t05s1,B-rsi3lo10-short-W2,t05s1,short,1030-1130,,10402,30,-0.0326,-0.0745,0.0069,0.637,-3.09,-0.0842,,0.27,-0.0481,0.0155,-0.0043,0.32,4838,14,-0.0823,-0.1342,0.0105,0.621,-3.84,-0.1631,,0.21,-0.0712,-0.0112,-0.0118,-0.74,False,3.0,10.0,lo,W2,,,,,,,,,,
B,B-rsi3lo10-short-W2-t1s05,B-rsi3lo10-short-W2,t1s05,short,1030-1130,,10402,30,-0.027,-0.0842,0.007,0.308,-3.44,-0.0942,,0.23,-0.0255,-0.0015,-0.0115,0.14,4838,14,-0.0721,-0.1423,0.0104,0.295,-3.64,-0.1676,,0.21,-0.052,-0.0201,-0.0246,-0.98,False,3.0,10.0,lo,W2,,,,,,,,,,
B,B-rsi3lo5-long-W2-t1s1,B-rsi3lo5-long-W2,t1s1,long,1030-1130,,3917,30,-0.0341,-0.0833,0.0151,0.402,-2.23,-0.1036,,0.33,-0.0602,0.0261,0.0403,0.39,1849,14,-0.0094,-0.0704,0.0228,0.45,-0.9,-0.1001,,0.5,-0.0621,0.0527,0.0424,1.32,False,3.0,5.0,lo,W2,,,,,,,,,,
B,B-rsi3lo5-long-W2-t05s1,B-rsi3lo5-long-W2,t05s1,long,1030-1130,,3917,30,-0.0521,-0.096,0.0114,0.629,-3.56,-0.1086,,0.17,-0.0669,0.0148,0.0223,0.38,1849,14,-0.0312,-0.0849,0.017,0.67,-2.12,-0.1014,,0.29,-0.0566,0.0255,0.022,0.59,False,3.0,5.0,lo,W2,,,,,,,,,,
B,B-rsi3lo5-long-W2-t1s05,B-rsi3lo5-long-W2,t1s05,long,1030-1130,,3917,30,-0.0658,-0.1269,0.0114,0.287,-4.56,-0.1368,,0.27,-0.0443,-0.0215,-0.0002,-0.46,1849,14,-0.0033,-0.0761,0.0177,0.35,-1.75,-0.092,,0.29,-0.0371,0.0338,0.0257,0.72,False,3.0,5.0,lo,W2,,,,,,,,,,
B,B-rsi3lo5-short-W2-t1s1,B-rsi3lo5-short-W2,t1s1,short,1030-1130,,3917,30,-0.0668,-0.1149,0.0149,0.382,-2.99,-0.1286,,0.3,-0.0322,-0.0346,-0.0486,-0.72,1849,14,-0.1165,-0.1768,0.0224,0.394,-3.76,-0.2142,,0.21,-0.0461,-0.0704,-0.0602,-1.94,False,3.0,5.0,lo,W2,,,,,,,,,,
B,B-rsi3lo5-short-W2-t05s1,B-rsi3lo5-short-W2,t05s1,short,1030-1130,,3917,30,-0.0357,-0.0783,0.0112,0.635,-3.66,-0.0858,,0.27,-0.0481,0.0124,-0.0086,-0.03,1849,14,-0.1242,-0.1781,0.0173,0.601,-5.98,-0.1811,,0.0,-0.0712,-0.053,-0.0449,-1.39,False,3.0,5.0,lo,W2,,,,,,,,,,
B,B-rsi3lo5-short-W2-t1s05,B-rsi3lo5-short-W2,t1s05,short,1030-1130,,3917,30,-0.049,-0.1086,0.0114,0.296,-4.56,-0.1184,,0.23,-0.0255,-0.0235,-0.0307,-0.85,1849,14,-0.0964,-0.1701,0.0167,0.291,-5.44,-0.1858,,0.07,-0.052,-0.0444,-0.0409,-1.17,False,3.0,5.0,lo,W2,,,,,,,,,,
B,B-rsi3hi80-long-W3-t1s1,B-rsi3hi80-long-W3,t1s1,long,1130-1300,,27867,30,-0.053,-0.0943,0.0051,0.303,-2.33,-0.1154,,0.33,-0.0577,0.0046,0.0007,0.26,12606,14,-0.116,-0.167,0.0078,0.299,-3.86,-0.1878,,0.21,-0.1183,0.0023,-0.0062,-0.35,False,3.0,80.0,hi,W3,,,,,,,,,,
B,B-rsi3hi80-long-W3-t05s1,B-rsi3hi80-long-W3,t05s1,long,1130-1300,,27867,30,-0.0594,-0.0982,0.0041,0.57,-3.52,-0.1104,,0.23,-0.0598,0.0004,-0.0029,-0.06,12606,14,-0.0888,-0.1356,0.0062,0.565,-4.2,-0.1532,,0.07,-0.0851,-0.0037,-0.0042,-0.24,False,3.0,80.0,hi,W3,,,,,,,,,,
B,B-rsi3hi80-long-W3-t1s05,B-rsi3hi80-long-W3,t1s05,long,1130-1300,,27867,30,-0.042,-0.0956,0.0041,0.258,-3.1,-0.1105,,0.27,-0.0518,0.0099,0.0012,0.3,12606,14,-0.1066,-0.1723,0.0061,0.241,-5.76,-0.1923,,0.07,-0.0954,-0.0112,-0.0192,-1.65,False,3.0,80.0,hi,W3,,,,,,,,,,
B,B-rsi3hi80-short-W3-t1s1,B-rsi3hi80-short-W3,t1s1,short,1130-1300,,27867,30,-0.0391,-0.0799,0.0051,0.301,-1.65,-0.1004,,0.33,-0.0348,-0.0042,-0.0003,-0.24,12606,14,0.0103,-0.0381,0.0077,0.343,-0.56,-0.0625,,0.5,0.0103,-0.0,0.0085,0.5,False,3.0,80.0,hi,W3,,,,,,,,,,
B,B-rsi3hi80-short-W3-t05s1,B-rsi3hi80-short-W3,t05s1,short,1130-1300,,27867,30,-0.0503,-0.0886,0.0041,0.575,-2.59,-0.1013,,0.37,-0.0407,-0.0096,-0.001,-0.29,12606,14,0.0008,-0.044,0.006,0.638,-1.11,-0.0577,,0.43,-0.0126,0.0135,0.0215,1.83,False,3.0,80.0,hi,W3,,,,,,,,,,
B,B-rsi3hi80-short-W3-t1s05,B-rsi3hi80-short-W3,t1s05,short,1130-1300,,27867,30,-0.033,-0.0859,0.0041,0.253,-2.73,-0.0998,,0.3,-0.0326,-0.0004,0.003,0.06,12606,14,-0.0167,-0.0787,0.0063,0.277,-1.97,-0.096,,0.29,-0.023,0.0063,0.0067,0.44,False,3.0,80.0,hi,W3,,,,,,,,,,
B,B-rsi3hi90-long-W3-t1s1,B-rsi3hi90-long-W3,t1s1,long,1130-1300,,14264,30,-0.0734,-0.1145,0.007,0.285,-3.05,-0.138,,0.3,-0.0577,-0.0158,-0.0117,-0.48,6391,14,-0.1337,-0.1858,0.0109,0.297,-4.53,-0.2088,,0.07,-0.1183,-0.0154,-0.0188,-0.74,False,3.0,90.0,hi,W3,,,,,,,,,,
B,B-rsi3hi90-long-W3-t05s1,B-rsi3hi90-long-W3,t05s1,long,1130-1300,,14264,30,-0.0691,-0.1077,0.0057,0.558,-3.9,-0.123,,0.27,-0.0598,-0.0093,-0.008,-0.31,6391,14,-0.1042,-0.1522,0.0088,0.553,-4.7,-0.1682,,0.0,-0.0851,-0.0191,-0.0168,-0.86,False,3.0,90.0,hi,W3,,,,,,,,,,
B,B-rsi3hi90-long-W3-t1s05,B-rsi3hi90-long-W3,t1s05,long,1130-1300,,14264,30,-0.0723,-0.1265,0.0056,0.236,-4.38,-0.1452,,0.2,-0.0518,-0.0205,-0.0183,-1.04,6391,14,-0.1155,-0.1817,0.0085,0.239,-6.9,-0.1964,,0.0,-0.0954,-0.0201,-0.0236,-1.3,False,3.0,90.0,hi,W3,,,,,,,,,,
B,B-rsi3hi90-short-W3-t1s1,B-rsi3hi90-short-W3,t1s1,short,1130-1300,,14264,30,-0.019,-0.0586,0.007,0.304,-1.13,-0.0825,,0.5,-0.0348,0.0159,0.0118,0.45,6391,14,0.0265,-0.0223,0.0109,0.353,-0.09,-0.0453,,0.5,0.0103,0.0162,0.0196,0.7,False,3.0,90.0,hi,W3,,,,,,,,,,
B,B-rsi3hi90-short-W3-t05s1,B-rsi3hi90-short-W3,t05s1,short,1130-1300,,14264,30,-0.0204,-0.0574,0.0056,0.596,-1.69,-0.0716,,0.43,-0.0407,0.0203,0.018,0.98,6391,14,0.0083,-0.0373,0.0085,0.647,-0.86,-0.0521,,0.36,-0.0126,0.021,0.0244,1.2,False,3.0,90.0,hi,W3,,,,,,,,,,
B,B-rsi3hi90-short-W3-t1s05,B-rsi3hi90-short-W3,t1s05,short,1130-1300,,14264,30,-0.0241,-0.0761,0.0057,0.254,-2.2,-0.0961,,0.33,-0.0326,0.0084,0.0072,0.21,6391,14,-0.0035,-0.0653,0.0088,0.285,-1.42,-0.0852,,0.36,-0.023,0.0195,0.0172,0.79,False,3.0,90.0,hi,W3,,,,,,,,,,
B,B-rsi3hi95-long-W3-t1s1,B-rsi3hi95-long-W3,t1s1,long,1130-1300,,5497,30,-0.0877,-0.1301,0.0114,0.285,-3.09,-0.1573,,0.33,-0.0577,-0.0301,-0.0151,-0.71,2457,14,-0.1549,-0.2093,0.0181,0.317,-4.78,-0.2372,,0.14,-0.1183,-0.0366,-0.0261,-0.78,False,3.0,95.0,hi,W3,,,,,,,,,,
B,B-rsi3hi95-long-W3-t05s1,B-rsi3hi95-long-W3,t05s1,long,1130-1300,,5497,30,-0.0945,-0.1346,0.0093,0.544,-4.37,-0.1553,,0.2,-0.0598,-0.0347,-0.0266,-1.3,2457,14,-0.1328,-0.1832,0.0146,0.554,-4.63,-0.2048,,0.07,-0.0851,-0.0477,-0.0325,-1.66,False,3.0,95.0,hi,W3,,,,,,,,,,
B,B-rsi3hi95-long-W3-t1s05,B-rsi3hi95-long-W3,t1s05,long,1130-1300,,5497,30,-0.0855,-0.1416,0.0091,0.232,-4.7,-0.1656,,0.23,-0.0518,-0.0337,-0.0192,-1.28,2457,14,-0.1152,-0.1828,0.0138,0.251,-6.39,-0.2103,,0.07,-0.0954,-0.0198,-0.015,-0.35,False,3.0,95.0,hi,W3,,,,,,,,,,
B,B-rsi3hi95-short-W3-t1s1,B-rsi3hi95-short-W3,t1s1,short,1130-1300,,5497,30,-0.0091,-0.0495,0.0114,0.317,-0.78,-0.0743,,0.47,-0.0348,0.0258,0.0107,0.51,2457,14,0.0425,-0.0102,0.0183,0.387,0.21,-0.04,,0.5,0.0103,0.0322,0.0217,0.59,False,3.0,95.0,hi,W3,,,,,,,,,,
B,B-rsi3hi95-short-W3-t05s1,B-rsi3hi95-short-W3,t05s1,short,1130-1300,,5497,30,-0.0116,-0.0489,0.0089,0.611,-1.26,-0.0641,,0.47,-0.0407,0.0291,0.0145,0.9,2457,14,0.0024,-0.0468,0.014,0.652,-1.34,-0.0704,,0.36,-0.0126,0.015,0.0103,0.13,False,3.0,95.0,hi,W3,,,,,,,,,,
B,B-rsi3hi95-short-W3-t1s05,B-rsi3hi95-short-W3,t1s05,short,1130-1300,,5497,30,-0.0045,-0.0571,0.0093,0.272,-1.5,-0.0791,,0.4,-0.0326,0.0281,0.0199,0.87,2457,14,0.0206,-0.0442,0.0147,0.318,-0.55,-0.0701,,0.43,-0.023,0.0436,0.0284,1.37,False,3.0,95.0,hi,W3,,,,,,,,,,
B,B-rsi3lo20-long-W3-t1s1,B-rsi3lo20-long-W3,t1s1,long,1130-1300,,26783,30,-0.0497,-0.0917,0.0052,0.307,-1.75,-0.1054,,0.37,-0.0577,0.008,0.0086,0.47,12263,14,-0.1227,-0.1753,0.0079,0.294,-2.98,-0.1914,,0.21,-0.1183,-0.0044,0.0118,1.65,False,3.0,20.0,lo,W3,,,,,,,,,,
B,B-rsi3lo20-long-W3-t05s1,B-rsi3lo20-long-W3,t05s1,long,1130-1300,,26783,30,-0.0558,-0.0953,0.0042,0.577,-2.59,-0.1045,,0.37,-0.0598,0.004,0.0063,0.45,12263,14,-0.0966,-0.1454,0.0064,0.57,-2.62,-0.1579,,0.21,-0.0851,-0.0116,0.0081,1.38,False,3.0,20.0,lo,W3,,,,,,,,,,
B,B-rsi3lo20-long-W3-t1s05,B-rsi3lo20-long-W3,t1s05,long,1130-1300,,26783,30,-0.0454,-0.0998,0.0042,0.25,-2.46,-0.1115,,0.27,-0.0518,0.0064,0.0035,0.26,12263,14,-0.0855,-0.1516,0.0062,0.241,-3.61,-0.1658,,0.14,-0.0954,0.0099,0.0168,1.92,False,3.0,20.0,lo,W3,,,,,,,,,,
B,B-rsi3lo20-short-W3-t1s1,B-rsi3lo20-short-W3,t1s1,short,1130-1300,,26783,30,-0.0446,-0.0868,0.0052,0.31,-2.28,-0.1012,,0.37,-0.0348,-0.0097,-0.0102,-0.61,12263,14,0.0148,-0.0341,0.0079,0.352,-1.02,-0.0683,,0.43,0.0103,0.0045,-0.0116,-1.54,False,3.0,20.0,lo,W3,,,,,,,,,,
B,B-rsi3lo20-short-W3-t05s1,B-rsi3lo20-short-W3,t05s1,short,1130-1300,,26783,30,-0.0488,-0.0879,0.0041,0.572,-2.99,-0.0985,,0.37,-0.0407,-0.0081,-0.0052,-0.42,12263,14,-0.0223,-0.0675,0.0061,0.609,-2.2,-0.0933,,0.21,-0.0126,-0.0096,-0.0166,-1.79,False,3.0,20.0,lo,W3,,,,,,,,,,
B,B-rsi3lo20-short-W3-t1s05,B-rsi3lo20-short-W3,t1s05,short,1130-1300,,26783,30,-0.038,-0.0925,0.0042,0.261,-3.29,-0.1033,,0.3,-0.0326,-0.0055,-0.0077,-0.59,12263,14,-0.0117,-0.0748,0.0064,0.293,-2.04,-0.1066,,0.21,-0.023,0.0113,-0.0083,-1.33,False,3.0,20.0,lo,W3,,,,,,,,,,
B,B-rsi3lo10-long-W3-t1s1,B-rsi3lo10-long-W3,t1s1,long,1130-1300,,13425,30,-0.0439,-0.0872,0.0074,0.32,-1.63,-0.1038,,0.4,-0.0577,0.0138,0.0137,0.19,6209,14,-0.1531,-0.2075,0.0111,0.284,-3.24,-0.2307,,0.29,-0.1183,-0.0348,-0.0035,-0.11,False,3.0,10.0,lo,W3,,,,,,,,,,
B,B-rsi3lo10-long-W3-t05s1,B-rsi3lo10-long-W3,t05s1,long,1130-1300,,13425,30,-0.0555,-0.0959,0.0059,0.583,-2.57,-0.1065,,0.37,-0.0598,0.0043,0.0066,0.09,6209,14,-0.1032,-0.1528,0.0091,0.57,-2.58,-0.167,,0.43,-0.0851,-0.0181,0.0124,1.07,False,3.0,10.0,lo,W3,,,,,,,,,,
B,B-rsi3lo10-long-W3-t1s05,B-rsi3lo10-long-W3,t1s05,long,1130-1300,,13425,30,-0.0456,-0.1018,0.0059,0.257,-2.59,-0.1175,,0.33,-0.0518,0.0063,0.0048,0.07,6209,14,-0.1048,-0.172,0.0086,0.231,-3.91,-0.1889,,0.21,-0.0954,-0.0094,0.0097,0.7,False,3.0,10.0,lo,W3,,,,,,,,,,
B,B-rsi3lo10-short-W3-t1s1,B-rsi3lo10-short-W3,t1s1,short,1130-1300,,13425,30,-0.0539,-0.0979,0.0075,0.314,-2.57,-0.1131,,0.37,-0.0348,-0.0191,-0.0187,-0.5,6209,14,0.0428,-0.0057,0.011,0.367,-0.93,-0.0467,,0.29,0.0103,0.0325,0.0012,-0.09,False,3.0,10.0,lo,W3,,,,,,,,,,
B,B-rsi3lo10-short-W3-t05s1,B-rsi3lo10-short-W3,t05s1,short,1130-1300,,13425,30,-0.0518,-0.0922,0.0059,0.579,-3.45,-0.1005,,0.3,-0.0407,-0.0112,-0.0095,-0.49,6209,14,-0.0055,-0.0503,0.0084,0.617,-2.2,-0.0737,,0.29,-0.0126,0.0071,-0.0118,-1.08,False,3.0,10.0,lo,W3,,,,,,,,,,
B,B-rsi3lo10-short-W3-t1s05,B-rsi3lo10-short-W3,t1s05,short,1130-1300,,13425,30,-0.0418,-0.0986,0.006,0.262,-3.77,-0.1118,,0.23,-0.0326,-0.0092,-0.0114,-0.45,6209,14,-0.0078,-0.0716,0.0091,0.298,-2.68,-0.1122,,0.29,-0.023,0.0152,-0.0152,-1.22,False,3.0,10.0,lo,W3,,,,,,,,,,
B,B-rsi3lo5-long-W3-t1s1,B-rsi3lo5-long-W3,t1s1,long,1130-1300,,5318,30,-0.0285,-0.0726,0.012,0.336,-1.59,-0.1099,,0.43,-0.0577,0.0291,0.0287,-0.17,2658,14,-0.1655,-0.2223,0.0171,0.283,-2.57,-0.2419,,0.29,-0.1183,-0.0472,-0.0108,0.3,False,3.0,5.0,lo,W3,,,,,,,,,,
B,B-rsi3lo5-long-W3-t05s1,B-rsi3lo5-long-W3,t05s1,long,1130-1300,,5318,30,-0.0508,-0.0918,0.0094,0.594,-2.55,-0.1139,,0.27,-0.0598,0.009,0.011,-0.49,2658,14,-0.1092,-0.1606,0.014,0.571,-1.79,-0.1752,,0.36,-0.0851,-0.0242,0.0078,1.38,False,3.0,5.0,lo,W3,,,,,,,,,,
B,B-rsi3lo5-long-W3-t1s05,B-rsi3lo5-long-W3,t1s05,long,1130-1300,,5318,30,-0.0498,-0.1086,0.0095,0.261,-2.7,-0.1246,,0.23,-0.0518,0.002,0.0014,-0.47,2658,14,-0.1148,-0.1857,0.0133,0.23,-3.56,-0.201,,0.21,-0.0954,-0.0194,0.0059,0.09,False,3.0,5.0,lo,W3,,,,,,,,,,
B,B-rsi3lo5-short-W3-t1s1,B-rsi3lo5-short-W3,t1s1,short,1130-1300,,5318,30,-0.0719,-0.1178,0.012,0.321,-2.46,-0.1463,,0.33,-0.0348,-0.0371,-0.0363,-0.16,2658,14,0.0474,-0.0031,0.017,0.377,-1.58,-0.0714,,0.36,0.0103,0.0371,0.0009,-0.88,False,3.0,5.0,lo,W3,,,,,,,,,,
B,B-rsi3lo5-short-W3-t05s1,B-rsi3lo5-short-W3,t05s1,short,1130-1300,,5318,30,-0.0508,-0.0922,0.0094,0.593,-3.29,-0.1088,,0.37,-0.0407,-0.0101,-0.0094,-0.07,2658,14,-0.0039,-0.0503,0.0131,0.633,-2.48,-0.0948,,0.29,-0.0126,0.0087,-0.0162,-0.89,False,3.0,5.0,lo,W3,,,,,,,,,,
B,B-rsi3lo5-short-W3-t1s05,B-rsi3lo5-short-W3,t1s05,short,1130-1300,,5318,30,-0.0496,-0.1088,0.0095,0.265,-3.52,-0.1331,,0.27,-0.0326,-0.017,-0.0187,0.06,2658,14,-0.0094,-0.0766,0.0141,0.304,-3.53,-0.1469,,0.14,-0.023,0.0136,-0.0181,-1.96,False,3.0,5.0,lo,W3,,,,,,,,,,
B,B-rsi3hi80-long-W4-t1s1,B-rsi3hi80-long-W4,t1s1,long,1300-1430,,27601,30,-0.0542,-0.0913,0.0045,0.211,-2.95,-0.1097,,0.23,-0.0415,-0.0127,-0.0156,-1.32,12863,14,-0.1669,-0.2151,0.0068,0.189,-5.4,-0.2316,,0.0,-0.1362,-0.0307,-0.0239,-3.09,False,3.0,80.0,hi,W4,,,,,,,,,,
B,B-rsi3hi80-long-W4-t05s1,B-rsi3hi80-long-W4,t05s1,long,1300-1430,,27601,30,-0.0647,-0.1005,0.0037,0.484,-4.07,-0.1116,,0.23,-0.047,-0.0177,-0.0142,-1.71,12863,14,-0.1417,-0.1878,0.0058,0.454,-5.64,-0.2046,,0.07,-0.1115,-0.0302,-0.0258,-3.09,False,3.0,80.0,hi,W4,,,,,,,,,,
B,B-rsi3hi80-long-W4-t1s05,B-rsi3hi80-long-W4,t1s05,long,1300-1430,,27601,30,-0.0458,-0.0962,0.0038,0.189,-3.6,-0.1135,,0.2,-0.039,-0.0069,-0.0104,-0.99,12863,14,-0.1293,-0.1933,0.0055,0.168,-7.51,-0.2064,,0.0,-0.1098,-0.0195,-0.0193,-2.96,False,3.0,80.0,hi,W4,,,,,,,,,,
B,B-rsi3hi80-short-W4-t1s1,B-rsi3hi80-short-W4,t1s1,short,1300-1430,,27601,30,-0.0397,-0.0772,0.0045,0.212,-1.79,-0.0907,,0.37,-0.0509,0.0112,0.0141,1.19,12863,14,0.06,0.0171,0.0067,0.267,0.52,0.0012,0.93,0.57,0.0283,0.0317,0.0248,3.5,False,3.0,80.0,hi,W4,,,,,,,,,,
B,B-rsi3hi80-short-W4-t05s1,B-rsi3hi80-short-W4,t05s1,short,1300-1430,,27601,30,-0.0481,-0.0843,0.0037,0.497,-2.48,-0.0944,,0.33,-0.0536,0.0054,0.0089,0.84,12863,14,0.0222,-0.0191,0.0054,0.576,-0.68,-0.0263,,0.57,0.0019,0.0203,0.0201,3.12,False,3.0,80.0,hi,W4,,,,,,,,,,
B,B-rsi3hi80-short-W4-t1s05,B-rsi3hi80-short-W4,t1s05,short,1300-1430,,27601,30,-0.0291,-0.0799,0.0038,0.19,-2.56,-0.0917,,0.23,-0.0453,0.0162,0.0128,1.54,12863,14,0.0349,-0.0224,0.0059,0.236,-0.54,-0.0345,,0.57,0.0035,0.0314,0.0268,3.5,False,3.0,80.0,hi,W4,,,,,,,,,,
B,B-rsi3hi90-long-W4-t1s1,B-rsi3hi90-long-W4,t1s1,long,1300-1430,,14349,30,-0.0352,-0.0716,0.0062,0.222,-3.09,-0.0967,,0.2,-0.0415,0.0063,-0.0076,-0.77,6617,14,-0.1737,-0.2223,0.0095,0.196,-5.53,-0.2385,,0.0,-0.1362,-0.0375,-0.019,-0.84,False,3.0,90.0,hi,W4,,,,,,,,,,
B,B-rsi3hi90-long-W4-t05s1,B-rsi3hi90-long-W4,t05s1,long,1300-1430,,14349,30,-0.0498,-0.0848,0.0051,0.492,-4.25,-0.1005,,0.17,-0.047,-0.0028,-0.0087,-0.96,6617,14,-0.1429,-0.1893,0.0081,0.456,-6.43,-0.2013,,0.0,-0.1115,-0.0314,-0.016,-0.95,False,3.0,90.0,hi,W4,,,,,,,,,,
B,B-rsi3hi90-long-W4-t1s05,B-rsi3hi90-long-W4,t1s05,long,1300-1430,,14349,30,-0.0301,-0.0803,0.0053,0.2,-3.71,-0.103,,0.17,-0.039,0.0088,-0.0047,-0.64,6617,14,-0.1255,-0.1897,0.0077,0.175,-6.77,-0.2048,,0.0,-0.1098,-0.0157,-0.005,-0.01,False,3.0,90.0,hi,W4,,,,,,,,,,
B,B-rsi3hi90-short-W4-t1s1,B-rsi3hi90-short-W4,t1s1,short,1300-1430,,14349,30,-0.0603,-0.0977,0.0062,0.194,-1.72,-0.1102,,0.3,-0.0509,-0.0093,0.0046,0.56,6617,14,0.0667,0.0235,0.0094,0.271,0.52,0.0053,0.8,0.57,0.0283,0.0384,0.0196,0.88,False,3.0,90.0,hi,W4,,,,,,,,,,
B,B-rsi3hi90-short-W4-t05s1,B-rsi3hi90-short-W4,t05s1,short,1300-1430,,14349,30,-0.0655,-0.1017,0.0052,0.482,-2.43,-0.1113,,0.27,-0.0536,-0.0119,0.0016,0.36,6617,14,0.0183,-0.0235,0.0075,0.569,-0.99,-0.037,,0.57,0.0019,0.0164,0.0057,0.01,False,3.0,90.0,hi,W4,,,,,,,,,,
B,B-rsi3hi90-short-W4-t1s05,B-rsi3hi90-short-W4,t1s05,short,1300-1430,,14349,30,-0.0454,-0.0965,0.0052,0.171,-2.61,-0.1067,,0.27,-0.0453,-0.0001,0.0057,0.67,6617,14,0.0357,-0.0215,0.0082,0.238,-0.73,-0.0314,,0.57,0.0035,0.0322,0.0166,0.99,False,3.0,90.0,hi,W4,,,,,,,,,,
B,B-rsi3hi95-long-W4-t1s1,B-rsi3hi95-long-W4,t1s1,long,1300-1430,,5943,30,-0.0188,-0.0546,0.0096,0.231,-3.19,-0.0791,,0.27,-0.0415,0.0228,0.0074,-0.59,2712,14,-0.1881,-0.2369,0.0149,0.196,-5.02,-0.263,,0.14,-0.1362,-0.052,-0.0269,-1.06,False,3.0,95.0,hi,W4,,,,,,,,,,
B,B-rsi3hi95-long-W4-t05s1,B-rsi3hi95-long-W4,t05s1,long,1300-1430,,5943,30,-0.0357,-0.0704,0.0078,0.505,-4.05,-0.0891,,0.27,-0.047,0.0113,0.0016,-0.79,2712,14,-0.1545,-0.201,0.0128,0.454,-5.61,-0.2216,,0.07,-0.1115,-0.043,-0.021,-1.21,False,3.0,95.0,hi,W4,,,,,,,,,,
B,B-rsi3hi95-long-W4-t1s05,B-rsi3hi95-long-W4,t1s05,long,1300-1430,,5943,30,-0.0267,-0.0765,0.0082,0.201,-4.32,-0.0988,,0.2,-0.039,0.0122,-0.0026,-0.95,2712,14,-0.1395,-0.2045,0.012,0.171,-6.77,-0.2238,,0.0,-0.1098,-0.0296,-0.012,-0.7,False,3.0,95.0,hi,W4,,,,,,,,,,
B,B-rsi3hi95-short-W4-t1s1,B-rsi3hi95-short-W4,t1s1,short,1300-1430,,5943,30,-0.077,-0.1151,0.0096,0.188,-1.61,-0.1295,,0.33,-0.0509,-0.0261,-0.0107,0.33,2712,14,0.0776,0.0339,0.0148,0.278,0.75,0.0071,0.81,0.64,0.0283,0.0493,0.024,1.02,False,3.0,95.0,hi,W4,,,,,,,,,,
B,B-rsi3hi95-short-W4-t05s1,B-rsi3hi95-short-W4,t05s1,short,1300-1430,,5943,30,-0.0697,-0.1064,0.0081,0.473,-2.16,-0.1159,,0.33,-0.0536,-0.0161,-0.0014,0.58,2712,14,0.0287,-0.0133,0.0117,0.58,-0.44,-0.0316,,0.43,0.0019,0.0268,0.0091,0.47,False,3.0,95.0,hi,W4,,,,,,,,,,
B,B-rsi3hi95-short-W4-t1s05,B-rsi3hi95-short-W4,t1s05,short,1300-1430,,5943,30,-0.0602,-0.112,0.008,0.165,-2.34,-0.1232,,0.23,-0.0453,-0.0149,-0.0053,0.46,2712,14,0.0432,-0.014,0.0128,0.24,-0.28,-0.0312,,0.57,0.0035,0.0396,0.0174,1.11,False,3.0,95.0,hi,W4,,,,,,,,,,
B,B-rsi3lo20-long-W4-t1s1,B-rsi3lo20-long-W4,t1s1,long,1300-1430,,27517,30,-0.0436,-0.08,0.0044,0.204,-2.08,-0.0909,,0.33,-0.0415,-0.0021,0.0041,-0.01,12849,14,-0.1124,-0.1589,0.0067,0.2,-3.58,-0.1805,,0.21,-0.1362,0.0238,0.019,2.23,False,3.0,20.0,lo,W4,,,,,,,,,,
B,B-rsi3lo20-long-W4-t05s1,B-rsi3lo20-long-W4,t05s1,long,1300-1430,,27517,30,-0.0431,-0.0782,0.0037,0.495,-2.65,-0.0859,,0.33,-0.047,0.0039,0.0073,0.45,12849,14,-0.0864,-0.1308,0.0057,0.49,-3.66,-0.145,,0.21,-0.1115,0.0251,0.0191,2.67,False,3.0,20.0,lo,W4,,,,,,,,,,
B,B-rsi3lo20-long-W4-t1s05,B-rsi3lo20-long-W4,t1s05,long,1300-1430,,27517,30,-0.0408,-0.0902,0.0037,0.182,-2.99,-0.0996,,0.27,-0.039,-0.0018,0.0041,0.13,12849,14,-0.0867,-0.1493,0.0056,0.181,-3.82,-0.1665,,0.21,-0.1098,0.0231,0.0192,2.1,False,3.0,20.0,lo,W4,,,,,,,,,,
B,B-rsi3lo20-short-W4-t1s1,B-rsi3lo20-short-W4,t1s1,short,1300-1430,,27517,30,-0.0476,-0.0851,0.0044,0.204,-2.73,-0.097,,0.27,-0.0509,0.0033,-0.0027,0.1,12849,14,0.0033,-0.041,0.0067,0.236,-1.15,-0.0601,,0.43,0.0283,-0.025,-0.0202,-2.38,False,3.0,20.0,lo,W4,,,,,,,,,,
B,B-rsi3lo20-short-W4-t05s1,B-rsi3lo20-short-W4,t05s1,short,1300-1430,,27517,30,-0.0506,-0.0869,0.0037,0.485,-3.56,-0.0973,,0.23,-0.0536,0.0029,-0.0029,-0.04,12849,14,-0.0225,-0.0655,0.0055,0.534,-2.07,-0.083,,0.5,0.0019,-0.0244,-0.0204,-2.24,False,3.0,20.0,lo,W4,,,,,,,,,,
B,B-rsi3lo20-short-W4-t1s05,B-rsi3lo20-short-W4,t1s05,short,1300-1430,,27517,30,-0.0481,-0.0989,0.0038,0.179,-3.9,-0.11,,0.23,-0.0453,-0.0028,-0.006,-0.35,12849,14,-0.0228,-0.0825,0.0057,0.206,-2.65,-0.1028,,0.29,0.0035,-0.0264,-0.0203,-2.89,False,3.0,20.0,lo,W4,,,,,,,,,,
B,B-rsi3lo10-long-W4-t1s1,B-rsi3lo10-long-W4,t1s1,long,1300-1430,,14179,30,-0.0441,-0.0803,0.0061,0.199,-1.71,-0.0919,,0.37,-0.0415,-0.0025,0.0071,0.24,6584,14,-0.1039,-0.1498,0.0092,0.188,-3.97,-0.1657,,0.21,-0.1362,0.0323,0.0287,1.52,False,3.0,10.0,lo,W4,,,,,,,,,,
B,B-rsi3lo10-long-W4-t05s1,B-rsi3lo10-long-W4,t05s1,long,1300-1430,,14179,30,-0.0456,-0.0806,0.0051,0.484,-2.17,-0.089,,0.4,-0.047,0.0014,0.0067,0.52,6584,14,-0.0756,-0.1195,0.0078,0.482,-4.02,-0.1318,,0.14,-0.1115,0.0359,0.0344,2.18,False,3.0,10.0,lo,W4,,,,,,,,,,
B,B-rsi3lo10-long-W4-t1s05,B-rsi3lo10-long-W4,t1s05,long,1300-1430,,14179,30,-0.0459,-0.0958,0.0052,0.178,-2.87,-0.1063,,0.27,-0.039,-0.007,0.002,0.01,6584,14,-0.0953,-0.1583,0.0077,0.167,-4.85,-0.1673,,0.14,-0.1098,0.0145,0.0163,1.29,False,3.0,10.0,lo,W4,,,,,,,,,,
B,B-rsi3lo10-short-W4-t1s1,B-rsi3lo10-short-W4,t1s1,short,1300-1430,,14179,30,-0.0492,-0.0867,0.0061,0.197,-3.12,-0.0991,,0.27,-0.0509,0.0017,-0.0076,-0.31,6584,14,-0.0095,-0.0535,0.0092,0.225,-1.73,-0.0702,,0.43,0.0283,-0.0378,-0.0341,-2.06,False,3.0,10.0,lo,W4,,,,,,,,,,
B,B-rsi3lo10-short-W4-t05s1,B-rsi3lo10-short-W4,t05s1,short,1300-1430,,14179,30,-0.0472,-0.0835,0.0051,0.485,-3.81,-0.0935,,0.27,-0.0536,0.0064,-0.0023,-0.09,6584,14,-0.0182,-0.061,0.0076,0.532,-2.69,-0.0813,,0.14,0.0019,-0.0201,-0.0218,-1.86,False,3.0,10.0,lo,W4,,,,,,,,,,
B,B-rsi3lo10-short-W4-t1s05,B-rsi3lo10-short-W4,t1s05,short,1300-1430,,14179,30,-0.0475,-0.0984,0.0052,0.173,-4.11,-0.1087,,0.23,-0.0453,-0.0022,-0.0071,-0.6,6584,14,-0.0386,-0.0988,0.0079,0.193,-4.0,-0.1164,,0.07,0.0035,-0.0422,-0.0405,-2.93,False,3.0,10.0,lo,W4,,,,,,,,,,
B,B-rsi3lo5-long-W4-t1s1,B-rsi3lo5-long-W4,t1s1,long,1300-1430,,5680,30,-0.0568,-0.0934,0.0096,0.193,-1.25,-0.1046,,0.53,-0.0415,-0.0153,0.0075,0.5,2600,14,-0.0645,-0.1106,0.0149,0.214,-2.83,-0.1352,,0.21,-0.1362,0.0717,0.0606,1.45,False,3.0,5.0,lo,W4,,,,,,,,,,
B,B-rsi3lo5-long-W4-t05s1,B-rsi3lo5-long-W4,t05s1,long,1300-1430,,5680,30,-0.0559,-0.0912,0.0081,0.478,-1.66,-0.0988,,0.47,-0.047,-0.0089,0.0048,0.58,2600,14,-0.0584,-0.1022,0.0124,0.516,-3.19,-0.1267,,0.21,-0.1115,0.0531,0.0481,1.33,False,3.0,5.0,lo,W4,,,,,,,,,,
B,B-rsi3lo5-long-W4-t1s05,B-rsi3lo5-long-W4,t1s05,long,1300-1430,,5680,30,-0.051,-0.101,0.0081,0.171,-1.86,-0.1084,,0.4,-0.039,-0.012,0.0076,0.85,2600,14,-0.0624,-0.127,0.0126,0.188,-3.62,-0.1332,,0.21,-0.1098,0.0474,0.0447,1.77,False,3.0,5.0,lo,W4,,,,,,,,,,
B,B-rsi3lo5-short-W4-t1s1,B-rsi3lo5-short-W4,t1s1,short,1300-1430,,5680,30,-0.0377,-0.0751,0.0097,0.207,-3.21,-0.0939,,0.23,-0.0509,0.0132,-0.0091,-0.64,2600,14,-0.056,-0.1043,0.0151,0.222,-2.65,-0.1256,,0.29,0.0283,-0.0843,-0.0731,-1.9,False,3.0,5.0,lo,W4,,,,,,,,,,
B,B-rsi3lo5-short-W4-t05s1,B-rsi3lo5-short-W4,t05s1,short,1300-1430,,5680,30,-0.0434,-0.0795,0.0081,0.487,-4.08,-0.0934,,0.23,-0.0536,0.0102,-0.0091,-1.0,2600,14,-0.0576,-0.1041,0.0125,0.514,-3.85,-0.1256,,0.14,0.0019,-0.0595,-0.0567,-2.48,False,3.0,5.0,lo,W4,,,,,,,,,,
B,B-rsi3lo5-short-W4-t1s05,B-rsi3lo5-short-W4,t1s05,short,1300-1430,,5680,30,-0.0385,-0.0899,0.0083,0.182,-4.01,-0.1081,,0.2,-0.0453,0.0069,-0.0063,-0.76,2600,14,-0.0634,-0.1287,0.0128,0.192,-4.25,-0.15,,0.07,0.0035,-0.0669,-0.0619,-1.95,False,3.0,5.0,lo,W4,,,,,,,,,,
B,B-rsi3hi80-long-W5-t1s1,B-rsi3hi80-long-W5,t1s1,long,1430-1500,,15526,30,-0.0627,-0.0979,0.0052,0.132,-3.83,-0.1107,,0.27,-0.0486,-0.0141,-0.0014,-0.11,6362,14,-0.142,-0.184,0.0082,0.11,-4.79,-0.1893,,0.0,-0.0901,-0.0519,-0.0302,-2.47,False,3.0,80.0,hi,W5,,,,,,,,,,
B,B-rsi3hi80-long-W5-t05s1,B-rsi3hi80-long-W5,t05s1,long,1430-1500,,15526,30,-0.0521,-0.0861,0.0044,0.402,-4.76,-0.0943,,0.23,-0.0499,-0.0021,0.0022,0.1,6362,14,-0.1205,-0.1616,0.0074,0.372,-4.69,-0.1662,,0.0,-0.0799,-0.0407,-0.0207,-2.19,False,3.0,80.0,hi,W5,,,,,,,,,,
B,B-rsi3hi80-long-W5-t1s05,B-rsi3hi80-long-W5,t1s05,long,1430-1500,,15526,30,-0.045,-0.0931,0.0045,0.125,-4.56,-0.1057,,0.2,-0.0429,-0.0021,0.0015,0.07,6362,14,-0.1164,-0.1745,0.007,0.102,-6.17,-0.1783,,0.0,-0.0751,-0.0412,-0.0241,-2.15,False,3.0,80.0,hi,W5,,,,,,,,,,
B,B-rsi3hi80-short-W5-t1s1,B-rsi3hi80-short-W5,t1s1,short,1430-1500,,15526,30,-0.0319,-0.0661,0.0051,0.139,-2.46,-0.0871,,0.27,-0.0435,0.0115,-0.0006,-0.21,6362,14,0.0368,-0.001,0.008,0.159,-0.18,-0.0215,,0.29,-0.0178,0.0547,0.0327,2.74,False,3.0,80.0,hi,W5,,,,,,,,,,
B,B-rsi3hi80-short-W5-t05s1,B-rsi3hi80-short-W5,t05s1,short,1430-1500,,15526,30,-0.0497,-0.0836,0.0044,0.4,-3.27,-0.0903,,0.23,-0.0493,-0.0005,-0.0035,-0.45,6362,14,0.0109,-0.0254,0.0067,0.456,-1.11,-0.0416,,0.29,-0.0329,0.0438,0.0264,2.31,False,3.0,80.0,hi,W5,,,,,,,,,,
B,B-rsi3hi80-short-W5-t1s05,B-rsi3hi80-short-W5,t1s05,short,1430-1500,,15526,30,-0.0425,-0.0899,0.0045,0.116,-3.94,-0.0972,,0.17,-0.0422,-0.0003,-0.0042,-0.43,6362,14,0.0151,-0.0368,0.0074,0.149,-1.19,-0.0561,,0.21,-0.0282,0.0433,0.0231,2.53,False,3.0,80.0,hi,W5,,,,,,,,,,
B,B-rsi3hi90-long-W5-t1s1,B-rsi3hi90-long-W5,t1s1,long,1430-1500,,6490,30,-0.1084,-0.1463,0.0084,0.138,-3.34,-0.1744,,0.23,-0.0486,-0.0598,-0.0141,-0.52,2598,14,-0.1775,-0.2215,0.013,0.11,-6.41,-0.2342,,0.0,-0.0901,-0.0874,-0.0491,-3.1,False,3.0,90.0,hi,W5,,,,,,,,,,
B,B-rsi3hi90-long-W5-t05s1,B-rsi3hi90-long-W5,t05s1,long,1430-1500,,6490,30,-0.0788,-0.1149,0.0072,0.405,-4.97,-0.1311,,0.13,-0.0499,-0.0288,-0.0014,-0.48,2598,14,-0.1445,-0.1872,0.0118,0.371,-6.01,-0.1981,,0.0,-0.0799,-0.0646,-0.0298,-2.55,False,3.0,90.0,hi,W5,,,,,,,,,,
B,B-rsi3hi90-long-W5-t1s05,B-rsi3hi90-long-W5,t1s05,long,1430-1500,,6490,30,-0.0673,-0.1187,0.0072,0.129,-4.51,-0.1439,,0.17,-0.0429,-0.0244,-0.0028,-0.39,2598,14,-0.1467,-0.2074,0.011,0.102,-7.69,-0.2181,,0.0,-0.0751,-0.0715,-0.0426,-3.53,False,3.0,90.0,hi,W5,,,,,,,,,,
B,B-rsi3hi90-short-W5-t1s1,B-rsi3hi90-short-W5,t1s1,short,1430-1500,,6490,30,0.0103,-0.0248,0.0083,0.182,-1.71,-0.1006,,0.27,-0.0435,0.0538,0.0088,-0.03,2598,14,0.0694,0.0307,0.0127,0.179,0.58,0.0106,0.68,0.43,-0.0178,0.0872,0.0486,3.21,False,3.0,90.0,hi,W5,,,,,,,,,,
B,B-rsi3hi90-short-W5-t05s1,B-rsi3hi90-short-W5,t05s1,short,1430-1500,,6490,30,-0.0313,-0.066,0.007,0.436,-2.88,-0.1008,,0.27,-0.0493,0.018,-0.0028,-0.3,2598,14,0.038,0.0016,0.0104,0.489,-0.19,-0.0133,8.6,0.43,-0.0329,0.0709,0.0416,3.53,False,3.0,90.0,hi,W5,,,,,,,,,,
B,B-rsi3hi90-short-W5-t1s05,B-rsi3hi90-short-W5,t1s05,short,1430-1500,,6490,30,-0.0198,-0.0682,0.0072,0.144,-3.51,-0.098,,0.23,-0.0422,0.0224,-0.0043,-0.16,2598,14,0.0364,-0.0164,0.0119,0.166,-0.8,-0.0371,,0.29,-0.0282,0.0646,0.0294,2.68,False,3.0,90.0,hi,W5,,,,,,,,,,
B,B-rsi3hi95-long-W5-t1s1,B-rsi3hi95-long-W5,t1s1,long,1430-1500,,2345,30,-0.1199,-0.1605,0.0145,0.153,-3.58,-0.2234,,0.23,-0.0486,-0.0713,-0.0238,-1.41,983,14,-0.1829,-0.2279,0.0221,0.131,-5.91,-0.2416,,0.07,-0.0901,-0.0928,-0.04,-1.97,False,3.0,95.0,hi,W5,,,,,,,,,,
B,B-rsi3hi95-long-W5-t05s1,B-rsi3hi95-long-W5,t05s1,long,1430-1500,,2345,30,-0.117,-0.156,0.0124,0.398,-4.78,-0.1954,,0.07,-0.0499,-0.0671,-0.0298,-1.97,983,14,-0.1473,-0.1913,0.0198,0.397,-5.29,-0.2035,,0.07,-0.0799,-0.0674,-0.0187,-1.53,False,3.0,95.0,hi,W5,,,,,,,,,,
B,B-rsi3hi95-long-W5-t1s05,B-rsi3hi95-long-W5,t1s05,long,1430-1500,,2345,30,-0.0799,-0.1365,0.0123,0.14,-4.79,-0.1928,,0.13,-0.0429,-0.037,-0.0144,-1.54,983,14,-0.1537,-0.219,0.0185,0.117,-6.43,-0.2309,,0.07,-0.0751,-0.0785,-0.0401,-2.71,False,3.0,95.0,hi,W5,,,,,,,,,,
B,B-rsi3hi95-short-W5-t1s1,B-rsi3hi95-short-W5,t1s1,short,1430-1500,,2345,30,0.0168,-0.0201,0.0142,0.189,-0.83,-0.1105,,0.5,-0.0435,0.0602,0.0134,0.88,983,14,0.0709,0.0309,0.0217,0.203,0.79,0.0108,0.68,0.71,-0.0178,0.0888,0.0356,1.87,False,3.0,95.0,hi,W5,,,,,,,,,,
B,B-rsi3hi95-short-W5-t05s1,B-rsi3hi95-short-W5,t05s1,short,1430-1500,,2345,30,-0.0233,-0.0595,0.0118,0.462,-1.43,-0.1062,,0.43,-0.0493,0.026,0.0041,0.94,983,14,0.0422,0.0049,0.0172,0.52,-0.15,-0.0118,3.18,0.36,-0.0329,0.0751,0.0363,2.62,False,3.0,95.0,hi,W5,,,,,,,,,,
B,B-rsi3hi95-short-W5-t1s05,B-rsi3hi95-short-W5,t1s05,short,1430-1500,,2345,30,0.0132,-0.0359,0.0123,0.163,-1.33,-0.098,,0.37,-0.0422,0.0554,0.0188,1.36,983,14,0.0358,-0.0186,0.0199,0.185,-0.46,-0.0388,,0.43,-0.0282,0.064,0.0149,1.39,False,3.0,95.0,hi,W5,,,,,,,,,,
B,B-rsi3lo20-long-W5-t1s1,B-rsi3lo20-long-W5,t1s1,long,1430-1500,,16355,30,-0.0464,-0.0781,0.0048,0.116,-2.59,-0.0864,,0.27,-0.0486,0.0022,-0.0001,0.34,9194,14,-0.0684,-0.1081,0.0067,0.13,-2.45,-0.1331,,0.21,-0.0901,0.0216,0.0232,1.92,False,3.0,20.0,lo,W5,,,,,,,,,,
B,B-rsi3lo20-long-W5-t05s1,B-rsi3lo20-long-W5,t05s1,long,1430-1500,,16355,30,-0.0543,-0.0854,0.0042,0.376,-3.8,-0.09,,0.23,-0.0499,-0.0044,-0.0029,0.08,9194,14,-0.0674,-0.1064,0.0059,0.416,-3.14,-0.1229,,0.21,-0.0799,0.0125,0.0135,1.2,False,3.0,20.0,lo,W5,,,,,,,,,,
B,B-rsi3lo20-long-W5-t1s05,B-rsi3lo20-long-W5,t1s05,long,1430-1500,,16355,30,-0.047,-0.0914,0.0043,0.108,-3.4,-0.1014,,0.23,-0.0429,-0.0041,-0.0028,0.08,9194,14,-0.0646,-0.1205,0.0059,0.119,-3.34,-0.14,,0.21,-0.0751,0.0105,0.0143,1.32,False,3.0,20.0,lo,W5,,,,,,,,,,
B,B-rsi3lo20-short-W5-t1s1,B-rsi3lo20-short-W5,t1s1,short,1430-1500,,16355,30,-0.0444,-0.0762,0.0048,0.12,-3.62,-0.0901,,0.27,-0.0435,-0.001,0.001,-0.33,9194,14,-0.0401,-0.0807,0.0067,0.13,-1.98,-0.1069,,0.29,-0.0178,-0.0222,-0.0236,-1.98,False,3.0,20.0,lo,W5,,,,,,,,,,
B,B-rsi3lo20-short-W5-t05s1,B-rsi3lo20-short-W5,t05s1,short,1430-1500,,16355,30,-0.0439,-0.0753,0.0042,0.392,-3.91,-0.0892,,0.23,-0.0493,0.0053,0.0037,-0.06,9194,14,-0.0439,-0.0838,0.0058,0.416,-2.62,-0.102,,0.21,-0.0329,-0.0111,-0.0147,-1.39,False,3.0,20.0,lo,W5,,,,,,,,,,
B,B-rsi3lo20-short-W5-t1s05,B-rsi3lo20-short-W5,t1s05,short,1430-1500,,16355,30,-0.0366,-0.0809,0.0043,0.113,-4.67,-0.094,,0.23,-0.0422,0.0056,0.0038,-0.05,9194,14,-0.0409,-0.097,0.006,0.124,-2.93,-0.1163,,0.29,-0.0282,-0.0127,-0.0135,-1.27,False,3.0,20.0,lo,W5,,,,,,,,,,
B,B-rsi3lo10-long-W5-t1s1,B-rsi3lo10-long-W5,t1s1,long,1430-1500,,6751,30,-0.0547,-0.0864,0.0075,0.112,-2.67,-0.0943,,0.37,-0.0486,-0.0061,-0.0077,0.22,4347,14,-0.0381,-0.0778,0.0097,0.149,-1.65,-0.1091,,0.43,-0.0901,0.052,0.0436,2.03,False,3.0,10.0,lo,W5,,,,,,,,,,
B,B-rsi3lo10-long-W5-t05s1,B-rsi3lo10-long-W5,t05s1,long,1430-1500,,6751,30,-0.0604,-0.0916,0.0066,0.376,-3.24,-0.0961,,0.37,-0.0499,-0.0105,-0.011,0.02,4347,14,-0.0345,-0.0733,0.0084,0.446,-2.4,-0.0915,,0.29,-0.0799,0.0454,0.0359,1.63,False,3.0,10.0,lo,W5,,,,,,,,,,
B,B-rsi3lo10-long-W5-t1s05,B-rsi3lo10-long-W5,t1s05,long,1430-1500,,6751,30,-0.0581,-0.1021,0.0066,0.104,-3.82,-0.1074,,0.27,-0.0429,-0.0152,-0.0118,-0.19,4347,14,-0.0396,-0.0954,0.0088,0.138,-2.47,-0.1199,,0.21,-0.0751,0.0356,0.0288,1.49,False,3.0,10.0,lo,W5,,,,,,,,,,
B,B-rsi3lo10-short-W5-t1s1,B-rsi3lo10-short-W5,t1s1,short,1430-1500,,6751,30,-0.0364,-0.0682,0.0075,0.127,-3.55,-0.0792,,0.27,-0.0435,0.0071,0.0082,-0.28,4347,14,-0.0733,-0.1158,0.0099,0.12,-2.4,-0.1432,,0.29,-0.0178,-0.0554,-0.0468,-2.31,False,3.0,10.0,lo,W5,,,,,,,,,,
B,B-rsi3lo10-short-W5-t05s1,B-rsi3lo10-short-W5,t05s1,short,1430-1500,,6751,30,-0.033,-0.0644,0.0066,0.408,-4.08,-0.078,,0.2,-0.0493,0.0163,0.0125,0.09,4347,14,-0.0718,-0.1138,0.0087,0.401,-2.95,-0.1334,,0.29,-0.0329,-0.0389,-0.032,-1.82,False,3.0,10.0,lo,W5,,,,,,,,,,
B,B-rsi3lo10-short-W5-t1s05,B-rsi3lo10-short-W5,t1s05,short,1430-1500,,6751,30,-0.0312,-0.0761,0.0068,0.121,-4.17,-0.0871,,0.23,-0.0422,0.011,0.0111,-0.14,4347,14,-0.0769,-0.1355,0.0087,0.113,-3.78,-0.1534,,0.14,-0.0282,-0.0487,-0.039,-1.95,False,3.0,10.0,lo,W5,,,,,,,,,,
B,B-rsi3lo5-long-W5-t1s1,B-rsi3lo5-long-W5,t1s1,long,1430-1500,,2419,30,-0.0506,-0.0817,0.0126,0.12,-0.91,-0.0942,,0.47,-0.0486,-0.0019,-0.0062,1.1,1671,14,0.007,-0.0317,0.016,0.174,-0.88,-0.0677,,0.36,-0.0901,0.0971,0.0814,3.81,False,3.0,5.0,lo,W5,,,,,,,,,,
B,B-rsi3lo5-long-W5-t05s1,B-rsi3lo5-long-W5,t05s1,long,1430-1500,,2419,30,-0.0554,-0.0859,0.0109,0.375,-1.98,-0.0981,,0.4,-0.0499,-0.0055,-0.0081,1.02,1671,14,0.0014,-0.0363,0.0133,0.489,-1.42,-0.0634,,0.36,-0.0799,0.0813,0.0658,4.11,False,3.0,5.0,lo,W5,,,,,,,,,,
B,B-rsi3lo5-long-W5-t1s05,B-rsi3lo5-long-W5,t1s05,long,1430-1500,,2419,30,-0.0598,-0.1027,0.0112,0.11,-2.06,-0.115,,0.37,-0.0429,-0.0169,-0.0131,1.06,1671,14,0.0098,-0.0436,0.0144,0.165,-1.39,-0.0781,,0.36,-0.0751,0.0849,0.0715,3.37,False,3.0,5.0,lo,W5,,,,,,,,,,
B,B-rsi3lo5-short-W5-t1s1,B-rsi3lo5-short-W5,t1s1,short,1430-1500,,2419,30,-0.039,-0.0701,0.0127,0.122,-3.53,-0.1,,0.2,-0.0435,0.0045,0.0084,-1.08,1671,14,-0.1231,-0.1653,0.0161,0.116,-3.71,-0.1862,,0.14,-0.0178,-0.1053,-0.0893,-4.12,False,3.0,5.0,lo,W5,,,,,,,,,,
B,B-rsi3lo5-short-W5-t05s1,B-rsi3lo5-short-W5,t05s1,short,1430-1500,,2419,30,-0.0297,-0.0604,0.0111,0.419,-4.26,-0.092,,0.17,-0.0493,0.0195,0.0153,-1.05,1671,14,-0.1256,-0.1673,0.0143,0.361,-4.23,-0.1882,,0.14,-0.0329,-0.0927,-0.0792,-3.76,False,3.0,5.0,lo,W5,,,,,,,,,,
B,B-rsi3lo5-short-W5-t1s05,B-rsi3lo5-short-W5,t1s05,short,1430-1500,,2419,30,-0.0347,-0.0794,0.0113,0.117,-4.44,-0.1099,,0.23,-0.0422,0.0075,0.0096,-1.03,1671,14,-0.1164,-0.1775,0.0139,0.107,-5.72,-0.195,,0.07,-0.0282,-0.0882,-0.0724,-4.29,False,3.0,5.0,lo,W5,,,,,,,,,,
B,B-rsi4hi80-long-W1-t1s1,B-rsi4hi80-long-W1,t1s1,long,950-1030,,10802,30,-0.0706,-0.1183,0.0094,0.426,-2.21,-0.1411,,0.37,-0.0921,0.0215,0.0295,0.88,4278,14,-0.1246,-0.1847,0.0152,0.419,-4.3,-0.233,,0.14,-0.0865,-0.0381,-0.051,-2.11,False,4.0,80.0,hi,W1,,,,,,,,,,
B,B-rsi4hi80-long-W1-t05s1,B-rsi4hi80-long-W1,t05s1,long,950-1030,,10802,30,-0.0635,-0.1054,0.007,0.64,-3.16,-0.1158,,0.27,-0.0798,0.0163,0.0233,1.11,4278,14,-0.1125,-0.1653,0.0116,0.618,-4.52,-0.2007,,0.14,-0.0827,-0.0298,-0.0365,-1.92,False,4.0,80.0,hi,W1,,,,,,,,,,
B,B-rsi4hi80-long-W1-t1s05,B-rsi4hi80-long-W1,t1s05,long,950-1030,,10802,30,-0.0448,-0.1018,0.007,0.32,-3.01,-0.1233,,0.27,-0.0623,0.0175,0.0246,1.1,4278,14,-0.0687,-0.138,0.0113,0.316,-4.86,-0.1732,,0.07,-0.0661,-0.0026,-0.0197,-1.34,False,4.0,80.0,hi,W1,,,,,,,,,,
B,B-rsi4hi80-short-W1-t1s1,B-rsi4hi80-short-W1,t1s1,short,950-1030,,10802,30,-0.024,-0.0722,0.0094,0.445,-1.67,-0.1019,,0.4,-0.0004,-0.0236,-0.0321,-0.97,4278,14,0.0078,-0.05,0.0153,0.483,-0.73,-0.0751,,0.5,-0.0228,0.0306,0.0422,1.67,False,4.0,80.0,hi,W1,,,,,,,,,,
B,B-rsi4hi80-short-W1-t05s1,B-rsi4hi80-short-W1,t05s1,short,950-1030,,10802,30,-0.0512,-0.094,0.007,0.648,-2.74,-0.1137,,0.33,-0.0309,-0.0203,-0.028,-1.28,4278,14,-0.0479,-0.0998,0.0113,0.663,-2.43,-0.1225,,0.21,-0.044,-0.0038,0.0118,0.85,False,4.0,80.0,hi,W1,,,,,,,,,,
B,B-rsi4hi80-short-W1-t1s05,B-rsi4hi80-short-W1,t1s05,short,950-1030,,10802,30,-0.0316,-0.0897,0.0071,0.326,-3.16,-0.1106,,0.3,-0.0135,-0.018,-0.0259,-1.24,4278,14,-0.004,-0.0722,0.0116,0.357,-1.2,-0.089,,0.36,-0.0274,0.0234,0.0287,1.49,False,4.0,80.0,hi,W1,,,,,,,,,,
B,B-rsi4hi90-long-W1-t1s1,B-rsi4hi90-long-W1,t1s1,long,950-1030,,5824,30,-0.0624,-0.1096,0.0128,0.436,-1.92,-0.1334,,0.4,-0.0921,0.0297,0.0384,0.81,2180,14,-0.1014,-0.1621,0.0214,0.43,-3.6,-0.236,,0.07,-0.0865,-0.015,-0.0243,-0.86,False,4.0,90.0,hi,W1,,,,,,,,,,
B,B-rsi4hi90-long-W1-t05s1,B-rsi4hi90-long-W1,t05s1,long,950-1030,,5824,30,-0.0585,-0.0996,0.0095,0.645,-2.71,-0.1119,,0.33,-0.0798,0.0213,0.0261,1.03,2180,14,-0.0974,-0.1497,0.0161,0.628,-4.07,-0.2009,,0.07,-0.0827,-0.0147,-0.0165,-0.97,False,4.0,90.0,hi,W1,,,,,,,,,,
B,B-rsi4hi90-long-W1-t1s05,B-rsi4hi90-long-W1,t1s05,long,950-1030,,5824,30,-0.0362,-0.0926,0.0096,0.327,-2.45,-0.1111,,0.33,-0.0623,0.0261,0.031,1.2,2180,14,-0.0498,-0.1186,0.0159,0.328,-3.7,-0.1785,,0.07,-0.0661,0.0163,0.0023,-0.42,False,4.0,90.0,hi,W1,,,,,,,,,,
B,B-rsi4hi90-short-W1-t1s1,B-rsi4hi90-short-W1,t1s1,short,950-1030,,5824,30,-0.032,-0.0805,0.0129,0.448,-1.58,-0.1167,,0.37,-0.0004,-0.0316,-0.0408,-0.89,2180,14,-0.0136,-0.0707,0.0213,0.472,-0.97,-0.1025,,0.29,-0.0228,0.0092,0.0174,0.69,False,4.0,90.0,hi,W1,,,,,,,,,,
B,B-rsi4hi90-short-W1-t05s1,B-rsi4hi90-short-W1,t05s1,short,950-1030,,5824,30,-0.0597,-0.1027,0.0096,0.644,-2.72,-0.1233,,0.4,-0.0309,-0.0288,-0.0343,-1.37,2180,14,-0.0652,-0.1174,0.0159,0.65,-2.34,-0.1424,,0.21,-0.044,-0.0212,-0.0087,0.2,False,4.0,90.0,hi,W1,,,,,,,,,,
B,B-rsi4hi90-short-W1-t1s05,B-rsi4hi90-short-W1,t1s05,short,950-1030,,5824,30,-0.0369,-0.0957,0.0097,0.325,-3.02,-0.1218,,0.3,-0.0135,-0.0234,-0.0291,-1.17,2180,14,-0.0182,-0.087,0.0162,0.349,-1.33,-0.109,,0.29,-0.0274,0.0092,0.0097,0.76,False,4.0,90.0,hi,W1,,,,,,,,,,
B,B-rsi4hi95-long-W1-t1s1,B-rsi4hi95-long-W1,t1s1,long,950-1030,,3866,30,-0.075,-0.1225,0.0157,0.432,-2.05,-0.1473,,0.37,-0.0921,0.0171,0.0309,0.62,1359,14,-0.0806,-0.1418,0.0272,0.447,-2.42,-0.2258,,0.14,-0.0865,0.0059,-0.0233,-0.49,False,4.0,95.0,hi,W1,,,,,,,,,,
B,B-rsi4hi95-long-W1-t05s1,B-rsi4hi95-long-W1,t05s1,long,950-1030,,3866,30,-0.0638,-0.105,0.0117,0.643,-2.84,-0.1194,,0.3,-0.0798,0.016,0.0218,0.82,1359,14,-0.089,-0.1423,0.0204,0.635,-2.77,-0.205,,0.14,-0.0827,-0.0064,-0.0162,-0.62,False,4.0,95.0,hi,W1,,,,,,,,,,
B,B-rsi4hi95-long-W1-t1s05,B-rsi4hi95-long-W1,t1s05,long,950-1030,,3866,30,-0.0418,-0.0982,0.0117,0.325,-2.42,-0.1127,,0.33,-0.0623,0.0205,0.0286,1.26,1359,14,-0.0199,-0.0894,0.0205,0.353,-2.22,-0.1567,,0.21,-0.0661,0.0462,0.0198,0.25,False,4.0,95.0,hi,W1,,,,,,,,,,
B,B-rsi4hi95-short-W1-t1s1,B-rsi4hi95-short-W1,t1s1,short,950-1030,,3866,30,-0.0199,-0.0685,0.0158,0.454,-1.5,-0.115,,0.4,-0.0004,-0.0195,-0.0338,-0.72,1359,14,-0.04,-0.1,0.0272,0.461,-1.36,-0.1309,,0.29,-0.0228,-0.0172,0.0108,0.24,False,4.0,95.0,hi,W1,,,,,,,,,,
B,B-rsi4hi95-short-W1-t05s1,B-rsi4hi95-short-W1,t05s1,short,950-1030,,3866,30,-0.0543,-0.0979,0.0118,0.648,-2.86,-0.1219,,0.3,-0.0309,-0.0234,-0.032,-1.44,1359,14,-0.1006,-0.1554,0.0206,0.632,-2.82,-0.1843,,0.14,-0.044,-0.0566,-0.0315,-0.6,False,4.0,95.0,hi,W1,,,,,,,,,,
B,B-rsi4hi95-short-W1-t1s05,B-rsi4hi95-short-W1,t1s05,short,950-1030,,3866,30,-0.0323,-0.0915,0.0119,0.33,-2.98,-0.1267,,0.27,-0.0135,-0.0188,-0.0255,-1.02,1359,14,-0.0326,-0.1034,0.0204,0.341,-1.45,-0.1306,,0.29,-0.0274,-0.0052,0.0034,0.32,False,4.0,95.0,hi,W1,,,,,,,,,,
B,B-rsi4lo20-long-W1-t1s1,B-rsi4lo20-long-W1,t1s1,long,950-1030,,10223,30,-0.0875,-0.1353,0.0097,0.422,-2.06,-0.1828,,0.33,-0.0921,0.0047,-0.0153,0.28,5469,14,0.0195,-0.0373,0.0134,0.483,-0.63,-0.0772,,0.5,-0.0865,0.106,0.0664,1.65,False,4.0,20.0,lo,W1,,,,,,,,,,
B,B-rsi4lo20-long-W1-t05s1,B-rsi4lo20-long-W1,t05s1,long,950-1030,,10223,30,-0.0956,-0.138,0.0073,0.621,-2.99,-0.1643,,0.27,-0.0798,-0.0159,-0.0241,-0.16,5469,14,-0.0173,-0.0675,0.0098,0.679,-1.64,-0.0831,,0.36,-0.0827,0.0654,0.0465,1.58,False,4.0,20.0,lo,W1,,,,,,,,,,
B,B-rsi4lo20-long-W1-t1s05,B-rsi4lo20-long-W1,t1s05,long,950-1030,,10223,30,-0.0832,-0.1408,0.0071,0.296,-3.61,-0.1632,,0.33,-0.0623,-0.0209,-0.0243,-0.31,5469,14,0.0065,-0.0616,0.0103,0.362,-1.34,-0.0851,,0.43,-0.0661,0.0726,0.0365,1.11,False,4.0,20.0,lo,W1,,,,,,,,,,
B,B-rsi4lo20-short-W1-t1s1,B-rsi4lo20-short-W1,t1s1,short,950-1030,,10223,30,-0.0067,-0.0535,0.0097,0.459,-1.06,-0.0861,,0.5,-0.0004,-0.0063,0.0137,-0.35,5469,14,-0.1287,-0.1873,0.0133,0.408,-3.08,-0.216,,0.29,-0.0228,-0.1059,-0.0674,-1.67,False,4.0,20.0,lo,W1,,,,,,,,,,
B,B-rsi4lo20-short-W1-t05s1,B-rsi4lo20-short-W1,t05s1,short,950-1030,,10223,30,-0.0113,-0.0518,0.0071,0.677,-1.85,-0.067,,0.43,-0.0309,0.0196,0.023,0.2,5469,14,-0.116,-0.1671,0.0101,0.613,-3.75,-0.1856,,0.14,-0.044,-0.0719,-0.0372,-1.13,False,4.0,20.0,lo,W1,,,,,,,,,,
B,B-rsi4lo20-short-W1-t1s05,B-rsi4lo20-short-W1,t1s05,short,950-1030,,10223,30,0.0005,-0.0551,0.0074,0.35,-1.77,-0.0875,,0.37,-0.0135,0.0141,0.0223,0.04,5469,14,-0.0922,-0.1612,0.0097,0.295,-4.22,-0.1803,,0.14,-0.0274,-0.0648,-0.0473,-1.56,False,4.0,20.0,lo,W1,,,,,,,,,,
B,B-rsi4lo10-long-W1-t1s1,B-rsi4lo10-long-W1,t1s1,long,950-1030,,5463,30,-0.0915,-0.1404,0.0132,0.419,-1.89,-0.204,,0.33,-0.0921,0.0006,-0.0261,0.34,2890,14,0.0371,-0.0199,0.0185,0.498,-0.42,-0.0831,,0.5,-0.0865,0.1236,0.0835,1.35,False,4.0,10.0,lo,W1,,,,,,,,,,
B,B-rsi4lo10-long-W1-t05s1,B-rsi4lo10-long-W1,t05s1,long,950-1030,,5463,30,-0.0905,-0.1333,0.01,0.625,-2.55,-0.1666,,0.33,-0.0798,-0.0107,-0.0229,0.24,2890,14,-0.0124,-0.0631,0.0135,0.685,-1.21,-0.0902,,0.43,-0.0827,0.0703,0.0543,1.2,False,4.0,10.0,lo,W1,,,,,,,,,,
B,B-rsi4lo10-long-W1-t1s05,B-rsi4lo10-long-W1,t1s05,long,950-1030,,5463,30,-0.0976,-0.1567,0.0096,0.286,-3.58,-0.1877,,0.33,-0.0623,-0.0353,-0.0404,-0.65,2890,14,0.0286,-0.0385,0.0143,0.375,-0.9,-0.0759,,0.5,-0.0661,0.0947,0.0593,1.39,False,4.0,10.0,lo,W1,,,,,,,,,,
B,B-rsi4lo10-short-W1-t1s1,B-rsi4lo10-short-W1,t1s1,short,950-1030,,5463,30,-0.0035,-0.0505,0.0132,0.46,-1.08,-0.1013,,0.43,-0.0004,-0.0031,0.0237,-0.45,2890,14,-0.1468,-0.2059,0.0183,0.403,-2.65,-0.2405,,0.29,-0.0228,-0.124,-0.085,-1.51,False,4.0,10.0,lo,W1,,,,,,,,,,
B,B-rsi4lo10-short-W1-t05s1,B-rsi4lo10-short-W1,t05s1,short,950-1030,,5463,30,0.0015,-0.0388,0.0096,0.684,-1.51,-0.0654,,0.5,-0.0309,0.0324,0.0376,0.43,2890,14,-0.1385,-0.1906,0.014,0.597,-3.55,-0.2069,,0.21,-0.044,-0.0944,-0.0603,-1.61,False,4.0,10.0,lo,W1,,,,,,,,,,
B,B-rsi4lo10-short-W1-t1s05,B-rsi4lo10-short-W1,t1s05,short,950-1030,,5463,30,-0.0061,-0.0629,0.0101,0.348,-2.0,-0.1126,,0.4,-0.0135,0.0074,0.0195,-0.42,2890,14,-0.098,-0.167,0.0133,0.294,-3.35,-0.1838,,0.21,-0.0274,-0.0706,-0.0559,-1.35,False,4.0,10.0,lo,W1,,,,,,,,,,
B,B-rsi4lo5-long-W1-t1s1,B-rsi4lo5-long-W1,t1s1,long,950-1030,,3620,30,-0.0839,-0.1334,0.0163,0.427,-1.84,-0.2,,0.37,-0.0921,0.0082,-0.0168,0.49,1947,14,0.0563,-0.0001,0.0226,0.513,-0.41,-0.0779,,0.5,-0.0865,0.1427,0.1004,1.1,False,4.0,5.0,lo,W1,,,,,,,,,,
B,B-rsi4lo5-long-W1-t05s1,B-rsi4lo5-long-W1,t05s1,long,950-1030,,3620,30,-0.091,-0.134,0.0123,0.627,-2.4,-0.1674,,0.33,-0.0798,-0.0112,-0.0225,0.55,1947,14,-0.0013,-0.0518,0.0164,0.693,-1.09,-0.0866,,0.43,-0.0827,0.0814,0.067,1.08,False,4.0,5.0,lo,W1,,,,,,,,,,
B,B-rsi4lo5-long-W1-t1s05,B-rsi4lo5-long-W1,t1s05,long,950-1030,,3620,30,-0.0939,-0.1542,0.0119,0.29,-3.63,-0.1836,,0.3,-0.0623,-0.0316,-0.0342,-0.42,1947,14,0.0576,-0.0084,0.0175,0.398,-0.6,-0.0522,,0.5,-0.0661,0.1237,0.0874,1.3,False,4.0,5.0,lo,W1,,,,,,,,,,
B,B-rsi4lo5-short-W1-t1s1,B-rsi4lo5-short-W1,t1s1,short,950-1030,,3620,30,-0.0156,-0.0655,0.0164,0.46,-1.32,-0.12,,0.5,-0.0004,-0.0152,0.0097,-0.7,1947,14,-0.1652,-0.2248,0.0224,0.395,-2.37,-0.2544,,0.43,-0.0228,-0.1425,-0.1013,-1.29,False,4.0,5.0,lo,W1,,,,,,,,,,
B,B-rsi4lo5-short-W1-t05s1,B-rsi4lo5-short-W1,t05s1,short,950-1030,,3620,30,-0.0065,-0.0488,0.0119,0.68,-1.87,-0.0746,,0.47,-0.0309,0.0244,0.0269,0.04,1947,14,-0.1676,-0.2206,0.0173,0.578,-3.19,-0.2387,,0.29,-0.044,-0.1236,-0.0885,-1.6,False,4.0,5.0,lo,W1,,,,,,,,,,
B,B-rsi4lo5-short-W1-t1s05,B-rsi4lo5-short-W1,t1s05,short,950-1030,,3620,30,-0.0107,-0.0705,0.0125,0.347,-2.48,-0.1243,,0.3,-0.0135,0.0029,0.0141,-0.89,1947,14,-0.1072,-0.1755,0.0161,0.29,-3.02,-0.1999,,0.36,-0.0274,-0.0798,-0.0666,-1.28,False,4.0,5.0,lo,W1,,,,,,,,,,
B,B-rsi4hi80-long-W2-t1s1,B-rsi4hi80-long-W2,t1s1,long,1030-1130,,14138,30,-0.0498,-0.0954,0.0079,0.392,-3.03,-0.1282,,0.27,-0.0602,0.0104,0.0226,0.89,6323,14,-0.0981,-0.1563,0.0121,0.391,-2.71,-0.2236,,0.21,-0.0621,-0.036,-0.0402,-2.0,False,4.0,80.0,hi,W2,,,,,,,,,,
B,B-rsi4hi80-long-W2-t05s1,B-rsi4hi80-long-W2,t05s1,long,1030-1130,,14138,30,-0.0551,-0.0958,0.006,0.626,-4.21,-0.115,,0.23,-0.0669,0.0118,0.0192,0.95,6323,14,-0.0814,-0.1321,0.0092,0.621,-3.55,-0.1743,,0.21,-0.0566,-0.0247,-0.022,-1.0,False,4.0,80.0,hi,W2,,,,,,,,,,
B,B-rsi4hi80-long-W2-t1s05,B-rsi4hi80-long-W2,t1s05,long,1030-1130,,14138,30,-0.0309,-0.0872,0.0061,0.31,-3.84,-0.1131,,0.23,-0.0443,0.0134,0.0178,0.85,6323,14,-0.0624,-0.1319,0.0092,0.305,-3.33,-0.18,,0.21,-0.0371,-0.0253,-0.0252,-1.4,False,4.0,80.0,hi,W2,,,,,,,,,,
B,B-rsi4hi80-short-W2-t1s1,B-rsi4hi80-short-W2,t1s1,short,1030-1130,,14138,30,-0.0468,-0.0932,0.0079,0.389,-1.38,-0.105,,0.47,-0.0322,-0.0146,-0.0267,-1.07,6323,14,-0.0143,-0.0681,0.012,0.428,-0.52,-0.1047,,0.43,-0.0461,0.0318,0.0359,1.85,False,4.0,80.0,hi,W2,,,,,,,,,,
B,B-rsi4hi80-short-W2-t05s1,B-rsi4hi80-short-W2,t05s1,short,1030-1130,,14138,30,-0.0661,-0.1083,0.006,0.617,-2.49,-0.1159,,0.37,-0.0481,-0.018,-0.0222,-1.14,6323,14,-0.0502,-0.099,0.0091,0.646,-1.63,-0.1104,,0.36,-0.0712,0.021,0.021,1.2,False,4.0,80.0,hi,W2,,,,,,,,,,
B,B-rsi4hi80-short-W2-t1s05,B-rsi4hi80-short-W2,t1s05,short,1030-1130,,14138,30,-0.0417,-0.0995,0.0061,0.301,-2.55,-0.1107,,0.27,-0.0255,-0.0162,-0.0234,-1.21,6323,14,-0.0312,-0.0985,0.0093,0.323,-1.79,-0.1274,,0.43,-0.052,0.0207,0.018,0.79,False,4.0,80.0,hi,W2,,,,,,,,,,
B,B-rsi4hi90-long-W2-t1s1,B-rsi4hi90-long-W2,t1s1,long,1030-1130,,4629,30,-0.0477,-0.0956,0.0139,0.394,-2.97,-0.1318,,0.23,-0.0602,0.0125,0.044,0.58,1903,14,-0.0761,-0.1368,0.0222,0.411,-2.46,-0.2067,,0.36,-0.0621,-0.014,-0.013,-0.94,False,4.0,90.0,hi,W2,,,,,,,,,,
B,B-rsi4hi90-long-W2-t05s1,B-rsi4hi90-long-W2,t05s1,long,1030-1130,,4629,30,-0.038,-0.08,0.0105,0.644,-3.82,-0.1009,,0.2,-0.0669,0.0289,0.0435,1.21,1903,14,-0.0735,-0.1273,0.0169,0.634,-3.42,-0.1759,,0.21,-0.0566,-0.0168,-0.0096,-0.66,False,4.0,90.0,hi,W2,,,,,,,,,,
B,B-rsi4hi90-long-W2-t1s05,B-rsi4hi90-long-W2,t1s05,long,1030-1130,,4629,30,-0.0194,-0.0787,0.0108,0.321,-3.4,-0.1076,,0.2,-0.0443,0.0249,0.0411,0.69,1903,14,-0.0491,-0.1212,0.017,0.32,-3.01,-0.1662,,0.36,-0.0371,-0.012,-0.0111,-0.61,False,4.0,90.0,hi,W2,,,,,,,,,,
B,B-rsi4hi90-short-W2-t1s1,B-rsi4hi90-short-W2,t1s1,short,1030-1130,,4629,30,-0.0555,-0.1028,0.0138,0.391,-1.02,-0.1138,,0.5,-0.0322,-0.0233,-0.0545,-0.93,1903,14,-0.0433,-0.1018,0.0221,0.426,-0.84,-0.1552,,0.36,-0.0461,0.0027,0.0018,0.49,False,4.0,90.0,hi,W2,,,,,,,,,,
B,B-rsi4hi90-short-W2-t05s1,B-rsi4hi90-short-W2,t05s1,short,1030-1130,,4629,30,-0.086,-0.129,0.0107,0.612,-2.05,-0.136,,0.4,-0.0481,-0.0379,-0.0537,-1.32,1903,14,-0.0704,-0.1224,0.0168,0.636,-1.82,-0.1568,,0.36,-0.0712,0.0008,0.0001,0.19,False,4.0,90.0,hi,W2,,,,,,,,,,
B,B-rsi4hi90-short-W2-t1s05,B-rsi4hi90-short-W2,t1s05,short,1030-1130,,4629,30,-0.066,-0.1265,0.0105,0.291,-2.79,-0.1329,,0.33,-0.0255,-0.0406,-0.0548,-1.78,1903,14,-0.0476,-0.119,0.0169,0.318,-1.88,-0.1602,,0.29,-0.052,0.0044,-0.0028,0.23,False,4.0,90.0,hi,W2,,,,,,,,,,
B,B-rsi4hi95-long-W2-t1s1,B-rsi4hi95-long-W2,t1s1,long,1030-1130,,1484,30,-0.0945,-0.142,0.0247,0.387,-2.53,-0.1659,,0.33,-0.0602,-0.0343,0.0301,0.64,596,14,-0.0786,-0.1429,0.0398,0.401,-2.1,-0.1786,,0.29,-0.0621,-0.0165,-0.028,-0.52,False,4.0,95.0,hi,W2,,,,,,,,,,
B,B-rsi4hi95-long-W2-t05s1,B-rsi4hi95-long-W2,t05s1,long,1030-1130,,1484,30,-0.0821,-0.1233,0.0188,0.615,-3.05,-0.1392,,0.33,-0.0669,-0.0152,0.0235,0.85,596,14,-0.0447,-0.097,0.0296,0.654,-2.19,-0.1152,,0.36,-0.0566,0.012,0.0151,0.54,False,4.0,95.0,hi,W2,,,,,,,,,,
B,B-rsi4hi95-long-W2-t1s05,B-rsi4hi95-long-W2,t1s05,long,1030-1130,,1484,30,-0.0411,-0.0992,0.0189,0.313,-2.8,-0.1203,,0.27,-0.0443,0.0032,0.0479,0.83,596,14,-0.06,-0.1365,0.0308,0.319,-3.0,-0.154,,0.29,-0.0371,-0.0228,-0.0281,-0.69,False,4.0,95.0,hi,W2,,,,,,,,,,
B,B-rsi4hi95-short-W2-t1s1,B-rsi4hi95-short-W2,t1s1,short,1030-1130,,1484,30,-0.0065,-0.0527,0.0248,0.433,-0.64,-0.0752,,0.57,-0.0322,0.0257,-0.0383,-0.73,596,14,-0.0499,-0.1093,0.0391,0.419,-0.7,-0.158,,0.5,-0.0461,-0.0038,0.0078,0.14,False,4.0,95.0,hi,W2,,,,,,,,,,
B,B-rsi4hi95-short-W2-t05s1,B-rsi4hi95-short-W2,t05s1,short,1030-1130,,1484,30,-0.0616,-0.1046,0.0189,0.635,-1.51,-0.1139,,0.43,-0.0481,-0.0135,-0.0577,-1.08,596,14,-0.0685,-0.121,0.0299,0.649,-1.73,-0.1507,,0.29,-0.0712,0.0027,0.0081,0.23,False,4.0,95.0,hi,W2,,,,,,,,,,
B,B-rsi4hi95-short-W2-t1s05,B-rsi4hi95-short-W2,t1s05,short,1030-1130,,1484,30,-0.0185,-0.0763,0.0191,0.326,-1.6,-0.0953,,0.4,-0.0255,0.0069,-0.0313,-0.97,596,14,-0.0863,-0.1624,0.03,0.297,-2.75,-0.2016,,0.29,-0.052,-0.0344,-0.0374,-1.13,False,4.0,95.0,hi,W2,,,,,,,,,,
B,B-rsi4lo20-long-W2-t1s1,B-rsi4lo20-long-W2,t1s1,long,1030-1130,,15080,30,-0.0743,-0.1218,0.0076,0.381,-2.36,-0.1418,,0.27,-0.0602,-0.0141,0.0051,-0.28,7083,14,-0.0168,-0.0727,0.0113,0.427,-0.73,-0.1034,,0.5,-0.0621,0.0453,0.0396,2.21,False,4.0,20.0,lo,W2,,,,,,,,,,
B,B-rsi4lo20-long-W2-t05s1,B-rsi4lo20-long-W2,t05s1,long,1030-1130,,15080,30,-0.0834,-0.1266,0.0059,0.607,-4.11,-0.1367,,0.2,-0.0669,-0.0165,-0.0049,-0.87,7083,14,-0.0335,-0.0836,0.0085,0.655,-1.55,-0.1016,,0.43,-0.0566,0.0232,0.0238,1.42,False,4.0,20.0,lo,W2,,,,,,,,,,
B,B-rsi4lo20-long-W2-t1s05,B-rsi4lo20-long-W2,t1s05,long,1030-1130,,15080,30,-0.0725,-0.1309,0.0057,0.283,-3.68,-0.1418,,0.17,-0.0443,-0.0282,-0.006,-0.85,7083,14,-0.0191,-0.0868,0.0088,0.328,-1.65,-0.1051,,0.36,-0.0371,0.018,0.0128,0.9,False,4.0,20.0,lo,W2,,,,,,,,,,
B,B-rsi4lo20-short-W2-t1s1,B-rsi4lo20-short-W2,t1s1,short,1030-1130,,15080,30,-0.0205,-0.0663,0.0076,0.401,-1.91,-0.0808,,0.43,-0.0322,0.0117,-0.0076,0.15,7083,14,-0.0961,-0.1535,0.0113,0.385,-2.55,-0.2021,,0.29,-0.0461,-0.05,-0.0443,-2.55,False,4.0,20.0,lo,W2,,,,,,,,,,
B,B-rsi4lo20-short-W2-t05s1,B-rsi4lo20-short-W2,t05s1,short,1030-1130,,15080,30,-0.0227,-0.0637,0.0057,0.645,-2.73,-0.0737,,0.37,-0.0481,0.0254,0.0032,0.64,7083,14,-0.094,-0.1457,0.0087,0.611,-3.97,-0.1701,,0.14,-0.0712,-0.0229,-0.0176,-1.17,False,4.0,20.0,lo,W2,,,,,,,,,,
B,B-rsi4lo20-short-W2-t1s05,B-rsi4lo20-short-W2,t1s05,short,1030-1130,,15080,30,-0.0117,-0.0676,0.0059,0.319,-2.88,-0.0789,,0.27,-0.0255,0.0138,0.0023,0.67,7083,14,-0.079,-0.1484,0.0085,0.291,-3.7,-0.1755,,0.21,-0.052,-0.0271,-0.0278,-1.74,False,4.0,20.0,lo,W2,,,,,,,,,,
B,B-rsi4lo10-long-W2-t1s1,B-rsi4lo10-long-W2,t1s1,long,1030-1130,,4682,30,-0.0607,-0.1102,0.0138,0.394,-2.33,-0.1282,,0.3,-0.0602,-0.0005,0.0217,0.35,2233,14,0.0049,-0.0537,0.0206,0.455,-0.71,-0.0902,,0.5,-0.0621,0.067,0.0492,1.77,False,4.0,10.0,lo,W2,,,,,,,,,,
B,B-rsi4lo10-long-W2-t05s1,B-rsi4lo10-long-W2,t05s1,long,1030-1130,,4682,30,-0.0698,-0.1137,0.0105,0.619,-4.25,-0.1229,,0.17,-0.0669,-0.0029,0.0106,0.1,2233,14,-0.0259,-0.078,0.0153,0.668,-1.8,-0.0999,,0.36,-0.0566,0.0308,0.0242,0.92,False,4.0,10.0,lo,W2,,,,,,,,,,
B,B-rsi4lo10-long-W2-t1s05,B-rsi4lo10-long-W2,t1s05,long,1030-1130,,4682,30,-0.0798,-0.1414,0.0104,0.282,-4.04,-0.1511,,0.23,-0.0443,-0.0355,-0.0078,-0.24,2233,14,-0.0083,-0.0794,0.016,0.344,-2.17,-0.1035,,0.43,-0.0371,0.0288,0.014,0.35,False,4.0,10.0,lo,W2,,,,,,,,,,
B,B-rsi4lo10-short-W2-t1s1,B-rsi4lo10-short-W2,t1s1,short,1030-1130,,4682,30,-0.0398,-0.0874,0.0137,0.397,-2.55,-0.1003,,0.37,-0.0322,-0.0076,-0.0296,-0.7,2233,14,-0.1265,-0.1869,0.0204,0.386,-3.57,-0.2268,,0.21,-0.0461,-0.0804,-0.0627,-2.38,False,4.0,10.0,lo,W2,,,,,,,,,,
B,B-rsi4lo10-short-W2-t05s1,B-rsi4lo10-short-W2,t05s1,short,1030-1130,,4682,30,-0.0218,-0.0639,0.0102,0.649,-3.3,-0.0814,,0.27,-0.0481,0.0263,-0.0012,-0.32,2233,14,-0.1153,-0.1687,0.0157,0.606,-5.04,-0.1802,,0.07,-0.0712,-0.0441,-0.0293,-1.07,False,4.0,10.0,lo,W2,,,,,,,,,,
B,B-rsi4lo10-short-W2-t1s05,B-rsi4lo10-short-W2,t1s05,short,1030-1130,,4682,30,-0.0309,-0.0897,0.0106,0.308,-4.25,-0.0988,,0.2,-0.0255,-0.0054,-0.0186,-0.6,2233,14,-0.097,-0.1696,0.0151,0.287,-5.2,-0.1791,,0.14,-0.052,-0.0451,-0.0385,-1.51,False,4.0,10.0,lo,W2,,,,,,,,,,
B,B-rsi4lo5-long-W2-t1s1,B-rsi4lo5-long-W2,t1s1,long,1030-1130,,1432,30,-0.0121,-0.0609,0.0253,0.428,-2.09,-0.1105,,0.3,-0.0602,0.0481,0.0476,0.13,644,14,0.0519,-0.0057,0.0386,0.48,0.08,-0.0498,,0.57,-0.0621,0.114,0.0701,1.83,False,4.0,5.0,lo,W2,,,,,,,,,,
B,B-rsi4lo5-long-W2-t05s1,B-rsi4lo5-long-W2,t05s1,long,1030-1130,,1432,30,-0.0511,-0.0949,0.0191,0.642,-2.85,-0.1064,,0.27,-0.0669,0.0158,0.0149,0.25,644,14,-0.0162,-0.0691,0.0289,0.682,-1.36,-0.0929,,0.5,-0.0566,0.0405,0.0231,0.77,False,4.0,5.0,lo,W2,,,,,,,,,,
B,B-rsi4lo5-long-W2-t1s05,B-rsi4lo5-long-W2,t1s05,long,1030-1130,,1432,30,-0.0891,-0.1496,0.0186,0.278,-5.38,-0.1621,,0.17,-0.0443,-0.0448,-0.0266,-1.23,644,14,0.0206,-0.0511,0.0305,0.365,-0.69,-0.084,,0.57,-0.0371,0.0577,0.023,1.07,False,4.0,5.0,lo,W2,,,,,,,,,,
B,B-rsi4lo5-short-W2-t1s1,B-rsi4lo5-short-W2,t1s1,short,1030-1130,,1432,30,-0.0905,-0.1395,0.0252,0.395,-2.2,-0.1577,,0.3,-0.0322,-0.0583,-0.057,-0.56,644,14,-0.1749,-0.2341,0.0378,0.37,-4.25,-0.2929,,0.14,-0.0461,-0.1289,-0.0851,-2.19,False,4.0,5.0,lo,W2,,,,,,,,,,
B,B-rsi4lo5-short-W2-t05s1,B-rsi4lo5-short-W2,t05s1,short,1030-1130,,1432,30,-0.0142,-0.0563,0.0186,0.659,-1.93,-0.0646,,0.4,-0.0481,0.0339,0.0167,0.63,644,14,-0.146,-0.1975,0.0293,0.589,-4.54,-0.2426,,0.14,-0.0712,-0.0748,-0.04,-1.47,False,4.0,5.0,lo,W2,,,,,,,,,,
B,B-rsi4lo5-short-W2-t1s05,B-rsi4lo5-short-W2,t1s05,short,1030-1130,,1432,30,-0.0511,-0.1103,0.0191,0.305,-3.57,-0.1312,,0.27,-0.0255,-0.0257,-0.0238,-0.83,644,14,-0.1092,-0.1808,0.0281,0.286,-4.78,-0.2267,,0.07,-0.052,-0.0572,-0.0398,-1.26,False,4.0,5.0,lo,W2,,,,,,,,,,
B,B-rsi4hi80-long-W3-t1s1,B-rsi4hi80-long-W3,t1s1,long,1130-1300,,19577,30,-0.068,-0.109,0.006,0.293,-2.81,-0.1327,,0.3,-0.0577,-0.0103,-0.0079,-0.35,8735,14,-0.1234,-0.175,0.0094,0.299,-4.26,-0.1978,,0.07,-0.1183,-0.0051,-0.0143,-0.9,False,4.0,80.0,hi,W3,,,,,,,,,,
B,B-rsi4hi80-long-W3-t05s1,B-rsi4hi80-long-W3,t05s1,long,1130-1300,,19577,30,-0.0675,-0.106,0.0049,0.562,-3.72,-0.1211,,0.27,-0.0598,-0.0077,-0.0074,-0.33,8735,14,-0.092,-0.1393,0.0075,0.564,-4.49,-0.1587,,0.07,-0.0851,-0.0069,-0.0088,-0.7,False,4.0,80.0,hi,W3,,,,,,,,,,
B,B-rsi4hi80-long-W3-t1s05,B-rsi4hi80-long-W3,t1s05,long,1130-1300,,19577,30,-0.0606,-0.1141,0.0048,0.246,-3.87,-0.1327,,0.23,-0.0518,-0.0087,-0.0099,-0.51,8735,14,-0.1075,-0.1729,0.0073,0.243,-6.52,-0.1914,,0.0,-0.0954,-0.0121,-0.02,-1.48,False,4.0,80.0,hi,W3,,,,,,,,,,
B,B-rsi4hi80-short-W3-t1s1,B-rsi4hi80-short-W3,t1s1,short,1130-1300,,19577,30,-0.0234,-0.0633,0.006,0.308,-1.19,-0.0888,,0.43,-0.0348,0.0114,0.009,0.38,8735,14,0.0183,-0.03,0.0093,0.349,-0.18,-0.0528,,0.5,0.0103,0.008,0.0171,1.04,False,4.0,80.0,hi,W3,,,,,,,,,,
B,B-rsi4hi80-short-W3-t05s1,B-rsi4hi80-short-W3,t05s1,short,1130-1300,,19577,30,-0.031,-0.0685,0.0048,0.591,-1.96,-0.0835,,0.47,-0.0407,0.0097,0.0108,0.55,8735,14,0.0021,-0.0432,0.0073,0.642,-0.99,-0.0549,,0.43,-0.0126,0.0147,0.0226,1.54,False,4.0,80.0,hi,W3,,,,,,,,,,
B,B-rsi4hi80-short-W3-t1s05,B-rsi4hi80-short-W3,t1s05,short,1130-1300,,19577,30,-0.0245,-0.0767,0.0049,0.256,-2.2,-0.0976,,0.27,-0.0326,0.008,0.0078,0.31,8735,14,-0.0136,-0.0753,0.0075,0.281,-1.58,-0.0919,,0.29,-0.023,0.0094,0.0112,0.83,False,4.0,80.0,hi,W3,,,,,,,,,,
B,B-rsi4hi90-long-W3-t1s1,B-rsi4hi90-long-W3,t1s1,long,1130-1300,,6114,30,-0.0877,-0.1299,0.0109,0.286,-2.95,-0.1602,,0.33,-0.0577,-0.0301,-0.0132,-0.6,2758,14,-0.1546,-0.2091,0.017,0.313,-5.36,-0.2375,,0.07,-0.1183,-0.0363,-0.0282,-1.18,False,4.0,90.0,hi,W3,,,,,,,,,,
B,B-rsi4hi90-long-W3-t05s1,B-rsi4hi90-long-W3,t05s1,long,1130-1300,,6114,30,-0.0937,-0.1334,0.0088,0.545,-4.19,-0.1554,,0.23,-0.0598,-0.0339,-0.0237,-1.15,2758,14,-0.1337,-0.1842,0.0138,0.55,-5.04,-0.2049,,0.0,-0.0851,-0.0487,-0.0355,-2.53,False,4.0,90.0,hi,W3,,,,,,,,,,
B,B-rsi4hi90-long-W3-t1s05,B-rsi4hi90-long-W3,t1s05,long,1130-1300,,6114,30,-0.0899,-0.146,0.0086,0.231,-4.59,-0.1729,,0.23,-0.0518,-0.0381,-0.0235,-1.25,2758,14,-0.1199,-0.1874,0.013,0.246,-7.74,-0.2114,,0.07,-0.0954,-0.0245,-0.0206,-0.62,False,4.0,90.0,hi,W3,,,,,,,,,,
B,B-rsi4hi90-short-W3-t1s1,B-rsi4hi90-short-W3,t1s1,short,1130-1300,,6114,30,-0.0076,-0.0477,0.0108,0.321,-0.72,-0.0784,,0.53,-0.0348,0.0273,0.0104,0.46,2758,14,0.043,-0.0093,0.0172,0.387,0.35,-0.0395,,0.43,0.0103,0.0327,0.0246,0.87,False,4.0,90.0,hi,W3,,,,,,,,,,
B,B-rsi4hi90-short-W3-t05s1,B-rsi4hi90-short-W3,t05s1,short,1130-1300,,6114,30,-0.0056,-0.0424,0.0085,0.617,-1.08,-0.0613,,0.5,-0.0407,0.0351,0.0204,0.99,2758,14,0.0079,-0.0408,0.0131,0.654,-1.35,-0.0646,,0.36,-0.0126,0.0205,0.0167,0.3,False,4.0,90.0,hi,W3,,,,,,,,,,
B,B-rsi4hi90-short-W3-t1s05,B-rsi4hi90-short-W3,t1s05,short,1130-1300,,6114,30,-0.0033,-0.0557,0.0089,0.273,-1.36,-0.0825,,0.4,-0.0326,0.0293,0.0191,0.84,2758,14,0.0223,-0.042,0.0139,0.321,-0.45,-0.0634,,0.43,-0.023,0.0453,0.0322,2.0,False,4.0,90.0,hi,W3,,,,,,,,,,
B,B-rsi4hi95-long-W3-t1s1,B-rsi4hi95-long-W3,t1s1,long,1130-1300,,1435,30,-0.1234,-0.1684,0.0229,0.29,-4.05,-0.208,,0.3,-0.0577,-0.0658,-0.0409,-1.76,662,14,-0.1229,-0.1771,0.0354,0.337,-4.14,-0.1836,,0.07,-0.1183,-0.0046,-0.0013,-0.48,False,4.0,95.0,hi,W3,,,,,,,,,,
B,B-rsi4hi95-long-W3-t05s1,B-rsi4hi95-long-W3,t05s1,long,1130-1300,,1435,30,-0.1439,-0.187,0.0188,0.522,-4.95,-0.2231,,0.2,-0.0598,-0.084,-0.0701,-2.6,662,14,-0.1008,-0.1508,0.0279,0.586,-5.44,-0.181,,0.07,-0.0851,-0.0158,-0.012,-0.67,False,4.0,95.0,hi,W3,,,,,,,,,,
B,B-rsi4hi95-long-W3-t1s05,B-rsi4hi95-long-W3,t1s05,long,1130-1300,,1435,30,-0.0911,-0.1492,0.0179,0.238,-4.67,-0.1795,,0.17,-0.0518,-0.0393,-0.0171,-1.23,662,14,-0.1177,-0.188,0.0271,0.261,-5.91,-0.2237,,0.07,-0.0954,-0.0223,-0.0195,-1.21,False,4.0,95.0,hi,W3,,,,,,,,,,
B,B-rsi4hi95-short-W3-t1s1,B-rsi4hi95-short-W3,t1s1,short,1130-1300,,1435,30,0.0181,-0.0241,0.0229,0.346,0.25,-0.0655,,0.57,-0.0348,0.0529,0.0279,1.4,662,14,0.0068,-0.0456,0.0356,0.381,0.06,-0.0825,,0.43,0.0103,-0.0035,-0.0067,0.25,False,4.0,95.0,hi,W3,,,,,,,,,,
B,B-rsi4hi95-short-W3-t05s1,B-rsi4hi95-short-W3,t05s1,short,1130-1300,,1435,30,-0.0167,-0.0556,0.0178,0.613,-0.72,-0.0821,,0.4,-0.0407,0.024,0.0016,0.65,662,14,-0.0006,-0.0487,0.0272,0.666,0.02,-0.0782,,0.43,-0.0126,0.012,0.0092,0.73,False,4.0,95.0,hi,W3,,,,,,,,,,
B,B-rsi4hi95-short-W3-t1s05,B-rsi4hi95-short-W3,t1s05,short,1130-1300,,1435,30,0.0319,-0.0222,0.0188,0.299,0.17,-0.0647,,0.47,-0.0326,0.0645,0.0504,1.89,662,14,-0.0153,-0.0814,0.028,0.293,-1.41,-0.1075,,0.29,-0.023,0.0077,0.004,0.29,False,4.0,95.0,hi,W3,,,,,,,,,,
B,B-rsi4lo20-long-W3-t1s1,B-rsi4lo20-long-W3,t1s1,long,1130-1300,,18673,30,-0.0414,-0.0841,0.0063,0.318,-1.59,-0.0991,,0.33,-0.0577,0.0163,0.0147,0.31,8449,14,-0.1361,-0.1893,0.0095,0.289,-3.2,-0.2112,,0.29,-0.1183,-0.0178,0.0076,0.64,False,4.0,20.0,lo,W3,,,,,,,,,,
B,B-rsi4lo20-long-W3-t05s1,B-rsi4lo20-long-W3,t05s1,long,1130-1300,,18673,30,-0.0521,-0.0922,0.005,0.584,-2.52,-0.1015,,0.33,-0.0598,0.0077,0.009,0.18,8449,14,-0.1001,-0.1494,0.0078,0.571,-2.54,-0.1648,,0.21,-0.0851,-0.0151,0.0113,1.27,False,4.0,20.0,lo,W3,,,,,,,,,,
B,B-rsi4lo20-long-W3-t1s05,B-rsi4lo20-long-W3,t1s05,long,1130-1300,,18673,30,-0.0447,-0.1,0.005,0.256,-2.53,-0.1135,,0.33,-0.0518,0.0071,0.0031,-0.08,8449,14,-0.0975,-0.164,0.0074,0.234,-4.0,-0.1807,,0.14,-0.0954,-0.0021,0.0123,1.82,False,4.0,20.0,lo,W3,,,,,,,,,,
B,B-rsi4lo20-short-W3-t1s1,B-rsi4lo20-short-W3,t1s1,short,1130-1300,,18673,30,-0.0542,-0.0976,0.0063,0.31,-2.47,-0.1107,,0.37,-0.0348,-0.0194,-0.0177,-0.52,8449,14,0.0269,-0.022,0.0095,0.359,-1.18,-0.0587,,0.29,0.0103,0.0166,-0.0087,-0.85,False,4.0,20.0,lo,W3,,,,,,,,,,
B,B-rsi4lo20-short-W3-t05s1,B-rsi4lo20-short-W3,t05s1,short,1130-1300,,18673,30,-0.0507,-0.0905,0.005,0.576,-3.23,-0.0978,,0.37,-0.0407,-0.0101,-0.006,-0.22,8449,14,-0.0118,-0.0569,0.0073,0.615,-2.43,-0.0858,,0.21,-0.0126,0.0008,-0.0135,-1.97,False,4.0,20.0,lo,W3,,,,,,,,,,
B,B-rsi4lo20-short-W3-t1s05,B-rsi4lo20-short-W3,t1s05,short,1130-1300,,18673,30,-0.0431,-0.0988,0.005,0.26,-3.57,-0.1106,,0.27,-0.0326,-0.0105,-0.0117,-0.41,8449,14,-0.0097,-0.0732,0.0078,0.296,-2.5,-0.109,,0.29,-0.023,0.0133,-0.0129,-1.39,False,4.0,20.0,lo,W3,,,,,,,,,,
B,B-rsi4lo10-long-W3-t1s1,B-rsi4lo10-long-W3,t1s1,long,1130-1300,,5902,30,-0.0156,-0.0597,0.0114,0.348,-1.09,-0.0963,,0.4,-0.0577,0.042,0.0423,0.6,2929,14,-0.1586,-0.2146,0.0162,0.285,-2.37,-0.2387,,0.29,-0.1183,-0.0403,-0.0064,0.54,False,4.0,10.0,lo,W3,,,,,,,,,,
B,B-rsi4lo10-long-W3-t05s1,B-rsi4lo10-long-W3,t05s1,long,1130-1300,,5902,30,-0.0493,-0.0904,0.0089,0.596,-2.35,-0.1109,,0.37,-0.0598,0.0105,0.0132,-0.21,2929,14,-0.1017,-0.1526,0.0132,0.575,-1.9,-0.1679,,0.43,-0.0851,-0.0167,0.0129,1.21,False,4.0,10.0,lo,W3,,,,,,,,,,
B,B-rsi4lo10-long-W3-t1s05,B-rsi4lo10-long-W3,t1s05,long,1130-1300,,5902,30,-0.0353,-0.0932,0.0091,0.273,-2.12,-0.1089,,0.3,-0.0518,0.0166,0.0172,0.46,2929,14,-0.1102,-0.1803,0.0126,0.231,-3.66,-0.1963,,0.14,-0.0954,-0.0148,0.008,0.33,False,4.0,10.0,lo,W3,,,,,,,,,,
B,B-rsi4lo10-short-W3-t1s1,B-rsi4lo10-short-W3,t1s1,short,1130-1300,,5902,30,-0.0831,-0.1293,0.0115,0.321,-2.69,-0.1588,,0.33,-0.0348,-0.0483,-0.0483,-0.89,2929,14,0.0422,-0.0082,0.0161,0.37,-1.68,-0.0772,,0.29,0.0103,0.0318,-0.0018,-0.99,False,4.0,10.0,lo,W3,,,,,,,,,,
B,B-rsi4lo10-short-W3-t05s1,B-rsi4lo10-short-W3,t05s1,short,1130-1300,,5902,30,-0.0636,-0.1053,0.009,0.585,-3.59,-0.1221,,0.37,-0.0407,-0.0229,-0.0233,-0.91,2929,14,-0.0067,-0.0533,0.0124,0.625,-2.68,-0.0979,,0.21,-0.0126,0.0059,-0.0166,-0.98,False,4.0,10.0,lo,W3,,,,,,,,,,
B,B-rsi4lo10-short-W3-t1s05,B-rsi4lo10-short-W3,t1s05,short,1130-1300,,5902,30,-0.0495,-0.1081,0.0091,0.267,-3.47,-0.134,,0.23,-0.0326,-0.017,-0.0194,-0.14,2929,14,-0.0157,-0.0824,0.0133,0.299,-3.61,-0.1518,,0.14,-0.023,0.0073,-0.022,-1.85,False,4.0,10.0,lo,W3,,,,,,,,,,
B,B-rsi4lo5-long-W3-t1s1,B-rsi4lo5-long-W3,t1s1,long,1130-1300,,1460,30,0.0507,0.0079,0.0234,0.397,-0.01,-0.0878,10.57,0.5,-0.0577,0.1084,0.0924,1.49,728,14,-0.217,-0.2784,0.0328,0.269,-1.68,-0.3199,,0.36,-0.1183,-0.0987,-0.0509,0.25,False,4.0,5.0,lo,W3,,,,,,,,,,
B,B-rsi4lo5-long-W3-t05s1,B-rsi4lo5-long-W3,t05s1,long,1130-1300,,1460,30,0.0003,-0.0396,0.0178,0.652,-0.51,-0.0922,,0.43,-0.0598,0.0602,0.0529,1.55,728,14,-0.1022,-0.1547,0.0265,0.577,-1.36,-0.1757,,0.43,-0.0851,-0.0171,0.0164,1.26,False,4.0,5.0,lo,W3,,,,,,,,,,
B,B-rsi4lo5-long-W3-t1s05,B-rsi4lo5-long-W3,t1s05,long,1130-1300,,1460,30,0.0517,-0.0024,0.0189,0.332,-0.36,-0.0728,,0.47,-0.0518,0.1035,0.0864,1.36,728,14,-0.135,-0.2103,0.0253,0.232,-2.16,-0.2421,,0.29,-0.0954,-0.0396,-0.0013,0.86,False,4.0,5.0,lo,W3,,,,,,,,,,
B,B-rsi4lo5-short-W3-t1s1,B-rsi4lo5-short-W3,t1s1,short,1130-1300,,1460,30,-0.1467,-0.1949,0.0235,0.321,-3.0,-0.254,,0.27,-0.0348,-0.1119,-0.0956,-1.69,728,14,0.0964,0.0456,0.0323,0.413,-1.3,-0.0614,1.99,0.36,0.0103,0.0861,0.0388,-0.68,False,4.0,5.0,lo,W3,,,,,,,,,,
B,B-rsi4lo5-short-W3-t05s1,B-rsi4lo5-short-W3,t05s1,short,1130-1300,,1460,30,-0.1487,-0.1935,0.0189,0.539,-3.57,-0.2348,,0.27,-0.0407,-0.108,-0.0908,-1.7,728,14,0.0143,-0.0338,0.0249,0.659,-2.32,-0.1085,,0.36,-0.0126,0.0269,-0.0107,-1.43,False,4.0,5.0,lo,W3,,,,,,,,,,
B,B-rsi4lo5-short-W3-t1s05,B-rsi4lo5-short-W3,t1s05,short,1130-1300,,1460,30,-0.0963,-0.1564,0.018,0.26,-4.3,-0.2057,,0.23,-0.0326,-0.0638,-0.0564,-1.85,728,14,-0.0226,-0.0932,0.027,0.299,-3.68,-0.1833,,0.21,-0.023,0.0004,-0.0326,-2.39,False,4.0,5.0,lo,W3,,,,,,,,,,
B,B-rsi4hi80-long-W4-t1s1,B-rsi4hi80-long-W4,t1s1,long,1300-1430,,19615,30,-0.0464,-0.0831,0.0053,0.216,-3.13,-0.1052,,0.2,-0.0415,-0.0049,-0.0159,-1.07,9228,14,-0.1837,-0.232,0.008,0.186,-5.66,-0.2506,,0.0,-0.1362,-0.0475,-0.0323,-2.65,False,4.0,80.0,hi,W4,,,,,,,,,,
B,B-rsi4hi80-long-W4-t05s1,B-rsi4hi80-long-W4,t05s1,long,1300-1430,,19615,30,-0.0564,-0.0917,0.0044,0.491,-4.2,-0.1057,,0.2,-0.047,-0.0093,-0.0128,-1.17,9228,14,-0.1526,-0.1988,0.0069,0.448,-6.07,-0.2143,,0.0,-0.1115,-0.041,-0.0289,-2.3,False,4.0,80.0,hi,W4,,,,,,,,,,
B,B-rsi4hi80-long-W4-t1s05,B-rsi4hi80-long-W4,t1s05,long,1300-1430,,19615,30,-0.0405,-0.0909,0.0045,0.192,-3.83,-0.111,,0.17,-0.039,-0.0015,-0.0121,-0.98,9228,14,-0.1355,-0.1995,0.0064,0.166,-7.39,-0.2146,,0.0,-0.1098,-0.0257,-0.0176,-1.98,False,4.0,80.0,hi,W4,,,,,,,,,,
B,B-rsi4hi80-short-W4-t1s1,B-rsi4hi80-short-W4,t1s1,short,1300-1430,,19615,30,-0.0483,-0.0855,0.0053,0.204,-1.66,-0.0983,,0.33,-0.0509,0.0026,0.0136,0.89,9228,14,0.0782,0.0359,0.0079,0.274,0.97,0.0173,0.56,0.64,0.0283,0.0499,0.0346,3.0,False,4.0,80.0,hi,W4,,,,,,,,,,
B,B-rsi4hi80-short-W4-t05s1,B-rsi4hi80-short-W4,t05s1,short,1300-1430,,19615,30,-0.0545,-0.0904,0.0044,0.49,-2.32,-0.1004,,0.37,-0.0536,-0.0009,0.0095,0.77,9228,14,0.03,-0.011,0.0063,0.579,-0.37,-0.0197,,0.64,0.0019,0.0281,0.0199,2.28,False,4.0,80.0,hi,W4,,,,,,,,,,
B,B-rsi4hi80-short-W4-t1s05,B-rsi4hi80-short-W4,t1s05,short,1300-1430,,19615,30,-0.0382,-0.089,0.0045,0.181,-2.6,-0.0996,,0.23,-0.0453,0.0071,0.0105,0.93,9228,14,0.0472,-0.0093,0.0069,0.242,-0.14,-0.0196,,0.57,0.0035,0.0436,0.0313,2.6,False,4.0,80.0,hi,W4,,,,,,,,,,
B,B-rsi4hi90-long-W4-t1s1,B-rsi4hi90-long-W4,t1s1,long,1300-1430,,6738,30,-0.021,-0.0565,0.009,0.237,-3.28,-0.0785,,0.23,-0.0415,0.0205,0.0054,-0.57,3007,14,-0.1814,-0.2288,0.0142,0.202,-4.92,-0.2541,,0.14,-0.1362,-0.0452,-0.0201,-0.69,False,4.0,90.0,hi,W4,,,,,,,,,,
B,B-rsi4hi90-long-W4-t05s1,B-rsi4hi90-long-W4,t05s1,long,1300-1430,,6738,30,-0.0369,-0.0712,0.0074,0.506,-4.3,-0.0874,,0.23,-0.047,0.0101,0.0006,-0.72,3007,14,-0.148,-0.193,0.0121,0.457,-5.88,-0.2134,,0.07,-0.1115,-0.0365,-0.0152,-0.97,False,4.0,90.0,hi,W4,,,,,,,,,,
B,B-rsi4hi90-long-W4-t1s05,B-rsi4hi90-long-W4,t1s05,long,1300-1430,,6738,30,-0.0289,-0.0781,0.0077,0.204,-4.48,-0.0989,,0.2,-0.039,0.01,-0.0044,-0.91,3007,14,-0.1317,-0.1944,0.0114,0.178,-6.51,-0.2113,,0.0,-0.1098,-0.0218,-0.0046,-0.17,False,4.0,90.0,hi,W4,,,,,,,,,,
B,B-rsi4hi90-short-W4-t1s1,B-rsi4hi90-short-W4,t1s1,short,1300-1430,,6738,30,-0.0727,-0.111,0.0091,0.194,-1.62,-0.1253,,0.33,-0.0509,-0.0218,-0.0067,0.4,3007,14,0.076,0.0334,0.0141,0.279,0.68,0.005,0.86,0.64,0.0283,0.0477,0.0224,0.91,False,4.0,90.0,hi,W4,,,,,,,,,,
B,B-rsi4hi90-short-W4-t05s1,B-rsi4hi90-short-W4,t05s1,short,1300-1430,,6738,30,-0.0656,-0.1023,0.0077,0.482,-2.22,-0.1115,,0.3,-0.0536,-0.012,0.0024,0.64,3007,14,0.0261,-0.0152,0.0113,0.582,-0.59,-0.0325,,0.64,0.0019,0.0242,0.0069,0.31,False,4.0,90.0,hi,W4,,,,,,,,,,
B,B-rsi4hi90-short-W4-t1s05,B-rsi4hi90-short-W4,t1s05,short,1300-1430,,6738,30,-0.0569,-0.1082,0.0075,0.169,-2.49,-0.119,,0.23,-0.0453,-0.0116,-0.0022,0.5,3007,14,0.0424,-0.0131,0.0121,0.237,-0.28,-0.0315,,0.57,0.0035,0.0389,0.0174,1.27,False,4.0,90.0,hi,W4,,,,,,,,,,
B,B-rsi4hi95-long-W4-t1s1,B-rsi4hi95-long-W4,t1s1,long,1300-1430,,1846,30,-0.0687,-0.1058,0.0171,0.218,-4.28,-0.12,,0.23,-0.0415,-0.0272,-0.0357,-2.11,792,14,-0.2011,-0.2503,0.0285,0.213,-3.62,-0.2797,,0.21,-0.1362,-0.0649,-0.0365,-0.65,False,4.0,95.0,hi,W4,,,,,,,,,,
B,B-rsi4hi95-long-W4-t05s1,B-rsi4hi95-long-W4,t05s1,long,1300-1430,,1846,30,-0.0675,-0.1029,0.014,0.467,-4.66,-0.1269,,0.17,-0.047,-0.0205,-0.029,-2.13,792,14,-0.1399,-0.1856,0.0244,0.497,-3.98,-0.1998,,0.14,-0.1115,-0.0284,-0.0038,-0.15,False,4.0,95.0,hi,W4,,,,,,,,,,
B,B-rsi4hi95-long-W4-t1s05,B-rsi4hi95-long-W4,t1s05,long,1300-1430,,1846,30,-0.0686,-0.1209,0.0144,0.186,-5.29,-0.1324,,0.2,-0.039,-0.0297,-0.0363,-1.87,792,14,-0.1609,-0.2264,0.0224,0.179,-4.73,-0.2657,,0.14,-0.1098,-0.0511,-0.0306,-0.73,False,4.0,95.0,hi,W4,,,,,,,,,,
B,B-rsi4hi95-short-W4-t1s1,B-rsi4hi95-short-W4,t1s1,short,1300-1430,,1846,30,-0.0324,-0.0711,0.0173,0.202,-0.15,-0.0816,,0.5,-0.0509,0.0185,0.0266,1.64,792,14,0.0902,0.0492,0.0278,0.301,0.54,0.0222,0.59,0.64,0.0283,0.0619,0.0335,0.59,False,4.0,95.0,hi,W4,,,,,,,,,,
B,B-rsi4hi95-short-W4-t05s1,B-rsi4hi95-short-W4,t05s1,short,1300-1430,,1846,30,-0.033,-0.0703,0.0144,0.502,-0.98,-0.0775,,0.43,-0.0536,0.0205,0.0268,1.27,792,14,0.0488,0.0094,0.0218,0.619,-0.04,-0.0089,1.86,0.64,0.0019,0.0469,0.0264,0.55,False,4.0,95.0,hi,W4,,,,,,,,,,
B,B-rsi4hi95-short-W4-t1s05,B-rsi4hi95-short-W4,t1s05,short,1300-1430,,1846,30,-0.0334,-0.0838,0.0143,0.171,-0.62,-0.0931,,0.47,-0.0453,0.012,0.0199,1.62,792,14,0.0259,-0.0301,0.024,0.251,-0.84,-0.0458,,0.43,0.0035,0.0223,-0.0023,-0.19,False,4.0,95.0,hi,W4,,,,,,,,,,
B,B-rsi4lo20-long-W4-t1s1,B-rsi4lo20-long-W4,t1s1,long,1300-1430,,19709,30,-0.0441,-0.0806,0.0052,0.201,-1.88,-0.0922,,0.33,-0.0415,-0.0026,0.005,0.03,9149,14,-0.1056,-0.1514,0.0078,0.191,-3.91,-0.1702,,0.21,-0.1362,0.0305,0.028,2.4,False,4.0,20.0,lo,W4,,,,,,,,,,
B,B-rsi4lo20-long-W4-t05s1,B-rsi4lo20-long-W4,t05s1,long,1300-1430,,19709,30,-0.0402,-0.0753,0.0043,0.495,-2.3,-0.0833,,0.37,-0.047,0.0068,0.0101,0.62,9149,14,-0.0768,-0.1207,0.0066,0.484,-3.96,-0.1301,,0.21,-0.1115,0.0347,0.0329,2.9,False,4.0,20.0,lo,W4,,,,,,,,,,
B,B-rsi4lo20-long-W4-t1s05,B-rsi4lo20-long-W4,t1s05,long,1300-1430,,19709,30,-0.0429,-0.0928,0.0044,0.179,-2.87,-0.1026,,0.27,-0.039,-0.004,0.0027,-0.02,9149,14,-0.093,-0.1556,0.0065,0.171,-4.63,-0.1714,,0.14,-0.1098,0.0168,0.0181,1.98,False,4.0,20.0,lo,W4,,,,,,,,,,
B,B-rsi4lo20-short-W4-t1s1,B-rsi4lo20-short-W4,t1s1,short,1300-1430,,19709,30,-0.0483,-0.0857,0.0052,0.201,-2.94,-0.0969,,0.27,-0.0509,0.0026,-0.0047,-0.05,9149,14,-0.005,-0.0489,0.0078,0.229,-1.61,-0.0654,,0.43,0.0283,-0.0333,-0.0307,-2.71,False,4.0,20.0,lo,W4,,,,,,,,,,
B,B-rsi4lo20-short-W4-t05s1,B-rsi4lo20-short-W4,t05s1,short,1300-1430,,19709,30,-0.0492,-0.0854,0.0044,0.485,-3.7,-0.0965,,0.27,-0.0536,0.0043,-0.0021,0.02,9149,14,-0.0178,-0.0603,0.0064,0.533,-2.44,-0.079,,0.29,0.0019,-0.0197,-0.0209,-2.21,False,4.0,20.0,lo,W4,,,,,,,,,,
B,B-rsi4lo20-short-W4-t1s05,B-rsi4lo20-short-W4,t1s05,short,1300-1430,,19709,30,-0.0523,-0.1035,0.0044,0.174,-4.27,-0.113,,0.23,-0.0453,-0.007,-0.0099,-0.67,9149,14,-0.0341,-0.0936,0.0067,0.196,-3.67,-0.1107,,0.14,0.0035,-0.0377,-0.0358,-3.4,False,4.0,20.0,lo,W4,,,,,,,,,,
B,B-rsi4lo10-long-W4-t1s1,B-rsi4lo10-long-W4,t1s1,long,1300-1430,,6522,30,-0.054,-0.0908,0.009,0.198,-1.36,-0.1019,,0.5,-0.0415,-0.0125,0.0094,0.44,2994,14,-0.0665,-0.1135,0.014,0.212,-3.19,-0.1422,,0.21,-0.1362,0.0697,0.0602,1.5,False,4.0,10.0,lo,W4,,,,,,,,,,
B,B-rsi4lo10-long-W4-t05s1,B-rsi4lo10-long-W4,t05s1,long,1300-1430,,6522,30,-0.0532,-0.0887,0.0076,0.484,-1.8,-0.0965,,0.53,-0.047,-0.0062,0.0065,0.61,2994,14,-0.0581,-0.1028,0.0116,0.516,-3.42,-0.1256,,0.21,-0.1115,0.0534,0.0504,1.54,False,4.0,10.0,lo,W4,,,,,,,,,,
B,B-rsi4lo10-long-W4-t1s05,B-rsi4lo10-long-W4,t1s05,long,1300-1430,,6522,30,-0.0458,-0.0953,0.0076,0.176,-1.75,-0.1006,,0.43,-0.039,-0.0069,0.0119,0.93,2994,14,-0.0602,-0.1245,0.0117,0.185,-3.57,-0.1482,,0.21,-0.1098,0.0497,0.0487,1.88,False,4.0,10.0,lo,W4,,,,,,,,,,
B,B-rsi4lo10-short-W4-t1s1,B-rsi4lo10-short-W4,t1s1,short,1300-1430,,6522,30,-0.039,-0.0762,0.0091,0.212,-3.13,-0.0939,,0.27,-0.0509,0.0119,-0.0095,-0.49,2994,14,-0.0516,-0.0994,0.0141,0.229,-2.71,-0.123,,0.36,0.0283,-0.0799,-0.0702,-1.94,False,4.0,10.0,lo,W4,,,,,,,,,,
B,B-rsi4lo10-short-W4-t05s1,B-rsi4lo10-short-W4,t05s1,short,1300-1430,,6522,30,-0.0473,-0.0832,0.0076,0.486,-3.99,-0.0965,,0.27,-0.0536,0.0063,-0.0121,-1.0,2994,14,-0.0583,-0.1043,0.0117,0.512,-3.8,-0.1304,,0.14,0.0019,-0.0602,-0.0591,-2.5,False,4.0,10.0,lo,W4,,,,,,,,,,
B,B-rsi4lo10-short-W4-t1s05,B-rsi4lo10-short-W4,t1s05,short,1300-1430,,6522,30,-0.0397,-0.0908,0.0077,0.186,-4.13,-0.1072,,0.23,-0.0453,0.0056,-0.0066,-0.7,2994,14,-0.0613,-0.126,0.0119,0.196,-4.55,-0.1492,,0.07,0.0035,-0.0649,-0.0618,-2.14,False,4.0,10.0,lo,W4,,,,,,,,,,
B,B-rsi4lo5-long-W4-t1s1,B-rsi4lo5-long-W4,t1s1,long,1300-1430,,1712,30,-0.0877,-0.1262,0.0178,0.185,-1.55,-0.1427,,0.4,-0.0415,-0.0462,-0.0113,-0.27,699,14,-0.0357,-0.0797,0.029,0.237,-2.37,-0.103,,0.36,-0.1362,0.1005,0.083,0.53,False,4.0,5.0,lo,W4,,,,,,,,,,
B,B-rsi4lo5-long-W4-t05s1,B-rsi4lo5-long-W4,t05s1,long,1300-1430,,1712,30,-0.0697,-0.1068,0.0151,0.492,-2.05,-0.1221,,0.47,-0.047,-0.0226,0.0001,-0.25,699,14,-0.048,-0.0909,0.0239,0.535,-2.67,-0.111,,0.21,-0.1115,0.0635,0.0549,0.1,False,4.0,5.0,lo,W4,,,,,,,,,,
B,B-rsi4lo5-long-W4-t1s05,B-rsi4lo5-long-W4,t1s05,long,1300-1430,,1712,30,-0.0628,-0.113,0.0147,0.166,-1.41,-0.1223,,0.43,-0.039,-0.0238,0.0041,0.54,699,14,-0.0521,-0.113,0.0243,0.203,-3.58,-0.1304,,0.21,-0.1098,0.0577,0.0509,0.2,False,4.0,5.0,lo,W4,,,,,,,,,,
B,B-rsi4lo5-short-W4-t1s1,B-rsi4lo5-short-W4,t1s1,short,1300-1430,,1712,30,-0.0079,-0.0455,0.0179,0.228,-1.92,-0.0692,,0.4,-0.0509,0.043,0.0088,-0.0,699,14,-0.0842,-0.13,0.0294,0.229,-1.92,-0.15,,0.29,0.0283,-0.1125,-0.0949,-1.0,False,4.0,5.0,lo,W4,,,,,,,,,,
B,B-rsi4lo5-short-W4-t05s1,B-rsi4lo5-short-W4,t05s1,short,1300-1430,,1712,30,-0.0325,-0.069,0.0146,0.498,-2.63,-0.0899,,0.33,-0.0536,0.021,-0.0063,-0.78,699,14,-0.0686,-0.1123,0.0244,0.511,-2.34,-0.1276,,0.29,0.0019,-0.0705,-0.0635,-0.78,False,4.0,5.0,lo,W4,,,,,,,,,,
B,B-rsi4lo5-short-W4-t1s05,B-rsi4lo5-short-W4,t1s05,short,1300-1430,,1712,30,-0.0266,-0.0789,0.0154,0.197,-3.05,-0.1035,,0.3,-0.0453,0.0188,-0.0032,-0.21,699,14,-0.0727,-0.1365,0.0246,0.202,-2.4,-0.152,,0.21,0.0035,-0.0762,-0.0674,-0.81,False,4.0,5.0,lo,W4,,,,,,,,,,
B,B-rsi4hi80-long-W5-t1s1,B-rsi4hi80-long-W5,t1s1,long,1430-1500,,10184,30,-0.0837,-0.12,0.0066,0.137,-3.92,-0.1399,,0.23,-0.0486,-0.035,-0.0106,-0.76,4082,14,-0.1647,-0.2079,0.0103,0.109,-5.28,-0.2139,,0.0,-0.0901,-0.0746,-0.041,-2.41,False,4.0,80.0,hi,W5,,,,,,,,,,
B,B-rsi4hi80-long-W5-t05s1,B-rsi4hi80-long-W5,t05s1,long,1430-1500,,10184,30,-0.0659,-0.1009,0.0056,0.406,-5.28,-0.1131,,0.23,-0.0499,-0.016,-0.0042,-0.64,4082,14,-0.1353,-0.1774,0.0094,0.37,-5.28,-0.1818,,0.0,-0.0799,-0.0555,-0.0248,-2.05,False,4.0,80.0,hi,W5,,,,,,,,,,
B,B-rsi4hi80-long-W5-t1s05,B-rsi4hi80-long-W5,t1s05,long,1430-1500,,10184,30,-0.0549,-0.1043,0.0057,0.128,-4.92,-0.1232,,0.2,-0.0429,-0.0121,-0.003,-0.6,4082,14,-0.1346,-0.1938,0.0088,0.102,-6.64,-0.2055,,0.0,-0.0751,-0.0595,-0.0336,-2.28,False,4.0,80.0,hi,W5,,,,,,,,,,
B,B-rsi4hi80-short-W5-t1s1,B-rsi4hi80-short-W5,t1s1,short,1430-1500,,10184,30,-0.0115,-0.0463,0.0065,0.157,-1.83,-0.0869,,0.3,-0.0435,0.0319,0.0081,0.42,4082,14,0.059,0.0211,0.0101,0.169,0.26,-0.0019,1.08,0.36,-0.0178,0.0769,0.0429,2.63,False,4.0,80.0,hi,W5,,,,,,,,,,
B,B-rsi4hi80-short-W5-t05s1,B-rsi4hi80-short-W5,t05s1,short,1430-1500,,10184,30,-0.0405,-0.075,0.0055,0.42,-2.9,-0.0889,,0.37,-0.0493,0.0087,0.0003,0.15,4082,14,0.0285,-0.0078,0.0083,0.477,-0.53,-0.0264,,0.29,-0.0329,0.0614,0.0353,2.42,False,4.0,80.0,hi,W5,,,,,,,,,,
B,B-rsi4hi80-short-W5-t1s05,B-rsi4hi80-short-W5,t1s05,short,1430-1500,,10184,30,-0.0296,-0.0771,0.0056,0.129,-3.39,-0.0887,,0.23,-0.0422,0.0126,0.0013,0.27,4082,14,0.0296,-0.0223,0.0094,0.158,-0.93,-0.0433,,0.29,-0.0282,0.0578,0.0269,2.33,False,4.0,80.0,hi,W5,,,,,,,,,,
B,B-rsi4hi90-long-W5-t1s1,B-rsi4hi90-long-W5,t1s1,long,1430-1500,,2894,30,-0.1151,-0.1548,0.0131,0.157,-3.42,-0.2119,,0.2,-0.0486,-0.0665,-0.0153,-0.95,1178,14,-0.1996,-0.2438,0.0198,0.117,-7.1,-0.2584,,0.07,-0.0901,-0.1095,-0.0601,-2.72,False,4.0,90.0,hi,W5,,,,,,,,,,
B,B-rsi4hi90-long-W5-t05s1,B-rsi4hi90-long-W5,t05s1,long,1430-1500,,2894,30,-0.1036,-0.1416,0.0111,0.411,-4.69,-0.1774,,0.17,-0.0499,-0.0537,-0.0164,-1.15,1178,14,-0.159,-0.2021,0.0179,0.383,-5.65,-0.2173,,0.07,-0.0799,-0.0791,-0.0347,-2.06,False,4.0,90.0,hi,W5,,,,,,,,,,
B,B-rsi4hi90-long-W5-t1s05,B-rsi4hi90-long-W5,t1s05,long,1430-1500,,2894,30,-0.0726,-0.1274,0.0111,0.147,-4.65,-0.1797,,0.17,-0.0429,-0.0297,-0.0049,-1.13,1178,14,-0.1684,-0.2321,0.0164,0.103,-7.79,-0.2443,,0.0,-0.0751,-0.0933,-0.0566,-3.55,False,4.0,90.0,hi,W5,,,,,,,,,,
B,B-rsi4hi90-short-W5-t1s1,B-rsi4hi90-short-W5,t1s1,short,1430-1500,,2894,30,0.0145,-0.0224,0.0129,0.196,-1.16,-0.1112,,0.47,-0.0435,0.058,0.0074,0.53,1178,14,0.092,0.0537,0.0194,0.205,2.02,0.0315,0.47,0.71,-0.0178,0.1098,0.06,2.89,False,4.0,90.0,hi,W5,,,,,,,,,,
B,B-rsi4hi90-short-W5-t05s1,B-rsi4hi90-short-W5,t05s1,short,1430-1500,,2894,30,-0.028,-0.0644,0.0107,0.463,-1.83,-0.1083,,0.4,-0.0493,0.0213,-0.0028,0.65,1178,14,0.0612,0.0254,0.0153,0.522,0.95,0.0091,0.67,0.5,-0.0329,0.0941,0.057,4.02,False,4.0,90.0,hi,W5,,,,,,,,,,
B,B-rsi4hi90-short-W5-t1s05,B-rsi4hi90-short-W5,t1s05,short,1430-1500,,2894,30,0.0026,-0.0467,0.0111,0.165,-2.13,-0.1014,,0.4,-0.0422,0.0448,0.0081,0.64,1178,14,0.0518,-0.0003,0.0179,0.188,0.33,-0.0237,,0.57,-0.0282,0.08,0.0352,2.14,False,4.0,90.0,hi,W5,,,,,,,,,,
B,B-rsi4hi95-long-W5-t1s1,B-rsi4hi95-long-W5,t1s1,long,1430-1500,,725,30,-0.0107,-0.0477,0.0269,0.233,-2.62,-0.1734,,0.3,-0.0486,0.0379,0.049,-0.59,307,14,-0.1886,-0.2328,0.0402,0.15,-3.86,-0.2878,,0.14,-0.0901,-0.0985,-0.0293,-1.64,False,4.0,95.0,hi,W5,,,,,,,,,,
B,B-rsi4hi95-long-W5-t05s1,B-rsi4hi95-long-W5,t05s1,long,1430-1500,,725,30,-0.0578,-0.0939,0.0218,0.466,-3.47,-0.1724,,0.3,-0.0499,-0.0079,0.0032,-1.19,307,14,-0.1434,-0.1858,0.0354,0.397,-3.91,-0.2193,,0.14,-0.0799,-0.0635,-0.0024,-1.52,False,4.0,95.0,hi,W5,,,,,,,,,,
B,B-rsi4hi95-long-W5-t1s05,B-rsi4hi95-long-W5,t1s05,long,1430-1500,,725,30,-0.0061,-0.0601,0.0236,0.207,-3.65,-0.172,,0.23,-0.0429,0.0368,0.0361,-1.08,307,14,-0.1628,-0.2264,0.0336,0.134,-4.16,-0.278,,0.14,-0.0751,-0.0876,-0.0368,-1.6,False,4.0,95.0,hi,W5,,,,,,,,,,
B,B-rsi4hi95-short-W5-t1s1,B-rsi4hi95-short-W5,t1s1,short,1430-1500,,725,30,-0.0976,-0.1375,0.0266,0.146,-1.26,-0.1843,,0.33,-0.0435,-0.0542,-0.0653,-0.07,307,14,0.0858,0.0505,0.0383,0.205,1.51,0.0264,0.52,0.71,-0.0178,0.1037,0.034,1.74,False,4.0,95.0,hi,W5,,,,,,,,,,
B,B-rsi4hi95-short-W5-t05s1,B-rsi4hi95-short-W5,t05s1,short,1430-1500,,725,30,-0.1044,-0.1428,0.0227,0.415,-1.35,-0.1667,,0.37,-0.0493,-0.0551,-0.0544,0.35,307,14,0.06,0.0258,0.0314,0.554,0.68,0.0055,0.8,0.64,-0.0329,0.0929,0.0415,1.66,False,4.0,95.0,hi,W5,,,,,,,,,,
B,B-rsi4hi95-short-W5-t1s05,B-rsi4hi95-short-W5,t1s05,short,1430-1500,,725,30,-0.0506,-0.1024,0.0217,0.127,-1.33,-0.1335,,0.37,-0.0422,-0.0084,-0.0195,0.45,307,14,0.0406,-0.0071,0.0342,0.182,0.86,-0.0263,,0.57,-0.0282,0.0688,0.0072,1.63,False,4.0,95.0,hi,W5,,,,,,,,,,
B,B-rsi4lo20-long-W5-t1s1,B-rsi4lo20-long-W5,t1s1,long,1430-1500,,10479,30,-0.0515,-0.083,0.006,0.111,-2.67,-0.0884,,0.37,-0.0486,-0.0029,-0.0031,0.41,6395,14,-0.0565,-0.0961,0.008,0.137,-2.07,-0.1239,,0.29,-0.0901,0.0336,0.0306,1.63,False,4.0,20.0,lo,W5,,,,,,,,,,
B,B-rsi4lo20-long-W5-t05s1,B-rsi4lo20-long-W5,t05s1,long,1430-1500,,10479,30,-0.0549,-0.0859,0.0053,0.382,-3.42,-0.0905,,0.33,-0.0499,-0.005,-0.0033,0.39,6395,14,-0.0506,-0.0896,0.007,0.432,-2.74,-0.1067,,0.29,-0.0799,0.0292,0.0249,1.39,False,4.0,20.0,lo,W5,,,,,,,,,,
B,B-rsi4lo20-long-W5-t1s05,B-rsi4lo20-long-W5,t1s05,long,1430-1500,,10479,30,-0.0539,-0.0981,0.0053,0.102,-3.7,-0.1047,,0.23,-0.0429,-0.0111,-0.0069,0.07,6395,14,-0.0566,-0.1128,0.0072,0.127,-2.84,-0.1353,,0.21,-0.0751,0.0185,0.0177,1.12,False,4.0,20.0,lo,W5,,,,,,,,,,
B,B-rsi4lo20-short-W5-t1s1,B-rsi4lo20-short-W5,t1s1,short,1430-1500,,10479,30,-0.0387,-0.0702,0.0061,0.125,-3.77,-0.0857,,0.27,-0.0435,0.0048,0.0046,-0.41,6395,14,-0.0531,-0.0943,0.0081,0.124,-2.12,-0.1205,,0.36,-0.0178,-0.0353,-0.032,-1.85,False,4.0,20.0,lo,W5,,,,,,,,,,
B,B-rsi4lo20-short-W5-t05s1,B-rsi4lo20-short-W5,t05s1,short,1430-1500,,10479,30,-0.0362,-0.0671,0.0053,0.405,-4.17,-0.083,,0.2,-0.0493,0.0131,0.0086,-0.07,6395,14,-0.0532,-0.0938,0.007,0.41,-2.69,-0.1126,,0.21,-0.0329,-0.0203,-0.0193,-1.36,False,4.0,20.0,lo,W5,,,,,,,,,,
B,B-rsi4lo20-short-W5-t1s05,B-rsi4lo20-short-W5,t1s05,short,1430-1500,,10479,30,-0.0353,-0.0799,0.0054,0.118,-4.75,-0.0939,,0.2,-0.0422,0.0069,0.0047,-0.4,6395,14,-0.0589,-0.1163,0.0072,0.118,-3.39,-0.1323,,0.14,-0.0282,-0.0307,-0.0262,-1.63,False,4.0,20.0,lo,W5,,,,,,,,,,
B,B-rsi4lo10-long-W5-t1s1,B-rsi4lo10-long-W5,t1s1,long,1430-1500,,2922,30,-0.0578,-0.0889,0.0115,0.113,-1.19,-0.1025,,0.43,-0.0486,-0.0092,-0.0141,0.83,1998,14,0.0143,-0.0244,0.0145,0.179,-0.59,-0.0562,,0.43,-0.0901,0.1044,0.0913,4.38,False,4.0,10.0,lo,W5,,,,,,,,,,
B,B-rsi4lo10-long-W5-t05s1,B-rsi4lo10-long-W5,t05s1,long,1430-1500,,2922,30,-0.0633,-0.0939,0.0101,0.381,-2.23,-0.104,,0.43,-0.0499,-0.0134,-0.0173,0.65,1998,14,0.0073,-0.0307,0.0121,0.493,-1.09,-0.0551,,0.36,-0.0799,0.0871,0.073,5.27,False,4.0,10.0,lo,W5,,,,,,,,,,
B,B-rsi4lo10-long-W5-t1s05,B-rsi4lo10-long-W5,t1s05,long,1430-1500,,2922,30,-0.065,-0.108,0.0101,0.103,-2.41,-0.1194,,0.3,-0.0429,-0.0221,-0.0191,0.73,1998,14,0.0059,-0.0477,0.0132,0.165,-1.28,-0.0748,,0.36,-0.0751,0.081,0.071,3.39,False,4.0,10.0,lo,W5,,,,,,,,,,
B,B-rsi4lo10-short-W5-t1s1,B-rsi4lo10-short-W5,t1s1,short,1430-1500,,2922,30,-0.0293,-0.0597,0.0115,0.13,-3.06,-0.0839,,0.3,-0.0435,0.0142,0.0187,-0.74,1998,14,-0.1289,-0.1723,0.0148,0.115,-3.62,-0.1961,,0.21,-0.0178,-0.1111,-0.0977,-4.68,False,4.0,10.0,lo,W5,,,,,,,,,,
B,B-rsi4lo10-short-W5-t05s1,B-rsi4lo10-short-W5,t05s1,short,1430-1500,,2922,30,-0.022,-0.0518,0.01,0.427,-3.77,-0.0773,,0.2,-0.0493,0.0273,0.0238,-0.61,1998,14,-0.1203,-0.1628,0.0132,0.364,-3.9,-0.1845,,0.14,-0.0329,-0.0874,-0.0771,-3.74,False,4.0,10.0,lo,W5,,,,,,,,,,
B,B-rsi4lo10-short-W5-t1s05,B-rsi4lo10-short-W5,t1s05,short,1430-1500,,2922,30,-0.0242,-0.0685,0.0104,0.126,-3.84,-0.0948,,0.23,-0.0422,0.0179,0.0215,-0.56,1998,14,-0.1209,-0.1819,0.0126,0.107,-5.6,-0.2,,0.07,-0.0282,-0.0927,-0.0784,-5.36,False,4.0,10.0,lo,W5,,,,,,,,,,
B,B-rsi4lo5-long-W5-t1s1,B-rsi4lo5-long-W5,t1s1,long,1430-1500,,770,30,-0.094,-0.1237,0.0222,0.104,-1.54,-0.1334,,0.4,-0.0486,-0.0453,-0.0566,0.2,462,14,0.0106,-0.0268,0.031,0.19,-0.78,-0.0633,,0.36,-0.0901,0.1007,0.0852,1.44,False,4.0,5.0,lo,W5,,,,,,,,,,
B,B-rsi4lo5-long-W5-t05s1,B-rsi4lo5-long-W5,t05s1,long,1430-1500,,770,30,-0.1096,-0.1391,0.0195,0.323,-2.9,-0.151,,0.33,-0.0499,-0.0597,-0.0667,-0.88,462,14,0.0046,-0.032,0.0254,0.491,-1.4,-0.0519,,0.36,-0.0799,0.0845,0.0697,1.1,False,4.0,5.0,lo,W5,,,,,,,,,,
B,B-rsi4lo5-long-W5-t1s05,B-rsi4lo5-long-W5,t1s05,long,1430-1500,,770,30,-0.1061,-0.1474,0.0192,0.092,-2.17,-0.1549,,0.27,-0.0429,-0.0632,-0.0626,0.01,462,14,0.0015,-0.0498,0.0276,0.171,-1.18,-0.0782,,0.36,-0.0751,0.0766,0.0622,1.31,False,4.0,5.0,lo,W5,,,,,,,,,,
B,B-rsi4lo5-short-W5-t1s1,B-rsi4lo5-short-W5,t1s1,short,1430-1500,,770,30,0.0162,-0.0115,0.0221,0.142,-1.72,-0.0563,,0.4,-0.0435,0.0596,0.0706,-0.05,462,14,-0.1395,-0.1801,0.0312,0.126,-3.07,-0.1838,,0.21,-0.0178,-0.1216,-0.1058,-1.9,False,4.0,5.0,lo,W5,,,,,,,,,,
B,B-rsi4lo5-short-W5-t05s1,B-rsi4lo5-short-W5,t05s1,short,1430-1500,,770,30,0.0283,0.0012,0.019,0.47,-1.94,-0.0488,33.59,0.33,-0.0493,0.0776,0.0767,0.16,462,14,-0.1293,-0.1691,0.0274,0.361,-3.54,-0.1863,,0.21,-0.0329,-0.0964,-0.0817,-1.93,False,4.0,5.0,lo,W5,,,,,,,,,,
B,B-rsi4lo5-short-W5-t1s05,B-rsi4lo5-short-W5,t1s05,short,1430-1500,,770,30,0.0319,-0.0054,0.0198,0.138,-1.23,-0.0532,,0.47,-0.0422,0.074,0.0807,1.04,462,14,-0.1291,-0.1903,0.0263,0.108,-4.15,-0.1948,,0.07,-0.0282,-0.1009,-0.0859,-1.54,False,4.0,5.0,lo,W5,,,,,,,,,,
C,C-fade-up-T950-k0.5-none-t1s1,C-fade-up-T950-k0.5-none,t1s1,short,1000-1130,,2774,30,0.0311,-0.0131,0.019,0.517,-0.31,-0.0512,,0.53,-0.0211,0.0522,0.0575,1.1,1771,14,0.0372,-0.0161,0.0241,0.525,-0.04,-0.073,,0.43,-0.0411,0.0783,0.0593,1.13,False,,,fade,,True,950.0,0.5,none,,,,,,
C,C-fade-up-T950-k0.5-none-t05s1,C-fade-up-T950-k0.5-none,t05s1,short,1000-1130,,2774,30,-0.0487,-0.0881,0.0138,0.66,-2.32,-0.1132,,0.43,-0.0412,-0.0075,0.0053,-0.25,1771,14,-0.0203,-0.0672,0.0173,0.683,-1.13,-0.0994,,0.43,-0.0641,0.0437,0.0325,1.47,False,,,fade,,True,950.0,0.5,none,,,,,,
C,C-fade-up-T950-k0.5-none-t1s05,C-fade-up-T950-k0.5-none,t1s05,short,1000-1130,,2774,30,-0.0298,-0.0829,0.014,0.338,-2.28,-0.11,,0.4,-0.0211,-0.0087,0.0206,0.24,1771,14,0.0312,-0.0294,0.0181,0.385,-0.35,-0.0746,,0.5,-0.0446,0.0759,0.0486,1.61,False,,,fade,,True,950.0,0.5,none,,,,,,
C,C-follow-up-T950-k0.5-none-t1s1,C-follow-up-T950-k0.5-none,t1s1,long,1000-1130,,2774,30,-0.1169,-0.1645,0.0191,0.441,-2.92,-0.1934,,0.3,-0.0713,-0.0456,-0.0502,-0.91,1771,14,-0.1349,-0.1905,0.0239,0.439,-3.16,-0.2283,,0.14,-0.0673,-0.0676,-0.0465,-0.76,False,,,follow,,True,950.0,0.5,none,,,,,,
C,C-follow-up-T950-k0.5-none-t05s1,C-follow-up-T950-k0.5-none,t05s1,long,1000-1130,,2774,30,-0.0616,-0.1013,0.0139,0.65,-2.41,-0.1164,,0.43,-0.0715,0.0099,-0.0179,-0.17,1771,14,-0.1323,-0.1819,0.0181,0.61,-3.61,-0.2099,,0.29,-0.0643,-0.068,-0.0365,-1.09,False,,,follow,,True,950.0,0.5,none,,,,,,
C,C-follow-up-T950-k0.5-none-t1s05,C-follow-up-T950-k0.5-none,t1s05,long,1000-1130,,2774,30,-0.0399,-0.0936,0.0139,0.332,-2.49,-0.1142,,0.3,-0.0514,0.0114,0.0,0.4,1771,14,-0.0791,-0.1423,0.0171,0.311,-3.41,-0.1718,,0.21,-0.0445,-0.0345,-0.0203,-0.77,False,,,follow,,True,950.0,0.5,none,,,,,,
C,C-fade-up-T950-k0.5-pb0.1-t1s1,C-fade-up-T950-k0.5-pb0.1,t1s1,short,1000-1130,,2590,30,0.0476,0.0035,0.0197,0.525,-0.12,-0.036,10.73,0.57,-0.0211,0.0687,0.0695,1.37,1687,14,0.0317,-0.0213,0.0247,0.522,-0.09,-0.0787,,0.36,-0.0411,0.0728,0.0607,1.15,False,,,fade,,True,950.0,0.5,pb0.1,,,,,,
C,C-fade-up-T950-k0.5-pb0.1-t05s1,C-fade-up-T950-k0.5-pb0.1,t05s1,short,1000-1130,,2590,30,-0.0378,-0.077,0.0143,0.667,-2.2,-0.1019,,0.37,-0.0412,0.0035,0.0131,-0.03,1687,14,-0.0357,-0.0831,0.0179,0.673,-1.31,-0.117,,0.36,-0.0641,0.0284,0.0208,0.8,False,,,fade,,True,950.0,0.5,pb0.1,,,,,,
C,C-fade-up-T950-k0.5-pb0.1-t1s05,C-fade-up-T950-k0.5-pb0.1,t1s05,short,1000-1130,,2590,30,-0.0154,-0.0685,0.0145,0.347,-1.93,-0.0979,,0.37,-0.0211,0.0057,0.0306,0.53,1687,14,0.0238,-0.0368,0.0185,0.381,-0.45,-0.0825,,0.5,-0.0446,0.0684,0.0459,1.39,False,,,fade,,True,950.0,0.5,pb0.1,,,,,,
C,C-follow-up-T950-k0.5-pb0.1-t1s1,C-follow-up-T950-k0.5-pb0.1,t1s1,long,1000-1130,,2590,30,-0.1344,-0.1825,0.0197,0.432,-3.18,-0.2116,,0.3,-0.0713,-0.0631,-0.0632,-1.22,1687,14,-0.1288,-0.1844,0.0246,0.442,-2.9,-0.2245,,0.14,-0.0673,-0.0615,-0.0474,-0.75,False,,,follow,,True,950.0,0.5,pb0.1,,,,,,
C,C-follow-up-T950-k0.5-pb0.1-t05s1,C-follow-up-T950-k0.5-pb0.1,t05s1,long,1000-1130,,2590,30,-0.0773,-0.1176,0.0145,0.64,-2.65,-0.132,,0.37,-0.0715,-0.0058,-0.0293,-0.51,1687,14,-0.1244,-0.1737,0.0185,0.615,-3.42,-0.201,,0.29,-0.0643,-0.0601,-0.0335,-0.9,False,,,follow,,True,950.0,0.5,pb0.1,,,,,,
C,C-follow-up-T950-k0.5-pb0.1-t1s05,C-follow-up-T950-k0.5-pb0.1,t1s05,long,1000-1130,,2590,30,-0.0527,-0.1069,0.0143,0.323,-2.81,-0.1265,,0.27,-0.0514,-0.0013,-0.0096,0.12,1687,14,-0.0632,-0.1255,0.0177,0.321,-2.82,-0.1548,,0.29,-0.0445,-0.0186,-0.0082,-0.14,False,,,follow,,True,950.0,0.5,pb0.1,,,,,,
C,C-fade-up-T950-k0.5-pb0.25-t1s1,C-fade-up-T950-k0.5-pb0.25,t1s1,short,1000-1130,,2130,30,0.0952,0.0517,0.0215,0.546,0.57,0.0114,0.8,0.6,-0.0211,0.1164,0.1006,2.34,1445,14,0.0145,-0.0357,0.0264,0.508,-0.57,-0.0929,,0.29,-0.0411,0.0556,0.0546,0.54,False,,,fade,,True,950.0,0.5,pb0.25,,,,,,
C,C-fade-up-T950-k0.5-pb0.25-t05s1,C-fade-up-T950-k0.5-pb0.25,t05s1,short,1000-1130,,2130,30,0.0045,-0.0342,0.0154,0.695,-1.35,-0.0565,,0.43,-0.0412,0.0457,0.0453,1.23,1445,14,-0.0382,-0.083,0.0192,0.671,-1.65,-0.1254,,0.36,-0.0641,0.0259,0.0226,0.24,False,,,fade,,True,950.0,0.5,pb0.25,,,,,,
C,C-fade-up-T950-k0.5-pb0.25-t1s05,C-fade-up-T950-k0.5-pb0.25,t1s05,short,1000-1130,,2130,30,0.007,-0.0462,0.0162,0.362,-1.81,-0.0767,,0.4,-0.0211,0.0282,0.0358,0.85,1445,14,0.0167,-0.0413,0.0197,0.373,-0.72,-0.0892,,0.43,-0.0446,0.0614,0.0464,1.26,False,,,fade,,True,950.0,0.5,pb0.25,,,,,,
C,C-follow-up-T950-k0.5-pb0.25-t1s1,C-follow-up-T950-k0.5-pb0.25,t1s1,long,1000-1130,,2130,30,-0.1852,-0.2346,0.0215,0.402,-4.41,-0.2635,,0.23,-0.0713,-0.1139,-0.0977,-2.29,1445,14,-0.1086,-0.164,0.0266,0.45,-2.22,-0.205,,0.29,-0.0673,-0.0414,-0.0385,-0.15,False,,,follow,,True,950.0,0.5,pb0.25,,,,,,
C,C-follow-up-T950-k0.5-pb0.25-t05s1,C-follow-up-T950-k0.5-pb0.25,t05s1,long,1000-1130,,2130,30,-0.1036,-0.1447,0.0162,0.622,-3.53,-0.1595,,0.37,-0.0715,-0.0321,-0.0385,-0.99,1445,14,-0.114,-0.1631,0.02,0.62,-2.98,-0.1974,,0.29,-0.0643,-0.0497,-0.031,-0.66,False,,,follow,,True,950.0,0.5,pb0.25,,,,,,
C,C-follow-up-T950-k0.5-pb0.25-t1s05,C-follow-up-T950-k0.5-pb0.25,t1s05,long,1000-1130,,2130,30,-0.0975,-0.1532,0.0154,0.292,-4.15,-0.1735,,0.27,-0.0514,-0.0462,-0.0446,-1.21,1445,14,-0.0591,-0.1213,0.0193,0.324,-2.19,-0.1474,,0.36,-0.0445,-0.0145,-0.0087,0.27,False,,,follow,,True,950.0,0.5,pb0.25,,,,,,
C,C-fade-up-T950-k0.5-pb0.5-t1s1,C-fade-up-T950-k0.5-pb0.5,t1s1,short,1000-1130,,1414,30,0.0323,-0.0131,0.0266,0.513,-0.89,-0.0609,,0.5,-0.0211,0.0534,0.0358,0.72,973,14,0.0243,-0.0265,0.0319,0.501,-0.99,-0.0584,,0.36,-0.0411,0.0654,0.1048,1.26,False,,,fade,,True,950.0,0.5,pb0.5,,,,,,
C,C-fade-up-T950-k0.5-pb0.5-t05s1,C-fade-up-T950-k0.5-pb0.5,t05s1,short,1000-1130,,1414,30,-0.0124,-0.0519,0.019,0.681,-2.37,-0.0731,,0.4,-0.0412,0.0288,0.0198,0.74,973,14,-0.0251,-0.0697,0.023,0.677,-2.33,-0.0871,,0.29,-0.0641,0.039,0.0598,0.96,False,,,fade,,True,950.0,0.5,pb0.5,,,,,,
C,C-fade-up-T950-k0.5-pb0.5-t1s05,C-fade-up-T950-k0.5-pb0.5,t1s05,short,1000-1130,,1414,30,0.0086,-0.0452,0.0199,0.364,-2.32,-0.0788,,0.3,-0.0211,0.0298,0.0309,0.71,973,14,0.0174,-0.0421,0.024,0.369,-1.8,-0.088,,0.29,-0.0446,0.062,0.0728,0.85,False,,,fade,,True,950.0,0.5,pb0.5,,,,,,
C,C-follow-up-T950-k0.5-pb0.5-t1s1,C-follow-up-T950-k0.5-pb0.5,t1s1,long,1000-1130,,1414,30,-0.1209,-0.169,0.0266,0.436,-3.13,-0.1928,,0.27,-0.0713,-0.0496,-0.0319,-0.62,973,14,-0.1204,-0.1759,0.032,0.427,-3.07,-0.1928,,0.21,-0.0673,-0.0532,-0.091,-0.89,False,,,follow,,True,950.0,0.5,pb0.5,,,,,,
C,C-follow-up-T950-k0.5-pb0.5-t05s1,C-follow-up-T950-k0.5-pb0.5,t05s1,long,1000-1130,,1414,30,-0.1085,-0.15,0.0199,0.62,-4.15,-0.164,,0.2,-0.0715,-0.0371,-0.0375,-0.96,973,14,-0.1151,-0.164,0.0242,0.616,-2.85,-0.1853,,0.36,-0.0643,-0.0507,-0.0586,-0.39,False,,,follow,,True,950.0,0.5,pb0.5,,,,,,
C,C-follow-up-T950-k0.5-pb0.5-t1s05,C-follow-up-T950-k0.5-pb0.5,t1s05,long,1000-1130,,1414,30,-0.0822,-0.138,0.019,0.302,-4.33,-0.1577,,0.2,-0.0514,-0.0308,-0.0212,-0.8,973,14,-0.0788,-0.1428,0.0233,0.306,-3.25,-0.1613,,0.14,-0.0445,-0.0343,-0.0529,-0.74,False,,,follow,,True,950.0,0.5,pb0.5,,,,,,
C,C-fade-up-T950-k0.5-rsi3x-t1s1,C-fade-up-T950-k0.5-rsi3x,t1s1,short,1000-1130,,2239,30,0.1037,0.0609,0.0209,0.551,0.61,0.0224,0.66,0.6,-0.0211,0.1248,0.0933,1.76,1510,14,-0.0183,-0.0709,0.0258,0.486,-1.15,-0.1086,,0.43,-0.0411,0.0228,0.031,0.14,False,,,fade,,True,950.0,0.5,rsi3x,,,,,,
C,C-fade-up-T950-k0.5-rsi3x-t05s1,C-fade-up-T950-k0.5-rsi3x,t05s1,short,1000-1130,,2239,30,0.016,-0.0217,0.0148,0.702,-1.0,-0.0399,,0.57,-0.0412,0.0572,0.0396,0.67,1510,14,-0.0388,-0.085,0.0188,0.671,-1.76,-0.1164,,0.36,-0.0641,0.0253,0.012,0.12,False,,,fade,,True,950.0,0.5,rsi3x,,,,,,
C,C-fade-up-T950-k0.5-rsi3x-t1s05,C-fade-up-T950-k0.5-rsi3x,t1s05,short,1000-1130,,2239,30,0.0529,0.0024,0.0159,0.393,-0.5,-0.0247,10.58,0.4,-0.0211,0.074,0.0574,1.47,1510,14,0.0199,-0.0399,0.0194,0.374,-0.9,-0.0818,,0.36,-0.0446,0.0645,0.0468,0.62,False,,,fade,,True,950.0,0.5,rsi3x,,,,,,
C,C-follow-up-T950-k0.5-rsi3x-t1s1,C-follow-up-T950-k0.5-rsi3x,t1s1,long,1000-1130,,2239,30,-0.1886,-0.2383,0.0211,0.405,-3.82,-0.2673,,0.23,-0.0713,-0.1173,-0.0857,-1.63,1510,14,-0.0786,-0.1339,0.026,0.459,-2.35,-0.1878,,0.21,-0.0673,-0.0114,-0.02,0.09,False,,,follow,,True,950.0,0.5,rsi3x,,,,,,
C,C-follow-up-T950-k0.5-rsi3x-t05s1,C-follow-up-T950-k0.5-rsi3x,t05s1,long,1000-1130,,2239,30,-0.1416,-0.185,0.0161,0.597,-4.39,-0.2016,,0.2,-0.0715,-0.0701,-0.053,-1.48,1510,14,-0.1228,-0.1724,0.0195,0.613,-3.74,-0.2179,,0.14,-0.0643,-0.0584,-0.041,-0.48,False,,,follow,,True,950.0,0.5,rsi3x,,,,,,
C,C-follow-up-T950-k0.5-rsi3x-t1s05,C-follow-up-T950-k0.5-rsi3x,t1s05,long,1000-1130,,2239,30,-0.1047,-0.1609,0.015,0.289,-3.79,-0.1757,,0.27,-0.0514,-0.0534,-0.0354,-0.56,1510,14,-0.0592,-0.1222,0.0188,0.324,-2.66,-0.1693,,0.14,-0.0445,-0.0146,-0.0015,0.23,False,,,follow,,True,950.0,0.5,rsi3x,,,,,,
C,C-fade-up-T950-k0.5-vwap-t1s1,C-fade-up-T950-k0.5-vwap,t1s1,short,1000-1130,,2091,30,0.0945,0.0505,0.0218,0.546,0.61,0.011,0.8,0.6,-0.0211,0.1156,0.0955,2.24,1403,14,0.0177,-0.0335,0.0268,0.506,-0.63,-0.0867,,0.36,-0.0411,0.0588,0.0639,0.67,False,,,fade,,True,950.0,0.5,vwap,,,,,,
C,C-fade-up-T950-k0.5-vwap-t05s1,C-fade-up-T950-k0.5-vwap,t05s1,short,1000-1130,,2091,30,0.0009,-0.0379,0.0155,0.692,-1.34,-0.0567,,0.37,-0.0412,0.0421,0.0372,1.12,1403,14,-0.048,-0.0945,0.0196,0.665,-1.95,-0.1303,,0.36,-0.0641,0.0161,0.0147,0.03,False,,,fade,,True,950.0,0.5,vwap,,,,,,
C,C-fade-up-T950-k0.5-vwap-t1s05,C-fade-up-T950-k0.5-vwap,t1s05,short,1000-1130,,2091,30,0.0163,-0.0364,0.0164,0.369,-1.44,-0.064,,0.4,-0.0211,0.0374,0.0414,0.9,1403,14,0.0213,-0.038,0.0201,0.376,-0.83,-0.0846,,0.36,-0.0446,0.0659,0.0552,1.19,False,,,fade,,True,950.0,0.5,vwap,,,,,,
C,C-follow-up-T950-k0.5-vwap-t1s1,C-follow-up-T950-k0.5-vwap,t1s1,long,1000-1130,,2091,30,-0.1809,-0.2299,0.0217,0.405,-4.21,-0.2629,,0.2,-0.0713,-0.1096,-0.0891,-2.06,1403,14,-0.1142,-0.1702,0.027,0.445,-2.34,-0.2136,,0.14,-0.0673,-0.047,-0.0506,-0.32,False,,,follow,,True,950.0,0.5,vwap,,,,,,
C,C-follow-up-T950-k0.5-vwap-t05s1,C-follow-up-T950-k0.5-vwap,t05s1,long,1000-1130,,2091,30,-0.1082,-0.1499,0.0164,0.619,-3.42,-0.1665,,0.33,-0.0715,-0.0367,-0.0396,-0.87,1403,14,-0.1189,-0.1684,0.0203,0.618,-3.06,-0.2033,,0.29,-0.0643,-0.0546,-0.0407,-0.64,False,,,follow,,True,950.0,0.5,vwap,,,,,,
C,C-follow-up-T950-k0.5-vwap-t1s05,C-follow-up-T950-k0.5-vwap,t1s05,long,1000-1130,,2091,30,-0.0928,-0.1483,0.0155,0.295,-4.05,-0.169,,0.27,-0.0514,-0.0414,-0.0356,-1.09,1403,14,-0.0518,-0.114,0.0196,0.329,-2.1,-0.1479,,0.29,-0.0445,-0.0072,-0.0037,0.34,False,,,follow,,True,950.0,0.5,vwap,,,,,,
C,C-fade-up-T950-k0.75-none-t1s1,C-fade-up-T950-k0.75-none,t1s1,short,1000-1130,,781,30,0.0612,0.0179,0.0358,0.534,0.32,-0.0303,2.57,0.53,-0.0211,0.0823,0.0875,1.67,461,14,0.0974,0.0471,0.0471,0.562,-0.16,-0.059,2.06,0.36,-0.0411,0.1385,0.0964,0.58,False,,,fade,,True,950.0,0.75,none,,,,,,
C,C-fade-up-T950-k0.75-none-t05s1,C-fade-up-T950-k0.75-none,t05s1,short,1000-1130,,781,30,-0.0248,-0.0635,0.0257,0.673,-1.16,-0.0918,,0.47,-0.0412,0.0164,0.0331,0.79,461,14,0.0178,-0.0267,0.0331,0.709,-0.86,-0.0798,,0.43,-0.0641,0.0819,0.0534,0.71,False,,,fade,,True,950.0,0.75,none,,,,,,
C,C-fade-up-T950-k0.75-none-t1s05,C-fade-up-T950-k0.75-none,t1s05,short,1000-1130,,781,30,-0.0094,-0.061,0.0265,0.351,-1.1,-0.1046,,0.43,-0.0211,0.0117,0.0423,0.88,461,14,0.1107,0.0527,0.0363,0.438,0.39,-0.0149,1.24,0.5,-0.0446,0.1553,0.1033,1.98,False,,,fade,,True,950.0,0.75,none,,,,,,
C,C-follow-up-T950-k0.75-none-t1s1,C-follow-up-T950-k0.75-none,t1s1,long,1000-1130,,781,30,-0.15,-0.198,0.0359,0.426,-3.1,-0.2309,,0.3,-0.0713,-0.0787,-0.0834,-1.57,461,14,-0.1929,-0.2481,0.0468,0.416,-2.59,-0.2919,,0.07,-0.0673,-0.1257,-0.0815,-0.32,False,,,follow,,True,950.0,0.75,none,,,,,,
C,C-follow-up-T950-k0.75-none-t05s1,C-follow-up-T950-k0.75-none,t05s1,long,1000-1130,,781,30,-0.0922,-0.1328,0.0267,0.63,-2.5,-0.1537,,0.4,-0.0715,-0.0207,-0.0497,-0.95,461,14,-0.2127,-0.2619,0.0358,0.555,-4.35,-0.2987,,0.07,-0.0643,-0.1483,-0.0924,-1.86,False,,,follow,,True,950.0,0.75,none,,,,,,
C,C-follow-up-T950-k0.75-none-t1s05,C-follow-up-T950-k0.75-none,t1s05,long,1000-1130,,781,30,-0.0692,-0.1227,0.0257,0.311,-2.84,-0.1485,,0.3,-0.0514,-0.0178,-0.033,-0.79,461,14,-0.1198,-0.1824,0.0328,0.284,-2.74,-0.233,,0.21,-0.0445,-0.0753,-0.0438,-0.46,False,,,follow,,True,950.0,0.75,none,,,,,,
C,C-fade-up-T950-k0.75-pb0.1-t1s1,C-fade-up-T950-k0.75-pb0.1,t1s1,short,1000-1130,,751,30,0.0726,0.0304,0.0364,0.539,0.37,-0.0209,1.64,0.57,-0.0211,0.0937,0.0961,1.84,447,14,0.0725,0.0221,0.048,0.55,-0.52,-0.0872,4.33,0.36,-0.0411,0.1136,0.0781,0.13,False,,,fade,,True,950.0,0.75,pb0.1,,,,,,
C,C-fade-up-T950-k0.75-pb0.1-t05s1,C-fade-up-T950-k0.75-pb0.1,t05s1,short,1000-1130,,751,30,-0.0195,-0.0575,0.0261,0.676,-1.29,-0.086,,0.43,-0.0412,0.0217,0.0358,0.77,447,14,-0.0058,-0.0513,0.0342,0.694,-1.26,-0.1081,,0.36,-0.0641,0.0583,0.0331,0.12,False,,,fade,,True,950.0,0.75,pb0.1,,,,,,
C,C-fade-up-T950-k0.75-pb0.1-t1s05,C-fade-up-T950-k0.75-pb0.1,t1s05,short,1000-1130,,751,30,0.0005,-0.0501,0.027,0.357,-0.83,-0.0958,,0.47,-0.0211,0.0216,0.0497,1.18,447,14,0.0911,0.0329,0.0367,0.425,0.07,-0.0316,1.81,0.36,-0.0446,0.1357,0.0898,1.55,False,,,fade,,True,950.0,0.75,pb0.1,,,,,,
C,C-follow-up-T950-k0.75-pb0.1-t1s1,C-follow-up-T950-k0.75-pb0.1,t1s1,long,1000-1130,,751,30,-0.1603,-0.2085,0.0367,0.422,-3.28,-0.2424,,0.3,-0.0713,-0.0891,-0.0909,-1.75,447,14,-0.1679,-0.2226,0.0478,0.43,-1.84,-0.2629,,0.29,-0.0673,-0.1006,-0.063,0.1,False,,,follow,,True,950.0,0.75,pb0.1,,,,,,
C,C-follow-up-T950-k0.75-pb0.1-t05s1,C-follow-up-T950-k0.75-pb0.1,t05s1,long,1000-1130,,751,30,-0.1016,-0.1423,0.0273,0.623,-2.68,-0.1629,,0.37,-0.0715,-0.0301,-0.0565,-1.24,447,14,-0.1932,-0.2419,0.0363,0.568,-3.7,-0.2766,,0.14,-0.0643,-0.1288,-0.0789,-1.43,False,,,follow,,True,950.0,0.75,pb0.1,,,,,,
C,C-follow-up-T950-k0.75-pb0.1-t1s05,C-follow-up-T950-k0.75-pb0.1,t1s05,long,1000-1130,,751,30,-0.0736,-0.1269,0.0262,0.308,-2.91,-0.1525,,0.3,-0.0514,-0.0222,-0.0349,-0.77,447,14,-0.0963,-0.1577,0.0337,0.3,-2.01,-0.2051,,0.29,-0.0445,-0.0517,-0.0236,0.06,False,,,follow,,True,950.0,0.75,pb0.1,,,,,,
C,C-fade-up-T950-k0.75-pb0.25-t1s1,C-fade-up-T950-k0.75-pb0.25,t1s1,short,1000-1130,,650,30,0.0961,0.0536,0.0393,0.557,0.78,0.0017,0.97,0.5,-0.0211,0.1172,0.0995,2.23,401,14,0.0554,0.0064,0.0505,0.536,-0.82,-0.1005,14.08,0.29,-0.0411,0.0965,0.0734,-0.08,False,,,fade,,True,950.0,0.75,pb0.25,,,,,,
C,C-fade-up-T950-k0.75-pb0.25-t05s1,C-fade-up-T950-k0.75-pb0.25,t05s1,short,1000-1130,,650,30,-0.0039,-0.0423,0.0279,0.688,-0.95,-0.0662,,0.47,-0.0412,0.0373,0.04,1.19,401,14,-0.0181,-0.0628,0.0363,0.686,-1.61,-0.1258,,0.36,-0.0641,0.046,0.0243,-0.22,False,,,fade,,True,950.0,0.75,pb0.25,,,,,,
C,C-fade-up-T950-k0.75-pb0.25-t1s05,C-fade-up-T950-k0.75-pb0.25,t1s05,short,1000-1130,,650,30,0.0096,-0.0424,0.0293,0.365,-1.03,-0.0843,,0.43,-0.0211,0.0307,0.0421,1.08,401,14,0.0696,0.0127,0.0384,0.404,-0.45,-0.0544,4.6,0.43,-0.0446,0.1142,0.0758,1.06,False,,,fade,,True,950.0,0.75,pb0.25,,,,,,
C,C-follow-up-T950-k0.75-pb0.25-t1s1,C-follow-up-T950-k0.75-pb0.25,t1s1,long,1000-1130,,650,30,-0.1887,-0.2382,0.0395,0.414,-3.83,-0.2616,,0.23,-0.0713,-0.1174,-0.0993,-2.21,401,14,-0.1489,-0.2028,0.0506,0.436,-1.74,-0.2225,,0.29,-0.0673,-0.0817,-0.0565,0.36,False,,,follow,,True,950.0,0.75,pb0.25,,,,,,
C,C-follow-up-T950-k0.75-pb0.25-t05s1,C-follow-up-T950-k0.75-pb0.25,t05s1,long,1000-1130,,650,30,-0.1175,-0.1584,0.0294,0.612,-2.95,-0.1713,,0.33,-0.0715,-0.0461,-0.0559,-1.27,401,14,-0.1706,-0.2183,0.0382,0.581,-3.44,-0.2394,,0.21,-0.0643,-0.1062,-0.0639,-0.92,False,,,follow,,True,950.0,0.75,pb0.25,,,,,,
C,C-follow-up-T950-k0.75-pb0.25-t1s05,C-follow-up-T950-k0.75-pb0.25,t1s05,long,1000-1130,,650,30,-0.0948,-0.1492,0.0278,0.295,-3.4,-0.1664,,0.23,-0.0514,-0.0434,-0.0448,-1.29,401,14,-0.0829,-0.1429,0.036,0.309,-1.77,-0.1792,,0.29,-0.0445,-0.0384,-0.0138,0.46,False,,,follow,,True,950.0,0.75,pb0.25,,,,,,
C,C-fade-up-T950-k0.75-pb0.5-t1s1,C-fade-up-T950-k0.75-pb0.5,t1s1,short,1000-1130,,493,30,0.0813,0.0368,0.0454,0.55,-0.28,-0.0135,1.33,0.47,-0.0211,0.1024,0.0729,0.73,295,14,0.0272,-0.0227,0.0585,0.515,-1.33,-0.0956,,0.29,-0.0411,0.0683,0.1017,-0.12,False,,,fade,,True,950.0,0.75,pb0.5,,,,,,
C,C-fade-up-T950-k0.75-pb0.5-t05s1,C-fade-up-T950-k0.75-pb0.5,t05s1,short,1000-1130,,493,30,-0.0167,-0.0566,0.0325,0.68,-2.29,-0.0827,,0.37,-0.0412,0.0245,0.0143,-0.13,295,14,-0.0523,-0.0977,0.0428,0.661,-2.41,-0.1305,,0.21,-0.0641,0.0118,0.0266,-0.47,False,,,fade,,True,950.0,0.75,pb0.5,,,,,,
C,C-fade-up-T950-k0.75-pb0.5-t1s05,C-fade-up-T950-k0.75-pb0.5,t1s05,short,1000-1130,,493,30,0.0463,-0.0054,0.0341,0.391,-1.01,-0.0482,,0.43,-0.0211,0.0674,0.0681,1.24,295,14,0.0533,-0.0044,0.0444,0.397,-1.38,-0.082,,0.36,-0.0446,0.098,0.0995,0.6,False,,,fade,,True,950.0,0.75,pb0.5,,,,,,
C,C-follow-up-T950-k0.75-pb0.5-t1s1,C-follow-up-T950-k0.75-pb0.5,t1s1,long,1000-1130,,493,30,-0.1646,-0.2137,0.0453,0.428,-2.55,-0.2356,,0.23,-0.0713,-0.0933,-0.0637,-0.57,295,14,-0.1213,-0.1756,0.0589,0.441,-1.27,-0.2004,,0.36,-0.0673,-0.054,-0.0857,0.27,False,,,follow,,True,950.0,0.75,pb0.5,,,,,,
C,C-follow-up-T950-k0.75-pb0.5-t05s1,C-follow-up-T950-k0.75-pb0.5,t05s1,long,1000-1130,,493,30,-0.1539,-0.197,0.0342,0.59,-3.93,-0.2094,,0.2,-0.0715,-0.0824,-0.082,-1.39,295,14,-0.1525,-0.2003,0.0445,0.593,-2.83,-0.2193,,0.21,-0.0643,-0.0882,-0.0865,-0.41,False,,,follow,,True,950.0,0.75,pb0.5,,,,,,
C,C-follow-up-T950-k0.75-pb0.5-t1s05,C-follow-up-T950-k0.75-pb0.5,t1s05,long,1000-1130,,493,30,-0.0787,-0.1335,0.0322,0.306,-2.47,-0.1479,,0.37,-0.0514,-0.0274,-0.0163,0.08,295,14,-0.052,-0.1122,0.0428,0.325,-1.3,-0.139,,0.36,-0.0445,-0.0075,-0.02,0.45,False,,,follow,,True,950.0,0.75,pb0.5,,,,,,
C,C-fade-up-T950-k0.75-rsi3x-t1s1,C-fade-up-T950-k0.75-rsi3x,t1s1,short,1000-1130,,664,30,0.1741,0.1327,0.0383,0.595,1.27,0.0863,0.4,0.5,-0.0211,0.1952,0.1601,2.23,407,14,0.0533,0.0004,0.0508,0.543,-0.76,-0.0995,217.65,0.36,-0.0411,0.0944,0.0966,0.14,False,,,fade,,True,950.0,0.75,rsi3x,,,,,,
C,C-fade-up-T950-k0.75-rsi3x-t05s1,C-fade-up-T950-k0.75-rsi3x,t05s1,short,1000-1130,,664,30,0.0393,0.0021,0.0268,0.717,-0.82,-0.0281,13.28,0.47,-0.0412,0.0806,0.0651,0.73,407,14,-0.0109,-0.0572,0.0361,0.69,-1.34,-0.122,,0.36,-0.0641,0.0532,0.0284,-0.0,False,,,fade,,True,950.0,0.75,rsi3x,,,,,,
C,C-fade-up-T950-k0.75-rsi3x-t1s05,C-fade-up-T950-k0.75-rsi3x,t1s05,short,1000-1130,,664,30,0.1203,0.0721,0.0297,0.438,1.3,0.0445,0.43,0.67,-0.0211,0.1414,0.1268,3.1,407,14,0.0854,0.0261,0.0385,0.42,-0.45,-0.05,2.61,0.29,-0.0446,0.1301,0.103,0.59,False,,,fade,,True,950.0,0.75,rsi3x,,,,,,
C,C-follow-up-T950-k0.75-rsi3x-t1s1,C-follow-up-T950-k0.75-rsi3x,t1s1,long,1000-1130,,664,30,-0.2565,-0.3074,0.0385,0.38,-4.39,-0.334,,0.2,-0.0713,-0.1853,-0.1502,-2.2,407,14,-0.1492,-0.2021,0.0501,0.442,-1.59,-0.24,,0.43,-0.0673,-0.082,-0.0844,-0.0,False,,,follow,,True,950.0,0.75,rsi3x,,,,,,
C,C-follow-up-T950-k0.75-rsi3x-t05s1,C-follow-up-T950-k0.75-rsi3x,t05s1,long,1000-1130,,664,30,-0.2111,-0.2556,0.0299,0.551,-5.23,-0.2642,,0.17,-0.0715,-0.1396,-0.1243,-3.1,407,14,-0.1924,-0.2399,0.0378,0.568,-2.72,-0.2718,,0.14,-0.0643,-0.128,-0.101,-0.59,False,,,follow,,True,950.0,0.75,rsi3x,,,,,,
C,C-follow-up-T950-k0.75-rsi3x-t1s05,C-follow-up-T950-k0.75-rsi3x,t1s05,long,1000-1130,,664,30,-0.1256,-0.1811,0.027,0.274,-3.46,-0.1987,,0.23,-0.0514,-0.0742,-0.0584,-0.74,407,14,-0.085,-0.1454,0.0355,0.307,-1.81,-0.1783,,0.21,-0.0445,-0.0405,-0.0159,0.21,False,,,follow,,True,950.0,0.75,rsi3x,,,,,,
C,C-fade-up-T950-k0.75-vwap-t1s1,C-fade-up-T950-k0.75-vwap,t1s1,short,1000-1130,,599,30,0.0934,0.0501,0.0409,0.551,0.43,-0.0053,1.1,0.47,-0.0211,0.1145,0.0837,1.52,359,14,0.0427,-0.0075,0.0535,0.526,-1.2,-0.1026,,0.29,-0.0411,0.0838,0.0701,-0.33,False,,,fade,,True,950.0,0.75,vwap,,,,,,
C,C-fade-up-T950-k0.75-vwap-t05s1,C-fade-up-T950-k0.75-vwap,t05s1,short,1000-1130,,599,30,0.0017,-0.037,0.029,0.689,-1.01,-0.0611,,0.33,-0.0412,0.043,0.034,0.97,359,14,-0.0443,-0.0906,0.0391,0.669,-2.55,-0.1435,,0.29,-0.0641,0.0198,-0.0005,-0.92,False,,,fade,,True,950.0,0.75,vwap,,,,,,
C,C-fade-up-T950-k0.75-vwap-t1s05,C-fade-up-T950-k0.75-vwap,t1s05,short,1000-1130,,599,30,0.0393,-0.0111,0.0308,0.386,-0.47,-0.0525,,0.47,-0.0211,0.0605,0.0571,1.28,359,14,0.0815,0.0246,0.0407,0.412,-0.56,-0.0374,2.25,0.43,-0.0446,0.1261,0.0922,1.2,False,,,fade,,True,950.0,0.75,vwap,,,,,,
C,C-follow-up-T950-k0.75-vwap-t1s1,C-follow-up-T950-k0.75-vwap,t1s1,long,1000-1130,,599,30,-0.1735,-0.222,0.0409,0.416,-3.13,-0.2478,,0.23,-0.0713,-0.1022,-0.0712,-1.28,359,14,-0.1368,-0.1907,0.0535,0.443,-1.27,-0.2304,,0.36,-0.0673,-0.0695,-0.0544,0.54,False,,,follow,,True,950.0,0.75,vwap,,,,,,
C,C-follow-up-T950-k0.75-vwap-t05s1,C-follow-up-T950-k0.75-vwap,t05s1,long,1000-1130,,599,30,-0.137,-0.1794,0.031,0.601,-3.15,-0.1936,,0.27,-0.0715,-0.0656,-0.0609,-1.22,359,14,-0.1756,-0.2239,0.0405,0.579,-3.51,-0.2451,,0.21,-0.0643,-0.1112,-0.0745,-0.76,False,,,follow,,True,950.0,0.75,vwap,,,,,,
C,C-follow-up-T950-k0.75-vwap-t1s05,C-follow-up-T950-k0.75-vwap,t1s05,long,1000-1130,,599,30,-0.0969,-0.1511,0.0288,0.29,-3.31,-0.1695,,0.3,-0.0514,-0.0456,-0.0357,-1.04,359,14,-0.0582,-0.1174,0.0385,0.326,-1.5,-0.1383,,0.43,-0.0445,-0.0137,0.0088,1.11,False,,,follow,,True,950.0,0.75,vwap,,,,,,
C,C-fade-up-T950-k1.0-none-t1s1,C-fade-up-T950-k1.0-none,t1s1,short,1000-1130,,308,29,0.011,-0.0355,0.058,0.516,0.21,-0.0819,,0.55,-0.0211,0.0321,0.0309,1.04,142,14,0.139,0.0926,0.0838,0.585,0.06,-0.0102,1.09,0.57,-0.0411,0.1801,0.1175,0.61,False,,,fade,,True,950.0,1.0,none,,,,,,
C,C-fade-up-T950-k1.0-none-t05s1,C-fade-up-T950-k1.0-none,t05s1,short,1000-1130,,308,29,-0.0697,-0.1116,0.0423,0.646,-1.52,-0.1337,,0.31,-0.0412,-0.0285,-0.017,0.37,142,14,0.0577,0.0175,0.057,0.732,-0.07,-0.0324,2.57,0.5,-0.0641,0.1218,0.0809,1.35,False,,,fade,,True,950.0,1.0,none,,,,,,
C,C-fade-up-T950-k1.0-none-t1s05,C-fade-up-T950-k1.0-none,t1s05,short,1000-1130,,308,29,-0.0287,-0.0818,0.0418,0.338,-0.39,-0.1254,,0.41,-0.0211,-0.0076,0.0231,1.29,142,14,0.1512,0.0982,0.065,0.465,0.28,0.0231,0.8,0.43,-0.0446,0.1959,0.1264,1.11,False,,,fade,,True,950.0,1.0,none,,,,,,
C,C-follow-up-T950-k1.0-none-t1s1,C-follow-up-T950-k1.0-none,t1s1,long,1000-1130,,308,29,-0.1146,-0.1615,0.0576,0.455,-2.43,-0.1878,,0.34,-0.0713,-0.0434,-0.0417,-1.2,142,14,-0.231,-0.2874,0.0844,0.394,-1.88,-0.3339,,0.36,-0.0673,-0.1637,-0.0991,-0.42,False,,,follow,,True,950.0,1.0,none,,,,,,
C,C-follow-up-T950-k1.0-none-t05s1,C-follow-up-T950-k1.0-none,t05s1,long,1000-1130,,308,29,-0.0977,-0.1388,0.0424,0.627,-2.75,-0.1652,,0.31,-0.0715,-0.0262,-0.0551,-1.72,142,14,-0.2643,-0.3161,0.0656,0.521,-3.05,-0.3451,,0.29,-0.0643,-0.1999,-0.1266,-1.5,False,,,follow,,True,950.0,1.0,none,,,,,,
C,C-follow-up-T950-k1.0-none-t1s05,C-follow-up-T950-k1.0-none,t1s05,long,1000-1130,,308,29,-0.0324,-0.0844,0.0416,0.338,-2.53,-0.1122,,0.34,-0.0514,0.019,0.0092,-0.58,142,14,-0.1602,-0.2245,0.0574,0.254,-2.72,-0.2735,,0.29,-0.0445,-0.1157,-0.072,-1.18,False,,,follow,,True,950.0,1.0,none,,,,,,
C,C-fade-up-T950-k1.0-pb0.1-t1s1,C-fade-up-T950-k1.0-pb0.1,t1s1,short,1000-1130,,303,29,0.0065,-0.0401,0.0585,0.515,0.06,-0.0876,,0.52,-0.0211,0.0276,0.0265,0.9,134,14,0.0816,0.0343,0.0873,0.56,-0.42,-0.0781,2.92,0.5,-0.0411,0.1227,0.0698,0.03,False,,,fade,,True,950.0,1.0,pb0.1,,,,,,
C,C-fade-up-T950-k1.0-pb0.1-t05s1,C-fade-up-T950-k1.0-pb0.1,t05s1,short,1000-1130,,303,29,-0.0736,-0.1157,0.0427,0.644,-1.85,-0.1384,,0.34,-0.0412,-0.0324,-0.0215,-0.11,134,14,0.0117,-0.0278,0.0601,0.701,-0.62,-0.0855,,0.5,-0.0641,0.0758,0.0396,0.58,False,,,fade,,True,950.0,1.0,pb0.1,,,,,,
C,C-fade-up-T950-k1.0-pb0.1-t1s05,C-fade-up-T950-k1.0-pb0.1,t1s05,short,1000-1130,,303,29,-0.0353,-0.0887,0.0421,0.333,-0.38,-0.1335,,0.41,-0.0211,-0.0141,0.0174,1.32,134,14,0.1146,0.0605,0.0667,0.44,0.02,0.0083,0.88,0.43,-0.0446,0.1592,0.0974,0.9,False,,,fade,,True,950.0,1.0,pb0.1,,,,,,
C,C-follow-up-T950-k1.0-pb0.1-t1s1,C-follow-up-T950-k1.0-pb0.1,t1s1,long,1000-1130,,303,29,-0.1108,-0.1576,0.0581,0.459,-2.3,-0.1862,,0.31,-0.0713,-0.0395,-0.038,-1.08,134,14,-0.1734,-0.2282,0.088,0.425,-1.2,-0.2744,,0.29,-0.0673,-0.1061,-0.0511,0.18,False,,,follow,,True,950.0,1.0,pb0.1,,,,,,
C,C-follow-up-T950-k1.0-pb0.1-t05s1,C-follow-up-T950-k1.0-pb0.1,t05s1,long,1000-1130,,303,29,-0.0921,-0.133,0.0427,0.63,-2.76,-0.1596,,0.34,-0.0715,-0.0207,-0.0505,-1.77,134,14,-0.2287,-0.2788,0.0673,0.545,-2.79,-0.3042,,0.36,-0.0643,-0.1644,-0.0984,-1.23,False,,,follow,,True,950.0,1.0,pb0.1,,,,,,
C,C-follow-up-T950-k1.0-pb0.1-t1s05,C-follow-up-T950-k1.0-pb0.1,t1s05,long,1000-1130,,303,29,-0.029,-0.081,0.042,0.34,-2.04,-0.107,,0.45,-0.0514,0.0223,0.013,-0.1,134,14,-0.1147,-0.1788,0.0617,0.284,-1.95,-0.2266,,0.29,-0.0445,-0.0701,-0.031,-0.38,False,,,follow,,True,950.0,1.0,pb0.1,,,,,,
C,C-fade-up-T950-k1.0-pb0.25-t1s1,C-fade-up-T950-k1.0-pb0.25,t1s1,short,1000-1130,,274,29,0.0061,-0.0412,0.0618,0.518,-0.16,-0.0863,,0.45,-0.0211,0.0272,0.0181,0.71,120,14,0.0726,0.0244,0.0928,0.558,-0.58,-0.095,4.31,0.43,-0.0411,0.1137,0.0599,-0.17,False,,,fade,,True,950.0,1.0,pb0.25,,,,,,
C,C-fade-up-T950-k1.0-pb0.25-t05s1,C-fade-up-T950-k1.0-pb0.25,t05s1,short,1000-1130,,274,29,-0.0767,-0.1202,0.0452,0.642,-1.88,-0.1374,,0.34,-0.0412,-0.0355,-0.0283,-0.39,120,14,0.0029,-0.0393,0.0649,0.7,-0.97,-0.1063,,0.43,-0.0641,0.067,0.0266,0.05,False,,,fade,,True,950.0,1.0,pb0.25,,,,,,
C,C-fade-up-T950-k1.0-pb0.25-t1s05,C-fade-up-T950-k1.0-pb0.25,t1s05,short,1000-1130,,274,29,-0.0325,-0.0866,0.0444,0.336,-1.06,-0.1243,,0.34,-0.0211,-0.0114,0.0123,0.85,120,14,0.0904,0.0339,0.0706,0.425,-0.66,-0.0476,2.19,0.29,-0.0446,0.135,0.0721,0.15,False,,,fade,,True,950.0,1.0,pb0.25,,,,,,
C,C-follow-up-T950-k1.0-pb0.25-t1s1,C-follow-up-T950-k1.0-pb0.25,t1s1,long,1000-1130,,274,29,-0.1158,-0.1635,0.0614,0.46,-2.23,-0.191,,0.28,-0.0713,-0.0445,-0.0352,-0.98,120,14,-0.1668,-0.222,0.0934,0.433,-1.13,-0.2735,,0.36,-0.0673,-0.0995,-0.0435,0.37,False,,,follow,,True,950.0,1.0,pb0.25,,,,,,
C,C-follow-up-T950-k1.0-pb0.25-t05s1,C-follow-up-T950-k1.0-pb0.25,t05s1,long,1000-1130,,274,29,-0.1027,-0.1442,0.045,0.624,-2.78,-0.157,,0.31,-0.0715,-0.0312,-0.0533,-1.51,120,14,-0.2096,-0.2587,0.0707,0.558,-2.39,-0.2859,,0.29,-0.0643,-0.1452,-0.0778,-0.37,False,,,follow,,True,950.0,1.0,pb0.25,,,,,,
C,C-follow-up-T950-k1.0-pb0.25-t1s05,C-follow-up-T950-k1.0-pb0.25,t1s05,long,1000-1130,,274,29,-0.0311,-0.083,0.0441,0.339,-1.42,-0.1145,,0.31,-0.0514,0.0203,0.0143,0.1,120,14,-0.1096,-0.1726,0.0653,0.292,-1.68,-0.2148,,0.29,-0.0445,-0.0651,-0.0216,0.1,False,,,follow,,True,950.0,1.0,pb0.25,,,,,,
C,C-fade-up-T950-k1.0-pb0.5-t1s1,C-fade-up-T950-k1.0-pb0.5,t1s1,short,1000-1130,,219,28,0.0209,-0.0269,0.0693,0.53,0.37,-0.0765,,0.57,-0.0211,0.042,0.0296,1.26,92,14,0.0155,-0.0362,0.1068,0.511,-0.73,-0.1635,,0.43,-0.0411,0.0566,0.0422,-0.13,False,,,fade,,True,950.0,1.0,pb0.5,,,,,,
C,C-fade-up-T950-k1.0-pb0.5-t05s1,C-fade-up-T950-k1.0-pb0.5,t05s1,short,1000-1130,,219,28,-0.0483,-0.092,0.0501,0.662,-0.62,-0.1145,,0.39,-0.0412,-0.0071,-0.0084,0.86,92,14,-0.0202,-0.0657,0.0761,0.685,-0.73,-0.1293,,0.5,-0.0641,0.0439,0.0265,0.42,False,,,fade,,True,950.0,1.0,pb0.5,,,,,,
C,C-fade-up-T950-k1.0-pb0.5-t1s05,C-fade-up-T950-k1.0-pb0.5,t1s05,short,1000-1130,,219,28,0.0133,-0.0406,0.0507,0.37,-0.14,-0.0809,,0.43,-0.0211,0.0344,0.0555,1.71,92,14,0.0505,-0.008,0.0796,0.391,-0.96,-0.0796,,0.36,-0.0446,0.0952,0.0622,0.23,False,,,fade,,True,950.0,1.0,pb0.5,,,,,,
C,C-follow-up-T950-k1.0-pb0.5-t1s1,C-follow-up-T950-k1.0-pb0.5,t1s1,long,1000-1130,,219,28,-0.1039,-0.152,0.0688,0.466,-2.56,-0.1807,,0.32,-0.0713,-0.0326,-0.0201,-1.18,92,14,-0.1102,-0.1624,0.1061,0.457,-0.78,-0.2252,,0.5,-0.0673,-0.0429,-0.0266,0.24,False,,,follow,,True,950.0,1.0,pb0.5,,,,,,
C,C-follow-up-T950-k1.0-pb0.5-t05s1,C-follow-up-T950-k1.0-pb0.5,t05s1,long,1000-1130,,219,28,-0.1374,-0.1805,0.0511,0.603,-3.91,-0.1987,,0.29,-0.0715,-0.0659,-0.0857,-2.29,92,14,-0.1615,-0.2094,0.0796,0.587,-2.29,-0.2407,,0.29,-0.0643,-0.0972,-0.0602,-0.32,False,,,follow,,True,950.0,1.0,pb0.5,,,,,,
C,C-follow-up-T950-k1.0-pb0.5-t1s05,C-follow-up-T950-k1.0-pb0.5,t1s05,long,1000-1130,,219,28,-0.0415,-0.0946,0.0491,0.333,-2.53,-0.1181,,0.36,-0.0514,0.0099,0.0121,-0.86,92,14,-0.0908,-0.1517,0.075,0.304,-1.62,-0.1959,,0.21,-0.0445,-0.0463,-0.0263,-0.4,False,,,follow,,True,950.0,1.0,pb0.5,,,,,,
C,C-fade-up-T950-k1.0-rsi3x-t1s1,C-fade-up-T950-k1.0-rsi3x,t1s1,short,1000-1130,,273,29,0.1216,0.0766,0.0611,0.575,0.35,0.032,0.61,0.48,-0.0211,0.1427,0.1056,0.93,122,14,-0.048,-0.1038,0.0941,0.5,-1.59,-0.1756,,0.29,-0.0411,-0.0069,-0.0114,-0.77,False,,,fade,,True,950.0,1.0,rsi3x,,,,,,
C,C-fade-up-T950-k1.0-rsi3x-t05s1,C-fade-up-T950-k1.0-rsi3x,t05s1,short,1000-1130,,273,29,-0.0037,-0.0442,0.0434,0.689,-0.94,-0.0718,,0.38,-0.0412,0.0375,0.0172,0.4,122,14,-0.1013,-0.1505,0.0691,0.631,-2.76,-0.1732,,0.21,-0.0641,-0.0372,-0.0637,-1.5,False,,,fade,,True,950.0,1.0,rsi3x,,,,,,
C,C-fade-up-T950-k1.0-rsi3x-t1s05,C-fade-up-T950-k1.0-rsi3x,t1s05,short,1000-1130,,273,29,0.0969,0.0455,0.0465,0.425,0.43,0.0077,0.84,0.62,-0.0211,0.118,0.1069,1.72,122,14,0.0299,-0.0297,0.0691,0.385,-1.29,-0.117,,0.36,-0.0446,0.0745,0.0409,-0.5,False,,,fade,,True,950.0,1.0,rsi3x,,,,,,
C,C-follow-up-T950-k1.0-rsi3x-t1s1,C-follow-up-T950-k1.0-rsi3x,t1s1,long,1000-1130,,273,29,-0.21,-0.2606,0.0609,0.41,-3.0,-0.2796,,0.21,-0.0713,-0.1387,-0.1017,-1.13,122,14,-0.048,-0.0984,0.0927,0.5,-0.37,-0.141,,0.5,-0.0673,0.0193,0.0234,0.99,False,,,follow,,True,950.0,1.0,rsi3x,,,,,,
C,C-follow-up-T950-k1.0-rsi3x-t05s1,C-follow-up-T950-k1.0-rsi3x,t05s1,long,1000-1130,,273,29,-0.1944,-0.2392,0.0464,0.564,-4.17,-0.2484,,0.17,-0.0715,-0.1229,-0.1112,-2.07,122,14,-0.1504,-0.1977,0.0691,0.598,-1.36,-0.2192,,0.36,-0.0643,-0.0861,-0.0527,0.34,False,,,follow,,True,950.0,1.0,rsi3x,,,,,,
C,C-follow-up-T950-k1.0-rsi3x-t1s05,C-follow-up-T950-k1.0-rsi3x,t1s05,long,1000-1130,,273,29,-0.0828,-0.1382,0.0432,0.304,-3.14,-0.1518,,0.28,-0.0514,-0.0315,-0.0108,-0.64,122,14,0.0053,-0.0516,0.0676,0.369,-0.33,-0.0757,,0.43,-0.0445,0.0498,0.076,1.87,False,,,follow,,True,950.0,1.0,rsi3x,,,,,,
C,C-fade-up-T950-k1.0-vwap-t1s1,C-fade-up-T950-k1.0-vwap,t1s1,short,1000-1130,,237,29,-0.0074,-0.0556,0.0662,0.502,-0.35,-0.0985,,0.41,-0.0211,0.0137,-0.0129,0.38,103,14,-0.0191,-0.0739,0.1022,0.515,-1.26,-0.1905,,0.36,-0.0411,0.022,-0.0065,-0.76,False,,,fade,,True,950.0,1.0,vwap,,,,,,
C,C-fade-up-T950-k1.0-vwap-t05s1,C-fade-up-T950-k1.0-vwap,t05s1,short,1000-1130,,237,29,-0.0558,-0.0998,0.0483,0.654,-1.43,-0.1134,,0.45,-0.0412,-0.0145,-0.0219,0.01,103,14,-0.1161,-0.1662,0.0755,0.621,-3.14,-0.2252,,0.29,-0.0641,-0.0521,-0.0863,-1.86,False,,,fade,,True,950.0,1.0,vwap,,,,,,
C,C-fade-up-T950-k1.0-vwap-t1s05,C-fade-up-T950-k1.0-vwap,t1s05,short,1000-1130,,237,29,-0.0072,-0.0606,0.0482,0.354,-0.88,-0.0833,,0.48,-0.0211,0.014,0.0204,0.63,103,14,0.0635,0.0048,0.0759,0.408,-1.1,-0.0799,15.04,0.29,-0.0446,0.1081,0.0661,-0.1,False,,,fade,,True,950.0,1.0,vwap,,,,,,
C,C-follow-up-T950-k1.0-vwap-t1s1,C-follow-up-T950-k1.0-vwap,t1s1,long,1000-1130,,237,29,-0.0751,-0.1228,0.0657,0.473,-1.66,-0.1521,,0.31,-0.0713,-0.0038,0.0229,-0.38,103,14,-0.0773,-0.1297,0.1012,0.485,-0.08,-0.1829,,0.57,-0.0673,-0.01,0.0197,0.9,False,,,follow,,True,950.0,1.0,vwap,,,,,,
C,C-follow-up-T950-k1.0-vwap-t05s1,C-follow-up-T950-k1.0-vwap,t05s1,long,1000-1130,,237,29,-0.1069,-0.1501,0.0487,0.62,-2.52,-0.1815,,0.34,-0.0715,-0.0355,-0.0407,-0.95,103,14,-0.1598,-0.2084,0.0757,0.592,-1.44,-0.2281,,0.29,-0.0643,-0.0955,-0.051,0.39,False,,,follow,,True,950.0,1.0,vwap,,,,,,
C,C-follow-up-T950-k1.0-vwap-t1s05,C-follow-up-T950-k1.0-vwap,t1s05,long,1000-1130,,237,29,-0.0393,-0.0921,0.0471,0.333,-1.83,-0.1236,,0.34,-0.0514,0.012,0.0202,-0.17,103,14,0.0052,-0.052,0.0738,0.369,0.23,-0.0727,,0.57,-0.0445,0.0497,0.0858,1.97,False,,,follow,,True,950.0,1.0,vwap,,,,,,
C,C-fade-up-T950-k1.5-none-t1s1,C-fade-up-T950-k1.5-none,t1s1,short,1000-1130,,79,20,-0.1995,-0.2457,0.1127,0.418,-0.78,-0.307,,0.4,-0.0211,-0.1784,-0.1898,-0.5,22,10,0.0091,-0.0465,0.2191,0.5,-1.06,-0.2014,,0.3,-0.0411,0.0502,-0.0648,-0.95,False,,,fade,,True,950.0,1.5,none,,,,,,
C,C-fade-up-T950-k1.5-none-t05s1,C-fade-up-T950-k1.5-none,t05s1,short,1000-1130,,79,20,-0.1995,-0.239,0.0845,0.557,-1.7,-0.2733,,0.35,-0.0412,-0.1583,-0.1558,-1.03,22,10,-0.0903,-0.139,0.1618,0.636,-1.37,-0.2296,,0.4,-0.0641,-0.0262,-0.0949,-1.01,False,,,fade,,True,950.0,1.5,none,,,,,,
C,C-fade-up-T950-k1.5-none-t1s05,C-fade-up-T950-k1.5-none,t1s05,short,1000-1130,,79,20,-0.0413,-0.0921,0.0814,0.329,0.34,-0.1452,,0.4,-0.0211,-0.0202,0.012,1.15,22,10,0.2051,0.1488,0.1692,0.5,-0.06,0.0248,0.86,0.5,-0.0446,0.2498,0.1702,0.21,False,,,fade,,True,950.0,1.5,none,,,,,,
C,C-follow-up-T950-k1.5-none-t1s1,C-follow-up-T950-k1.5-none,t1s1,long,1000-1130,,79,20,0.0283,-0.0199,0.1162,0.532,-0.57,-0.0854,,0.5,-0.0713,0.0996,0.1114,0.2,22,10,-0.0988,-0.154,0.2177,0.455,0.22,-0.2064,,0.4,-0.0673,-0.0315,0.0856,1.0,False,,,follow,,True,950.0,1.5,none,,,,,,
C,C-follow-up-T950-k1.5-none-t05s1,C-follow-up-T950-k1.5-none,t05s1,long,1000-1130,,79,20,-0.1236,-0.1674,0.0855,0.608,-2.04,-0.2144,,0.4,-0.0715,-0.0521,-0.082,-1.61,22,10,-0.2949,-0.3501,0.1689,0.5,-1.12,-0.388,,0.4,-0.0643,-0.2305,-0.1468,-0.15,False,,,follow,,True,950.0,1.5,none,,,,,,
C,C-follow-up-T950-k1.5-none-t1s05,C-follow-up-T950-k1.5-none,t1s05,long,1000-1130,,79,20,0.0536,-0.0012,0.0869,0.392,-0.25,-0.0366,,0.5,-0.0514,0.105,0.1046,0.74,22,10,0.0006,-0.0623,0.1635,0.364,0.25,-0.1103,,0.4,-0.0445,0.0451,0.1164,1.03,False,,,follow,,True,950.0,1.5,none,,,,,,
C,C-fade-up-T950-k1.5-pb0.1-t1s1,C-fade-up-T950-k1.5-pb0.1,t1s1,short,1000-1130,,79,20,-0.1995,-0.2457,0.1127,0.418,-0.78,-0.307,,0.4,-0.0211,-0.1784,-0.1896,-0.5,21,10,0.0024,-0.0537,0.2292,0.524,-1.01,-0.2184,,0.4,-0.0411,0.0435,-0.0696,-0.91,False,,,fade,,True,950.0,1.5,pb0.1,,,,,,
C,C-fade-up-T950-k1.5-pb0.1-t05s1,C-fade-up-T950-k1.5-pb0.1,t05s1,short,1000-1130,,79,20,-0.1995,-0.239,0.0845,0.557,-1.7,-0.2733,,0.35,-0.0412,-0.1583,-0.1557,-1.03,21,10,-0.1881,-0.2387,0.1694,0.571,-1.59,-0.3509,,0.3,-0.0641,-0.124,-0.1962,-1.21,False,,,fade,,True,950.0,1.5,pb0.1,,,,,,
C,C-fade-up-T950-k1.5-pb0.1-t1s05,C-fade-up-T950-k1.5-pb0.1,t1s05,short,1000-1130,,79,20,-0.0603,-0.1115,0.0806,0.316,0.29,-0.1657,,0.4,-0.0211,-0.0392,-0.0048,1.09,21,10,0.2405,0.1844,0.1735,0.524,0.07,0.0594,0.72,0.5,-0.0446,0.2851,0.2006,0.33,False,,,fade,,True,950.0,1.5,pb0.1,,,,,,
C,C-follow-up-T950-k1.5-pb0.1-t1s1,C-follow-up-T950-k1.5-pb0.1,t1s1,long,1000-1130,,79,20,0.0283,-0.0199,0.1162,0.532,-0.57,-0.0854,,0.5,-0.0713,0.0996,0.1111,0.2,21,10,-0.0929,-0.1496,0.2284,0.476,0.17,-0.2043,,0.5,-0.0673,-0.0256,0.0895,0.96,False,,,follow,,True,950.0,1.5,pb0.1,,,,,,
C,C-follow-up-T950-k1.5-pb0.1-t05s1,C-follow-up-T950-k1.5-pb0.1,t05s1,long,1000-1130,,79,20,-0.1046,-0.1479,0.085,0.62,-1.98,-0.1927,,0.45,-0.0715,-0.0331,-0.0651,-1.54,21,10,-0.331,-0.3877,0.1727,0.476,-1.24,-0.4293,,0.4,-0.0643,-0.2666,-0.178,-0.27,False,,,follow,,True,950.0,1.5,pb0.1,,,,,,
C,C-follow-up-T950-k1.5-pb0.1-t1s05,C-follow-up-T950-k1.5-pb0.1,t1s05,long,1000-1130,,79,20,0.0536,-0.0012,0.0869,0.392,-0.25,-0.0366,,0.5,-0.0514,0.105,0.1043,0.74,21,10,0.0976,0.0354,0.1735,0.429,0.46,-0.0432,1.93,0.5,-0.0445,0.1421,0.217,1.22,False,,,follow,,True,950.0,1.5,pb0.1,,,,,,
C,C-fade-up-T950-k1.5-pb0.25-t1s1,C-fade-up-T950-k1.5-pb0.25,t1s1,short,1000-1130,,72,20,-0.1756,-0.2221,0.1186,0.431,-0.73,-0.2884,,0.35,-0.0211,-0.1545,-0.1769,-0.45,19,10,0.0092,-0.0492,0.243,0.526,-1.05,-0.2337,,0.4,-0.0411,0.0503,-0.0707,-1.1,False,,,fade,,True,950.0,1.5,pb0.25,,,,,,
C,C-fade-up-T950-k1.5-pb0.25-t05s1,C-fade-up-T950-k1.5-pb0.25,t05s1,short,1000-1130,,72,20,-0.1825,-0.2241,0.089,0.569,-1.62,-0.2611,,0.35,-0.0412,-0.1413,-0.1468,-0.9,19,10,-0.175,-0.2274,0.1793,0.579,-1.64,-0.3515,,0.3,-0.0641,-0.1109,-0.1933,-1.39,False,,,fade,,True,950.0,1.5,pb0.25,,,,,,
C,C-fade-up-T950-k1.5-pb0.25-t1s05,C-fade-up-T950-k1.5-pb0.25,t1s05,short,1000-1130,,72,20,-0.0367,-0.089,0.0859,0.333,0.31,-0.1474,,0.45,-0.0211,-0.0156,0.0101,1.1,19,10,0.2461,0.1876,0.1843,0.526,0.01,0.0475,0.79,0.5,-0.0446,0.2907,0.1883,0.13,False,,,fade,,True,950.0,1.5,pb0.25,,,,,,
C,C-follow-up-T950-k1.5-pb0.25-t1s1,C-follow-up-T950-k1.5-pb0.25,t1s1,long,1000-1130,,72,20,-0.0089,-0.0586,0.1221,0.514,-0.73,-0.1033,,0.5,-0.0713,0.0624,0.0851,0.06,19,10,-0.096,-0.1503,0.2388,0.474,0.23,-0.2112,,0.5,-0.0673,-0.0288,0.0947,1.17,False,,,follow,,True,950.0,1.5,pb0.25,,,,,,
C,C-follow-up-T950-k1.5-pb0.25-t05s1,C-follow-up-T950-k1.5-pb0.25,t05s1,long,1000-1130,,72,20,-0.1409,-0.185,0.0899,0.597,-2.12,-0.2393,,0.35,-0.0715,-0.0694,-0.093,-1.66,19,10,-0.3329,-0.3871,0.1801,0.474,-1.17,-0.4334,,0.4,-0.0643,-0.2685,-0.1613,-0.07,False,,,follow,,True,950.0,1.5,pb0.25,,,,,,
C,C-follow-up-T950-k1.5-pb0.25-t1s05,C-follow-up-T950-k1.5-pb0.25,t1s05,long,1000-1130,,72,20,0.0258,-0.0288,0.0898,0.375,-0.49,-0.0785,,0.5,-0.0514,0.0772,0.0843,0.5,19,10,0.0882,0.0279,0.1809,0.421,0.51,-0.0431,2.3,0.5,-0.0445,0.1327,0.2184,1.41,False,,,follow,,True,950.0,1.5,pb0.25,,,,,,
C,C-fade-up-T950-k1.5-pb0.5-t1s1,C-fade-up-T950-k1.5-pb0.5,t1s1,short,1000-1130,,63,20,-0.2109,-0.2566,0.1257,0.413,-1.16,-0.2968,,0.35,-0.0211,-0.1898,-0.2193,-0.86,17,9,-0.0942,-0.1506,0.2566,0.471,-1.12,-0.3832,,0.33,-0.0411,-0.0531,-0.1424,-0.94,False,,,fade,,True,950.0,1.5,pb0.5,,,,,,
C,C-fade-up-T950-k1.5-pb0.5-t05s1,C-fade-up-T950-k1.5-pb0.5,t05s1,short,1000-1130,,63,20,-0.2268,-0.2675,0.0953,0.54,-1.61,-0.2917,,0.4,-0.0412,-0.1856,-0.2022,-1.01,17,9,-0.153,-0.2028,0.1898,0.588,-1.78,-0.3394,,0.22,-0.0641,-0.0889,-0.16,-1.43,False,,,fade,,True,950.0,1.5,pb0.5,,,,,,
C,C-fade-up-T950-k1.5-pb0.5-t1s05,C-fade-up-T950-k1.5-pb0.5,t1s05,short,1000-1130,,63,20,-0.0363,-0.0881,0.092,0.333,-0.11,-0.1292,,0.4,-0.0211,-0.0152,0.0031,0.74,17,9,0.0823,0.0255,0.19,0.412,-0.46,-0.1693,6.46,0.33,-0.0446,0.1269,0.0564,-0.27,False,,,fade,,True,950.0,1.5,pb0.5,,,,,,
C,C-follow-up-T950-k1.5-pb0.5-t1s1,C-follow-up-T950-k1.5-pb0.5,t1s1,long,1000-1130,,63,20,0.1383,0.0892,0.1296,0.587,0.17,0.0223,0.79,0.5,-0.0713,0.2096,0.2389,0.98,17,9,0.0235,-0.0242,0.2518,0.529,0.46,-0.1489,,0.56,-0.0673,0.0907,0.1832,1.04,False,,,follow,,True,950.0,1.5,pb0.5,,,,,,
C,C-follow-up-T950-k1.5-pb0.5-t05s1,C-follow-up-T950-k1.5-pb0.5,t05s1,long,1000-1130,,63,20,-0.0839,-0.1277,0.0947,0.635,-1.62,-0.1564,,0.45,-0.0715,-0.0125,-0.0291,-1.07,17,9,-0.153,-0.2003,0.1884,0.588,-0.4,-0.2873,,0.56,-0.0643,-0.0887,-0.0124,0.41,False,,,follow,,True,950.0,1.5,pb0.5,,,,,,
C,C-follow-up-T950-k1.5-pb0.5-t1s05,C-follow-up-T950-k1.5-pb0.5,t1s05,long,1000-1130,,63,20,0.1542,0.1001,0.0998,0.46,0.2,0.0445,0.62,0.5,-0.0514,0.2055,0.2234,1.14,17,9,0.0823,0.0281,0.1888,0.412,0.88,-0.0293,1.98,0.56,-0.0445,0.1268,0.202,1.59,False,,,follow,,True,950.0,1.5,pb0.5,,,,,,
C,C-fade-up-T950-k1.5-rsi3x-t1s1,C-fade-up-T950-k1.5-rsi3x,t1s1,short,1000-1130,,68,19,0.1435,0.0988,0.1222,0.588,0.69,0.0605,0.41,0.58,-0.0211,0.1646,0.0988,0.91,20,10,-0.042,-0.1001,0.2369,0.5,-0.15,-0.2832,,0.6,-0.0411,-0.0009,-0.0313,0.26,False,,,fade,,True,950.0,1.5,rsi3x,,,,,,
C,C-fade-up-T950-k1.5-rsi3x-t05s1,C-fade-up-T950-k1.5-rsi3x,t05s1,short,1000-1130,,68,19,0.0428,0.0051,0.0834,0.721,0.03,-0.0294,6.33,0.53,-0.0412,0.084,0.0392,0.59,20,10,-0.217,-0.2709,0.177,0.55,-1.07,-0.3959,,0.4,-0.0641,-0.1529,-0.1831,-0.47,False,,,fade,,True,950.0,1.5,rsi3x,,,,,,
C,C-fade-up-T950-k1.5-rsi3x-t1s05,C-fade-up-T950-k1.5-rsi3x,t1s05,short,1000-1130,,68,19,0.1678,0.1192,0.0938,0.471,1.24,0.0819,0.34,0.68,-0.0211,0.1889,0.149,1.68,20,10,0.133,0.0742,0.178,0.45,0.15,-0.0782,1.9,0.5,-0.0446,0.1776,0.1408,0.68,False,,,fade,,True,950.0,1.5,rsi3x,,,,,,
C,C-follow-up-T950-k1.5-rsi3x-t1s1,C-follow-up-T950-k1.5-rsi3x,t1s1,long,1000-1130,,68,19,-0.2196,-0.2709,0.1222,0.397,-1.85,-0.3429,,0.26,-0.0713,-0.1484,-0.0827,-0.78,20,10,-0.042,-0.0947,0.2324,0.5,-0.58,-0.3506,,0.4,-0.0673,0.0252,0.0547,-0.24,False,,,follow,,True,950.0,1.5,rsi3x,,,,,,
C,C-follow-up-T950-k1.5-rsi3x-t05s1,C-follow-up-T950-k1.5-rsi3x,t05s1,long,1000-1130,,68,19,-0.266,-0.3146,0.0947,0.515,-2.98,-0.3494,,0.16,-0.0715,-0.1945,-0.1539,-1.81,20,10,-0.217,-0.269,0.175,0.55,-1.11,-0.4434,,0.5,-0.0643,-0.1527,-0.1161,-0.64,False,,,follow,,True,950.0,1.5,rsi3x,,,,,,
C,C-follow-up-T950-k1.5-rsi3x-t1s05,C-follow-up-T950-k1.5-rsi3x,t1s05,long,1000-1130,,68,19,-0.1189,-0.1778,0.0858,0.279,-1.67,-0.2101,,0.32,-0.0514,-0.0676,-0.0225,-0.4,20,10,0.133,0.0761,0.176,0.45,0.04,-0.137,2.44,0.4,-0.0445,0.1775,0.2071,0.5,False,,,follow,,True,950.0,1.5,rsi3x,,,,,,
C,C-fade-up-T950-k1.5-vwap-t1s1,C-fade-up-T950-k1.5-vwap,t1s1,short,1000-1130,,56,19,-0.1377,-0.182,0.1343,0.446,-0.17,-0.2462,,0.47,-0.0211,-0.1166,-0.1848,0.01,17,9,-0.0942,-0.1505,0.2566,0.471,-1.12,-0.3831,,0.33,-0.0411,-0.0531,-0.0841,-0.81,False,,,fade,,True,950.0,1.5,vwap,,,,,,
C,C-fade-up-T950-k1.5-vwap-t05s1,C-fade-up-T950-k1.5-vwap,t05s1,short,1000-1130,,56,19,-0.1796,-0.219,0.1002,0.571,-0.56,-0.267,,0.47,-0.0412,-0.1384,-0.1746,-0.06,17,9,-0.2412,-0.2927,0.1918,0.529,-2.08,-0.4486,,0.22,-0.0641,-0.1772,-0.2148,-1.54,False,,,fade,,True,950.0,1.5,vwap,,,,,,
C,C-fade-up-T950-k1.5-vwap-t1s05,C-fade-up-T950-k1.5-vwap,t1s05,short,1000-1130,,56,19,-0.001,-0.0536,0.0999,0.357,0.77,-0.0976,,0.58,-0.0211,0.0201,0.0008,1.25,17,9,0.0823,0.0256,0.19,0.412,-0.46,-0.1692,6.45,0.33,-0.0446,0.1269,0.1108,-0.08,False,,,fade,,True,950.0,1.5,vwap,,,,,,
C,C-follow-up-T950-k1.5-vwap-t1s1,C-follow-up-T950-k1.5-vwap,t1s1,long,1000-1130,,56,19,0.0642,0.0134,0.1382,0.536,-0.7,-0.0995,7.34,0.37,-0.0713,0.1355,0.2037,0.1,17,9,0.0235,-0.0241,0.2518,0.529,0.46,-0.1489,,0.56,-0.0673,0.0907,0.1254,0.91,False,,,follow,,True,950.0,1.5,vwap,,,,,,
C,C-follow-up-T950-k1.5-vwap-t05s1,C-follow-up-T950-k1.5-vwap,t05s1,long,1000-1130,,56,19,-0.0992,-0.1428,0.1006,0.625,-2.09,-0.2219,,0.37,-0.0715,-0.0278,-0.007,-1.26,17,9,-0.153,-0.2002,0.1884,0.588,-0.4,-0.2872,,0.56,-0.0643,-0.0887,-0.067,0.22,False,,,follow,,True,950.0,1.5,vwap,,,,,,
C,C-follow-up-T950-k1.5-vwap-t1s05,C-follow-up-T950-k1.5-vwap,t1s05,long,1000-1130,,56,19,0.0793,0.0222,0.1047,0.411,-1.15,-0.0681,3.62,0.47,-0.0514,0.1307,0.1679,-0.09,17,9,0.1705,0.1181,0.1921,0.471,1.16,0.0532,0.63,0.67,-0.0445,0.2151,0.2566,1.69,False,,,follow,,True,950.0,1.5,vwap,,,,,,
C,C-fade-up-T1000-k0.5-none-t1s1,C-fade-up-T1000-k0.5-none,t1s1,short,1005-1130,,4324,30,0.0951,0.0508,0.0151,0.545,0.42,0.0109,0.8,0.57,-0.0214,0.1165,0.0777,1.34,2262,14,0.0023,-0.0497,0.0211,0.497,-0.72,-0.0707,,0.5,-0.0435,0.0458,0.0368,0.53,False,,,fade,,True,1000.0,0.5,none,,,,,,
C,C-fade-up-T1000-k0.5-none-t05s1,C-fade-up-T1000-k0.5-none,t05s1,short,1005-1130,,4324,30,0.0196,-0.0194,0.0107,0.704,-0.87,-0.0375,,0.57,-0.0412,0.0608,0.0387,0.73,2262,14,-0.0155,-0.0604,0.0152,0.686,-1.11,-0.0785,,0.43,-0.0654,0.0499,0.0227,0.78,False,,,fade,,True,1000.0,0.5,none,,,,,,
C,C-fade-up-T1000-k0.5-none-t1s05,C-fade-up-T1000-k0.5-none,t1s05,short,1005-1130,,4324,30,0.0364,-0.0163,0.0115,0.382,-0.82,-0.0373,,0.5,-0.0199,0.0562,0.0458,1.22,2262,14,0.0291,-0.0299,0.0159,0.379,-0.5,-0.05,,0.43,-0.0467,0.0758,0.0458,1.03,False,,,fade,,True,1000.0,0.5,none,,,,,,
C,C-follow-up-T1000-k0.5-none-t1s1,C-follow-up-T1000-k0.5-none,t1s1,long,1005-1130,,4324,30,-0.1806,-0.2303,0.0151,0.406,-3.87,-0.249,,0.23,-0.0709,-0.1097,-0.0706,-1.14,2262,14,-0.0975,-0.1516,0.0211,0.449,-3.32,-0.204,,0.21,-0.0647,-0.0329,-0.0242,-0.23,False,,,follow,,True,1000.0,0.5,none,,,,,,
C,C-follow-up-T1000-k0.5-none-t05s1,C-follow-up-T1000-k0.5-none,t05s1,long,1005-1130,,4324,30,-0.1248,-0.1675,0.0114,0.607,-4.29,-0.1877,,0.2,-0.0727,-0.0521,-0.0408,-1.09,2262,14,-0.1284,-0.1767,0.0159,0.606,-4.32,-0.2213,,0.14,-0.0619,-0.0665,-0.0364,-0.75,False,,,follow,,True,1000.0,0.5,none,,,,,,
C,C-follow-up-T1000-k0.5-none-t1s05,C-follow-up-T1000-k0.5-none,t1s05,long,1005-1130,,4324,30,-0.1076,-0.164,0.0107,0.286,-4.63,-0.1833,,0.23,-0.0513,-0.0564,-0.0336,-0.55,2262,14,-0.0805,-0.1429,0.0152,0.309,-3.74,-0.1893,,0.07,-0.043,-0.0375,-0.0104,-0.33,False,,,follow,,True,1000.0,0.5,none,,,,,,
C,C-fade-up-T1000-k0.5-pb0.1-t1s1,C-fade-up-T1000-k0.5-pb0.1,t1s1,short,1005-1130,,3890,30,0.0918,0.0473,0.0159,0.541,0.13,0.0018,0.96,0.57,-0.0214,0.1133,0.0737,0.98,2102,14,0.0196,-0.0315,0.0219,0.505,-0.36,-0.0517,,0.5,-0.0435,0.0631,0.0568,0.91,False,,,fade,,True,1000.0,0.5,pb0.1,,,,,,
C,C-fade-up-T1000-k0.5-pb0.1-t05s1,C-fade-up-T1000-k0.5-pb0.1,t05s1,short,1005-1130,,3890,30,0.0183,-0.0206,0.0113,0.703,-1.18,-0.041,,0.53,-0.0412,0.0596,0.0377,0.44,2102,14,-0.0048,-0.0495,0.0157,0.693,-0.9,-0.067,,0.43,-0.0654,0.0606,0.0353,1.19,False,,,fade,,True,1000.0,0.5,pb0.1,,,,,,
C,C-fade-up-T1000-k0.5-pb0.1-t1s05,C-fade-up-T1000-k0.5-pb0.1,t1s05,short,1005-1130,,3890,30,0.0371,-0.0155,0.0121,0.382,-1.08,-0.04,,0.4,-0.0199,0.057,0.0438,0.97,2102,14,0.0377,-0.0206,0.0165,0.384,-0.33,-0.0431,,0.5,-0.0467,0.0844,0.0558,1.27,False,,,fade,,True,1000.0,0.5,pb0.1,,,,,,
C,C-follow-up-T1000-k0.5-pb0.1-t1s1,C-follow-up-T1000-k0.5-pb0.1,t1s1,long,1005-1130,,3890,30,-0.1773,-0.2265,0.0159,0.407,-3.59,-0.2508,,0.23,-0.0709,-0.1064,-0.0667,-0.82,2102,14,-0.1139,-0.1685,0.0219,0.439,-3.76,-0.2206,,0.14,-0.0647,-0.0493,-0.0432,-0.59,False,,,follow,,True,1000.0,0.5,pb0.1,,,,,,
C,C-follow-up-T1000-k0.5-pb0.1-t05s1,C-follow-up-T1000-k0.5-pb0.1,t05s1,long,1005-1130,,3890,30,-0.1264,-0.1689,0.0121,0.606,-4.24,-0.189,,0.2,-0.0727,-0.0537,-0.0396,-0.91,2102,14,-0.1364,-0.185,0.0165,0.6,-4.56,-0.2302,,0.07,-0.0619,-0.0744,-0.0457,-0.97,False,,,follow,,True,1000.0,0.5,pb0.1,,,,,,
C,C-follow-up-T1000-k0.5-pb0.1-t1s05,C-follow-up-T1000-k0.5-pb0.1,t1s05,long,1005-1130,,3890,30,-0.1075,-0.1638,0.0113,0.286,-4.36,-0.1834,,0.23,-0.0513,-0.0562,-0.0338,-0.33,2102,14,-0.0902,-0.1525,0.0156,0.302,-4.05,-0.1981,,0.07,-0.043,-0.0473,-0.0221,-0.69,False,,,follow,,True,1000.0,0.5,pb0.1,,,,,,
C,C-fade-up-T1000-k0.5-pb0.25-t1s1,C-fade-up-T1000-k0.5-pb0.25,t1s1,short,1005-1130,,3019,30,0.1022,0.059,0.018,0.542,0.08,0.0074,0.89,0.5,-0.0214,0.1237,0.0832,1.29,1758,14,0.006,-0.0434,0.0238,0.497,-0.89,-0.0645,,0.5,-0.0435,0.0495,0.0581,0.75,False,,,fade,,True,1000.0,0.5,pb0.25,,,,,,
C,C-fade-up-T1000-k0.5-pb0.25-t05s1,C-fade-up-T1000-k0.5-pb0.25,t05s1,short,1005-1130,,3019,30,0.0395,0.0017,0.0126,0.716,-1.06,-0.0211,12.52,0.5,-0.0412,0.0807,0.0604,1.36,1758,14,-0.0062,-0.049,0.017,0.689,-1.28,-0.0697,,0.29,-0.0654,0.0592,0.0449,1.16,False,,,fade,,True,1000.0,0.5,pb0.25,,,,,,
C,C-fade-up-T1000-k0.5-pb0.25-t1s05,C-fade-up-T1000-k0.5-pb0.25,t1s05,short,1005-1130,,3019,30,0.0524,0.0012,0.0137,0.391,-1.33,-0.0323,25.62,0.37,-0.0199,0.0723,0.0519,0.96,1758,14,0.0375,-0.0184,0.0179,0.383,-0.58,-0.0446,,0.64,-0.0467,0.0842,0.065,1.34,False,,,fade,,True,1000.0,0.5,pb0.25,,,,,,
C,C-follow-up-T1000-k0.5-pb0.25-t1s1,C-follow-up-T1000-k0.5-pb0.25,t1s1,long,1005-1130,,3019,30,-0.1872,-0.2365,0.018,0.397,-3.82,-0.2544,,0.23,-0.0709,-0.1163,-0.0756,-1.13,1758,14,-0.0977,-0.1514,0.024,0.447,-3.22,-0.1907,,0.14,-0.0647,-0.033,-0.0417,-0.38,False,,,follow,,True,1000.0,0.5,pb0.25,,,,,,
C,C-follow-up-T1000-k0.5-pb0.25-t05s1,C-follow-up-T1000-k0.5-pb0.25,t05s1,long,1005-1130,,3019,30,-0.1421,-0.1855,0.0138,0.595,-4.86,-0.1981,,0.2,-0.0727,-0.0695,-0.0484,-1.01,1758,14,-0.1344,-0.1831,0.0182,0.602,-4.36,-0.2201,,0.14,-0.0619,-0.0724,-0.053,-0.99,False,,,follow,,True,1000.0,0.5,pb0.25,,,,,,
C,C-follow-up-T1000-k0.5-pb0.25-t1s05,C-follow-up-T1000-k0.5-pb0.25,t1s05,long,1005-1130,,3019,30,-0.1277,-0.1842,0.0126,0.27,-5.56,-0.1966,,0.17,-0.0513,-0.0764,-0.0556,-1.21,1758,14,-0.0872,-0.1492,0.0172,0.301,-3.8,-0.1852,,0.14,-0.043,-0.0442,-0.0298,-0.64,False,,,follow,,True,1000.0,0.5,pb0.25,,,,,,
C,C-fade-up-T1000-k0.5-pb0.5-t1s1,C-fade-up-T1000-k0.5-pb0.5,t1s1,short,1005-1130,,1802,30,0.0334,-0.011,0.0234,0.506,-1.63,-0.084,,0.37,-0.0214,0.0548,0.0244,-0.43,1116,14,0.0097,-0.0405,0.0297,0.488,-1.13,-0.0569,,0.5,-0.0435,0.0532,0.094,1.2,False,,,fade,,True,1000.0,0.5,pb0.5,,,,,,
C,C-fade-up-T1000-k0.5-pb0.5-t05s1,C-fade-up-T1000-k0.5-pb0.5,t05s1,short,1005-1130,,1802,30,-0.008,-0.0468,0.0167,0.682,-2.62,-0.0841,,0.37,-0.0412,0.0333,0.0104,-0.65,1116,14,-0.0131,-0.0563,0.0213,0.681,-2.22,-0.0708,,0.36,-0.0654,0.0523,0.0649,1.22,False,,,fade,,True,1000.0,0.5,pb0.5,,,,,,
C,C-fade-up-T1000-k0.5-pb0.5-t1s05,C-fade-up-T1000-k0.5-pb0.5,t1s05,short,1005-1130,,1802,30,0.0185,-0.0337,0.0176,0.369,-2.51,-0.0769,,0.27,-0.0199,0.0383,0.0231,-0.02,1116,14,0.0245,-0.033,0.0224,0.373,-1.55,-0.0621,,0.36,-0.0467,0.0712,0.0764,0.93,False,,,fade,,True,1000.0,0.5,pb0.5,,,,,,
C,C-follow-up-T1000-k0.5-pb0.5-t1s1,C-follow-up-T1000-k0.5-pb0.5,t1s1,long,1005-1130,,1802,30,-0.1204,-0.1686,0.0235,0.431,-1.97,-0.187,,0.37,-0.0709,-0.0495,-0.0191,0.53,1116,14,-0.1022,-0.1558,0.0298,0.432,-3.4,-0.1682,,0.29,-0.0647,-0.0375,-0.0782,-0.82,False,,,follow,,True,1000.0,0.5,pb0.5,,,,,,
C,C-follow-up-T1000-k0.5-pb0.5-t05s1,C-follow-up-T1000-k0.5-pb0.5,t05s1,long,1005-1130,,1802,30,-0.1127,-0.1552,0.0177,0.614,-3.31,-0.1667,,0.27,-0.0727,-0.0401,-0.0245,-0.11,1116,14,-0.1197,-0.1679,0.0226,0.612,-3.63,-0.182,,0.29,-0.0619,-0.0577,-0.0627,-0.59,False,,,follow,,True,1000.0,0.5,pb0.5,,,,,,
C,C-follow-up-T1000-k0.5-pb0.5-t1s05,C-follow-up-T1000-k0.5-pb0.5,t1s05,long,1005-1130,,1802,30,-0.0829,-0.1388,0.0168,0.3,-2.71,-0.1531,,0.3,-0.0513,-0.0316,-0.0086,0.64,1116,14,-0.0848,-0.1474,0.0215,0.298,-3.87,-0.1602,,0.21,-0.043,-0.0418,-0.054,-0.83,False,,,follow,,True,1000.0,0.5,pb0.5,,,,,,
C,C-fade-up-T1000-k0.5-rsi3x-t1s1,C-fade-up-T1000-k0.5-rsi3x,t1s1,short,1005-1130,,3537,30,0.0828,0.0382,0.0167,0.534,-0.32,-0.0122,1.29,0.47,-0.0214,0.1042,0.069,0.62,1964,14,-0.0211,-0.0731,0.0226,0.481,-1.19,-0.0957,,0.43,-0.0435,0.0224,0.0283,0.36,False,,,fade,,True,1000.0,0.5,rsi3x,,,,,,
C,C-fade-up-T1000-k0.5-rsi3x-t05s1,C-fade-up-T1000-k0.5-rsi3x,t05s1,short,1005-1130,,3537,30,0.0025,-0.0371,0.012,0.692,-1.91,-0.0603,,0.47,-0.0412,0.0437,0.0283,-0.04,1964,14,-0.0364,-0.0822,0.0165,0.67,-1.72,-0.103,,0.36,-0.0654,0.029,0.0154,0.46,False,,,fade,,True,1000.0,0.5,rsi3x,,,,,,
C,C-fade-up-T1000-k0.5-rsi3x-t1s05,C-fade-up-T1000-k0.5-rsi3x,t1s05,short,1005-1130,,3537,30,0.03,-0.0228,0.0127,0.377,-1.79,-0.0513,,0.4,-0.0199,0.0499,0.036,0.31,1964,14,0.0145,-0.0446,0.017,0.369,-0.97,-0.0739,,0.43,-0.0467,0.0612,0.0419,0.8,False,,,fade,,True,1000.0,0.5,rsi3x,,,,,,
C,C-follow-up-T1000-k0.5-rsi3x-t1s1,C-follow-up-T1000-k0.5-rsi3x,t1s1,long,1005-1130,,3537,30,-0.1688,-0.2178,0.0167,0.41,-3.1,-0.2413,,0.2,-0.0709,-0.0979,-0.0626,-0.5,1964,14,-0.0727,-0.1256,0.0226,0.455,-2.99,-0.1765,,0.14,-0.0647,-0.008,-0.0142,-0.06,False,,,follow,,True,1000.0,0.5,rsi3x,,,,,,
C,C-follow-up-T1000-k0.5-rsi3x-t05s1,C-follow-up-T1000-k0.5-rsi3x,t05s1,long,1005-1130,,3537,30,-0.1184,-0.1606,0.0126,0.611,-3.85,-0.1721,,0.23,-0.0727,-0.0457,-0.0312,-0.21,1964,14,-0.1136,-0.1612,0.017,0.616,-4.3,-0.2037,,0.07,-0.0619,-0.0517,-0.0324,-0.57,False,,,follow,,True,1000.0,0.5,rsi3x,,,,,,
C,C-follow-up-T1000-k0.5-rsi3x-t1s05,C-follow-up-T1000-k0.5-rsi3x,t1s05,long,1005-1130,,3537,30,-0.0916,-0.1472,0.0119,0.295,-3.56,-0.1605,,0.27,-0.0513,-0.0403,-0.0245,0.13,1964,14,-0.0582,-0.1189,0.0164,0.322,-3.21,-0.1658,,0.14,-0.043,-0.0152,-0.0017,-0.01,False,,,follow,,True,1000.0,0.5,rsi3x,,,,,,
C,C-fade-up-T1000-k0.5-vwap-t1s1,C-fade-up-T1000-k0.5-vwap,t1s1,short,1005-1130,,2929,30,0.0776,0.0331,0.0183,0.527,-0.38,-0.0157,1.43,0.43,-0.0214,0.0991,0.059,0.76,1690,14,-0.0066,-0.0566,0.0242,0.483,-1.27,-0.0871,,0.36,-0.0435,0.0369,0.0494,0.38,False,,,fade,,True,1000.0,0.5,vwap,,,,,,
C,C-fade-up-T1000-k0.5-vwap-t05s1,C-fade-up-T1000-k0.5-vwap,t05s1,short,1005-1130,,2929,30,0.0278,-0.0108,0.0129,0.706,-1.34,-0.03,,0.47,-0.0412,0.069,0.0474,1.06,1690,14,-0.0195,-0.0633,0.0175,0.681,-1.57,-0.088,,0.36,-0.0654,0.046,0.0355,0.59,False,,,fade,,True,1000.0,0.5,vwap,,,,,,
C,C-fade-up-T1000-k0.5-vwap-t1s05,C-fade-up-T1000-k0.5-vwap,t1s05,short,1005-1130,,2929,30,0.0435,-0.0079,0.0139,0.385,-1.48,-0.0391,,0.37,-0.0199,0.0634,0.0415,0.84,1690,14,0.0407,-0.0158,0.0183,0.385,-0.6,-0.0476,,0.5,-0.0467,0.0874,0.0722,1.31,False,,,fade,,True,1000.0,0.5,vwap,,,,,,
C,C-follow-up-T1000-k0.5-vwap-t1s1,C-follow-up-T1000-k0.5-vwap,t1s1,long,1005-1130,,2929,30,-0.1634,-0.2116,0.0183,0.406,-3.38,-0.2368,,0.3,-0.0709,-0.0924,-0.0523,-0.63,1690,14,-0.0864,-0.1403,0.0244,0.447,-2.62,-0.1851,,0.14,-0.0647,-0.0217,-0.0344,-0.07,False,,,follow,,True,1000.0,0.5,vwap,,,,,,
C,C-follow-up-T1000-k0.5-vwap-t05s1,C-follow-up-T1000-k0.5-vwap,t05s1,long,1005-1130,,2929,30,-0.1327,-0.1758,0.014,0.601,-4.78,-0.1885,,0.17,-0.0727,-0.06,-0.0376,-0.82,1690,14,-0.1363,-0.1857,0.0186,0.601,-4.1,-0.2292,,0.14,-0.0619,-0.0744,-0.0591,-0.92,False,,,follow,,True,1000.0,0.5,vwap,,,,,,
C,C-follow-up-T1000-k0.5-vwap-t1s05,C-follow-up-T1000-k0.5-vwap,t1s05,long,1005-1130,,2929,30,-0.117,-0.1727,0.0129,0.277,-5.3,-0.1846,,0.17,-0.0513,-0.0657,-0.0436,-1.06,1690,14,-0.0762,-0.1384,0.0176,0.309,-2.8,-0.1813,,0.14,-0.043,-0.0332,-0.0226,-0.21,False,,,follow,,True,1000.0,0.5,vwap,,,,,,
C,C-fade-up-T1000-k0.75-none-t1s1,C-fade-up-T1000-k0.75-none,t1s1,short,1005-1130,,1442,30,0.1153,0.0698,0.0264,0.564,0.82,0.0186,0.76,0.57,-0.0214,0.1368,0.1004,1.64,661,14,0.0811,0.0322,0.0393,0.549,0.04,-0.0117,1.32,0.43,-0.0435,0.1246,0.1121,0.82,False,,,fade,,True,1000.0,0.75,none,,,,,,
C,C-fade-up-T1000-k0.75-none-t05s1,C-fade-up-T1000-k0.75-none,t05s1,short,1005-1130,,1442,30,0.0192,-0.0214,0.0186,0.704,-0.62,-0.0497,,0.53,-0.0412,0.0604,0.0446,0.87,661,14,0.033,-0.0099,0.0274,0.717,-0.38,-0.0322,,0.43,-0.0654,0.0984,0.065,1.27,False,,,fade,,True,1000.0,0.75,none,,,,,,
C,C-fade-up-T1000-k0.75-none-t1s05,C-fade-up-T1000-k0.75-none,t1s05,short,1005-1130,,1442,30,0.0474,-0.0063,0.02,0.392,0.06,-0.0331,,0.53,-0.0199,0.0673,0.0681,2.34,661,14,0.0867,0.0308,0.03,0.419,-0.07,-0.0014,1.04,0.36,-0.0467,0.1334,0.0975,1.08,False,,,fade,,True,1000.0,0.75,none,,,,,,
C,C-follow-up-T1000-k0.75-none-t1s1,C-follow-up-T1000-k0.75-none,t1s1,long,1005-1130,,1442,30,-0.2005,-0.2511,0.0263,0.406,-4.28,-0.2678,,0.27,-0.0709,-0.1296,-0.0929,-1.49,661,14,-0.1716,-0.224,0.039,0.421,-3.24,-0.2556,,0.14,-0.0647,-0.1069,-0.0947,-0.62,False,,,follow,,True,1000.0,0.75,none,,,,,,
C,C-follow-up-T1000-k0.75-none-t05s1,C-follow-up-T1000-k0.75-none,t05s1,long,1005-1130,,1442,30,-0.1385,-0.1819,0.0199,0.601,-4.98,-0.2128,,0.2,-0.0727,-0.0658,-0.0655,-2.46,661,14,-0.1863,-0.2328,0.0297,0.569,-3.81,-0.2635,,0.07,-0.0619,-0.1244,-0.0883,-0.95,False,,,follow,,True,1000.0,0.75,none,,,,,,
C,C-follow-up-T1000-k0.75-none-t1s05,C-follow-up-T1000-k0.75-none,t1s05,long,1005-1130,,1442,30,-0.1102,-0.1667,0.0184,0.284,-4.64,-0.184,,0.27,-0.0513,-0.059,-0.0423,-0.87,661,14,-0.1235,-0.1829,0.0271,0.28,-4.14,-0.2125,,0.14,-0.043,-0.0805,-0.0472,-0.9,False,,,follow,,True,1000.0,0.75,none,,,,,,
C,C-fade-up-T1000-k0.75-pb0.1-t1s1,C-fade-up-T1000-k0.75-pb0.1,t1s1,short,1005-1130,,1301,30,0.1133,0.0677,0.0278,0.563,0.52,0.0096,0.87,0.47,-0.0214,0.1347,0.096,1.34,625,14,0.084,0.0357,0.0404,0.552,0.19,-0.0069,1.17,0.57,-0.0435,0.1275,0.1171,0.91,False,,,fade,,True,1000.0,0.75,pb0.1,,,,,,
C,C-fade-up-T1000-k0.75-pb0.1-t05s1,C-fade-up-T1000-k0.75-pb0.1,t05s1,short,1005-1130,,1301,30,0.0195,-0.0207,0.0196,0.704,-1.04,-0.0507,,0.47,-0.0412,0.0608,0.0443,0.58,625,14,0.0333,-0.0092,0.0281,0.717,-0.11,-0.031,,0.43,-0.0654,0.0987,0.0661,1.42,False,,,fade,,True,1000.0,0.75,pb0.1,,,,,,
C,C-fade-up-T1000-k0.75-pb0.1-t1s05,C-fade-up-T1000-k0.75-pb0.1,t1s05,short,1005-1130,,1301,30,0.0487,-0.005,0.0211,0.393,-0.28,-0.0367,,0.5,-0.0199,0.0685,0.065,1.9,625,14,0.0921,0.0368,0.0309,0.422,0.01,0.0012,0.97,0.36,-0.0467,0.1388,0.1034,1.14,False,,,fade,,True,1000.0,0.75,pb0.1,,,,,,
C,C-follow-up-T1000-k0.75-pb0.1-t1s1,C-follow-up-T1000-k0.75-pb0.1,t1s1,long,1005-1130,,1301,30,-0.1988,-0.2487,0.0276,0.406,-4.17,-0.2637,,0.17,-0.0709,-0.1279,-0.089,-1.23,625,14,-0.1734,-0.226,0.0402,0.421,-3.27,-0.2577,,0.21,-0.0647,-0.1087,-0.0985,-0.69,False,,,follow,,True,1000.0,0.75,pb0.1,,,,,,
C,C-follow-up-T1000-k0.75-pb0.1-t05s1,C-follow-up-T1000-k0.75-pb0.1,t05s1,long,1005-1130,,1301,30,-0.1408,-0.1836,0.0209,0.599,-5.06,-0.2073,,0.2,-0.0727,-0.0681,-0.0635,-2.32,625,14,-0.1911,-0.2378,0.0306,0.566,-3.83,-0.2659,,0.14,-0.0619,-0.1292,-0.0936,-0.99,False,,,follow,,True,1000.0,0.75,pb0.1,,,,,,
C,C-follow-up-T1000-k0.75-pb0.1-t1s05,C-follow-up-T1000-k0.75-pb0.1,t1s05,long,1005-1130,,1301,30,-0.1116,-0.1677,0.0194,0.282,-4.74,-0.1832,,0.2,-0.0513,-0.0603,-0.0431,-0.66,625,14,-0.1226,-0.1821,0.0279,0.28,-4.17,-0.2082,,0.14,-0.043,-0.0797,-0.0472,-1.05,False,,,follow,,True,1000.0,0.75,pb0.1,,,,,,
C,C-fade-up-T1000-k0.75-pb0.25-t1s1,C-fade-up-T1000-k0.75-pb0.25,t1s1,short,1005-1130,,1038,30,0.1081,0.0642,0.031,0.558,0.23,-0.0029,1.04,0.53,-0.0214,0.1296,0.0818,1.13,537,14,0.0678,0.0201,0.0435,0.54,0.01,-0.023,1.98,0.57,-0.0435,0.1113,0.119,1.11,False,,,fade,,True,1000.0,0.75,pb0.25,,,,,,
C,C-fade-up-T1000-k0.75-pb0.25-t05s1,C-fade-up-T1000-k0.75-pb0.25,t05s1,short,1005-1130,,1038,30,0.0305,-0.0086,0.0217,0.71,-1.16,-0.0429,,0.37,-0.0412,0.0717,0.0518,0.67,537,14,0.0604,0.0195,0.0296,0.734,0.38,0.0066,0.71,0.64,-0.0654,0.1258,0.106,2.45,False,,,fade,,True,1000.0,0.75,pb0.25,,,,,,
C,C-fade-up-T1000-k0.75-pb0.25-t1s05,C-fade-up-T1000-k0.75-pb0.25,t1s05,short,1005-1130,,1038,30,0.0707,0.019,0.0237,0.406,-0.55,-0.0214,2.0,0.43,-0.0199,0.0905,0.0717,1.53,537,14,0.0858,0.0319,0.0331,0.413,-0.05,-0.0114,1.3,0.43,-0.0467,0.1325,0.1073,1.39,False,,,fade,,True,1000.0,0.75,pb0.25,,,,,,
C,C-follow-up-T1000-k0.75-pb0.25-t1s1,C-follow-up-T1000-k0.75-pb0.25,t1s1,long,1005-1130,,1038,30,-0.193,-0.2427,0.031,0.405,-3.87,-0.2569,,0.3,-0.0709,-0.1221,-0.0742,-1.05,537,14,-0.1563,-0.2081,0.0435,0.428,-3.63,-0.2313,,0.14,-0.0647,-0.0916,-0.0995,-0.85,False,,,follow,,True,1000.0,0.75,pb0.25,,,,,,
C,C-follow-up-T1000-k0.75-pb0.25-t05s1,C-follow-up-T1000-k0.75-pb0.25,t05s1,long,1005-1130,,1038,30,-0.1638,-0.2074,0.0236,0.582,-5.24,-0.2222,,0.17,-0.0727,-0.0911,-0.0713,-2.02,537,14,-0.1855,-0.2321,0.033,0.568,-4.66,-0.2524,,0.07,-0.0619,-0.1236,-0.0981,-1.28,False,,,follow,,True,1000.0,0.75,pb0.25,,,,,,
C,C-follow-up-T1000-k0.75-pb0.25-t1s05,C-follow-up-T1000-k0.75-pb0.25,t1s05,long,1005-1130,,1038,30,-0.1207,-0.1765,0.0216,0.276,-4.39,-0.1884,,0.27,-0.0513,-0.0694,-0.049,-0.78,537,14,-0.149,-0.2087,0.0295,0.261,-5.2,-0.233,,0.07,-0.043,-0.106,-0.0861,-2.06,False,,,follow,,True,1000.0,0.75,pb0.25,,,,,,
C,C-fade-up-T1000-k0.75-pb0.5-t1s1,C-fade-up-T1000-k0.75-pb0.5,t1s1,short,1005-1130,,685,30,0.0678,0.0236,0.0382,0.534,-1.3,-0.0584,3.17,0.37,-0.0214,0.0893,0.038,-0.4,365,14,0.0706,0.023,0.0521,0.529,-0.41,-0.0152,1.61,0.36,-0.0435,0.1141,0.1553,0.97,False,,,fade,,True,1000.0,0.75,pb0.5,,,,,,
C,C-fade-up-T1000-k0.75-pb0.5-t05s1,C-fade-up-T1000-k0.75-pb0.5,t05s1,short,1005-1130,,685,30,-0.0256,-0.0653,0.0275,0.672,-2.78,-0.1136,,0.23,-0.0412,0.0156,-0.0166,-1.54,365,14,-0.0116,-0.0535,0.0373,0.685,-1.71,-0.0804,,0.29,-0.0654,0.0538,0.0648,0.58,False,,,fade,,True,1000.0,0.75,pb0.5,,,,,,
C,C-fade-up-T1000-k0.75-pb0.5-t1s05,C-fade-up-T1000-k0.75-pb0.5,t1s05,short,1005-1130,,685,30,0.0423,-0.0087,0.0287,0.387,-1.47,-0.059,,0.4,-0.0199,0.0621,0.0387,0.4,365,14,0.0761,0.0218,0.04,0.411,-0.6,-0.0211,1.8,0.43,-0.0467,0.1228,0.1261,1.19,False,,,fade,,True,1000.0,0.75,pb0.5,,,,,,
C,C-follow-up-T1000-k0.75-pb0.5-t1s1,C-follow-up-T1000-k0.75-pb0.5,t1s1,long,1005-1130,,685,30,-0.1546,-0.203,0.0382,0.423,-1.77,-0.237,,0.3,-0.0709,-0.0837,-0.0325,0.48,365,14,-0.1601,-0.2139,0.0525,0.419,-2.77,-0.2369,,0.21,-0.0647,-0.0955,-0.1366,-0.75,False,,,follow,,True,1000.0,0.75,pb0.5,,,,,,
C,C-follow-up-T1000-k0.75-pb0.5-t05s1,C-follow-up-T1000-k0.75-pb0.5,t05s1,long,1005-1130,,685,30,-0.1392,-0.1825,0.029,0.597,-3.17,-0.2049,,0.3,-0.0727,-0.0666,-0.0426,-0.57,365,14,-0.1697,-0.2178,0.0402,0.581,-3.37,-0.24,,0.21,-0.0619,-0.1078,-0.1109,-0.93,False,,,follow,,True,1000.0,0.75,pb0.5,,,,,,
C,C-follow-up-T1000-k0.75-pb0.5-t1s05,C-follow-up-T1000-k0.75-pb0.5,t1s05,long,1005-1130,,685,30,-0.0648,-0.1195,0.0276,0.312,-1.36,-0.1434,,0.4,-0.0513,-0.0135,0.0189,1.53,365,14,-0.0779,-0.1383,0.0379,0.307,-2.79,-0.1564,,0.21,-0.043,-0.035,-0.0457,-0.19,False,,,follow,,True,1000.0,0.75,pb0.5,,,,,,
C,C-fade-up-T1000-k0.75-rsi3x-t1s1,C-fade-up-T1000-k0.75-rsi3x,t1s1,short,1005-1130,,1165,30,0.1068,0.0605,0.0294,0.557,-0.3,-0.0025,1.04,0.37,-0.0214,0.1282,0.0927,0.56,575,14,0.0448,-0.0056,0.0423,0.529,-0.63,-0.0598,,0.36,-0.0435,0.0883,0.098,0.54,False,,,fade,,True,1000.0,0.75,rsi3x,,,,,,
C,C-fade-up-T1000-k0.75-rsi3x-t05s1,C-fade-up-T1000-k0.75-rsi3x,t05s1,short,1005-1130,,1165,30,0.0028,-0.0388,0.021,0.694,-1.88,-0.0733,,0.33,-0.0412,0.0441,0.0334,-0.2,575,14,0.0097,-0.0344,0.03,0.701,-0.9,-0.0641,,0.5,-0.0654,0.0751,0.0591,0.84,False,,,fade,,True,1000.0,0.75,rsi3x,,,,,,
C,C-fade-up-T1000-k0.75-rsi3x-t1s05,C-fade-up-T1000-k0.75-rsi3x,t1s05,short,1005-1130,,1165,30,0.0496,-0.005,0.0224,0.393,-0.97,-0.0395,,0.37,-0.0199,0.0695,0.0603,0.95,575,14,0.0719,0.0156,0.0321,0.409,-0.51,-0.0325,2.79,0.29,-0.0467,0.1186,0.0969,0.84,False,,,fade,,True,1000.0,0.75,rsi3x,,,,,,
C,C-follow-up-T1000-k0.75-rsi3x-t1s1,C-follow-up-T1000-k0.75-rsi3x,t1s1,long,1005-1130,,1165,30,-0.1959,-0.2455,0.0292,0.406,-3.1,-0.2658,,0.23,-0.0709,-0.125,-0.0894,-0.6,575,14,-0.1341,-0.1843,0.0418,0.437,-2.56,-0.2124,,0.29,-0.0647,-0.0694,-0.0793,-0.3,False,,,follow,,True,1000.0,0.75,rsi3x,,,,,,
C,C-follow-up-T1000-k0.75-rsi3x-t05s1,C-follow-up-T1000-k0.75-rsi3x,t05s1,long,1005-1130,,1165,30,-0.1431,-0.1856,0.0221,0.597,-4.16,-0.1912,,0.23,-0.0727,-0.0704,-0.0604,-1.12,575,14,-0.1716,-0.2172,0.0317,0.579,-3.58,-0.2438,,0.07,-0.0619,-0.1097,-0.0878,-0.73,False,,,follow,,True,1000.0,0.75,rsi3x,,,,,,
C,C-follow-up-T1000-k0.75-rsi3x-t1s05,C-follow-up-T1000-k0.75-rsi3x,t1s05,long,1005-1130,,1165,30,-0.0963,-0.1519,0.0207,0.294,-3.31,-0.1653,,0.2,-0.0513,-0.045,-0.0338,-0.04,575,14,-0.0989,-0.1566,0.0294,0.296,-3.02,-0.1847,,0.14,-0.043,-0.056,-0.0399,-0.49,False,,,follow,,True,1000.0,0.75,rsi3x,,,,,,
C,C-fade-up-T1000-k0.75-vwap-t1s1,C-fade-up-T1000-k0.75-vwap,t1s1,short,1005-1130,,910,30,0.0712,0.0255,0.0333,0.536,-0.93,-0.0459,2.61,0.4,-0.0214,0.0927,0.0431,-0.03,479,14,0.0262,-0.0223,0.0461,0.516,-1.25,-0.0861,,0.36,-0.0435,0.0698,0.0912,0.25,False,,,fade,,True,1000.0,0.75,vwap,,,,,,
C,C-fade-up-T1000-k0.75-vwap-t05s1,C-fade-up-T1000-k0.75-vwap,t05s1,short,1005-1130,,910,30,0.0244,-0.0158,0.0234,0.703,-1.65,-0.048,,0.4,-0.0412,0.0656,0.0431,0.34,479,14,0.0045,-0.0373,0.0325,0.697,-1.33,-0.0647,,0.29,-0.0654,0.0699,0.0635,1.23,False,,,fade,,True,1000.0,0.75,vwap,,,,,,
C,C-fade-up-T1000-k0.75-vwap-t1s05,C-fade-up-T1000-k0.75-vwap,t1s05,short,1005-1130,,910,30,0.0461,-0.0054,0.0251,0.39,-1.55,-0.0509,,0.33,-0.0199,0.0659,0.0404,0.56,479,14,0.0892,0.0352,0.0351,0.415,-0.1,-0.017,1.41,0.5,-0.0467,0.1359,0.1217,1.41,False,,,fade,,True,1000.0,0.75,vwap,,,,,,
C,C-follow-up-T1000-k0.75-vwap-t1s1,C-follow-up-T1000-k0.75-vwap,t1s1,long,1005-1130,,910,30,-0.1558,-0.2034,0.033,0.419,-2.42,-0.2376,,0.33,-0.0709,-0.0849,-0.0352,0.07,479,14,-0.1146,-0.1658,0.0462,0.449,-2.35,-0.1916,,0.29,-0.0647,-0.0499,-0.0715,0.01,False,,,follow,,True,1000.0,0.75,vwap,,,,,,
C,C-follow-up-T1000-k0.75-vwap-t05s1,C-follow-up-T1000-k0.75-vwap,t05s1,long,1005-1130,,910,30,-0.1351,-0.1779,0.0251,0.601,-4.23,-0.2011,,0.23,-0.0727,-0.0624,-0.0363,-0.75,479,14,-0.1806,-0.2273,0.035,0.572,-3.97,-0.2604,,0.07,-0.0619,-0.1187,-0.1044,-1.09,False,,,follow,,True,1000.0,0.75,vwap,,,,,,
C,C-follow-up-T1000-k0.75-vwap-t1s05,C-follow-up-T1000-k0.75-vwap,t1s05,long,1005-1130,,910,30,-0.115,-0.1693,0.0229,0.277,-4.04,-0.178,,0.23,-0.0513,-0.0637,-0.0408,-0.64,479,14,-0.0959,-0.1552,0.0326,0.296,-3.78,-0.1839,,0.07,-0.043,-0.053,-0.0464,-0.84,False,,,follow,,True,1000.0,0.75,vwap,,,,,,
C,C-fade-up-T1000-k1.0-none-t1s1,C-fade-up-T1000-k1.0-none,t1s1,short,1005-1130,,553,30,0.0703,0.0221,0.0434,0.552,0.34,-0.0284,2.19,0.57,-0.0214,0.0917,0.0525,0.79,203,14,0.0405,-0.011,0.072,0.537,-0.52,-0.0388,,0.5,-0.0435,0.084,0.0599,0.35,False,,,fade,,True,1000.0,1.0,none,,,,,,
C,C-fade-up-T1000-k1.0-none-t05s1,C-fade-up-T1000-k1.0-none,t05s1,short,1005-1130,,553,30,0.0172,-0.0241,0.0302,0.705,-0.23,-0.051,,0.47,-0.0412,0.0584,0.0384,1.25,203,14,0.0184,-0.024,0.0498,0.709,-0.77,-0.0453,,0.43,-0.0654,0.0838,0.0437,0.53,False,,,fade,,True,1000.0,1.0,none,,,,,,
C,C-fade-up-T1000-k1.0-none-t1s05,C-fade-up-T1000-k1.0-none,t1s05,short,1005-1130,,553,30,0.0159,-0.0401,0.0321,0.373,-0.35,-0.0738,,0.5,-0.0199,0.0357,0.0397,1.09,203,14,0.1021,0.0464,0.0543,0.429,-0.48,0.0065,0.88,0.5,-0.0467,0.1488,0.1027,0.37,False,,,fade,,True,1000.0,1.0,none,,,,,,
C,C-follow-up-T1000-k1.0-none-t1s1,C-follow-up-T1000-k1.0-none,t1s1,long,1005-1130,,553,30,-0.1597,-0.2104,0.0431,0.438,-3.01,-0.2481,,0.27,-0.0709,-0.0888,-0.0493,-0.78,203,14,-0.1318,-0.1819,0.0709,0.448,-2.19,-0.2256,,0.29,-0.0647,-0.0671,-0.0433,-0.1,False,,,follow,,True,1000.0,1.0,none,,,,,,
C,C-follow-up-T1000-k1.0-none-t05s1,C-follow-up-T1000-k1.0-none,t05s1,long,1005-1130,,553,30,-0.1152,-0.1588,0.032,0.618,-3.71,-0.1854,,0.27,-0.0727,-0.0426,-0.0454,-1.33,203,14,-0.2155,-0.2622,0.0537,0.547,-2.5,-0.2835,,0.14,-0.0619,-0.1536,-0.1073,-0.44,False,,,follow,,True,1000.0,1.0,none,,,,,,
C,C-follow-up-T1000-k1.0-none-t1s05,C-follow-up-T1000-k1.0-none,t1s05,long,1005-1130,,553,30,-0.1139,-0.172,0.0298,0.284,-4.77,-0.197,,0.2,-0.0513,-0.0626,-0.0417,-1.35,203,14,-0.1097,-0.1692,0.0496,0.291,-2.38,-0.1914,,0.21,-0.043,-0.0667,-0.0268,-0.14,False,,,follow,,True,1000.0,1.0,none,,,,,,
C,C-fade-up-T1000-k1.0-pb0.1-t1s1,C-fade-up-T1000-k1.0-pb0.1,t1s1,short,1005-1130,,509,30,0.0808,0.0331,0.0452,0.556,0.2,-0.0194,1.54,0.53,-0.0214,0.1023,0.0618,0.68,195,14,0.0825,0.0328,0.0731,0.559,0.23,0.0008,0.98,0.5,-0.0435,0.126,0.1028,1.13,False,,,fade,,True,1000.0,1.0,pb0.1,,,,,,
C,C-fade-up-T1000-k1.0-pb0.1-t05s1,C-fade-up-T1000-k1.0-pb0.1,t05s1,short,1005-1130,,509,30,0.0291,-0.0114,0.0312,0.713,-0.48,-0.0366,,0.47,-0.0412,0.0703,0.0499,0.94,195,14,0.0326,-0.0084,0.0501,0.718,-0.37,-0.0353,,0.43,-0.0654,0.098,0.058,1.06,False,,,fade,,True,1000.0,1.0,pb0.1,,,,,,
C,C-fade-up-T1000-k1.0-pb0.1-t1s05,C-fade-up-T1000-k1.0-pb0.1,t1s05,short,1005-1130,,509,30,0.0166,-0.0395,0.0336,0.373,-0.85,-0.0794,,0.5,-0.0199,0.0365,0.0381,0.56,195,14,0.1287,0.0747,0.0555,0.446,-0.05,0.0337,0.62,0.57,-0.0467,0.1754,0.1292,0.78,False,,,fade,,True,1000.0,1.0,pb0.1,,,,,,
C,C-follow-up-T1000-k1.0-pb0.1-t1s1,C-follow-up-T1000-k1.0-pb0.1,t1s1,long,1005-1130,,509,30,-0.1713,-0.2215,0.0447,0.428,-3.08,-0.2506,,0.3,-0.0709,-0.1004,-0.0597,-0.73,195,14,-0.1712,-0.2225,0.0723,0.431,-2.84,-0.2715,,0.21,-0.0647,-0.1065,-0.0836,-0.86,False,,,follow,,True,1000.0,1.0,pb0.1,,,,,,
C,C-follow-up-T1000-k1.0-pb0.1-t05s1,C-follow-up-T1000-k1.0-pb0.1,t05s1,long,1005-1130,,509,30,-0.1209,-0.164,0.0334,0.615,-3.82,-0.1844,,0.27,-0.0727,-0.0482,-0.0487,-1.16,195,14,-0.2405,-0.2882,0.0551,0.533,-2.77,-0.3034,,0.14,-0.0619,-0.1785,-0.1322,-0.8,False,,,follow,,True,1000.0,1.0,pb0.1,,,,,,
C,C-follow-up-T1000-k1.0-pb0.1-t1s05,C-follow-up-T1000-k1.0-pb0.1,t1s05,long,1005-1130,,509,30,-0.1274,-0.1854,0.0308,0.273,-4.81,-0.2005,,0.27,-0.0513,-0.0761,-0.0549,-1.18,195,14,-0.1213,-0.1816,0.0503,0.282,-2.86,-0.193,,0.21,-0.043,-0.0783,-0.0385,-0.59,False,,,follow,,True,1000.0,1.0,pb0.1,,,,,,
C,C-fade-up-T1000-k1.0-pb0.25-t1s1,C-fade-up-T1000-k1.0-pb0.25,t1s1,short,1005-1130,,428,30,0.0565,0.009,0.0491,0.54,0.45,-0.0413,5.21,0.6,-0.0214,0.078,0.0271,0.91,173,14,0.0476,-0.0026,0.0778,0.543,0.33,-0.029,,0.64,-0.0435,0.0911,0.0844,1.56,False,,,fade,,True,1000.0,1.0,pb0.25,,,,,,
C,C-fade-up-T1000-k1.0-pb0.25-t05s1,C-fade-up-T1000-k1.0-pb0.25,t05s1,short,1005-1130,,428,30,0.0251,-0.0156,0.0341,0.71,-0.62,-0.0361,,0.57,-0.0412,0.0663,0.0422,0.49,173,14,0.0607,0.019,0.0523,0.734,0.31,-0.0097,1.48,0.43,-0.0654,0.1261,0.1005,2.39,False,,,fade,,True,1000.0,1.0,pb0.25,,,,,,
C,C-fade-up-T1000-k1.0-pb0.25-t1s05,C-fade-up-T1000-k1.0-pb0.25,t1s05,short,1005-1130,,428,30,0.038,-0.0174,0.0368,0.386,0.21,-0.0546,,0.5,-0.0199,0.0578,0.0437,1.31,173,14,0.0534,-0.0027,0.0581,0.399,-0.99,-0.0498,,0.36,-0.0467,0.1001,0.0636,-0.09,False,,,fade,,True,1000.0,1.0,pb0.25,,,,,,
C,C-follow-up-T1000-k1.0-pb0.25-t1s1,C-follow-up-T1000-k1.0-pb0.25,t1s1,long,1005-1130,,428,30,-0.1473,-0.1965,0.0487,0.437,-2.99,-0.2177,,0.3,-0.0709,-0.0764,-0.0254,-1.05,173,14,-0.1373,-0.189,0.0773,0.445,-3.43,-0.2194,,0.21,-0.0647,-0.0726,-0.0663,-1.38,False,,,follow,,True,1000.0,1.0,pb0.25,,,,,,
C,C-follow-up-T1000-k1.0-pb0.25-t05s1,C-follow-up-T1000-k1.0-pb0.25,t05s1,long,1005-1130,,428,30,-0.1451,-0.1888,0.0366,0.598,-4.01,-0.2044,,0.2,-0.0727,-0.0724,-0.0572,-1.89,173,14,-0.1778,-0.2245,0.0582,0.578,-2.1,-0.2364,,0.29,-0.0619,-0.1159,-0.0791,-0.12,False,,,follow,,True,1000.0,1.0,pb0.25,,,,,,
C,C-follow-up-T1000-k1.0-pb0.25-t1s05,C-follow-up-T1000-k1.0-pb0.25,t1s05,long,1005-1130,,428,30,-0.1182,-0.1759,0.0339,0.28,-3.32,-0.194,,0.2,-0.0513,-0.0669,-0.0422,-0.77,173,14,-0.1503,-0.2108,0.0519,0.26,-4.25,-0.2275,,0.14,-0.043,-0.1074,-0.082,-2.0,False,,,follow,,True,1000.0,1.0,pb0.25,,,,,,
C,C-fade-up-T1000-k1.0-pb0.5-t1s1,C-fade-up-T1000-k1.0-pb0.5,t1s1,short,1005-1130,,303,29,0.0479,0.0009,0.0586,0.541,-0.32,-0.0571,59.88,0.45,-0.0214,0.0693,0.0091,0.23,123,14,-0.0078,-0.0596,0.0922,0.496,-0.94,-0.1736,,0.43,-0.0435,0.0357,0.0534,-0.01,False,,,fade,,True,1000.0,1.0,pb0.5,,,,,,
C,C-fade-up-T1000-k1.0-pb0.5-t05s1,C-fade-up-T1000-k1.0-pb0.5,t05s1,short,1005-1130,,303,29,-0.0063,-0.047,0.0412,0.69,-1.3,-0.076,,0.48,-0.0412,0.035,-0.0069,-0.39,123,14,-0.0447,-0.0889,0.0664,0.667,-1.13,-0.1476,,0.29,-0.0654,0.0207,0.0186,0.38,False,,,fade,,True,1000.0,1.0,pb0.5,,,,,,
C,C-fade-up-T1000-k1.0-pb0.5-t1s05,C-fade-up-T1000-k1.0-pb0.5,t1s05,short,1005-1130,,303,29,0.0443,-0.0084,0.0435,0.389,-0.09,-0.0409,,0.41,-0.0199,0.0642,0.0398,0.99,123,14,0.0245,-0.0321,0.068,0.374,-1.11,-0.1058,,0.36,-0.0467,0.0712,0.0575,0.05,False,,,fade,,True,1000.0,1.0,pb0.5,,,,,,
C,C-follow-up-T1000-k1.0-pb0.5-t1s1,C-follow-up-T1000-k1.0-pb0.5,t1s1,long,1005-1130,,303,29,-0.1391,-0.1881,0.0583,0.446,-1.79,-0.2145,,0.34,-0.0709,-0.0682,-0.0078,-0.24,123,14,-0.0815,-0.1315,0.0912,0.472,-0.7,-0.1671,,0.43,-0.0647,-0.0169,-0.0348,0.23,False,,,follow,,True,1000.0,1.0,pb0.5,,,,,,
C,C-follow-up-T1000-k1.0-pb0.5-t05s1,C-follow-up-T1000-k1.0-pb0.5,t05s1,long,1005-1130,,303,29,-0.1487,-0.1927,0.0437,0.594,-2.86,-0.2209,,0.41,-0.0727,-0.0761,-0.0509,-1.22,123,14,-0.126,-0.1719,0.0681,0.61,-1.31,-0.1928,,0.36,-0.0619,-0.0641,-0.0502,0.08,False,,,follow,,True,1000.0,1.0,pb0.5,,,,,,
C,C-follow-up-T1000-k1.0-pb0.5-t1s05,C-follow-up-T1000-k1.0-pb0.5,t1s05,long,1005-1130,,303,29,-0.0882,-0.1443,0.041,0.3,-1.9,-0.166,,0.34,-0.0513,-0.0369,0.0053,0.27,123,14,-0.0447,-0.1028,0.0662,0.333,-1.23,-0.1499,,0.43,-0.043,-0.0017,0.0003,-0.07,False,,,follow,,True,1000.0,1.0,pb0.5,,,,,,
C,C-fade-up-T1000-k1.0-rsi3x-t1s1,C-fade-up-T1000-k1.0-rsi3x,t1s1,short,1005-1130,,444,30,0.0714,0.0223,0.0485,0.55,-1.19,-0.0272,2.12,0.47,-0.0214,0.0928,0.0574,-0.51,178,14,0.0108,-0.0417,0.0771,0.522,-0.63,-0.0735,,0.43,-0.0435,0.0543,0.0563,0.47,False,,,fade,,True,1000.0,1.0,rsi3x,,,,,,
C,C-fade-up-T1000-k1.0-rsi3x-t05s1,C-fade-up-T1000-k1.0-rsi3x,t05s1,short,1005-1130,,444,30,-0.0159,-0.0587,0.0344,0.682,-1.3,-0.0834,,0.4,-0.0412,0.0253,0.0109,0.01,178,14,-0.0003,-0.0452,0.0544,0.697,-1.1,-0.0683,,0.57,-0.0654,0.0651,0.0486,0.53,False,,,fade,,True,1000.0,1.0,rsi3x,,,,,,
C,C-fade-up-T1000-k1.0-rsi3x-t1s05,C-fade-up-T1000-k1.0-rsi3x,t1s05,short,1005-1130,,444,30,0.0295,-0.0283,0.0364,0.383,-1.51,-0.0674,,0.4,-0.0199,0.0493,0.0445,-0.02,178,14,0.0488,-0.0084,0.0573,0.393,-0.92,-0.0617,,0.36,-0.0467,0.0955,0.0655,0.16,False,,,fade,,True,1000.0,1.0,rsi3x,,,,,,
C,C-follow-up-T1000-k1.0-rsi3x-t1s1,C-follow-up-T1000-k1.0-rsi3x,t1s1,long,1005-1130,,444,30,-0.1701,-0.2197,0.0477,0.426,-1.73,-0.2385,,0.3,-0.0709,-0.0992,-0.0636,0.19,178,14,-0.1013,-0.1508,0.0759,0.461,-1.57,-0.1965,,0.29,-0.0647,-0.0366,-0.0389,-0.23,False,,,follow,,True,1000.0,1.0,rsi3x,,,,,,
C,C-follow-up-T1000-k1.0-rsi3x-t05s1,C-follow-up-T1000-k1.0-rsi3x,t05s1,long,1005-1130,,444,30,-0.1327,-0.1754,0.0357,0.608,-2.91,-0.1931,,0.37,-0.0727,-0.06,-0.0543,-0.52,178,14,-0.1646,-0.2103,0.0569,0.584,-2.02,-0.2252,,0.21,-0.0619,-0.1027,-0.0726,-0.28,False,,,follow,,True,1000.0,1.0,rsi3x,,,,,,
C,C-follow-up-T1000-k1.0-rsi3x-t1s05,C-follow-up-T1000-k1.0-rsi3x,t1s05,long,1005-1130,,444,30,-0.0873,-0.1453,0.034,0.3,-3.48,-0.1609,,0.27,-0.0513,-0.036,-0.021,-0.76,178,14,-0.0902,-0.1477,0.0532,0.303,-1.87,-0.1743,,0.36,-0.043,-0.0472,-0.0308,-0.2,False,,,follow,,True,1000.0,1.0,rsi3x,,,,,,
C,C-fade-up-T1000-k1.0-vwap-t1s1,C-fade-up-T1000-k1.0-vwap,t1s1,short,1005-1130,,351,30,0.0172,-0.0327,0.0545,0.516,-1.35,-0.0837,,0.47,-0.0214,0.0387,-0.0203,-0.64,145,14,-0.0678,-0.1214,0.0853,0.483,-0.92,-0.1866,,0.5,-0.0435,-0.0243,-0.0193,-0.07,False,,,fade,,True,1000.0,1.0,vwap,,,,,,
C,C-fade-up-T1000-k1.0-vwap-t05s1,C-fade-up-T1000-k1.0-vwap,t05s1,short,1005-1130,,351,30,0.0073,-0.036,0.0386,0.698,-1.24,-0.0541,,0.47,-0.0412,0.0486,0.0177,-0.01,145,14,-0.0989,-0.1447,0.0623,0.628,-2.09,-0.1654,,0.21,-0.0654,-0.0335,-0.0501,-0.88,False,,,fade,,True,1000.0,1.0,vwap,,,,,,
C,C-fade-up-T1000-k1.0-vwap-t1s05,C-fade-up-T1000-k1.0-vwap,t1s05,short,1005-1130,,351,30,0.006,-0.0489,0.0401,0.365,-1.42,-0.0728,,0.37,-0.0199,0.0258,-0.0026,0.06,145,14,0.0032,-0.0549,0.0625,0.366,-1.14,-0.1128,,0.36,-0.0467,0.0498,0.0261,-0.08,False,,,fade,,True,1000.0,1.0,vwap,,,,,,
C,C-follow-up-T1000-k1.0-vwap-t1s1,C-follow-up-T1000-k1.0-vwap,t1s1,long,1005-1130,,351,30,-0.1082,-0.1558,0.0536,0.45,-1.36,-0.1973,,0.33,-0.0709,-0.0373,0.0217,0.28,145,14,-0.0224,-0.0713,0.0845,0.503,-1.0,-0.1179,,0.5,-0.0647,0.0423,0.0372,0.32,False,,,follow,,True,1000.0,1.0,vwap,,,,,,
C,C-follow-up-T1000-k1.0-vwap-t05s1,C-follow-up-T1000-k1.0-vwap,t05s1,long,1005-1130,,351,30,-0.1041,-0.1473,0.04,0.624,-2.63,-0.1722,,0.37,-0.0727,-0.0315,-0.0023,-0.56,145,14,-0.1037,-0.1484,0.0624,0.628,-1.55,-0.1787,,0.43,-0.0619,-0.0418,-0.018,0.25,False,,,follow,,True,1000.0,1.0,vwap,,,,,,
C,C-follow-up-T1000-k1.0-vwap-t1s05,C-follow-up-T1000-k1.0-vwap,t1s05,long,1005-1130,,351,30,-0.1098,-0.1654,0.0373,0.288,-2.99,-0.1805,,0.2,-0.0513,-0.0585,-0.0272,-0.78,145,14,-0.0016,-0.0588,0.062,0.359,-0.95,-0.0875,,0.36,-0.043,0.0414,0.058,1.2,False,,,follow,,True,1000.0,1.0,vwap,,,,,,
C,C-fade-up-T1000-k1.5-none-t1s1,C-fade-up-T1000-k1.5-none,t1s1,short,1005-1130,,125,25,-0.0823,-0.1371,0.0933,0.48,-1.66,-0.1735,,0.4,-0.0214,-0.0609,-0.1133,-1.35,36,12,0.0676,0.0112,0.1759,0.556,-0.23,-0.0737,6.65,0.58,-0.0435,0.1111,0.0504,0.04,False,,,fade,,True,1000.0,1.5,none,,,,,,
C,C-fade-up-T1000-k1.5-none-t05s1,C-fade-up-T1000-k1.5-none,t05s1,short,1005-1130,,125,25,-0.0583,-0.1043,0.0673,0.656,-1.44,-0.1311,,0.36,-0.0412,-0.0171,-0.0511,-0.9,36,12,-0.0019,-0.05,0.1235,0.694,0.4,-0.0947,,0.67,-0.0654,0.0635,0.0035,0.88,False,,,fade,,True,1000.0,1.5,none,,,,,,
C,C-fade-up-T1000-k1.5-none-t1s05,C-fade-up-T1000-k1.5-none,t1s05,short,1005-1130,,125,25,-0.0503,-0.1092,0.0663,0.328,-1.06,-0.1347,,0.36,-0.0199,-0.0305,-0.0395,-0.36,36,12,0.1231,0.064,0.1327,0.444,-0.05,-0.0285,1.38,0.5,-0.0467,0.1698,0.1032,0.27,False,,,fade,,True,1000.0,1.5,none,,,,,,
C,C-follow-up-T1000-k1.5-none-t1s1,C-follow-up-T1000-k1.5-none,t1s1,long,1005-1130,,125,25,-0.0183,-0.0634,0.0909,0.512,0.22,-0.1128,,0.44,-0.0709,0.0526,0.1048,1.31,36,12,-0.1547,-0.2025,0.168,0.444,-0.71,-0.383,,0.33,-0.0647,-0.09,-0.03,0.01,False,,,follow,,True,1000.0,1.5,none,,,,,,
C,C-follow-up-T1000-k1.5-none-t05s1,C-follow-up-T1000-k1.5-none,t05s1,long,1005-1130,,125,25,-0.0703,-0.1116,0.0659,0.648,-1.03,-0.1436,,0.4,-0.0727,0.0023,0.0122,0.18,36,12,-0.2519,-0.2974,0.1272,0.528,-1.51,-0.4127,,0.42,-0.0619,-0.19,-0.1231,-0.55,False,,,follow,,True,1000.0,1.5,none,,,,,,
C,C-follow-up-T1000-k1.5-none-t1s05,C-follow-up-T1000-k1.5-none,t1s05,long,1005-1130,,125,25,-0.0623,-0.1166,0.0645,0.32,-0.64,-0.1353,,0.4,-0.0513,-0.011,0.0234,0.73,36,12,-0.0852,-0.1412,0.1182,0.306,-1.94,-0.3119,,0.17,-0.043,-0.0423,0.0172,-0.8,False,,,follow,,True,1000.0,1.5,none,,,,,,
C,C-fade-up-T1000-k1.5-pb0.1-t1s1,C-fade-up-T1000-k1.5-pb0.1,t1s1,short,1005-1130,,116,24,-0.0433,-0.0979,0.0971,0.5,-1.36,-0.1351,,0.42,-0.0214,-0.0219,-0.0729,-1.04,35,12,0.0991,0.0429,0.178,0.571,-0.08,-0.072,2.49,0.58,-0.0435,0.1426,0.0903,0.18,False,,,fade,,True,1000.0,1.5,pb0.1,,,,,,
C,C-fade-up-T1000-k1.5-pb0.1-t05s1,C-fade-up-T1000-k1.5-pb0.1,t05s1,short,1005-1130,,116,24,-0.0217,-0.0669,0.0687,0.681,-1.5,-0.0939,,0.38,-0.0412,0.0195,-0.012,-0.95,35,12,0.0277,-0.0201,0.1233,0.714,0.57,-0.0786,,0.67,-0.0654,0.0931,0.0362,1.06,False,,,fade,,True,1000.0,1.5,pb0.1,,,,,,
C,C-fade-up-T1000-k1.5-pb0.1-t1s05,C-fade-up-T1000-k1.5-pb0.1,t1s05,short,1005-1130,,116,24,-0.039,-0.0985,0.0694,0.336,-1.34,-0.1258,,0.38,-0.0199,-0.0191,-0.0269,-0.61,35,12,0.142,0.0829,0.1352,0.457,0.1,-0.0268,1.29,0.5,-0.0467,0.1886,0.1277,0.4,False,,,fade,,True,1000.0,1.5,pb0.1,,,,,,
C,C-follow-up-T1000-k1.5-pb0.1-t1s1,C-follow-up-T1000-k1.5-pb0.1,t1s1,long,1005-1130,,116,24,-0.0605,-0.1066,0.0944,0.491,-0.12,-0.1444,,0.42,-0.0709,0.0104,0.0613,0.99,35,12,-0.1866,-0.2351,0.1696,0.429,-0.83,-0.4271,,0.33,-0.0647,-0.1219,-0.0703,-0.13,False,,,follow,,True,1000.0,1.5,pb0.1,,,,,,
C,C-follow-up-T1000-k1.5-pb0.1-t05s1,C-follow-up-T1000-k1.5-pb0.1,t05s1,long,1005-1130,,116,24,-0.0864,-0.1279,0.0688,0.638,-0.91,-0.174,,0.42,-0.0727,-0.0137,-0.005,0.37,35,12,-0.2723,-0.3185,0.1291,0.514,-1.58,-0.4411,,0.42,-0.0619,-0.2104,-0.1492,-0.67,False,,,follow,,True,1000.0,1.5,pb0.1,,,,,,
C,C-follow-up-T1000-k1.5-pb0.1-t1s05,C-follow-up-T1000-k1.5-pb0.1,t1s05,long,1005-1130,,116,24,-0.1036,-0.1596,0.0654,0.293,-0.59,-0.1695,,0.38,-0.0513,-0.0524,-0.0204,0.74,35,12,-0.1152,-0.1721,0.1174,0.286,-2.08,-0.3536,,0.17,-0.043,-0.0722,-0.0158,-0.98,False,,,follow,,True,1000.0,1.5,pb0.1,,,,,,
C,C-fade-up-T1000-k1.5-pb0.25-t1s1,C-fade-up-T1000-k1.5-pb0.25,t1s1,short,1005-1130,,97,23,0.0096,-0.0423,0.1056,0.526,-1.09,-0.0733,,0.43,-0.0214,0.031,-0.031,-0.79,33,12,0.1695,0.1153,0.1812,0.606,-0.08,0.0025,0.98,0.58,-0.0435,0.213,0.1941,0.25,False,,,fade,,True,1000.0,1.5,pb0.25,,,,,,
C,C-fade-up-T1000-k1.5-pb0.25-t05s1,C-fade-up-T1000-k1.5-pb0.25,t05s1,short,1005-1130,,97,23,-0.0059,-0.0514,0.0748,0.691,-1.18,-0.0781,,0.48,-0.0412,0.0353,0.0006,-0.65,33,12,0.0938,0.0485,0.1206,0.758,0.58,-0.0046,1.08,0.67,-0.0654,0.1592,0.1357,1.2,False,,,fade,,True,1000.0,1.5,pb0.25,,,,,,
C,C-fade-up-T1000-k1.5-pb0.25-t1s05,C-fade-up-T1000-k1.5-pb0.25,t1s05,short,1005-1130,,97,23,-0.0317,-0.089,0.0755,0.34,-1.3,-0.1215,,0.48,-0.0199,-0.0118,-0.0321,-0.6,33,12,0.0938,0.0345,0.1377,0.424,-0.67,-0.0894,3.28,0.42,-0.0467,0.1404,0.101,-0.24,False,,,fade,,True,1000.0,1.5,pb0.25,,,,,,
C,C-follow-up-T1000-k1.5-pb0.25-t1s1,C-follow-up-T1000-k1.5-pb0.25,t1s1,long,1005-1130,,97,23,-0.1141,-0.1617,0.1033,0.464,-0.46,-0.1838,,0.43,-0.0709,-0.0432,0.0189,0.61,33,12,-0.2547,-0.3046,0.1726,0.394,-0.83,-0.4271,,0.33,-0.0647,-0.19,-0.1716,-0.2,False,,,follow,,True,1000.0,1.5,pb0.25,,,,,,
C,C-follow-up-T1000-k1.5-pb0.25-t05s1,C-follow-up-T1000-k1.5-pb0.25,t05s1,long,1005-1130,,97,23,-0.0987,-0.1412,0.0761,0.629,-1.19,-0.1769,,0.43,-0.0727,-0.026,-0.0045,0.1,33,12,-0.2699,-0.3158,0.1329,0.515,-1.36,-0.3897,,0.42,-0.0619,-0.2079,-0.1683,-0.42,False,,,follow,,True,1000.0,1.5,pb0.25,,,,,,
C,C-follow-up-T1000-k1.5-pb0.25-t1s05,C-follow-up-T1000-k1.5-pb0.25,t1s05,long,1005-1130,,97,23,-0.109,-0.1633,0.0708,0.289,-0.98,-0.1942,,0.39,-0.0513,-0.0577,-0.0224,0.31,33,12,-0.179,-0.2378,0.1147,0.242,-2.08,-0.3536,,0.17,-0.043,-0.136,-0.113,-1.11,False,,,follow,,True,1000.0,1.5,pb0.25,,,,,,
C,C-fade-up-T1000-k1.5-pb0.5-t1s1,C-fade-up-T1000-k1.5-pb0.5,t1s1,short,1005-1130,,82,20,-0.0104,-0.0561,0.1132,0.512,-0.63,-0.12,,0.4,-0.0214,0.0111,-0.0639,-0.51,26,11,0.0412,-0.0061,0.204,0.538,-1.01,-0.1355,,0.36,-0.0435,0.0847,0.1059,-0.55,False,,,fade,,True,1000.0,1.5,pb0.5,,,,,,
C,C-fade-up-T1000-k1.5-pb0.5-t05s1,C-fade-up-T1000-k1.5-pb0.5,t05s1,short,1005-1130,,82,20,0.0079,-0.0305,0.0782,0.695,-0.33,-0.0725,,0.45,-0.0412,0.0491,-0.0108,-0.12,26,11,0.0027,-0.0347,0.1396,0.692,-0.75,-0.1197,,0.45,-0.0654,0.0681,0.0716,-0.25,False,,,fade,,True,1000.0,1.5,pb0.5,,,,,,
C,C-fade-up-T1000-k1.5-pb0.5-t1s05,C-fade-up-T1000-k1.5-pb0.5,t1s05,short,1005-1130,,82,20,0.014,-0.0353,0.0818,0.366,-0.36,-0.1039,,0.35,-0.0199,0.0339,0.0024,0.08,26,11,0.0989,0.0493,0.1517,0.423,-0.96,-0.0907,2.48,0.45,-0.0467,0.1456,0.1418,-0.43,False,,,fade,,True,1000.0,1.5,pb0.5,,,,,,
C,C-follow-up-T1000-k1.5-pb0.5-t1s1,C-follow-up-T1000-k1.5-pb0.5,t1s1,long,1005-1130,,82,20,-0.0836,-0.1304,0.1131,0.476,-0.65,-0.1782,,0.35,-0.0709,-0.0126,0.0621,0.6,26,11,-0.1127,-0.1609,0.2024,0.462,0.27,-0.2546,,0.36,-0.0647,-0.048,-0.0694,0.69,False,,,follow,,True,1000.0,1.5,pb0.5,,,,,,
C,C-follow-up-T1000-k1.5-pb0.5-t05s1,C-follow-up-T1000-k1.5-pb0.5,t05s1,long,1005-1130,,82,20,-0.1384,-0.1822,0.0843,0.598,-1.77,-0.2367,,0.35,-0.0727,-0.0658,-0.0337,-0.38,26,11,-0.1704,-0.2163,0.1524,0.577,-0.11,-0.273,,0.55,-0.0619,-0.1084,-0.1041,0.62,False,,,follow,,True,1000.0,1.5,pb0.5,,,,,,
C,C-follow-up-T1000-k1.5-pb0.5-t1s05,C-follow-up-T1000-k1.5-pb0.5,t1s05,long,1005-1130,,82,20,-0.1141,-0.1687,0.0773,0.28,-1.77,-0.1916,,0.35,-0.0513,-0.0628,-0.0027,0.07,26,11,-0.0742,-0.1323,0.144,0.308,-0.26,-0.2236,,0.45,-0.043,-0.0312,-0.0347,0.41,False,,,follow,,True,1000.0,1.5,pb0.5,,,,,,
C,C-fade-up-T1000-k1.5-rsi3x-t1s1,C-fade-up-T1000-k1.5-rsi3x,t1s1,short,1005-1130,,96,22,0.1225,0.0668,0.1064,0.583,-0.34,0.0227,0.69,0.45,-0.0214,0.1439,0.0884,0.08,32,12,0.0823,0.0291,0.1848,0.562,0.22,-0.1,4.0,0.58,-0.0435,0.1258,0.1331,0.71,False,,,fade,,True,1000.0,1.5,rsi3x,,,,,,
C,C-fade-up-T1000-k1.5-rsi3x-t05s1,C-fade-up-T1000-k1.5-rsi3x,t05s1,short,1005-1130,,96,22,0.0147,-0.035,0.0759,0.708,-0.95,-0.0611,,0.5,-0.0412,0.0559,0.0222,-0.39,32,12,-0.0584,-0.1067,0.1337,0.656,-0.11,-0.1838,,0.58,-0.0654,0.0071,0.0145,0.76,False,,,fade,,True,1000.0,1.5,rsi3x,,,,,,
C,C-fade-up-T1000-k1.5-rsi3x-t1s05,C-fade-up-T1000-k1.5-rsi3x,t1s05,short,1005-1130,,96,22,0.1084,0.0479,0.0812,0.438,-0.33,-0.0033,1.06,0.5,-0.0199,0.1283,0.099,0.38,32,12,0.1604,0.1047,0.1404,0.469,0.46,-0.0136,1.11,0.67,-0.0467,0.2071,0.1958,1.1,False,,,fade,,True,1000.0,1.5,rsi3x,,,,,,
C,C-follow-up-T1000-k1.5-rsi3x-t1s1,C-follow-up-T1000-k1.5-rsi3x,t1s1,long,1005-1130,,96,22,-0.2389,-0.2885,0.101,0.396,-1.39,-0.3135,,0.32,-0.0709,-0.168,-0.1125,-0.4,32,12,-0.1677,-0.2197,0.1799,0.438,-0.99,-0.3838,,0.33,-0.0647,-0.1031,-0.1108,-0.66,False,,,follow,,True,1000.0,1.5,rsi3x,,,,,,
C,C-follow-up-T1000-k1.5-rsi3x-t05s1,C-follow-up-T1000-k1.5-rsi3x,t05s1,long,1005-1130,,96,22,-0.2353,-0.2809,0.0781,0.542,-2.21,-0.2951,,0.32,-0.0727,-0.1626,-0.1325,-1.01,32,12,-0.2927,-0.3428,0.1366,0.5,-1.89,-0.453,,0.33,-0.0619,-0.2308,-0.2193,-1.31,False,,,follow,,True,1000.0,1.5,rsi3x,,,,,,
C,C-follow-up-T1000-k1.5-rsi3x-t1s05,C-follow-up-T1000-k1.5-rsi3x,t1s05,long,1005-1130,,96,22,-0.1416,-0.1979,0.0691,0.271,-1.33,-0.221,,0.32,-0.0513,-0.0903,-0.0561,-0.13,32,12,-0.0271,-0.0839,0.1305,0.344,-1.21,-0.2286,,0.33,-0.043,0.0159,0.0082,-0.67,False,,,follow,,True,1000.0,1.5,rsi3x,,,,,,
C,C-fade-up-T1000-k1.5-vwap-t1s1,C-fade-up-T1000-k1.5-vwap,t1s1,short,1005-1130,,74,20,-0.0845,-0.1308,0.1185,0.473,-1.6,-0.1785,,0.35,-0.0214,-0.0631,-0.1498,-1.64,25,11,0.004,-0.0449,0.2088,0.52,-0.77,-0.1906,,0.36,-0.0435,0.0475,0.0713,-0.32,False,,,fade,,True,1000.0,1.5,vwap,,,,,,
C,C-fade-up-T1000-k1.5-vwap-t05s1,C-fade-up-T1000-k1.5-vwap,t05s1,short,1005-1130,,74,20,-0.0216,-0.0605,0.0836,0.676,-1.28,-0.0968,,0.35,-0.0412,0.0196,-0.0356,-1.06,25,11,-0.076,-0.1162,0.1485,0.64,-0.97,-0.1611,,0.36,-0.0654,-0.0106,-0.0022,-0.26,False,,,fade,,True,1000.0,1.5,vwap,,,,,,
C,C-fade-up-T1000-k1.5-vwap-t1s05,C-fade-up-T1000-k1.5-vwap,t1s05,short,1005-1130,,74,20,-0.0487,-0.0998,0.0839,0.324,-1.0,-0.1446,,0.3,-0.0199,-0.0288,-0.0771,-0.68,25,11,0.004,-0.0492,0.151,0.36,-1.75,-0.2209,,0.36,-0.0467,0.0507,0.0551,-1.02,False,,,fade,,True,1000.0,1.5,vwap,,,,,,
C,C-follow-up-T1000-k1.5-vwap-t1s1,C-follow-up-T1000-k1.5-vwap,t1s1,long,1005-1130,,74,20,0.0142,-0.0317,0.1189,0.514,0.55,-0.059,,0.55,-0.0709,0.0851,0.1718,1.82,25,11,-0.076,-0.1232,0.207,0.48,0.06,-0.2178,,0.36,-0.0647,-0.0113,-0.0349,0.43,False,,,follow,,True,1000.0,1.5,vwap,,,,,,
C,C-follow-up-T1000-k1.5-vwap-t05s1,C-follow-up-T1000-k1.5-vwap,t05s1,long,1005-1130,,74,20,-0.0419,-0.0836,0.0857,0.662,-0.6,-0.1129,,0.4,-0.0727,0.0308,0.0797,0.84,25,11,-0.076,-0.119,0.1507,0.64,0.58,-0.1697,,0.64,-0.0619,-0.0141,-0.0184,1.22,False,,,follow,,True,1000.0,1.5,vwap,,,,,,
C,C-follow-up-T1000-k1.5-vwap-t1s05,C-follow-up-T1000-k1.5-vwap,t1s05,long,1005-1130,,74,20,-0.0892,-0.144,0.0831,0.297,-0.52,-0.1746,,0.4,-0.0513,-0.0379,0.0177,0.76,25,11,-0.056,-0.1141,0.1489,0.32,-0.55,-0.1598,,0.45,-0.043,-0.0131,-0.0211,0.22,False,,,follow,,True,1000.0,1.5,vwap,,,,,,
C,C-fade-up-T1010-k0.5-none-t1s1,C-fade-up-T1010-k0.5-none,t1s1,short,1015-1130,,5107,30,0.0114,-0.0334,0.0139,0.494,-1.02,-0.0711,,0.33,-0.0253,0.0367,0.0203,0.29,2602,14,-0.0537,-0.1056,0.0195,0.459,-1.91,-0.1371,,0.21,-0.0446,-0.0091,0.0331,0.68,False,,,fade,,True,1010.0,0.5,none,,,,,,
C,C-fade-up-T1010-k0.5-none-t05s1,C-fade-up-T1010-k0.5-none,t05s1,short,1015-1130,,5107,30,-0.0393,-0.0791,0.0101,0.662,-2.45,-0.0975,,0.33,-0.0443,0.005,0.0095,0.17,2602,14,-0.0461,-0.0914,0.0143,0.663,-2.3,-0.1207,,0.29,-0.0671,0.021,0.049,1.27,False,,,fade,,True,1010.0,0.5,none,,,,,,
C,C-fade-up-T1010-k0.5-none-t1s05,C-fade-up-T1010-k0.5-none,t1s05,short,1015-1130,,5107,30,-0.006,-0.0585,0.0103,0.35,-2.0,-0.0742,,0.3,-0.021,0.0149,0.0124,0.38,2602,14,-0.0236,-0.0835,0.0145,0.342,-1.87,-0.1098,,0.21,-0.0499,0.0264,0.0402,1.32,False,,,fade,,True,1010.0,0.5,none,,,,,,
C,C-follow-up-T1010-k0.5-none-t1s1,C-follow-up-T1010-k0.5-none,t1s1,long,1015-1130,,5107,30,-0.0955,-0.1426,0.0139,0.44,-2.25,-0.1636,,0.4,-0.0671,-0.0285,-0.0118,-0.1,2602,14,-0.0416,-0.0939,0.0196,0.468,-1.63,-0.1174,,0.43,-0.0636,0.022,-0.0206,-0.42,False,,,follow,,True,1010.0,0.5,none,,,,,,
C,C-follow-up-T1010-k0.5-none-t05s1,C-follow-up-T1010-k0.5-none,t05s1,long,1015-1130,,5107,30,-0.0793,-0.1204,0.0104,0.634,-3.11,-0.1344,,0.3,-0.0715,-0.0078,-0.0045,-0.17,2602,14,-0.0733,-0.1199,0.0145,0.641,-2.28,-0.1381,,0.29,-0.0586,-0.0147,-0.029,-1.02,False,,,follow,,True,1010.0,0.5,none,,,,,,
C,C-follow-up-T1010-k0.5-none-t1s05,C-follow-up-T1010-k0.5-none,t1s05,long,1015-1130,,5107,30,-0.0466,-0.1004,0.0102,0.325,-2.57,-0.1109,,0.37,-0.0482,0.0016,-0.0022,0.06,2602,14,-0.0496,-0.1109,0.0144,0.327,-2.26,-0.1251,,0.36,-0.0412,-0.0083,-0.0363,-0.96,False,,,follow,,True,1010.0,0.5,none,,,,,,
C,C-fade-up-T1010-k0.5-pb0.1-t1s1,C-fade-up-T1010-k0.5-pb0.1,t1s1,short,1015-1130,,4555,30,0.0183,-0.0261,0.0147,0.496,-0.95,-0.0665,,0.33,-0.0253,0.0436,0.022,0.33,2422,14,-0.0439,-0.0948,0.0202,0.464,-1.5,-0.1289,,0.29,-0.0446,0.0007,0.0468,1.02,False,,,fade,,True,1010.0,0.5,pb0.1,,,,,,
C,C-fade-up-T1010-k0.5-pb0.1-t05s1,C-fade-up-T1010-k0.5-pb0.1,t05s1,short,1015-1130,,4555,30,-0.0321,-0.0715,0.0107,0.668,-2.39,-0.092,,0.37,-0.0443,0.0122,0.012,0.25,2422,14,-0.0401,-0.0845,0.0148,0.666,-1.93,-0.1144,,0.29,-0.0671,0.0271,0.0568,1.54,False,,,fade,,True,1010.0,0.5,pb0.1,,,,,,
C,C-fade-up-T1010-k0.5-pb0.1-t1s05,C-fade-up-T1010-k0.5-pb0.1,t1s05,short,1015-1130,,4555,30,0.0041,-0.0477,0.011,0.357,-1.81,-0.0609,,0.3,-0.021,0.0251,0.0178,0.58,2422,14,-0.0206,-0.0794,0.015,0.345,-1.75,-0.1045,,0.29,-0.0499,0.0294,0.0461,1.53,False,,,fade,,True,1010.0,0.5,pb0.1,,,,,,
C,C-follow-up-T1010-k0.5-pb0.1-t1s1,C-follow-up-T1010-k0.5-pb0.1,t1s1,long,1015-1130,,4555,30,-0.1026,-0.1497,0.0148,0.438,-2.31,-0.1718,,0.33,-0.0671,-0.0356,-0.0138,-0.17,2422,14,-0.0499,-0.1022,0.0203,0.462,-1.72,-0.1311,,0.29,-0.0636,0.0137,-0.0329,-0.73,False,,,follow,,True,1010.0,0.5,pb0.1,,,,,,
C,C-follow-up-T1010-k0.5-pb0.1-t05s1,C-follow-up-T1010-k0.5-pb0.1,t05s1,long,1015-1130,,4555,30,-0.0898,-0.1311,0.011,0.627,-3.43,-0.1452,,0.27,-0.0715,-0.0183,-0.0103,-0.39,2422,14,-0.075,-0.1215,0.0151,0.641,-2.37,-0.1406,,0.29,-0.0586,-0.0163,-0.0335,-1.18,False,,,follow,,True,1010.0,0.5,pb0.1,,,,,,
C,C-follow-up-T1010-k0.5-pb0.1-t1s05,C-follow-up-T1010-k0.5-pb0.1,t1s05,long,1015-1130,,4555,30,-0.0538,-0.1077,0.0108,0.321,-2.68,-0.121,,0.37,-0.0482,-0.0057,-0.0048,-0.04,2422,14,-0.0542,-0.1153,0.0149,0.323,-2.24,-0.1396,,0.36,-0.0412,-0.013,-0.0427,-1.19,False,,,follow,,True,1010.0,0.5,pb0.1,,,,,,
C,C-fade-up-T1010-k0.5-pb0.25-t1s1,C-fade-up-T1010-k0.5-pb0.25,t1s1,short,1015-1130,,3620,30,0.0318,-0.012,0.0164,0.499,-0.88,-0.0593,,0.37,-0.0253,0.0572,0.0319,0.42,2019,14,-0.0489,-0.099,0.022,0.458,-1.96,-0.1269,,0.29,-0.0446,-0.0043,0.0495,0.89,False,,,fade,,True,1010.0,0.5,pb0.25,,,,,,
C,C-fade-up-T1010-k0.5-pb0.25-t05s1,C-fade-up-T1010-k0.5-pb0.25,t05s1,short,1015-1130,,3620,30,-0.0098,-0.0484,0.0118,0.682,-1.91,-0.0705,,0.4,-0.0443,0.0346,0.0276,0.68,2019,14,-0.0372,-0.0807,0.0161,0.666,-2.48,-0.0982,,0.29,-0.0671,0.03,0.0611,1.52,False,,,fade,,True,1010.0,0.5,pb0.25,,,,,,
C,C-fade-up-T1010-k0.5-pb0.25-t1s05,C-fade-up-T1010-k0.5-pb0.25,t1s05,short,1015-1130,,3620,30,0.0032,-0.0483,0.0123,0.356,-2.09,-0.0689,,0.43,-0.021,0.0242,0.0122,0.21,2019,14,-0.0298,-0.0875,0.0163,0.338,-2.43,-0.1096,,0.36,-0.0499,0.0201,0.0401,1.17,False,,,fade,,True,1010.0,0.5,pb0.25,,,,,,
C,C-follow-up-T1010-k0.5-pb0.25-t1s1,C-follow-up-T1010-k0.5-pb0.25,t1s1,long,1015-1130,,3620,30,-0.1168,-0.1645,0.0165,0.426,-2.31,-0.1835,,0.33,-0.0671,-0.0498,-0.0243,-0.28,2019,14,-0.0436,-0.0957,0.0222,0.463,-1.78,-0.1134,,0.36,-0.0636,0.02,-0.034,-0.55,False,,,follow,,True,1010.0,0.5,pb0.25,,,,,,
C,C-follow-up-T1010-k0.5-pb0.25-t05s1,C-follow-up-T1010-k0.5-pb0.25,t05s1,long,1015-1130,,3620,30,-0.0899,-0.1319,0.0124,0.627,-3.28,-0.1428,,0.33,-0.0715,-0.0184,-0.0058,-0.06,2019,14,-0.064,-0.1109,0.0165,0.648,-2.32,-0.1263,,0.21,-0.0586,-0.0053,-0.0255,-0.72,False,,,follow,,True,1010.0,0.5,pb0.25,,,,,,
C,C-follow-up-T1010-k0.5-pb0.25-t1s05,C-follow-up-T1010-k0.5-pb0.25,t1s05,long,1015-1130,,3620,30,-0.0773,-0.1322,0.0119,0.303,-2.99,-0.1473,,0.3,-0.0482,-0.0291,-0.0215,-0.53,2019,14,-0.0566,-0.1178,0.0163,0.32,-2.79,-0.1342,,0.29,-0.0412,-0.0153,-0.0462,-1.16,False,,,follow,,True,1010.0,0.5,pb0.25,,,,,,
C,C-fade-up-T1010-k0.5-pb0.5-t1s1,C-fade-up-T1010-k0.5-pb0.5,t1s1,short,1015-1130,,2039,30,-0.0244,-0.0699,0.0219,0.472,-2.53,-0.1392,,0.37,-0.0253,0.0009,-0.0137,-1.04,1252,14,-0.0472,-0.0997,0.0281,0.457,-1.61,-0.1246,,0.36,-0.0446,-0.0026,0.0683,1.26,False,,,fade,,True,1010.0,0.5,pb0.5,,,,,,
C,C-fade-up-T1010-k0.5-pb0.5-t05s1,C-fade-up-T1010-k0.5-pb0.5,t05s1,short,1015-1130,,2039,30,-0.0406,-0.0802,0.016,0.66,-3.36,-0.1154,,0.33,-0.0443,0.0037,-0.0031,-0.79,1252,14,-0.0559,-0.1015,0.0206,0.652,-3.15,-0.1196,,0.21,-0.0671,0.0113,0.0523,1.48,False,,,fade,,True,1010.0,0.5,pb0.5,,,,,,
C,C-fade-up-T1010-k0.5-pb0.5-t1s05,C-fade-up-T1010-k0.5-pb0.5,t1s05,short,1015-1130,,2039,30,-0.0315,-0.0856,0.0162,0.335,-3.83,-0.1236,,0.2,-0.021,-0.0105,-0.0171,-1.08,1252,14,-0.0382,-0.0996,0.0208,0.331,-2.42,-0.1216,,0.29,-0.0499,0.0117,0.0427,0.74,False,,,fade,,True,1010.0,0.5,pb0.5,,,,,,
C,C-follow-up-T1010-k0.5-pb0.5-t1s1,C-follow-up-T1010-k0.5-pb0.5,t1s1,long,1015-1130,,2039,30,-0.066,-0.1131,0.022,0.453,-0.84,-0.1353,,0.47,-0.0671,0.001,0.0157,1.07,1252,14,-0.0493,-0.1022,0.0281,0.458,-2.16,-0.1417,,0.21,-0.0636,0.0143,-0.0565,-1.03,False,,,follow,,True,1010.0,0.5,pb0.5,,,,,,
C,C-follow-up-T1010-k0.5-pb0.5-t05s1,C-follow-up-T1010-k0.5-pb0.5,t05s1,long,1015-1130,,2039,30,-0.0609,-0.1018,0.0163,0.647,-1.64,-0.1142,,0.37,-0.0715,0.0107,0.0176,1.06,1252,14,-0.0614,-0.1076,0.0208,0.651,-2.24,-0.1208,,0.36,-0.0586,-0.0028,-0.0337,-0.59,False,,,follow,,True,1010.0,0.5,pb0.5,,,,,,
C,C-follow-up-T1010-k0.5-pb0.5-t1s05,C-follow-up-T1010-k0.5-pb0.5,t1s05,long,1015-1130,,2039,30,-0.0525,-0.1079,0.0161,0.32,-1.7,-0.1231,,0.3,-0.0482,-0.0043,0.0029,0.77,1252,14,-0.045,-0.1067,0.0207,0.324,-2.91,-0.116,,0.36,-0.0412,-0.0038,-0.0444,-1.25,False,,,follow,,True,1010.0,0.5,pb0.5,,,,,,
C,C-fade-up-T1010-k0.5-rsi3x-t1s1,C-fade-up-T1010-k0.5-rsi3x,t1s1,short,1015-1130,,4150,30,0.0345,-0.0096,0.0153,0.499,-0.72,-0.0531,,0.4,-0.0253,0.0598,0.0342,0.47,2217,14,-0.039,-0.0895,0.021,0.461,-1.48,-0.1194,,0.21,-0.0446,0.0056,0.042,0.81,False,,,fade,,True,1010.0,0.5,rsi3x,,,,,,
C,C-fade-up-T1010-k0.5-rsi3x-t05s1,C-fade-up-T1010-k0.5-rsi3x,t05s1,short,1015-1130,,4150,30,-0.021,-0.0602,0.0111,0.674,-2.18,-0.0819,,0.37,-0.0443,0.0233,0.0162,0.19,2217,14,-0.0374,-0.0816,0.0154,0.666,-2.18,-0.1101,,0.21,-0.0671,0.0297,0.0473,1.11,False,,,fade,,True,1010.0,0.5,rsi3x,,,,,,
C,C-fade-up-T1010-k0.5-rsi3x-t1s05,C-fade-up-T1010-k0.5-rsi3x,t1s05,short,1015-1130,,4150,30,0.0164,-0.0353,0.0116,0.365,-1.42,-0.0529,,0.37,-0.021,0.0374,0.0237,0.78,2217,14,-0.0202,-0.0788,0.0157,0.344,-1.85,-0.0963,,0.29,-0.0499,0.0298,0.0377,1.16,False,,,fade,,True,1010.0,0.5,rsi3x,,,,,,
C,C-follow-up-T1010-k0.5-rsi3x-t1s1,C-follow-up-T1010-k0.5-rsi3x,t1s1,long,1015-1130,,4150,30,-0.119,-0.166,0.0154,0.425,-2.35,-0.1864,,0.37,-0.0671,-0.0519,-0.0262,-0.33,2217,14,-0.0541,-0.1061,0.0211,0.455,-1.86,-0.1356,,0.36,-0.0636,0.0095,-0.0272,-0.51,False,,,follow,,True,1010.0,0.5,rsi3x,,,,,,
C,C-follow-up-T1010-k0.5-rsi3x-t05s1,C-follow-up-T1010-k0.5-rsi3x,t05s1,long,1015-1130,,4150,30,-0.1013,-0.1428,0.0116,0.619,-3.59,-0.1536,,0.3,-0.0715,-0.0298,-0.0156,-0.54,2217,14,-0.0741,-0.1204,0.0157,0.64,-2.49,-0.1437,,0.21,-0.0586,-0.0154,-0.0237,-0.78,False,,,follow,,True,1010.0,0.5,rsi3x,,,,,,
C,C-follow-up-T1010-k0.5-rsi3x-t1s05,C-follow-up-T1010-k0.5-rsi3x,t1s05,long,1015-1130,,4150,30,-0.0657,-0.1198,0.0112,0.311,-2.67,-0.1305,,0.33,-0.0482,-0.0175,-0.0097,-0.03,2217,14,-0.0568,-0.1177,0.0155,0.32,-2.56,-0.1436,,0.29,-0.0412,-0.0156,-0.0331,-0.78,False,,,follow,,True,1010.0,0.5,rsi3x,,,,,,
C,C-fade-up-T1010-k0.5-vwap-t1s1,C-fade-up-T1010-k0.5-vwap,t1s1,short,1015-1130,,3461,30,0.0265,-0.0183,0.0168,0.491,-0.98,-0.0621,,0.4,-0.0253,0.0519,0.0294,0.41,1928,14,-0.0494,-0.1002,0.0225,0.453,-1.86,-0.1319,,0.21,-0.0446,-0.0048,0.0423,0.62,False,,,fade,,True,1010.0,0.5,vwap,,,,,,
C,C-fade-up-T1010-k0.5-vwap-t05s1,C-fade-up-T1010-k0.5-vwap,t05s1,short,1015-1130,,3461,30,-0.0147,-0.0542,0.0122,0.677,-2.21,-0.0741,,0.37,-0.0443,0.0296,0.0234,0.53,1928,14,-0.0461,-0.0908,0.0166,0.659,-2.64,-0.1101,,0.21,-0.0671,0.0211,0.0444,0.88,False,,,fade,,True,1010.0,0.5,vwap,,,,,,
C,C-fade-up-T1010-k0.5-vwap-t1s05,C-fade-up-T1010-k0.5-vwap,t1s05,short,1015-1130,,3461,30,0.0103,-0.0422,0.0126,0.359,-1.89,-0.0637,,0.37,-0.021,0.0312,0.0192,0.49,1928,14,-0.0321,-0.0909,0.0167,0.336,-2.58,-0.1134,,0.36,-0.0499,0.0178,0.0334,0.83,False,,,fade,,True,1010.0,0.5,vwap,,,,,,
C,C-follow-up-T1010-k0.5-vwap-t1s1,C-follow-up-T1010-k0.5-vwap,t1s1,long,1015-1130,,3461,30,-0.1124,-0.1593,0.0168,0.423,-2.24,-0.1796,,0.3,-0.0671,-0.0454,-0.0228,-0.29,1928,14,-0.0441,-0.0966,0.0226,0.457,-1.66,-0.1159,,0.36,-0.0636,0.0195,-0.0278,-0.32,False,,,follow,,True,1010.0,0.5,vwap,,,,,,
C,C-follow-up-T1010-k0.5-vwap-t05s1,C-follow-up-T1010-k0.5-vwap,t05s1,long,1015-1130,,3461,30,-0.0971,-0.1386,0.0126,0.621,-3.39,-0.1496,,0.3,-0.0715,-0.0256,-0.0131,-0.35,1928,14,-0.063,-0.1101,0.0169,0.648,-2.33,-0.1272,,0.21,-0.0586,-0.0044,-0.0202,-0.45,False,,,follow,,True,1010.0,0.5,vwap,,,,,,
C,C-follow-up-T1010-k0.5-vwap-t1s05,C-follow-up-T1010-k0.5-vwap,t1s05,long,1015-1130,,3461,30,-0.0739,-0.1285,0.0122,0.304,-3.04,-0.1443,,0.27,-0.0482,-0.0257,-0.019,-0.45,1928,14,-0.0491,-0.1101,0.0167,0.323,-2.34,-0.1315,,0.29,-0.0412,-0.0078,-0.031,-0.55,False,,,follow,,True,1010.0,0.5,vwap,,,,,,
C,C-fade-up-T1010-k0.75-none-t1s1,C-fade-up-T1010-k0.75-none,t1s1,short,1015-1130,,1772,30,0.0166,-0.0278,0.0238,0.507,-0.46,-0.077,,0.4,-0.0253,0.042,0.0209,0.73,842,14,0.0358,-0.0141,0.0348,0.519,-0.39,-0.047,,0.5,-0.0446,0.0804,0.1208,2.0,False,,,fade,,True,1010.0,0.75,none,,,,,,
C,C-fade-up-T1010-k0.75-none-t05s1,C-fade-up-T1010-k0.75-none,t05s1,short,1015-1130,,1772,30,-0.0441,-0.0837,0.0173,0.663,-1.9,-0.1098,,0.4,-0.0443,0.0002,0.0066,0.44,842,14,0.0115,-0.0321,0.0247,0.704,-1.04,-0.0576,,0.36,-0.0671,0.0787,0.1028,2.13,False,,,fade,,True,1010.0,0.75,none,,,,,,
C,C-fade-up-T1010-k0.75-none-t1s05,C-fade-up-T1010-k0.75-none,t1s05,short,1015-1130,,1772,30,-0.0105,-0.0617,0.0175,0.35,-1.37,-0.0813,,0.37,-0.021,0.0105,0.0043,0.88,842,14,0.0585,0.0017,0.0264,0.398,-0.12,-0.0292,17.12,0.5,-0.0499,0.1085,0.1164,2.66,False,,,fade,,True,1010.0,0.75,none,,,,,,
C,C-follow-up-T1010-k0.75-none-t1s1,C-follow-up-T1010-k0.75-none,t1s1,long,1015-1130,,1772,30,-0.0995,-0.1468,0.0239,0.448,-2.52,-0.1935,,0.37,-0.0671,-0.0325,-0.0113,-0.6,842,14,-0.1287,-0.1801,0.0346,0.438,-3.2,-0.2165,,0.29,-0.0636,-0.0651,-0.106,-1.88,False,,,follow,,True,1010.0,0.75,none,,,,,,
C,C-follow-up-T1010-k0.75-none-t05s1,C-follow-up-T1010-k0.75-none,t05s1,long,1015-1130,,1772,30,-0.0735,-0.1151,0.0177,0.641,-3.54,-0.1478,,0.3,-0.0715,-0.002,0.005,-0.69,842,14,-0.1544,-0.2005,0.0261,0.589,-3.58,-0.2145,,0.21,-0.0586,-0.0958,-0.1043,-2.52,False,,,follow,,True,1010.0,0.75,none,,,,,,
C,C-follow-up-T1010-k0.75-none-t1s05,C-follow-up-T1010-k0.75-none,t1s05,long,1015-1130,,1772,30,-0.0424,-0.0959,0.0174,0.329,-2.63,-0.1209,,0.33,-0.0482,0.0058,0.0002,-0.33,842,14,-0.1056,-0.165,0.0243,0.292,-3.2,-0.1771,,0.14,-0.0412,-0.0644,-0.0886,-2.0,False,,,follow,,True,1010.0,0.75,none,,,,,,
C,C-fade-up-T1010-k0.75-pb0.1-t1s1,C-fade-up-T1010-k0.75-pb0.1,t1s1,short,1015-1130,,1609,30,0.0176,-0.0265,0.025,0.508,-0.52,-0.0789,,0.47,-0.0253,0.0429,0.0144,0.63,786,14,0.0474,-0.0015,0.036,0.524,-0.14,-0.036,,0.5,-0.0446,0.092,0.137,2.34,False,,,fade,,True,1010.0,0.75,pb0.1,,,,,,
C,C-fade-up-T1010-k0.75-pb0.1-t05s1,C-fade-up-T1010-k0.75-pb0.1,t05s1,short,1015-1130,,1609,30,-0.0406,-0.0799,0.0181,0.666,-1.77,-0.1082,,0.47,-0.0443,0.0037,0.0032,0.54,786,14,0.0205,-0.0221,0.0253,0.71,-0.79,-0.0512,,0.36,-0.0671,0.0877,0.1143,2.59,False,,,fade,,True,1010.0,0.75,pb0.1,,,,,,
C,C-fade-up-T1010-k0.75-pb0.1-t1s05,C-fade-up-T1010-k0.75-pb0.1,t1s05,short,1015-1130,,1609,30,-0.0066,-0.0575,0.0184,0.352,-1.45,-0.0782,,0.4,-0.021,0.0143,0.0028,0.85,786,14,0.0647,0.0089,0.0273,0.402,0.02,-0.0217,3.29,0.5,-0.0499,0.1146,0.1258,2.88,False,,,fade,,True,1010.0,0.75,pb0.1,,,,,,
C,C-follow-up-T1010-k0.75-pb0.1-t1s1,C-follow-up-T1010-k0.75-pb0.1,t1s1,long,1015-1130,,1609,30,-0.1008,-0.1481,0.0251,0.449,-2.39,-0.1972,,0.4,-0.0671,-0.0337,-0.0052,-0.52,786,14,-0.1387,-0.1898,0.0358,0.433,-3.04,-0.2063,,0.29,-0.0636,-0.0751,-0.1205,-2.16,False,,,follow,,True,1010.0,0.75,pb0.1,,,,,,
C,C-follow-up-T1010-k0.75-pb0.1-t05s1,C-follow-up-T1010-k0.75-pb0.1,t05s1,long,1015-1130,,1609,30,-0.0778,-0.1194,0.0186,0.638,-3.64,-0.1528,,0.27,-0.0715,-0.0063,0.0059,-0.69,786,14,-0.1591,-0.2051,0.0271,0.587,-3.55,-0.2207,,0.21,-0.0586,-0.1005,-0.1121,-2.69,False,,,follow,,True,1010.0,0.75,pb0.1,,,,,,
C,C-follow-up-T1010-k0.75-pb0.1-t1s05,C-follow-up-T1010-k0.75-pb0.1,t1s05,long,1015-1130,,1609,30,-0.0466,-0.1,0.0182,0.328,-2.75,-0.1291,,0.37,-0.0482,0.0016,0.0027,-0.47,786,14,-0.1131,-0.1724,0.0251,0.288,-3.15,-0.1849,,0.29,-0.0412,-0.0719,-0.0985,-2.44,False,,,follow,,True,1010.0,0.75,pb0.1,,,,,,
C,C-fade-up-T1010-k0.75-pb0.25-t1s1,C-fade-up-T1010-k0.75-pb0.25,t1s1,short,1015-1130,,1325,30,0.0194,-0.0239,0.0274,0.505,-0.77,-0.0842,,0.37,-0.0253,0.0448,0.0097,0.35,683,14,0.013,-0.0341,0.0383,0.501,-0.8,-0.0599,,0.5,-0.0446,0.0576,0.1113,1.53,False,,,fade,,True,1010.0,0.75,pb0.25,,,,,,
C,C-fade-up-T1010-k0.75-pb0.25-t05s1,C-fade-up-T1010-k0.75-pb0.25,t05s1,short,1015-1130,,1325,30,-0.035,-0.074,0.0199,0.667,-1.84,-0.104,,0.43,-0.0443,0.0093,0.0009,0.27,683,14,0.0016,-0.0395,0.0272,0.693,-1.37,-0.0622,,0.36,-0.0671,0.0687,0.0976,1.85,False,,,fade,,True,1010.0,0.75,pb0.25,,,,,,
C,C-fade-up-T1010-k0.75-pb0.25-t1s05,C-fade-up-T1010-k0.75-pb0.25,t1s05,short,1015-1130,,1325,30,-0.0049,-0.0552,0.0202,0.353,-1.79,-0.0793,,0.4,-0.021,0.016,-0.0019,0.43,683,14,0.0336,-0.0202,0.0288,0.379,-0.83,-0.0613,,0.5,-0.0499,0.0835,0.1012,2.23,False,,,fade,,True,1010.0,0.75,pb0.25,,,,,,
C,C-follow-up-T1010-k0.75-pb0.25-t1s1,C-follow-up-T1010-k0.75-pb0.25,t1s1,long,1015-1130,,1325,30,-0.1027,-0.15,0.0276,0.443,-2.29,-0.1968,,0.33,-0.0671,-0.0356,-0.0005,-0.27,683,14,-0.1,-0.1499,0.0384,0.445,-2.37,-0.1726,,0.36,-0.0636,-0.0364,-0.0905,-1.23,False,,,follow,,True,1010.0,0.75,pb0.25,,,,,,
C,C-follow-up-T1010-k0.75-pb0.25-t05s1,C-follow-up-T1010-k0.75-pb0.25,t05s1,long,1015-1130,,1325,30,-0.0798,-0.1219,0.0205,0.637,-3.55,-0.1478,,0.23,-0.0715,-0.0083,0.0102,-0.32,683,14,-0.1243,-0.1696,0.0289,0.608,-3.43,-0.1827,,0.14,-0.0586,-0.0657,-0.0837,-1.9,False,,,follow,,True,1010.0,0.75,pb0.25,,,,,,
C,C-follow-up-T1010-k0.75-pb0.25-t1s05,C-follow-up-T1010-k0.75-pb0.25,t1s05,long,1015-1130,,1325,30,-0.0532,-0.1067,0.02,0.321,-2.45,-0.135,,0.37,-0.0482,-0.005,0.0039,-0.27,683,14,-0.0901,-0.148,0.0273,0.299,-2.87,-0.1657,,0.14,-0.0412,-0.0489,-0.0776,-1.48,False,,,follow,,True,1010.0,0.75,pb0.25,,,,,,
C,C-fade-up-T1010-k0.75-pb0.5-t1s1,C-fade-up-T1010-k0.75-pb0.5,t1s1,short,1015-1130,,815,30,-0.0202,-0.0656,0.0351,0.486,-2.37,-0.1445,,0.33,-0.0253,0.0051,-0.0267,-1.05,447,14,0.0594,0.012,0.047,0.519,0.05,-0.0244,2.85,0.5,-0.0446,0.104,0.1738,2.56,False,,,fade,,True,1010.0,0.75,pb0.5,,,,,,
C,C-fade-up-T1010-k0.75-pb0.5-t05s1,C-fade-up-T1010-k0.75-pb0.5,t05s1,short,1015-1130,,815,30,-0.0753,-0.1159,0.0258,0.637,-3.86,-0.16,,0.27,-0.0443,-0.031,-0.0461,-1.71,447,14,-0.0249,-0.068,0.0341,0.673,-1.98,-0.0919,,0.21,-0.0671,0.0423,0.0826,1.62,False,,,fade,,True,1010.0,0.75,pb0.5,,,,,,
C,C-fade-up-T1010-k0.75-pb0.5-t1s05,C-fade-up-T1010-k0.75-pb0.5,t1s05,short,1015-1130,,815,30,-0.0484,-0.102,0.0254,0.326,-3.41,-0.1492,,0.3,-0.021,-0.0274,-0.042,-1.2,447,14,0.0232,-0.0336,0.0357,0.374,-0.89,-0.066,,0.43,-0.0499,0.0731,0.1038,1.67,False,,,fade,,True,1010.0,0.75,pb0.5,,,,,,
C,C-follow-up-T1010-k0.75-pb0.5-t1s1,C-follow-up-T1010-k0.75-pb0.5,t1s1,long,1015-1130,,815,30,-0.0699,-0.1171,0.0351,0.461,-0.74,-0.1562,,0.5,-0.0671,-0.0029,0.0289,1.0,447,14,-0.1533,-0.2067,0.0473,0.418,-3.67,-0.2277,,0.14,-0.0636,-0.0897,-0.1595,-2.52,False,,,follow,,True,1010.0,0.75,pb0.5,,,,,,
C,C-follow-up-T1010-k0.75-pb0.5-t05s1,C-follow-up-T1010-k0.75-pb0.5,t05s1,long,1015-1130,,815,30,-0.046,-0.087,0.0257,0.659,-1.17,-0.1069,,0.43,-0.0715,0.0255,0.0405,1.06,447,14,-0.1259,-0.1722,0.0358,0.609,-2.92,-0.1985,,0.21,-0.0586,-0.0673,-0.098,-1.86,False,,,follow,,True,1010.0,0.75,pb0.5,,,,,,
C,C-follow-up-T1010-k0.75-pb0.5-t1s05,C-follow-up-T1010-k0.75-pb0.5,t1s05,long,1015-1130,,815,30,-0.0209,-0.0747,0.0258,0.341,-0.61,-0.097,,0.43,-0.0482,0.0273,0.0426,1.57,447,14,-0.0712,-0.1301,0.0341,0.306,-2.87,-0.146,,0.21,-0.0412,-0.03,-0.0701,-1.46,False,,,follow,,True,1010.0,0.75,pb0.5,,,,,,
C,C-fade-up-T1010-k0.75-rsi3x-t1s1,C-fade-up-T1010-k0.75-rsi3x,t1s1,short,1015-1130,,1431,30,0.0366,-0.0077,0.0264,0.514,-0.62,-0.0682,,0.4,-0.0253,0.0619,0.0284,0.48,709,14,0.0512,0.0029,0.0376,0.518,-0.29,-0.025,8.88,0.43,-0.0446,0.0958,0.1306,2.07,False,,,fade,,True,1010.0,0.75,rsi3x,,,,,,
C,C-fade-up-T1010-k0.75-rsi3x-t05s1,C-fade-up-T1010-k0.75-rsi3x,t05s1,short,1015-1130,,1431,30,-0.0256,-0.0649,0.0191,0.675,-1.68,-0.0954,,0.43,-0.0443,0.0188,0.01,0.47,709,14,0.025,-0.0176,0.0266,0.711,-0.94,-0.046,,0.36,-0.0671,0.0922,0.1042,2.22,False,,,fade,,True,1010.0,0.75,rsi3x,,,,,,
C,C-fade-up-T1010-k0.75-rsi3x-t1s05,C-fade-up-T1010-k0.75-rsi3x,t1s05,short,1015-1130,,1431,30,0.0137,-0.0378,0.0197,0.366,-0.98,-0.0607,,0.4,-0.021,0.0346,0.0149,1.07,709,14,0.0447,-0.01,0.0284,0.386,-0.57,-0.047,,0.43,-0.0499,0.0946,0.099,2.27,False,,,fade,,True,1010.0,0.75,rsi3x,,,,,,
C,C-follow-up-T1010-k0.75-rsi3x-t1s1,C-follow-up-T1010-k0.75-rsi3x,t1s1,long,1015-1130,,1431,30,-0.1184,-0.165,0.0264,0.436,-2.25,-0.2138,,0.4,-0.0671,-0.0514,-0.0179,-0.36,709,14,-0.1404,-0.191,0.0374,0.425,-3.27,-0.2067,,0.07,-0.0636,-0.0768,-0.1119,-1.83,False,,,follow,,True,1010.0,0.75,rsi3x,,,,,,
C,C-follow-up-T1010-k0.75-rsi3x-t05s1,C-follow-up-T1010-k0.75-rsi3x,t05s1,long,1015-1130,,1431,30,-0.0973,-0.1382,0.0197,0.625,-3.85,-0.1704,,0.4,-0.0715,-0.0257,-0.0055,-0.88,709,14,-0.1375,-0.1834,0.0285,0.598,-3.6,-0.1956,,0.21,-0.0586,-0.0788,-0.0834,-2.05,False,,,follow,,True,1010.0,0.75,rsi3x,,,,,,
C,C-follow-up-T1010-k0.75-rsi3x-t1s05,C-follow-up-T1010-k0.75-rsi3x,t1s05,long,1015-1130,,1431,30,-0.0622,-0.1156,0.0191,0.316,-2.75,-0.1448,,0.33,-0.0482,-0.014,-0.0047,-0.44,709,14,-0.1157,-0.1741,0.0262,0.283,-4.03,-0.1849,,0.14,-0.0412,-0.0745,-0.0864,-2.02,False,,,follow,,True,1010.0,0.75,rsi3x,,,,,,
C,C-fade-up-T1010-k0.75-vwap-t1s1,C-fade-up-T1010-k0.75-vwap,t1s1,short,1015-1130,,1136,30,0.0159,-0.0291,0.0297,0.501,-1.14,-0.087,,0.43,-0.0253,0.0412,0.0102,0.23,601,14,0.0024,-0.0448,0.0408,0.494,-1.31,-0.0708,,0.43,-0.0446,0.047,0.1013,1.32,False,,,fade,,True,1010.0,0.75,vwap,,,,,,
C,C-fade-up-T1010-k0.75-vwap-t05s1,C-fade-up-T1010-k0.75-vwap,t05s1,short,1015-1130,,1136,30,-0.0262,-0.0655,0.0214,0.671,-2.62,-0.0928,,0.33,-0.0443,0.0181,0.01,0.12,601,14,-0.0148,-0.0563,0.0292,0.681,-2.41,-0.0837,,0.29,-0.0671,0.0523,0.0768,1.07,False,,,fade,,True,1010.0,0.75,vwap,,,,,,
C,C-fade-up-T1010-k0.75-vwap-t1s05,C-fade-up-T1010-k0.75-vwap,t1s05,short,1015-1130,,1136,30,0.0028,-0.0487,0.022,0.359,-1.74,-0.0834,,0.4,-0.021,0.0238,0.0055,0.54,601,14,0.0261,-0.0277,0.0305,0.373,-1.01,-0.0709,,0.43,-0.0499,0.076,0.0939,1.8,False,,,fade,,True,1010.0,0.75,vwap,,,,,,
C,C-follow-up-T1010-k0.75-vwap-t1s1,C-follow-up-T1010-k0.75-vwap,t1s1,long,1015-1130,,1136,30,-0.0969,-0.1425,0.0296,0.442,-1.9,-0.1901,,0.43,-0.0671,-0.0298,0.0012,-0.04,601,14,-0.0875,-0.1376,0.0409,0.451,-2.76,-0.165,,0.29,-0.0636,-0.0239,-0.0784,-0.95,False,,,follow,,True,1010.0,0.75,vwap,,,,,,
C,C-follow-up-T1010-k0.75-vwap-t05s1,C-follow-up-T1010-k0.75-vwap,t05s1,long,1015-1130,,1136,30,-0.0877,-0.1283,0.0221,0.631,-3.09,-0.1548,,0.4,-0.0715,-0.0162,0.0025,-0.36,601,14,-0.1162,-0.1618,0.0308,0.611,-3.28,-0.1757,,0.14,-0.0586,-0.0575,-0.0756,-1.49,False,,,follow,,True,1010.0,0.75,vwap,,,,,,
C,C-follow-up-T1010-k0.75-vwap-t1s05,C-follow-up-T1010-k0.75-vwap,t1s05,long,1015-1130,,1136,30,-0.0627,-0.1157,0.0213,0.312,-2.57,-0.1365,,0.33,-0.0482,-0.0145,-0.0061,-0.09,601,14,-0.0703,-0.1279,0.0294,0.309,-2.78,-0.1414,,0.14,-0.0412,-0.0291,-0.0533,-0.58,False,,,follow,,True,1010.0,0.75,vwap,,,,,,
C,C-fade-up-T1010-k1.0-none-t1s1,C-fade-up-T1010-k1.0-none,t1s1,short,1015-1130,,676,30,-0.0193,-0.0642,0.0388,0.497,-0.54,-0.0951,,0.5,-0.0253,0.006,-0.0201,0.35,289,14,0.001,-0.0512,0.0599,0.516,-0.52,-0.1067,,0.57,-0.0446,0.0456,0.0686,1.11,False,,,fade,,True,1010.0,1.0,none,,,,,,
C,C-fade-up-T1010-k1.0-none-t05s1,C-fade-up-T1010-k1.0-none,t05s1,short,1015-1130,,676,30,-0.0644,-0.1042,0.0282,0.649,-1.07,-0.1167,,0.43,-0.0443,-0.0201,-0.0177,0.78,289,14,0.0259,-0.0173,0.0415,0.716,-0.73,-0.0478,,0.36,-0.0671,0.0931,0.1047,1.88,False,,,fade,,True,1010.0,1.0,none,,,,,,
C,C-fade-up-T1010-k1.0-none-t1s05,C-fade-up-T1010-k1.0-none,t1s05,short,1015-1130,,676,30,-0.0241,-0.0751,0.028,0.342,-1.26,-0.0918,,0.47,-0.021,-0.0031,-0.0148,0.5,289,14,0.0293,-0.0316,0.045,0.384,-0.98,-0.0742,,0.43,-0.0499,0.0792,0.0771,1.0,False,,,fade,,True,1010.0,1.0,none,,,,,,
C,C-follow-up-T1010-k1.0-none-t1s1,C-follow-up-T1010-k1.0-none,t1s1,long,1015-1130,,676,30,-0.0641,-0.1126,0.0392,0.476,-2.01,-0.17,,0.33,-0.0671,0.003,0.0292,-0.33,289,14,-0.1049,-0.1587,0.06,0.457,-1.87,-0.267,,0.29,-0.0636,-0.0413,-0.0648,-1.15,False,,,follow,,True,1010.0,1.0,none,,,,,,
C,C-follow-up-T1010-k1.0-none-t05s1,C-follow-up-T1010-k1.0-none,t05s1,long,1015-1130,,676,30,-0.063,-0.1064,0.0287,0.649,-2.95,-0.1465,,0.3,-0.0715,0.0085,0.0211,-0.57,289,14,-0.1418,-0.1885,0.0447,0.602,-2.11,-0.2493,,0.43,-0.0586,-0.0832,-0.0816,-1.19,False,,,follow,,True,1010.0,1.0,none,,,,,,
C,C-follow-up-T1010-k1.0-none-t1s05,C-follow-up-T1010-k1.0-none,t1s05,long,1015-1130,,676,30,-0.0293,-0.0844,0.0285,0.339,-2.87,-0.1011,,0.37,-0.0482,0.0188,0.0173,-0.93,289,14,-0.1332,-0.197,0.0413,0.277,-3.39,-0.2076,,0.14,-0.0412,-0.092,-0.1038,-2.05,False,,,follow,,True,1010.0,1.0,none,,,,,,
C,C-fade-up-T1010-k1.0-pb0.1-t1s1,C-fade-up-T1010-k1.0-pb0.1,t1s1,short,1015-1130,,641,30,-0.024,-0.0686,0.0399,0.495,-0.5,-0.1017,,0.57,-0.0253,0.0013,-0.0281,0.37,278,14,0.0149,-0.0363,0.061,0.522,-0.34,-0.0819,,0.57,-0.0446,0.0595,0.0841,1.3,False,,,fade,,True,1010.0,1.0,pb0.1,,,,,,
C,C-fade-up-T1010-k1.0-pb0.1-t05s1,C-fade-up-T1010-k1.0-pb0.1,t05s1,short,1015-1130,,641,30,-0.0754,-0.1156,0.0291,0.643,-1.1,-0.1302,,0.4,-0.0443,-0.0311,-0.0322,0.73,278,14,0.0318,-0.0106,0.0421,0.719,-0.53,-0.0419,,0.36,-0.0671,0.0989,0.1125,1.93,False,,,fade,,True,1010.0,1.0,pb0.1,,,,,,
C,C-fade-up-T1010-k1.0-pb0.1-t1s05,C-fade-up-T1010-k1.0-pb0.1,t1s05,short,1015-1130,,641,30,-0.0141,-0.0644,0.0289,0.348,-0.88,-0.0812,,0.43,-0.021,0.0068,-0.0072,0.75,278,14,0.0479,-0.0115,0.0461,0.396,-0.71,-0.0542,,0.43,-0.0499,0.0978,0.0971,1.33,False,,,fade,,True,1010.0,1.0,pb0.1,,,,,,
C,C-follow-up-T1010-k1.0-pb0.1-t1s1,C-follow-up-T1010-k1.0-pb0.1,t1s1,long,1015-1130,,641,30,-0.0586,-0.1066,0.0402,0.479,-1.96,-0.1666,,0.37,-0.0671,0.0085,0.0379,-0.35,278,14,-0.1168,-0.17,0.061,0.45,-2.0,-0.2804,,0.29,-0.0636,-0.0532,-0.0784,-1.35,False,,,follow,,True,1010.0,1.0,pb0.1,,,,,,
C,C-follow-up-T1010-k1.0-pb0.1-t05s1,C-follow-up-T1010-k1.0-pb0.1,t05s1,long,1015-1130,,641,30,-0.0724,-0.1158,0.0296,0.643,-3.02,-0.1577,,0.27,-0.0715,-0.0008,0.014,-0.8,278,14,-0.1588,-0.2054,0.0458,0.59,-2.38,-0.2693,,0.36,-0.0586,-0.1001,-0.1,-1.52,False,,,follow,,True,1010.0,1.0,pb0.1,,,,,,
C,C-follow-up-T1010-k1.0-pb0.1-t1s05,C-follow-up-T1010-k1.0-pb0.1,t1s05,long,1015-1130,,641,30,-0.018,-0.0722,0.0293,0.346,-2.71,-0.0994,,0.3,-0.0482,0.0301,0.032,-0.87,278,14,-0.1373,-0.2002,0.0419,0.273,-3.41,-0.2114,,0.14,-0.0412,-0.0961,-0.1099,-2.14,False,,,follow,,True,1010.0,1.0,pb0.1,,,,,,
C,C-fade-up-T1010-k1.0-pb0.25-t1s1,C-fade-up-T1010-k1.0-pb0.25,t1s1,short,1015-1130,,551,30,-0.056,-0.1015,0.043,0.475,-1.06,-0.1437,,0.43,-0.0253,-0.0307,-0.0674,-0.28,242,14,-0.014,-0.0635,0.065,0.5,-0.42,-0.1063,,0.5,-0.0446,0.0306,0.067,1.36,False,,,fade,,True,1010.0,1.0,pb0.25,,,,,,
C,C-fade-up-T1010-k1.0-pb0.25-t05s1,C-fade-up-T1010-k1.0-pb0.25,t05s1,short,1015-1130,,551,30,-0.0819,-0.1221,0.0315,0.639,-1.8,-0.1385,,0.47,-0.0443,-0.0376,-0.0461,-0.43,242,14,0.0022,-0.0405,0.0458,0.694,-0.95,-0.073,,0.5,-0.0671,0.0693,0.0873,1.67,False,,,fade,,True,1010.0,1.0,pb0.25,,,,,,
C,C-fade-up-T1010-k1.0-pb0.25-t1s05,C-fade-up-T1010-k1.0-pb0.25,t1s05,short,1015-1130,,551,30,-0.0227,-0.0739,0.0311,0.341,-1.18,-0.0857,,0.5,-0.021,-0.0017,-0.0234,0.51,242,14,0.007,-0.0506,0.0485,0.368,-1.62,-0.072,,0.43,-0.0499,0.057,0.0656,1.17,False,,,fade,,True,1010.0,1.0,pb0.25,,,,,,
C,C-follow-up-T1010-k1.0-pb0.25-t1s1,C-follow-up-T1010-k1.0-pb0.25,t1s1,long,1015-1130,,551,30,-0.0283,-0.0751,0.0432,0.49,-1.24,-0.1336,,0.43,-0.0671,0.0388,0.0755,0.27,242,14,-0.0834,-0.1344,0.0651,0.459,-2.06,-0.2356,,0.21,-0.0636,-0.0198,-0.0567,-1.27,False,,,follow,,True,1010.0,1.0,pb0.25,,,,,,
C,C-follow-up-T1010-k1.0-pb0.25-t05s1,C-follow-up-T1010-k1.0-pb0.25,t05s1,long,1015-1130,,551,30,-0.0662,-0.1094,0.0318,0.648,-3.33,-0.1412,,0.33,-0.0715,0.0053,0.0278,-0.69,242,14,-0.1149,-0.1607,0.0487,0.62,-2.28,-0.2169,,0.43,-0.0586,-0.0562,-0.0652,-1.07,False,,,follow,,True,1010.0,1.0,pb0.25,,,,,,
C,C-follow-up-T1010-k1.0-pb0.25-t1s05,C-follow-up-T1010-k1.0-pb0.25,t1s05,long,1015-1130,,551,30,-0.0151,-0.0698,0.0318,0.348,-1.31,-0.1004,,0.4,-0.0482,0.0331,0.0422,0.23,242,14,-0.1038,-0.1637,0.0456,0.289,-3.12,-0.2065,,0.21,-0.0412,-0.0625,-0.0806,-1.61,False,,,follow,,True,1010.0,1.0,pb0.25,,,,,,
C,C-fade-up-T1010-k1.0-pb0.5-t1s1,C-fade-up-T1010-k1.0-pb0.5,t1s1,short,1015-1130,,369,29,-0.0589,-0.1069,0.0528,0.477,-1.69,-0.1649,,0.34,-0.0253,-0.0335,-0.0677,-0.64,169,14,0.03,-0.0194,0.0781,0.521,0.15,-0.1013,,0.5,-0.0446,0.0746,0.1189,2.12,False,,,fade,,True,1010.0,1.0,pb0.5,,,,,,
C,C-fade-up-T1010-k1.0-pb0.5-t05s1,C-fade-up-T1010-k1.0-pb0.5,t05s1,short,1015-1130,,369,29,-0.0794,-0.1216,0.0387,0.64,-2.41,-0.1539,,0.31,-0.0443,-0.0351,-0.0513,-0.97,169,14,-0.0501,-0.0953,0.0569,0.663,-1.28,-0.1342,,0.43,-0.0671,0.017,0.0407,1.48,False,,,fade,,True,1010.0,1.0,pb0.5,,,,,,
C,C-fade-up-T1010-k1.0-pb0.5-t1s05,C-fade-up-T1010-k1.0-pb0.5,t1s05,short,1015-1130,,369,29,-0.0459,-0.1006,0.0379,0.328,-2.15,-0.1314,,0.34,-0.021,-0.025,-0.0435,-0.51,169,14,-0.0431,-0.1023,0.0565,0.331,-1.32,-0.1652,,0.29,-0.0499,0.0069,0.0236,1.24,False,,,fade,,True,1010.0,1.0,pb0.5,,,,,,
C,C-follow-up-T1010-k1.0-pb0.5-t1s1,C-follow-up-T1010-k1.0-pb0.5,t1s1,long,1015-1130,,369,29,-0.0318,-0.0789,0.0526,0.491,-0.95,-0.1217,,0.38,-0.0671,0.0353,0.0695,0.6,169,14,-0.1339,-0.1883,0.0784,0.444,-2.66,-0.2767,,0.14,-0.0636,-0.0703,-0.1149,-2.27,False,,,follow,,True,1010.0,1.0,pb0.5,,,,,,
C,C-follow-up-T1010-k1.0-pb0.5-t05s1,C-follow-up-T1010-k1.0-pb0.5,t05s1,long,1015-1130,,369,29,-0.0515,-0.0934,0.0382,0.656,-1.59,-0.1161,,0.34,-0.0715,0.02,0.0391,0.27,169,14,-0.0845,-0.1319,0.0581,0.639,-2.54,-0.186,,0.14,-0.0586,-0.0259,-0.0429,-1.75,False,,,follow,,True,1010.0,1.0,pb0.5,,,,,,
C,C-follow-up-T1010-k1.0-pb0.5-t1s05,C-follow-up-T1010-k1.0-pb0.5,t1s05,long,1015-1130,,369,29,-0.0262,-0.0806,0.0383,0.341,-0.98,-0.0946,,0.38,-0.0482,0.022,0.0387,0.74,169,14,-0.0598,-0.1193,0.0561,0.32,-2.59,-0.1942,,0.14,-0.0412,-0.0185,-0.0423,-1.57,False,,,follow,,True,1010.0,1.0,pb0.5,,,,,,
C,C-fade-up-T1010-k1.0-rsi3x-t1s1,C-fade-up-T1010-k1.0-rsi3x,t1s1,short,1015-1130,,564,30,-0.0373,-0.0842,0.0426,0.486,-1.69,-0.128,,0.4,-0.0253,-0.0119,-0.0435,-0.8,241,14,0.0058,-0.0449,0.0651,0.506,-0.13,-0.0952,,0.57,-0.0446,0.0504,0.0674,1.51,False,,,fade,,True,1010.0,1.0,rsi3x,,,,,,
C,C-fade-up-T1010-k1.0-rsi3x-t05s1,C-fade-up-T1010-k1.0-rsi3x,t05s1,short,1015-1130,,564,30,-0.0755,-0.1168,0.0311,0.642,-1.46,-0.1391,,0.4,-0.0443,-0.0312,-0.0388,0.12,241,14,0.0093,-0.0355,0.0464,0.701,-0.6,-0.0676,,0.5,-0.0671,0.0765,0.0773,2.0,False,,,fade,,True,1010.0,1.0,rsi3x,,,,,,
C,C-fade-up-T1010-k1.0-rsi3x-t1s05,C-fade-up-T1010-k1.0-rsi3x,t1s05,short,1015-1130,,564,30,-0.0056,-0.0592,0.0313,0.355,-1.51,-0.0756,,0.37,-0.021,0.0153,-0.007,0.14,241,14,-0.0059,-0.0637,0.048,0.357,-1.89,-0.1108,,0.36,-0.0499,0.0441,0.038,1.07,False,,,fade,,True,1010.0,1.0,rsi3x,,,,,,
C,C-follow-up-T1010-k1.0-rsi3x-t1s1,C-follow-up-T1010-k1.0-rsi3x,t1s1,long,1015-1130,,564,30,-0.0452,-0.0915,0.0425,0.479,-0.86,-0.1508,,0.47,-0.0671,0.0218,0.0534,0.83,241,14,-0.1053,-0.1571,0.065,0.448,-2.19,-0.2619,,0.29,-0.0636,-0.0417,-0.059,-1.45,False,,,follow,,True,1010.0,1.0,rsi3x,,,,,,
C,C-follow-up-T1010-k1.0-rsi3x-t05s1,C-follow-up-T1010-k1.0-rsi3x,t05s1,long,1015-1130,,564,30,-0.0795,-0.1214,0.0313,0.64,-2.83,-0.1583,,0.3,-0.0715,-0.008,0.0149,-0.16,241,14,-0.104,-0.1506,0.0487,0.622,-2.43,-0.2032,,0.36,-0.0586,-0.0453,-0.0398,-1.08,False,,,follow,,True,1010.0,1.0,rsi3x,,,,,,
C,C-follow-up-T1010-k1.0-rsi3x-t1s05,C-follow-up-T1010-k1.0-rsi3x,t1s05,long,1015-1130,,564,30,-0.0229,-0.0777,0.0312,0.34,-2.26,-0.106,,0.37,-0.0482,0.0252,0.0335,-0.36,241,14,-0.1129,-0.1722,0.0451,0.286,-4.07,-0.2281,,0.14,-0.0412,-0.0717,-0.0726,-2.18,False,,,follow,,True,1010.0,1.0,rsi3x,,,,,,
C,C-fade-up-T1010-k1.0-vwap-t1s1,C-fade-up-T1010-k1.0-vwap,t1s1,short,1015-1130,,427,30,-0.0596,-0.1091,0.0492,0.473,-1.45,-0.1534,,0.43,-0.0253,-0.0343,-0.0687,-0.53,198,14,-0.0599,-0.1106,0.0719,0.48,-0.9,-0.1638,,0.36,-0.0446,-0.0153,0.021,0.6,False,,,fade,,True,1010.0,1.0,vwap,,,,,,
C,C-fade-up-T1010-k1.0-vwap-t05s1,C-fade-up-T1010-k1.0-vwap,t05s1,short,1015-1130,,427,30,-0.069,-0.1117,0.036,0.646,-2.44,-0.1311,,0.3,-0.0443,-0.0247,-0.0384,-1.06,198,14,-0.0738,-0.1186,0.0526,0.641,-2.51,-0.1454,,0.29,-0.0671,-0.0066,0.0021,0.11,False,,,fade,,True,1010.0,1.0,vwap,,,,,,
C,C-fade-up-T1010-k1.0-vwap-t1s05,C-fade-up-T1010-k1.0-vwap,t1s05,short,1015-1130,,427,30,-0.0345,-0.0892,0.0356,0.335,-1.59,-0.1166,,0.4,-0.021,-0.0135,-0.037,0.09,198,14,-0.0505,-0.1097,0.0521,0.328,-2.08,-0.1524,,0.29,-0.0499,-0.0006,0.0086,0.22,False,,,fade,,True,1010.0,1.0,vwap,,,,,,
C,C-follow-up-T1010-k1.0-vwap-t1s1,C-follow-up-T1010-k1.0-vwap,t1s1,long,1015-1130,,427,30,-0.025,-0.0698,0.0485,0.487,-0.89,-0.1347,,0.4,-0.0671,0.042,0.0765,0.54,198,14,-0.0298,-0.0798,0.0719,0.485,-1.37,-0.144,,0.36,-0.0636,0.0338,-0.0028,-0.39,False,,,follow,,True,1010.0,1.0,vwap,,,,,,
C,C-follow-up-T1010-k1.0-vwap-t05s1,C-follow-up-T1010-k1.0-vwap,t05s1,long,1015-1130,,427,30,-0.0572,-0.098,0.0355,0.653,-2.21,-0.1318,,0.23,-0.0715,0.0143,0.0383,-0.21,198,14,-0.0543,-0.0989,0.0525,0.657,-1.53,-0.1324,,0.43,-0.0586,0.0043,-0.0052,-0.07,False,,,follow,,True,1010.0,1.0,vwap,,,,,,
C,C-follow-up-T1010-k1.0-vwap-t1s05,C-follow-up-T1010-k1.0-vwap,t1s05,long,1015-1130,,427,30,-0.0332,-0.0869,0.0355,0.337,-0.72,-0.1026,,0.33,-0.0482,0.015,0.0291,0.84,198,14,-0.016,-0.0729,0.0524,0.343,-1.33,-0.1016,,0.57,-0.0412,0.0253,0.0165,0.26,False,,,follow,,True,1010.0,1.0,vwap,,,,,,
C,C-fade-up-T1010-k1.5-none-t1s1,C-fade-up-T1010-k1.5-none,t1s1,short,1015-1130,,146,26,0.0114,-0.0353,0.0846,0.521,-0.08,-0.0761,,0.42,-0.0253,0.0367,-0.0042,0.57,52,13,0.0342,-0.0261,0.1457,0.538,0.11,-0.0743,,0.62,-0.0446,0.0788,0.0649,0.83,False,,,fade,,True,1010.0,1.5,none,,,,,,
C,C-fade-up-T1010-k1.5-none-t05s1,C-fade-up-T1010-k1.5-none,t05s1,short,1015-1130,,146,26,-0.0507,-0.0921,0.0611,0.658,-0.62,-0.1114,,0.5,-0.0443,-0.0064,-0.0173,0.48,52,13,-0.044,-0.0973,0.1061,0.673,-0.75,-0.166,,0.54,-0.0671,0.0231,0.0191,0.3,False,,,fade,,True,1010.0,1.5,none,,,,,,
C,C-fade-up-T1010-k1.5-none-t1s05,C-fade-up-T1010-k1.5-none,t1s05,short,1015-1130,,146,26,-0.0335,-0.0881,0.0612,0.336,-0.91,-0.1256,,0.35,-0.021,-0.0126,-0.0336,0.13,52,13,-0.0632,-0.1354,0.1054,0.327,-0.18,-0.1745,,0.54,-0.0499,-0.0133,-0.0395,0.79,False,,,fade,,True,1010.0,1.5,none,,,,,,
C,C-follow-up-T1010-k1.5-none-t1s1,C-follow-up-T1010-k1.5-none,t1s1,long,1015-1130,,146,26,-0.099,-0.1456,0.0839,0.459,-1.48,-0.1777,,0.38,-0.0671,-0.0319,0.0089,-0.55,52,13,-0.18,-0.2357,0.1406,0.423,-1.56,-0.3825,,0.31,-0.0636,-0.1164,-0.1031,-1.12,False,,,follow,,True,1010.0,1.5,none,,,,,,
C,C-follow-up-T1010-k1.5-none-t05s1,C-follow-up-T1010-k1.5-none,t05s1,long,1015-1130,,146,26,-0.0609,-0.1002,0.0605,0.651,-1.38,-0.1467,,0.42,-0.0715,0.0106,0.0326,-0.27,52,13,-0.1017,-0.1485,0.1042,0.635,-1.74,-0.2325,,0.38,-0.0586,-0.0431,-0.0175,-1.18,False,,,follow,,True,1010.0,1.5,none,,,,,,
C,C-follow-up-T1010-k1.5-none-t1s05,C-follow-up-T1010-k1.5-none,t1s05,long,1015-1130,,146,26,-0.0644,-0.1172,0.0595,0.315,-1.64,-0.1399,,0.35,-0.0482,-0.0162,-0.0045,-0.68,52,13,-0.0921,-0.1568,0.1,0.308,-1.09,-0.2751,,0.31,-0.0412,-0.0509,-0.0472,-0.62,False,,,follow,,True,1010.0,1.5,none,,,,,,
C,C-fade-up-T1010-k1.5-pb0.1-t1s1,C-fade-up-T1010-k1.5-pb0.1,t1s1,short,1015-1130,,143,26,0.0051,-0.0419,0.0855,0.517,-0.11,-0.084,,0.42,-0.0253,0.0305,-0.0075,0.55,51,13,0.0159,-0.0454,0.1472,0.529,0.03,-0.0972,,0.62,-0.0446,0.0605,0.0481,0.76,False,,,fade,,True,1010.0,1.5,pb0.1,,,,,,
C,C-fade-up-T1010-k1.5-pb0.1-t05s1,C-fade-up-T1010-k1.5-pb0.1,t05s1,short,1015-1130,,143,26,-0.0617,-0.1036,0.0621,0.65,-0.68,-0.1238,,0.5,-0.0443,-0.0174,-0.0253,0.41,51,13,-0.054,-0.1081,0.1076,0.667,-0.83,-0.1798,,0.54,-0.0671,0.0131,0.0126,0.24,False,,,fade,,True,1010.0,1.5,pb0.1,,,,,,
C,C-fade-up-T1010-k1.5-pb0.1-t1s05,C-fade-up-T1010-k1.5-pb0.1,t1s05,short,1015-1130,,143,26,-0.0337,-0.0884,0.0618,0.336,-0.92,-0.1317,,0.35,-0.021,-0.0127,-0.032,0.13,51,13,-0.054,-0.1268,0.1071,0.333,-0.14,-0.1655,,0.54,-0.0499,-0.0041,-0.0274,0.85,False,,,fade,,True,1010.0,1.5,pb0.1,,,,,,
C,C-follow-up-T1010-k1.5-pb0.1-t1s1,C-follow-up-T1010-k1.5-pb0.1,t1s1,long,1015-1130,,143,26,-0.0935,-0.1402,0.0848,0.462,-1.46,-0.1727,,0.42,-0.0671,-0.0265,0.0114,-0.53,51,13,-0.1633,-0.2192,0.1424,0.431,-1.51,-0.366,,0.31,-0.0636,-0.0997,-0.088,-1.06,False,,,follow,,True,1010.0,1.5,pb0.1,,,,,,
C,C-follow-up-T1010-k1.5-pb0.1-t05s1,C-follow-up-T1010-k1.5-pb0.1,t05s1,long,1015-1130,,143,26,-0.0617,-0.1012,0.0612,0.65,-1.39,-0.1445,,0.38,-0.0715,0.0098,0.0301,-0.27,51,13,-0.1129,-0.1603,0.1056,0.627,-1.83,-0.2489,,0.38,-0.0586,-0.0542,-0.0316,-1.26,False,,,follow,,True,1010.0,1.5,pb0.1,,,,,,
C,C-follow-up-T1010-k1.5-pb0.1-t1s05,C-follow-up-T1010-k1.5-pb0.1,t1s05,long,1015-1130,,143,26,-0.0547,-0.1074,0.0604,0.322,-1.55,-0.1414,,0.35,-0.0482,-0.0065,0.0023,-0.61,51,13,-0.0835,-0.1485,0.1016,0.314,-1.05,-0.2679,,0.31,-0.0412,-0.0422,-0.0422,-0.58,False,,,follow,,True,1010.0,1.5,pb0.1,,,,,,
C,C-fade-up-T1010-k1.5-pb0.25-t1s1,C-fade-up-T1010-k1.5-pb0.25,t1s1,short,1015-1130,,129,25,-0.0043,-0.054,0.091,0.512,-0.35,-0.1018,,0.48,-0.0253,0.021,-0.025,0.23,44,13,0.0043,-0.0503,0.157,0.523,-0.17,-0.0967,,0.46,-0.0446,0.0489,0.0719,0.5,False,,,fade,,True,1010.0,1.5,pb0.25,,,,,,
C,C-fade-up-T1010-k1.5-pb0.25-t05s1,C-fade-up-T1010-k1.5-pb0.25,t05s1,short,1015-1130,,129,25,-0.0357,-0.0775,0.0648,0.667,-0.79,-0.0948,,0.52,-0.0443,0.0086,-0.0067,0.2,44,13,0.0097,-0.0385,0.1112,0.705,-0.6,-0.1123,,0.54,-0.0671,0.0769,0.1087,0.51,False,,,fade,,True,1010.0,1.5,pb0.25,,,,,,
C,C-fade-up-T1010-k1.5-pb0.25-t1s05,C-fade-up-T1010-k1.5-pb0.25,t1s05,short,1015-1130,,129,25,-0.0241,-0.0786,0.0655,0.341,-0.79,-0.1259,,0.44,-0.021,-0.0032,-0.0305,0.07,44,13,-0.0698,-0.1344,0.1116,0.318,-0.48,-0.1815,,0.54,-0.0499,-0.0199,-0.0128,0.49,False,,,fade,,True,1010.0,1.5,pb0.25,,,,,,
C,C-follow-up-T1010-k1.5-pb0.25-t1s1,C-follow-up-T1010-k1.5-pb0.25,t1s1,long,1015-1130,,129,25,-0.0827,-0.1251,0.0883,0.465,-1.07,-0.1694,,0.4,-0.0671,-0.0156,0.0304,-0.24,44,13,-0.1439,-0.1995,0.1556,0.432,-1.19,-0.2648,,0.38,-0.0636,-0.0803,-0.1038,-0.79,False,,,follow,,True,1010.0,1.5,pb0.25,,,,,,
C,C-follow-up-T1010-k1.5-pb0.25-t05s1,C-follow-up-T1010-k1.5-pb0.25,t05s1,long,1015-1130,,129,25,-0.0706,-0.1089,0.0644,0.643,-1.68,-0.1478,,0.4,-0.0715,0.0009,0.0292,-0.59,44,13,-0.0925,-0.1415,0.1155,0.636,-1.49,-0.225,,0.38,-0.0586,-0.0339,-0.0413,-0.89,False,,,follow,,True,1010.0,1.5,pb0.25,,,,,,
C,C-follow-up-T1010-k1.5-pb0.25-t1s05,C-follow-up-T1010-k1.5-pb0.25,t1s05,long,1015-1130,,129,25,-0.0822,-0.1337,0.0623,0.302,-1.35,-0.1671,,0.28,-0.0482,-0.0341,-0.0179,-0.45,44,13,-0.138,-0.2021,0.1057,0.273,-1.11,-0.2811,,0.38,-0.0412,-0.0968,-0.1286,-0.76,False,,,follow,,True,1010.0,1.5,pb0.25,,,,,,
C,C-fade-up-T1010-k1.5-pb0.5-t1s1,C-fade-up-T1010-k1.5-pb0.5,t1s1,short,1015-1130,,106,25,-0.1485,-0.2006,0.1003,0.443,-0.96,-0.2345,,0.4,-0.0253,-0.1232,-0.1537,-0.41,37,12,-0.0194,-0.0748,0.1719,0.514,-0.5,-0.1328,,0.42,-0.0446,0.0252,0.0567,0.07,False,,,fade,,True,1010.0,1.5,pb0.5,,,,,,
C,C-fade-up-T1010-k1.5-pb0.5-t05s1,C-fade-up-T1010-k1.5-pb0.5,t05s1,short,1015-1130,,106,25,-0.158,-0.2032,0.0751,0.585,-1.45,-0.2294,,0.4,-0.0443,-0.1137,-0.1236,-0.61,37,12,-0.0329,-0.0806,0.1231,0.676,-1.15,-0.1617,,0.5,-0.0671,0.0343,0.0705,-0.34,False,,,fade,,True,1010.0,1.5,pb0.5,,,,,,
C,C-fade-up-T1010-k1.5-pb0.5-t1s05,C-fade-up-T1010-k1.5-pb0.5,t1s05,short,1015-1130,,106,25,-0.0542,-0.1094,0.0713,0.321,-0.85,-0.1406,,0.36,-0.021,-0.0333,-0.0556,-0.11,37,12,-0.1004,-0.1639,0.1185,0.297,-1.09,-0.191,,0.5,-0.0499,-0.0505,-0.0412,-0.21,False,,,fade,,True,1010.0,1.5,pb0.5,,,,,,
C,C-follow-up-T1010-k1.5-pb0.5-t1s1,C-follow-up-T1010-k1.5-pb0.5,t1s1,long,1015-1130,,106,25,0.059,0.0185,0.0977,0.547,-0.27,-0.0177,1.92,0.48,-0.0671,0.1261,0.1564,0.41,37,12,-0.1275,-0.1852,0.1726,0.459,-0.82,-0.2177,,0.42,-0.0636,-0.0639,-0.0956,-0.33,False,,,follow,,True,1010.0,1.5,pb0.5,,,,,,
C,C-follow-up-T1010-k1.5-pb0.5-t05s1,C-follow-up-T1010-k1.5-pb0.5,t05s1,long,1015-1130,,106,25,-0.0448,-0.0824,0.0702,0.66,-1.28,-0.1375,,0.48,-0.0715,0.0267,0.0498,-0.37,37,12,-0.0734,-0.1246,0.1272,0.649,-1.06,-0.1757,,0.33,-0.0586,-0.0148,-0.0241,-0.25,False,,,follow,,True,1010.0,1.5,pb0.5,,,,,,
C,C-follow-up-T1010-k1.5-pb0.5-t1s05,C-follow-up-T1010-k1.5-pb0.5,t1s05,long,1015-1130,,106,25,0.0307,-0.0174,0.0722,0.377,-0.47,-0.0404,,0.48,-0.0482,0.0789,0.0894,0.32,37,12,-0.1004,-0.1659,0.1202,0.297,-0.32,-0.2205,,0.42,-0.0412,-0.0592,-0.0954,0.16,False,,,follow,,True,1010.0,1.5,pb0.5,,,,,,
C,C-fade-up-T1010-k1.5-rsi3x-t1s1,C-fade-up-T1010-k1.5-rsi3x,t1s1,short,1015-1130,,125,25,0.0108,-0.0415,0.093,0.52,-0.8,-0.1098,,0.48,-0.0253,0.0361,-0.0035,-0.26,42,13,0.0536,-0.0019,0.1604,0.548,0.78,-0.101,,0.62,-0.0446,0.0982,0.1128,1.5,False,,,fade,,True,1010.0,1.5,rsi3x,,,,,,
C,C-fade-up-T1010-k1.5-rsi3x-t05s1,C-fade-up-T1010-k1.5-rsi3x,t05s1,short,1015-1130,,125,25,-0.0416,-0.0855,0.0665,0.664,-1.37,-0.1186,,0.44,-0.0443,0.0027,-0.0149,-0.49,42,13,-0.0144,-0.0639,0.1151,0.69,-0.1,-0.1039,,0.54,-0.0671,0.0527,0.0746,1.13,False,,,fade,,True,1010.0,1.5,rsi3x,,,,,,
C,C-fade-up-T1010-k1.5-rsi3x-t1s05,C-fade-up-T1010-k1.5-rsi3x,t1s05,short,1015-1130,,125,25,0.0504,-0.0052,0.0691,0.392,-0.26,-0.0352,,0.44,-0.021,0.0713,0.0417,0.54,42,13,0.0927,0.031,0.1216,0.429,1.11,-0.0334,1.92,0.62,-0.0499,0.1427,0.1438,1.88,False,,,fade,,True,1010.0,1.5,rsi3x,,,,,,
C,C-follow-up-T1010-k1.5-rsi3x-t1s1,C-follow-up-T1010-k1.5-rsi3x,t1s1,long,1015-1130,,125,25,-0.0861,-0.1279,0.0893,0.464,-0.46,-0.1737,,0.48,-0.0671,-0.019,0.0205,0.35,42,13,-0.2014,-0.2603,0.158,0.405,-2.19,-0.393,,0.31,-0.0636,-0.1378,-0.1531,-1.81,False,,,follow,,True,1010.0,1.5,rsi3x,,,,,,
C,C-follow-up-T1010-k1.5-rsi3x-t05s1,C-follow-up-T1010-k1.5-rsi3x,t05s1,long,1015-1130,,125,25,-0.1256,-0.1646,0.0663,0.608,-1.54,-0.2,,0.48,-0.0715,-0.0541,-0.0238,-0.45,42,13,-0.2644,-0.3206,0.1228,0.524,-2.84,-0.4227,,0.23,-0.0586,-0.2058,-0.2073,-2.25,False,,,follow,,True,1010.0,1.5,rsi3x,,,,,,
C,C-follow-up-T1010-k1.5-rsi3x-t1s05,C-follow-up-T1010-k1.5-rsi3x,t1s05,long,1015-1130,,125,25,-0.0696,-0.1209,0.0636,0.312,-0.62,-0.1426,,0.4,-0.0482,-0.0214,-0.0032,0.33,42,13,-0.1215,-0.1887,0.1104,0.286,-1.85,-0.2999,,0.15,-0.0412,-0.0803,-0.1022,-1.38,False,,,follow,,True,1010.0,1.5,rsi3x,,,,,,
C,C-fade-up-T1010-k1.5-vwap-t1s1,C-fade-up-T1010-k1.5-vwap,t1s1,short,1015-1130,,94,22,-0.0918,-0.1393,0.1059,0.468,-0.77,-0.191,,0.41,-0.0253,-0.0665,-0.1068,-0.45,32,12,-0.0911,-0.1525,0.1848,0.469,-1.23,-0.2243,,0.33,-0.0446,-0.0465,-0.0021,-0.47,False,,,fade,,True,1010.0,1.5,vwap,,,,,,
C,C-fade-up-T1010-k1.5-vwap-t05s1,C-fade-up-T1010-k1.5-vwap,t05s1,short,1015-1130,,94,22,-0.0902,-0.1312,0.0773,0.628,-1.73,-0.1508,,0.36,-0.0443,-0.0459,-0.0627,-0.99,32,12,-0.1104,-0.167,0.14,0.625,-1.72,-0.2083,,0.42,-0.0671,-0.0433,0.0038,-0.76,False,,,fade,,True,1010.0,1.5,vwap,,,,,,
C,C-fade-up-T1010-k1.5-vwap-t1s05,C-fade-up-T1010-k1.5-vwap,t1s05,short,1015-1130,,94,22,-0.037,-0.0879,0.0754,0.33,-0.45,-0.1225,,0.41,-0.021,-0.016,-0.042,0.11,32,12,-0.2198,-0.2903,0.1166,0.219,-2.41,-0.3712,,0.25,-0.0499,-0.1698,-0.1358,-1.2,False,,,fade,,True,1010.0,1.5,vwap,,,,,,
C,C-follow-up-T1010-k1.5-vwap-t1s1,C-follow-up-T1010-k1.5-vwap,t1s1,long,1015-1130,,94,22,0.0285,-0.0118,0.104,0.521,-0.26,-0.0649,,0.41,-0.0671,0.0955,0.1355,0.62,32,12,-0.0047,-0.0518,0.1787,0.5,0.27,-0.1484,,0.5,-0.0636,0.0589,0.0144,0.49,False,,,follow,,True,1010.0,1.5,vwap,,,,,,
C,C-follow-up-T1010-k1.5-vwap-t05s1,C-follow-up-T1010-k1.5-vwap,t05s1,long,1015-1130,,94,22,-0.0423,-0.0796,0.0748,0.66,-1.07,-0.1085,,0.45,-0.0715,0.0292,0.0554,-0.0,32,12,0.0771,0.0362,0.1201,0.75,0.73,-0.0209,1.51,0.67,-0.0586,0.1358,0.1018,1.12,False,,,follow,,True,1010.0,1.5,vwap,,,,,,
C,C-follow-up-T1010-k1.5-vwap-t1s05,C-follow-up-T1010-k1.5-vwap,t1s05,long,1015-1130,,94,22,-0.021,-0.0691,0.0753,0.34,-0.28,-0.0962,,0.45,-0.0482,0.0272,0.0442,0.73,32,12,0.0146,-0.0386,0.1313,0.375,0.57,-0.0825,,0.5,-0.0412,0.0558,0.0091,0.81,False,,,follow,,True,1010.0,1.5,vwap,,,,,,
C,C-fade-dn-T950-k0.5-none-t1s1,C-fade-dn-T950-k0.5-none,t1s1,long,1000-1130,,2729,30,-0.0878,-0.1374,0.0193,0.454,-2.68,-0.1616,,0.27,-0.0713,-0.0166,-0.015,-0.5,1572,14,-0.0313,-0.084,0.0253,0.485,-1.15,-0.1137,,0.36,-0.0673,0.036,0.1,1.94,False,,,fade,,False,950.0,0.5,none,,,,,,
C,C-fade-dn-T950-k0.5-none-t05s1,C-fade-dn-T950-k0.5-none,t05s1,long,1000-1130,,2729,30,-0.0764,-0.1194,0.0143,0.641,-3.14,-0.1356,,0.27,-0.0715,-0.0049,-0.0261,-0.98,1572,14,-0.0233,-0.0694,0.0182,0.679,-1.42,-0.0852,,0.43,-0.0643,0.041,0.1013,2.4,False,,,fade,,False,950.0,0.5,none,,,,,,
C,C-fade-dn-T950-k0.5-none-t1s05,C-fade-dn-T950-k0.5-none,t1s05,long,1000-1130,,2729,30,-0.062,-0.1189,0.0139,0.317,-2.57,-0.1351,,0.33,-0.0514,-0.0106,-0.0071,0.18,1572,14,-0.0265,-0.0875,0.0186,0.341,-1.9,-0.1075,,0.36,-0.0445,0.018,0.0629,1.6,False,,,fade,,False,950.0,0.5,none,,,,,,
C,C-follow-dn-T950-k0.5-none-t1s1,C-follow-dn-T950-k0.5-none,t1s1,short,1000-1130,,2729,30,0.0027,-0.0424,0.0191,0.495,-0.65,-0.0682,,0.53,-0.0211,0.0238,0.0229,0.81,1572,14,-0.0608,-0.1162,0.0255,0.469,-1.76,-0.148,,0.21,-0.0411,-0.0197,-0.0812,-1.46,False,,,follow,,False,950.0,0.5,none,,,,,,
C,C-follow-dn-T950-k0.5-none-t05s1,C-follow-dn-T950-k0.5-none,t05s1,short,1000-1130,,2729,30,-0.0274,-0.0667,0.0137,0.672,-1.99,-0.0803,,0.47,-0.0412,0.0138,0.0118,0.11,1572,14,-0.0662,-0.1145,0.0187,0.648,-2.65,-0.1309,,0.29,-0.0641,-0.0021,-0.0438,-0.94,False,,,follow,,False,950.0,0.5,none,,,,,,
C,C-follow-dn-T950-k0.5-none-t1s05,C-follow-dn-T950-k0.5-none,t1s05,short,1000-1130,,2729,30,-0.0157,-0.0692,0.0141,0.347,-2.0,-0.0915,,0.33,-0.0211,0.0054,0.0282,1.09,1572,14,-0.0752,-0.1391,0.0183,0.31,-3.26,-0.1628,,0.14,-0.0446,-0.0305,-0.0858,-1.86,False,,,follow,,False,950.0,0.5,none,,,,,,
C,C-fade-dn-T950-k0.5-pb0.1-t1s1,C-fade-dn-T950-k0.5-pb0.1,t1s1,long,1000-1130,,2588,30,-0.0905,-0.14,0.0198,0.453,-2.82,-0.1657,,0.3,-0.0713,-0.0192,-0.0162,-0.51,1462,14,-0.033,-0.0857,0.0263,0.487,-1.22,-0.1116,,0.29,-0.0673,0.0343,0.0958,1.87,False,,,fade,,False,950.0,0.5,pb0.1,,,,,,
C,C-fade-dn-T950-k0.5-pb0.1-t05s1,C-fade-dn-T950-k0.5-pb0.1,t05s1,long,1000-1130,,2588,30,-0.0763,-0.1195,0.0146,0.641,-3.29,-0.1367,,0.3,-0.0715,-0.0048,-0.024,-0.88,1462,14,-0.0252,-0.0711,0.0189,0.677,-1.55,-0.0857,,0.36,-0.0643,0.0392,0.0976,2.17,False,,,fade,,False,950.0,0.5,pb0.1,,,,,,
C,C-fade-dn-T950-k0.5-pb0.1-t1s05,C-fade-dn-T950-k0.5-pb0.1,t1s05,long,1000-1130,,2588,30,-0.0627,-0.1196,0.0143,0.316,-2.76,-0.1385,,0.37,-0.0514,-0.0113,-0.0066,0.14,1462,14,-0.0265,-0.0873,0.0193,0.342,-2.09,-0.1053,,0.43,-0.0445,0.018,0.0618,1.48,False,,,fade,,False,950.0,0.5,pb0.1,,,,,,
C,C-follow-dn-T950-k0.5-pb0.1-t1s1,C-follow-dn-T950-k0.5-pb0.1,t1s1,short,1000-1130,,2588,30,0.0052,-0.0402,0.0196,0.497,-0.61,-0.0686,,0.53,-0.0211,0.0263,0.024,0.82,1462,14,-0.0587,-0.1145,0.0265,0.471,-1.76,-0.1471,,0.21,-0.0411,-0.0176,-0.0765,-1.38,False,,,follow,,False,950.0,0.5,pb0.1,,,,,,
C,C-follow-dn-T950-k0.5-pb0.1-t05s1,C-follow-dn-T950-k0.5-pb0.1,t05s1,short,1000-1130,,2588,30,-0.0271,-0.0666,0.0141,0.672,-1.96,-0.0818,,0.43,-0.0412,0.0142,0.0109,0.13,1462,14,-0.0658,-0.1145,0.0194,0.648,-2.82,-0.1309,,0.29,-0.0641,-0.0017,-0.0423,-0.87,False,,,follow,,False,950.0,0.5,pb0.1,,,,,,
C,C-follow-dn-T950-k0.5-pb0.1-t1s05,C-follow-dn-T950-k0.5-pb0.1,t1s05,short,1000-1130,,2588,30,-0.0163,-0.0698,0.0145,0.346,-2.08,-0.0937,,0.33,-0.0211,0.0048,0.0255,0.97,1462,14,-0.0733,-0.1374,0.019,0.311,-3.29,-0.1566,,0.14,-0.0446,-0.0287,-0.0822,-1.66,False,,,follow,,False,950.0,0.5,pb0.1,,,,,,
C,C-fade-dn-T950-k0.5-pb0.25-t1s1,C-fade-dn-T950-k0.5-pb0.25,t1s1,long,1000-1130,,2190,30,-0.0901,-0.1395,0.0215,0.452,-2.89,-0.1656,,0.33,-0.0713,-0.0189,-0.0152,-0.24,1215,14,-0.075,-0.1281,0.0286,0.454,-2.12,-0.1518,,0.21,-0.0673,-0.0078,0.0368,0.74,False,,,fade,,False,950.0,0.5,pb0.25,,,,,,
C,C-fade-dn-T950-k0.5-pb0.25-t05s1,C-fade-dn-T950-k0.5-pb0.25,t05s1,long,1000-1130,,2190,30,-0.0807,-0.124,0.0159,0.637,-3.63,-0.1395,,0.23,-0.0715,-0.0092,-0.0236,-0.62,1215,14,-0.0575,-0.1042,0.021,0.652,-2.3,-0.1195,,0.36,-0.0643,0.0068,0.0539,1.27,False,,,fade,,False,950.0,0.5,pb0.25,,,,,,
C,C-fade-dn-T950-k0.5-pb0.25-t1s05,C-fade-dn-T950-k0.5-pb0.25,t1s05,long,1000-1130,,2190,30,-0.0587,-0.1158,0.0156,0.319,-2.49,-0.1305,,0.3,-0.0514,-0.0074,-0.0032,0.6,1215,14,-0.0731,-0.1342,0.0206,0.309,-3.33,-0.1476,,0.36,-0.0445,-0.0285,0.0045,0.13,False,,,fade,,False,950.0,0.5,pb0.25,,,,,,
C,C-follow-dn-T950-k0.5-pb0.25-t1s1,C-follow-dn-T950-k0.5-pb0.25,t1s1,short,1000-1130,,2190,30,0.0061,-0.0388,0.0213,0.495,-0.54,-0.0662,,0.5,-0.0211,0.0272,0.024,0.54,1215,14,-0.0128,-0.0654,0.0287,0.486,-1.11,-0.1091,,0.29,-0.0411,0.0283,-0.0147,-0.23,False,,,follow,,False,950.0,0.5,pb0.25,,,,,,
C,C-follow-dn-T950-k0.5-pb0.25-t05s1,C-follow-dn-T950-k0.5-pb0.25,t05s1,short,1000-1130,,2190,30,-0.0306,-0.07,0.0153,0.67,-2.09,-0.0868,,0.4,-0.0412,0.0106,0.0077,-0.37,1215,14,-0.016,-0.0623,0.0207,0.68,-1.72,-0.0909,,0.36,-0.0641,0.0481,0.0171,0.45,False,,,follow,,False,950.0,0.5,pb0.25,,,,,,
C,C-follow-dn-T950-k0.5-pb0.25-t1s05,C-follow-dn-T950-k0.5-pb0.25,t1s05,short,1000-1130,,2190,30,-0.0128,-0.0659,0.0157,0.348,-1.97,-0.0872,,0.37,-0.0211,0.0084,0.024,0.67,1215,14,-0.0377,-0.0988,0.021,0.333,-2.31,-0.1178,,0.14,-0.0446,0.0069,-0.0367,-0.72,False,,,follow,,False,950.0,0.5,pb0.25,,,,,,
C,C-fade-dn-T950-k0.5-pb0.5-t1s1,C-fade-dn-T950-k0.5-pb0.5,t1s1,long,1000-1130,,1428,30,-0.0927,-0.1417,0.0266,0.447,-3.05,-0.1784,,0.37,-0.0713,-0.0214,-0.0374,-0.42,759,14,-0.1222,-0.1768,0.0361,0.427,-3.72,-0.1902,,0.21,-0.0673,-0.055,-0.0484,-0.57,False,,,fade,,False,950.0,0.5,pb0.5,,,,,,
C,C-fade-dn-T950-k0.5-pb0.5-t05s1,C-fade-dn-T950-k0.5-pb0.5,t05s1,long,1000-1130,,1428,30,-0.0929,-0.1363,0.0198,0.627,-3.64,-0.1552,,0.27,-0.0715,-0.0214,-0.043,-0.96,759,14,-0.0818,-0.13,0.0269,0.636,-3.35,-0.1416,,0.29,-0.0643,-0.0175,-0.0033,0.49,False,,,fade,,False,950.0,0.5,pb0.5,,,,,,
C,C-fade-dn-T950-k0.5-pb0.5-t1s05,C-fade-dn-T950-k0.5-pb0.5,t1s05,long,1000-1130,,1428,30,-0.0364,-0.0917,0.0194,0.331,-2.6,-0.1029,,0.3,-0.0514,0.015,-0.0002,1.16,759,14,-0.0686,-0.1313,0.0262,0.311,-4.66,-0.1435,,0.14,-0.0445,-0.024,-0.0171,-0.14,False,,,fade,,False,950.0,0.5,pb0.5,,,,,,
C,C-follow-dn-T950-k0.5-pb0.5-t1s1,C-follow-dn-T950-k0.5-pb0.5,t1s1,short,1000-1130,,1428,30,0.0124,-0.032,0.0263,0.498,-0.4,-0.0531,,0.47,-0.0211,0.0335,0.0497,0.86,759,14,0.0328,-0.0195,0.0362,0.505,-0.34,-0.064,,0.43,-0.0411,0.0739,0.0677,1.01,False,,,follow,,False,950.0,0.5,pb0.5,,,,,,
C,C-follow-dn-T950-k0.5-pb0.5-t05s1,C-follow-dn-T950-k0.5-pb0.5,t05s1,short,1000-1130,,1428,30,-0.0523,-0.0923,0.0192,0.654,-3.01,-0.1082,,0.23,-0.0412,-0.0111,0.005,-0.91,759,14,-0.0228,-0.0693,0.0262,0.677,-2.41,-0.0984,,0.21,-0.0641,0.0412,0.035,0.94,False,,,follow,,False,950.0,0.5,pb0.5,,,,,,
C,C-follow-dn-T950-k0.5-pb0.5-t1s05,C-follow-dn-T950-k0.5-pb0.5,t1s05,short,1000-1130,,1428,30,-0.0001,-0.052,0.0195,0.354,-1.31,-0.0697,,0.43,-0.0211,0.0211,0.0437,1.09,759,14,-0.0195,-0.0808,0.0268,0.344,-2.51,-0.1121,,0.21,-0.0446,0.0252,0.0122,-0.18,False,,,follow,,False,950.0,0.5,pb0.5,,,,,,
C,C-fade-dn-T950-k0.5-rsi3x-t1s1,C-fade-dn-T950-k0.5-rsi3x,t1s1,long,1000-1130,,2289,30,-0.1024,-0.1505,0.0208,0.437,-2.88,-0.1753,,0.37,-0.0713,-0.0311,-0.012,0.05,1288,14,-0.0903,-0.1449,0.0279,0.447,-2.42,-0.1848,,0.21,-0.0673,-0.023,-0.008,-0.33,False,,,fade,,False,950.0,0.5,rsi3x,,,,,,
C,C-fade-dn-T950-k0.5-rsi3x-t05s1,C-fade-dn-T950-k0.5-rsi3x,t05s1,long,1000-1130,,2289,30,-0.0836,-0.1258,0.0155,0.636,-3.29,-0.1345,,0.33,-0.0715,-0.0121,-0.0087,0.27,1288,14,-0.098,-0.1463,0.0208,0.628,-3.93,-0.1688,,0.14,-0.0643,-0.0337,0.0,-0.2,False,,,fade,,False,950.0,0.5,rsi3x,,,,,,
C,C-fade-dn-T950-k0.5-rsi3x-t1s05,C-fade-dn-T950-k0.5-rsi3x,t1s05,long,1000-1130,,2289,30,-0.0837,-0.1403,0.0149,0.301,-3.83,-0.1554,,0.2,-0.0514,-0.0323,-0.0116,0.27,1288,14,-0.0678,-0.1308,0.0202,0.311,-3.65,-0.1483,,0.21,-0.0445,-0.0232,0.0024,-0.08,False,,,fade,,False,950.0,0.5,rsi3x,,,,,,
C,C-follow-dn-T950-k0.5-rsi3x-t1s1,C-follow-dn-T950-k0.5-rsi3x,t1s1,short,1000-1130,,2289,30,0.0185,-0.027,0.0208,0.497,-0.65,-0.0524,,0.53,-0.0211,0.0396,0.0207,0.22,1288,14,0.0005,-0.0525,0.0279,0.494,-0.5,-0.089,,0.5,-0.0411,0.0416,0.0262,0.63,False,,,follow,,False,950.0,0.5,rsi3x,,,,,,
C,C-follow-dn-T950-k0.5-rsi3x-t05s1,C-follow-dn-T950-k0.5-rsi3x,t05s1,short,1000-1130,,2289,30,-0.0008,-0.0405,0.0148,0.689,-1.74,-0.0545,,0.4,-0.0412,0.0404,0.0202,0.11,1288,14,-0.022,-0.0678,0.02,0.676,-1.45,-0.0821,,0.36,-0.0641,0.042,0.016,0.58,False,,,follow,,False,950.0,0.5,rsi3x,,,,,,
C,C-follow-dn-T950-k0.5-rsi3x-t1s05,C-follow-dn-T950-k0.5-rsi3x,t1s05,short,1000-1130,,2289,30,-0.0075,-0.062,0.0155,0.353,-2.4,-0.0821,,0.33,-0.0211,0.0136,0.0109,-0.17,1288,14,0.0071,-0.0538,0.0209,0.365,-1.07,-0.0667,,0.57,-0.0446,0.0517,0.018,0.69,False,,,follow,,False,950.0,0.5,rsi3x,,,,,,
C,C-fade-dn-T950-k0.5-vwap-t1s1,C-fade-dn-T950-k0.5-vwap,t1s1,long,1000-1130,,2111,30,-0.0858,-0.1349,0.0218,0.45,-2.39,-0.1652,,0.37,-0.0713,-0.0145,-0.0117,0.16,1187,14,-0.0732,-0.1258,0.0289,0.457,-2.11,-0.1465,,0.21,-0.0673,-0.0059,0.034,0.84,False,,,fade,,False,950.0,0.5,vwap,,,,,,
C,C-fade-dn-T950-k0.5-vwap-t05s1,C-fade-dn-T950-k0.5-vwap,t05s1,long,1000-1130,,2111,30,-0.0655,-0.1081,0.0161,0.647,-3.06,-0.1197,,0.27,-0.0715,0.006,-0.0066,0.06,1187,14,-0.0743,-0.1211,0.0213,0.639,-2.94,-0.1357,,0.21,-0.0643,-0.0099,0.0349,0.8,False,,,fade,,False,950.0,0.5,vwap,,,,,,
C,C-fade-dn-T950-k0.5-vwap-t1s05,C-fade-dn-T950-k0.5-vwap,t1s05,long,1000-1130,,2111,30,-0.0581,-0.1145,0.0158,0.318,-2.27,-0.1296,,0.37,-0.0514,-0.0068,-0.0021,0.72,1187,14,-0.0687,-0.1301,0.0209,0.311,-3.7,-0.1447,,0.21,-0.0445,-0.0242,0.0045,0.33,False,,,fade,,False,950.0,0.5,vwap,,,,,,
C,C-follow-dn-T950-k0.5-vwap-t1s1,C-follow-dn-T950-k0.5-vwap,t1s1,short,1000-1130,,2111,30,0.0014,-0.0442,0.0216,0.489,-0.78,-0.0744,,0.43,-0.0211,0.0225,0.02,0.12,1187,14,-0.016,-0.0699,0.0292,0.484,-1.24,-0.1229,,0.29,-0.0411,0.0252,-0.0136,-0.36,False,,,follow,,False,950.0,0.5,vwap,,,,,,
C,C-follow-dn-T950-k0.5-vwap-t05s1,C-follow-dn-T950-k0.5-vwap,t05s1,short,1000-1130,,2111,30,-0.0289,-0.0691,0.0157,0.671,-2.05,-0.0862,,0.47,-0.0412,0.0123,0.0088,-0.45,1187,14,-0.0204,-0.0671,0.021,0.676,-2.28,-0.1025,,0.29,-0.0641,0.0437,0.0166,0.24,False,,,follow,,False,950.0,0.5,vwap,,,,,,
C,C-follow-dn-T950-k0.5-vwap-t1s05,C-follow-dn-T950-k0.5-vwap,t1s05,short,1000-1130,,2111,30,-0.0251,-0.0792,0.016,0.34,-2.34,-0.1,,0.3,-0.0211,-0.004,0.0098,0.13,1187,14,-0.0212,-0.0828,0.0215,0.343,-1.88,-0.0988,,0.29,-0.0446,0.0235,-0.0187,-0.3,False,,,follow,,False,950.0,0.5,vwap,,,,,,
C,C-fade-dn-T950-k0.75-none-t1s1,C-fade-dn-T950-k0.75-none,t1s1,long,1000-1130,,808,30,-0.1168,-0.1672,0.0358,0.453,-2.46,-0.2039,,0.37,-0.0713,-0.0455,-0.0376,-0.8,451,14,0.0119,-0.0414,0.0476,0.517,-1.14,-0.0933,,0.29,-0.0673,0.0792,0.1176,2.0,False,,,fade,,False,950.0,0.75,none,,,,,,
C,C-fade-dn-T950-k0.75-none-t05s1,C-fade-dn-T950-k0.75-none,t05s1,long,1000-1130,,808,30,-0.1172,-0.162,0.0267,0.616,-3.59,-0.1809,,0.3,-0.0715,-0.0457,-0.0642,-1.98,451,14,0.0117,-0.0333,0.033,0.707,-1.26,-0.0485,,0.36,-0.0643,0.076,0.1216,2.29,False,,,fade,,False,950.0,0.75,none,,,,,,
C,C-fade-dn-T950-k0.75-none-t1s05,C-fade-dn-T950-k0.75-none,t1s05,long,1000-1130,,808,30,-0.0775,-0.1349,0.0254,0.308,-2.35,-0.1572,,0.3,-0.0514,-0.0261,-0.0157,0.0,451,14,-0.0253,-0.0894,0.0351,0.346,-3.05,-0.1052,,0.21,-0.0445,0.0193,0.0479,0.77,False,,,fade,,False,950.0,0.75,none,,,,,,
C,C-follow-dn-T950-k0.75-none-t1s1,C-follow-dn-T950-k0.75-none,t1s1,short,1000-1130,,808,30,0.0295,-0.0166,0.0356,0.524,-0.04,-0.0405,,0.47,-0.0211,0.0506,0.0432,0.9,451,14,-0.1106,-0.1704,0.0482,0.455,-2.33,-0.2336,,0.36,-0.0411,-0.0695,-0.1066,-1.65,False,,,follow,,False,950.0,0.75,none,,,,,,
C,C-follow-dn-T950-k0.75-none-t05s1,C-follow-dn-T950-k0.75-none,t05s1,short,1000-1130,,808,30,-0.0221,-0.0621,0.0253,0.678,-1.85,-0.0826,,0.47,-0.0412,0.0191,0.0102,-0.05,451,14,-0.0767,-0.1263,0.035,0.645,-3.06,-0.1403,,0.21,-0.0641,-0.0126,-0.0393,-0.54,False,,,follow,,False,950.0,0.75,none,,,,,,
C,C-follow-dn-T950-k0.75-none-t1s05,C-follow-dn-T950-k0.75-none,t1s05,short,1000-1130,,808,30,0.0176,-0.0354,0.0263,0.371,-0.78,-0.0557,,0.5,-0.0211,0.0387,0.0589,1.88,451,14,-0.1269,-0.1971,0.0336,0.282,-4.57,-0.2157,,0.14,-0.0446,-0.0823,-0.1252,-2.18,False,,,follow,,False,950.0,0.75,none,,,,,,
C,C-fade-dn-T950-k0.75-pb0.1-t1s1,C-fade-dn-T950-k0.75-pb0.1,t1s1,long,1000-1130,,777,30,-0.1228,-0.1726,0.0364,0.449,-2.45,-0.2095,,0.3,-0.0713,-0.0515,-0.044,-0.81,432,14,0.0101,-0.0439,0.0487,0.519,-1.13,-0.092,,0.29,-0.0673,0.0774,0.1172,1.87,False,,,fade,,False,950.0,0.75,pb0.1,,,,,,
C,C-fade-dn-T950-k0.75-pb0.1-t05s1,C-fade-dn-T950-k0.75-pb0.1,t05s1,long,1000-1130,,777,30,-0.1182,-0.1623,0.0272,0.615,-3.39,-0.1813,,0.3,-0.0715,-0.0467,-0.0642,-1.77,432,14,0.0016,-0.044,0.034,0.699,-1.41,-0.0604,,0.36,-0.0643,0.066,0.1126,2.01,False,,,fade,,False,950.0,0.75,pb0.1,,,,,,
C,C-fade-dn-T950-k0.75-pb0.1-t1s05,C-fade-dn-T950-k0.75-pb0.1,t1s05,long,1000-1130,,777,30,-0.0853,-0.1419,0.0257,0.302,-2.43,-0.1662,,0.33,-0.0514,-0.0339,-0.0242,-0.16,432,14,-0.0345,-0.0999,0.0358,0.343,-3.18,-0.1195,,0.29,-0.0445,0.01,0.0415,0.57,False,,,fade,,False,950.0,0.75,pb0.1,,,,,,
C,C-follow-dn-T950-k0.75-pb0.1-t1s1,C-follow-dn-T950-k0.75-pb0.1,t1s1,short,1000-1130,,777,30,0.0369,-0.0087,0.0363,0.525,0.04,-0.0353,,0.5,-0.0211,0.058,0.051,0.92,432,14,-0.109,-0.1694,0.0494,0.456,-2.23,-0.2357,,0.36,-0.0411,-0.0679,-0.1064,-1.56,False,,,follow,,False,950.0,0.75,pb0.1,,,,,,
C,C-follow-dn-T950-k0.75-pb0.1-t05s1,C-follow-dn-T950-k0.75-pb0.1,t05s1,short,1000-1130,,777,30,-0.0135,-0.0531,0.0257,0.683,-1.6,-0.073,,0.5,-0.0412,0.0278,0.0195,0.13,432,14,-0.0678,-0.1174,0.0357,0.653,-2.71,-0.1301,,0.21,-0.0641,-0.0037,-0.0331,-0.37,False,,,follow,,False,950.0,0.75,pb0.1,,,,,,
C,C-follow-dn-T950-k0.75-pb0.1-t1s05,C-follow-dn-T950-k0.75-pb0.1,t1s05,short,1000-1130,,777,30,0.0194,-0.0331,0.0268,0.372,-0.71,-0.0525,,0.5,-0.0211,0.0405,0.0597,1.69,432,14,-0.1178,-0.1881,0.0345,0.287,-4.18,-0.2079,,0.14,-0.0446,-0.0732,-0.1171,-1.96,False,,,follow,,False,950.0,0.75,pb0.1,,,,,,
C,C-fade-dn-T950-k0.75-pb0.25-t1s1,C-fade-dn-T950-k0.75-pb0.25,t1s1,long,1000-1130,,684,30,-0.1046,-0.1531,0.0386,0.455,-2.54,-0.1943,,0.33,-0.0713,-0.0333,-0.0269,-0.59,371,14,-0.0158,-0.0702,0.0527,0.499,-1.26,-0.0966,,0.36,-0.0673,0.0514,0.0911,1.59,False,,,fade,,False,950.0,0.75,pb0.25,,,,,,
C,C-fade-dn-T950-k0.75-pb0.25-t05s1,C-fade-dn-T950-k0.75-pb0.25,t05s1,long,1000-1130,,684,30,-0.1022,-0.1446,0.0286,0.624,-3.03,-0.1631,,0.4,-0.0715,-0.0307,-0.0468,-0.89,371,14,-0.0364,-0.0836,0.0378,0.674,-1.87,-0.0954,,0.43,-0.0643,0.0279,0.0736,1.35,False,,,fade,,False,950.0,0.75,pb0.25,,,,,,
C,C-fade-dn-T950-k0.75-pb0.25-t1s05,C-fade-dn-T950-k0.75-pb0.25,t1s05,long,1000-1130,,684,30,-0.0608,-0.1153,0.0276,0.317,-1.9,-0.1416,,0.33,-0.0514,-0.0094,0.0007,0.52,371,14,-0.0406,-0.1036,0.0382,0.337,-3.05,-0.1188,,0.14,-0.0445,0.0039,0.0375,0.67,False,,,fade,,False,950.0,0.75,pb0.25,,,,,,
C,C-follow-dn-T950-k0.75-pb0.25-t1s1,C-follow-dn-T950-k0.75-pb0.25,t1s1,short,1000-1130,,684,30,0.0216,-0.024,0.0386,0.515,-0.11,-0.0517,,0.47,-0.0211,0.0427,0.0367,0.74,371,14,-0.0785,-0.1342,0.0528,0.472,-2.31,-0.1923,,0.29,-0.0411,-0.0374,-0.0761,-1.28,False,,,follow,,False,950.0,0.75,pb0.25,,,,,,
C,C-follow-dn-T950-k0.75-pb0.25-t05s1,C-follow-dn-T950-k0.75-pb0.25,t05s1,short,1000-1130,,684,30,-0.0368,-0.0775,0.0278,0.667,-2.19,-0.0976,,0.47,-0.0412,0.0044,-0.0043,-0.55,371,14,-0.0578,-0.1059,0.0384,0.658,-2.53,-0.1209,,0.29,-0.0641,0.0063,-0.0258,-0.38,False,,,follow,,False,950.0,0.75,pb0.25,,,,,,
C,C-follow-dn-T950-k0.75-pb0.25-t1s05,C-follow-dn-T950-k0.75-pb0.25,t1s05,short,1000-1130,,684,30,0.0024,-0.0505,0.0285,0.361,-1.51,-0.075,,0.37,-0.0211,0.0236,0.0411,0.66,371,14,-0.0782,-0.1432,0.0377,0.313,-3.03,-0.1642,,0.21,-0.0446,-0.0335,-0.0769,-1.29,False,,,follow,,False,950.0,0.75,pb0.25,,,,,,
C,C-fade-dn-T950-k0.75-pb0.5-t1s1,C-fade-dn-T950-k0.75-pb0.5,t1s1,long,1000-1130,,522,30,-0.1486,-0.1981,0.0439,0.429,-3.19,-0.2389,,0.33,-0.0713,-0.0773,-0.0721,-1.17,269,14,-0.1165,-0.1726,0.0613,0.439,-2.55,-0.2067,,0.21,-0.0673,-0.0493,-0.0426,0.13,False,,,fade,,False,950.0,0.75,pb0.5,,,,,,
C,C-fade-dn-T950-k0.75-pb0.5-t05s1,C-fade-dn-T950-k0.75-pb0.5,t05s1,long,1000-1130,,522,30,-0.1696,-0.2139,0.0333,0.577,-4.46,-0.2442,,0.3,-0.0715,-0.0981,-0.1102,-2.74,269,14,-0.0749,-0.1229,0.0449,0.647,-1.97,-0.1499,,0.36,-0.0643,-0.0106,0.0078,1.02,False,,,fade,,False,950.0,0.75,pb0.5,,,,,,
C,C-fade-dn-T950-k0.75-pb0.5-t1s05,C-fade-dn-T950-k0.75-pb0.5,t1s05,long,1000-1130,,522,30,-0.0918,-0.1475,0.0311,0.299,-3.2,-0.1666,,0.27,-0.0514,-0.0404,-0.0322,-0.53,269,14,-0.0634,-0.1285,0.0444,0.316,-2.8,-0.1456,,0.14,-0.0445,-0.0189,-0.0092,0.25,False,,,fade,,False,950.0,0.75,pb0.5,,,,,,
C,C-follow-dn-T950-k0.75-pb0.5-t1s1,C-follow-dn-T950-k0.75-pb0.5,t1s1,short,1000-1130,,522,30,0.068,0.0229,0.0439,0.536,0.49,-0.0034,1.14,0.6,-0.0211,0.0891,0.084,1.3,269,14,0.0197,-0.0359,0.0619,0.513,-1.0,-0.0769,,0.5,-0.0411,0.0608,0.0547,0.09,False,,,follow,,False,950.0,0.75,pb0.5,,,,,,
C,C-follow-dn-T950-k0.75-pb0.5-t05s1,C-follow-dn-T950-k0.75-pb0.5,t05s1,short,1000-1130,,522,30,-0.006,-0.0465,0.0314,0.688,-1.27,-0.0619,,0.43,-0.0412,0.0352,0.028,0.34,269,14,-0.039,-0.0868,0.0443,0.665,-2.08,-0.0952,,0.36,-0.0641,0.0251,0.0164,-0.02,False,,,follow,,False,950.0,0.75,pb0.5,,,,,,
C,C-follow-dn-T950-k0.75-pb0.5-t1s05,C-follow-dn-T950-k0.75-pb0.5,t1s05,short,1000-1130,,522,30,0.0689,0.0169,0.0333,0.402,0.47,0.0028,0.84,0.57,-0.0211,0.09,0.1033,2.53,269,14,-0.0498,-0.1167,0.0453,0.331,-3.16,-0.1495,,0.29,-0.0446,-0.0052,-0.0217,-1.11,False,,,follow,,False,950.0,0.75,pb0.5,,,,,,
C,C-fade-dn-T950-k0.75-rsi3x-t1s1,C-fade-dn-T950-k0.75-rsi3x,t1s1,long,1000-1130,,666,30,-0.0563,-0.1028,0.0389,0.473,-2.48,-0.1195,,0.37,-0.0713,0.015,0.0382,0.66,389,14,-0.1155,-0.1728,0.0512,0.447,-2.09,-0.2304,,0.29,-0.0673,-0.0482,-0.0515,-0.12,False,,,fade,,False,950.0,0.75,rsi3x,,,,,,
C,C-fade-dn-T950-k0.75-rsi3x-t05s1,C-fade-dn-T950-k0.75-rsi3x,t05s1,long,1000-1130,,666,30,-0.0992,-0.1407,0.0288,0.625,-3.5,-0.1548,,0.27,-0.0715,-0.0278,-0.0187,0.16,389,14,-0.1199,-0.1688,0.0379,0.617,-3.43,-0.1781,,0.21,-0.0643,-0.0555,-0.0343,-0.03,False,,,fade,,False,950.0,0.75,rsi3x,,,,,,
C,C-fade-dn-T950-k0.75-rsi3x-t1s05,C-fade-dn-T950-k0.75-rsi3x,t1s05,long,1000-1130,,666,30,-0.0328,-0.0858,0.0283,0.338,-1.73,-0.0977,,0.37,-0.0514,0.0186,0.0438,2.06,389,14,-0.0897,-0.1566,0.0367,0.306,-2.41,-0.1818,,0.29,-0.0445,-0.0451,-0.0284,-0.13,False,,,fade,,False,950.0,0.75,rsi3x,,,,,,
C,C-follow-dn-T950-k0.75-rsi3x-t1s1,C-follow-dn-T950-k0.75-rsi3x,t1s1,short,1000-1130,,666,30,-0.0247,-0.0725,0.0391,0.486,-1.28,-0.0943,,0.4,-0.0211,-0.0036,-0.0269,-0.42,389,14,0.0184,-0.0377,0.0516,0.514,-0.61,-0.1204,,0.43,-0.0411,0.0595,0.0622,0.26,False,,,follow,,False,950.0,0.75,rsi3x,,,,,,
C,C-follow-dn-T950-k0.75-rsi3x-t05s1,C-follow-dn-T950-k0.75-rsi3x,t05s1,short,1000-1130,,666,30,-0.0505,-0.093,0.0286,0.658,-3.46,-0.1089,,0.3,-0.0412,-0.0093,-0.0341,-1.71,389,14,-0.0074,-0.055,0.0364,0.694,-0.94,-0.1019,,0.36,-0.0641,0.0567,0.0395,0.32,False,,,follow,,False,950.0,0.75,rsi3x,,,,,,
C,C-follow-dn-T950-k0.75-rsi3x-t1s05,C-follow-dn-T950-k0.75-rsi3x,t1s05,short,1000-1130,,666,30,-0.002,-0.0564,0.0289,0.357,-2.78,-0.0675,,0.3,-0.0211,0.0191,0.0107,-0.38,389,14,0.0228,-0.0426,0.0389,0.378,-1.19,-0.0799,,0.5,-0.0446,0.0674,0.046,0.27,False,,,follow,,False,950.0,0.75,rsi3x,,,,,,
C,C-fade-dn-T950-k0.75-vwap-t1s1,C-fade-dn-T950-k0.75-vwap,t1s1,long,1000-1130,,610,30,-0.0898,-0.1376,0.0408,0.459,-2.11,-0.1795,,0.3,-0.0713,-0.0185,-0.0062,-0.07,340,14,-0.0395,-0.0927,0.0546,0.485,-1.02,-0.1194,,0.43,-0.0673,0.0277,0.0336,1.17,False,,,fade,,False,950.0,0.75,vwap,,,,,,
C,C-fade-dn-T950-k0.75-vwap-t05s1,C-fade-dn-T950-k0.75-vwap,t05s1,long,1000-1130,,610,30,-0.0902,-0.1323,0.0302,0.633,-2.43,-0.1557,,0.37,-0.0715,-0.0187,-0.0246,-0.22,340,14,-0.0672,-0.1145,0.0397,0.647,-2.49,-0.1373,,0.21,-0.0643,-0.0028,0.0154,0.66,False,,,fade,,False,950.0,0.75,vwap,,,,,,
C,C-fade-dn-T950-k0.75-vwap-t1s05,C-fade-dn-T950-k0.75-vwap,t1s05,long,1000-1130,,610,30,-0.0661,-0.1201,0.029,0.313,-1.93,-0.1445,,0.3,-0.0514,-0.0147,0.0005,0.53,340,14,-0.0736,-0.1361,0.0389,0.312,-3.05,-0.154,,0.14,-0.0445,-0.0291,-0.0253,-0.03,False,,,fade,,False,950.0,0.75,vwap,,,,,,
C,C-follow-dn-T950-k0.75-vwap-t1s1,C-follow-dn-T950-k0.75-vwap,t1s1,short,1000-1130,,610,30,0.0063,-0.0404,0.0409,0.503,-0.5,-0.0695,,0.5,-0.0211,0.0274,0.0154,0.19,340,14,-0.0539,-0.1112,0.0555,0.479,-1.96,-0.202,,0.29,-0.0411,-0.0128,-0.0181,-0.9,False,,,follow,,False,950.0,0.75,vwap,,,,,,
C,C-follow-dn-T950-k0.75-vwap-t05s1,C-follow-dn-T950-k0.75-vwap,t05s1,short,1000-1130,,610,30,-0.024,-0.0653,0.0294,0.674,-1.9,-0.0881,,0.43,-0.0412,0.0172,0.0032,-0.5,340,14,-0.0198,-0.0682,0.0395,0.679,-1.65,-0.1155,,0.29,-0.0641,0.0443,0.0414,0.36,False,,,follow,,False,950.0,0.75,vwap,,,,,,
C,C-follow-dn-T950-k0.75-vwap-t1s05,C-follow-dn-T950-k0.75-vwap,t1s05,short,1000-1130,,610,30,-0.0023,-0.0559,0.0301,0.357,-1.59,-0.0789,,0.5,-0.0211,0.0188,0.0259,0.11,340,14,-0.0439,-0.1087,0.0402,0.332,-2.6,-0.1699,,0.29,-0.0446,0.0007,-0.0159,-0.64,False,,,follow,,False,950.0,0.75,vwap,,,,,,
C,C-fade-dn-T950-k1.0-none-t1s1,C-fade-dn-T950-k1.0-none,t1s1,long,1000-1130,,304,30,-0.1958,-0.2496,0.0581,0.418,-2.16,-0.3055,,0.27,-0.0713,-0.1245,-0.1037,-0.94,139,14,-0.0586,-0.1101,0.0862,0.482,-1.64,-0.1416,,0.36,-0.0673,0.0087,0.0456,0.46,False,,,fade,,False,950.0,1.0,none,,,,,,
C,C-fade-dn-T950-k1.0-none-t05s1,C-fade-dn-T950-k1.0-none,t05s1,long,1000-1130,,304,30,-0.1919,-0.2385,0.0441,0.569,-3.57,-0.2786,,0.33,-0.0715,-0.1204,-0.1317,-2.39,139,14,-0.0119,-0.0544,0.0606,0.691,-1.21,-0.0751,,0.29,-0.0643,0.0525,0.094,1.13,False,,,fade,,False,950.0,1.0,none,,,,,,
C,C-fade-dn-T950-k1.0-none-t1s05,C-fade-dn-T950-k1.0-none,t1s05,long,1000-1130,,304,30,-0.1174,-0.1759,0.0401,0.283,-1.92,-0.2204,,0.37,-0.0514,-0.0661,-0.0417,-0.3,139,14,-0.0267,-0.0883,0.0637,0.345,-1.41,-0.1432,,0.36,-0.0445,0.0178,0.0484,0.82,False,,,fade,,False,950.0,1.0,none,,,,,,
C,C-follow-dn-T950-k1.0-none-t1s1,C-follow-dn-T950-k1.0-none,t1s1,short,1000-1130,,304,30,0.0983,0.051,0.058,0.566,0.13,0.0098,0.82,0.63,-0.0211,0.1194,0.0989,0.85,139,14,-0.0371,-0.0905,0.0871,0.489,-0.85,-0.1291,,0.43,-0.0411,0.004,-0.032,-0.25,False,,,follow,,False,950.0,1.0,none,,,,,,
C,C-follow-dn-T950-k1.0-none-t05s1,C-follow-dn-T950-k1.0-none,t05s1,short,1000-1130,,304,30,-0.013,-0.0564,0.0416,0.684,-1.51,-0.0754,,0.4,-0.0412,0.0282,0.0054,-0.27,139,14,-0.0798,-0.1241,0.0628,0.64,-2.36,-0.1454,,0.29,-0.0641,-0.0157,-0.0447,-0.72,False,,,follow,,False,950.0,1.0,none,,,,,,
C,C-follow-dn-T950-k1.0-none-t1s05,C-follow-dn-T950-k1.0-none,t1s05,short,1000-1130,,304,30,0.0664,0.0102,0.0441,0.408,-0.05,-0.0226,3.08,0.47,-0.0211,0.0875,0.1007,1.51,139,14,-0.1054,-0.1714,0.0619,0.295,-2.71,-0.1838,,0.29,-0.0446,-0.0608,-0.1001,-1.1,False,,,follow,,False,950.0,1.0,none,,,,,,
C,C-fade-dn-T950-k1.0-pb0.1-t1s1,C-fade-dn-T950-k1.0-pb0.1,t1s1,long,1000-1130,,296,30,-0.1915,-0.2435,0.0587,0.419,-2.16,-0.2961,,0.27,-0.0713,-0.1203,-0.0996,-0.93,137,14,-0.0445,-0.0961,0.0869,0.489,-1.6,-0.1272,,0.36,-0.0673,0.0228,0.0563,0.59,False,,,fade,,False,950.0,1.0,pb0.1,,,,,,
C,C-fade-dn-T950-k1.0-pb0.1-t05s1,C-fade-dn-T950-k1.0-pb0.1,t05s1,long,1000-1130,,296,30,-0.1925,-0.2375,0.0445,0.568,-3.55,-0.276,,0.3,-0.0715,-0.1211,-0.1302,-2.36,137,14,0.003,-0.0396,0.0606,0.701,-0.92,-0.059,,0.36,-0.0643,0.0673,0.1071,1.29,False,,,fade,,False,950.0,1.0,pb0.1,,,,,,
C,C-fade-dn-T950-k1.0-pb0.1-t1s05,C-fade-dn-T950-k1.0-pb0.1,t1s05,long,1000-1130,,296,30,-0.1195,-0.1758,0.0403,0.28,-1.77,-0.2172,,0.33,-0.0514,-0.0681,-0.0442,-0.16,137,14,-0.0303,-0.0922,0.0641,0.343,-1.7,-0.149,,0.29,-0.0445,0.0142,0.0433,0.67,False,,,fade,,False,950.0,1.0,pb0.1,,,,,,
C,C-follow-dn-T950-k1.0-pb0.1-t1s1,C-follow-dn-T950-k1.0-pb0.1,t1s1,short,1000-1130,,296,30,0.097,0.0503,0.0589,0.564,0.18,0.0079,0.85,0.63,-0.0211,0.1181,0.0979,0.88,137,14,-0.0518,-0.1057,0.0877,0.482,-1.01,-0.1375,,0.43,-0.0411,-0.0107,-0.0433,-0.39,False,,,follow,,False,950.0,1.0,pb0.1,,,,,,
C,C-follow-dn-T950-k1.0-pb0.1-t05s1,C-follow-dn-T950-k1.0-pb0.1,t05s1,short,1000-1130,,296,30,-0.0088,-0.052,0.0422,0.686,-1.59,-0.0792,,0.37,-0.0412,0.0324,0.01,-0.35,137,14,-0.0769,-0.1216,0.0633,0.642,-2.28,-0.143,,0.29,-0.0641,-0.0128,-0.0403,-0.56,False,,,follow,,False,950.0,1.0,pb0.1,,,,,,
C,C-follow-dn-T950-k1.0-pb0.1-t1s05,C-follow-dn-T950-k1.0-pb0.1,t1s05,short,1000-1130,,296,30,0.0693,0.0138,0.0448,0.409,0.04,-0.0196,2.33,0.5,-0.0211,0.0904,0.1015,1.55,137,14,-0.1211,-0.1878,0.0617,0.285,-2.93,-0.2013,,0.21,-0.0446,-0.0765,-0.1141,-1.25,False,,,follow,,False,950.0,1.0,pb0.1,,,,,,
C,C-fade-dn-T950-k1.0-pb0.25-t1s1,C-fade-dn-T950-k1.0-pb0.25,t1s1,long,1000-1130,,275,30,-0.2215,-0.2721,0.06,0.4,-2.56,-0.315,,0.23,-0.0713,-0.1502,-0.1216,-1.19,126,14,-0.0688,-0.1212,0.0908,0.476,-1.38,-0.1569,,0.43,-0.0673,-0.0015,0.038,0.66,False,,,fade,,False,950.0,1.0,pb0.25,,,,,,
C,C-fade-dn-T950-k1.0-pb0.25-t05s1,C-fade-dn-T950-k1.0-pb0.25,t05s1,long,1000-1130,,275,30,-0.2258,-0.2703,0.0461,0.542,-4.17,-0.3021,,0.27,-0.0715,-0.1543,-0.155,-2.7,126,14,-0.0223,-0.0652,0.0642,0.683,-0.89,-0.0895,,0.43,-0.0643,0.042,0.0867,1.37,False,,,fade,,False,950.0,1.0,pb0.25,,,,,,
C,C-fade-dn-T950-k1.0-pb0.25-t1s05,C-fade-dn-T950-k1.0-pb0.25,t1s05,long,1000-1130,,275,30,-0.1489,-0.2045,0.0407,0.262,-2.02,-0.2392,,0.3,-0.0514,-0.0975,-0.0691,-0.35,126,14,-0.0307,-0.0899,0.0659,0.341,-1.17,-0.1319,,0.29,-0.0445,0.0138,0.0515,0.84,False,,,fade,,False,950.0,1.0,pb0.25,,,,,,
C,C-follow-dn-T950-k1.0-pb0.25-t1s1,C-follow-dn-T950-k1.0-pb0.25,t1s1,short,1000-1130,,275,30,0.1301,0.0841,0.0605,0.571,0.46,0.0408,0.55,0.6,-0.0211,0.1512,0.1228,1.16,126,14,-0.0235,-0.0745,0.0909,0.5,-0.93,-0.0982,,0.5,-0.0411,0.0176,-0.0212,-0.4,False,,,follow,,False,950.0,1.0,pb0.25,,,,,,
C,C-follow-dn-T950-k1.0-pb0.25-t05s1,C-follow-dn-T950-k1.0-pb0.25,t05s1,short,1000-1130,,275,30,0.0212,-0.0214,0.0432,0.705,-1.32,-0.0498,,0.4,-0.0412,0.0624,0.0353,-0.14,126,14,-0.0734,-0.1186,0.0663,0.643,-1.73,-0.1348,,0.21,-0.0641,-0.0093,-0.0458,-0.66,False,,,follow,,False,950.0,1.0,pb0.25,,,,,,
C,C-follow-dn-T950-k1.0-pb0.25-t1s05,C-follow-dn-T950-k1.0-pb0.25,t1s05,short,1000-1130,,275,30,0.0981,0.0443,0.0467,0.425,0.18,0.0105,0.78,0.53,-0.0211,0.1192,0.1217,1.59,126,14,-0.0937,-0.158,0.0649,0.302,-2.89,-0.2044,,0.36,-0.0446,-0.0491,-0.0921,-1.28,False,,,follow,,False,950.0,1.0,pb0.25,,,,,,
C,C-fade-dn-T950-k1.0-pb0.5-t1s1,C-fade-dn-T950-k1.0-pb0.5,t1s1,long,1000-1130,,213,30,-0.193,-0.2452,0.0691,0.418,-1.5,-0.281,,0.33,-0.0713,-0.1217,-0.0908,-0.21,97,14,-0.1313,-0.1877,0.1026,0.423,-1.48,-0.2113,,0.21,-0.0673,-0.064,-0.0684,-0.16,False,,,fade,,False,950.0,1.0,pb0.5,,,,,,
C,C-fade-dn-T950-k1.0-pb0.5-t05s1,C-fade-dn-T950-k1.0-pb0.5,t05s1,long,1000-1130,,213,30,-0.2407,-0.287,0.0527,0.535,-2.76,-0.3188,,0.3,-0.0715,-0.1692,-0.1654,-1.5,97,14,-0.0145,-0.0602,0.0733,0.691,-0.24,-0.0894,,0.36,-0.0643,0.0499,0.0614,1.29,False,,,fade,,False,950.0,1.0,pb0.5,,,,,,
C,C-fade-dn-T950-k1.0-pb0.5-t1s05,C-fade-dn-T950-k1.0-pb0.5,t1s05,long,1000-1130,,213,30,-0.1486,-0.2067,0.0467,0.263,-2.27,-0.2349,,0.37,-0.0514,-0.0972,-0.0675,-0.38,97,14,-0.0683,-0.1317,0.074,0.309,-2.09,-0.1558,,0.29,-0.0445,-0.0238,-0.0225,-0.57,False,,,fade,,False,950.0,1.0,pb0.5,,,,,,
C,C-follow-dn-T950-k1.0-pb0.5-t1s1,C-follow-dn-T950-k1.0-pb0.5,t1s1,short,1000-1130,,213,30,0.106,0.06,0.0692,0.568,-0.27,0.009,0.86,0.47,-0.0211,0.1271,0.0961,0.15,97,14,0.0302,-0.0213,0.1028,0.515,-0.57,-0.055,,0.5,-0.0411,0.0713,0.0765,0.31,False,,,follow,,False,950.0,1.0,pb0.5,,,,,,
C,C-follow-dn-T950-k1.0-pb0.5-t05s1,C-follow-dn-T950-k1.0-pb0.5,t05s1,short,1000-1130,,213,30,0.0194,-0.0226,0.0488,0.704,-1.27,-0.0547,,0.4,-0.0412,0.0606,0.0319,-0.33,97,14,-0.0483,-0.0944,0.0747,0.66,-0.95,-0.1148,,0.29,-0.0641,0.0158,0.0158,0.65,False,,,follow,,False,950.0,1.0,pb0.5,,,,,,
C,C-follow-dn-T950-k1.0-pb0.5-t1s05,C-follow-dn-T950-k1.0-pb0.5,t1s05,short,1000-1130,,213,30,0.1114,0.0568,0.0534,0.437,-0.12,0.0226,0.63,0.5,-0.0211,0.1326,0.1301,0.88,97,14,-0.1176,-0.1855,0.0734,0.289,-3.29,-0.2127,,0.21,-0.0446,-0.0729,-0.082,-1.35,False,,,follow,,False,950.0,1.0,pb0.5,,,,,,
C,C-fade-dn-T950-k1.0-rsi3x-t1s1,C-fade-dn-T950-k1.0-rsi3x,t1s1,long,1000-1130,,252,30,-0.1255,-0.1746,0.0632,0.444,-1.23,-0.1915,,0.4,-0.0713,-0.0542,-0.0316,0.59,125,14,-0.326,-0.3865,0.0888,0.36,-2.39,-0.4137,,0.21,-0.0673,-0.2588,-0.2536,-1.06,False,,,fade,,False,950.0,1.0,rsi3x,,,,,,
C,C-fade-dn-T950-k1.0-rsi3x-t05s1,C-fade-dn-T950-k1.0-rsi3x,t05s1,long,1000-1130,,252,30,-0.152,-0.1955,0.0476,0.591,-1.46,-0.2138,,0.4,-0.0715,-0.0805,-0.069,0.47,125,14,-0.23,-0.2794,0.0689,0.544,-4.56,-0.2907,,0.07,-0.0643,-0.1657,-0.1424,-1.9,False,,,fade,,False,950.0,1.0,rsi3x,,,,,,
C,C-fade-dn-T950-k1.0-rsi3x-t1s05,C-fade-dn-T950-k1.0-rsi3x,t1s05,long,1000-1130,,252,30,-0.0725,-0.1276,0.045,0.313,-0.93,-0.1401,,0.3,-0.0514,-0.0211,0.0094,1.19,125,14,-0.21,-0.2779,0.0594,0.224,-4.41,-0.2901,,0.07,-0.0445,-0.1655,-0.14,-1.81,False,,,fade,,False,950.0,1.0,rsi3x,,,,,,
C,C-follow-dn-T950-k1.0-rsi3x-t1s1,C-follow-dn-T950-k1.0-rsi3x,t1s1,short,1000-1130,,252,30,0.0401,-0.0086,0.0638,0.524,-1.14,-0.0537,,0.5,-0.0211,0.0612,0.0385,-0.55,125,14,0.234,0.1881,0.0884,0.64,0.66,0.1305,0.44,0.57,-0.0411,0.2751,0.2693,1.16,False,,,follow,,False,950.0,1.0,rsi3x,,,,,,
C,C-follow-dn-T950-k1.0-rsi3x-t05s1,C-follow-dn-T950-k1.0-rsi3x,t05s1,short,1000-1130,,252,30,-0.013,-0.0567,0.046,0.687,-2.09,-0.0768,,0.47,-0.0412,0.0283,-0.0018,-1.07,125,14,0.118,0.0796,0.0576,0.776,0.97,0.0402,0.59,0.5,-0.0641,0.1821,0.1559,1.87,False,,,follow,,False,950.0,1.0,rsi3x,,,,,,
C,C-follow-dn-T950-k1.0-rsi3x-t1s05,C-follow-dn-T950-k1.0-rsi3x,t1s05,short,1000-1130,,252,30,0.0368,-0.0186,0.0479,0.385,-1.89,-0.0444,,0.4,-0.0211,0.0579,0.0472,-0.64,125,14,0.138,0.0811,0.0705,0.456,1.06,0.058,0.38,0.57,-0.0446,0.1826,0.1589,2.06,False,,,follow,,False,950.0,1.0,rsi3x,,,,,,
C,C-fade-dn-T950-k1.0-vwap-t1s1,C-fade-dn-T950-k1.0-vwap,t1s1,long,1000-1130,,229,30,-0.1859,-0.2362,0.0664,0.419,-2.06,-0.2753,,0.37,-0.0713,-0.1146,-0.0769,-0.55,109,14,-0.0874,-0.1394,0.0966,0.459,-0.49,-0.1828,,0.36,-0.0673,-0.0202,-0.0335,0.6,False,,,fade,,False,950.0,1.0,vwap,,,,,,
C,C-fade-dn-T950-k1.0-vwap-t05s1,C-fade-dn-T950-k1.0-vwap,t05s1,long,1000-1130,,229,30,-0.2089,-0.2531,0.0504,0.555,-3.06,-0.2714,,0.33,-0.0715,-0.1374,-0.1213,-1.69,109,14,-0.0544,-0.0984,0.0698,0.661,-0.38,-0.1417,,0.5,-0.0643,0.0099,0.011,1.07,False,,,fade,,False,950.0,1.0,vwap,,,,,,
C,C-fade-dn-T950-k1.0-vwap-t1s05,C-fade-dn-T950-k1.0-vwap,t1s05,long,1000-1130,,229,30,-0.1099,-0.165,0.046,0.288,-1.37,-0.1982,,0.3,-0.0514,-0.0586,-0.0241,0.24,109,14,-0.0512,-0.1095,0.0692,0.321,-0.55,-0.1447,,0.36,-0.0445,-0.0067,-0.0132,0.66,False,,,fade,,False,950.0,1.0,vwap,,,,,,
C,C-follow-dn-T950-k1.0-vwap-t1s1,C-follow-dn-T950-k1.0-vwap,t1s1,short,1000-1130,,229,30,0.0917,0.0437,0.067,0.555,0.01,-0.01,1.21,0.53,-0.0211,0.1128,0.0752,0.47,109,14,-0.0031,-0.0557,0.0978,0.505,-0.97,-0.1675,,0.36,-0.0411,0.038,0.052,-0.41,False,,,follow,,False,950.0,1.0,vwap,,,,,,
C,C-follow-dn-T950-k1.0-vwap-t05s1,C-follow-dn-T950-k1.0-vwap,t05s1,short,1000-1130,,229,30,-0.0017,-0.0459,0.0481,0.69,-1.44,-0.0783,,0.47,-0.0412,0.0395,0.006,-0.54,109,14,-0.0393,-0.086,0.0705,0.661,-1.53,-0.1371,,0.43,-0.0641,0.0248,0.0323,-0.4,False,,,follow,,False,950.0,1.0,vwap,,,,,,
C,C-follow-dn-T950-k1.0-vwap-t1s05,C-follow-dn-T950-k1.0-vwap,t1s05,short,1000-1130,,229,30,0.0972,0.0422,0.0512,0.424,0.05,0.0004,0.99,0.53,-0.0211,0.1183,0.1036,1.12,109,14,-0.0636,-0.1283,0.0713,0.321,-2.59,-0.2241,,0.29,-0.0446,-0.019,-0.0181,-1.08,False,,,follow,,False,950.0,1.0,vwap,,,,,,
C,C-fade-dn-T950-k1.5-none-t1s1,C-fade-dn-T950-k1.5-none,t1s1,long,1000-1130,,81,18,-0.2231,-0.2766,0.1133,0.407,-1.63,-0.3561,,0.28,-0.0713,-0.1518,-0.1149,-0.94,28,13,0.092,0.0375,0.2017,0.571,0.73,-0.0713,2.56,0.62,-0.0673,0.1593,0.2026,1.45,False,,,fade,,False,950.0,1.5,none,,,,,,
C,C-fade-dn-T950-k1.5-none-t05s1,C-fade-dn-T950-k1.5-none,t05s1,long,1000-1130,,81,18,-0.2416,-0.2903,0.0873,0.531,-2.63,-0.3379,,0.33,-0.0715,-0.1702,-0.1512,-2.05,28,13,0.0741,0.0266,0.1391,0.75,0.11,-0.0258,1.87,0.62,-0.0643,0.1385,0.1923,1.1,False,,,fade,,False,950.0,1.5,none,,,,,,
C,C-fade-dn-T950-k1.5-none-t1s05,C-fade-dn-T950-k1.5-none,t1s05,long,1000-1130,,81,18,-0.1676,-0.2253,0.0752,0.247,-1.6,-0.3015,,0.28,-0.0514,-0.1162,-0.0745,-0.7,28,13,-0.0152,-0.0754,0.1467,0.357,-0.13,-0.1134,,0.46,-0.0445,0.0294,0.0542,0.69,False,,,fade,,False,950.0,1.5,none,,,,,,
C,C-follow-dn-T950-k1.5-none-t1s1,C-follow-dn-T950-k1.5-none,t1s1,short,1000-1130,,81,18,0.1473,0.1072,0.1109,0.593,0.53,0.0055,0.96,0.56,-0.0211,0.1684,0.1311,0.98,28,13,-0.1937,-0.2367,0.191,0.429,-1.58,-0.3726,,0.31,-0.0411,-0.1526,-0.1954,-1.41,False,,,follow,,False,950.0,1.5,none,,,,,,
C,C-follow-dn-T950-k1.5-none-t05s1,C-follow-dn-T950-k1.5-none,t05s1,short,1000-1130,,81,18,-0.0009,-0.0381,0.0787,0.691,-1.09,-0.1133,,0.56,-0.0412,0.0403,0.0001,-0.54,28,13,-0.1402,-0.1786,0.1436,0.607,-1.14,-0.2475,,0.38,-0.0641,-0.0761,-0.0997,-0.75,False,,,follow,,False,950.0,1.5,none,,,,,,
C,C-follow-dn-T950-k1.5-none-t1s05,C-follow-dn-T950-k1.5-none,t1s05,short,1000-1130,,81,18,0.0917,0.0449,0.0841,0.42,0.49,-0.0282,1.54,0.5,-0.0211,0.1128,0.0956,1.23,28,13,-0.283,-0.3385,0.1102,0.179,-1.71,-0.3858,,0.23,-0.0446,-0.2384,-0.29,-1.3,False,,,follow,,False,950.0,1.5,none,,,,,,
C,C-fade-dn-T950-k1.5-pb0.1-t1s1,C-fade-dn-T950-k1.5-pb0.1,t1s1,long,1000-1130,,78,18,-0.218,-0.2716,0.1157,0.41,-1.64,-0.3541,,0.28,-0.0713,-0.1467,-0.1167,-0.95,28,13,0.092,0.0375,0.2017,0.571,0.73,-0.0713,2.56,0.62,-0.0673,0.1593,0.2026,1.45,False,,,fade,,False,950.0,1.5,pb0.1,,,,,,
C,C-fade-dn-T950-k1.5-pb0.1-t05s1,C-fade-dn-T950-k1.5-pb0.1,t05s1,long,1000-1130,,78,18,-0.2308,-0.2795,0.089,0.538,-2.64,-0.3283,,0.33,-0.0715,-0.1593,-0.1456,-2.06,28,13,0.0741,0.0266,0.1391,0.75,0.11,-0.0258,1.87,0.62,-0.0643,0.1385,0.1923,1.1,False,,,fade,,False,950.0,1.5,pb0.1,,,,,,
C,C-fade-dn-T950-k1.5-pb0.1-t1s05,C-fade-dn-T950-k1.5-pb0.1,t1s05,long,1000-1130,,78,18,-0.1924,-0.2506,0.0748,0.231,-1.77,-0.3317,,0.28,-0.0514,-0.141,-0.1044,-0.87,28,13,-0.0152,-0.0754,0.1467,0.357,-0.13,-0.1134,,0.46,-0.0445,0.0294,0.0542,0.69,False,,,fade,,False,950.0,1.5,pb0.1,,,,,,
C,C-follow-dn-T950-k1.5-pb0.1-t1s1,C-follow-dn-T950-k1.5-pb0.1,t1s1,short,1000-1130,,78,18,0.141,0.1007,0.1132,0.59,0.52,0.0078,0.93,0.61,-0.0211,0.1621,0.1318,0.98,28,13,-0.1937,-0.2367,0.191,0.429,-1.58,-0.3726,,0.31,-0.0411,-0.1526,-0.1954,-1.41,False,,,follow,,False,950.0,1.5,pb0.1,,,,,,
C,C-follow-dn-T950-k1.5-pb0.1-t05s1,C-follow-dn-T950-k1.5-pb0.1,t05s1,short,1000-1130,,78,18,0.0192,-0.018,0.0794,0.705,-0.98,-0.085,,0.56,-0.0412,0.0604,0.0252,-0.42,28,13,-0.1402,-0.1786,0.1436,0.607,-1.14,-0.2475,,0.38,-0.0641,-0.0761,-0.0997,-0.75,False,,,follow,,False,950.0,1.5,pb0.1,,,,,,
C,C-follow-dn-T950-k1.5-pb0.1-t1s05,C-follow-dn-T950-k1.5-pb0.1,t1s05,short,1000-1130,,78,18,0.0769,0.0295,0.0854,0.41,0.46,-0.0343,2.01,0.5,-0.0211,0.098,0.086,1.21,28,13,-0.283,-0.3385,0.1102,0.179,-1.71,-0.3858,,0.23,-0.0446,-0.2384,-0.29,-1.3,False,,,follow,,False,950.0,1.5,pb0.1,,,,,,
C,C-fade-dn-T950-k1.5-pb0.25-t1s1,C-fade-dn-T950-k1.5-pb0.25,t1s1,long,1000-1130,,75,18,-0.2396,-0.2945,0.1175,0.4,-1.45,-0.3822,,0.22,-0.0713,-0.1683,-0.1171,-0.77,25,12,0.0667,0.0123,0.2142,0.56,0.33,-0.1191,8.76,0.5,-0.0673,0.1339,0.1751,1.01,False,,,fade,,False,950.0,1.5,pb0.25,,,,,,
C,C-fade-dn-T950-k1.5-pb0.25-t05s1,C-fade-dn-T950-k1.5-pb0.25,t05s1,long,1000-1130,,75,18,-0.2596,-0.3096,0.0909,0.52,-2.58,-0.3626,,0.33,-0.0715,-0.1881,-0.1556,-1.92,25,12,0.0267,-0.0231,0.153,0.72,-0.24,-0.0654,,0.58,-0.0643,0.091,0.1401,0.72,False,,,fade,,False,950.0,1.5,pb0.25,,,,,,
C,C-fade-dn-T950-k1.5-pb0.25-t1s05,C-fade-dn-T950-k1.5-pb0.25,t1s05,long,1000-1130,,75,18,-0.2196,-0.2797,0.0742,0.213,-1.69,-0.3443,,0.28,-0.0514,-0.1682,-0.1188,-0.77,25,12,-0.0133,-0.0784,0.1584,0.36,-0.52,-0.1212,,0.5,-0.0445,0.0312,0.0509,0.34,False,,,fade,,False,950.0,1.5,pb0.25,,,,,,
C,C-follow-dn-T950-k1.5-pb0.25-t1s1,C-follow-dn-T950-k1.5-pb0.25,t1s1,short,1000-1130,,75,18,0.1604,0.1194,0.1151,0.6,0.39,0.0251,0.82,0.56,-0.0211,0.1815,0.1299,0.79,25,12,-0.1733,-0.2176,0.2041,0.44,-1.16,-0.3146,,0.33,-0.0411,-0.1322,-0.1746,-1.01,False,,,follow,,False,950.0,1.5,pb0.25,,,,,,
C,C-follow-dn-T950-k1.5-pb0.25-t05s1,C-follow-dn-T950-k1.5-pb0.25,t05s1,short,1000-1130,,75,18,0.0404,0.003,0.0798,0.72,-1.0,-0.0638,19.5,0.56,-0.0412,0.0816,0.0334,-0.48,25,12,-0.1533,-0.1883,0.1502,0.6,-0.88,-0.2393,,0.42,-0.0641,-0.0892,-0.1097,-0.52,False,,,follow,,False,950.0,1.5,pb0.25,,,,,,
C,C-follow-dn-T950-k1.5-pb0.25-t1s05,C-follow-dn-T950-k1.5-pb0.25,t1s05,short,1000-1130,,75,18,0.0804,0.0321,0.0873,0.413,0.31,-0.0342,1.92,0.44,-0.0211,0.1015,0.0706,0.97,25,12,-0.2533,-0.3084,0.1221,0.2,-1.47,-0.3603,,0.25,-0.0446,-0.2087,-0.2589,-1.11,False,,,follow,,False,950.0,1.5,pb0.25,,,,,,
C,C-fade-dn-T950-k1.5-pb0.5-t1s1,C-fade-dn-T950-k1.5-pb0.5,t1s1,long,1000-1130,,64,18,-0.2273,-0.2829,0.128,0.406,-1.69,-0.3514,,0.33,-0.0713,-0.156,-0.108,-0.97,23,11,-0.0962,-0.154,0.223,0.478,-0.3,-0.3526,,0.45,-0.0673,-0.0289,0.007,0.26,False,,,fade,,False,950.0,1.5,pb0.5,,,,,,
C,C-fade-dn-T950-k1.5-pb0.5-t05s1,C-fade-dn-T950-k1.5-pb0.5,t05s1,long,1000-1130,,64,18,-0.2898,-0.3412,0.0988,0.5,-2.99,-0.4068,,0.22,-0.0715,-0.2183,-0.1771,-2.24,23,11,-0.0132,-0.0648,0.1632,0.696,-0.61,-0.2057,,0.55,-0.0643,0.0511,0.0916,0.11,False,,,fade,,False,950.0,1.5,pb0.5,,,,,,
C,C-fade-dn-T950-k1.5-pb0.5-t1s05,C-fade-dn-T950-k1.5-pb0.5,t1s05,long,1000-1130,,64,18,-0.2116,-0.2722,0.0813,0.219,-1.64,-0.3482,,0.33,-0.0514,-0.1603,-0.106,-0.71,23,11,-0.1002,-0.1691,0.1585,0.304,-1.16,-0.309,,0.27,-0.0445,-0.0557,-0.0325,-0.46,False,,,fade,,False,950.0,1.5,pb0.5,,,,,,
C,C-follow-dn-T950-k1.5-pb0.5-t1s1,C-follow-dn-T950-k1.5-pb0.5,t1s1,short,1000-1130,,64,18,0.1477,0.1071,0.1247,0.594,0.63,0.0256,0.79,0.61,-0.0211,0.1689,0.1204,1.0,23,11,-0.0172,-0.0614,0.2155,0.478,-0.47,-0.1561,,0.45,-0.0411,0.0239,-0.0133,-0.29,False,,,follow,,False,950.0,1.5,pb0.5,,,,,,
C,C-follow-dn-T950-k1.5-pb0.5-t05s1,C-follow-dn-T950-k1.5-pb0.5,t05s1,short,1000-1130,,64,18,0.0384,0.0013,0.0863,0.719,-0.8,-0.0815,52.71,0.56,-0.0412,0.0796,0.0265,-0.35,23,11,-0.0784,-0.1133,0.1534,0.652,-0.09,-0.1669,,0.64,-0.0641,-0.0144,-0.0385,0.27,False,,,follow,,False,950.0,1.5,pb0.5,,,,,,
C,C-follow-dn-T950-k1.5-pb0.5-t1s05,C-follow-dn-T950-k1.5-pb0.5,t1s05,short,1000-1130,,64,18,0.1165,0.0689,0.0953,0.438,0.88,0.0287,0.64,0.61,-0.0211,0.1376,0.0978,1.38,23,11,-0.2306,-0.288,0.1323,0.217,-0.87,-0.4043,,0.27,-0.0446,-0.186,-0.2276,-0.54,False,,,follow,,False,950.0,1.5,pb0.5,,,,,,
C,C-fade-dn-T950-k1.5-rsi3x-t1s1,C-fade-dn-T950-k1.5-rsi3x,t1s1,long,1000-1130,,66,18,-0.218,-0.2673,0.124,0.409,-0.69,-0.3038,,0.33,-0.0713,-0.1467,-0.1338,0.1,25,12,-0.4129,-0.476,0.1989,0.32,-1.34,-0.5336,,0.33,-0.0673,-0.3457,-0.3218,-0.66,False,,,fade,,False,950.0,1.5,rsi3x,,,,,,
C,C-fade-dn-T950-k1.5-rsi3x-t05s1,C-fade-dn-T950-k1.5-rsi3x,t05s1,long,1000-1130,,66,18,-0.3089,-0.3541,0.0945,0.485,-1.01,-0.379,,0.39,-0.0715,-0.2374,-0.2277,0.05,25,12,-0.3329,-0.3803,0.1569,0.48,-1.47,-0.4525,,0.42,-0.0643,-0.2686,-0.2297,-0.63,False,,,fade,,False,950.0,1.5,rsi3x,,,,,,
C,C-fade-dn-T950-k1.5-rsi3x-t1s05,C-fade-dn-T950-k1.5-rsi3x,t1s05,long,1000-1130,,66,18,-0.1271,-0.1804,0.0844,0.273,-0.8,-0.2103,,0.44,-0.0514,-0.0757,-0.0452,0.24,25,12,-0.2529,-0.3246,0.1326,0.2,-2.36,-0.4843,,0.25,-0.0445,-0.2084,-0.1709,-1.34,False,,,fade,,False,950.0,1.5,rsi3x,,,,,,
C,C-follow-dn-T950-k1.5-rsi3x-t1s1,C-follow-dn-T950-k1.5-rsi3x,t1s1,short,1000-1130,,66,18,0.1457,0.1012,0.1247,0.591,-0.43,0.0466,0.57,0.44,-0.0211,0.1668,0.1528,-0.06,25,12,0.3071,0.2708,0.1934,0.68,0.5,0.0713,0.8,0.5,-0.0411,0.3482,0.3231,0.64,False,,,follow,,False,950.0,1.5,rsi3x,,,,,,
C,C-follow-dn-T950-k1.5-rsi3x-t05s1,C-follow-dn-T950-k1.5-rsi3x,t05s1,short,1000-1130,,66,18,0.0547,0.0144,0.086,0.727,-0.74,-0.0286,2.81,0.5,-0.0412,0.096,0.0651,-0.18,25,12,0.1471,0.1193,0.1221,0.8,1.03,0.0299,0.81,0.75,-0.0641,0.2111,0.1721,1.35,False,,,follow,,False,950.0,1.5,rsi3x,,,,,,
C,C-follow-dn-T950-k1.5-rsi3x-t1s05,C-follow-dn-T950-k1.5-rsi3x,t1s05,short,1000-1130,,66,18,0.1684,0.1183,0.0962,0.47,-1.04,0.0579,0.57,0.44,-0.0211,0.1895,0.1799,-0.4,25,12,0.2271,0.1751,0.1624,0.52,0.41,0.1198,0.48,0.58,-0.0446,0.2717,0.2318,0.62,False,,,follow,,False,950.0,1.5,rsi3x,,,,,,
C,C-fade-dn-T950-k1.5-vwap-t1s1,C-fade-dn-T950-k1.5-vwap,t1s1,long,1000-1130,,59,17,-0.1594,-0.2136,0.1348,0.441,-1.1,-0.2963,,0.35,-0.0713,-0.0881,-0.0292,-0.44,21,11,0.0345,-0.0076,0.2236,0.524,0.41,-0.0847,,0.55,-0.0673,0.1017,0.1023,0.74,False,,,fade,,False,950.0,1.5,vwap,,,,,,
C,C-fade-dn-T950-k1.5-vwap-t05s1,C-fade-dn-T950-k1.5-vwap,t05s1,long,1000-1130,,59,17,-0.2272,-0.2776,0.1029,0.542,-2.36,-0.3285,,0.29,-0.0715,-0.1557,-0.1041,-1.61,21,11,0.1051,0.0686,0.15,0.762,2.32,0.0285,0.62,0.82,-0.0643,0.1694,0.1709,3.76,False,,,fade,,False,950.0,1.5,vwap,,,,,,
C,C-fade-dn-T950-k1.5-vwap-t1s05,C-fade-dn-T950-k1.5-vwap,t1s05,long,1000-1130,,59,17,-0.1339,-0.1927,0.0911,0.271,-1.16,-0.2738,,0.35,-0.0514,-0.0826,-0.0171,-0.25,21,11,0.0336,-0.0104,0.1652,0.381,0.34,-0.0585,,0.55,-0.0445,0.0782,0.067,0.62,False,,,fade,,False,950.0,1.5,vwap,,,,,,
C,C-follow-dn-T950-k1.5-vwap-t1s1,C-follow-dn-T950-k1.5-vwap,t1s1,short,1000-1130,,59,17,0.0779,0.0351,0.1317,0.559,0.1,-0.047,2.18,0.47,-0.0211,0.099,0.0397,0.45,21,11,-0.1101,-0.1536,0.2233,0.429,-1.02,-0.2642,,0.36,-0.0411,-0.069,-0.0711,-0.63,False,,,follow,,False,950.0,1.5,vwap,,,,,,
C,C-follow-dn-T950-k1.5-vwap-t05s1,C-follow-dn-T950-k1.5-vwap,t05s1,short,1000-1130,,59,17,0.0016,-0.0375,0.0926,0.695,-0.43,-0.1054,,0.65,-0.0412,0.0429,-0.0218,0.01,21,11,-0.1092,-0.151,0.1699,0.619,-1.07,-0.2142,,0.45,-0.0641,-0.0451,-0.0356,-0.47,False,,,follow,,False,950.0,1.5,vwap,,,,,,
C,C-follow-dn-T950-k1.5-vwap-t1s05,C-follow-dn-T950-k1.5-vwap,t1s05,short,1000-1130,,59,17,0.0694,0.0205,0.0982,0.407,0.41,-0.044,2.89,0.47,-0.0211,0.0906,0.04,0.88,21,11,-0.3235,-0.3801,0.1216,0.143,-8.02,-0.5111,,0.09,-0.0446,-0.2789,-0.2819,-4.87,False,,,follow,,False,950.0,1.5,vwap,,,,,,
C,C-fade-dn-T1000-k0.5-none-t1s1,C-fade-dn-T1000-k0.5-none,t1s1,long,1005-1130,,4095,30,-0.1599,-0.2072,0.0154,0.41,-3.98,-0.2298,,0.23,-0.0709,-0.089,-0.0517,-1.06,2149,14,-0.0914,-0.1469,0.0216,0.443,-2.59,-0.184,,0.36,-0.0647,-0.0267,-0.0008,-0.21,False,,,fade,,False,1000.0,0.5,none,,,,,,
C,C-fade-dn-T1000-k0.5-none-t05s1,C-fade-dn-T1000-k0.5-none,t05s1,long,1005-1130,,4095,30,-0.1159,-0.1572,0.0117,0.613,-3.76,-0.1699,,0.27,-0.0727,-0.0432,-0.0326,-0.37,2149,14,-0.0705,-0.1188,0.016,0.647,-3.09,-0.1391,,0.21,-0.0619,-0.0086,0.0362,1.04,False,,,fade,,False,1000.0,0.5,none,,,,,,
C,C-fade-dn-T1000-k0.5-none-t1s05,C-fade-dn-T1000-k0.5-none,t1s05,long,1005-1130,,4095,30,-0.1336,-0.1895,0.0108,0.268,-5.52,-0.2086,,0.17,-0.0513,-0.0823,-0.0466,-1.3,2149,14,-0.0846,-0.1501,0.0156,0.3,-5.02,-0.1708,,0.14,-0.043,-0.0416,-0.0052,-0.27,False,,,fade,,False,1000.0,0.5,none,,,,,,
C,C-follow-dn-T1000-k0.5-none-t1s1,C-follow-dn-T1000-k0.5-none,t1s1,short,1005-1130,,4095,30,0.0751,0.0308,0.0155,0.525,0.36,0.0089,0.72,0.53,-0.0214,0.0966,0.0595,1.25,2149,14,-0.0035,-0.0568,0.0216,0.49,-0.55,-0.0912,,0.43,-0.0435,0.04,0.014,0.48,False,,,follow,,False,1000.0,0.5,none,,,,,,
C,C-follow-dn-T1000-k0.5-none-t05s1,C-follow-dn-T1000-k0.5-none,t05s1,short,1005-1130,,4095,30,0.0465,0.0084,0.0108,0.721,-0.23,-0.0023,1.25,0.53,-0.0412,0.0877,0.0526,1.48,2149,14,-0.0109,-0.0564,0.0154,0.685,-1.37,-0.0788,,0.36,-0.0654,0.0545,0.018,0.66,False,,,follow,,False,1000.0,0.5,none,,,,,,
C,C-follow-dn-T1000-k0.5-none-t1s05,C-follow-dn-T1000-k0.5-none,t1s05,short,1005-1130,,4095,30,0.0259,-0.0266,0.0118,0.373,-1.32,-0.0456,,0.33,-0.0199,0.0457,0.0361,0.48,2149,14,-0.0271,-0.0901,0.016,0.342,-2.15,-0.1181,,0.29,-0.0467,0.0195,-0.0246,-0.67,False,,,follow,,False,1000.0,0.5,none,,,,,,
C,C-fade-dn-T1000-k0.5-pb0.1-t1s1,C-fade-dn-T1000-k0.5-pb0.1,t1s1,long,1005-1130,,3741,30,-0.1632,-0.2111,0.0162,0.409,-4.08,-0.2338,,0.2,-0.0709,-0.0923,-0.0544,-1.05,1974,14,-0.1045,-0.16,0.0225,0.436,-2.96,-0.1995,,0.29,-0.0647,-0.0398,-0.0166,-0.44,False,,,fade,,False,1000.0,0.5,pb0.1,,,,,,
C,C-fade-dn-T1000-k0.5-pb0.1-t05s1,C-fade-dn-T1000-k0.5-pb0.1,t05s1,long,1005-1130,,3741,30,-0.1259,-0.1679,0.0123,0.606,-4.35,-0.1797,,0.23,-0.0727,-0.0532,-0.0417,-0.76,1974,14,-0.0746,-0.1227,0.0167,0.644,-3.42,-0.1442,,0.14,-0.0619,-0.0126,0.0294,1.05,False,,,fade,,False,1000.0,0.5,pb0.1,,,,,,
C,C-fade-dn-T1000-k0.5-pb0.1-t1s05,C-fade-dn-T1000-k0.5-pb0.1,t1s05,long,1005-1130,,3741,30,-0.1264,-0.1826,0.0113,0.272,-5.29,-0.2014,,0.17,-0.0513,-0.0751,-0.0418,-1.09,1974,14,-0.0852,-0.15,0.0162,0.298,-4.54,-0.1732,,0.21,-0.043,-0.0423,-0.0091,-0.33,False,,,fade,,False,1000.0,0.5,pb0.1,,,,,,
C,C-follow-dn-T1000-k0.5-pb0.1-t1s1,C-follow-dn-T1000-k0.5-pb0.1,t1s1,short,1005-1130,,3741,30,0.0788,0.0344,0.0162,0.529,0.4,0.0148,0.59,0.53,-0.0214,0.1002,0.0624,1.25,1974,14,0.0104,-0.0425,0.0225,0.498,-0.43,-0.0769,,0.5,-0.0435,0.0539,0.0305,0.73,False,,,follow,,False,1000.0,0.5,pb0.1,,,,,,
C,C-follow-dn-T1000-k0.5-pb0.1-t05s1,C-follow-dn-T1000-k0.5-pb0.1,t05s1,short,1005-1130,,3741,30,0.0395,0.0013,0.0113,0.715,-0.41,-0.01,8.34,0.53,-0.0412,0.0807,0.0479,1.3,1974,14,-0.0096,-0.0551,0.0161,0.684,-1.24,-0.0786,,0.36,-0.0654,0.0558,0.0226,0.74,False,,,follow,,False,1000.0,0.5,pb0.1,,,,,,
C,C-follow-dn-T1000-k0.5-pb0.1-t1s05,C-follow-dn-T1000-k0.5-pb0.1,t1s05,short,1005-1130,,3741,30,0.0357,-0.0167,0.0123,0.38,-1.01,-0.0336,,0.33,-0.0199,0.0556,0.045,0.87,1974,14,-0.0226,-0.085,0.0168,0.345,-2.43,-0.1146,,0.29,-0.0467,0.0241,-0.0174,-0.66,False,,,follow,,False,1000.0,0.5,pb0.1,,,,,,
C,C-fade-dn-T1000-k0.5-pb0.25-t1s1,C-fade-dn-T1000-k0.5-pb0.25,t1s1,long,1005-1130,,2793,30,-0.1084,-0.1554,0.0188,0.433,-3.51,-0.1757,,0.3,-0.0709,-0.0375,-0.0078,-0.04,1567,14,-0.1088,-0.1641,0.0252,0.431,-3.32,-0.1863,,0.21,-0.0647,-0.0441,-0.0314,-0.6,False,,,fade,,False,1000.0,0.5,pb0.25,,,,,,
C,C-fade-dn-T1000-k0.5-pb0.25-t05s1,C-fade-dn-T1000-k0.5-pb0.25,t05s1,long,1005-1130,,2793,30,-0.0967,-0.1382,0.0141,0.625,-4.23,-0.1512,,0.23,-0.0727,-0.0241,-0.0112,-0.02,1567,14,-0.0727,-0.1204,0.0187,0.641,-3.86,-0.135,,0.07,-0.0619,-0.0108,0.0187,0.89,False,,,fade,,False,1000.0,0.5,pb0.25,,,,,,
C,C-fade-dn-T1000-k0.5-pb0.25-t1s05,C-fade-dn-T1000-k0.5-pb0.25,t1s05,long,1005-1130,,2793,30,-0.08,-0.1352,0.0135,0.302,-4.4,-0.1496,,0.23,-0.0513,-0.0287,-0.0041,0.12,1567,14,-0.0821,-0.1454,0.0181,0.301,-4.56,-0.1609,,0.14,-0.043,-0.0392,-0.0175,-0.35,False,,,fade,,False,1000.0,0.5,pb0.25,,,,,,
C,C-follow-dn-T1000-k0.5-pb0.25-t1s1,C-follow-dn-T1000-k0.5-pb0.25,t1s1,short,1005-1130,,2793,30,0.0242,-0.0212,0.0188,0.498,-0.37,-0.0419,,0.43,-0.0214,0.0457,0.0161,0.28,1567,14,0.0168,-0.035,0.0252,0.498,-0.34,-0.0709,,0.43,-0.0435,0.0603,0.0474,0.92,False,,,follow,,False,1000.0,0.5,pb0.25,,,,,,
C,C-follow-dn-T1000-k0.5-pb0.25-t05s1,C-follow-dn-T1000-k0.5-pb0.25,t05s1,short,1005-1130,,2793,30,-0.0076,-0.0472,0.0135,0.683,-1.64,-0.0565,,0.5,-0.0412,0.0337,0.0095,0.11,1567,14,-0.0099,-0.0556,0.0181,0.684,-1.31,-0.0858,,0.5,-0.0654,0.0556,0.0339,0.77,False,,,follow,,False,1000.0,0.5,pb0.25,,,,,,
C,C-follow-dn-T1000-k0.5-pb0.25-t1s05,C-follow-dn-T1000-k0.5-pb0.25,t1s05,short,1005-1130,,2793,30,0.0054,-0.0479,0.0141,0.359,-1.67,-0.0635,,0.3,-0.0199,0.0252,0.0131,0.11,1567,14,-0.0212,-0.0827,0.0187,0.343,-2.56,-0.1063,,0.29,-0.0467,0.0255,-0.0036,-0.35,False,,,follow,,False,1000.0,0.5,pb0.25,,,,,,
C,C-fade-dn-T1000-k0.5-pb0.5-t1s1,C-fade-dn-T1000-k0.5-pb0.5,t1s1,long,1005-1130,,1636,30,-0.0768,-0.1235,0.0246,0.447,-3.03,-0.1541,,0.27,-0.0709,-0.0058,-0.003,0.35,915,14,-0.1085,-0.1656,0.0333,0.435,-4.56,-0.1975,,0.14,-0.0647,-0.0438,-0.0328,-0.65,False,,,fade,,False,1000.0,0.5,pb0.5,,,,,,
C,C-fade-dn-T1000-k0.5-pb0.5-t05s1,C-fade-dn-T1000-k0.5-pb0.5,t05s1,long,1005-1130,,1636,30,-0.0719,-0.113,0.0182,0.64,-3.89,-0.1243,,0.3,-0.0727,0.0008,0.0014,0.17,915,14,-0.0948,-0.1451,0.0249,0.627,-3.95,-0.1606,,0.07,-0.0619,-0.0329,-0.0126,-0.25,False,,,fade,,False,1000.0,0.5,pb0.5,,,,,,
C,C-fade-dn-T1000-k0.5-pb0.5-t1s05,C-fade-dn-T1000-k0.5-pb0.5,t1s05,long,1005-1130,,1636,30,-0.0494,-0.1039,0.018,0.322,-4.07,-0.1138,,0.27,-0.0513,0.0019,0.0024,0.58,915,14,-0.0552,-0.1199,0.0244,0.32,-4.29,-0.1386,,0.14,-0.043,-0.0123,0.0057,0.1,False,,,fade,,False,1000.0,0.5,pb0.5,,,,,,
C,C-follow-dn-T1000-k0.5-pb0.5-t1s1,C-follow-dn-T1000-k0.5-pb0.5,t1s1,short,1005-1130,,1636,30,-0.0075,-0.0534,0.0246,0.482,-0.78,-0.0723,,0.57,-0.0214,0.0139,0.0111,-0.1,915,14,0.0156,-0.0368,0.0329,0.499,-0.09,-0.0594,,0.43,-0.0435,0.0591,0.0478,0.98,False,,,follow,,False,1000.0,0.5,pb0.5,,,,,,
C,C-follow-dn-T1000-k0.5-pb0.5-t05s1,C-follow-dn-T1000-k0.5-pb0.5,t05s1,short,1005-1130,,1636,30,-0.0389,-0.0793,0.0179,0.663,-2.51,-0.0914,,0.33,-0.0412,0.0024,0.0021,-0.32,915,14,-0.0377,-0.0845,0.024,0.669,-1.69,-0.1052,,0.36,-0.0654,0.0277,0.0096,0.44,False,,,follow,,False,1000.0,0.5,pb0.5,,,,,,
C,C-follow-dn-T1000-k0.5-pb0.5-t1s05,C-follow-dn-T1000-k0.5-pb0.5,t1s05,short,1005-1130,,1636,30,-0.0219,-0.0756,0.0182,0.339,-2.14,-0.0891,,0.33,-0.0199,-0.002,-0.0021,-0.22,915,14,0.0002,-0.0608,0.0246,0.357,-0.99,-0.0848,,0.36,-0.0467,0.0469,0.0266,0.7,False,,,follow,,False,1000.0,0.5,pb0.5,,,,,,
C,C-fade-dn-T1000-k0.5-rsi3x-t1s1,C-fade-dn-T1000-k0.5-rsi3x,t1s1,long,1005-1130,,3303,30,-0.1453,-0.1935,0.0172,0.414,-3.85,-0.2163,,0.3,-0.0709,-0.0744,-0.0466,-1.04,1823,14,-0.0974,-0.1531,0.0235,0.441,-2.72,-0.1978,,0.29,-0.0647,-0.0327,-0.0176,-0.61,False,,,fade,,False,1000.0,0.5,rsi3x,,,,,,
C,C-fade-dn-T1000-k0.5-rsi3x-t05s1,C-fade-dn-T1000-k0.5-rsi3x,t05s1,long,1005-1130,,3303,30,-0.1181,-0.1602,0.013,0.611,-4.76,-0.1737,,0.2,-0.0727,-0.0455,-0.0409,-0.99,1823,14,-0.0871,-0.1359,0.0175,0.635,-4.28,-0.1594,,0.14,-0.0619,-0.0251,0.0084,0.13,False,,,fade,,False,1000.0,0.5,rsi3x,,,,,,
C,C-fade-dn-T1000-k0.5-rsi3x-t1s05,C-fade-dn-T1000-k0.5-rsi3x,t1s05,long,1005-1130,,3303,30,-0.1098,-0.1663,0.0122,0.283,-4.98,-0.1856,,0.2,-0.0513,-0.0585,-0.0351,-0.92,1823,14,-0.0768,-0.1413,0.0169,0.304,-3.9,-0.1695,,0.14,-0.043,-0.0338,-0.0091,-0.46,False,,,fade,,False,1000.0,0.5,rsi3x,,,,,,
C,C-follow-dn-T1000-k0.5-rsi3x-t1s1,C-follow-dn-T1000-k0.5-rsi3x,t1s1,short,1005-1130,,3303,30,0.0608,0.0161,0.0172,0.515,0.16,-0.0055,1.32,0.5,-0.0214,0.0822,0.0544,1.26,1823,14,0.0035,-0.0501,0.0235,0.495,-0.29,-0.072,,0.5,-0.0435,0.047,0.0318,0.89,False,,,follow,,False,1000.0,0.5,rsi3x,,,,,,
C,C-follow-dn-T1000-k0.5-rsi3x-t05s1,C-follow-dn-T1000-k0.5-rsi3x,t05s1,short,1005-1130,,3303,30,0.025,-0.0139,0.0122,0.705,-0.74,-0.0264,,0.5,-0.0412,0.0662,0.0432,1.22,1823,14,-0.0171,-0.0631,0.0168,0.68,-1.09,-0.0751,,0.5,-0.0654,0.0483,0.0235,0.89,False,,,follow,,False,1000.0,0.5,rsi3x,,,,,,
C,C-follow-dn-T1000-k0.5-rsi3x-t1s05,C-follow-dn-T1000-k0.5-rsi3x,t1s05,short,1005-1130,,3303,30,0.0283,-0.0251,0.0131,0.375,-1.13,-0.0418,,0.4,-0.0199,0.0482,0.0442,1.12,1823,14,-0.0085,-0.0706,0.0175,0.354,-1.55,-0.0851,,0.36,-0.0467,0.0382,0.0052,0.34,False,,,follow,,False,1000.0,0.5,rsi3x,,,,,,
C,C-fade-dn-T1000-k0.5-vwap-t1s1,C-fade-dn-T1000-k0.5-vwap,t1s1,long,1005-1130,,2667,30,-0.1061,-0.153,0.0192,0.429,-3.07,-0.177,,0.3,-0.0709,-0.0351,-0.0108,0.02,1513,14,-0.0882,-0.1416,0.0255,0.441,-2.39,-0.1806,,0.29,-0.0647,-0.0235,-0.0056,-0.22,False,,,fade,,False,1000.0,0.5,vwap,,,,,,
C,C-fade-dn-T1000-k0.5-vwap-t05s1,C-fade-dn-T1000-k0.5-vwap,t05s1,long,1005-1130,,2667,30,-0.077,-0.118,0.0143,0.639,-3.59,-0.1296,,0.3,-0.0727,-0.0043,0.0045,0.66,1513,14,-0.0681,-0.1151,0.0189,0.643,-2.81,-0.1329,,0.29,-0.0619,-0.0062,0.0248,0.85,False,,,fade,,False,1000.0,0.5,vwap,,,,,,
C,C-fade-dn-T1000-k0.5-vwap-t1s05,C-fade-dn-T1000-k0.5-vwap,t1s05,long,1005-1130,,2667,30,-0.0794,-0.1345,0.0138,0.299,-4.11,-0.1468,,0.27,-0.0513,-0.0281,-0.0063,0.12,1513,14,-0.0724,-0.1347,0.0185,0.308,-3.79,-0.1576,,0.14,-0.043,-0.0294,-0.0092,-0.17,False,,,fade,,False,1000.0,0.5,vwap,,,,,,
C,C-follow-dn-T1000-k0.5-vwap-t1s1,C-follow-dn-T1000-k0.5-vwap,t1s1,short,1005-1130,,2667,30,0.0219,-0.0236,0.0192,0.493,-0.49,-0.0447,,0.5,-0.0214,0.0434,0.0191,0.22,1513,14,-0.0035,-0.0568,0.0257,0.485,-0.52,-0.1015,,0.5,-0.0435,0.04,0.0219,0.55,False,,,follow,,False,1000.0,0.5,vwap,,,,,,
C,C-follow-dn-T1000-k0.5-vwap-t05s1,C-follow-dn-T1000-k0.5-vwap,t05s1,short,1005-1130,,2667,30,-0.0051,-0.0447,0.0138,0.683,-1.59,-0.0545,,0.43,-0.0412,0.0361,0.0147,0.26,1513,14,-0.0193,-0.0658,0.0186,0.677,-1.38,-0.1006,,0.5,-0.0654,0.0461,0.0257,0.63,False,,,follow,,False,1000.0,0.5,vwap,,,,,,
C,C-follow-dn-T1000-k0.5-vwap-t1s05,C-follow-dn-T1000-k0.5-vwap,t1s05,short,1005-1130,,2667,30,-0.0109,-0.065,0.0144,0.348,-2.3,-0.081,,0.33,-0.0199,0.0089,0.0007,-0.43,1513,14,-0.0266,-0.0884,0.0191,0.34,-1.86,-0.1239,,0.36,-0.0467,0.0201,-0.0106,-0.31,False,,,follow,,False,1000.0,0.5,vwap,,,,,,
C,C-fade-dn-T1000-k0.75-none-t1s1,C-fade-dn-T1000-k0.75-none,t1s1,long,1005-1130,,1218,30,-0.1634,-0.2098,0.0286,0.424,-3.84,-0.2287,,0.27,-0.0709,-0.0925,-0.0478,-1.04,636,14,-0.1193,-0.1772,0.0401,0.442,-2.75,-0.2283,,0.14,-0.0647,-0.0546,-0.0474,-0.27,False,,,fade,,False,1000.0,0.75,none,,,,,,
C,C-fade-dn-T1000-k0.75-none-t05s1,C-fade-dn-T1000-k0.75-none,t05s1,long,1005-1130,,1218,30,-0.1536,-0.1945,0.0216,0.588,-4.66,-0.2044,,0.23,-0.0727,-0.081,-0.0641,-1.29,636,14,-0.0858,-0.1349,0.0295,0.642,-3.1,-0.1615,,0.21,-0.0619,-0.0239,0.0092,0.69,False,,,fade,,False,1000.0,0.75,none,,,,,,
C,C-fade-dn-T1000-k0.75-none-t1s05,C-fade-dn-T1000-k0.75-none,t1s05,long,1005-1130,,1218,30,-0.116,-0.1694,0.0199,0.282,-4.47,-0.1845,,0.3,-0.0513,-0.0647,-0.0206,-0.61,636,14,-0.0975,-0.1665,0.0288,0.299,-3.59,-0.1902,,0.14,-0.043,-0.0545,-0.0245,-0.04,False,,,fade,,False,1000.0,0.75,none,,,,,,
C,C-follow-dn-T1000-k0.75-none-t1s1,C-follow-dn-T1000-k0.75-none,t1s1,short,1005-1130,,1218,30,0.0803,0.0354,0.0289,0.541,0.51,0.0165,0.56,0.57,-0.0214,0.1017,0.0569,1.16,636,14,0.0193,-0.0354,0.0402,0.519,-0.46,-0.1042,,0.36,-0.0435,0.0628,0.0554,0.44,False,,,follow,,False,1000.0,0.75,none,,,,,,
C,C-follow-dn-T1000-k0.75-none-t05s1,C-follow-dn-T1000-k0.75-none,t05s1,short,1005-1130,,1218,30,0.0263,-0.0128,0.0203,0.71,-0.82,-0.0237,,0.53,-0.0412,0.0676,0.0239,0.63,636,14,-0.0049,-0.0505,0.0282,0.697,-1.43,-0.0858,,0.36,-0.0654,0.0605,0.0304,0.28,False,,,follow,,False,1000.0,0.75,none,,,,,,
C,C-follow-dn-T1000-k0.75-none-t1s05,C-follow-dn-T1000-k0.75-none,t1s05,short,1005-1130,,1218,30,0.0565,0.0052,0.0218,0.394,-0.65,-0.0097,2.73,0.47,-0.0199,0.0764,0.0604,1.1,636,14,-0.0189,-0.0846,0.0299,0.354,-2.1,-0.1327,,0.21,-0.0467,0.0278,-0.0048,-0.49,False,,,follow,,False,1000.0,0.75,none,,,,,,
C,C-fade-dn-T1000-k0.75-pb0.1-t1s1,C-fade-dn-T1000-k0.75-pb0.1,t1s1,long,1005-1130,,1132,30,-0.1602,-0.2068,0.0297,0.427,-3.84,-0.2258,,0.23,-0.0709,-0.0893,-0.0467,-0.86,602,14,-0.1322,-0.1911,0.0413,0.437,-3.04,-0.2465,,0.21,-0.0647,-0.0676,-0.0599,-0.43,False,,,fade,,False,1000.0,0.75,pb0.1,,,,,,
C,C-fade-dn-T1000-k0.75-pb0.1-t05s1,C-fade-dn-T1000-k0.75-pb0.1,t05s1,long,1005-1130,,1132,30,-0.1559,-0.197,0.0224,0.587,-4.72,-0.2072,,0.3,-0.0727,-0.0833,-0.0673,-1.18,602,14,-0.0941,-0.1439,0.0305,0.635,-3.62,-0.1737,,0.14,-0.0619,-0.0322,0.0012,0.51,False,,,fade,,False,1000.0,0.75,pb0.1,,,,,,
C,C-fade-dn-T1000-k0.75-pb0.1-t1s05,C-fade-dn-T1000-k0.75-pb0.1,t1s05,long,1005-1130,,1132,30,-0.1001,-0.1535,0.0209,0.292,-3.83,-0.1699,,0.3,-0.0513,-0.0488,-0.0079,-0.02,602,14,-0.1035,-0.1719,0.0294,0.294,-3.98,-0.1936,,0.21,-0.043,-0.0606,-0.0319,-0.3,False,,,fade,,False,1000.0,0.75,pb0.1,,,,,,
C,C-follow-dn-T1000-k0.75-pb0.1-t1s1,C-follow-dn-T1000-k0.75-pb0.1,t1s1,short,1005-1130,,1132,30,0.0773,0.0324,0.03,0.542,0.38,0.0107,0.7,0.53,-0.0214,0.0988,0.0561,1.0,602,14,0.0328,-0.0206,0.0412,0.525,-0.29,-0.0834,,0.43,-0.0435,0.0763,0.0684,0.6,False,,,follow,,False,1000.0,0.75,pb0.1,,,,,,
C,C-follow-dn-T1000-k0.75-pb0.1-t05s1,C-follow-dn-T1000-k0.75-pb0.1,t05s1,short,1005-1130,,1132,30,0.0102,-0.0293,0.0212,0.699,-1.37,-0.0396,,0.5,-0.0412,0.0514,0.0109,0.08,602,14,0.0016,-0.0443,0.0289,0.699,-1.19,-0.0767,,0.36,-0.0654,0.067,0.0383,0.55,False,,,follow,,False,1000.0,0.75,pb0.1,,,,,,
C,C-follow-dn-T1000-k0.75-pb0.1-t1s05,C-follow-dn-T1000-k0.75-pb0.1,t1s05,short,1005-1130,,1132,30,0.0581,0.0064,0.0226,0.396,-0.69,-0.01,2.45,0.47,-0.0199,0.0779,0.0629,1.02,602,14,-0.0103,-0.0749,0.0307,0.359,-2.14,-0.1192,,0.29,-0.0467,0.0363,0.0035,-0.32,False,,,follow,,False,1000.0,0.75,pb0.1,,,,,,
C,C-fade-dn-T1000-k0.75-pb0.25-t1s1,C-fade-dn-T1000-k0.75-pb0.25,t1s1,long,1005-1130,,901,30,-0.1122,-0.1578,0.0333,0.444,-3.49,-0.1737,,0.3,-0.0709,-0.0413,-0.0107,-0.25,489,14,-0.1383,-0.1982,0.0461,0.436,-2.71,-0.2197,,0.21,-0.0647,-0.0736,-0.0711,-0.29,False,,,fade,,False,1000.0,0.75,pb0.25,,,,,,
C,C-fade-dn-T1000-k0.75-pb0.25-t05s1,C-fade-dn-T1000-k0.75-pb0.25,t05s1,long,1005-1130,,901,30,-0.12,-0.1603,0.0249,0.61,-4.07,-0.1746,,0.27,-0.0727,-0.0473,-0.0346,-0.33,489,14,-0.096,-0.1462,0.034,0.634,-2.86,-0.1592,,0.14,-0.0619,-0.034,-0.0093,0.48,False,,,fade,,False,1000.0,0.75,pb0.25,,,,,,
C,C-fade-dn-T1000-k0.75-pb0.25-t1s05,C-fade-dn-T1000-k0.75-pb0.25,t1s05,long,1005-1130,,901,30,-0.0636,-0.1161,0.0239,0.315,-2.98,-0.1305,,0.33,-0.0513,-0.0124,0.0182,0.7,489,14,-0.0843,-0.1515,0.0329,0.307,-2.82,-0.1757,,0.29,-0.043,-0.0413,-0.02,0.17,False,,,fade,,False,1000.0,0.75,pb0.25,,,,,,
C,C-follow-dn-T1000-k0.75-pb0.25-t1s1,C-follow-dn-T1000-k0.75-pb0.25,t1s1,short,1005-1130,,901,30,0.0287,-0.0174,0.0336,0.515,-0.24,-0.042,,0.47,-0.0214,0.0502,0.0194,0.38,489,14,0.0403,-0.0114,0.0455,0.532,-0.44,-0.0679,,0.43,-0.0435,0.0838,0.0811,0.43,False,,,follow,,False,1000.0,0.75,pb0.25,,,,,,
C,C-follow-dn-T1000-k0.75-pb0.25-t05s1,C-follow-dn-T1000-k0.75-pb0.25,t05s1,short,1005-1130,,901,30,-0.0287,-0.0695,0.0243,0.671,-2.17,-0.0842,,0.4,-0.0412,0.0126,-0.0178,-0.71,489,14,-0.0136,-0.0596,0.0323,0.689,-1.63,-0.0995,,0.29,-0.0654,0.0518,0.0303,0.04,False,,,follow,,False,1000.0,0.75,pb0.25,,,,,,
C,C-follow-dn-T1000-k0.75-pb0.25-t1s05,C-follow-dn-T1000-k0.75-pb0.25,t1s05,short,1005-1130,,901,30,0.0193,-0.0334,0.025,0.371,-1.72,-0.0457,,0.5,-0.0199,0.0392,0.0271,0.07,489,14,-0.005,-0.0682,0.034,0.362,-1.97,-0.0999,,0.29,-0.0467,0.0417,0.0172,-0.27,False,,,follow,,False,1000.0,0.75,pb0.25,,,,,,
C,C-fade-dn-T1000-k0.75-pb0.5-t1s1,C-fade-dn-T1000-k0.75-pb0.5,t1s1,long,1005-1130,,611,30,-0.1268,-0.1734,0.0402,0.434,-3.96,-0.206,,0.23,-0.0709,-0.0558,-0.0345,-0.57,327,14,-0.1453,-0.204,0.0558,0.425,-3.9,-0.2242,,0.14,-0.0647,-0.0806,-0.0689,-0.53,False,,,fade,,False,1000.0,0.75,pb0.5,,,,,,
C,C-fade-dn-T1000-k0.75-pb0.5-t05s1,C-fade-dn-T1000-k0.75-pb0.5,t05s1,long,1005-1130,,611,30,-0.1317,-0.1731,0.0302,0.601,-4.83,-0.1911,,0.2,-0.0727,-0.0591,-0.0461,-0.91,327,14,-0.1005,-0.1489,0.0412,0.63,-3.3,-0.1679,,0.14,-0.0619,-0.0385,-0.013,0.36,False,,,fade,,False,1000.0,0.75,pb0.5,,,,,,
C,C-fade-dn-T1000-k0.75-pb0.5-t1s05,C-fade-dn-T1000-k0.75-pb0.5,t1s05,long,1005-1130,,611,30,-0.0939,-0.148,0.0285,0.296,-3.83,-0.1593,,0.17,-0.0513,-0.0426,-0.0231,-0.25,327,14,-0.123,-0.1902,0.039,0.278,-4.31,-0.2065,,0.07,-0.043,-0.08,-0.0601,-0.9,False,,,fade,,False,1000.0,0.75,pb0.5,,,,,,
C,C-follow-dn-T1000-k0.75-pb0.5-t1s1,C-follow-dn-T1000-k0.75-pb0.5,t1s1,short,1005-1130,,611,30,0.0398,-0.007,0.0407,0.517,0.04,-0.0384,,0.43,-0.0214,0.0613,0.0398,0.62,327,14,0.0491,-0.0035,0.0556,0.529,-0.04,-0.0333,,0.57,-0.0435,0.0926,0.0807,0.72,False,,,follow,,False,1000.0,0.75,pb0.5,,,,,,
C,C-follow-dn-T1000-k0.75-pb0.5-t05s1,C-follow-dn-T1000-k0.75-pb0.5,t05s1,short,1005-1130,,611,30,0.0012,-0.0396,0.029,0.692,-1.34,-0.0595,,0.37,-0.0412,0.0424,0.0232,0.19,327,14,0.0268,-0.0184,0.0386,0.713,-0.25,-0.041,,0.5,-0.0654,0.0922,0.0722,1.16,False,,,follow,,False,1000.0,0.75,pb0.5,,,,,,
C,C-follow-dn-T1000-k0.75-pb0.5-t1s05,C-follow-dn-T1000-k0.75-pb0.5,t1s05,short,1005-1130,,611,30,0.0243,-0.0292,0.0304,0.372,-1.32,-0.0488,,0.27,-0.0199,0.0442,0.0317,0.37,327,14,-0.0003,-0.0649,0.0419,0.364,-1.66,-0.0978,,0.36,-0.0467,0.0464,0.0208,-0.1,False,,,follow,,False,1000.0,0.75,pb0.5,,,,,,
C,C-fade-dn-T1000-k0.75-rsi3x-t1s1,C-fade-dn-T1000-k0.75-rsi3x,t1s1,long,1005-1130,,967,30,-0.1085,-0.1546,0.0321,0.446,-3.34,-0.1719,,0.3,-0.0709,-0.0376,-0.0098,-0.39,552,14,-0.126,-0.1852,0.0432,0.44,-2.81,-0.2402,,0.29,-0.0647,-0.0614,-0.0642,-0.48,False,,,fade,,False,1000.0,0.75,rsi3x,,,,,,
C,C-fade-dn-T1000-k0.75-rsi3x-t05s1,C-fade-dn-T1000-k0.75-rsi3x,t05s1,long,1005-1130,,967,30,-0.1329,-0.1738,0.0241,0.601,-4.98,-0.1863,,0.17,-0.0727,-0.0602,-0.0511,-1.07,552,14,-0.1053,-0.1548,0.0318,0.627,-5.96,-0.1604,,0.07,-0.0619,-0.0433,-0.021,0.06,False,,,fade,,False,1000.0,0.75,rsi3x,,,,,,
C,C-fade-dn-T1000-k0.75-rsi3x-t1s05,C-fade-dn-T1000-k0.75-rsi3x,t1s05,long,1005-1130,,967,30,-0.0618,-0.1144,0.0231,0.317,-3.04,-0.1284,,0.33,-0.0513,-0.0105,0.0157,0.71,552,14,-0.0796,-0.1477,0.0312,0.312,-3.2,-0.1767,,0.29,-0.043,-0.0367,-0.0186,-0.16,False,,,fade,,False,1000.0,0.75,rsi3x,,,,,,
C,C-follow-dn-T1000-k0.75-rsi3x-t1s1,C-follow-dn-T1000-k0.75-rsi3x,t1s1,short,1005-1130,,967,30,0.0267,-0.0193,0.0323,0.509,-0.22,-0.0429,,0.47,-0.0214,0.0482,0.0201,0.62,552,14,0.0268,-0.0271,0.043,0.518,-0.28,-0.0911,,0.5,-0.0435,0.0703,0.0731,0.65,False,,,follow,,False,1000.0,0.75,rsi3x,,,,,,
C,C-follow-dn-T1000-k0.75-rsi3x-t05s1,C-follow-dn-T1000-k0.75-rsi3x,t05s1,short,1005-1130,,967,30,-0.021,-0.062,0.0233,0.676,-2.06,-0.0754,,0.43,-0.0412,0.0202,-0.0057,-0.4,552,14,-0.0196,-0.0662,0.0306,0.687,-1.2,-0.1012,,0.43,-0.0654,0.0459,0.0277,0.44,False,,,follow,,False,1000.0,0.75,rsi3x,,,,,,
C,C-follow-dn-T1000-k0.75-rsi3x-t1s05,C-follow-dn-T1000-k0.75-rsi3x,t1s05,short,1005-1130,,967,30,0.0361,-0.0166,0.0243,0.38,-1.15,-0.0336,,0.4,-0.0199,0.056,0.0474,1.0,552,14,0.0061,-0.059,0.0323,0.368,-2.05,-0.0928,,0.36,-0.0467,0.0528,0.0307,0.27,False,,,follow,,False,1000.0,0.75,rsi3x,,,,,,
C,C-fade-dn-T1000-k0.75-vwap-t1s1,C-fade-dn-T1000-k0.75-vwap,t1s1,long,1005-1130,,762,30,-0.1034,-0.1493,0.0361,0.446,-2.91,-0.1744,,0.37,-0.0709,-0.0325,-0.0101,-0.33,443,14,-0.1172,-0.1745,0.048,0.442,-2.29,-0.2263,,0.36,-0.0647,-0.0525,-0.0525,-0.23,False,,,fade,,False,1000.0,0.75,vwap,,,,,,
C,C-fade-dn-T1000-k0.75-vwap-t05s1,C-fade-dn-T1000-k0.75-vwap,t05s1,long,1005-1130,,762,30,-0.097,-0.1374,0.0269,0.626,-3.17,-0.1501,,0.2,-0.0727,-0.0244,-0.0127,0.33,443,14,-0.0865,-0.1352,0.0353,0.634,-2.15,-0.1549,,0.21,-0.0619,-0.0246,-0.0065,0.52,False,,,fade,,False,1000.0,0.75,vwap,,,,,,
C,C-fade-dn-T1000-k0.75-vwap-t1s05,C-fade-dn-T1000-k0.75-vwap,t1s05,long,1005-1130,,762,30,-0.0688,-0.122,0.0259,0.311,-2.85,-0.1359,,0.27,-0.0513,-0.0175,0.0048,0.17,443,14,-0.0977,-0.1635,0.034,0.298,-2.97,-0.1936,,0.29,-0.043,-0.0548,-0.0459,-0.52,False,,,fade,,False,1000.0,0.75,vwap,,,,,,
C,C-follow-dn-T1000-k0.75-vwap-t1s1,C-follow-dn-T1000-k0.75-vwap,t1s1,short,1005-1130,,762,30,0.0208,-0.0258,0.0365,0.507,-0.15,-0.0571,,0.47,-0.0214,0.0422,0.0197,0.47,443,14,0.0214,-0.0322,0.0479,0.515,-0.39,-0.1151,,0.5,-0.0435,0.0649,0.0647,0.4,False,,,follow,,False,1000.0,0.75,vwap,,,,,,
C,C-follow-dn-T1000-k0.75-vwap-t05s1,C-follow-dn-T1000-k0.75-vwap,t05s1,short,1005-1130,,762,30,-0.0132,-0.0538,0.0261,0.681,-1.38,-0.0728,,0.47,-0.0412,0.028,0.0061,0.05,443,14,0.002,-0.0446,0.0339,0.698,-0.63,-0.1001,,0.36,-0.0654,0.0674,0.0584,0.75,False,,,follow,,False,1000.0,0.75,vwap,,,,,,
C,C-follow-dn-T1000-k0.75-vwap-t1s05,C-follow-dn-T1000-k0.75-vwap,t1s05,short,1005-1130,,762,30,0.0052,-0.0481,0.027,0.361,-2.17,-0.0655,,0.27,-0.0199,0.0251,0.014,-0.49,443,14,-0.0127,-0.0763,0.0356,0.354,-1.52,-0.1359,,0.29,-0.0467,0.034,0.0161,-0.24,False,,,follow,,False,1000.0,0.75,vwap,,,,,,
C,C-fade-dn-T1000-k1.0-none-t1s1,C-fade-dn-T1000-k1.0-none,t1s1,long,1005-1130,,429,30,-0.1903,-0.239,0.0484,0.42,-3.59,-0.2617,,0.3,-0.0709,-0.1193,-0.0712,-1.16,198,14,-0.2484,-0.3083,0.072,0.394,-2.92,-0.3395,,0.21,-0.0647,-0.1837,-0.1819,-1.21,False,,,fade,,False,1000.0,1.0,none,,,,,,
C,C-fade-dn-T1000-k1.0-none-t05s1,C-fade-dn-T1000-k1.0-none,t05s1,long,1005-1130,,429,30,-0.175,-0.2175,0.0367,0.576,-4.64,-0.2335,,0.1,-0.0727,-0.1023,-0.0791,-1.74,198,14,-0.1316,-0.179,0.054,0.611,-2.06,-0.2052,,0.21,-0.0619,-0.0696,-0.0424,0.09,False,,,fade,,False,1000.0,1.0,none,,,,,,
C,C-fade-dn-T1000-k1.0-none-t1s05,C-fade-dn-T1000-k1.0-none,t1s05,long,1005-1130,,429,30,-0.1143,-0.1691,0.0336,0.284,-4.04,-0.183,,0.2,-0.0513,-0.063,-0.0137,-0.42,198,14,-0.1543,-0.2227,0.0502,0.263,-3.41,-0.2507,,0.14,-0.043,-0.1113,-0.0801,-0.83,False,,,fade,,False,1000.0,1.0,none,,,,,,
C,C-follow-dn-T1000-k1.0-none-t1s1,C-follow-dn-T1000-k1.0-none,t1s1,short,1005-1130,,429,30,0.0992,0.0533,0.0489,0.564,0.58,0.026,0.58,0.53,-0.0214,0.1206,0.0722,1.12,198,14,0.1519,0.1057,0.0711,0.596,0.85,0.0399,0.68,0.57,-0.0435,0.1954,0.1933,1.37,False,,,follow,,False,1000.0,1.0,none,,,,,,
C,C-follow-dn-T1000-k1.0-none-t05s1,C-follow-dn-T1000-k1.0-none,t05s1,short,1005-1130,,429,30,0.0081,-0.0326,0.0346,0.699,-1.2,-0.0449,,0.5,-0.0412,0.0493,0.0003,0.06,198,14,0.0502,0.0121,0.048,0.732,0.08,-0.0312,3.21,0.5,-0.0654,0.1157,0.0843,0.97,False,,,follow,,False,1000.0,1.0,none,,,,,,
C,C-follow-dn-T1000-k1.0-none-t1s05,C-follow-dn-T1000-k1.0-none,t1s05,short,1005-1130,,429,30,0.0513,-0.0016,0.0367,0.394,-0.45,-0.0168,,0.5,-0.0199,0.0711,0.0488,1.02,198,14,0.0199,-0.0395,0.0543,0.379,-0.89,-0.0675,,0.5,-0.0467,0.0666,0.0398,-0.01,False,,,follow,,False,1000.0,1.0,none,,,,,,
C,C-fade-dn-T1000-k1.0-pb0.1-t1s1,C-fade-dn-T1000-k1.0-pb0.1,t1s1,long,1005-1130,,410,30,-0.1848,-0.2336,0.0496,0.422,-3.26,-0.2572,,0.3,-0.0709,-0.1139,-0.0683,-0.76,191,14,-0.2696,-0.3298,0.073,0.382,-2.88,-0.3631,,0.21,-0.0647,-0.2049,-0.2025,-1.18,False,,,fade,,False,1000.0,1.0,pb0.1,,,,,,
C,C-fade-dn-T1000-k1.0-pb0.1-t05s1,C-fade-dn-T1000-k1.0-pb0.1,t05s1,long,1005-1130,,410,30,-0.164,-0.2063,0.0374,0.583,-3.96,-0.2227,,0.2,-0.0727,-0.0913,-0.0689,-1.14,191,14,-0.1275,-0.1747,0.055,0.613,-1.7,-0.2017,,0.29,-0.0619,-0.0656,-0.037,0.22,False,,,fade,,False,1000.0,1.0,pb0.1,,,,,,
C,C-fade-dn-T1000-k1.0-pb0.1-t1s05,C-fade-dn-T1000-k1.0-pb0.1,t1s05,long,1005-1130,,410,30,-0.109,-0.1638,0.0346,0.288,-3.11,-0.1782,,0.23,-0.0513,-0.0577,-0.0103,0.16,191,14,-0.1616,-0.2276,0.0503,0.257,-3.29,-0.2503,,0.21,-0.043,-0.1186,-0.0871,-0.83,False,,,fade,,False,1000.0,1.0,pb0.1,,,,,,
C,C-follow-dn-T1000-k1.0-pb0.1-t1s1,C-follow-dn-T1000-k1.0-pb0.1,t1s1,short,1005-1130,,410,30,0.0936,0.0479,0.05,0.561,0.26,0.0055,0.9,0.5,-0.0214,0.1151,0.0691,0.77,191,14,0.1768,0.1334,0.0715,0.607,0.89,0.0696,0.55,0.64,-0.0435,0.2203,0.2175,1.33,False,,,follow,,False,1000.0,1.0,pb0.1,,,,,,
C,C-follow-dn-T1000-k1.0-pb0.1-t05s1,C-follow-dn-T1000-k1.0-pb0.1,t05s1,short,1005-1130,,410,30,0.002,-0.0387,0.0355,0.695,-1.71,-0.0579,,0.5,-0.0412,0.0432,-0.0039,-0.47,191,14,0.0609,0.023,0.0487,0.738,0.1,-0.0203,1.75,0.5,-0.0654,0.1264,0.0947,0.98,False,,,follow,,False,1000.0,1.0,pb0.1,,,,,,
C,C-follow-dn-T1000-k1.0-pb0.1-t1s05,C-follow-dn-T1000-k1.0-pb0.1,t1s05,short,1005-1130,,410,30,0.0386,-0.0144,0.0374,0.385,-0.91,-0.0292,,0.47,-0.0199,0.0585,0.037,0.54,191,14,0.0191,-0.0381,0.0548,0.377,-0.93,-0.0699,,0.5,-0.0467,0.0657,0.0374,-0.13,False,,,follow,,False,1000.0,1.0,pb0.1,,,,,,
C,C-fade-dn-T1000-k1.0-pb0.25-t1s1,C-fade-dn-T1000-k1.0-pb0.25,t1s1,long,1005-1130,,356,30,-0.1563,-0.2028,0.0531,0.433,-2.63,-0.2214,,0.3,-0.0709,-0.0854,-0.0481,-0.33,162,14,-0.2245,-0.2831,0.08,0.401,-2.36,-0.3135,,0.36,-0.0647,-0.1598,-0.1578,-0.79,False,,,fade,,False,1000.0,1.0,pb0.25,,,,,,
C,C-fade-dn-T1000-k1.0-pb0.25-t05s1,C-fade-dn-T1000-k1.0-pb0.25,t05s1,long,1005-1130,,356,30,-0.153,-0.1942,0.04,0.59,-2.89,-0.215,,0.2,-0.0727,-0.0803,-0.0615,-0.39,162,14,-0.0929,-0.1377,0.0586,0.636,-1.68,-0.1622,,0.29,-0.0619,-0.0309,-0.0062,0.57,False,,,fade,,False,1000.0,1.0,pb0.25,,,,,,
C,C-fade-dn-T1000-k1.0-pb0.25-t1s05,C-fade-dn-T1000-k1.0-pb0.25,t1s05,long,1005-1130,,356,30,-0.0897,-0.142,0.0373,0.301,-2.39,-0.1633,,0.27,-0.0513,-0.0384,0.0019,0.38,162,14,-0.1484,-0.2138,0.0551,0.265,-2.78,-0.2436,,0.29,-0.043,-0.1055,-0.0751,-0.53,False,,,fade,,False,1000.0,1.0,pb0.25,,,,,,
C,C-follow-dn-T1000-k1.0-pb0.25-t1s1,C-follow-dn-T1000-k1.0-pb0.25,t1s1,short,1005-1130,,356,30,0.064,0.0168,0.054,0.542,-0.23,-0.0142,1.73,0.43,-0.0214,0.0855,0.0476,0.27,162,14,0.1313,0.0863,0.0787,0.586,0.34,0.0127,0.88,0.57,-0.0435,0.1748,0.1725,0.93,False,,,follow,,False,1000.0,1.0,pb0.25,,,,,,
C,C-follow-dn-T1000-k1.0-pb0.25-t05s1,C-follow-dn-T1000-k1.0-pb0.25,t05s1,short,1005-1130,,356,30,-0.0209,-0.0633,0.0389,0.68,-1.8,-0.0764,,0.5,-0.0412,0.0204,-0.0198,-0.72,162,14,0.0553,0.0166,0.0533,0.735,-0.24,-0.0303,2.53,0.43,-0.0654,0.1207,0.0901,0.71,False,,,follow,,False,1000.0,1.0,pb0.25,,,,,,
C,C-follow-dn-T1000-k1.0-pb0.25-t1s05,C-follow-dn-T1000-k1.0-pb0.25,t1s05,short,1005-1130,,356,30,0.0256,-0.0278,0.04,0.376,-1.63,-0.049,,0.3,-0.0199,0.0454,0.0272,-0.34,162,14,-0.0095,-0.0692,0.0594,0.358,-1.57,-0.1043,,0.36,-0.0467,0.0371,0.0125,-0.36,False,,,follow,,False,1000.0,1.0,pb0.25,,,,,,
C,C-fade-dn-T1000-k1.0-pb0.5-t1s1,C-fade-dn-T1000-k1.0-pb0.5,t1s1,long,1005-1130,,259,30,-0.1445,-0.1929,0.0629,0.444,-1.84,-0.2142,,0.3,-0.0709,-0.0736,-0.0363,0.1,123,14,-0.2681,-0.3313,0.0909,0.366,-2.85,-0.385,,0.21,-0.0647,-0.2034,-0.205,-1.07,False,,,fade,,False,1000.0,1.0,pb0.5,,,,,,
C,C-fade-dn-T1000-k1.0-pb0.5-t05s1,C-fade-dn-T1000-k1.0-pb0.5,t05s1,long,1005-1130,,259,30,-0.1447,-0.1872,0.047,0.598,-1.96,-0.1986,,0.37,-0.0727,-0.072,-0.0494,0.25,123,14,-0.1472,-0.1971,0.0692,0.602,-2.81,-0.2307,,0.29,-0.0619,-0.0853,-0.0638,-0.49,False,,,fade,,False,1000.0,1.0,pb0.5,,,,,,
C,C-fade-dn-T1000-k1.0-pb0.5-t1s05,C-fade-dn-T1000-k1.0-pb0.5,t1s05,long,1005-1130,,259,30,-0.0964,-0.1517,0.0439,0.297,-2.44,-0.1672,,0.23,-0.0513,-0.0451,-0.0088,0.05,123,14,-0.1973,-0.2671,0.0609,0.228,-5.55,-0.2918,,0.07,-0.043,-0.1543,-0.1395,-2.23,False,,,fade,,False,1000.0,1.0,pb0.5,,,,,,
C,C-follow-dn-T1000-k1.0-pb0.5-t1s1,C-follow-dn-T1000-k1.0-pb0.5,t1s1,short,1005-1130,,259,30,0.0443,-0.0032,0.0636,0.541,-0.6,-0.0407,,0.43,-0.0214,0.0658,0.028,-0.25,123,14,0.1689,0.1245,0.0887,0.593,0.79,0.0871,0.35,0.64,-0.0435,0.2124,0.2134,1.2,False,,,follow,,False,1000.0,1.0,pb0.5,,,,,,
C,C-follow-dn-T1000-k1.0-pb0.5-t05s1,C-follow-dn-T1000-k1.0-pb0.5,t05s1,short,1005-1130,,259,30,-0.0115,-0.0532,0.0451,0.687,-1.31,-0.0714,,0.4,-0.0412,0.0298,-0.0066,-0.41,123,14,0.098,0.0592,0.059,0.764,1.39,0.0278,0.6,0.64,-0.0654,0.1635,0.1483,2.28,False,,,follow,,False,1000.0,1.0,pb0.5,,,,,,
C,C-follow-dn-T1000-k1.0-pb0.5-t1s05,C-follow-dn-T1000-k1.0-pb0.5,t1s05,short,1005-1130,,259,30,0.0078,-0.047,0.0468,0.367,-1.83,-0.0763,,0.33,-0.0199,0.0277,0.0055,-0.92,123,14,0.0357,-0.0238,0.0693,0.39,-0.54,-0.047,,0.36,-0.0467,0.0824,0.0608,0.64,False,,,follow,,False,1000.0,1.0,pb0.5,,,,,,
C,C-fade-dn-T1000-k1.0-rsi3x-t1s1,C-fade-dn-T1000-k1.0-rsi3x,t1s1,long,1005-1130,,352,30,-0.1359,-0.1826,0.0533,0.44,-2.24,-0.201,,0.33,-0.0709,-0.0649,-0.0403,-0.09,173,14,-0.2731,-0.3341,0.077,0.387,-3.03,-0.3678,,0.07,-0.0647,-0.2084,-0.2163,-1.41,False,,,fade,,False,1000.0,1.0,rsi3x,,,,,,
C,C-fade-dn-T1000-k1.0-rsi3x-t05s1,C-fade-dn-T1000-k1.0-rsi3x,t05s1,long,1005-1130,,352,30,-0.1517,-0.1935,0.0402,0.591,-3.12,-0.2104,,0.2,-0.0727,-0.079,-0.0638,-0.66,173,14,-0.1979,-0.2464,0.0583,0.566,-4.92,-0.262,,0.07,-0.0619,-0.136,-0.1184,-1.88,False,,,fade,,False,1000.0,1.0,rsi3x,,,,,,
C,C-fade-dn-T1000-k1.0-rsi3x-t1s05,C-fade-dn-T1000-k1.0-rsi3x,t1s05,long,1005-1130,,352,30,-0.0806,-0.1332,0.0377,0.307,-2.03,-0.1463,,0.3,-0.0513,-0.0293,-0.0013,0.69,173,14,-0.1661,-0.2337,0.0528,0.254,-4.03,-0.2486,,0.14,-0.043,-0.1232,-0.1013,-1.51,False,,,fade,,False,1000.0,1.0,rsi3x,,,,,,
C,C-follow-dn-T1000-k1.0-rsi3x-t1s1,C-follow-dn-T1000-k1.0-rsi3x,t1s1,short,1005-1130,,352,30,0.0486,0.0011,0.0541,0.528,-0.39,-0.0487,40.28,0.47,-0.0214,0.0701,0.045,0.15,173,14,0.1778,0.1329,0.0757,0.613,0.93,0.0815,0.48,0.64,-0.0435,0.2213,0.229,1.59,False,,,follow,,False,1000.0,1.0,rsi3x,,,,,,
C,C-follow-dn-T1000-k1.0-rsi3x-t05s1,C-follow-dn-T1000-k1.0-rsi3x,t05s1,short,1005-1130,,352,30,-0.0053,-0.0478,0.0388,0.69,-1.76,-0.0677,,0.37,-0.0412,0.036,0.0083,-0.55,173,14,0.0709,0.0326,0.0508,0.746,0.43,-0.0001,1.0,0.57,-0.0654,0.1363,0.1142,1.76,False,,,follow,,False,1000.0,1.0,rsi3x,,,,,,
C,C-follow-dn-T1000-k1.0-rsi3x-t1s05,C-follow-dn-T1000-k1.0-rsi3x,t1s05,short,1005-1130,,352,30,0.0403,-0.0132,0.0405,0.386,-0.88,-0.0372,,0.43,-0.0199,0.0601,0.0455,0.47,173,14,0.1026,0.0452,0.0595,0.434,1.04,0.03,0.41,0.71,-0.0467,0.1493,0.1318,2.1,False,,,follow,,False,1000.0,1.0,rsi3x,,,,,,
C,C-fade-dn-T1000-k1.0-vwap-t1s1,C-fade-dn-T1000-k1.0-vwap,t1s1,long,1005-1130,,274,30,-0.1392,-0.1868,0.0609,0.445,-2.21,-0.2106,,0.3,-0.0709,-0.0683,-0.0432,-0.46,137,14,-0.1832,-0.2415,0.0868,0.409,-1.52,-0.2695,,0.36,-0.0647,-0.1186,-0.1305,-0.26,False,,,fade,,False,1000.0,1.0,vwap,,,,,,
C,C-fade-dn-T1000-k1.0-vwap-t05s1,C-fade-dn-T1000-k1.0-vwap,t05s1,long,1005-1130,,274,30,-0.137,-0.179,0.0455,0.602,-2.02,-0.1979,,0.3,-0.0727,-0.0643,-0.0435,-0.14,137,14,-0.0926,-0.1401,0.0644,0.635,-1.19,-0.1887,,0.36,-0.0619,-0.0306,-0.0221,0.44,False,,,fade,,False,1000.0,1.0,vwap,,,,,,
C,C-fade-dn-T1000-k1.0-vwap-t1s05,C-fade-dn-T1000-k1.0-vwap,t1s05,long,1005-1130,,274,30,-0.0547,-0.1075,0.0435,0.325,-1.59,-0.1278,,0.33,-0.0513,-0.0035,0.0259,0.23,137,14,-0.1443,-0.2085,0.0595,0.263,-2.7,-0.234,,0.29,-0.043,-0.1014,-0.0996,-0.88,False,,,fade,,False,1000.0,1.0,vwap,,,,,,
C,C-follow-dn-T1000-k1.0-vwap-t1s1,C-follow-dn-T1000-k1.0-vwap,t1s1,short,1005-1130,,274,30,0.048,-0.0007,0.0618,0.536,-0.05,-0.0258,,0.53,-0.0214,0.0694,0.044,0.39,137,14,0.093,0.0473,0.0851,0.555,-0.27,-0.0432,1.76,0.5,-0.0435,0.1365,0.148,0.46,False,,,follow,,False,1000.0,1.0,vwap,,,,,,
C,C-follow-dn-T1000-k1.0-vwap-t05s1,C-follow-dn-T1000-k1.0-vwap,t05s1,short,1005-1130,,274,30,-0.0347,-0.0785,0.0447,0.672,-1.05,-0.094,,0.5,-0.0412,0.0066,-0.0227,-0.26,137,14,0.0541,0.0137,0.0583,0.73,-0.1,-0.0583,4.53,0.5,-0.0654,0.1195,0.1174,1.11,False,,,follow,,False,1000.0,1.0,vwap,,,,,,
C,C-follow-dn-T1000-k1.0-vwap-t1s05,C-follow-dn-T1000-k1.0-vwap,t1s05,short,1005-1130,,274,30,0.0312,-0.0236,0.0458,0.38,-1.08,-0.0493,,0.47,-0.0199,0.051,0.0307,-0.23,137,14,-0.0086,-0.0663,0.064,0.358,-1.11,-0.1339,,0.43,-0.0467,0.0381,0.0294,-0.18,False,,,follow,,False,1000.0,1.0,vwap,,,,,,
C,C-fade-dn-T1000-k1.5-none-t1s1,C-fade-dn-T1000-k1.5-none,t1s1,long,1005-1130,,104,22,-0.2372,-0.2862,0.0979,0.394,-1.4,-0.3095,,0.27,-0.0709,-0.1663,-0.1256,-0.38,36,13,-0.2728,-0.3311,0.1718,0.389,-0.48,-0.3683,,0.38,-0.0647,-0.2081,-0.1827,0.24,False,,,fade,,False,1000.0,1.5,none,,,,,,
C,C-fade-dn-T1000-k1.5-none-t05s1,C-fade-dn-T1000-k1.5-none,t05s1,long,1005-1130,,104,22,-0.2443,-0.2896,0.076,0.529,-1.55,-0.3039,,0.32,-0.0727,-0.1717,-0.1507,-0.36,36,13,-0.2589,-0.3053,0.1309,0.528,-1.01,-0.3726,,0.38,-0.0619,-0.197,-0.1566,0.05,False,,,fade,,False,1000.0,1.5,none,,,,,,
C,C-fade-dn-T1000-k1.5-none-t1s05,C-fade-dn-T1000-k1.5-none,t1s05,long,1005-1130,,104,22,-0.1914,-0.2458,0.0637,0.231,-2.93,-0.2569,,0.23,-0.0513,-0.1401,-0.0842,-1.44,36,13,-0.1339,-0.2,0.1217,0.278,-1.18,-0.2534,,0.38,-0.043,-0.0909,-0.0581,-0.12,False,,,fade,,False,1000.0,1.5,none,,,,,,
C,C-follow-dn-T1000-k1.5-none-t1s1,C-follow-dn-T1000-k1.5-none,t1s1,short,1005-1130,,104,22,0.162,0.1187,0.0983,0.596,0.02,0.0854,0.34,0.5,-0.0214,0.1835,0.1417,0.44,36,13,0.1716,0.1326,0.1672,0.611,-0.47,-0.0213,1.13,0.38,-0.0435,0.2152,0.1888,-0.21,False,,,follow,,False,1000.0,1.5,none,,,,,,
C,C-follow-dn-T1000-k1.5-none-t05s1,C-follow-dn-T1000-k1.5-none,t05s1,short,1005-1130,,104,22,0.073,0.0341,0.0673,0.74,0.13,0.0088,0.76,0.55,-0.0412,0.1142,0.0579,0.87,36,13,0.0328,0.0015,0.1139,0.722,-0.2,-0.0787,46.17,0.46,-0.0654,0.0982,0.0645,0.17,False,,,follow,,False,1000.0,1.5,none,,,,,,
C,C-follow-dn-T1000-k1.5-none-t1s05,C-follow-dn-T1000-k1.5-none,t1s05,short,1005-1130,,104,22,0.097,0.0485,0.0748,0.423,-1.37,0.0219,0.59,0.59,-0.0199,0.1169,0.0962,-0.42,36,13,0.1578,0.1068,0.1326,0.472,-0.33,0.0355,0.7,0.54,-0.0467,0.2044,0.1638,-0.01,False,,,follow,,False,1000.0,1.5,none,,,,,,
C,C-fade-dn-T1000-k1.5-pb0.1-t1s1,C-fade-dn-T1000-k1.5-pb0.1,t1s1,long,1005-1130,,103,22,-0.2484,-0.2974,0.0982,0.388,-1.43,-0.3212,,0.27,-0.0709,-0.1774,-0.1382,-0.41,35,13,-0.3663,-0.4256,0.169,0.343,-0.99,-0.4666,,0.38,-0.0647,-0.3016,-0.2734,-0.32,False,,,fade,,False,1000.0,1.5,pb0.1,,,,,,
C,C-fade-dn-T1000-k1.5-pb0.1-t05s1,C-fade-dn-T1000-k1.5-pb0.1,t05s1,long,1005-1130,,103,22,-0.2507,-0.2959,0.0765,0.524,-1.56,-0.3106,,0.32,-0.0727,-0.178,-0.158,-0.38,35,13,-0.2806,-0.3272,0.1328,0.514,-1.17,-0.3988,,0.38,-0.0619,-0.2186,-0.1757,-0.2,False,,,fade,,False,1000.0,1.5,pb0.1,,,,,,
C,C-fade-dn-T1000-k1.5-pb0.1-t1s05,C-fade-dn-T1000-k1.5-pb0.1,t1s05,long,1005-1130,,103,22,-0.2021,-0.2567,0.0634,0.223,-2.97,-0.268,,0.23,-0.0513,-0.1509,-0.0965,-1.49,35,13,-0.2091,-0.2764,0.1154,0.229,-1.84,-0.3387,,0.31,-0.043,-0.1662,-0.1313,-0.78,False,,,fade,,False,1000.0,1.5,pb0.1,,,,,,
C,C-follow-dn-T1000-k1.5-pb0.1-t1s1,C-follow-dn-T1000-k1.5-pb0.1,t1s1,short,1005-1130,,103,22,0.1742,0.1317,0.0984,0.602,0.05,0.0959,0.38,0.5,-0.0214,0.1956,0.1553,0.47,35,13,0.2623,0.2235,0.1663,0.657,0.13,0.0831,0.69,0.46,-0.0435,0.3058,0.2767,0.33,False,,,follow,,False,1000.0,1.5,pb0.1,,,,,,
C,C-follow-dn-T1000-k1.5-pb0.1-t05s1,C-follow-dn-T1000-k1.5-pb0.1,t05s1,short,1005-1130,,103,22,0.0843,0.0463,0.0668,0.748,0.17,0.0231,0.58,0.55,-0.0412,0.1255,0.0708,0.92,35,13,0.1051,0.0743,0.1093,0.771,0.47,0.0065,0.93,0.62,-0.0654,0.1706,0.1349,0.8,False,,,follow,,False,1000.0,1.5,pb0.1,,,,,,
C,C-follow-dn-T1000-k1.5-pb0.1-t1s05,C-follow-dn-T1000-k1.5-pb0.1,t1s05,short,1005-1130,,103,22,0.1037,0.056,0.0752,0.427,-1.34,0.0299,0.52,0.64,-0.0199,0.1235,0.1038,-0.4,35,13,0.1766,0.1252,0.1351,0.486,-0.07,0.0534,0.61,0.54,-0.0467,0.2232,0.18,0.23,False,,,follow,,False,1000.0,1.5,pb0.1,,,,,,
C,C-fade-dn-T1000-k1.5-pb0.25-t1s1,C-fade-dn-T1000-k1.5-pb0.25,t1s1,long,1005-1130,,99,22,-0.2703,-0.3202,0.1002,0.384,-1.77,-0.3454,,0.18,-0.0709,-0.1993,-0.1549,-0.7,32,12,-0.3658,-0.4254,0.1769,0.344,-1.09,-0.5157,,0.33,-0.0647,-0.3012,-0.2743,-0.41,False,,,fade,,False,1000.0,1.5,pb0.25,,,,,,
C,C-fade-dn-T1000-k1.5-pb0.25-t05s1,C-fade-dn-T1000-k1.5-pb0.25,t05s1,long,1005-1130,,99,22,-0.2804,-0.3265,0.078,0.505,-2.13,-0.3423,,0.27,-0.0727,-0.2077,-0.1818,-0.89,32,12,-0.2565,-0.3021,0.1385,0.531,-1.14,-0.3785,,0.42,-0.0619,-0.1945,-0.1542,-0.22,False,,,fade,,False,1000.0,1.5,pb0.25,,,,,,
C,C-fade-dn-T1000-k1.5-pb0.25-t1s05,C-fade-dn-T1000-k1.5-pb0.25,t1s05,long,1005-1130,,99,22,-0.1894,-0.2445,0.0656,0.232,-2.88,-0.2562,,0.23,-0.0513,-0.1382,-0.0805,-1.33,32,12,-0.2721,-0.3408,0.1123,0.188,-1.93,-0.3807,,0.25,-0.043,-0.2291,-0.1941,-0.86,False,,,fade,,False,1000.0,1.5,pb0.25,,,,,,
C,C-follow-dn-T1000-k1.5-pb0.25-t1s1,C-follow-dn-T1000-k1.5-pb0.25,t1s1,short,1005-1130,,99,22,0.1944,0.1514,0.1005,0.616,0.31,0.1279,0.28,0.5,-0.0214,0.2158,0.1703,0.76,32,12,0.2592,0.2192,0.1749,0.656,0.25,0.0616,0.77,0.5,-0.0435,0.3027,0.2748,0.41,False,,,follow,,False,1000.0,1.5,pb0.25,,,,,,
C,C-follow-dn-T1000-k1.5-pb0.25-t05s1,C-follow-dn-T1000-k1.5-pb0.25,t05s1,short,1005-1130,,99,22,0.0681,0.0295,0.069,0.737,0.03,0.0049,0.85,0.55,-0.0412,0.1094,0.0513,0.75,32,12,0.1654,0.1347,0.1073,0.812,0.54,0.0729,0.56,0.58,-0.0654,0.2308,0.1948,0.86,False,,,follow,,False,1000.0,1.5,pb0.25,,,,,,
C,C-follow-dn-T1000-k1.5-pb0.25-t1s05,C-follow-dn-T1000-k1.5-pb0.25,t1s05,short,1005-1130,,99,22,0.1287,0.0807,0.0772,0.444,-0.82,0.0573,0.33,0.68,-0.0199,0.1486,0.1229,0.12,32,12,0.1498,0.096,0.1419,0.469,-0.04,0.0138,0.87,0.58,-0.0467,0.1965,0.1556,0.23,False,,,follow,,False,1000.0,1.5,pb0.25,,,,,,
C,C-fade-dn-T1000-k1.5-pb0.5-t1s1,C-fade-dn-T1000-k1.5-pb0.5,t1s1,long,1005-1130,,79,22,-0.33,-0.3821,0.1107,0.354,-2.77,-0.4155,,0.18,-0.0709,-0.259,-0.2151,-1.57,29,11,-0.3639,-0.4255,0.1861,0.345,-0.89,-0.5259,,0.36,-0.0647,-0.2992,-0.2593,-0.22,False,,,fade,,False,1000.0,1.5,pb0.5,,,,,,
C,C-fade-dn-T1000-k1.5-pb0.5-t05s1,C-fade-dn-T1000-k1.5-pb0.5,t05s1,long,1005-1130,,79,22,-0.2793,-0.3248,0.0871,0.506,-2.24,-0.3448,,0.32,-0.0727,-0.2067,-0.1751,-0.94,29,11,-0.2291,-0.2758,0.1456,0.552,-0.3,-0.3579,,0.55,-0.0619,-0.1672,-0.1193,0.64,False,,,fade,,False,1000.0,1.5,pb0.5,,,,,,
C,C-fade-dn-T1000-k1.5-pb0.5-t1s05,C-fade-dn-T1000-k1.5-pb0.5,t1s05,long,1005-1130,,79,22,-0.235,-0.2921,0.0701,0.203,-3.7,-0.3076,,0.18,-0.0513,-0.1837,-0.126,-1.95,29,11,-0.2981,-0.37,0.1143,0.172,-3.65,-0.4126,,0.18,-0.043,-0.2551,-0.2183,-2.23,False,,,fade,,False,1000.0,1.5,pb0.5,,,,,,
C,C-follow-dn-T1000-k1.5-pb0.5-t1s1,C-follow-dn-T1000-k1.5-pb0.5,t1s1,short,1005-1130,,79,22,0.2523,0.2109,0.1106,0.646,1.45,0.1698,0.27,0.64,-0.0214,0.2738,0.2288,1.6,29,11,0.2505,0.2086,0.1842,0.621,0.03,0.0275,0.9,0.55,-0.0435,0.294,0.2529,0.19,False,,,follow,,False,1000.0,1.5,pb0.5,,,,,,
C,C-follow-dn-T1000-k1.5-pb0.5-t05s1,C-follow-dn-T1000-k1.5-pb0.5,t05s1,short,1005-1130,,79,22,0.1384,0.1016,0.0723,0.785,1.29,0.0782,0.36,0.64,-0.0412,0.1796,0.1215,1.78,29,11,0.1847,0.1528,0.1104,0.828,1.89,0.0877,0.54,0.64,-0.0654,0.2501,0.2122,2.28,False,,,follow,,False,1000.0,1.5,pb0.5,,,,,,
C,C-follow-dn-T1000-k1.5-pb0.5-t1s05,C-follow-dn-T1000-k1.5-pb0.5,t1s05,short,1005-1130,,79,22,0.1257,0.0761,0.087,0.443,-0.0,0.0362,0.57,0.59,-0.0199,0.1456,0.1142,0.38,29,11,0.1157,0.0587,0.1491,0.448,-0.98,-0.0373,1.57,0.45,-0.0467,0.1624,0.1138,-0.68,False,,,follow,,False,1000.0,1.5,pb0.5,,,,,,
C,C-fade-dn-T1000-k1.5-rsi3x-t1s1,C-fade-dn-T1000-k1.5-rsi3x,t1s1,long,1005-1130,,90,22,-0.2332,-0.2806,0.1051,0.4,-1.79,-0.3075,,0.23,-0.0709,-0.1623,-0.1346,-0.69,32,12,-0.3024,-0.3612,0.1807,0.375,-0.79,-0.4473,,0.33,-0.0647,-0.2377,-0.2233,-0.15,False,,,fade,,False,1000.0,1.5,rsi3x,,,,,,
C,C-fade-dn-T1000-k1.5-rsi3x-t05s1,C-fade-dn-T1000-k1.5-rsi3x,t05s1,long,1005-1130,,90,22,-0.2692,-0.3121,0.0807,0.511,-2.15,-0.3292,,0.27,-0.0727,-0.1965,-0.1762,-0.87,32,12,-0.3024,-0.349,0.1382,0.5,-1.59,-0.4302,,0.33,-0.0619,-0.2404,-0.2074,-0.62,False,,,fade,,False,1000.0,1.5,rsi3x,,,,,,
C,C-fade-dn-T1000-k1.5-rsi3x-t1s05,C-fade-dn-T1000-k1.5-rsi3x,t1s05,long,1005-1130,,90,22,-0.1359,-0.1874,0.0714,0.267,-1.22,-0.2092,,0.41,-0.0513,-0.0846,-0.0518,0.01,32,12,-0.2242,-0.2943,0.1201,0.219,-2.74,-0.3996,,0.33,-0.043,-0.1813,-0.151,-1.53,False,,,fade,,False,1000.0,1.5,rsi3x,,,,,,
C,C-follow-dn-T1000-k1.5-rsi3x-t1s1,C-follow-dn-T1000-k1.5-rsi3x,t1s1,short,1005-1130,,90,22,0.1615,0.1179,0.1062,0.589,0.52,0.0945,0.24,0.55,-0.0214,0.1829,0.154,0.79,32,12,0.1976,0.1574,0.1775,0.625,-0.08,-0.0146,1.08,0.42,-0.0435,0.2411,0.2258,0.16,False,,,follow,,False,1000.0,1.5,rsi3x,,,,,,
C,C-follow-dn-T1000-k1.5-rsi3x-t05s1,C-follow-dn-T1000-k1.5-rsi3x,t05s1,short,1005-1130,,90,22,0.0641,0.0244,0.0732,0.733,-0.48,-0.0222,1.82,0.5,-0.0412,0.1054,0.0721,0.14,32,12,0.1195,0.0904,0.1113,0.781,1.24,0.0184,0.83,0.58,-0.0654,0.1849,0.1537,1.69,False,,,follow,,False,1000.0,1.5,rsi3x,,,,,,
C,C-follow-dn-T1000-k1.5-rsi3x-t1s05,C-follow-dn-T1000-k1.5-rsi3x,t1s05,short,1005-1130,,90,22,0.1308,0.0812,0.0818,0.444,-0.15,0.0515,0.44,0.59,-0.0199,0.1507,0.1303,0.4,32,12,0.1976,0.1452,0.1426,0.5,0.33,0.068,0.58,0.67,-0.0467,0.2443,0.2107,0.62,False,,,follow,,False,1000.0,1.5,rsi3x,,,,,,
C,C-fade-dn-T1000-k1.5-vwap-t1s1,C-fade-dn-T1000-k1.5-vwap,t1s1,long,1005-1130,,67,20,-0.173,-0.2211,0.1241,0.433,-1.69,-0.2824,,0.25,-0.0709,-0.1021,-0.0783,-0.78,24,10,-0.2684,-0.3187,0.2053,0.375,-0.57,-0.4322,,0.4,-0.0647,-0.2037,-0.1546,-0.14,False,,,fade,,False,1000.0,1.5,vwap,,,,,,
C,C-fade-dn-T1000-k1.5-vwap-t05s1,C-fade-dn-T1000-k1.5-vwap,t05s1,long,1005-1130,,67,20,-0.188,-0.2296,0.0932,0.567,-2.35,-0.2503,,0.3,-0.0727,-0.1153,-0.0913,-1.26,24,10,-0.1649,-0.2113,0.1625,0.583,0.08,-0.3037,,0.6,-0.0619,-0.103,-0.0635,0.75,False,,,fade,,False,1000.0,1.5,vwap,,,,,,
C,C-fade-dn-T1000-k1.5-vwap-t1s05,C-fade-dn-T1000-k1.5-vwap,t1s05,long,1005-1130,,67,20,-0.1357,-0.1898,0.0837,0.269,-2.3,-0.2197,,0.3,-0.0513,-0.0844,-0.0423,-0.9,24,10,-0.2274,-0.2824,0.1305,0.208,-0.48,-0.3927,,0.3,-0.043,-0.1845,-0.1546,-0.04,False,,,fade,,False,1000.0,1.5,vwap,,,,,,
C,C-follow-dn-T1000-k1.5-vwap-t1s1,C-follow-dn-T1000-k1.5-vwap,t1s1,short,1005-1130,,67,20,0.0956,0.0506,0.1249,0.567,0.54,0.0203,0.68,0.5,-0.0214,0.1171,0.0919,0.83,24,10,0.1885,0.1508,0.2024,0.583,-0.03,-0.0588,1.31,0.5,-0.0435,0.232,0.1815,0.23,False,,,follow,,False,1000.0,1.5,vwap,,,,,,
C,C-follow-dn-T1000-k1.5-vwap-t05s1,C-follow-dn-T1000-k1.5-vwap,t05s1,short,1005-1130,,67,20,0.0583,0.0193,0.0849,0.731,0.49,-0.0078,1.38,0.6,-0.0412,0.0996,0.0568,1.0,24,10,0.1476,0.1143,0.1315,0.792,-0.26,0.0266,0.82,0.7,-0.0654,0.213,0.1817,0.16,False,,,follow,,False,1000.0,1.5,vwap,,,,,,
C,C-follow-dn-T1000-k1.5-vwap-t1s05,C-follow-dn-T1000-k1.5-vwap,t1s05,short,1005-1130,,67,20,0.0882,0.0363,0.0944,0.418,0.69,0.0082,0.78,0.6,-0.0199,0.108,0.084,1.12,24,10,0.0851,0.0431,0.1552,0.417,-0.99,-0.1153,3.12,0.4,-0.0467,0.1317,0.0916,-0.6,False,,,follow,,False,1000.0,1.5,vwap,,,,,,
C,C-fade-dn-T1010-k0.5-none-t1s1,C-fade-dn-T1010-k0.5-none,t1s1,long,1015-1130,,4361,30,-0.121,-0.1681,0.0149,0.423,-3.08,-0.1963,,0.2,-0.0671,-0.0539,-0.0542,-1.28,2435,14,-0.0201,-0.074,0.0202,0.468,-1.22,-0.1252,,0.43,-0.0636,0.0435,-0.0107,-0.38,False,,,fade,,False,1010.0,0.5,none,,,,,,
C,C-fade-dn-T1010-k0.5-none-t05s1,C-fade-dn-T1010-k0.5-none,t05s1,long,1015-1130,,4361,30,-0.0918,-0.1333,0.0112,0.626,-3.34,-0.1522,,0.2,-0.0715,-0.0203,-0.027,-0.65,2435,14,-0.0083,-0.0558,0.0147,0.685,-1.35,-0.0706,,0.36,-0.0586,0.0503,0.0253,0.74,False,,,fade,,False,1010.0,0.5,none,,,,,,
C,C-fade-dn-T1010-k0.5-none-t1s05,C-fade-dn-T1010-k0.5-none,t1s05,long,1015-1130,,4361,30,-0.0869,-0.1422,0.0108,0.298,-3.71,-0.1626,,0.23,-0.0482,-0.0387,-0.0423,-1.69,2435,14,-0.0165,-0.0796,0.0152,0.346,-1.3,-0.1023,,0.36,-0.0412,0.0247,-0.014,-0.24,False,,,fade,,False,1010.0,0.5,none,,,,,,
C,C-follow-dn-T1010-k0.5-none-t1s1,C-follow-dn-T1010-k0.5-none,t1s1,short,1015-1130,,4361,30,0.0348,-0.0103,0.015,0.494,-0.25,-0.0331,,0.53,-0.0253,0.0601,0.0606,1.45,2435,14,-0.0768,-0.1305,0.02,0.441,-1.41,-0.157,,0.5,-0.0446,-0.0322,0.0219,0.64,False,,,follow,,False,1010.0,0.5,none,,,,,,
C,C-follow-dn-T1010-k0.5-none-t05s1,C-follow-dn-T1010-k0.5-none,t05s1,short,1015-1130,,4361,30,-0.0015,-0.0409,0.0108,0.687,-1.32,-0.0564,,0.43,-0.0443,0.0428,0.0474,1.93,2435,14,-0.0815,-0.1289,0.0149,0.636,-2.12,-0.1459,,0.43,-0.0671,-0.0144,0.0248,0.57,False,,,follow,,False,1010.0,0.5,none,,,,,,
C,C-follow-dn-T1010-k0.5-none-t1s05,C-follow-dn-T1010-k0.5-none,t1s05,short,1015-1130,,4361,30,0.0031,-0.0499,0.0113,0.354,-1.58,-0.0711,,0.37,-0.021,0.024,0.0316,0.85,2435,14,-0.0891,-0.1521,0.0144,0.3,-3.01,-0.1737,,0.21,-0.0499,-0.0391,-0.0142,-0.25,False,,,follow,,False,1010.0,0.5,none,,,,,,
C,C-fade-dn-T1010-k0.5-pb0.1-t1s1,C-fade-dn-T1010-k0.5-pb0.1,t1s1,long,1015-1130,,3949,30,-0.1254,-0.1727,0.0157,0.42,-3.13,-0.2011,,0.23,-0.0671,-0.0583,-0.0553,-1.1,2235,14,-0.0421,-0.0953,0.021,0.456,-1.44,-0.149,,0.43,-0.0636,0.0215,-0.0239,-0.63,False,,,fade,,False,1010.0,0.5,pb0.1,,,,,,
C,C-fade-dn-T1010-k0.5-pb0.1-t05s1,C-fade-dn-T1010-k0.5-pb0.1,t05s1,long,1015-1130,,3949,30,-0.0937,-0.1352,0.0118,0.625,-3.55,-0.1535,,0.23,-0.0715,-0.0221,-0.0241,-0.55,2235,14,-0.0208,-0.0672,0.0153,0.676,-1.47,-0.088,,0.36,-0.0586,0.0379,0.0192,0.49,False,,,fade,,False,1010.0,0.5,pb0.1,,,,,,
C,C-fade-dn-T1010-k0.5-pb0.1-t1s05,C-fade-dn-T1010-k0.5-pb0.1,t1s05,long,1015-1130,,3949,30,-0.0887,-0.1441,0.0113,0.295,-3.93,-0.1632,,0.27,-0.0482,-0.0405,-0.042,-1.45,2235,14,-0.036,-0.0982,0.0157,0.333,-1.75,-0.1193,,0.36,-0.0412,0.0052,-0.0251,-0.6,False,,,fade,,False,1010.0,0.5,pb0.1,,,,,,
C,C-follow-dn-T1010-k0.5-pb0.1-t1s1,C-follow-dn-T1010-k0.5-pb0.1,t1s1,short,1015-1130,,3949,30,0.0406,-0.0039,0.0157,0.497,-0.19,-0.0247,,0.53,-0.0253,0.0659,0.0631,1.3,2235,14,-0.0506,-0.1025,0.0209,0.452,-0.98,-0.1324,,0.5,-0.0446,-0.006,0.0394,0.95,False,,,follow,,False,1010.0,0.5,pb0.1,,,,,,
C,C-follow-dn-T1010-k0.5-pb0.1-t05s1,C-follow-dn-T1010-k0.5-pb0.1,t05s1,short,1015-1130,,3949,30,0.0015,-0.0374,0.0113,0.688,-1.33,-0.0506,,0.43,-0.0443,0.0458,0.0482,1.74,2235,14,-0.0587,-0.1045,0.0154,0.65,-1.68,-0.1218,,0.43,-0.0671,0.0085,0.0391,0.98,False,,,follow,,False,1010.0,0.5,pb0.1,,,,,,
C,C-follow-dn-T1010-k0.5-pb0.1-t1s05,C-follow-dn-T1010-k0.5-pb0.1,t1s05,short,1015-1130,,3949,30,0.006,-0.0466,0.0118,0.356,-1.48,-0.063,,0.3,-0.021,0.027,0.0297,0.77,2235,14,-0.0733,-0.135,0.0152,0.309,-2.46,-0.1604,,0.29,-0.0499,-0.0233,-0.0047,0.01,False,,,follow,,False,1010.0,0.5,pb0.1,,,,,,
C,C-fade-dn-T1010-k0.5-pb0.25-t1s1,C-fade-dn-T1010-k0.5-pb0.25,t1s1,long,1015-1130,,3021,30,-0.0984,-0.1453,0.018,0.431,-3.13,-0.175,,0.27,-0.0671,-0.0313,-0.0285,-0.6,1799,14,-0.0904,-0.1446,0.0233,0.426,-2.69,-0.1921,,0.29,-0.0636,-0.0268,-0.0618,-1.46,False,,,fade,,False,1010.0,0.5,pb0.25,,,,,,
C,C-fade-dn-T1010-k0.5-pb0.25-t05s1,C-fade-dn-T1010-k0.5-pb0.25,t05s1,long,1015-1130,,3021,30,-0.0755,-0.1167,0.0134,0.634,-3.6,-0.1324,,0.33,-0.0715,-0.004,-0.0027,-0.08,1799,14,-0.069,-0.1168,0.0175,0.64,-2.55,-0.1374,,0.29,-0.0586,-0.0104,-0.0228,-0.66,False,,,fade,,False,1010.0,0.5,pb0.25,,,,,,
C,C-fade-dn-T1010-k0.5-pb0.25-t1s05,C-fade-dn-T1010-k0.5-pb0.25,t1s05,long,1015-1130,,3021,30,-0.0798,-0.1351,0.013,0.3,-4.36,-0.1473,,0.27,-0.0482,-0.0316,-0.0317,-1.08,1799,14,-0.0693,-0.132,0.0171,0.307,-3.24,-0.1521,,0.29,-0.0412,-0.0281,-0.0495,-1.41,False,,,fade,,False,1010.0,0.5,pb0.25,,,,,,
C,C-follow-dn-T1010-k0.5-pb0.25-t1s1,C-follow-dn-T1010-k0.5-pb0.25,t1s1,short,1015-1130,,3021,30,0.0143,-0.0309,0.0179,0.479,-0.42,-0.0483,,0.57,-0.0253,0.0396,0.037,0.85,1799,14,-0.0009,-0.0506,0.0231,0.473,-0.23,-0.0823,,0.64,-0.0446,0.0437,0.0786,1.79,False,,,follow,,False,1010.0,0.5,pb0.25,,,,,,
C,C-follow-dn-T1010-k0.5-pb0.25-t05s1,C-follow-dn-T1010-k0.5-pb0.25,t05s1,short,1015-1130,,3021,30,-0.007,-0.0464,0.0129,0.681,-1.47,-0.0564,,0.43,-0.0443,0.0373,0.0382,1.43,1799,14,-0.0237,-0.068,0.0169,0.671,-1.04,-0.0866,,0.57,-0.0671,0.0435,0.0651,1.86,False,,,follow,,False,1010.0,0.5,pb0.25,,,,,,
C,C-follow-dn-T1010-k0.5-pb0.25-t1s05,C-follow-dn-T1010-k0.5-pb0.25,t1s05,short,1015-1130,,3021,30,-0.0122,-0.0653,0.0134,0.34,-1.7,-0.0803,,0.37,-0.021,0.0087,0.008,0.33,1799,14,-0.0231,-0.0825,0.0173,0.339,-1.23,-0.1151,,0.36,-0.0499,0.0269,0.0392,1.09,False,,,follow,,False,1010.0,0.5,pb0.25,,,,,,
C,C-fade-dn-T1010-k0.5-pb0.5-t1s1,C-fade-dn-T1010-k0.5-pb0.5,t1s1,long,1015-1130,,1692,30,-0.0746,-0.1211,0.0241,0.449,-2.85,-0.1584,,0.27,-0.0671,-0.0076,-0.0222,-0.16,979,14,-0.1002,-0.1551,0.0317,0.427,-3.96,-0.1969,,0.21,-0.0636,-0.0365,-0.0641,-1.13,False,,,fade,,False,1010.0,0.5,pb0.5,,,,,,
C,C-fade-dn-T1010-k0.5-pb0.5-t05s1,C-fade-dn-T1010-k0.5-pb0.5,t05s1,long,1015-1130,,1692,30,-0.0561,-0.0967,0.0177,0.647,-3.42,-0.1161,,0.23,-0.0715,0.0154,0.0067,0.36,979,14,-0.0785,-0.1275,0.0238,0.634,-3.23,-0.1438,,0.29,-0.0586,-0.0198,-0.0314,-0.7,False,,,fade,,False,1010.0,0.5,pb0.5,,,,,,
C,C-fade-dn-T1010-k0.5-pb0.5-t1s05,C-fade-dn-T1010-k0.5-pb0.5,t1s05,long,1015-1130,,1692,30,-0.0475,-0.1019,0.0177,0.323,-3.68,-0.1175,,0.3,-0.0482,0.0007,-0.0178,-0.01,979,14,-0.0389,-0.1019,0.0237,0.328,-3.44,-0.1259,,0.21,-0.0412,0.0023,-0.0162,-0.31,False,,,fade,,False,1010.0,0.5,pb0.5,,,,,,
C,C-follow-dn-T1010-k0.5-pb0.5-t1s1,C-follow-dn-T1010-k0.5-pb0.5,t1s1,short,1015-1130,,1692,30,-0.0085,-0.0539,0.0241,0.473,-0.6,-0.0709,,0.5,-0.0253,0.0168,0.0315,0.46,979,14,0.0084,-0.0431,0.0315,0.479,0.02,-0.0727,,0.57,-0.0446,0.053,0.0804,1.49,False,,,follow,,False,1010.0,0.5,pb0.5,,,,,,
C,C-follow-dn-T1010-k0.5-pb0.5-t05s1,C-follow-dn-T1010-k0.5-pb0.5,t05s1,short,1015-1130,,1692,30,-0.0395,-0.0795,0.0176,0.66,-2.26,-0.0886,,0.47,-0.0443,0.0048,0.0237,0.36,979,14,-0.0544,-0.1009,0.0233,0.654,-1.9,-0.1193,,0.21,-0.0671,0.0128,0.0314,0.8,False,,,follow,,False,1010.0,0.5,pb0.5,,,,,,
C,C-follow-dn-T1010-k0.5-pb0.5-t1s05,C-follow-dn-T1010-k0.5-pb0.5,t1s05,short,1015-1130,,1692,30,-0.0327,-0.0862,0.0177,0.327,-2.12,-0.0994,,0.37,-0.021,-0.0117,-0.0026,-0.17,979,14,-0.0148,-0.0753,0.0235,0.342,-0.91,-0.1085,,0.36,-0.0499,0.0351,0.0466,1.09,False,,,follow,,False,1010.0,0.5,pb0.5,,,,,,
C,C-fade-dn-T1010-k0.5-rsi3x-t1s1,C-fade-dn-T1010-k0.5-rsi3x,t1s1,long,1015-1130,,3538,30,-0.1127,-0.1598,0.0165,0.42,-3.04,-0.1843,,0.23,-0.0671,-0.0456,-0.0368,-0.89,2037,14,-0.0689,-0.1221,0.022,0.441,-2.22,-0.1702,,0.29,-0.0636,-0.0053,-0.0293,-0.98,False,,,fade,,False,1010.0,0.5,rsi3x,,,,,,
C,C-fade-dn-T1010-k0.5-rsi3x-t05s1,C-fade-dn-T1010-k0.5-rsi3x,t05s1,long,1015-1130,,3538,30,-0.0927,-0.1344,0.0125,0.623,-3.71,-0.1529,,0.2,-0.0715,-0.0212,-0.0151,-0.5,2037,14,-0.0745,-0.122,0.0164,0.638,-2.74,-0.138,,0.29,-0.0586,-0.0158,-0.0208,-1.04,False,,,fade,,False,1010.0,0.5,rsi3x,,,,,,
C,C-fade-dn-T1010-k0.5-rsi3x-t1s05,C-fade-dn-T1010-k0.5-rsi3x,t1s05,long,1015-1130,,3538,30,-0.0842,-0.1392,0.0119,0.297,-3.7,-0.1594,,0.3,-0.0482,-0.036,-0.0315,-1.02,2037,14,-0.042,-0.1035,0.0163,0.327,-2.24,-0.1234,,0.29,-0.0412,-0.0007,-0.0098,-0.1,False,,,fade,,False,1010.0,0.5,rsi3x,,,,,,
C,C-follow-dn-T1010-k0.5-rsi3x-t1s1,C-follow-dn-T1010-k0.5-rsi3x,t1s1,short,1015-1130,,3538,30,0.0293,-0.0151,0.0165,0.487,-0.23,-0.0343,,0.53,-0.0253,0.0546,0.046,1.15,2037,14,-0.0222,-0.073,0.0218,0.467,-0.63,-0.0961,,0.57,-0.0446,0.0224,0.0464,1.41,False,,,follow,,False,1010.0,0.5,rsi3x,,,,,,
C,C-follow-dn-T1010-k0.5-rsi3x-t05s1,C-follow-dn-T1010-k0.5-rsi3x,t05s1,short,1015-1130,,3538,30,-0.0018,-0.0413,0.0119,0.685,-1.25,-0.0542,,0.5,-0.0443,0.0426,0.0389,1.36,2037,14,-0.0499,-0.0954,0.0161,0.655,-1.87,-0.1132,,0.29,-0.0671,0.0173,0.0265,0.62,False,,,follow,,False,1010.0,0.5,rsi3x,,,,,,
C,C-follow-dn-T1010-k0.5-rsi3x-t1s05,C-follow-dn-T1010-k0.5-rsi3x,t1s05,short,1015-1130,,3538,30,0.0055,-0.0472,0.0125,0.355,-1.25,-0.0615,,0.5,-0.021,0.0265,0.021,0.74,2037,14,-0.0174,-0.0769,0.0163,0.344,-1.03,-0.101,,0.43,-0.0499,0.0326,0.0376,1.54,False,,,follow,,False,1010.0,0.5,rsi3x,,,,,,
C,C-fade-dn-T1010-k0.5-vwap-t1s1,C-fade-dn-T1010-k0.5-vwap,t1s1,long,1015-1130,,2884,30,-0.0864,-0.1329,0.0183,0.431,-2.76,-0.1614,,0.3,-0.0671,-0.0193,-0.0118,-0.24,1708,14,-0.0854,-0.1391,0.0239,0.426,-2.67,-0.1923,,0.29,-0.0636,-0.0218,-0.044,-1.3,False,,,fade,,False,1010.0,0.5,vwap,,,,,,
C,C-fade-dn-T1010-k0.5-vwap-t05s1,C-fade-dn-T1010-k0.5-vwap,t05s1,long,1015-1130,,2884,30,-0.0637,-0.1046,0.0136,0.643,-3.27,-0.1206,,0.33,-0.0715,0.0078,0.0124,0.42,1708,14,-0.0675,-0.115,0.0179,0.64,-2.67,-0.1418,,0.21,-0.0586,-0.0089,-0.0152,-0.64,False,,,fade,,False,1010.0,0.5,vwap,,,,,,
C,C-fade-dn-T1010-k0.5-vwap-t1s05,C-fade-dn-T1010-k0.5-vwap,t1s05,long,1015-1130,,2884,30,-0.0776,-0.1323,0.0132,0.298,-4.0,-0.144,,0.27,-0.0482,-0.0294,-0.0235,-0.76,1708,14,-0.0627,-0.1253,0.0176,0.309,-3.22,-0.1452,,0.29,-0.0412,-0.0215,-0.0333,-0.98,False,,,fade,,False,1010.0,0.5,vwap,,,,,,
C,C-follow-dn-T1010-k0.5-vwap-t1s1,C-follow-dn-T1010-k0.5-vwap,t1s1,short,1015-1130,,2884,30,0.0016,-0.0438,0.0183,0.469,-0.61,-0.0614,,0.5,-0.0253,0.0269,0.0196,0.48,1708,14,-0.0067,-0.057,0.0237,0.469,-0.17,-0.0854,,0.5,-0.0446,0.0379,0.06,1.63,False,,,follow,,False,1010.0,0.5,vwap,,,,,,
C,C-follow-dn-T1010-k0.5-vwap-t05s1,C-follow-dn-T1010-k0.5-vwap,t05s1,short,1015-1130,,2884,30,-0.009,-0.049,0.0133,0.676,-1.42,-0.0599,,0.47,-0.0443,0.0353,0.0301,1.15,1708,14,-0.0311,-0.0759,0.0173,0.665,-1.23,-0.0934,,0.43,-0.0671,0.036,0.048,1.48,False,,,follow,,False,1010.0,0.5,vwap,,,,,,
C,C-follow-dn-T1010-k0.5-vwap-t1s05,C-follow-dn-T1010-k0.5-vwap,t1s05,short,1015-1130,,2884,30,-0.0244,-0.078,0.0136,0.333,-2.05,-0.0931,,0.4,-0.021,-0.0034,-0.0075,-0.17,1708,14,-0.0246,-0.0846,0.0178,0.338,-1.11,-0.1135,,0.5,-0.0499,0.0254,0.0316,1.1,False,,,follow,,False,1010.0,0.5,vwap,,,,,,
C,C-fade-dn-T1010-k0.75-none-t1s1,C-fade-dn-T1010-k0.75-none,t1s1,long,1015-1130,,1370,30,-0.0704,-0.1169,0.0271,0.465,-1.95,-0.1431,,0.33,-0.0671,-0.0033,-0.0169,0.18,760,14,-0.0059,-0.0598,0.0364,0.488,-1.26,-0.1087,,0.29,-0.0636,0.0577,-0.0098,-0.01,False,,,fade,,False,1010.0,0.75,none,,,,,,
C,C-fade-dn-T1010-k0.75-none-t05s1,C-fade-dn-T1010-k0.75-none,t05s1,long,1015-1130,,1370,30,-0.0718,-0.1131,0.02,0.643,-2.4,-0.1315,,0.5,-0.0715,-0.0003,-0.0106,0.03,760,14,0.0082,-0.0383,0.0259,0.7,-1.31,-0.0553,,0.43,-0.0586,0.0669,0.0385,1.34,False,,,fade,,False,1010.0,0.75,none,,,,,,
C,C-fade-dn-T1010-k0.75-none-t1s05,C-fade-dn-T1010-k0.75-none,t1s05,long,1015-1130,,1370,30,-0.0326,-0.0862,0.0198,0.336,-1.96,-0.1071,,0.3,-0.0482,0.0156,0.0018,0.53,760,14,-0.0022,-0.0639,0.0272,0.361,-1.32,-0.101,,0.36,-0.0412,0.0391,-0.0051,0.09,False,,,fade,,False,1010.0,0.75,none,,,,,,
C,C-follow-dn-T1010-k0.75-none-t1s1,C-follow-dn-T1010-k0.75-none,t1s1,short,1015-1130,,1370,30,-0.015,-0.0615,0.0272,0.485,-1.23,-0.1034,,0.4,-0.0253,0.0103,0.024,-0.05,760,14,-0.0917,-0.1459,0.0362,0.445,-1.94,-0.1845,,0.36,-0.0446,-0.0471,0.0201,0.2,False,,,follow,,False,1010.0,0.75,none,,,,,,
C,C-follow-dn-T1010-k0.75-none-t05s1,C-follow-dn-T1010-k0.75-none,t05s1,short,1015-1130,,1370,30,-0.0532,-0.0938,0.0198,0.657,-2.51,-0.1221,,0.33,-0.0443,-0.0089,0.0057,-0.23,760,14,-0.0968,-0.145,0.0271,0.629,-2.74,-0.1634,,0.21,-0.0671,-0.0296,0.0149,0.21,False,,,follow,,False,1010.0,0.75,none,,,,,,
C,C-follow-dn-T1010-k0.75-none-t1s05,C-follow-dn-T1010-k0.75-none,t1s05,short,1015-1130,,1370,30,-0.0173,-0.0705,0.0199,0.345,-1.79,-0.1057,,0.33,-0.021,0.0036,0.015,0.16,760,14,-0.1032,-0.167,0.0257,0.293,-4.6,-0.1804,,0.07,-0.0499,-0.0533,-0.025,-0.81,False,,,follow,,False,1010.0,0.75,none,,,,,,
C,C-fade-dn-T1010-k0.75-pb0.1-t1s1,C-fade-dn-T1010-k0.75-pb0.1,t1s1,long,1015-1130,,1238,30,-0.0676,-0.1138,0.0285,0.467,-1.85,-0.1371,,0.37,-0.0671,-0.0006,-0.0117,0.41,712,14,-0.032,-0.0864,0.0376,0.475,-1.61,-0.1387,,0.29,-0.0636,0.0316,-0.0289,-0.29,False,,,fade,,False,1010.0,0.75,pb0.1,,,,,,
C,C-fade-dn-T1010-k0.75-pb0.1-t05s1,C-fade-dn-T1010-k0.75-pb0.1,t05s1,long,1015-1130,,1238,30,-0.0676,-0.1085,0.021,0.645,-2.44,-0.1243,,0.43,-0.0715,0.0039,-0.0038,0.21,712,14,-0.007,-0.0535,0.027,0.69,-1.69,-0.0712,,0.29,-0.0586,0.0517,0.0278,1.03,False,,,fade,,False,1010.0,0.75,pb0.1,,,,,,
C,C-fade-dn-T1010-k0.75-pb0.1-t1s05,C-fade-dn-T1010-k0.75-pb0.1,t1s05,long,1015-1130,,1238,30,-0.0228,-0.0757,0.0209,0.342,-1.93,-0.0951,,0.4,-0.0482,0.0254,0.0125,0.96,712,14,-0.0338,-0.0971,0.0278,0.338,-2.2,-0.1285,,0.29,-0.0412,0.0074,-0.0288,-0.49,False,,,fade,,False,1010.0,0.75,pb0.1,,,,,,
C,C-follow-dn-T1010-k0.75-pb0.1-t1s1,C-follow-dn-T1010-k0.75-pb0.1,t1s1,short,1015-1130,,1238,30,-0.0166,-0.0628,0.0286,0.485,-1.32,-0.0995,,0.4,-0.0253,0.0087,0.0198,-0.25,712,14,-0.0618,-0.115,0.0374,0.455,-1.37,-0.1552,,0.5,-0.0446,-0.0172,0.0432,0.53,False,,,follow,,False,1010.0,0.75,pb0.1,,,,,,
C,C-follow-dn-T1010-k0.75-pb0.1-t05s1,C-follow-dn-T1010-k0.75-pb0.1,t05s1,short,1015-1130,,1238,30,-0.0619,-0.1024,0.0209,0.649,-3.0,-0.1257,,0.37,-0.0443,-0.0176,-0.0039,-0.61,712,14,-0.0642,-0.1104,0.0275,0.65,-2.32,-0.1298,,0.29,-0.0671,0.003,0.0395,0.82,False,,,follow,,False,1010.0,0.75,pb0.1,,,,,,
C,C-follow-dn-T1010-k0.75-pb0.1-t1s05,C-follow-dn-T1010-k0.75-pb0.1,t1s05,short,1015-1130,,1238,30,-0.0207,-0.0736,0.0209,0.342,-1.85,-0.1016,,0.37,-0.021,0.0002,0.0089,0.01,712,14,-0.0868,-0.1501,0.0269,0.303,-3.96,-0.1662,,0.07,-0.0499,-0.0369,-0.0132,-0.54,False,,,follow,,False,1010.0,0.75,pb0.1,,,,,,
C,C-fade-dn-T1010-k0.75-pb0.25-t1s1,C-fade-dn-T1010-k0.75-pb0.25,t1s1,long,1015-1130,,1004,30,-0.0377,-0.0832,0.0315,0.476,-1.46,-0.1053,,0.43,-0.0671,0.0294,0.0222,0.9,589,14,-0.0833,-0.1383,0.0414,0.45,-2.79,-0.1635,,0.29,-0.0636,-0.0197,-0.0638,-0.69,False,,,fade,,False,1010.0,0.75,pb0.25,,,,,,
C,C-fade-dn-T1010-k0.75-pb0.25-t05s1,C-fade-dn-T1010-k0.75-pb0.25,t05s1,long,1015-1130,,1004,30,-0.0436,-0.0835,0.0229,0.66,-1.96,-0.0977,,0.47,-0.0715,0.028,0.0262,0.84,589,14,-0.0869,-0.136,0.0309,0.635,-2.77,-0.1563,,0.21,-0.0586,-0.0282,-0.0429,-0.48,False,,,fade,,False,1010.0,0.75,pb0.25,,,,,,
C,C-fade-dn-T1010-k0.75-pb0.25-t1s05,C-fade-dn-T1010-k0.75-pb0.25,t1s05,long,1015-1130,,1004,30,-0.0338,-0.087,0.023,0.333,-2.19,-0.1006,,0.33,-0.0482,0.0143,0.0062,0.75,589,14,-0.0627,-0.126,0.0301,0.319,-2.73,-0.1413,,0.21,-0.0412,-0.0215,-0.0469,-0.73,False,,,fade,,False,1010.0,0.75,pb0.25,,,,,,
C,C-follow-dn-T1010-k0.75-pb0.25-t1s1,C-follow-dn-T1010-k0.75-pb0.25,t1s1,short,1015-1130,,1004,30,-0.0475,-0.0945,0.0316,0.463,-1.68,-0.1182,,0.47,-0.0253,-0.0222,-0.015,-0.77,589,14,-0.0097,-0.061,0.0411,0.486,-0.92,-0.0971,,0.5,-0.0446,0.0349,0.0789,0.96,False,,,follow,,False,1010.0,0.75,pb0.25,,,,,,
C,C-follow-dn-T1010-k0.75-pb0.25-t05s1,C-follow-dn-T1010-k0.75-pb0.25,t05s1,short,1015-1130,,1004,30,-0.0518,-0.0926,0.0231,0.654,-2.57,-0.1064,,0.33,-0.0443,-0.0075,0.0012,-0.48,589,14,-0.0328,-0.0784,0.0298,0.671,-1.6,-0.1022,,0.21,-0.0671,0.0343,0.06,1.1,False,,,follow,,False,1010.0,0.75,pb0.25,,,,,,
C,C-follow-dn-T1010-k0.75-pb0.25-t1s05,C-follow-dn-T1010-k0.75-pb0.25,t1s05,short,1015-1130,,1004,30,-0.0451,-0.0993,0.0229,0.323,-2.33,-0.1186,,0.33,-0.021,-0.0241,-0.0218,-0.66,589,14,-0.0061,-0.0661,0.0306,0.357,-1.71,-0.0957,,0.21,-0.0499,0.0438,0.0583,0.89,False,,,follow,,False,1010.0,0.75,pb0.25,,,,,,
C,C-fade-dn-T1010-k0.75-pb0.5-t1s1,C-fade-dn-T1010-k0.75-pb0.5,t1s1,long,1015-1130,,646,30,-0.0265,-0.0724,0.0393,0.485,-1.95,-0.1082,,0.37,-0.0671,0.0406,0.0316,1.06,366,14,-0.1181,-0.1721,0.0518,0.421,-2.75,-0.1901,,0.21,-0.0636,-0.0545,-0.0843,-0.5,False,,,fade,,False,1010.0,0.75,pb0.5,,,,,,
C,C-fade-dn-T1010-k0.75-pb0.5-t05s1,C-fade-dn-T1010-k0.75-pb0.5,t05s1,long,1015-1130,,646,30,-0.0426,-0.0834,0.0285,0.658,-2.38,-0.1079,,0.3,-0.0715,0.0289,0.0252,0.9,366,14,-0.0631,-0.1102,0.0383,0.65,-2.05,-0.1275,,0.14,-0.0586,-0.0045,-0.0144,0.27,False,,,fade,,False,1010.0,0.75,pb0.5,,,,,,
C,C-fade-dn-T1010-k0.75-pb0.5-t1s05,C-fade-dn-T1010-k0.75-pb0.5,t1s05,long,1015-1130,,646,30,-0.0302,-0.0836,0.0288,0.337,-3.04,-0.0939,,0.23,-0.0482,0.018,0.0079,0.62,366,14,-0.064,-0.1262,0.0378,0.314,-2.63,-0.1491,,0.29,-0.0412,-0.0228,-0.0434,-0.12,False,,,fade,,False,1010.0,0.75,pb0.5,,,,,,
C,C-follow-dn-T1010-k0.75-pb0.5-t1s1,C-follow-dn-T1010-k0.75-pb0.5,t1s1,short,1015-1130,,646,30,-0.0608,-0.1088,0.0395,0.457,-1.94,-0.1311,,0.33,-0.0253,-0.0355,-0.0268,-1.01,366,14,0.0265,-0.0259,0.052,0.492,-0.4,-0.0549,,0.43,-0.0446,0.0711,0.1007,0.72,False,,,follow,,False,1010.0,0.75,pb0.5,,,,,,
C,C-follow-dn-T1010-k0.75-pb0.5-t05s1,C-follow-dn-T1010-k0.75-pb0.5,t05s1,short,1015-1130,,646,30,-0.0579,-0.0994,0.0289,0.652,-2.98,-0.1145,,0.17,-0.0443,-0.0136,-0.0033,-0.44,366,14,-0.0317,-0.0785,0.0379,0.669,-1.85,-0.0926,,0.5,-0.0671,0.0354,0.0562,0.38,False,,,follow,,False,1010.0,0.75,pb0.5,,,,,,
C,C-follow-dn-T1010-k0.75-pb0.5-t1s05,C-follow-dn-T1010-k0.75-pb0.5,t1s05,short,1015-1130,,646,30,-0.0501,-0.1046,0.0284,0.317,-2.62,-0.1291,,0.27,-0.021,-0.0291,-0.0252,-0.81,366,14,-0.0285,-0.0913,0.0387,0.336,-2.01,-0.1218,,0.14,-0.0499,0.0214,0.0313,0.02,False,,,follow,,False,1010.0,0.75,pb0.5,,,,,,
C,C-fade-dn-T1010-k0.75-rsi3x-t1s1,C-fade-dn-T1010-k0.75-rsi3x,t1s1,long,1015-1130,,1077,30,-0.061,-0.1069,0.0304,0.462,-1.88,-0.1373,,0.43,-0.0671,0.0061,0.0024,0.44,635,14,-0.0712,-0.125,0.0398,0.458,-2.23,-0.1562,,0.21,-0.0636,-0.0076,-0.048,-0.18,False,,,fade,,False,1010.0,0.75,rsi3x,,,,,,
C,C-fade-dn-T1010-k0.75-rsi3x-t05s1,C-fade-dn-T1010-k0.75-rsi3x,t05s1,long,1015-1130,,1077,30,-0.0732,-0.1147,0.0225,0.64,-2.79,-0.1315,,0.33,-0.0715,-0.0017,0.0013,0.06,635,14,-0.0761,-0.1229,0.0294,0.643,-2.97,-0.1376,,0.21,-0.0586,-0.0174,-0.0307,-0.11,False,,,fade,,False,1010.0,0.75,rsi3x,,,,,,
C,C-fade-dn-T1010-k0.75-rsi3x-t1s05,C-fade-dn-T1010-k0.75-rsi3x,t1s05,long,1015-1130,,1077,30,-0.0357,-0.0886,0.0222,0.332,-2.14,-0.108,,0.37,-0.0482,0.0125,0.0085,0.77,635,14,-0.028,-0.0896,0.0294,0.342,-1.48,-0.1096,,0.5,-0.0412,0.0133,-0.0046,0.59,False,,,fade,,False,1010.0,0.75,rsi3x,,,,,,
C,C-follow-dn-T1010-k0.75-rsi3x-t1s1,C-follow-dn-T1010-k0.75-rsi3x,t1s1,short,1015-1130,,1077,30,-0.0203,-0.0667,0.0305,0.479,-1.11,-0.0875,,0.47,-0.0253,0.005,0.0087,-0.18,635,14,-0.0203,-0.0726,0.0398,0.482,-1.47,-0.109,,0.21,-0.0446,0.0243,0.0646,0.48,False,,,follow,,False,1010.0,0.75,rsi3x,,,,,,
C,C-follow-dn-T1010-k0.75-rsi3x-t05s1,C-follow-dn-T1010-k0.75-rsi3x,t05s1,short,1015-1130,,1077,30,-0.0484,-0.0895,0.0223,0.657,-2.51,-0.1002,,0.37,-0.0443,-0.0041,0.0006,-0.44,635,14,-0.0635,-0.1102,0.0292,0.652,-2.6,-0.1294,,0.29,-0.0671,0.0036,0.0217,-0.18,False,,,follow,,False,1010.0,0.75,rsi3x,,,,,,
C,C-follow-dn-T1010-k0.75-rsi3x-t1s05,C-follow-dn-T1010-k0.75-rsi3x,t1s05,short,1015-1130,,1077,30,-0.0151,-0.0679,0.0224,0.345,-1.42,-0.0839,,0.47,-0.021,0.0059,0.0034,0.18,635,14,-0.0154,-0.0764,0.0295,0.35,-2.38,-0.0918,,0.29,-0.0499,0.0345,0.0477,0.69,False,,,follow,,False,1010.0,0.75,rsi3x,,,,,,
C,C-fade-dn-T1010-k0.75-vwap-t1s1,C-fade-dn-T1010-k0.75-vwap,t1s1,long,1015-1130,,838,30,-0.0213,-0.0669,0.0344,0.479,-1.51,-0.0957,,0.43,-0.0671,0.0457,0.0429,1.2,522,14,-0.0773,-0.1312,0.0435,0.446,-2.41,-0.1702,,0.29,-0.0636,-0.0137,-0.0527,-0.45,False,,,fade,,False,1010.0,0.75,vwap,,,,,,
C,C-fade-dn-T1010-k0.75-vwap-t05s1,C-fade-dn-T1010-k0.75-vwap,t05s1,long,1015-1130,,838,30,-0.011,-0.0509,0.0247,0.683,-1.51,-0.0681,,0.43,-0.0715,0.0605,0.0627,1.8,522,14,-0.0735,-0.1221,0.0325,0.64,-2.62,-0.1397,,0.21,-0.0586,-0.0148,-0.0329,-0.23,False,,,fade,,False,1010.0,0.75,vwap,,,,,,
C,C-fade-dn-T1010-k0.75-vwap-t1s05,C-fade-dn-T1010-k0.75-vwap,t1s05,long,1015-1130,,838,30,-0.0349,-0.0888,0.0252,0.331,-2.79,-0.102,,0.3,-0.0482,0.0132,0.0119,0.67,522,14,-0.0691,-0.1322,0.0316,0.31,-3.42,-0.1524,,0.14,-0.0412,-0.0278,-0.0511,-0.67,False,,,fade,,False,1010.0,0.75,vwap,,,,,,
C,C-follow-dn-T1010-k0.75-vwap-t1s1,C-follow-dn-T1010-k0.75-vwap,t1s1,short,1015-1130,,838,30,-0.066,-0.1136,0.0345,0.452,-2.0,-0.1348,,0.43,-0.0253,-0.0407,-0.0378,-1.14,522,14,-0.0155,-0.0686,0.0435,0.475,-0.73,-0.1041,,0.43,-0.0446,0.0291,0.068,0.7,False,,,follow,,False,1010.0,0.75,vwap,,,,,,
C,C-follow-dn-T1010-k0.75-vwap-t05s1,C-follow-dn-T1010-k0.75-vwap,t05s1,short,1015-1130,,838,30,-0.0512,-0.0922,0.0252,0.652,-2.75,-0.1047,,0.3,-0.0443,-0.0069,-0.0051,-0.44,522,14,-0.0266,-0.073,0.0315,0.67,-1.53,-0.0916,,0.36,-0.0671,0.0405,0.0639,1.05,False,,,follow,,False,1010.0,0.75,vwap,,,,,,
C,C-follow-dn-T1010-k0.75-vwap-t1s05,C-follow-dn-T1010-k0.75-vwap,t1s05,short,1015-1130,,838,30,-0.0805,-0.1358,0.0246,0.301,-3.57,-0.1542,,0.27,-0.021,-0.0596,-0.0613,-1.82,522,14,-0.0194,-0.0804,0.0323,0.345,-1.7,-0.1047,,0.36,-0.0499,0.0306,0.0485,0.63,False,,,follow,,False,1010.0,0.75,vwap,,,,,,
C,C-fade-dn-T1010-k1.0-none-t1s1,C-fade-dn-T1010-k1.0-none,t1s1,long,1015-1130,,498,30,-0.1231,-0.1733,0.0454,0.448,-1.46,-0.2006,,0.47,-0.0671,-0.056,-0.092,-0.04,248,14,-0.0963,-0.1489,0.0642,0.456,-1.8,-0.2117,,0.36,-0.0636,-0.0327,-0.106,-1.1,False,,,fade,,False,1010.0,1.0,none,,,,,,
C,C-fade-dn-T1010-k1.0-none-t05s1,C-fade-dn-T1010-k1.0-none,t05s1,long,1015-1130,,498,30,-0.1028,-0.1467,0.0337,0.627,-1.67,-0.1704,,0.43,-0.0715,-0.0313,-0.051,-0.18,248,14,-0.0227,-0.068,0.0467,0.681,-1.08,-0.105,,0.43,-0.0586,0.036,0.0059,-0.07,False,,,fade,,False,1010.0,1.0,none,,,,,,
C,C-fade-dn-T1010-k1.0-none-t1s05,C-fade-dn-T1010-k1.0-none,t1s05,long,1015-1130,,498,30,-0.0627,-0.1199,0.0326,0.319,-2.23,-0.1338,,0.3,-0.0482,-0.0145,-0.0414,-0.21,248,14,-0.0563,-0.1155,0.0464,0.323,-2.37,-0.1537,,0.21,-0.0412,-0.0151,-0.0617,-1.2,False,,,fade,,False,1010.0,1.0,none,,,,,,
C,C-follow-dn-T1010-k1.0-none-t1s1,C-follow-dn-T1010-k1.0-none,t1s1,short,1015-1130,,498,30,0.0281,-0.0193,0.0454,0.518,-0.87,-0.103,,0.4,-0.0253,0.0535,0.0894,-0.03,248,14,0.0066,-0.0411,0.0636,0.5,0.19,-0.082,,0.5,-0.0446,0.0512,0.1242,1.25,False,,,follow,,False,1010.0,1.0,none,,,,,,
C,C-follow-dn-T1010-k1.0-none-t05s1,C-follow-dn-T1010-k1.0-none,t05s1,short,1015-1130,,498,30,-0.0303,-0.0714,0.0325,0.675,-1.84,-0.1107,,0.43,-0.0443,0.014,0.0416,0.3,248,14,-0.0394,-0.0818,0.0461,0.665,-0.9,-0.102,,0.36,-0.0671,0.0277,0.0747,1.48,False,,,follow,,False,1010.0,1.0,none,,,,,,
C,C-follow-dn-T1010-k1.0-none-t1s05,C-follow-dn-T1010-k1.0-none,t1s05,short,1015-1130,,498,30,0.0039,-0.0509,0.0334,0.363,-1.05,-0.1093,,0.4,-0.021,0.0248,0.0457,0.19,248,14,-0.067,-0.124,0.0457,0.319,-1.23,-0.1597,,0.36,-0.0499,-0.0171,0.0127,0.32,False,,,follow,,False,1010.0,1.0,none,,,,,,
C,C-fade-dn-T1010-k1.0-pb0.1-t1s1,C-fade-dn-T1010-k1.0-pb0.1,t1s1,long,1015-1130,,467,30,-0.12,-0.1694,0.0468,0.45,-1.55,-0.1985,,0.47,-0.0671,-0.053,-0.0863,-0.04,237,14,-0.1575,-0.2122,0.0653,0.422,-2.45,-0.284,,0.21,-0.0636,-0.0939,-0.1647,-1.61,False,,,fade,,False,1010.0,1.0,pb0.1,,,,,,
C,C-fade-dn-T1010-k1.0-pb0.1-t05s1,C-fade-dn-T1010-k1.0-pb0.1,t05s1,long,1015-1130,,467,30,-0.0878,-0.1308,0.0346,0.636,-1.84,-0.1499,,0.4,-0.0715,-0.0163,-0.0337,-0.19,237,14,-0.0381,-0.0837,0.0481,0.671,-1.21,-0.1241,,0.43,-0.0586,0.0206,-0.0075,-0.16,False,,,fade,,False,1010.0,1.0,pb0.1,,,,,,
C,C-fade-dn-T1010-k1.0-pb0.1-t1s05,C-fade-dn-T1010-k1.0-pb0.1,t1s05,long,1015-1130,,467,30,-0.0653,-0.1219,0.0336,0.317,-2.43,-0.1369,,0.4,-0.0482,-0.0171,-0.0426,-0.17,237,14,-0.1136,-0.1752,0.046,0.283,-3.83,-0.2138,,0.07,-0.0412,-0.0723,-0.1138,-2.27,False,,,fade,,False,1010.0,1.0,pb0.1,,,,,,
C,C-follow-dn-T1010-k1.0-pb0.1-t1s1,C-follow-dn-T1010-k1.0-pb0.1,t1s1,short,1015-1130,,467,30,0.0261,-0.0209,0.0468,0.514,-0.8,-0.0943,,0.4,-0.0253,0.0514,0.0846,-0.02,237,14,0.0686,0.0236,0.0643,0.527,0.76,-0.018,1.71,0.64,-0.0446,0.1132,0.1838,1.77,False,,,follow,,False,1010.0,1.0,pb0.1,,,,,,
C,C-follow-dn-T1010-k1.0-pb0.1-t05s1,C-follow-dn-T1010-k1.0-pb0.1,t05s1,short,1015-1130,,467,30,-0.0265,-0.0672,0.0334,0.677,-1.87,-0.0976,,0.4,-0.0443,0.0178,0.0439,0.28,237,14,0.0184,-0.021,0.0451,0.7,0.16,-0.0373,,0.5,-0.0671,0.0855,0.1273,2.62,False,,,follow,,False,1010.0,1.0,pb0.1,,,,,,
C,C-follow-dn-T1010-k1.0-pb0.1-t1s05,C-follow-dn-T1010-k1.0-pb0.1,t1s05,short,1015-1130,,467,30,-0.0104,-0.0651,0.0343,0.353,-1.04,-0.1121,,0.4,-0.021,0.0105,0.029,0.19,237,14,-0.0508,-0.107,0.0472,0.329,-1.09,-0.1431,,0.43,-0.0499,-0.0008,0.0269,0.42,False,,,follow,,False,1010.0,1.0,pb0.1,,,,,,
C,C-fade-dn-T1010-k1.0-pb0.25-t1s1,C-fade-dn-T1010-k1.0-pb0.25,t1s1,long,1015-1130,,395,30,-0.0711,-0.1175,0.0508,0.473,-0.8,-0.1519,,0.5,-0.0671,-0.0041,-0.033,0.55,200,14,-0.2156,-0.2707,0.0704,0.39,-3.57,-0.3023,,0.07,-0.0636,-0.152,-0.2041,-2.07,False,,,fade,,False,1010.0,1.0,pb0.25,,,,,,
C,C-fade-dn-T1010-k1.0-pb0.25-t05s1,C-fade-dn-T1010-k1.0-pb0.25,t05s1,long,1015-1130,,395,30,-0.0692,-0.1105,0.0372,0.646,-1.18,-0.1304,,0.5,-0.0715,0.0023,-0.0114,0.32,200,14,-0.145,-0.1924,0.054,0.595,-2.67,-0.2225,,0.21,-0.0586,-0.0863,-0.1048,-1.24,False,,,fade,,False,1010.0,1.0,pb0.25,,,,,,
C,C-fade-dn-T1010-k1.0-pb0.25-t1s05,C-fade-dn-T1010-k1.0-pb0.25,t1s05,long,1015-1130,,395,30,-0.045,-0.0987,0.0367,0.329,-1.05,-0.1089,,0.4,-0.0482,0.0032,-0.0196,0.8,200,14,-0.122,-0.1819,0.0496,0.28,-4.05,-0.2006,,0.07,-0.0412,-0.0807,-0.1121,-2.01,False,,,fade,,False,1010.0,1.0,pb0.25,,,,,,
C,C-follow-dn-T1010-k1.0-pb0.25-t1s1,C-follow-dn-T1010-k1.0-pb0.25,t1s1,short,1015-1130,,395,30,-0.0211,-0.0694,0.0512,0.491,-1.35,-0.1045,,0.43,-0.0253,0.0043,0.0329,-0.63,200,14,0.1274,0.0831,0.0697,0.555,1.44,0.0469,0.48,0.5,-0.0446,0.172,0.2236,2.23,False,,,follow,,False,1010.0,1.0,pb0.25,,,,,,
C,C-follow-dn-T1010-k1.0-pb0.25-t05s1,C-follow-dn-T1010-k1.0-pb0.25,t05s1,short,1015-1130,,395,30,-0.0447,-0.0859,0.0369,0.663,-2.23,-0.1014,,0.43,-0.0443,-0.0004,0.0228,-0.76,200,14,0.0262,-0.0145,0.0496,0.705,0.42,-0.032,,0.64,-0.0671,0.0934,0.1249,2.19,False,,,follow,,False,1010.0,1.0,pb0.25,,,,,,
C,C-follow-dn-T1010-k1.0-pb0.25-t1s05,C-follow-dn-T1010-k1.0-pb0.25,t1s05,short,1015-1130,,395,30,-0.0242,-0.0781,0.037,0.342,-1.42,-0.0987,,0.43,-0.021,-0.0033,0.011,-0.32,200,14,0.0567,0.0028,0.0536,0.395,0.12,-0.0314,11.37,0.57,-0.0499,0.1066,0.1248,1.5,False,,,follow,,False,1010.0,1.0,pb0.25,,,,,,
C,C-fade-dn-T1010-k1.0-pb0.5-t1s1,C-fade-dn-T1010-k1.0-pb0.5,t1s1,long,1015-1130,,281,30,-0.0689,-0.1147,0.0602,0.477,-1.44,-0.1478,,0.47,-0.0671,-0.0019,-0.0162,0.18,133,14,-0.2119,-0.2674,0.0859,0.376,-2.99,-0.303,,0.29,-0.0636,-0.1483,-0.1896,-1.6,False,,,fade,,False,1010.0,1.0,pb0.5,,,,,,
C,C-fade-dn-T1010-k1.0-pb0.5-t05s1,C-fade-dn-T1010-k1.0-pb0.5,t05s1,long,1015-1130,,281,30,-0.0451,-0.0846,0.0432,0.662,-1.36,-0.1122,,0.4,-0.0715,0.0264,0.0214,0.56,133,14,-0.1093,-0.1573,0.0659,0.624,-1.93,-0.1908,,0.29,-0.0586,-0.0506,-0.0625,-0.61,False,,,fade,,False,1010.0,1.0,pb0.5,,,,,,
C,C-fade-dn-T1010-k1.0-pb0.5-t1s05,C-fade-dn-T1010-k1.0-pb0.5,t1s05,long,1015-1130,,281,30,-0.0577,-0.112,0.0432,0.32,-2.61,-0.1248,,0.27,-0.0482,-0.0095,-0.0222,-0.19,133,14,-0.0968,-0.1582,0.0619,0.286,-2.75,-0.1977,,0.21,-0.0412,-0.0556,-0.0834,-1.13,False,,,fade,,False,1010.0,1.0,pb0.5,,,,,,
C,C-follow-dn-T1010-k1.0-pb0.5-t1s1,C-follow-dn-T1010-k1.0-pb0.5,t1s1,short,1015-1130,,281,30,-0.0281,-0.0771,0.061,0.491,-0.89,-0.1012,,0.47,-0.0253,-0.0028,0.011,-0.34,133,14,0.1211,0.0757,0.0851,0.549,1.28,0.026,0.69,0.64,-0.0446,0.1657,0.2068,1.78,False,,,follow,,False,1010.0,1.0,pb0.5,,,,,,
C,C-follow-dn-T1010-k1.0-pb0.5-t05s1,C-follow-dn-T1010-k1.0-pb0.5,t05s1,short,1015-1130,,281,30,-0.0358,-0.0764,0.0435,0.669,-1.28,-0.0947,,0.4,-0.0443,0.0085,0.0211,0.09,133,14,-0.0052,-0.0473,0.0615,0.684,-0.15,-0.0669,,0.5,-0.0671,0.0619,0.0898,1.33,False,,,follow,,False,1010.0,1.0,pb0.5,,,,,,
C,C-follow-dn-T1010-k1.0-pb0.5-t1s05,C-follow-dn-T1010-k1.0-pb0.5,t1s05,short,1015-1130,,281,30,-0.0537,-0.1094,0.0436,0.32,-1.65,-0.12,,0.37,-0.021,-0.0328,-0.0276,-0.65,133,14,0.0185,-0.0387,0.0655,0.376,-0.32,-0.0886,,0.5,-0.0499,0.0685,0.0802,0.85,False,,,follow,,False,1010.0,1.0,pb0.5,,,,,,
C,C-fade-dn-T1010-k1.0-rsi3x-t1s1,C-fade-dn-T1010-k1.0-rsi3x,t1s1,long,1015-1130,,391,30,-0.1252,-0.1736,0.0507,0.437,-2.15,-0.2136,,0.4,-0.0671,-0.0581,-0.0782,-0.42,206,14,-0.2419,-0.2983,0.0697,0.388,-3.33,-0.3215,,0.14,-0.0636,-0.1783,-0.2334,-2.1,False,,,fade,,False,1010.0,1.0,rsi3x,,,,,,
C,C-fade-dn-T1010-k1.0-rsi3x-t05s1,C-fade-dn-T1010-k1.0-rsi3x,t05s1,long,1015-1130,,391,30,-0.1223,-0.1665,0.0384,0.611,-2.57,-0.1861,,0.33,-0.0715,-0.0508,-0.0549,-0.83,206,14,-0.1458,-0.1929,0.0533,0.597,-2.97,-0.2124,,0.29,-0.0586,-0.0871,-0.1074,-1.25,False,,,fade,,False,1010.0,1.0,rsi3x,,,,,,
C,C-fade-dn-T1010-k1.0-rsi3x-t1s05,C-fade-dn-T1010-k1.0-rsi3x,t1s05,long,1015-1130,,391,30,-0.0987,-0.1547,0.0358,0.294,-2.5,-0.1721,,0.27,-0.0482,-0.0506,-0.062,-0.16,206,14,-0.0856,-0.1467,0.0503,0.301,-2.44,-0.1632,,0.21,-0.0412,-0.0444,-0.0712,-0.93,False,,,fade,,False,1010.0,1.0,rsi3x,,,,,,
C,C-follow-dn-T1010-k1.0-rsi3x-t1s1,C-follow-dn-T1010-k1.0-rsi3x,t1s1,short,1015-1130,,391,30,0.0406,-0.0058,0.0508,0.514,-0.29,-0.0312,,0.47,-0.0253,0.0659,0.0857,0.51,206,14,0.1547,0.1113,0.0687,0.583,1.42,0.0587,0.51,0.64,-0.0446,0.1993,0.2542,2.3,False,,,follow,,False,1010.0,1.0,rsi3x,,,,,,
C,C-follow-dn-T1010-k1.0-rsi3x-t05s1,C-follow-dn-T1010-k1.0-rsi3x,t05s1,short,1015-1130,,391,30,0.0103,-0.03,0.036,0.701,-1.39,-0.0501,,0.4,-0.0443,0.0546,0.0664,0.3,206,14,-0.0016,-0.0418,0.0491,0.689,-0.51,-0.0699,,0.29,-0.0671,0.0656,0.0925,1.25,False,,,follow,,False,1010.0,1.0,rsi3x,,,,,,
C,C-follow-dn-T1010-k1.0-rsi3x-t1s05,C-follow-dn-T1010-k1.0-rsi3x,t1s05,short,1015-1130,,391,30,0.03,-0.022,0.0379,0.381,-0.28,-0.0375,,0.47,-0.021,0.0509,0.0554,0.92,206,14,0.0585,0.0053,0.0528,0.398,-0.39,-0.0217,4.54,0.43,-0.0499,0.1084,0.1285,1.67,False,,,follow,,False,1010.0,1.0,rsi3x,,,,,,
C,C-fade-dn-T1010-k1.0-vwap-t1s1,C-fade-dn-T1010-k1.0-vwap,t1s1,long,1015-1130,,293,30,-0.12,-0.1694,0.0589,0.447,-2.12,-0.2042,,0.37,-0.0671,-0.053,-0.077,-0.49,163,14,-0.2064,-0.2623,0.0772,0.374,-2.66,-0.2908,,0.29,-0.0636,-0.1428,-0.1885,-1.55,False,,,fade,,False,1010.0,1.0,vwap,,,,,,
C,C-fade-dn-T1010-k1.0-vwap-t05s1,C-fade-dn-T1010-k1.0-vwap,t05s1,long,1015-1130,,293,30,-0.0815,-0.1255,0.0437,0.638,-1.97,-0.1416,,0.4,-0.0715,-0.01,-0.0185,-0.23,163,14,-0.0872,-0.1369,0.0597,0.638,-1.75,-0.163,,0.29,-0.0586,-0.0286,-0.0505,-0.31,False,,,fade,,False,1010.0,1.0,vwap,,,,,,
C,C-fade-dn-T1010-k1.0-vwap-t1s05,C-fade-dn-T1010-k1.0-vwap,t1s05,long,1015-1130,,293,30,-0.073,-0.1298,0.0421,0.311,-2.4,-0.1531,,0.27,-0.0482,-0.0248,-0.0337,-0.13,163,14,-0.1107,-0.1723,0.0551,0.276,-4.19,-0.1979,,0.14,-0.0412,-0.0695,-0.0978,-1.83,False,,,fade,,False,1010.0,1.0,vwap,,,,,,
C,C-follow-dn-T1010-k1.0-vwap-t1s1,C-follow-dn-T1010-k1.0-vwap,t1s1,short,1015-1130,,293,30,0.0192,-0.0291,0.0592,0.509,-0.48,-0.0557,,0.5,-0.0253,0.0445,0.0682,0.24,163,14,0.1178,0.0727,0.076,0.54,1.07,0.0138,0.83,0.57,-0.0446,0.1624,0.2078,1.76,False,,,follow,,False,1010.0,1.0,vwap,,,,,,
C,C-follow-dn-T1010-k1.0-vwap-t05s1,C-follow-dn-T1010-k1.0-vwap,t05s1,short,1015-1130,,293,30,-0.0193,-0.0606,0.0421,0.679,-1.45,-0.0728,,0.43,-0.0443,0.025,0.0341,-0.01,163,14,0.0129,-0.0288,0.0545,0.687,0.35,-0.0587,,0.5,-0.0671,0.0801,0.1086,2.16,False,,,follow,,False,1010.0,1.0,vwap,,,,,,
C,C-follow-dn-T1010-k1.0-vwap-t1s05,C-follow-dn-T1010-k1.0-vwap,t1s05,short,1015-1130,,293,30,-0.0159,-0.0704,0.0431,0.348,-1.03,-0.0906,,0.4,-0.021,0.0051,0.0137,0.11,163,14,-0.0013,-0.0566,0.0579,0.362,-1.0,-0.0911,,0.29,-0.0499,0.0486,0.0704,0.69,False,,,follow,,False,1010.0,1.0,vwap,,,,,,
C,C-fade-dn-T1010-k1.5-none-t1s1,C-fade-dn-T1010-k1.5-none,t1s1,long,1015-1130,,123,24,-0.0593,-0.1068,0.0924,0.488,-0.62,-0.1421,,0.5,-0.0671,0.0078,-0.0419,0.03,40,13,0.2127,0.1742,0.1555,0.625,1.36,0.1047,0.49,0.54,-0.0636,0.2763,0.2776,1.42,False,,,fade,,False,1010.0,1.5,none,,,,,,
C,C-fade-dn-T1010-k1.5-none-t05s1,C-fade-dn-T1010-k1.5-none,t05s1,long,1015-1130,,123,24,-0.0633,-0.1039,0.0666,0.65,-0.27,-0.1511,,0.54,-0.0715,0.0082,-0.018,0.62,40,13,0.1498,0.1145,0.1013,0.8,0.85,0.0636,0.53,0.62,-0.0586,0.2084,0.2267,1.49,False,,,fade,,False,1010.0,1.5,none,,,,,,
C,C-fade-dn-T1010-k1.5-none-t1s05,C-fade-dn-T1010-k1.5-none,t1s05,long,1015-1130,,123,24,-0.0267,-0.0814,0.067,0.341,-0.55,-0.1031,,0.42,-0.0482,0.0215,-0.0195,0.14,40,13,0.0498,0.0003,0.1204,0.4,0.18,-0.0477,129.1,0.62,-0.0412,0.091,0.1012,0.64,False,,,fade,,False,1010.0,1.5,none,,,,,,
C,C-follow-dn-T1010-k1.5-none-t1s1,C-follow-dn-T1010-k1.5-none,t1s1,short,1015-1130,,123,24,-0.0348,-0.0815,0.0921,0.496,-0.87,-0.1741,,0.33,-0.0253,-0.0095,0.0392,-0.23,40,13,-0.3132,-0.3717,0.1591,0.35,-2.39,-0.4416,,0.08,-0.0446,-0.2686,-0.2706,-1.27,False,,,follow,,False,1010.0,1.5,none,,,,,,
C,C-follow-dn-T1010-k1.5-none-t05s1,C-follow-dn-T1010-k1.5-none,t05s1,short,1015-1130,,123,24,-0.0633,-0.1026,0.0659,0.65,-1.3,-0.1255,,0.46,-0.0443,-0.019,0.0216,-0.15,40,13,-0.1502,-0.1981,0.1248,0.6,-1.7,-0.267,,0.31,-0.0671,-0.0831,-0.0936,-0.5,False,,,follow,,False,1010.0,1.5,none,,,,,,
C,C-follow-dn-T1010-k1.5-none-t1s05,C-follow-dn-T1010-k1.5-none,t1s05,short,1015-1130,,123,24,-0.0389,-0.0922,0.0659,0.333,-1.59,-0.1414,,0.38,-0.021,-0.018,0.0087,-0.62,40,13,-0.2502,-0.3122,0.0998,0.2,-2.57,-0.3401,,0.31,-0.0499,-0.2003,-0.2193,-1.18,False,,,follow,,False,1010.0,1.5,none,,,,,,
C,C-fade-dn-T1010-k1.5-pb0.1-t1s1,C-fade-dn-T1010-k1.5-pb0.1,t1s1,long,1015-1130,,120,24,-0.0474,-0.0929,0.0931,0.492,-1.0,-0.1286,,0.46,-0.0671,0.0197,-0.0335,-0.23,39,13,0.1433,0.0967,0.1642,0.59,1.07,0.0523,0.49,0.54,-0.0636,0.2069,0.2062,1.24,False,,,fade,,False,1010.0,1.5,pb0.1,,,,,,
C,C-fade-dn-T1010-k1.5-pb0.1-t05s1,C-fade-dn-T1010-k1.5-pb0.1,t05s1,long,1015-1130,,120,24,-0.0498,-0.0886,0.0667,0.658,-0.49,-0.1351,,0.5,-0.0715,0.0217,-0.0072,0.52,39,13,0.1429,0.1074,0.1037,0.795,0.81,0.0537,0.58,0.62,-0.0586,0.2015,0.2202,1.47,False,,,fade,,False,1010.0,1.5,pb0.1,,,,,,
C,C-fade-dn-T1010-k1.5-pb0.1-t1s05,C-fade-dn-T1010-k1.5-pb0.1,t1s05,long,1015-1130,,120,24,-0.0498,-0.1035,0.0667,0.325,-2.04,-0.1266,,0.29,-0.0482,-0.0017,-0.0455,-1.1,39,13,-0.011,-0.0688,0.123,0.359,-0.08,-0.1284,,0.54,-0.0412,0.0302,0.0405,0.43,False,,,fade,,False,1010.0,1.5,pb0.1,,,,,,
C,C-follow-dn-T1010-k1.5-pb0.1-t1s1,C-follow-dn-T1010-k1.5-pb0.1,t1s1,short,1015-1130,,120,24,-0.044,-0.0906,0.0931,0.483,-0.54,-0.1764,,0.38,-0.0253,-0.0187,0.0334,0.03,39,13,-0.2422,-0.2917,0.1604,0.385,-2.13,-0.3591,,0.15,-0.0446,-0.1976,-0.1976,-1.09,False,,,follow,,False,1010.0,1.5,pb0.1,,,,,,
C,C-follow-dn-T1010-k1.5-pb0.1-t05s1,C-follow-dn-T1010-k1.5-pb0.1,t05s1,short,1015-1130,,120,24,-0.0373,-0.0761,0.0662,0.667,-0.1,-0.0944,,0.5,-0.0443,0.007,0.0504,1.1,39,13,-0.0879,-0.1264,0.1197,0.641,-1.38,-0.1891,,0.38,-0.0671,-0.0208,-0.0314,-0.28,False,,,follow,,False,1010.0,1.5,pb0.1,,,,,,
C,C-follow-dn-T1010-k1.5-pb0.1-t1s05,C-follow-dn-T1010-k1.5-pb0.1,t1s05,short,1015-1130,,120,24,-0.0498,-0.1036,0.0665,0.325,-1.43,-0.1455,,0.42,-0.021,-0.0289,0.0003,-0.5,39,13,-0.2418,-0.3025,0.102,0.205,-2.53,-0.3306,,0.31,-0.0499,-0.1918,-0.2112,-1.16,False,,,follow,,False,1010.0,1.5,pb0.1,,,,,,
C,C-fade-dn-T1010-k1.5-pb0.25-t1s1,C-fade-dn-T1010-k1.5-pb0.25,t1s1,long,1015-1130,,110,23,-0.0196,-0.0648,0.0977,0.509,-1.25,-0.1116,,0.43,-0.0671,0.0475,-0.0152,-0.46,37,13,0.0472,-0.0011,0.1707,0.541,-0.16,-0.0536,,0.46,-0.0636,0.1108,0.1306,0.49,False,,,fade,,False,1010.0,1.5,pb0.25,,,,,,
C,C-fade-dn-T1010-k1.5-pb0.25-t05s1,C-fade-dn-T1010-k1.5-pb0.25,t05s1,long,1015-1130,,110,23,-0.056,-0.0951,0.07,0.655,-0.91,-0.1354,,0.52,-0.0715,0.0156,-0.0147,0.05,37,13,0.0467,0.0096,0.1157,0.73,-0.75,-0.0665,6.79,0.31,-0.0586,0.1054,0.1364,0.28,False,,,fade,,False,1010.0,1.5,pb0.25,,,,,,
C,C-fade-dn-T1010-k1.5-pb0.25-t1s05,C-fade-dn-T1010-k1.5-pb0.25,t1s05,long,1015-1130,,110,23,-0.0469,-0.0992,0.0694,0.327,-1.74,-0.1243,,0.39,-0.0482,0.0013,-0.0444,-0.73,37,13,-0.0208,-0.077,0.1252,0.351,-0.61,-0.1338,,0.46,-0.0412,0.0204,0.044,0.24,False,,,fade,,False,1010.0,1.5,pb0.25,,,,,,
C,C-follow-dn-T1010-k1.5-pb0.25-t1s1,C-follow-dn-T1010-k1.5-pb0.25,t1s1,short,1015-1130,,110,23,-0.0741,-0.1218,0.0979,0.482,-0.31,-0.2111,,0.43,-0.0253,-0.0488,0.0127,0.2,37,13,-0.1429,-0.19,0.167,0.432,-0.84,-0.2554,,0.31,-0.0446,-0.0983,-0.1189,-0.36,False,,,follow,,False,1010.0,1.5,pb0.25,,,,,,
C,C-follow-dn-T1010-k1.5-pb0.25-t05s1,C-follow-dn-T1010-k1.5-pb0.25,t05s1,short,1015-1130,,110,23,-0.0423,-0.0823,0.0698,0.664,-0.45,-0.1254,,0.52,-0.0443,0.002,0.0473,0.61,37,13,-0.0749,-0.1143,0.1228,0.649,-0.74,-0.1598,,0.38,-0.0671,-0.0077,-0.0317,-0.08,False,,,follow,,False,1010.0,1.5,pb0.25,,,,,,
C,C-follow-dn-T1010-k1.5-pb0.25-t1s05,C-follow-dn-T1010-k1.5-pb0.25,t1s05,short,1015-1130,,110,23,-0.0469,-0.1,0.0695,0.327,-0.92,-0.1511,,0.39,-0.021,-0.0259,0.0044,-0.15,37,13,-0.1424,-0.2009,0.1154,0.27,-0.69,-0.2332,,0.38,-0.0499,-0.0925,-0.1243,-0.09,False,,,follow,,False,1010.0,1.5,pb0.25,,,,,,
C,C-fade-dn-T1010-k1.5-pb0.5-t1s1,C-fade-dn-T1010-k1.5-pb0.5,t1s1,long,1015-1130,,88,22,-0.0384,-0.0866,0.1101,0.5,-1.06,-0.152,,0.32,-0.0671,0.0286,-0.0344,-0.35,31,12,0.0189,-0.024,0.1805,0.484,-0.73,-0.1336,,0.5,-0.0636,0.0825,0.11,-0.15,False,,,fade,,False,1010.0,1.5,pb0.5,,,,,,
C,C-fade-dn-T1010-k1.5-pb0.5-t05s1,C-fade-dn-T1010-k1.5-pb0.5,t05s1,long,1015-1130,,88,22,-0.0498,-0.0877,0.0775,0.659,-0.63,-0.1281,,0.55,-0.0715,0.0217,-0.0091,0.26,31,12,0.1169,0.0789,0.1216,0.774,0.47,0.0081,0.91,0.5,-0.0586,0.1755,0.215,1.36,False,,,fade,,False,1010.0,1.5,pb0.5,,,,,,
C,C-fade-dn-T1010-k1.5-pb0.5-t1s05,C-fade-dn-T1010-k1.5-pb0.5,t1s05,long,1015-1130,,88,22,-0.0782,-0.133,0.0769,0.307,-2.33,-0.1458,,0.36,-0.0482,-0.03,-0.0737,-1.22,31,12,-0.125,-0.1795,0.1243,0.258,-2.56,-0.2787,,0.33,-0.0412,-0.0837,-0.0472,-1.26,False,,,fade,,False,1010.0,1.5,pb0.5,,,,,,
C,C-follow-dn-T1010-k1.5-pb0.5-t1s1,C-follow-dn-T1010-k1.5-pb0.5,t1s1,short,1015-1130,,88,22,-0.0612,-0.106,0.109,0.489,-0.25,-0.1683,,0.5,-0.0253,-0.0358,0.026,0.15,31,12,-0.1076,-0.1555,0.1819,0.419,-0.19,-0.2319,,0.42,-0.0446,-0.063,-0.0913,0.21,False,,,follow,,False,1010.0,1.5,pb0.5,,,,,,
C,C-follow-dn-T1010-k1.5-pb0.5-t05s1,C-follow-dn-T1010-k1.5-pb0.5,t05s1,short,1015-1130,,88,22,-0.0157,-0.0532,0.0764,0.682,0.22,-0.0712,,0.59,-0.0443,0.0286,0.0716,1.15,31,12,0.0362,-0.0005,0.1254,0.71,0.94,-0.0472,,0.58,-0.0671,0.1033,0.0663,1.41,False,,,follow,,False,1010.0,1.5,pb0.5,,,,,,
C,C-follow-dn-T1010-k1.5-pb0.5-t1s05,C-follow-dn-T1010-k1.5-pb0.5,t1s05,short,1015-1130,,88,22,-0.0612,-0.1156,0.0778,0.318,-1.16,-0.1726,,0.45,-0.021,-0.0402,-0.0095,-0.5,31,12,-0.2057,-0.2604,0.1161,0.226,-1.79,-0.344,,0.17,-0.0499,-0.1558,-0.1959,-1.2,False,,,follow,,False,1010.0,1.5,pb0.5,,,,,,
C,C-fade-dn-T1010-k1.5-rsi3x-t1s1,C-fade-dn-T1010-k1.5-rsi3x,t1s1,long,1015-1130,,105,23,-0.1362,-0.1875,0.1,0.448,-1.56,-0.2322,,0.22,-0.0671,-0.0692,-0.1092,-0.64,36,13,-0.0892,-0.1439,0.1749,0.472,-0.31,-0.2063,,0.54,-0.0636,-0.0256,-0.0347,0.02,False,,,fade,,False,1010.0,1.5,rsi3x,,,,,,
C,C-fade-dn-T1010-k1.5-rsi3x-t05s1,C-fade-dn-T1010-k1.5-rsi3x,t05s1,long,1015-1130,,105,23,-0.1819,-0.2289,0.0759,0.571,-2.07,-0.2555,,0.26,-0.0715,-0.1104,-0.1232,-0.85,36,13,-0.0481,-0.0912,0.1259,0.667,-0.86,-0.1773,,0.38,-0.0586,0.0106,0.0281,-0.19,False,,,fade,,False,1010.0,1.5,rsi3x,,,,,,
C,C-fade-dn-T1010-k1.5-rsi3x-t1s05,C-fade-dn-T1010-k1.5-rsi3x,t1s05,long,1015-1130,,105,23,-0.1676,-0.226,0.0659,0.248,-1.59,-0.2573,,0.26,-0.0482,-0.1194,-0.1405,-0.53,36,13,0.0353,-0.0225,0.131,0.389,-0.08,-0.0971,,0.54,-0.0412,0.0765,0.0853,0.42,False,,,fade,,False,1010.0,1.5,rsi3x,,,,,,
C,C-follow-dn-T1010-k1.5-rsi3x-t1s1,C-follow-dn-T1010-k1.5-rsi3x,t1s1,short,1015-1130,,105,23,0.0581,0.0157,0.0981,0.533,0.28,-0.0024,1.15,0.57,-0.0253,0.0834,0.1223,0.72,36,13,-0.0069,-0.0482,0.1686,0.5,-0.49,-0.2039,,0.31,-0.0446,0.0377,0.0462,0.07,False,,,follow,,False,1010.0,1.5,rsi3x,,,,,,
C,C-follow-dn-T1010-k1.5-rsi3x-t05s1,C-follow-dn-T1010-k1.5-rsi3x,t05s1,short,1015-1130,,105,23,0.0752,0.0388,0.0655,0.743,-0.27,0.0127,0.71,0.52,-0.0443,0.1195,0.1399,0.59,36,13,-0.1314,-0.1697,0.1255,0.611,-1.04,-0.2644,,0.38,-0.0671,-0.0642,-0.0733,-0.29,False,,,follow,,False,1010.0,1.5,rsi3x,,,,,,
C,C-follow-dn-T1010-k1.5-rsi3x-t1s05,C-follow-dn-T1010-k1.5-rsi3x,t1s05,short,1015-1130,,105,23,0.0895,0.0418,0.0738,0.419,0.2,0.0174,0.61,0.57,-0.021,0.1105,0.1226,0.9,36,13,-0.0481,-0.101,0.123,0.333,-0.46,-0.1672,,0.46,-0.0499,0.0019,-0.0162,0.35,False,,,follow,,False,1010.0,1.5,rsi3x,,,,,,
C,C-fade-dn-T1010-k1.5-vwap-t1s1,C-fade-dn-T1010-k1.5-vwap,t1s1,long,1015-1130,,72,21,0.0148,-0.035,0.1223,0.528,-1.01,-0.0935,,0.33,-0.0671,0.0818,-0.0084,-0.29,29,13,0.2288,0.1909,0.1746,0.552,0.87,0.117,0.49,0.69,-0.0636,0.2924,0.3401,1.39,False,,,fade,,False,1010.0,1.5,vwap,,,,,,
C,C-fade-dn-T1010-k1.5-vwap-t05s1,C-fade-dn-T1010-k1.5-vwap,t05s1,long,1015-1130,,72,21,-0.0199,-0.0625,0.0865,0.681,-1.61,-0.1055,,0.48,-0.0715,0.0516,0.0078,-0.77,29,13,0.2056,0.1705,0.1136,0.828,2.13,0.1128,0.45,0.69,-0.0586,0.2643,0.3052,3.59,False,,,fade,,False,1010.0,1.5,vwap,,,,,,
C,C-fade-dn-T1010-k1.5-vwap-t1s05,C-fade-dn-T1010-k1.5-vwap,t1s05,long,1015-1130,,72,21,-0.0408,-0.0972,0.0872,0.333,-2.37,-0.1208,,0.43,-0.0482,0.0074,-0.0406,-1.11,29,13,0.1195,0.0768,0.1409,0.414,0.81,0.0451,0.43,0.62,-0.0412,0.1607,0.1984,1.48,False,,,fade,,False,1010.0,1.5,vwap,,,,,,
C,C-follow-dn-T1010-k1.5-vwap-t1s1,C-follow-dn-T1010-k1.5-vwap,t1s1,short,1015-1130,,72,21,-0.1241,-0.172,0.12,0.458,-0.49,-0.2617,,0.43,-0.0253,-0.0988,-0.0099,-0.02,29,13,-0.3003,-0.345,0.174,0.31,-1.63,-0.392,,0.23,-0.0446,-0.2557,-0.3043,-1.18,False,,,follow,,False,1010.0,1.5,vwap,,,,,,
C,C-follow-dn-T1010-k1.5-vwap-t05s1,C-follow-dn-T1010-k1.5-vwap,t05s1,short,1015-1130,,72,21,-0.0408,-0.0809,0.0857,0.667,0.05,-0.1018,,0.52,-0.0443,0.0035,0.0506,1.12,29,13,-0.191,-0.2319,0.1432,0.552,-1.72,-0.2572,,0.23,-0.0671,-0.1238,-0.1623,-1.17,False,,,follow,,False,1010.0,1.5,vwap,,,,,,
C,C-follow-dn-T1010-k1.5-vwap-t1s05,C-follow-dn-T1010-k1.5-vwap,t1s05,short,1015-1130,,72,21,-0.0824,-0.1366,0.0836,0.306,0.02,-0.1738,,0.48,-0.021,-0.0615,-0.0184,0.69,29,13,-0.2771,-0.3271,0.1079,0.172,-3.84,-0.4067,,0.15,-0.0499,-0.2272,-0.2688,-3.39,False,,,follow,,False,1010.0,1.5,vwap,,,,,,
D1,D1-volbo-k0.4-am-long-t1s1,D1-volbo-k0.4-am-long,t1s1,long,950-1130,,10919,30,-0.0477,-0.0955,0.0094,0.45,-2.96,-0.1174,,0.37,-0.0711,0.0234,0.0221,1.09,4627,14,-0.1218,-0.1803,0.0147,0.431,-4.74,-0.2116,,0.14,-0.0724,-0.0494,-0.0253,-0.21,False,,,,am,,,0.4,,,,,,,
D1,D1-volbo-k0.4-am-long-t05s1,D1-volbo-k0.4-am-long,t05s1,long,950-1130,,10919,30,-0.0437,-0.0855,0.0069,0.655,-4.08,-0.0967,,0.3,-0.0702,0.0265,0.0207,1.05,4627,14,-0.108,-0.1587,0.0111,0.624,-5.99,-0.1813,,0.07,-0.0672,-0.0408,-0.0235,-0.58,False,,,,am,,,0.4,,,,,,,
D1,D1-volbo-k0.4-am-long-t1s05,D1-volbo-k0.4-am-long,t1s05,long,950-1130,,10919,30,-0.0184,-0.0742,0.0071,0.342,-3.5,-0.0903,,0.23,-0.0496,0.0312,0.014,0.96,4627,14,-0.0776,-0.1453,0.0108,0.311,-4.95,-0.1741,,0.07,-0.0497,-0.0278,-0.0007,0.6,False,,,,am,,,0.4,,,,,,,
D1,D1-volbo-k0.4-am-short-t1s1,D1-volbo-k0.4-am-short,t1s1,short,950-1130,,10050,30,0.0086,-0.0354,0.0097,0.47,-1.78,-0.0557,,0.37,-0.0214,0.03,0.0357,0.8,5493,14,-0.1144,-0.1759,0.0134,0.423,-4.26,-0.2097,,0.14,-0.0362,-0.0781,-0.0943,-5.36,False,,,,am,,,0.4,,,,,,,
D1,D1-volbo-k0.4-am-short-t05s1,D1-volbo-k0.4-am-short,t05s1,short,950-1130,,10050,30,-0.0169,-0.0554,0.0071,0.67,-3.11,-0.0699,,0.23,-0.0432,0.0263,0.0331,1.26,5493,14,-0.0955,-0.1494,0.0101,0.629,-5.87,-0.164,,0.0,-0.0593,-0.0362,-0.0534,-3.99,False,,,,am,,,0.4,,,,,,,
D1,D1-volbo-k0.4-am-short-t1s05,D1-volbo-k0.4-am-short,t1s05,short,950-1130,,10050,30,-0.0103,-0.0637,0.0074,0.342,-3.25,-0.0809,,0.2,-0.0226,0.0122,0.022,0.56,5493,14,-0.098,-0.1698,0.0097,0.295,-7.26,-0.1885,,0.07,-0.042,-0.056,-0.0682,-4.94,False,,,,am,,,0.4,,,,,,,
D1,D1-volbo-k0.4-day-long-t1s1,D1-volbo-k0.4-day-long,t1s1,long,950-1500,,13576,30,-0.0462,-0.0928,0.0082,0.415,-3.24,-0.1167,,0.3,-0.0561,0.0098,0.0234,1.27,5857,14,-0.1318,-0.1892,0.0127,0.397,-6.03,-0.2142,,0.07,-0.1051,-0.0266,-0.03,-0.56,False,,,,day,,,0.4,,,,,,,
D1,D1-volbo-k0.4-day-long-t05s1,D1-volbo-k0.4-day-long,t05s1,long,950-1500,,13576,30,-0.0418,-0.083,0.0061,0.638,-4.45,-0.0968,,0.23,-0.0578,0.016,0.0216,1.32,5857,14,-0.1111,-0.1614,0.0097,0.605,-7.72,-0.1796,,0.0,-0.0857,-0.0254,-0.0249,-0.86,False,,,,day,,,0.4,,,,,,,
D1,D1-volbo-k0.4-day-long-t1s05,D1-volbo-k0.4-day-long,t1s05,long,950-1500,,13576,30,-0.0208,-0.0765,0.0062,0.321,-3.96,-0.0949,,0.2,-0.0463,0.0254,0.0155,1.15,5857,14,-0.0863,-0.1541,0.0094,0.293,-6.37,-0.1775,,0.07,-0.0823,-0.004,-0.0053,0.34,False,,,,day,,,0.4,,,,,,,
D1,D1-volbo-k0.4-day-short-t1s1,D1-volbo-k0.4-day-short,t1s1,short,950-1500,,12725,30,-0.0023,-0.0464,0.0084,0.431,-2.2,-0.0593,,0.4,-0.0364,0.0341,0.0249,0.82,6932,14,-0.1008,-0.16,0.0115,0.391,-4.21,-0.198,,0.14,-0.003,-0.0977,-0.0899,-5.65,False,,,,day,,,0.4,,,,,,,
D1,D1-volbo-k0.4-day-short-t05s1,D1-volbo-k0.4-day-short,t05s1,short,950-1500,,12725,30,-0.0231,-0.0622,0.0062,0.646,-3.55,-0.0705,,0.27,-0.0463,0.0232,0.0234,1.14,6932,14,-0.0864,-0.1392,0.0088,0.615,-5.53,-0.1573,,0.07,-0.026,-0.0604,-0.0532,-4.68,False,,,,day,,,0.4,,,,,,,
D1,D1-volbo-k0.4-day-short-t1s05,D1-volbo-k0.4-day-short,t1s05,short,950-1500,,12725,30,-0.0155,-0.0697,0.0064,0.32,-3.79,-0.0825,,0.27,-0.0347,0.0192,0.0163,0.73,6932,14,-0.0937,-0.165,0.0086,0.28,-7.1,-0.1897,,0.07,-0.0227,-0.071,-0.0692,-5.48,False,,,,day,,,0.4,,,,,,,
D1,D1-volbo-k0.6-am-long-t1s1,D1-volbo-k0.6-am-long,t1s1,long,950-1130,,5732,30,-0.056,-0.1044,0.0132,0.457,-2.75,-0.1284,,0.27,-0.0711,0.0151,0.0156,0.65,2420,14,-0.0875,-0.1457,0.0205,0.447,-5.05,-0.1557,,0.07,-0.0724,-0.0151,-0.0016,0.43,False,,,,am,,,0.6,,,,,,,
D1,D1-volbo-k0.6-am-long-t05s1,D1-volbo-k0.6-am-long,t05s1,long,950-1130,,5732,30,-0.0547,-0.0969,0.0097,0.654,-4.47,-0.1085,,0.17,-0.0702,0.0155,0.0119,0.6,2420,14,-0.0995,-0.1505,0.0153,0.628,-8.15,-0.1585,,0.0,-0.0672,-0.0323,-0.0197,-0.45,False,,,,am,,,0.6,,,,,,,
D1,D1-volbo-k0.6-am-long-t1s05,D1-volbo-k0.6-am-long,t1s05,long,950-1130,,5732,30,-0.0214,-0.0782,0.0098,0.341,-3.99,-0.0901,,0.17,-0.0496,0.0282,0.0131,1.06,2420,14,-0.0477,-0.1143,0.0151,0.332,-4.81,-0.1371,,0.14,-0.0497,0.002,0.0187,1.39,False,,,,am,,,0.6,,,,,,,
D1,D1-volbo-k0.6-am-short-t1s1,D1-volbo-k0.6-am-short,t1s1,short,950-1130,,5268,30,-0.0266,-0.0717,0.0136,0.461,-2.89,-0.0909,,0.33,-0.0214,-0.0052,0.0069,-0.6,2772,14,-0.138,-0.2019,0.019,0.423,-3.94,-0.2328,,0.14,-0.0362,-0.1018,-0.0997,-4.25,False,,,,am,,,0.6,,,,,,,
D1,D1-volbo-k0.6-am-short-t05s1,D1-volbo-k0.6-am-short,t05s1,short,950-1130,,5268,30,-0.0298,-0.069,0.0099,0.663,-4.02,-0.0845,,0.2,-0.0432,0.0133,0.0181,0.11,2772,14,-0.1165,-0.1719,0.0144,0.618,-5.44,-0.1947,,0.07,-0.0593,-0.0572,-0.0591,-3.61,False,,,,am,,,0.6,,,,,,,
D1,D1-volbo-k0.6-am-short-t1s05,D1-volbo-k0.6-am-short,t1s05,short,950-1130,,5268,30,-0.0384,-0.0927,0.0101,0.327,-5.18,-0.1103,,0.2,-0.0226,-0.0158,-0.0043,-0.82,2772,14,-0.102,-0.1753,0.0137,0.298,-5.67,-0.1971,,0.07,-0.042,-0.0599,-0.0613,-3.75,False,,,,am,,,0.6,,,,,,,
D1,D1-volbo-k0.6-day-long-t1s1,D1-volbo-k0.6-day-long,t1s1,long,950-1500,,7884,30,-0.0587,-0.1052,0.0108,0.41,-3.1,-0.1337,,0.3,-0.0561,-0.0027,0.0103,0.68,3406,14,-0.1292,-0.1877,0.0167,0.394,-8.87,-0.2085,,0.0,-0.1051,-0.024,-0.0277,-0.43,False,,,,day,,,0.6,,,,,,,
D1,D1-volbo-k0.6-day-long-t05s1,D1-volbo-k0.6-day-long,t05s1,long,950-1500,,7884,30,-0.057,-0.0982,0.0081,0.626,-5.09,-0.1146,,0.23,-0.0578,0.0007,0.007,0.63,3406,14,-0.1168,-0.1685,0.0128,0.6,-9.83,-0.1695,,0.0,-0.0857,-0.0311,-0.0296,-1.2,False,,,,day,,,0.6,,,,,,,
D1,D1-volbo-k0.6-day-long-t1s05,D1-volbo-k0.6-day-long,t1s05,long,950-1500,,7884,30,-0.0253,-0.0812,0.0082,0.316,-4.21,-0.0988,,0.2,-0.0463,0.021,0.0132,1.27,3406,14,-0.0842,-0.1526,0.0124,0.295,-7.46,-0.1712,,0.0,-0.0823,-0.0019,-0.0059,0.48,False,,,,day,,,0.6,,,,,,,
D1,D1-volbo-k0.6-day-short-t1s1,D1-volbo-k0.6-day-short,t1s1,short,950-1500,,7375,30,-0.0469,-0.092,0.0111,0.409,-3.88,-0.103,,0.27,-0.0364,-0.0105,-0.0146,-0.58,4018,14,-0.099,-0.1599,0.0152,0.391,-4.35,-0.2058,,0.14,-0.003,-0.096,-0.0801,-4.01,False,,,,day,,,0.6,,,,,,,
D1,D1-volbo-k0.6-day-short-t05s1,D1-volbo-k0.6-day-short,t05s1,short,950-1500,,7375,30,-0.039,-0.0788,0.0082,0.634,-4.98,-0.086,,0.17,-0.0463,0.0072,0.0046,0.08,4018,14,-0.0882,-0.1418,0.0115,0.614,-5.6,-0.1685,,0.14,-0.026,-0.0622,-0.0484,-3.41,False,,,,day,,,0.6,,,,,,,
D1,D1-volbo-k0.6-day-short-t1s05,D1-volbo-k0.6-day-short,t1s05,short,950-1500,,7375,30,-0.047,-0.1024,0.0083,0.299,-6.35,-0.1112,,0.1,-0.0347,-0.0123,-0.0149,-0.66,4018,14,-0.0859,-0.1595,0.0114,0.285,-6.63,-0.1892,,0.07,-0.0227,-0.0632,-0.0566,-3.99,False,,,,day,,,0.6,,,,,,,
D1,D1-volbo-k0.8-am-long-t1s1,D1-volbo-k0.8-am-long,t1s1,long,950-1130,,2874,30,-0.0925,-0.1413,0.0187,0.445,-3.82,-0.1614,,0.13,-0.0711,-0.0214,-0.02,-0.44,1212,14,-0.0733,-0.1271,0.0289,0.462,-3.79,-0.1351,,0.07,-0.0724,-0.0009,-0.0049,0.36,False,,,,am,,,0.8,,,,,,,
D1,D1-volbo-k0.8-am-long-t05s1,D1-volbo-k0.8-am-long,t05s1,long,950-1130,,2874,30,-0.0954,-0.1382,0.0139,0.628,-5.72,-0.149,,0.07,-0.0702,-0.0252,-0.0268,-1.32,1212,14,-0.1032,-0.1497,0.0214,0.627,-8.84,-0.1516,,0.0,-0.0672,-0.036,-0.0306,-0.63,False,,,,am,,,0.8,,,,,,,
D1,D1-volbo-k0.8-am-long-t1s05,D1-volbo-k0.8-am-long,t1s05,long,950-1130,,2874,30,-0.052,-0.1084,0.0136,0.323,-7.02,-0.1176,,0.07,-0.0496,-0.0024,-0.0147,-0.6,1212,14,-0.032,-0.094,0.0213,0.342,-4.32,-0.122,,0.07,-0.0497,0.0178,0.0193,0.81,False,,,,am,,,0.8,,,,,,,
D1,D1-volbo-k0.8-am-short-t1s1,D1-volbo-k0.8-am-short,t1s1,short,950-1130,,2535,30,-0.0501,-0.0959,0.0198,0.46,-3.04,-0.1214,,0.33,-0.0214,-0.0288,-0.0062,-0.47,1315,14,-0.153,-0.2181,0.0279,0.426,-2.99,-0.2397,,0.29,-0.0362,-0.1168,-0.1022,-2.24,False,,,,am,,,0.8,,,,,,,
D1,D1-volbo-k0.8-am-short-t05s1,D1-volbo-k0.8-am-short,t05s1,short,950-1130,,2535,30,-0.0579,-0.0984,0.0146,0.648,-4.91,-0.114,,0.17,-0.0432,-0.0147,-0.0084,-0.92,1315,14,-0.134,-0.1904,0.0211,0.608,-4.13,-0.2012,,0.07,-0.0593,-0.0746,-0.0651,-2.56,False,,,,am,,,0.8,,,,,,,
D1,D1-volbo-k0.8-am-short-t1s05,D1-volbo-k0.8-am-short,t1s05,short,950-1130,,2535,30,-0.0499,-0.1035,0.0144,0.323,-4.51,-0.1112,,0.2,-0.0226,-0.0274,-0.0134,-0.61,1315,14,-0.0961,-0.1708,0.0202,0.305,-4.04,-0.1884,,0.29,-0.042,-0.054,-0.0459,-1.8,False,,,,am,,,0.8,,,,,,,
D1,D1-volbo-k0.8-day-long-t1s1,D1-volbo-k0.8-day-long,t1s1,long,950-1500,,4331,30,-0.0878,-0.1347,0.0145,0.396,-3.9,-0.1646,,0.27,-0.0561,-0.0318,-0.0226,-0.35,1905,14,-0.1089,-0.1639,0.0223,0.406,-5.82,-0.167,,0.0,-0.1051,-0.0038,-0.0138,0.08,False,,,,day,,,0.8,,,,,,,
D1,D1-volbo-k0.8-day-long-t05s1,D1-volbo-k0.8-day-long,t05s1,long,950-1500,,4331,30,-0.0883,-0.1304,0.011,0.603,-5.95,-0.1506,,0.17,-0.0578,-0.0305,-0.0256,-1.56,1905,14,-0.1139,-0.1625,0.0169,0.601,-10.87,-0.163,,0.0,-0.0857,-0.0282,-0.0299,-0.98,False,,,,day,,,0.8,,,,,,,
D1,D1-volbo-k0.8-day-long-t1s05,D1-volbo-k0.8-day-long,t1s05,long,950-1500,,4331,30,-0.0557,-0.1118,0.0108,0.297,-5.39,-0.133,,0.13,-0.0463,-0.0094,-0.0161,-0.51,1905,14,-0.0629,-0.1289,0.0167,0.311,-6.4,-0.1544,,0.07,-0.0823,0.0195,0.0096,0.82,False,,,,day,,,0.8,,,,,,,
D1,D1-volbo-k0.8-day-short-t1s1,D1-volbo-k0.8-day-short,t1s1,short,950-1500,,3976,30,-0.0774,-0.1231,0.0151,0.399,-4.3,-0.1363,,0.3,-0.0364,-0.041,-0.0341,-0.58,2204,14,-0.1272,-0.1888,0.0203,0.374,-4.36,-0.2087,,0.14,-0.003,-0.1242,-0.1014,-4.81,False,,,,day,,,0.8,,,,,,,
D1,D1-volbo-k0.8-day-short-t05s1,D1-volbo-k0.8-day-short,t05s1,short,950-1500,,3976,30,-0.0773,-0.1188,0.0115,0.609,-6.96,-0.1257,,0.1,-0.0463,-0.0311,-0.03,-1.31,2204,14,-0.1092,-0.1643,0.0158,0.594,-5.81,-0.1755,,0.0,-0.026,-0.0832,-0.0644,-5.03,False,,,,day,,,0.8,,,,,,,
D1,D1-volbo-k0.8-day-short-t1s05,D1-volbo-k0.8-day-short,t1s05,short,950-1500,,3976,30,-0.0581,-0.1128,0.0112,0.293,-6.01,-0.1242,,0.1,-0.0347,-0.0234,-0.0223,-0.42,2204,14,-0.0937,-0.1676,0.0152,0.279,-5.84,-0.1818,,0.0,-0.0227,-0.071,-0.0573,-3.94,False,,,,day,,,0.8,,,,,,,
D1,D1-volbo-k1.0-am-long-t1s1,D1-volbo-k1.0-am-long,t1s1,long,950-1130,,1393,30,-0.0601,-0.1097,0.0269,0.459,-2.35,-0.1188,,0.3,-0.0711,0.011,0.0233,1.63,609,14,-0.0403,-0.0929,0.0413,0.494,-2.09,-0.1165,,0.36,-0.0724,0.0322,0.0272,1.19,False,,,,am,,,1.0,,,,,,,
D1,D1-volbo-k1.0-am-long-t05s1,D1-volbo-k1.0-am-long,t05s1,long,950-1130,,1393,30,-0.0732,-0.1157,0.0197,0.644,-3.62,-0.1204,,0.3,-0.0702,-0.003,0.0012,0.78,609,14,-0.0585,-0.104,0.0298,0.657,-2.98,-0.114,,0.21,-0.0672,0.0087,0.0108,0.14,False,,,,am,,,1.0,,,,,,,
D1,D1-volbo-k1.0-am-long-t1s05,D1-volbo-k1.0-am-long,t1s05,long,950-1130,,1393,30,-0.0473,-0.1052,0.0197,0.328,-3.38,-0.1135,,0.2,-0.0496,0.0023,-0.0036,0.81,609,14,-0.0307,-0.0916,0.0301,0.346,-3.04,-0.1229,,0.29,-0.0497,0.019,0.0211,0.52,False,,,,am,,,1.0,,,,,,,
D1,D1-volbo-k1.0-am-short-t1s1,D1-volbo-k1.0-am-short,t1s1,short,950-1130,,1215,30,-0.0545,-0.102,0.0289,0.475,-1.42,-0.1212,,0.3,-0.0214,-0.0332,0.0046,0.51,607,14,-0.1086,-0.173,0.0418,0.446,-2.38,-0.2315,,0.21,-0.0362,-0.0724,-0.0661,-1.21,False,,,,am,,,1.0,,,,,,,
D1,D1-volbo-k1.0-am-short-t05s1,D1-volbo-k1.0-am-short,t05s1,short,950-1130,,1215,30,-0.0739,-0.1168,0.0213,0.642,-3.52,-0.1332,,0.27,-0.0432,-0.0308,-0.0188,-0.21,607,14,-0.1094,-0.1634,0.0311,0.628,-3.43,-0.2031,,0.14,-0.0593,-0.0501,-0.0416,-1.64,False,,,,am,,,1.0,,,,,,,
D1,D1-volbo-k1.0-am-short-t1s05,D1-volbo-k1.0-am-short,t1s05,short,950-1130,,1215,30,-0.0765,-0.1317,0.0206,0.309,-3.64,-0.1406,,0.1,-0.0226,-0.0539,-0.0278,-0.82,607,14,-0.1074,-0.1813,0.0299,0.297,-3.16,-0.1965,,0.29,-0.042,-0.0654,-0.0617,-1.21,False,,,,am,,,1.0,,,,,,,
D1,D1-volbo-k1.0-day-long-t1s1,D1-volbo-k1.0-day-long,t1s1,long,950-1500,,2208,30,-0.0494,-0.0959,0.0204,0.413,-2.36,-0.1062,,0.37,-0.0561,0.0066,0.0136,1.75,1042,14,-0.1231,-0.1758,0.0299,0.4,-5.71,-0.1941,,0.07,-0.1051,-0.018,-0.0186,-0.1,False,,,,day,,,1.0,,,,,,,
D1,D1-volbo-k1.0-day-long-t05s1,D1-volbo-k1.0-day-long,t05s1,long,950-1500,,2208,30,-0.0616,-0.1026,0.0153,0.628,-3.96,-0.1097,,0.23,-0.0578,-0.0039,-0.0023,0.85,1042,14,-0.0912,-0.1377,0.0226,0.611,-4.36,-0.1477,,0.0,-0.0857,-0.0055,-0.001,0.17,False,,,,day,,,1.0,,,,,,,
D1,D1-volbo-k1.0-day-long-t1s05,D1-volbo-k1.0-day-long,t1s05,long,950-1500,,2208,30,-0.0332,-0.0889,0.0153,0.308,-3.38,-0.0959,,0.37,-0.0463,0.0131,0.0038,1.02,1042,14,-0.0929,-0.1565,0.0219,0.284,-5.72,-0.1678,,0.0,-0.0823,-0.0105,-0.0119,-0.11,False,,,,day,,,1.0,,,,,,,
D1,D1-volbo-k1.0-day-short-t1s1,D1-volbo-k1.0-day-short,t1s1,short,950-1500,,2072,30,-0.1021,-0.1486,0.0211,0.402,-3.79,-0.1661,,0.27,-0.0364,-0.0658,-0.0464,-0.73,1170,14,-0.1025,-0.1647,0.0281,0.389,-3.08,-0.1952,,0.36,-0.003,-0.0994,-0.0932,-2.28,False,,,,day,,,1.0,,,,,,,
D1,D1-volbo-k1.0-day-short-t05s1,D1-volbo-k1.0-day-short,t05s1,short,950-1500,,2072,30,-0.0987,-0.1402,0.016,0.598,-5.43,-0.1547,,0.17,-0.0463,-0.0525,-0.0464,-1.33,1170,14,-0.0986,-0.1537,0.0216,0.603,-4.03,-0.1736,,0.14,-0.026,-0.0726,-0.0636,-2.42,False,,,,day,,,1.0,,,,,,,
D1,D1-volbo-k1.0-day-short-t1s05,D1-volbo-k1.0-day-short,t1s05,short,950-1500,,2072,30,-0.087,-0.1429,0.0154,0.283,-7.13,-0.1536,,0.13,-0.0347,-0.0523,-0.0435,-1.7,1170,14,-0.0936,-0.1685,0.021,0.284,-3.97,-0.1754,,0.07,-0.0227,-0.0709,-0.0689,-2.04,False,,,,day,,,1.0,,,,,,,
D2,D2-r2g-g0.5-v0.0-long-t1s1,D2-r2g-g0.5-v0.0-long,t1s1,long,950-1300,,4297,30,-0.0467,-0.0844,0.0146,0.423,-1.76,-0.1192,,0.37,-0.0648,0.0181,0.0491,1.42,2047,14,-0.17,-0.217,0.0212,0.375,-5.22,-0.2394,,0.07,-0.0942,-0.0759,-0.0449,-1.56,False,,,,,,,,,0.5,0.0,,,,
D2,D2-r2g-g0.5-v0.0-long-t05s1,D2-r2g-g0.5-v0.0-long,t05s1,long,950-1300,,4297,30,-0.0382,-0.0714,0.0109,0.644,-2.95,-0.0907,,0.27,-0.0651,0.0269,0.0348,0.81,2047,14,-0.1049,-0.1447,0.0163,0.607,-7.41,-0.1526,,0.0,-0.0756,-0.0293,-0.0064,0.27,False,,,,,,,,,0.5,0.0,,,,
D2,D2-r2g-g0.5-v0.0-long-t1s05,D2-r2g-g0.5-v0.0-long,t1s05,long,950-1300,,4297,30,-0.0202,-0.065,0.011,0.324,-2.27,-0.0885,,0.27,-0.051,0.0308,0.0293,1.44,2047,14,-0.1391,-0.1949,0.015,0.255,-7.39,-0.2092,,0.0,-0.0718,-0.0673,-0.0406,-1.83,False,,,,,,,,,0.5,0.0,,,,
D2,D2-r2g-g0.5-v0.0-short-t1s1,D2-r2g-g0.5-v0.0-short,t1s1,short,950-1300,,4997,30,0.0171,-0.0211,0.0136,0.458,-1.19,-0.0402,,0.37,-0.0277,0.0448,0.0567,1.14,2066,14,-0.0839,-0.1325,0.0212,0.41,-2.67,-0.1666,,0.29,-0.0142,-0.0697,-0.066,-1.91,False,,,,,,,,,0.5,0.0,,,,
D2,D2-r2g-g0.5-v0.0-short-t05s1,D2-r2g-g0.5-v0.0-short,t05s1,short,950-1300,,4997,30,-0.0046,-0.0381,0.0099,0.667,-2.16,-0.0507,,0.37,-0.0416,0.037,0.0594,1.64,2066,14,-0.0561,-0.0989,0.0159,0.642,-2.86,-0.1205,,0.14,-0.0368,-0.0193,-0.0217,-1.26,False,,,,,,,,,0.5,0.0,,,,
D2,D2-r2g-g0.5-v0.0-short-t1s05,D2-r2g-g0.5-v0.0-short,t1s05,short,950-1300,,4997,30,0.0045,-0.0417,0.0104,0.343,-2.34,-0.0643,,0.3,-0.0274,0.0319,0.0462,1.12,2066,14,-0.0701,-0.1285,0.0157,0.298,-3.83,-0.1503,,0.14,-0.0331,-0.037,-0.0469,-1.99,False,,,,,,,,,0.5,0.0,,,,
D2,D2-r2g-g0.5-v1.5-long-t1s1,D2-r2g-g0.5-v1.5-long,t1s1,long,950-1300,,2819,30,-0.0762,-0.1125,0.017,0.346,-2.09,-0.1427,,0.3,-0.0648,-0.0115,0.0177,0.57,1326,14,-0.1404,-0.1845,0.0253,0.342,-3.9,-0.2059,,0.14,-0.0942,-0.0463,-0.028,-0.7,False,,,,,,,,,0.5,1.5,,,,
D2,D2-r2g-g0.5-v1.5-long-t05s1,D2-r2g-g0.5-v1.5-long,t05s1,long,950-1300,,2819,30,-0.0562,-0.0886,0.0132,0.6,-3.07,-0.1059,,0.27,-0.0651,0.009,0.0206,0.63,1326,14,-0.0947,-0.1328,0.0197,0.59,-3.7,-0.1482,,0.21,-0.0756,-0.0191,-0.0097,0.69,False,,,,,,,,,0.5,1.5,,,,
D2,D2-r2g-g0.5-v1.5-long-t1s05,D2-r2g-g0.5-v1.5-long,t1s05,long,950-1300,,2819,30,-0.0478,-0.0926,0.0131,0.274,-3.01,-0.1138,,0.23,-0.051,0.0032,0.0131,0.54,1326,14,-0.1063,-0.1608,0.0189,0.257,-5.51,-0.1803,,0.14,-0.0718,-0.0345,-0.0197,-0.61,False,,,,,,,,,0.5,1.5,,,,
D2,D2-r2g-g0.5-v1.5-short-t1s1,D2-r2g-g0.5-v1.5-short,t1s1,short,950-1300,,3345,30,-0.0225,-0.0601,0.0157,0.37,-1.74,-0.0782,,0.33,-0.0277,0.0052,0.0148,0.41,1304,14,-0.1802,-0.227,0.0248,0.303,-3.58,-0.2754,,0.14,-0.0142,-0.166,-0.137,-4.06,False,,,,,,,,,0.5,1.5,,,,
D2,D2-r2g-g0.5-v1.5-short-t05s1,D2-r2g-g0.5-v1.5-short,t05s1,short,950-1300,,3345,30,-0.0309,-0.0652,0.012,0.607,-2.85,-0.0761,,0.33,-0.0416,0.0107,0.0195,0.75,1304,14,-0.1305,-0.1732,0.02,0.555,-3.59,-0.1838,,0.29,-0.0368,-0.0937,-0.073,-2.56,False,,,,,,,,,0.5,1.5,,,,
D2,D2-r2g-g0.5-v1.5-short-t1s05,D2-r2g-g0.5-v1.5-short,t1s05,short,950-1300,,3345,30,-0.0102,-0.0557,0.0122,0.297,-2.5,-0.0695,,0.3,-0.0274,0.0172,0.0251,0.77,1304,14,-0.1247,-0.1842,0.0187,0.241,-5.49,-0.2242,,0.14,-0.0331,-0.0917,-0.0816,-3.77,False,,,,,,,,,0.5,1.5,,,,
D2,D2-r2g-g1.0-v0.0-long-t1s1,D2-r2g-g1.0-v0.0-long,t1s1,long,950-1300,,2221,30,-0.0177,-0.0506,0.0203,0.437,-0.94,-0.0987,,0.43,-0.0648,0.047,0.088,1.65,928,14,-0.1605,-0.2009,0.0312,0.373,-4.76,-0.221,,0.07,-0.0942,-0.0663,-0.0205,-0.28,False,,,,,,,,,1.0,0.0,,,,
D2,D2-r2g-g1.0-v0.0-long-t05s1,D2-r2g-g1.0-v0.0-long,t05s1,long,950-1300,,2221,30,-0.0051,-0.0335,0.0149,0.665,-1.62,-0.0595,,0.37,-0.0651,0.06,0.0712,1.38,928,14,-0.0914,-0.1252,0.024,0.613,-4.53,-0.138,,0.07,-0.0756,-0.0158,0.0149,0.66,False,,,,,,,,,1.0,0.0,,,,
D2,D2-r2g-g1.0-v0.0-long-t1s05,D2-r2g-g1.0-v0.0-long,t1s05,long,950-1300,,2221,30,-0.0053,-0.0452,0.0154,0.333,-1.29,-0.0771,,0.4,-0.051,0.0458,0.0501,1.79,928,14,-0.1386,-0.1873,0.022,0.25,-5.68,-0.2011,,0.14,-0.0718,-0.0669,-0.0341,-0.58,False,,,,,,,,,1.0,0.0,,,,
D2,D2-r2g-g1.0-v0.0-short-t1s1,D2-r2g-g1.0-v0.0-short,t1s1,short,950-1300,,2543,30,0.0172,-0.016,0.019,0.451,-1.2,-0.0396,,0.4,-0.0277,0.0449,0.0667,0.73,906,14,-0.142,-0.1835,0.0314,0.368,-3.31,-0.2323,,0.21,-0.0142,-0.1278,-0.1015,-1.89,False,,,,,,,,,1.0,0.0,,,,
D2,D2-r2g-g1.0-v0.0-short-t05s1,D2-r2g-g1.0-v0.0-short,t05s1,short,950-1300,,2543,30,-0.0042,-0.0334,0.0139,0.665,-1.9,-0.05,,0.4,-0.0416,0.0374,0.0625,1.11,906,14,-0.0839,-0.1192,0.024,0.613,-3.41,-0.1507,,0.14,-0.0368,-0.0471,-0.0328,-1.37,False,,,,,,,,,1.0,0.0,,,,
D2,D2-r2g-g1.0-v0.0-short-t1s05,D2-r2g-g1.0-v0.0-short,t1s05,short,950-1300,,2543,30,0.032,-0.0078,0.0146,0.357,-1.55,-0.0371,,0.37,-0.0274,0.0594,0.0766,1.67,906,14,-0.108,-0.1581,0.0228,0.266,-4.58,-0.1825,,0.14,-0.0331,-0.0749,-0.0703,-2.34,False,,,,,,,,,1.0,0.0,,,,
D2,D2-r2g-g1.0-v1.5-long-t1s1,D2-r2g-g1.0-v1.5-long,t1s1,long,950-1300,,1475,30,-0.0623,-0.0944,0.0236,0.361,-1.59,-0.1413,,0.4,-0.0648,0.0025,0.0367,0.52,614,14,-0.1632,-0.2035,0.0371,0.332,-3.22,-0.2261,,0.14,-0.0942,-0.0691,-0.0328,-0.25,False,,,,,,,,,1.0,1.5,,,,
D2,D2-r2g-g1.0-v1.5-long-t05s1,D2-r2g-g1.0-v1.5-long,t05s1,long,950-1300,,1475,30,-0.0387,-0.0674,0.0182,0.613,-2.75,-0.0925,,0.3,-0.0651,0.0264,0.0385,0.14,614,14,-0.0936,-0.128,0.0291,0.591,-3.35,-0.1391,,0.21,-0.0756,-0.018,0.0037,0.52,False,,,,,,,,,1.0,1.5,,,,
D2,D2-r2g-g1.0-v1.5-long-t1s05,D2-r2g-g1.0-v1.5-long,t1s05,long,950-1300,,1475,30,-0.0418,-0.0823,0.0182,0.28,-2.82,-0.1146,,0.33,-0.051,0.0092,0.0208,0.32,614,14,-0.1297,-0.1787,0.027,0.239,-3.24,-0.2005,,0.14,-0.0718,-0.058,-0.0303,-0.26,False,,,,,,,,,1.0,1.5,,,,
D2,D2-r2g-g1.0-v1.5-short-t1s1,D2-r2g-g1.0-v1.5-short,t1s1,short,950-1300,,1665,30,-0.0173,-0.0504,0.0222,0.369,-1.42,-0.0685,,0.33,-0.0277,0.0104,0.0345,0.46,555,14,-0.1851,-0.2226,0.037,0.277,-2.94,-0.2335,,0.14,-0.0142,-0.1709,-0.1256,-2.7,False,,,,,,,,,1.0,1.5,,,,
D2,D2-r2g-g1.0-v1.5-short-t05s1,D2-r2g-g1.0-v1.5-short,t05s1,short,950-1300,,1665,30,-0.0266,-0.0567,0.0169,0.602,-2.3,-0.0679,,0.33,-0.0416,0.015,0.0338,0.79,555,14,-0.0947,-0.1276,0.0298,0.569,-2.13,-0.1477,,0.29,-0.0368,-0.0579,-0.0263,-0.48,False,,,,,,,,,1.0,1.5,,,,
D2,D2-r2g-g1.0-v1.5-short-t1s05,D2-r2g-g1.0-v1.5-short,t1s05,short,950-1300,,1665,30,0.0035,-0.0362,0.0173,0.306,-1.99,-0.0513,,0.37,-0.0274,0.0309,0.0469,1.06,555,14,-0.1519,-0.2016,0.0276,0.216,-5.3,-0.2031,,0.0,-0.0331,-0.1188,-0.0949,-2.95,False,,,,,,,,,1.0,1.5,,,,
D2,D2-r2g-g2.0-v0.0-long-t1s1,D2-r2g-g2.0-v0.0-long,t1s1,long,950-1300,,753,30,0.0362,0.0087,0.0345,0.454,-0.71,-0.073,8.32,0.47,-0.0648,0.101,0.1653,0.83,237,14,-0.2108,-0.2506,0.0618,0.35,-1.95,-0.2806,,0.29,-0.0942,-0.1166,-0.0426,-0.22,False,,,,,,,,,2.0,0.0,,,,
D2,D2-r2g-g2.0-v0.0-long-t05s1,D2-r2g-g2.0-v0.0-long,t05s1,long,950-1300,,753,30,0.0507,0.0275,0.0248,0.699,-1.03,-0.0122,1.39,0.47,-0.0651,0.1159,0.1337,0.83,237,14,-0.106,-0.138,0.0483,0.612,-1.01,-0.163,,0.36,-0.0756,-0.0304,0.0156,0.31,False,,,,,,,,,2.0,0.0,,,,
D2,D2-r2g-g2.0-v0.0-long-t1s05,D2-r2g-g2.0-v0.0-long,t1s05,long,950-1300,,753,30,0.022,-0.0128,0.0266,0.344,-0.19,-0.0608,,0.5,-0.051,0.073,0.0912,1.29,237,14,-0.1949,-0.2439,0.042,0.219,-5.18,-0.2662,,0.07,-0.0718,-0.1232,-0.0783,-1.35,False,,,,,,,,,2.0,0.0,,,,
D2,D2-r2g-g2.0-v0.0-short-t1s1,D2-r2g-g2.0-v0.0-short,t1s1,short,950-1300,,749,30,-0.013,-0.041,0.0345,0.409,-1.98,-0.0698,,0.43,-0.0277,0.0147,0.0506,-0.79,218,14,-0.1064,-0.1436,0.0641,0.367,-2.45,-0.1926,,0.36,-0.0142,-0.0922,-0.0352,-1.17,False,,,,,,,,,2.0,0.0,,,,
D2,D2-r2g-g2.0-v0.0-short-t05s1,D2-r2g-g2.0-v0.0-short,t05s1,short,950-1300,,749,30,0.0012,-0.0227,0.0258,0.665,-1.94,-0.0401,,0.33,-0.0416,0.0428,0.0685,0.08,218,14,-0.0601,-0.0901,0.0485,0.624,-1.9,-0.1268,,0.21,-0.0368,-0.0233,0.0118,-0.43,False,,,,,,,,,2.0,0.0,,,,
D2,D2-r2g-g2.0-v0.0-short-t1s05,D2-r2g-g2.0-v0.0-short,t1s05,short,950-1300,,749,30,0.0187,-0.015,0.0266,0.335,-1.9,-0.0469,,0.37,-0.0274,0.0461,0.0623,-0.17,218,14,-0.099,-0.147,0.0475,0.271,-3.33,-0.174,,0.14,-0.0331,-0.066,-0.0375,-0.9,False,,,,,,,,,2.0,0.0,,,,
D2,D2-r2g-g2.0-v1.5-long-t1s1,D2-r2g-g2.0-v1.5-long,t1s1,long,950-1300,,524,29,-0.0207,-0.0478,0.0395,0.384,-0.96,-0.1241,,0.41,-0.0648,0.0441,0.0988,0.26,154,14,-0.223,-0.2656,0.0765,0.331,-1.24,-0.3235,,0.29,-0.0942,-0.1289,-0.0429,0.13,False,,,,,,,,,2.0,1.5,,,,
D2,D2-r2g-g2.0-v1.5-long-t05s1,D2-r2g-g2.0-v1.5-long,t05s1,long,950-1300,,524,29,0.0099,-0.0141,0.0298,0.641,-1.11,-0.0541,,0.45,-0.0651,0.075,0.0942,0.31,154,14,-0.1661,-0.2007,0.0615,0.578,-1.72,-0.231,,0.43,-0.0756,-0.0905,-0.0339,-0.22,False,,,,,,,,,2.0,1.5,,,,
D2,D2-r2g-g2.0-v1.5-long-t1s05,D2-r2g-g2.0-v1.5-long,t1s05,long,950-1300,,524,29,-0.0214,-0.0572,0.031,0.3,-1.15,-0.1126,,0.41,-0.051,0.0297,0.0508,0.11,154,14,-0.1685,-0.2178,0.0535,0.234,-1.07,-0.2686,,0.29,-0.0718,-0.0967,-0.0404,0.36,False,,,,,,,,,2.0,1.5,,,,
D2,D2-r2g-g2.0-v1.5-short-t1s1,D2-r2g-g2.0-v1.5-short,t1s1,short,950-1300,,471,30,-0.0024,-0.028,0.0421,0.38,-1.03,-0.0529,,0.43,-0.0277,0.0253,0.063,-0.03,141,14,-0.1765,-0.2035,0.0718,0.248,-2.57,-0.236,,0.21,-0.0142,-0.1623,-0.1427,-2.33,False,,,,,,,,,2.0,1.5,,,,
D2,D2-r2g-g2.0-v1.5-short-t05s1,D2-r2g-g2.0-v1.5-short,t05s1,short,950-1300,,471,30,-0.0281,-0.0511,0.0319,0.609,-0.95,-0.0718,,0.5,-0.0416,0.0135,0.0445,0.41,141,14,-0.1093,-0.134,0.0589,0.546,-1.04,-0.1563,,0.29,-0.0368,-0.0725,-0.0647,-0.53,False,,,,,,,,,2.0,1.5,,,,
D2,D2-r2g-g2.0-v1.5-short-t1s05,D2-r2g-g2.0-v1.5-short,t1s05,short,950-1300,,471,30,0.0152,-0.0163,0.0327,0.312,-1.79,-0.0374,,0.43,-0.0274,0.0427,0.0666,-0.21,141,14,-0.1462,-0.1854,0.0534,0.191,-3.07,-0.2094,,0.07,-0.0331,-0.1131,-0.1054,-1.93,False,,,,,,,,,2.0,1.5,,,,
D3,D3-lunch-fo2.0-rsi65-long-t1s1,D3-lunch-fo2.0-rsi65-long,t1s1,long,1200-1330,,4217,30,0.0384,0.01,0.0129,0.351,-0.87,-0.0576,6.25,0.33,-0.0526,0.091,0.0682,0.45,1689,14,-0.0825,-0.1166,0.0201,0.273,-1.95,-0.1324,,0.29,-0.1173,0.0348,0.0341,2.07,False,,65.0,,,,,,,,,2.0,,,
D3,D3-lunch-fo2.0-rsi65-long-t05s1,D3-lunch-fo2.0-rsi65-long,t05s1,long,1200-1330,,4217,30,-0.0039,-0.0303,0.01,0.594,-1.53,-0.0638,,0.37,-0.0581,0.0542,0.0416,0.41,1689,14,-0.0517,-0.0833,0.0163,0.565,-1.99,-0.0976,,0.43,-0.083,0.0314,0.0304,2.51,False,,65.0,,,,,,,,,2.0,,,
D3,D3-lunch-fo2.0-rsi65-long-t1s05,D3-lunch-fo2.0-rsi65-long,t1s05,long,1200-1330,,4217,30,0.0091,-0.0289,0.0105,0.281,-1.6,-0.0783,,0.23,-0.0498,0.0589,0.0468,0.48,1689,14,-0.0784,-0.1242,0.0159,0.22,-3.78,-0.1371,,0.14,-0.093,0.0147,0.0205,1.85,False,,65.0,,,,,,,,,2.0,,,
D3,D3-lunch-fo2.0-rsi65-short-t1s1,D3-lunch-fo2.0-rsi65-short,t1s1,short,1200-1330,,4428,30,-0.0333,-0.0647,0.0128,0.309,-0.81,-0.086,,0.5,-0.04,0.0066,0.0047,0.48,1643,14,-0.0106,-0.044,0.0216,0.346,-0.05,-0.0691,,0.43,0.0094,-0.02,-0.0217,0.13,False,,65.0,,,,,,,,,2.0,,,
D3,D3-lunch-fo2.0-rsi65-short-t05s1,D3-lunch-fo2.0-rsi65-short,t05s1,short,1200-1330,,4428,30,-0.0269,-0.0554,0.0101,0.591,-1.2,-0.0661,,0.47,-0.0428,0.0159,0.0114,0.49,1643,14,-0.0247,-0.0551,0.0167,0.611,-0.6,-0.0737,,0.36,-0.015,-0.0098,-0.0114,0.23,False,,65.0,,,,,,,,,2.0,,,
D3,D3-lunch-fo2.0-rsi65-short-t1s05,D3-lunch-fo2.0-rsi65-short,t1s05,short,1200-1330,,4428,30,-0.034,-0.075,0.0101,0.254,-1.33,-0.0872,,0.47,-0.0343,0.0003,-0.0028,0.7,1643,14,-0.0322,-0.0771,0.017,0.273,-0.87,-0.0912,,0.29,-0.025,-0.0072,-0.0085,0.6,False,,65.0,,,,,,,,,2.0,,,
D3,D3-lunch-fo2.0-rsi75-long-t1s1,D3-lunch-fo2.0-rsi75-long,t1s1,long,1200-1330,,2228,30,0.0773,0.0475,0.0182,0.395,-0.7,-0.04,1.75,0.4,-0.0526,0.1298,0.0915,0.56,944,14,-0.093,-0.1283,0.0271,0.272,-1.13,-0.14,,0.5,-0.1173,0.0243,0.0185,2.64,False,,75.0,,,,,,,,,2.0,,,
D3,D3-lunch-fo2.0-rsi75-long-t05s1,D3-lunch-fo2.0-rsi75-long,t05s1,long,1200-1330,,2228,30,0.0055,-0.0224,0.0138,0.608,-1.57,-0.0678,,0.37,-0.0581,0.0635,0.0436,0.27,944,14,-0.07,-0.1032,0.0223,0.565,-1.96,-0.1207,,0.29,-0.083,0.0131,0.0051,1.5,False,,75.0,,,,,,,,,2.0,,,
D3,D3-lunch-fo2.0-rsi75-long-t1s05,D3-lunch-fo2.0-rsi75-long,t1s05,long,1200-1330,,2228,30,0.058,0.0187,0.015,0.324,-1.09,-0.0498,3.36,0.33,-0.0498,0.1078,0.0784,0.92,944,14,-0.0801,-0.1267,0.0213,0.218,-2.84,-0.1395,,0.21,-0.093,0.0129,0.0164,2.51,False,,75.0,,,,,,,,,2.0,,,
D3,D3-lunch-fo2.0-rsi75-short-t1s1,D3-lunch-fo2.0-rsi75-short,t1s1,short,1200-1330,,2451,30,-0.0229,-0.0541,0.0171,0.313,-0.49,-0.0922,,0.43,-0.04,0.0171,0.0156,0.53,904,14,0.0164,-0.0191,0.0296,0.366,-0.29,-0.0448,,0.36,0.0094,0.0071,-0.0052,-0.35,False,,75.0,,,,,,,,,2.0,,,
D3,D3-lunch-fo2.0-rsi75-short-t05s1,D3-lunch-fo2.0-rsi75-short,t05s1,short,1200-1330,,2451,30,-0.0312,-0.0598,0.0135,0.584,-1.02,-0.0874,,0.4,-0.0428,0.0115,0.0096,0.3,904,14,-0.0121,-0.0444,0.0227,0.626,-1.2,-0.0659,,0.21,-0.015,0.0029,-0.0054,-0.73,False,,75.0,,,,,,,,,2.0,,,
D3,D3-lunch-fo2.0-rsi75-short-t1s05,D3-lunch-fo2.0-rsi75-short,t1s05,short,1200-1330,,2451,30,-0.0333,-0.0745,0.0136,0.253,-0.9,-0.0897,,0.4,-0.0343,0.0009,-0.002,0.6,904,14,-0.0269,-0.0725,0.0231,0.279,-1.13,-0.0883,,0.36,-0.025,-0.0019,-0.008,0.26,False,,75.0,,,,,,,,,2.0,,,
D3,D3-lunch-fo3.0-rsi65-long-t1s1,D3-lunch-fo3.0-rsi65-long,t1s1,long,1200-1330,,2357,30,0.0958,0.0711,0.0173,0.382,-0.7,-0.014,1.18,0.4,-0.0526,0.1483,0.107,0.35,863,14,-0.1039,-0.1347,0.0284,0.283,-1.14,-0.1507,,0.43,-0.1173,0.0134,0.0077,1.59,False,,65.0,,,,,,,,,3.0,,,
D3,D3-lunch-fo3.0-rsi65-long-t05s1,D3-lunch-fo3.0-rsi65-long,t05s1,long,1200-1330,,2357,30,0.0284,0.0055,0.0131,0.616,-1.18,-0.0357,6.79,0.47,-0.0581,0.0865,0.0665,0.38,863,14,-0.0736,-0.1015,0.0229,0.542,-1.24,-0.1263,,0.36,-0.083,0.0094,0.0017,1.44,False,,65.0,,,,,,,,,3.0,,,
D3,D3-lunch-fo3.0-rsi65-long-t1s05,D3-lunch-fo3.0-rsi65-long,t1s05,long,1200-1330,,2357,30,0.0509,0.018,0.0143,0.307,-1.37,-0.0443,3.19,0.33,-0.0498,0.1007,0.0769,0.29,863,14,-0.0957,-0.1389,0.0222,0.225,-2.75,-0.1516,,0.21,-0.093,-0.0026,0.0014,0.91,False,,65.0,,,,,,,,,3.0,,,
D3,D3-lunch-fo3.0-rsi65-short-t1s1,D3-lunch-fo3.0-rsi65-short,t1s1,short,1200-1330,,2475,30,-0.0329,-0.0614,0.0171,0.315,-0.79,-0.0871,,0.47,-0.04,0.007,0.0064,0.3,910,14,-0.0203,-0.0528,0.0294,0.349,0.21,-0.0735,,0.5,0.0094,-0.0296,-0.0408,0.3,False,,65.0,,,,,,,,,3.0,,,
D3,D3-lunch-fo3.0-rsi65-short-t05s1,D3-lunch-fo3.0-rsi65-short,t05s1,short,1200-1330,,2475,30,-0.0123,-0.0376,0.0133,0.602,-0.78,-0.0563,,0.43,-0.0428,0.0305,0.0266,0.71,910,14,-0.0238,-0.053,0.0228,0.612,-0.14,-0.076,,0.5,-0.015,-0.0088,-0.0177,0.41,False,,65.0,,,,,,,,,3.0,,,
D3,D3-lunch-fo3.0-rsi65-short-t1s05,D3-lunch-fo3.0-rsi65-short,t1s05,short,1200-1330,,2475,30,-0.0428,-0.0814,0.0136,0.255,-1.3,-0.094,,0.53,-0.0343,-0.0086,-0.01,0.34,910,14,-0.0416,-0.085,0.0229,0.27,-0.39,-0.1013,,0.5,-0.025,-0.0166,-0.0226,0.65,False,,65.0,,,,,,,,,3.0,,,
D3,D3-lunch-fo3.0-rsi75-long-t1s1,D3-lunch-fo3.0-rsi75-long,t1s1,long,1200-1330,,1274,30,0.1532,0.1274,0.0242,0.447,-0.9,0.0166,0.89,0.37,-0.0526,0.2057,0.134,0.01,520,14,-0.0805,-0.1124,0.0373,0.3,0.38,-0.1542,,0.57,-0.1173,0.0368,0.0232,2.7,False,,75.0,,,,,,,,,3.0,,,
D3,D3-lunch-fo3.0-rsi75-long-t05s1,D3-lunch-fo3.0-rsi75-long,t05s1,long,1200-1330,,1274,30,0.0479,0.0239,0.0179,0.641,-1.39,-0.0323,2.15,0.37,-0.0581,0.106,0.0707,0.04,520,14,-0.077,-0.1072,0.0301,0.56,-0.45,-0.1383,,0.5,-0.083,0.006,-0.0086,2.11,False,,75.0,,,,,,,,,3.0,,,
D3,D3-lunch-fo3.0-rsi75-long-t1s05,D3-lunch-fo3.0-rsi75-long,t1s05,long,1200-1330,,1274,30,0.1282,0.0949,0.0202,0.374,-1.04,0.007,0.94,0.43,-0.0498,0.1779,0.1234,0.4,520,14,-0.0693,-0.1128,0.0292,0.238,-1.2,-0.1355,,0.43,-0.093,0.0237,0.0237,2.71,False,,75.0,,,,,,,,,3.0,,,
D3,D3-lunch-fo3.0-rsi75-short-t1s1,D3-lunch-fo3.0-rsi75-short,t1s1,short,1200-1330,,1404,30,-0.0014,-0.0299,0.0227,0.33,-0.1,-0.0766,,0.5,-0.04,0.0386,0.0357,0.89,511,14,0.0251,-0.0087,0.0396,0.372,0.31,-0.0356,,0.57,0.0094,0.0157,-0.0085,0.23,False,,75.0,,,,,,,,,3.0,,,
D3,D3-lunch-fo3.0-rsi75-short-t05s1,D3-lunch-fo3.0-rsi75-short,t05s1,short,1200-1330,,1404,30,-0.0011,-0.0272,0.0177,0.614,-0.11,-0.0625,,0.43,-0.0428,0.0417,0.038,1.19,511,14,0.0188,-0.0113,0.0298,0.646,-0.16,-0.0331,,0.5,-0.015,0.0338,0.0162,0.26,False,,75.0,,,,,,,,,3.0,,,
D3,D3-lunch-fo3.0-rsi75-short-t1s05,D3-lunch-fo3.0-rsi75-short,t1s05,short,1200-1330,,1404,30,-0.0342,-0.0739,0.0182,0.266,-0.59,-0.0878,,0.47,-0.0343,0.0001,-0.0031,0.66,511,14,-0.0331,-0.0769,0.0308,0.278,-0.52,-0.0941,,0.57,-0.025,-0.0081,-0.0228,0.13,False,,75.0,,,,,,,,,3.0,,,
D3,D3-lunch-fo5.0-rsi65-long-t1s1,D3-lunch-fo5.0-rsi65-long,t1s1,long,1200-1330,,892,30,0.1931,0.1746,0.0282,0.453,0.22,0.0657,0.68,0.5,-0.0526,0.2457,0.1712,1.31,258,14,-0.0815,-0.1099,0.0524,0.291,0.93,-0.1339,,0.57,-0.1173,0.0358,0.0152,2.41,False,,65.0,,,,,,,,,5.0,,,
D3,D3-lunch-fo5.0-rsi65-long-t05s1,D3-lunch-fo5.0-rsi65-long,t05s1,long,1200-1330,,892,30,0.0585,0.0411,0.0209,0.637,-0.92,-0.0148,1.31,0.4,-0.0581,0.1166,0.0818,0.47,258,14,-0.0556,-0.081,0.0421,0.562,0.69,-0.0971,,0.64,-0.083,0.0275,0.005,2.26,False,,65.0,,,,,,,,,5.0,,,
D3,D3-lunch-fo5.0-rsi65-long-t1s05,D3-lunch-fo5.0-rsi65-long,t1s05,long,1200-1330,,892,30,0.0926,0.0659,0.0239,0.346,-0.97,-0.0241,1.31,0.33,-0.0498,0.1423,0.0967,0.45,258,14,-0.1125,-0.1548,0.0405,0.217,0.24,-0.1764,,0.5,-0.093,-0.0194,-0.022,2.04,False,,65.0,,,,,,,,,5.0,,,
D3,D3-lunch-fo5.0-rsi65-short-t1s1,D3-lunch-fo5.0-rsi65-short,t1s1,short,1200-1330,,993,30,0.0001,-0.0263,0.0269,0.312,-0.34,-0.0688,,0.4,-0.04,0.04,0.0416,0.52,329,14,-0.0995,-0.1301,0.049,0.316,-1.18,-0.1499,,0.36,0.0094,-0.1088,-0.1351,-1.49,False,,65.0,,,,,,,,,5.0,,,
D3,D3-lunch-fo5.0-rsi65-short-t05s1,D3-lunch-fo5.0-rsi65-short,t05s1,short,1200-1330,,993,30,0.0113,-0.012,0.0209,0.611,0.23,-0.042,,0.53,-0.0428,0.0541,0.0539,1.35,329,14,-0.0587,-0.0855,0.0384,0.593,-0.53,-0.1039,,0.57,-0.015,-0.0437,-0.063,-0.35,False,,65.0,,,,,,,,,5.0,,,
D3,D3-lunch-fo5.0-rsi65-short-t1s05,D3-lunch-fo5.0-rsi65-short,t1s05,short,1200-1330,,993,30,-0.0274,-0.0624,0.0213,0.247,-0.96,-0.0842,,0.43,-0.0343,0.0068,0.0065,0.16,329,14,-0.1234,-0.1679,0.0364,0.225,-2.8,-0.1826,,0.29,-0.025,-0.0984,-0.1117,-1.91,False,,65.0,,,,,,,,,5.0,,,
D3,D3-lunch-fo5.0-rsi75-long-t1s1,D3-lunch-fo5.0-rsi75-long,t1s1,long,1200-1330,,526,30,0.2469,0.2273,0.0374,0.513,-0.19,0.0957,0.66,0.4,-0.0526,0.2994,0.1944,0.54,154,14,-0.1413,-0.1721,0.0682,0.253,1.02,-0.2227,,0.57,-0.1173,-0.024,-0.0524,2.36,False,,75.0,,,,,,,,,5.0,,,
D3,D3-lunch-fo5.0-rsi75-long-t05s1,D3-lunch-fo5.0-rsi75-long,t05s1,long,1200-1330,,526,30,0.071,0.0519,0.0275,0.654,-1.25,-0.0188,1.3,0.37,-0.0581,0.1291,0.0775,-0.18,154,14,-0.1257,-0.1551,0.057,0.526,0.45,-0.1834,,0.64,-0.083,-0.0427,-0.0737,1.63,False,,75.0,,,,,,,,,5.0,,,
D3,D3-lunch-fo5.0-rsi75-long-t1s05,D3-lunch-fo5.0-rsi75-long,t1s05,long,1200-1330,,526,30,0.1779,0.1516,0.0318,0.411,-0.91,0.0481,0.74,0.4,-0.0498,0.2277,0.1526,0.3,154,14,-0.1336,-0.1753,0.0508,0.182,0.5,-0.1903,,0.43,-0.093,-0.0405,-0.045,1.73,False,,75.0,,,,,,,,,5.0,,,
D3,D3-lunch-fo5.0-rsi75-short-t1s1,D3-lunch-fo5.0-rsi75-short,t1s1,short,1200-1330,,560,30,0.0496,0.0238,0.0364,0.362,0.21,-0.0325,2.19,0.47,-0.04,0.0896,0.0869,0.82,178,14,-0.0235,-0.0557,0.0695,0.388,-1.1,-0.0795,,0.36,0.0094,-0.0329,-0.0772,-1.67,False,,75.0,,,,,,,,,5.0,,,
D3,D3-lunch-fo5.0-rsi75-short-t05s1,D3-lunch-fo5.0-rsi75-short,t05s1,short,1200-1330,,560,30,0.0303,0.0063,0.0277,0.632,0.18,-0.0343,5.74,0.5,-0.0428,0.0731,0.074,1.02,178,14,-0.0797,-0.1098,0.0531,0.579,-1.31,-0.1361,,0.29,-0.015,-0.0648,-0.0967,-1.42,False,,75.0,,,,,,,,,5.0,,,
D3,D3-lunch-fo5.0-rsi75-short-t1s05,D3-lunch-fo5.0-rsi75-short,t1s05,short,1200-1330,,560,30,-0.0088,-0.0442,0.0292,0.28,-0.23,-0.0596,,0.43,-0.0343,0.0255,0.0221,0.63,178,14,-0.1128,-0.157,0.0509,0.253,-2.11,-0.1795,,0.21,-0.025,-0.0878,-0.1179,-1.87,False,,75.0,,,,,,,,,5.0,,,
D4,D4-overreact-r1.0-q0.3-mid-long-t1s1,D4-overreact-r1.0-q0.3-mid-long,t1s1,long,1000-1300,,255,30,-0.0746,-0.1231,0.062,0.431,-1.11,-0.1682,,0.43,-0.0645,-0.0101,-0.0053,-0.22,205,14,-0.0373,-0.0919,0.0688,0.454,-0.59,-0.1602,,0.43,-0.0927,0.0554,-0.0283,0.38,False,,,,mid,,,,,,,,1.0,0.3,
D4,D4-overreact-r1.0-q0.3-mid-long-t05s1,D4-overreact-r1.0-q0.3-mid-long,t05s1,long,1000-1300,,255,30,-0.126,-0.172,0.0477,0.608,-2.18,-0.1995,,0.37,-0.0655,-0.0605,-0.0564,-1.07,205,14,0.0073,-0.0414,0.0499,0.693,-0.17,-0.091,,0.43,-0.0746,0.0819,0.0375,1.4,False,,,,mid,,,,,,,,1.0,0.3,
D4,D4-overreact-r1.0-q0.3-mid-long-t1s05,D4-overreact-r1.0-q0.3-mid-long,t1s05,long,1000-1300,,255,30,-0.0529,-0.1091,0.0454,0.314,-1.29,-0.1356,,0.33,-0.052,-0.0009,-0.0023,0.11,205,14,-0.0177,-0.0852,0.0526,0.341,-0.46,-0.1361,,0.43,-0.0703,0.0525,-0.0048,0.73,False,,,,mid,,,,,,,,1.0,0.3,
D4,D4-overreact-r1.0-q0.3-mid-short-t1s1,D4-overreact-r1.0-q0.3-mid-short,t1s1,short,1000-1300,,221,29,-0.082,-0.1299,0.0658,0.421,-0.54,-0.163,,0.31,-0.0279,-0.0541,-0.038,-0.18,105,14,0.0575,0.0043,0.0959,0.495,-0.34,-0.0349,8.51,0.5,-0.0155,0.073,0.0731,0.13,False,,,,mid,,,,,,,,1.0,0.3,
D4,D4-overreact-r1.0-q0.3-mid-short-t05s1,D4-overreact-r1.0-q0.3-mid-short,t05s1,short,1000-1300,,221,29,-0.1336,-0.1783,0.0507,0.584,-2.15,-0.2013,,0.31,-0.0405,-0.0931,-0.0736,-1.26,105,14,-0.0961,-0.1468,0.073,0.629,-1.94,-0.1775,,0.29,-0.0381,-0.0581,-0.0667,-1.37,False,,,,mid,,,,,,,,1.0,0.3,
D4,D4-overreact-r1.0-q0.3-mid-short-t1s05,D4-overreact-r1.0-q0.3-mid-short,t1s05,short,1000-1300,,221,29,-0.0664,-0.1223,0.0482,0.299,-1.01,-0.1496,,0.31,-0.027,-0.0394,-0.0278,-0.24,105,14,0.0752,0.015,0.0741,0.39,0.17,-0.0286,2.78,0.5,-0.0339,0.1092,0.1143,1.2,False,,,,mid,,,,,,,,1.0,0.3,
D4,D4-overreact-r1.0-q0.3-late-long-t1s1,D4-overreact-r1.0-q0.3-late-long,t1s1,long,1000-1500,,399,30,-0.0885,-0.1398,0.048,0.378,-2.3,-0.171,,0.33,-0.0556,-0.0329,-0.011,-0.76,251,14,-0.0214,-0.0751,0.0601,0.422,-1.13,-0.1431,,0.43,-0.1046,0.0832,0.0129,0.18,False,,,,late,,,,,,,,1.0,0.3,
D4,D4-overreact-r1.0-q0.3-late-long-t05s1,D4-overreact-r1.0-q0.3-late-long,t05s1,long,1000-1500,,399,30,-0.1277,-0.1772,0.0382,0.591,-3.27,-0.1979,,0.23,-0.0578,-0.07,-0.0568,-1.71,251,14,0.0093,-0.0382,0.044,0.665,-0.01,-0.0764,,0.5,-0.0854,0.0947,0.0568,1.82,False,,,,late,,,,,,,,1.0,0.3,
D4,D4-overreact-r1.0-q0.3-late-long-t1s05,D4-overreact-r1.0-q0.3-late-long,t1s05,long,1000-1500,,399,30,-0.0768,-0.139,0.0358,0.268,-2.53,-0.1596,,0.33,-0.0467,-0.03,-0.0198,-0.21,251,14,-0.0057,-0.0715,0.0467,0.327,-0.95,-0.1217,,0.36,-0.0818,0.0761,0.0269,0.44,False,,,,late,,,,,,,,1.0,0.3,
D4,D4-overreact-r1.0-q0.3-late-short-t1s1,D4-overreact-r1.0-q0.3-late-short,t1s1,short,1000-1500,,373,29,-0.0448,-0.0924,0.0494,0.421,-1.19,-0.1664,,0.28,-0.0368,-0.008,-0.0791,-0.82,158,14,0.1597,0.1086,0.0731,0.5,1.01,0.0712,0.45,0.71,-0.0035,0.1632,0.1651,1.32,False,,,,late,,,,,,,,1.0,0.3,
D4,D4-overreact-r1.0-q0.3-late-short-t05s1,D4-overreact-r1.0-q0.3-late-short,t05s1,short,1000-1500,,373,29,-0.1109,-0.156,0.038,0.587,-2.91,-0.168,,0.21,-0.0458,-0.0651,-0.0896,-1.69,158,14,-0.0161,-0.0656,0.0558,0.658,-1.18,-0.0842,,0.36,-0.0264,0.0103,0.0099,-0.51,False,,,,late,,,,,,,,1.0,0.3,
D4,D4-overreact-r1.0-q0.3-late-short-t1s05,D4-overreact-r1.0-q0.3-late-short,t1s05,short,1000-1500,,373,29,-0.0691,-0.1277,0.0367,0.287,-0.93,-0.1438,,0.28,-0.0346,-0.0345,-0.0682,-0.06,158,14,0.1433,0.0848,0.0592,0.411,1.37,0.0588,0.35,0.71,-0.0229,0.1662,0.1732,2.26,False,,,,late,,,,,,,,1.0,0.3,
D4,D4-overreact-r1.0-q0.5-mid-long-t1s1,D4-overreact-r1.0-q0.5-mid-long,t1s1,long,1000-1300,,580,30,-0.1225,-0.1714,0.0407,0.403,-1.02,-0.207,,0.4,-0.0645,-0.0579,-0.0558,0.25,436,14,-0.0174,-0.0738,0.047,0.461,-0.92,-0.1448,,0.36,-0.0927,0.0753,0.0121,0.53,False,,,,mid,,,,,,,,1.0,0.5,
D4,D4-overreact-r1.0-q0.5-mid-long-t05s1,D4-overreact-r1.0-q0.5-mid-long,t05s1,long,1000-1300,,580,30,-0.1294,-0.1748,0.0314,0.6,-1.79,-0.1925,,0.4,-0.0655,-0.0639,-0.0591,-0.08,436,14,-0.0312,-0.083,0.0348,0.67,-1.44,-0.1182,,0.36,-0.0746,0.0434,0.0138,0.93,False,,,,mid,,,,,,,,1.0,0.5,
D4,D4-overreact-r1.0-q0.5-mid-long-t1s05,D4-overreact-r1.0-q0.5-mid-long,t1s05,long,1000-1300,,580,30,-0.0821,-0.1389,0.0294,0.29,-2.41,-0.1594,,0.4,-0.052,-0.0301,-0.0302,-0.07,436,14,-0.0338,-0.1039,0.0358,0.335,-1.18,-0.1325,,0.43,-0.0703,0.0364,-0.008,0.54,False,,,,mid,,,,,,,,1.0,0.5,
D4,D4-overreact-r1.0-q0.5-mid-short-t1s1,D4-overreact-r1.0-q0.5-mid-short,t1s1,short,1000-1300,,543,30,-0.0226,-0.0675,0.0417,0.446,-0.31,-0.0895,,0.37,-0.0279,0.0053,0.0126,0.15,287,14,0.0708,0.0159,0.057,0.491,0.65,-0.0077,1.44,0.57,-0.0155,0.0863,0.0696,1.35,False,,,,mid,,,,,,,,1.0,0.5,
D4,D4-overreact-r1.0-q0.5-mid-short-t05s1,D4-overreact-r1.0-q0.5-mid-short,t05s1,short,1000-1300,,543,30,-0.0755,-0.117,0.0315,0.622,-1.91,-0.1304,,0.37,-0.0405,-0.0349,-0.0232,-0.68,287,14,-0.0138,-0.0641,0.0423,0.683,-1.81,-0.0879,,0.21,-0.0381,0.0243,0.0104,0.22,False,,,,mid,,,,,,,,1.0,0.5,
D4,D4-overreact-r1.0-q0.5-mid-short-t1s05,D4-overreact-r1.0-q0.5-mid-short,t1s05,short,1000-1300,,543,30,-0.0344,-0.0895,0.0312,0.315,-1.18,-0.1047,,0.37,-0.027,-0.0075,0.0015,-0.09,287,14,0.0476,-0.0191,0.0451,0.383,0.53,-0.0361,,0.5,-0.0339,0.0815,0.0707,1.89,False,,,,mid,,,,,,,,1.0,0.5,
D4,D4-overreact-r1.0-q0.5-late-long-t1s1,D4-overreact-r1.0-q0.5-late-long,t1s1,long,1000-1500,,823,30,-0.1013,-0.1503,0.0332,0.374,-2.39,-0.1727,,0.4,-0.0556,-0.0457,-0.0258,-0.49,579,14,-0.02,-0.075,0.0386,0.406,-1.05,-0.1255,,0.36,-0.1046,0.0846,0.0328,0.72,False,,,,late,,,,,,,,1.0,0.5,
D4,D4-overreact-r1.0-q0.5-late-long-t05s1,D4-overreact-r1.0-q0.5-late-long,t05s1,long,1000-1500,,823,30,-0.1092,-0.1553,0.026,0.598,-2.79,-0.1692,,0.4,-0.0578,-0.0515,-0.035,-0.5,579,14,-0.0295,-0.0806,0.0291,0.634,-1.77,-0.1062,,0.29,-0.0854,0.0559,0.0304,1.14,False,,,,late,,,,,,,,1.0,0.5,
D4,D4-overreact-r1.0-q0.5-late-long-t1s05,D4-overreact-r1.0-q0.5-late-long,t1s05,long,1000-1500,,823,30,-0.0731,-0.1316,0.0245,0.271,-3.3,-0.1486,,0.33,-0.0467,-0.0264,-0.0132,-0.26,579,14,-0.0384,-0.1099,0.0303,0.304,-1.68,-0.139,,0.36,-0.0818,0.0434,0.0077,0.8,False,,,,late,,,,,,,,1.0,0.5,
D4,D4-overreact-r1.0-q0.5-late-short-t1s1,D4-overreact-r1.0-q0.5-late-short,t1s1,short,1000-1500,,825,30,-0.0162,-0.0623,0.033,0.427,-0.73,-0.0816,,0.33,-0.0368,0.0206,-0.0359,-0.31,405,14,0.1274,0.0739,0.0458,0.474,1.16,0.0448,0.47,0.71,-0.0035,0.1308,0.1219,1.5,False,,,,late,,,,,,,,1.0,0.5,
D4,D4-overreact-r1.0-q0.5-late-short-t05s1,D4-overreact-r1.0-q0.5-late-short,t05s1,short,1000-1500,,825,30,-0.073,-0.1162,0.0251,0.608,-2.4,-0.1282,,0.3,-0.0458,-0.0272,-0.048,-0.91,405,14,0.0248,-0.0249,0.034,0.694,-0.72,-0.0433,,0.36,-0.0264,0.0512,0.0443,0.64,False,,,,late,,,,,,,,1.0,0.5,
D4,D4-overreact-r1.0-q0.5-late-short-t1s05,D4-overreact-r1.0-q0.5-late-short,t1s05,short,1000-1500,,825,30,-0.0535,-0.1112,0.0249,0.293,-1.44,-0.1188,,0.23,-0.0346,-0.0188,-0.0432,-0.25,405,14,0.0874,0.0211,0.0375,0.383,0.89,0.0087,0.62,0.57,-0.0229,0.1103,0.1054,2.18,False,,,,late,,,,,,,,1.0,0.5,
D4,D4-overreact-r1.5-q0.3-mid-long-t1s1,D4-overreact-r1.5-q0.3-mid-long,t1s1,long,1000-1300,,30,17,-0.0637,-0.1076,0.1873,0.467,0.21,-0.2278,,0.53,-0.0645,0.0008,0.0004,0.56,15,9,-0.1465,-0.2006,0.2562,0.4,-0.28,-0.3749,,0.44,-0.0927,-0.0538,-0.048,-0.05,False,,,,mid,,,,,,,,1.5,0.3,
D4,D4-overreact-r1.5-q0.3-mid-long-t05s1,D4-overreact-r1.5-q0.3-mid-long,t05s1,long,1000-1300,,30,17,-0.0317,-0.0743,0.1393,0.667,-0.09,-0.1353,,0.65,-0.0655,0.0338,0.036,0.42,15,9,0.0548,0.0061,0.1897,0.733,-0.22,-0.0617,9.79,0.67,-0.0746,0.1294,0.1284,0.08,False,,,,mid,,,,,,,,1.5,0.3,
D4,D4-overreact-r1.5-q0.3-mid-long-t1s05,D4-overreact-r1.5-q0.3-mid-long,t1s05,long,1000-1300,,30,17,-0.0817,-0.1329,0.133,0.3,0.4,-0.1709,,0.41,-0.052,-0.0297,-0.0389,0.8,15,9,0.0747,0.0159,0.2014,0.4,0.35,-0.1251,7.83,0.56,-0.0703,0.145,0.1337,0.69,False,,,,mid,,,,,,,,1.5,0.3,
D4,D4-overreact-r1.5-q0.3-mid-short-t1s1,D4-overreact-r1.5-q0.3-mid-short,t1s1,short,1000-1300,,29,15,0.0083,-0.0531,0.1982,0.517,-1.08,-0.1691,,0.4,-0.0279,0.0362,0.0904,-0.49,8,5,-0.2657,-0.3052,0.3706,0.375,-0.85,-0.4866,,0.2,-0.0155,-0.2502,-0.2827,-0.78,False,,,,mid,,,,,,,,1.5,0.3,
D4,D4-overreact-r1.5-q0.3-mid-short-t05s1,D4-overreact-r1.5-q0.3-mid-short,t05s1,short,1000-1300,,29,15,-0.119,-0.1702,0.1469,0.621,-1.64,-0.242,,0.47,-0.0405,-0.0785,-0.0352,-0.94,8,5,-0.0782,-0.1141,0.2782,0.625,-0.73,-0.3023,,0.4,-0.0381,-0.0402,-0.0834,-0.64,False,,,,mid,,,,,,,,1.5,0.3,
D4,D4-overreact-r1.5-q0.3-mid-short-t1s05,D4-overreact-r1.5-q0.3-mid-short,t1s05,short,1000-1300,,29,15,-0.1363,-0.2049,0.1365,0.276,-1.46,-0.2898,,0.27,-0.027,-0.1093,-0.0616,-0.45,8,5,-0.1407,-0.1804,0.2469,0.25,-0.34,-0.3441,,0.4,-0.0339,-0.1068,-0.111,-0.05,False,,,,mid,,,,,,,,1.5,0.3,
D4,D4-overreact-r1.5-q0.3-late-long-t1s1,D4-overreact-r1.5-q0.3-late-long,t1s1,long,1000-1500,,47,19,0.0324,-0.0073,0.141,0.489,-0.04,-0.1204,,0.53,-0.0556,0.088,0.1866,0.68,18,10,-0.1775,-0.2345,0.22,0.333,-0.34,-0.3804,,0.4,-0.1046,-0.0729,-0.0741,-0.03,False,,,,late,,,,,,,,1.5,0.3,
D4,D4-overreact-r1.5-q0.3-late-long-t05s1,D4-overreact-r1.5-q0.3-late-long,t05s1,long,1000-1500,,47,19,-0.0263,-0.0652,0.1041,0.66,-0.4,-0.1135,,0.58,-0.0578,0.0314,0.1183,0.56,18,10,0.1149,0.0662,0.1605,0.778,1.12,0.0187,0.75,0.7,-0.0854,0.2003,0.1846,2.16,False,,,,late,,,,,,,,1.5,0.3,
D4,D4-overreact-r1.5-q0.3-late-long-t1s05,D4-overreact-r1.5-q0.3-late-long,t1s05,long,1000-1500,,47,19,-0.0667,-0.1144,0.1011,0.298,-0.27,-0.2063,,0.37,-0.0467,-0.02,0.0415,0.53,18,10,0.0048,-0.0603,0.1755,0.333,0.14,-0.1843,,0.5,-0.0818,0.0866,0.064,0.49,False,,,,late,,,,,,,,1.5,0.3,
D4,D4-overreact-r1.5-q0.3-late-short-t1s1,D4-overreact-r1.5-q0.3-late-short,t1s1,short,1000-1500,,45,18,-0.1045,-0.1583,0.1523,0.444,-1.86,-0.236,,0.39,-0.0368,-0.0677,-0.0321,-1.15,10,7,-0.1298,-0.1735,0.315,0.4,-0.42,-0.3,,0.29,-0.0035,-0.1264,-0.1537,-0.32,False,,,,late,,,,,,,,1.5,0.3,
D4,D4-overreact-r1.5-q0.3-late-short-t05s1,D4-overreact-r1.5-q0.3-late-short,t05s1,short,1000-1500,,45,18,-0.0394,-0.0837,0.112,0.667,-1.46,-0.1501,,0.44,-0.0458,0.0064,0.0408,-0.56,10,7,-0.0298,-0.0706,0.2251,0.6,-0.6,-0.2009,,0.43,-0.0264,-0.0035,-0.0342,-0.41,False,,,,late,,,,,,,,1.5,0.3,
D4,D4-overreact-r1.5-q0.3-late-short-t1s05,D4-overreact-r1.5-q0.3-late-short,t1s05,short,1000-1500,,45,18,-0.1394,-0.1986,0.1049,0.267,-2.06,-0.2793,,0.22,-0.0346,-0.1047,-0.0765,-0.97,10,7,-0.0298,-0.0737,0.2216,0.3,0.1,-0.1891,,0.43,-0.0229,-0.007,-0.0103,0.4,False,,,,late,,,,,,,,1.5,0.3,
D4,D4-overreact-r1.5-q0.5-mid-long-t1s1,D4-overreact-r1.5-q0.5-mid-long,t1s1,long,1000-1300,,77,23,-0.2356,-0.2861,0.1129,0.39,-0.96,-0.319,,0.26,-0.0645,-0.1711,-0.1915,-0.54,40,14,-0.0849,-0.1368,0.1509,0.4,-0.83,-0.2154,,0.43,-0.0927,0.0078,-0.0407,-0.34,False,,,,mid,,,,,,,,1.5,0.5,
D4,D4-overreact-r1.5-q0.5-mid-long-t05s1,D4-overreact-r1.5-q0.5-mid-long,t05s1,long,1000-1300,,77,23,-0.1171,-0.1602,0.0859,0.61,-1.02,-0.1836,,0.43,-0.0655,-0.0516,-0.0672,-0.35,40,14,-0.0577,-0.1074,0.1188,0.65,-0.7,-0.143,,0.43,-0.0746,0.0169,-0.022,-0.18,False,,,,mid,,,,,,,,1.5,0.5,
D4,D4-overreact-r1.5-q0.5-mid-long-t1s05,D4-overreact-r1.5-q0.5-mid-long,t1s05,long,1000-1300,,77,23,-0.1722,-0.2288,0.0761,0.247,-0.68,-0.2601,,0.39,-0.052,-0.1202,-0.1279,-0.16,40,14,-0.0248,-0.0843,0.116,0.325,-0.66,-0.1378,,0.5,-0.0703,0.0455,0.0008,-0.12,False,,,,mid,,,,,,,,1.5,0.5,
D4,D4-overreact-r1.5-q0.5-mid-short-t1s1,D4-overreact-r1.5-q0.5-mid-short,t1s1,short,1000-1300,,73,24,0.0281,-0.022,0.1202,0.521,-0.59,-0.0945,,0.5,-0.0279,0.056,0.0812,-0.16,24,11,0.2755,0.2417,0.1952,0.625,2.81,0.1673,0.45,0.73,-0.0155,0.291,0.2659,2.7,False,,,,mid,,,,,,,,1.5,0.5,
D4,D4-overreact-r1.5-q0.5-mid-short-t05s1,D4-overreact-r1.5-q0.5-mid-short,t05s1,short,1000-1300,,73,24,-0.0782,-0.1228,0.0882,0.644,-1.91,-0.1605,,0.46,-0.0405,-0.0376,-0.0119,-1.3,24,11,0.0932,0.0605,0.1365,0.75,2.52,0.0248,0.63,0.73,-0.0381,0.1312,0.1047,2.6,False,,,,mid,,,,,,,,1.5,0.5,
D4,D4-overreact-r1.5-q0.5-mid-short-t1s05,D4-overreact-r1.5-q0.5-mid-short,t1s05,short,1000-1300,,73,24,-0.0508,-0.1088,0.0867,0.329,-1.59,-0.1737,,0.25,-0.027,-0.0238,-0.0062,-0.75,24,11,0.1921,0.1549,0.1527,0.458,1.8,0.1128,0.42,0.73,-0.0339,0.2261,0.2189,2.02,False,,,,mid,,,,,,,,1.5,0.5,
D4,D4-overreact-r1.5-q0.5-late-long-t1s1,D4-overreact-r1.5-q0.5-late-long,t1s1,long,1000-1500,,125,26,-0.0552,-0.0984,0.0858,0.44,-0.28,-0.1537,,0.35,-0.0556,0.0004,0.0374,0.42,48,14,-0.0808,-0.1325,0.1317,0.354,-0.84,-0.2032,,0.43,-0.1046,0.0238,-0.0292,-0.37,False,,,,late,,,,,,,,1.5,0.5,
D4,D4-overreact-r1.5-q0.5-late-long-t05s1,D4-overreact-r1.5-q0.5-late-long,t05s1,long,1000-1500,,125,26,-0.0244,-0.0624,0.0623,0.656,-0.46,-0.088,,0.5,-0.0578,0.0334,0.0647,0.65,48,14,-0.0099,-0.0582,0.1041,0.688,-0.15,-0.0907,,0.5,-0.0854,0.0755,0.0271,0.46,False,,,,late,,,,,,,,1.5,0.5,
D4,D4-overreact-r1.5-q0.5-late-long-t1s05,D4-overreact-r1.5-q0.5-late-long,t1s05,long,1000-1500,,125,26,-0.0897,-0.1421,0.0618,0.288,-0.73,-0.1971,,0.35,-0.0467,-0.043,-0.0147,0.16,48,14,-0.0378,-0.0989,0.1024,0.292,-0.81,-0.1675,,0.5,-0.0818,0.044,-0.0097,-0.27,False,,,,late,,,,,,,,1.5,0.5,
D4,D4-overreact-r1.5-q0.5-late-short-t1s1,D4-overreact-r1.5-q0.5-late-short,t1s1,short,1000-1500,,117,27,-0.0043,-0.0543,0.0912,0.479,-1.25,-0.1197,,0.44,-0.0368,0.0325,-0.0074,-0.73,31,11,0.2383,0.2038,0.1647,0.581,2.66,0.1704,0.33,0.73,-0.0035,0.2418,0.2094,2.56,False,,,,late,,,,,,,,1.5,0.5,
D4,D4-overreact-r1.5-q0.5-late-short-t05s1,D4-overreact-r1.5-q0.5-late-short,t05s1,short,1000-1500,,117,27,-0.0379,-0.0831,0.067,0.658,-1.47,-0.1173,,0.44,-0.0458,0.0079,0.0001,-0.53,31,11,0.1302,0.0968,0.11,0.742,2.18,0.0457,0.59,0.82,-0.0264,0.1566,0.1303,2.21,False,,,,late,,,,,,,,1.5,0.5,
D4,D4-overreact-r1.5-q0.5-late-short-t1s05,D4-overreact-r1.5-q0.5-late-short,t1s05,short,1000-1500,,117,27,-0.078,-0.1403,0.0664,0.299,-1.84,-0.1813,,0.26,-0.0346,-0.0433,-0.0679,-0.83,31,11,0.1875,0.1497,0.1318,0.452,1.61,0.1259,0.24,0.82,-0.0229,0.2104,0.1937,1.67,False,,,,late,,,,,,,,1.5,0.5,
D4,D4-overreact-r2.0-q0.3-mid-long-t1s1,D4-overreact-r2.0-q0.3-mid-long,t1s1,long,1000-1300,,11,7,0.0541,0.0063,0.3282,0.545,0.11,-0.0901,13.96,0.43,-0.0645,0.1186,0.1386,0.32,3,3,0.2952,0.2373,0.6758,0.667,0.35,-0.1104,1.31,0.67,-0.0927,0.3879,0.2877,0.45,False,,,,mid,,,,,,,,2.0,0.3,
D4,D4-overreact-r2.0-q0.3-mid-long-t05s1,D4-overreact-r2.0-q0.3-mid-long,t05s1,long,1000-1300,,11,7,-0.2186,-0.2664,0.25,0.545,-0.85,-0.3401,,0.43,-0.0655,-0.1531,-0.1389,-0.53,3,3,-0.0381,-0.0961,0.5092,0.667,-0.19,-0.3604,,0.67,-0.0746,0.0365,-0.018,-0.04,False,,,,mid,,,,,,,,2.0,0.3,
D4,D4-overreact-r2.0-q0.3-mid-long-t1s05,D4-overreact-r2.0-q0.3-mid-long,t1s05,long,1000-1300,,11,7,0.145,0.0957,0.2478,0.455,0.67,0.0081,0.92,0.57,-0.052,0.197,0.2107,1.01,3,3,0.4619,0.4039,0.5092,0.667,0.79,0.1396,0.77,0.67,-0.0703,0.5322,0.4848,1.06,False,,,,mid,,,,,,,,2.0,0.3,
D4,D4-overreact-r2.0-q0.3-mid-short-t1s1,D4-overreact-r2.0-q0.3-mid-short,t1s1,short,1000-1300,,12,9,-0.3745,-0.4237,0.2883,0.333,-2.37,-0.5447,,0.22,-0.0279,-0.3465,-0.2656,-1.61,1,1,0.9771,0.9367,,1.0,,,1.0,1.0,-0.0155,0.9926,1.1163,,False,,,,mid,,,,,,,,2.0,0.3,
D4,D4-overreact-r2.0-q0.3-mid-short-t05s1,D4-overreact-r2.0-q0.3-mid-short,t05s1,short,1000-1300,,12,9,-0.0411,-0.0803,0.2201,0.667,-0.92,-0.2473,,0.56,-0.0405,-0.0006,0.0296,-0.57,1,1,0.4771,0.4367,,1.0,,,1.0,1.0,-0.0381,0.5152,0.555,,False,,,,mid,,,,,,,,2.0,0.3,
D4,D4-overreact-r2.0-q0.3-mid-short-t1s05,D4-overreact-r2.0-q0.3-mid-short,t1s05,short,1000-1300,,12,9,-0.1661,-0.2221,0.2019,0.25,-2.98,-0.4306,,0.22,-0.027,-0.1391,-0.0904,-1.9,1,1,0.9771,0.9367,,1.0,,,1.0,1.0,-0.0339,1.0111,1.0842,,False,,,,mid,,,,,,,,2.0,0.3,
D4,D4-overreact-r2.0-q0.3-late-long-t1s1,D4-overreact-r2.0-q0.3-late-long,t1s1,long,1000-1500,,16,11,0.1996,0.1576,0.2555,0.562,0.68,0.1034,0.39,0.64,-0.0556,0.2552,0.283,1.07,3,3,0.2952,0.2373,0.6758,0.667,0.35,-0.1104,1.31,0.67,-0.1046,0.3998,0.2877,0.45,False,,,,late,,,,,,,,2.0,0.3,
D4,D4-overreact-r2.0-q0.3-late-long-t05s1,D4-overreact-r2.0-q0.3-late-long,t05s1,long,1000-1500,,16,11,-0.092,-0.134,0.1968,0.625,-0.45,-0.1755,,0.55,-0.0578,-0.0343,-0.0062,0.08,3,3,-0.0381,-0.0961,0.5092,0.667,-0.19,-0.3604,,0.67,-0.0854,0.0473,-0.018,-0.04,False,,,,late,,,,,,,,2.0,0.3,
D4,D4-overreact-r2.0-q0.3-late-long-t1s05,D4-overreact-r2.0-q0.3-late-long,t1s05,long,1000-1500,,16,11,0.0121,-0.0343,0.1886,0.312,0.06,-0.1013,,0.36,-0.0467,0.0588,0.0735,0.45,3,3,0.4619,0.4039,0.5092,0.667,0.79,0.1396,0.77,0.67,-0.0818,0.5437,0.4848,1.06,False,,,,late,,,,,,,,2.0,0.3,
D4,D4-overreact-r2.0-q0.3-late-short-t1s1,D4-overreact-r2.0-q0.3-late-short,t1s1,short,1000-1500,,14,11,-0.3247,-0.3729,0.2694,0.357,-1.99,-0.4736,,0.27,-0.0368,-0.2879,-0.2367,-1.45,2,2,0.9765,0.9485,0.0118,1.0,,0.9367,0.51,1.0,-0.0035,0.98,1.0147,,False,,,,late,,,,,,,,2.0,0.3,
D4,D4-overreact-r2.0-q0.3-late-short-t05s1,D4-overreact-r2.0-q0.3-late-short,t05s1,short,1000-1500,,14,11,-0.0747,-0.1142,0.2048,0.643,-1.09,-0.2602,,0.55,-0.0458,-0.029,-0.0197,-0.75,2,2,0.4765,0.4485,0.0118,1.0,,0.4367,0.51,1.0,-0.0264,0.5029,0.4521,,False,,,,late,,,,,,,,2.0,0.3,
D4,D4-overreact-r2.0-q0.3-late-short-t1s05,D4-overreact-r2.0-q0.3-late-short,t1s05,short,1000-1500,,14,11,-0.1104,-0.1644,0.1932,0.286,-1.81,-0.3192,,0.27,-0.0346,-0.0758,-0.0488,-1.19,2,2,0.9765,0.9485,0.0118,1.0,,0.9367,0.51,1.0,-0.0229,0.9994,1.0096,,False,,,,late,,,,,,,,2.0,0.3,
D4,D4-overreact-r2.0-q0.5-mid-long-t1s1,D4-overreact-r2.0-q0.5-mid-long,t1s1,long,1000-1300,,32,13,-0.2926,-0.3466,0.1785,0.375,-1.35,-0.4328,,0.23,-0.0645,-0.228,-0.1772,-0.96,7,5,0.3698,0.3236,0.367,0.714,2.39,0.2221,0.41,0.8,-0.0927,0.4624,0.5055,3.4,False,,,,mid,,,,,,,,2.0,0.5,
D4,D4-overreact-r2.0-q0.5-mid-long-t05s1,D4-overreact-r2.0-q0.5-mid-long,t05s1,long,1000-1300,,32,13,-0.1988,-0.2433,0.1383,0.562,-0.78,-0.2893,,0.46,-0.0655,-0.1333,-0.0922,0.0,7,5,0.2269,0.1843,0.2188,0.857,2.99,0.143,0.34,0.8,-0.0746,0.3015,0.3456,5.51,False,,,,mid,,,,,,,,2.0,0.5,
D4,D4-overreact-r2.0-q0.5-mid-long-t1s05,D4-overreact-r2.0-q0.5-mid-long,t1s05,long,1000-1300,,32,13,-0.2144,-0.2782,0.1176,0.219,-2.18,-0.3185,,0.23,-0.052,-0.1624,-0.1133,-1.38,7,5,0.5126,0.4665,0.2752,0.714,3.55,0.3888,0.29,0.8,-0.0703,0.5829,0.6165,4.92,False,,,,mid,,,,,,,,2.0,0.5,
D4,D4-overreact-r2.0-q0.5-mid-short-t1s1,D4-overreact-r2.0-q0.5-mid-short,t1s1,short,1000-1300,,29,16,-0.0883,-0.1362,0.191,0.483,-1.19,-0.2089,,0.38,-0.0279,-0.0604,-0.0473,-0.7,4,3,-0.0173,-0.0552,0.5716,0.5,-0.1,-0.3846,,0.33,-0.0155,-0.0018,-0.0109,-0.09,False,,,,mid,,,,,,,,2.0,0.5,
D4,D4-overreact-r2.0-q0.5-mid-short-t05s1,D4-overreact-r2.0-q0.5-mid-short,t05s1,short,1000-1300,,29,16,0.0324,-0.0098,0.1324,0.724,-0.34,-0.0779,,0.62,-0.0405,0.0729,0.0869,0.25,4,3,-0.2673,-0.3052,0.4273,0.5,-0.72,-0.5513,,0.33,-0.0381,-0.2292,-0.2761,-0.81,False,,,,mid,,,,,,,,2.0,0.5,
D4,D4-overreact-r2.0-q0.5-mid-short-t1s05,D4-overreact-r2.0-q0.5-mid-short,t1s05,short,1000-1300,,29,16,-0.0366,-0.0934,0.1379,0.345,-2.38,-0.1928,,0.25,-0.027,-0.0096,-0.0072,-1.59,4,3,0.2327,0.1948,0.4273,0.5,0.46,-0.0513,1.2,0.67,-0.0339,0.2667,0.2725,0.7,False,,,,mid,,,,,,,,2.0,0.5,
D4,D4-overreact-r2.0-q0.5-late-long-t1s1,D4-overreact-r2.0-q0.5-late-long,t1s1,long,1000-1500,,41,17,-0.1184,-0.1673,0.1607,0.439,-0.46,-0.2253,,0.41,-0.0556,-0.0628,-0.0238,0.13,9,6,0.2803,0.2395,0.3002,0.556,2.68,0.1529,0.43,0.83,-0.1046,0.3849,0.4267,3.74,False,,,,late,,,,,,,,2.0,0.5,
D4,D4-overreact-r2.0-q0.5-late-long-t05s1,D4-overreact-r2.0-q0.5-late-long,t05s1,long,1000-1500,,41,17,-0.1225,-0.164,0.1196,0.61,-0.35,-0.1962,,0.53,-0.0578,-0.0647,-0.0298,0.53,9,6,0.1616,0.1237,0.1924,0.778,2.78,0.085,0.39,0.83,-0.0854,0.2471,0.292,4.04,False,,,,late,,,,,,,,2.0,0.5,
D4,D4-overreact-r2.0-q0.5-late-long-t1s05,D4-overreact-r2.0-q0.5-late-long,t1s05,long,1000-1500,,41,17,-0.1794,-0.2373,0.1046,0.22,-2.16,-0.2675,,0.24,-0.0467,-0.1327,-0.0962,-1.26,9,6,0.3931,0.3432,0.2457,0.556,3.42,0.2696,0.3,0.83,-0.0818,0.4749,0.51,4.81,False,,,,late,,,,,,,,2.0,0.5,
D4,D4-overreact-r2.0-q0.5-late-short-t1s1,D4-overreact-r2.0-q0.5-late-short,t1s1,short,1000-1500,,34,16,-0.1336,-0.18,0.1722,0.441,-1.39,-0.261,,0.38,-0.0368,-0.0968,-0.0847,-0.83,7,4,0.0581,0.0247,0.3813,0.429,-0.52,-0.3441,10.93,0.5,-0.0035,0.0616,0.0531,-0.51,False,,,,late,,,,,,,,2.0,0.5,
D4,D4-overreact-r2.0-q0.5-late-short-t05s1,D4-overreact-r2.0-q0.5-late-short,t05s1,short,1000-1500,,34,16,0.0094,-0.0319,0.1233,0.706,-0.67,-0.0916,,0.56,-0.0458,0.0551,0.0665,-0.02,7,4,0.0515,0.0186,0.2748,0.714,-0.13,-0.1526,6.85,0.5,-0.0264,0.0779,0.0339,-0.08,False,,,,late,,,,,,,,2.0,0.5,
D4,D4-overreact-r2.0-q0.5-late-short-t1s05,D4-overreact-r2.0-q0.5-late-short,t1s05,short,1000-1500,,34,16,-0.0454,-0.0994,0.1237,0.324,-2.9,-0.183,,0.25,-0.0346,-0.0107,-0.008,-1.9,7,4,0.123,0.0835,0.3043,0.429,-0.14,-0.2618,3.24,0.25,-0.0229,0.1458,0.1472,0.02,False,,,,late,,,,,,,,2.0,0.5,
D5,D5-vwappb-x1.0-any-long-t1s1,D5-vwappb-x1.0-any-long,t1s1,long,1000-1400,,4609,30,-0.0612,-0.0927,0.013,0.336,-1.62,-0.1196,,0.4,-0.0567,-0.0045,0.0193,1.21,1901,14,-0.0392,-0.0733,0.0204,0.358,-1.26,-0.1014,,0.36,-0.1017,0.0626,0.0466,1.93,False,,1.0,,,,,,,,,,,,any
D5,D5-vwappb-x1.0-any-long-t05s1,D5-vwappb-x1.0-any-long,t05s1,long,1000-1400,,4609,30,-0.0641,-0.0929,0.0102,0.581,-2.87,-0.1101,,0.33,-0.059,-0.0051,0.0139,0.83,1901,14,-0.0435,-0.0748,0.0158,0.599,-3.03,-0.0897,,0.21,-0.081,0.0375,0.0258,1.37,False,,1.0,,,,,,,,,,,,any
D5,D5-vwappb-x1.0-any-long-t1s05,D5-vwappb-x1.0-any-long,t1s05,long,1000-1400,,4609,30,-0.0525,-0.093,0.01,0.26,-2.79,-0.1086,,0.3,-0.0464,-0.006,0.0076,0.77,1901,14,-0.0216,-0.0659,0.0161,0.291,-1.95,-0.0895,,0.29,-0.0772,0.0557,0.0431,2.04,False,,1.0,,,,,,,,,,,,any
D5,D5-vwappb-x1.0-any-short-t1s1,D5-vwappb-x1.0-any-short,t1s1,short,1000-1400,,4994,30,-0.0505,-0.0804,0.0123,0.319,-1.27,-0.0986,,0.47,-0.0358,-0.0147,0.0036,0.06,1912,14,-0.0394,-0.0736,0.0203,0.342,-1.39,-0.1049,,0.5,-0.0064,-0.033,-0.0183,-0.7,False,,1.0,,,,,,,,,,,,any
D5,D5-vwappb-x1.0-any-short-t05s1,D5-vwappb-x1.0-any-short,t05s1,short,1000-1400,,4994,30,-0.0569,-0.0842,0.0097,0.577,-2.38,-0.0957,,0.43,-0.0461,-0.0108,0.0066,0.19,1912,14,-0.0621,-0.0939,0.0159,0.581,-2.67,-0.1103,,0.29,-0.031,-0.0312,-0.0161,-0.61,False,,1.0,,,,,,,,,,,,any
D5,D5-vwappb-x1.0-any-short-t1s05,D5-vwappb-x1.0-any-short,t1s05,short,1000-1400,,4994,30,-0.0435,-0.082,0.0096,0.253,-2.23,-0.0951,,0.4,-0.0334,-0.01,0.002,0.01,1912,14,-0.0366,-0.0802,0.0157,0.267,-2.42,-0.1016,,0.29,-0.0274,-0.0092,-0.0016,-0.23,False,,1.0,,,,,,,,,,,,any
D5,D5-vwappb-x1.0-lt1-long-t1s1,D5-vwappb-x1.0-lt1-long,t1s1,long,1000-1400,,4259,30,-0.0645,-0.0962,0.0135,0.333,-1.54,-0.1226,,0.4,-0.0567,-0.0078,0.0191,1.28,1777,14,-0.0434,-0.0773,0.0211,0.355,-1.12,-0.106,,0.43,-0.1017,0.0584,0.0407,1.84,False,,1.0,,,,,,,,,,,,lt1
D5,D5-vwappb-x1.0-lt1-long-t05s1,D5-vwappb-x1.0-lt1-long,t05s1,long,1000-1400,,4259,30,-0.0667,-0.0957,0.0106,0.578,-2.78,-0.1126,,0.33,-0.059,-0.0076,0.0137,0.92,1777,14,-0.044,-0.0749,0.0162,0.596,-2.41,-0.0908,,0.21,-0.081,0.037,0.0241,1.42,False,,1.0,,,,,,,,,,,,lt1
D5,D5-vwappb-x1.0-lt1-long-t1s05,D5-vwappb-x1.0-lt1-long,t1s05,long,1000-1400,,4259,30,-0.0501,-0.0904,0.0104,0.26,-2.43,-0.1063,,0.3,-0.0464,-0.0036,0.013,1.13,1777,14,-0.0296,-0.0737,0.0165,0.285,-1.96,-0.0964,,0.21,-0.0772,0.0477,0.0348,1.88,False,,1.0,,,,,,,,,,,,lt1
D5,D5-vwappb-x1.0-lt1-short-t1s1,D5-vwappb-x1.0-lt1-short,t1s1,short,1000-1400,,4575,30,-0.0496,-0.0791,0.0128,0.316,-1.23,-0.0968,,0.5,-0.0358,-0.0138,0.0041,0.07,1749,14,-0.0361,-0.0693,0.0211,0.339,-1.21,-0.1073,,0.36,-0.0064,-0.0298,-0.0129,-0.57,False,,1.0,,,,,,,,,,,,lt1
D5,D5-vwappb-x1.0-lt1-short-t05s1,D5-vwappb-x1.0-lt1-short,t05s1,short,1000-1400,,4575,30,-0.0585,-0.0858,0.0102,0.572,-2.27,-0.0957,,0.47,-0.0461,-0.0124,0.0047,0.15,1749,14,-0.0641,-0.0948,0.0165,0.574,-2.61,-0.115,,0.29,-0.031,-0.0331,-0.0153,-0.66,False,,1.0,,,,,,,,,,,,lt1
D5,D5-vwappb-x1.0-lt1-short-t1s05,D5-vwappb-x1.0-lt1-short,t1s05,short,1000-1400,,4575,30,-0.0433,-0.0815,0.01,0.251,-2.12,-0.096,,0.43,-0.0334,-0.0099,0.0016,-0.01,1749,14,-0.0351,-0.0777,0.0163,0.265,-2.34,-0.0956,,0.21,-0.0274,-0.0077,0.0023,-0.14,False,,1.0,,,,,,,,,,,,lt1
D5,D5-vwappb-x2.0-any-long-t1s1,D5-vwappb-x2.0-any-long,t1s1,long,1000-1400,,914,30,-0.0473,-0.0718,0.0287,0.336,-1.58,-0.1276,,0.37,-0.0567,0.0093,0.0166,0.17,339,14,-0.15,-0.1819,0.0484,0.316,-1.36,-0.2138,,0.36,-0.1017,-0.0482,-0.0268,-0.07,False,,2.0,,,,,,,,,,,,any
D5,D5-vwappb-x2.0-any-long-t05s1,D5-vwappb-x2.0-any-long,t05s1,long,1000-1400,,914,30,-0.0555,-0.0773,0.0223,0.571,-2.04,-0.111,,0.33,-0.059,0.0035,0.0109,-0.12,339,14,-0.0496,-0.0758,0.0376,0.599,-0.84,-0.0927,,0.5,-0.081,0.0314,0.0406,0.89,False,,2.0,,,,,,,,,,,,any
D5,D5-vwappb-x2.0-any-long-t1s05,D5-vwappb-x2.0-any-long,t1s05,long,1000-1400,,914,30,-0.0418,-0.0755,0.0222,0.257,-2.49,-0.1167,,0.3,-0.0464,0.0046,0.0105,-0.18,339,14,-0.0976,-0.1391,0.0363,0.242,-1.51,-0.172,,0.36,-0.0772,-0.0204,-0.0102,-0.13,False,,2.0,,,,,,,,,,,,any
D5,D5-vwappb-x2.0-any-short-t1s1,D5-vwappb-x2.0-any-short,t1s1,short,1000-1400,,1275,30,-0.0129,-0.0338,0.0235,0.312,-0.33,-0.0907,,0.47,-0.0358,0.0229,0.0346,0.76,261,14,0.0572,0.0276,0.0554,0.395,-0.14,-0.0392,2.2,0.57,-0.0064,0.0635,0.0495,-0.03,False,,2.0,,,,,,,,,,,,any
D5,D5-vwappb-x2.0-any-short-t05s1,D5-vwappb-x2.0-any-short,t05s1,short,1000-1400,,1275,30,-0.0215,-0.0403,0.0183,0.576,-1.36,-0.0698,,0.47,-0.0461,0.0246,0.0339,0.43,261,14,0.0108,-0.0164,0.0417,0.621,-0.35,-0.0406,,0.57,-0.031,0.0417,0.0398,0.61,False,,2.0,,,,,,,,,,,,any
D5,D5-vwappb-x2.0-any-short-t1s05,D5-vwappb-x2.0-any-short,t1s05,short,1000-1400,,1275,30,-0.034,-0.0637,0.0186,0.244,-1.18,-0.093,,0.4,-0.0334,-0.0006,0.0082,0.54,261,14,-0.0256,-0.0648,0.0421,0.264,-1.05,-0.1,,0.43,-0.0274,0.0018,-0.0095,-0.38,False,,2.0,,,,,,,,,,,,any
D5,D5-vwappb-x2.0-lt1-long-t1s1,D5-vwappb-x2.0-lt1-long,t1s1,long,1000-1400,,823,30,-0.0753,-0.1008,0.03,0.317,-2.02,-0.1551,,0.33,-0.0567,-0.0187,-0.0105,-0.3,308,14,-0.1479,-0.1791,0.0509,0.318,-1.13,-0.2109,,0.36,-0.1017,-0.0462,-0.0283,0.12,False,,2.0,,,,,,,,,,,,lt1
D5,D5-vwappb-x2.0-lt1-long-t05s1,D5-vwappb-x2.0-lt1-long,t05s1,long,1000-1400,,823,30,-0.0795,-0.1024,0.0237,0.552,-2.62,-0.1356,,0.2,-0.059,-0.0204,-0.0108,-0.68,308,14,-0.0373,-0.0614,0.0387,0.607,-0.42,-0.0907,,0.5,-0.081,0.0437,0.0547,1.98,False,,2.0,,,,,,,,,,,,lt1
D5,D5-vwappb-x2.0-lt1-long-t1s05,D5-vwappb-x2.0-lt1-long,t1s05,long,1000-1400,,823,30,-0.0525,-0.0867,0.0232,0.248,-2.71,-0.126,,0.23,-0.0464,-0.0061,0.0019,-0.44,308,14,-0.101,-0.1417,0.038,0.24,-1.46,-0.1752,,0.36,-0.0772,-0.0238,-0.0153,-0.14,False,,2.0,,,,,,,,,,,,lt1
D5,D5-vwappb-x2.0-lt1-short-t1s1,D5-vwappb-x2.0-lt1-short,t1s1,short,1000-1400,,1120,30,-0.0062,-0.0266,0.0249,0.315,-0.19,-0.084,,0.5,-0.0358,0.0296,0.0376,0.95,221,14,0.1231,0.0978,0.0583,0.412,0.92,0.0227,0.8,0.64,-0.0064,0.1294,0.1287,1.38,False,,2.0,,,,,,,,,,,,lt1
D5,D5-vwappb-x2.0-lt1-short-t05s1,D5-vwappb-x2.0-lt1-short,t05s1,short,1000-1400,,1120,30,-0.0292,-0.0479,0.0195,0.564,-1.06,-0.0772,,0.47,-0.0461,0.0169,0.0237,0.69,221,14,0.0218,-0.0015,0.0437,0.606,-0.1,-0.0316,,0.5,-0.031,0.0527,0.0597,1.09,False,,2.0,,,,,,,,,,,,lt1
D5,D5-vwappb-x2.0-lt1-short-t1s05,D5-vwappb-x2.0-lt1-short,t1s05,short,1000-1400,,1120,30,-0.0275,-0.0568,0.0199,0.249,-1.26,-0.0861,,0.33,-0.0334,0.0059,0.0118,0.57,221,14,0.0311,-0.0046,0.0462,0.29,-0.35,-0.0429,,0.5,-0.0274,0.0585,0.0562,0.36,False,,2.0,,,,,,,,,,,,lt1
D5,D5-vwappb-x3.0-any-long-t1s1,D5-vwappb-x3.0-any-long,t1s1,long,1000-1400,,262,30,-0.0539,-0.0792,0.0531,0.324,-1.69,-0.1254,,0.43,-0.0567,0.0028,0.0088,-0.85,86,14,-0.2317,-0.2589,0.0953,0.291,-0.73,-0.303,,0.36,-0.1017,-0.13,-0.1262,0.26,False,,3.0,,,,,,,,,,,,any
D5,D5-vwappb-x3.0-any-long-t05s1,D5-vwappb-x3.0-any-long,t05s1,long,1000-1400,,262,30,-0.0145,-0.0355,0.0413,0.607,-1.78,-0.0605,,0.47,-0.059,0.0445,0.0521,-0.58,86,14,-0.0733,-0.0933,0.0737,0.57,0.11,-0.1209,,0.57,-0.081,0.0077,0.0006,1.23,False,,3.0,,,,,,,,,,,,any
D5,D5-vwappb-x3.0-any-long-t1s05,D5-vwappb-x3.0-any-long,t1s05,long,1000-1400,,262,30,-0.0906,-0.1268,0.0405,0.229,-2.3,-0.1695,,0.27,-0.0464,-0.0441,-0.0403,-1.36,86,14,-0.1411,-0.175,0.0684,0.221,-0.57,-0.215,,0.43,-0.0772,-0.0638,-0.062,0.42,False,,3.0,,,,,,,,,,,,any
D5,D5-vwappb-x3.0-any-short-t1s1,D5-vwappb-x3.0-any-short,t1s1,short,1000-1400,,440,29,0.0147,-0.0011,0.0389,0.302,0.12,-0.083,,0.48,-0.0358,0.0505,0.0562,0.53,53,14,0.0059,-0.0153,0.1204,0.358,-1.32,-0.0737,,0.5,-0.0064,0.0122,-0.0146,-1.16,False,,3.0,,,,,,,,,,,,any
D5,D5-vwappb-x3.0-any-short-t05s1,D5-vwappb-x3.0-any-short,t05s1,short,1000-1400,,440,29,0.0031,-0.0112,0.0306,0.591,-1.1,-0.0547,,0.45,-0.0461,0.0492,0.0514,-0.33,53,14,-0.0307,-0.05,0.089,0.528,-0.56,-0.0706,,0.5,-0.031,0.0002,-0.0151,-0.09,False,,3.0,,,,,,,,,,,,any
D5,D5-vwappb-x3.0-any-short-t1s05,D5-vwappb-x3.0-any-short,t1s05,short,1000-1400,,440,29,-0.0158,-0.0381,0.031,0.234,-0.05,-0.0895,,0.48,-0.0334,0.0176,0.0186,0.6,53,14,-0.0974,-0.1311,0.0911,0.245,-2.48,-0.2289,,0.29,-0.0274,-0.07,-0.0765,-1.72,False,,3.0,,,,,,,,,,,,any
D5,D5-vwappb-x3.0-lt1-long-t1s1,D5-vwappb-x3.0-lt1-long,t1s1,long,1000-1400,,231,30,-0.0997,-0.1257,0.0561,0.294,-2.02,-0.172,,0.4,-0.0567,-0.043,-0.0309,-1.26,78,14,-0.2496,-0.2759,0.0995,0.282,-1.17,-0.3236,,0.29,-0.1017,-0.1479,-0.1516,-0.32,False,,3.0,,,,,,,,,,,,lt1
D5,D5-vwappb-x3.0-lt1-long-t05s1,D5-vwappb-x3.0-lt1-long,t05s1,long,1000-1400,,231,30,-0.0393,-0.0609,0.0445,0.584,-2.12,-0.0859,,0.37,-0.059,0.0198,0.033,-1.01,78,14,-0.0762,-0.0956,0.0775,0.564,0.07,-0.1449,,0.57,-0.081,0.0048,-0.0052,1.25,False,,3.0,,,,,,,,,,,,lt1
D5,D5-vwappb-x3.0-lt1-long-t1s05,D5-vwappb-x3.0-lt1-long,t1s05,long,1000-1400,,231,30,-0.0998,-0.1354,0.0424,0.212,-2.36,-0.1768,,0.3,-0.0464,-0.0534,-0.0437,-1.49,78,14,-0.1592,-0.1922,0.07,0.205,-1.08,-0.2354,,0.29,-0.0772,-0.0819,-0.0861,-0.09,False,,3.0,,,,,,,,,,,,lt1
D5,D5-vwappb-x3.0-lt1-short-t1s1,D5-vwappb-x3.0-lt1-short,t1s1,short,1000-1400,,377,29,0.0174,0.0022,0.0417,0.302,0.48,-0.085,35.84,0.48,-0.0358,0.0532,0.0511,0.87,47,13,-0.0013,-0.0196,0.1223,0.319,-0.9,-0.0617,,0.54,-0.0064,0.005,-0.013,-0.82,False,,3.0,,,,,,,,,,,,lt1
D5,D5-vwappb-x3.0-lt1-short-t05s1,D5-vwappb-x3.0-lt1-short,t05s1,short,1000-1400,,377,29,0.0011,-0.0131,0.0328,0.584,-0.77,-0.057,,0.41,-0.0461,0.0472,0.0424,-0.06,47,13,-0.0625,-0.0802,0.0937,0.489,-0.93,-0.1049,,0.38,-0.031,-0.0315,-0.0408,-0.5,False,,3.0,,,,,,,,,,,,lt1
D5,D5-vwappb-x3.0-lt1-short-t1s05,D5-vwappb-x3.0-lt1-short,t1s05,short,1000-1400,,377,29,-0.0154,-0.0367,0.0334,0.236,0.44,-0.0881,,0.41,-0.0334,0.018,0.0126,0.96,47,13,-0.1166,-0.1488,0.0926,0.213,-2.37,-0.2343,,0.23,-0.0274,-0.0892,-0.0936,-1.66,False,,3.0,,,,,,,,,,,,lt1
D6,D6-eodrev-fo2.0-long-t1s1,D6-eodrev-fo2.0-long,t1s1,long,1430-1500,,5555,30,-0.0159,-0.0393,0.0091,0.185,-1.28,-0.0789,,0.27,-0.0486,0.0327,0.0388,0.55,2262,14,-0.0262,-0.0536,0.0141,0.171,-0.55,-0.0716,,0.5,-0.0901,0.0638,0.1043,3.5,False,,,,,,,,,,,2.0,,,
D6,D6-eodrev-fo2.0-long-t05s1,D6-eodrev-fo2.0-long,t05s1,long,1430-1500,,5555,30,-0.0403,-0.063,0.0075,0.426,-2.28,-0.0868,,0.23,-0.0499,0.0096,0.0268,0.55,2262,14,-0.0381,-0.0645,0.0119,0.447,-1.16,-0.0755,,0.36,-0.0799,0.0418,0.0797,3.74,False,,,,,,,,,,,2.0,,,
D6,D6-eodrev-fo2.0-long-t1s05,D6-eodrev-fo2.0-long,t1s05,long,1430-1500,,5555,30,-0.0183,-0.0513,0.0079,0.166,-1.6,-0.0878,,0.23,-0.0429,0.0246,0.0334,0.66,2262,14,-0.0361,-0.0751,0.0122,0.151,-1.31,-0.0905,,0.36,-0.0751,0.039,0.078,3.78,False,,,,,,,,,,,2.0,,,
D6,D6-eodrev-fo2.0-short-t1s1,D6-eodrev-fo2.0-short,t1s1,short,1430-1500,,5816,30,-0.036,-0.0624,0.0091,0.179,-1.3,-0.0793,,0.4,-0.0435,0.0074,0.0115,0.37,2045,14,0.0253,-0.0018,0.0154,0.193,-0.1,-0.0298,,0.5,-0.0178,0.0432,0.0081,0.34,False,,,,,,,,,,,2.0,,,
D6,D6-eodrev-fo2.0-short-t05s1,D6-eodrev-fo2.0-short,t05s1,short,1430-1500,,5816,30,-0.0427,-0.0683,0.0077,0.448,-1.93,-0.079,,0.37,-0.0493,0.0066,0.0065,0.19,2045,14,0.004,-0.0225,0.0128,0.493,-0.66,-0.0425,,0.43,-0.0329,0.0369,0.0093,0.22,False,,,,,,,,,,,2.0,,,
D6,D6-eodrev-fo2.0-short-t1s05,D6-eodrev-fo2.0-short,t1s05,short,1430-1500,,5816,30,-0.0289,-0.0654,0.0077,0.155,-1.62,-0.0764,,0.37,-0.0422,0.0133,0.0112,0.6,2045,14,0.0116,-0.0277,0.0135,0.176,-0.72,-0.0493,,0.29,-0.0282,0.0398,0.0082,0.45,False,,,,,,,,,,,2.0,,,
D6,D6-eodrev-fo3.0-long-t1s1,D6-eodrev-fo3.0-long,t1s1,long,1430-1500,,3012,30,0.041,0.0213,0.0124,0.215,-0.24,-0.0259,2.14,0.4,-0.0486,0.0897,0.0917,1.48,1177,14,-0.0007,-0.0244,0.0197,0.187,0.14,-0.0442,,0.5,-0.0901,0.0894,0.1318,3.52,False,,,,,,,,,,,3.0,,,
D6,D6-eodrev-fo3.0-long-t05s1,D6-eodrev-fo3.0-long,t05s1,long,1430-1500,,3012,30,-0.0003,-0.0193,0.0099,0.457,-1.11,-0.0474,,0.37,-0.0499,0.0496,0.0643,1.41,1177,14,-0.0165,-0.0394,0.0165,0.477,-0.52,-0.0532,,0.5,-0.0799,0.0634,0.1022,3.67,False,,,,,,,,,,,3.0,,,
D6,D6-eodrev-fo3.0-long-t1s05,D6-eodrev-fo3.0-long,t1s05,long,1430-1500,,3012,30,0.0233,-0.0054,0.011,0.192,-0.73,-0.0491,,0.33,-0.0429,0.0662,0.0706,1.31,1177,14,-0.0175,-0.0511,0.0169,0.161,-0.64,-0.0641,,0.36,-0.0751,0.0576,0.0963,3.83,False,,,,,,,,,,,3.0,,,
D6,D6-eodrev-fo3.0-short-t1s1,D6-eodrev-fo3.0-short,t1s1,short,1430-1500,,3283,30,-0.0199,-0.0439,0.0123,0.192,-0.62,-0.0589,,0.43,-0.0435,0.0235,0.0322,1.2,1146,14,-0.0019,-0.0285,0.0213,0.201,-0.62,-0.0691,,0.36,-0.0178,0.0159,-0.0223,-0.58,False,,,,,,,,,,,3.0,,,
D6,D6-eodrev-fo3.0-short-t05s1,D6-eodrev-fo3.0-short,t05s1,short,1430-1500,,3283,30,-0.0258,-0.0487,0.0102,0.464,-1.18,-0.0612,,0.47,-0.0493,0.0234,0.0267,1.16,1146,14,-0.0163,-0.042,0.0177,0.495,-1.04,-0.0732,,0.43,-0.0329,0.0166,-0.0117,-0.57,False,,,,,,,,,,,3.0,,,
D6,D6-eodrev-fo3.0-short-t1s05,D6-eodrev-fo3.0-short,t1s05,short,1430-1500,,3283,30,-0.0162,-0.0499,0.0103,0.165,-0.95,-0.0601,,0.37,-0.0422,0.026,0.0283,1.35,1146,14,-0.0038,-0.0425,0.0183,0.181,-0.9,-0.0745,,0.43,-0.0282,0.0244,-0.0093,-0.17,False,,,,,,,,,,,3.0,,,
D6,D6-eodrev-fo5.0-long-t1s1,D6-eodrev-fo5.0-long,t1s1,long,1430-1500,,1129,30,0.0829,0.0672,0.0202,0.237,0.37,0.0127,0.82,0.43,-0.0486,0.1315,0.1241,1.75,357,14,0.0636,0.0429,0.0377,0.261,0.48,0.0006,0.99,0.57,-0.0901,0.1536,0.1785,2.37,False,,,,,,,,,,,5.0,,,
D6,D6-eodrev-fo5.0-long-t05s1,D6-eodrev-fo5.0-long,t05s1,long,1430-1500,,1129,30,0.0295,0.0143,0.0161,0.475,-0.51,-0.0185,2.2,0.4,-0.0499,0.0794,0.0885,1.33,357,14,0.0251,0.0055,0.0302,0.535,0.06,-0.0347,5.51,0.5,-0.0799,0.1049,0.1253,2.58,False,,,,,,,,,,,5.0,,,
D6,D6-eodrev-fo5.0-long-t1s05,D6-eodrev-fo5.0-long,t1s05,long,1430-1500,,1129,30,0.0648,0.0414,0.0181,0.215,0.08,-0.013,1.29,0.47,-0.0429,0.1077,0.1033,1.85,357,14,0.0648,0.0365,0.0326,0.235,0.41,0.0,1.0,0.5,-0.0751,0.1399,0.1663,3.14,False,,,,,,,,,,,5.0,,,
D6,D6-eodrev-fo5.0-short-t1s1,D6-eodrev-fo5.0-short,t1s1,short,1430-1500,,1249,30,-0.0,-0.0222,0.02,0.195,0.17,-0.037,,0.43,-0.0435,0.0434,0.0562,1.63,427,14,-0.0221,-0.0473,0.036,0.218,-1.0,-0.1015,,0.43,-0.0178,-0.0043,-0.0533,-1.1,False,,,,,,,,,,,5.0,,,
D6,D6-eodrev-fo5.0-short-t05s1,D6-eodrev-fo5.0-short,t05s1,short,1430-1500,,1249,30,0.0092,-0.0115,0.0164,0.491,0.28,-0.0235,,0.5,-0.0493,0.0585,0.0645,2.51,427,14,-0.0245,-0.0481,0.0295,0.504,-1.12,-0.0909,,0.29,-0.0329,0.0084,-0.0257,-0.79,False,,,,,,,,,,,5.0,,,
D6,D6-eodrev-fo5.0-short-t1s05,D6-eodrev-fo5.0-short,t1s05,short,1430-1500,,1249,30,-0.0002,-0.0317,0.0168,0.168,-0.06,-0.046,,0.4,-0.0422,0.042,0.0505,1.68,427,14,-0.0269,-0.0651,0.0305,0.194,-1.13,-0.0979,,0.5,-0.0282,0.0013,-0.0414,-0.4,False,,,,,,,,,,,5.0,,,
D7,D7-ibext-x0.5-long-t1s1,D7-ibext-x0.5-long,t1s1,long,1035-1200,,4419,30,-0.0449,-0.0941,0.0135,0.351,-2.41,-0.138,,0.3,-0.0539,0.0089,0.0061,0.39,1551,14,-0.0807,-0.1371,0.0236,0.382,-2.63,-0.1913,,0.29,-0.0856,0.0048,-0.0404,-1.03,False,,0.5,,,,,,,,,,,,
D7,D7-ibext-x0.5-long-t05s1,D7-ibext-x0.5-long,t05s1,long,1035-1200,,4419,30,-0.0476,-0.0924,0.0105,0.611,-3.53,-0.1186,,0.23,-0.0574,0.0097,0.003,0.27,1551,14,-0.0813,-0.13,0.0181,0.601,-3.34,-0.1701,,0.29,-0.0727,-0.0086,-0.0363,-1.11,False,,0.5,,,,,,,,,,,,
D7,D7-ibext-x0.5-long-t1s05,D7-ibext-x0.5-long,t1s05,long,1035-1200,,4419,30,-0.0208,-0.0835,0.0108,0.298,-3.47,-0.1231,,0.23,-0.0413,0.0205,0.0076,0.43,1551,14,-0.0443,-0.1133,0.0186,0.313,-2.94,-0.1556,,0.21,-0.0606,0.0162,-0.0169,-0.67,False,,0.5,,,,,,,,,,,,
D7,D7-ibext-x0.5-short-t1s1,D7-ibext-x0.5-short,t1s1,short,1035-1200,,4736,30,-0.0161,-0.0646,0.0129,0.355,-2.35,-0.089,,0.33,-0.0386,0.0224,-0.0202,-0.59,1785,14,-0.0372,-0.0939,0.0215,0.365,-1.58,-0.1501,,0.36,-0.0225,-0.0147,-0.0041,-0.71,False,,0.5,,,,,,,,,,,,
D7,D7-ibext-x0.5-short-t05s1,D7-ibext-x0.5-short,t05s1,short,1035-1200,,4736,30,-0.0242,-0.0685,0.01,0.623,-2.85,-0.0859,,0.3,-0.0511,0.0269,-0.0005,0.41,1785,14,-0.0315,-0.0828,0.0166,0.64,-2.02,-0.1151,,0.43,-0.0476,0.016,0.0165,0.08,False,,0.5,,,,,,,,,,,,
D7,D7-ibext-x0.5-short-t1s05,D7-ibext-x0.5-short,t1s05,short,1035-1200,,4736,30,-0.0222,-0.0839,0.0103,0.29,-3.26,-0.1036,,0.23,-0.035,0.0128,-0.011,-0.53,1785,14,-0.0385,-0.11,0.017,0.289,-2.57,-0.1564,,0.21,-0.0357,-0.0028,-0.0032,-1.15,False,,0.5,,,,,,,,,,,,
D7,D7-ibext-x0.75-long-t1s1,D7-ibext-x0.75-long,t1s1,long,1035-1200,,8064,30,-0.0358,-0.0834,0.0102,0.379,-2.51,-0.1273,,0.27,-0.0539,0.018,0.0147,0.68,3276,14,-0.1211,-0.1808,0.0166,0.379,-3.01,-0.2379,,0.21,-0.0856,-0.0356,-0.0636,-1.59,False,,0.75,,,,,,,,,,,,
D7,D7-ibext-x0.75-long-t05s1,D7-ibext-x0.75-long,t05s1,long,1035-1200,,8064,30,-0.0439,-0.0867,0.0078,0.626,-3.71,-0.1128,,0.27,-0.0574,0.0135,0.0096,0.36,3276,14,-0.1132,-0.1654,0.0128,0.591,-3.73,-0.1972,,0.21,-0.0727,-0.0405,-0.0566,-1.81,False,,0.75,,,,,,,,,,,,
D7,D7-ibext-x0.75-long-t1s05,D7-ibext-x0.75-long,t1s05,long,1035-1200,,8064,30,-0.0188,-0.0781,0.0081,0.31,-3.47,-0.1145,,0.23,-0.0413,0.0225,0.0101,0.7,3276,14,-0.0622,-0.1332,0.0128,0.307,-3.04,-0.1795,,0.21,-0.0606,-0.0016,-0.0214,-0.88,False,,0.75,,,,,,,,,,,,
D7,D7-ibext-x0.75-short-t1s1,D7-ibext-x0.75-short,t1s1,short,1035-1200,,8540,30,-0.035,-0.0821,0.0099,0.371,-2.27,-0.1085,,0.33,-0.0386,0.0036,-0.0235,-0.46,3758,14,-0.0612,-0.1186,0.0152,0.382,-2.23,-0.1636,,0.29,-0.0225,-0.0387,-0.0321,-1.69,False,,0.75,,,,,,,,,,,,
D7,D7-ibext-x0.75-short-t05s1,D7-ibext-x0.75-short,t05s1,short,1035-1200,,8540,30,-0.0337,-0.0762,0.0076,0.628,-2.88,-0.0935,,0.27,-0.0511,0.0174,-0.0032,0.04,3758,14,-0.0612,-0.1121,0.0117,0.63,-2.93,-0.1395,,0.29,-0.0476,-0.0136,-0.0105,-1.15,False,,0.75,,,,,,,,,,,,
D7,D7-ibext-x0.75-short-t1s05,D7-ibext-x0.75-short,t1s05,short,1035-1200,,8540,30,-0.0362,-0.0954,0.0077,0.293,-3.37,-0.1133,,0.3,-0.035,-0.0012,-0.0156,-0.52,3758,14,-0.0445,-0.1146,0.0118,0.301,-2.83,-0.1536,,0.29,-0.0357,-0.0088,-0.0119,-1.01,False,,0.75,,,,,,,,,,,,
D7,D7-ibext-x1.0-long-t1s1,D7-ibext-x1.0-long,t1s1,long,1035-1200,,9505,30,-0.0444,-0.0917,0.0095,0.381,-2.7,-0.1341,,0.3,-0.0539,0.0094,0.009,0.3,3915,14,-0.1253,-0.1852,0.0153,0.382,-3.12,-0.2373,,0.21,-0.0856,-0.0397,-0.0649,-1.7,False,,1.0,,,,,,,,,,,,
D7,D7-ibext-x1.0-long-t05s1,D7-ibext-x1.0-long,t05s1,long,1035-1200,,9505,30,-0.0484,-0.0906,0.0072,0.627,-3.83,-0.1156,,0.27,-0.0574,0.009,0.0083,0.09,3915,14,-0.1173,-0.17,0.0118,0.593,-4.02,-0.1989,,0.21,-0.0727,-0.0446,-0.0582,-2.07,False,,1.0,,,,,,,,,,,,
D7,D7-ibext-x1.0-long-t1s05,D7-ibext-x1.0-long,t1s05,long,1035-1200,,9505,30,-0.0223,-0.0808,0.0074,0.311,-3.55,-0.1152,,0.27,-0.0413,0.019,0.0093,0.53,3915,14,-0.067,-0.1378,0.0117,0.305,-3.23,-0.1794,,0.21,-0.0606,-0.0064,-0.0233,-0.98,False,,1.0,,,,,,,,,,,,
D7,D7-ibext-x1.0-short-t1s1,D7-ibext-x1.0-short,t1s1,short,1035-1200,,10016,30,-0.0411,-0.088,0.0092,0.379,-2.19,-0.1139,,0.37,-0.0386,-0.0026,-0.0231,-0.56,4666,14,-0.0686,-0.1261,0.0138,0.388,-2.16,-0.1776,,0.29,-0.0225,-0.046,-0.0334,-2.05,False,,1.0,,,,,,,,,,,,
D7,D7-ibext-x1.0-short-t05s1,D7-ibext-x1.0-short,t05s1,short,1035-1200,,10016,30,-0.0335,-0.0756,0.007,0.632,-2.84,-0.0927,,0.37,-0.0511,0.0176,-0.0016,-0.07,4666,14,-0.0685,-0.1196,0.0106,0.628,-2.77,-0.1511,,0.29,-0.0476,-0.0209,-0.0112,-1.23,False,,1.0,,,,,,,,,,,,
D7,D7-ibext-x1.0-short-t1s05,D7-ibext-x1.0-short,t1s05,short,1035-1200,,10016,30,-0.0403,-0.0988,0.0071,0.295,-3.37,-0.1159,,0.27,-0.035,-0.0053,-0.0155,-0.65,4666,14,-0.0424,-0.1122,0.0107,0.308,-2.65,-0.1554,,0.29,-0.0357,-0.0067,-0.0077,-0.96,False,,1.0,,,,,,,,,,,,
E1,E1-dropbounce-fo1.0-rsi3ge70-mid-t1s1,E1-dropbounce-fo1.0-rsi3ge70-mid,t1s1,short,1030-1200,,5290,30,-0.0392,-0.0732,0.0124,0.351,-0.85,-0.0887,,0.47,-0.0352,-0.0041,0.0387,1.11,2178,14,-0.0661,-0.1077,0.0195,0.346,-1.44,-0.1547,,0.29,-0.0236,-0.0425,-0.0314,-0.8,False,,70.0,,mid,,,,,,,1.0,,,
E1,E1-dropbounce-fo1.0-rsi3ge70-mid-t05s1,E1-dropbounce-fo1.0-rsi3ge70-mid,t05s1,short,1030-1200,,5290,30,-0.0449,-0.0756,0.0095,0.597,-1.74,-0.0911,,0.4,-0.0482,0.0034,0.0355,1.24,2178,14,-0.0616,-0.0988,0.0152,0.607,-2.09,-0.1295,,0.29,-0.0491,-0.0125,-0.0007,-0.15,False,,70.0,,mid,,,,,,,1.0,,,
E1,E1-dropbounce-fo1.0-rsi3ge70-mid-t1s05,E1-dropbounce-fo1.0-rsi3ge70-mid,t1s05,short,1030-1200,,5290,30,-0.0269,-0.0693,0.0096,0.286,-1.21,-0.0865,,0.43,-0.0321,0.0052,0.0352,1.37,2178,14,-0.0495,-0.1001,0.0149,0.275,-1.76,-0.1373,,0.29,-0.0359,-0.0136,-0.0077,-0.15,False,,70.0,,mid,,,,,,,1.0,,,
E1,E1-dropbounce-fo1.0-rsi3ge70-aft-t1s1,E1-dropbounce-fo1.0-rsi3ge70-aft,t1s1,short,1200-1400,,7421,30,-0.0935,-0.1276,0.0096,0.256,-1.15,-0.1441,,0.47,-0.0455,-0.048,-0.024,0.34,3310,14,-0.003,-0.0411,0.0141,0.277,-1.18,-0.0571,,0.36,0.0139,-0.0169,-0.0112,-0.75,False,,70.0,,aft,,,,,,,1.0,,,
E1,E1-dropbounce-fo1.0-rsi3ge70-aft-t05s1,E1-dropbounce-fo1.0-rsi3ge70-aft,t05s1,short,1200-1400,,7421,30,-0.0946,-0.1266,0.0079,0.52,-1.7,-0.14,,0.47,-0.0487,-0.0459,-0.0208,0.32,3310,14,0.0011,-0.0344,0.0112,0.592,-1.37,-0.0572,,0.29,-0.0112,0.0123,0.0123,0.08,False,,70.0,,aft,,,,,,,1.0,,,
E1,E1-dropbounce-fo1.0-rsi3ge70-aft-t1s05,E1-dropbounce-fo1.0-rsi3ge70-aft,t1s05,short,1200-1400,,7421,30,-0.0502,-0.0938,0.0076,0.222,-1.37,-0.1058,,0.37,-0.0398,-0.0104,0.0008,1.0,3310,14,-0.0022,-0.0523,0.0116,0.242,-2.04,-0.0618,,0.29,-0.0195,0.0173,0.0207,0.33,False,,70.0,,aft,,,,,,,1.0,,,
E1,E1-dropbounce-fo1.0-rsi3ge70-all-t1s1,E1-dropbounce-fo1.0-rsi3ge70-all,t1s1,short,1030-1400,,9135,30,-0.078,-0.1128,0.0091,0.303,-2.19,-0.1274,,0.33,-0.0412,-0.0368,-0.0082,0.03,4037,14,-0.0353,-0.0758,0.0136,0.316,-2.02,-0.1163,,0.29,-0.003,-0.0323,-0.019,-0.81,False,,70.0,,all,,,,,,,1.0,,,
E1,E1-dropbounce-fo1.0-rsi3ge70-all-t05s1,E1-dropbounce-fo1.0-rsi3ge70-all,t05s1,short,1030-1400,,9135,30,-0.078,-0.11,0.0072,0.556,-3.18,-0.121,,0.27,-0.0489,-0.0291,-0.0027,0.1,4037,14,-0.0315,-0.0685,0.0107,0.604,-2.66,-0.1032,,0.14,-0.0285,-0.003,0.0076,0.08,False,,70.0,,all,,,,,,,1.0,,,
E1,E1-dropbounce-fo1.0-rsi3ge70-all-t1s05,E1-dropbounce-fo1.0-rsi3ge70-all,t1s05,short,1030-1400,,9135,30,-0.0484,-0.0922,0.0071,0.252,-2.99,-0.1028,,0.3,-0.0365,-0.0119,0.004,0.25,4037,14,-0.0185,-0.0693,0.0108,0.265,-2.48,-0.1028,,0.21,-0.0272,0.0087,0.0153,0.31,False,,70.0,,all,,,,,,,1.0,,,
E1,E1-dropbounce-fo1.0-rsi3ge80-mid-t1s1,E1-dropbounce-fo1.0-rsi3ge80-mid,t1s1,short,1030-1200,,2308,30,-0.0442,-0.0781,0.0185,0.338,-0.9,-0.0943,,0.5,-0.0352,-0.0091,0.0495,0.83,935,14,-0.0909,-0.1334,0.0294,0.326,-1.35,-0.165,,0.36,-0.0236,-0.0673,-0.036,-0.61,False,,80.0,,mid,,,,,,,1.0,,,
E1,E1-dropbounce-fo1.0-rsi3ge80-mid-t05s1,E1-dropbounce-fo1.0-rsi3ge80-mid,t05s1,short,1030-1200,,2308,30,-0.046,-0.0767,0.0144,0.592,-1.88,-0.0951,,0.37,-0.0482,0.0022,0.0439,0.59,935,14,-0.0595,-0.0986,0.0232,0.605,-1.86,-0.1172,,0.29,-0.0491,-0.0104,0.0138,0.14,False,,80.0,,mid,,,,,,,1.0,,,
E1,E1-dropbounce-fo1.0-rsi3ge80-mid-t1s05,E1-dropbounce-fo1.0-rsi3ge80-mid,t1s05,short,1030-1200,,2308,30,-0.0338,-0.0765,0.0144,0.275,-1.2,-0.0934,,0.4,-0.0321,-0.0018,0.0416,1.11,935,14,-0.0907,-0.1435,0.0223,0.252,-2.29,-0.1659,,0.21,-0.0359,-0.0548,-0.0333,-0.88,False,,80.0,,mid,,,,,,,1.0,,,
E1,E1-dropbounce-fo1.0-rsi3ge80-aft-t1s1,E1-dropbounce-fo1.0-rsi3ge80-aft,t1s1,short,1200-1400,,5115,30,-0.1299,-0.1634,0.0114,0.232,-1.21,-0.18,,0.5,-0.0455,-0.0844,-0.0449,0.2,2209,14,-0.003,-0.0414,0.0171,0.264,-1.03,-0.0571,,0.36,0.0139,-0.0169,-0.0154,-0.75,False,,80.0,,aft,,,,,,,1.0,,,
E1,E1-dropbounce-fo1.0-rsi3ge80-aft-t05s1,E1-dropbounce-fo1.0-rsi3ge80-aft,t05s1,short,1200-1400,,5115,30,-0.1118,-0.1434,0.0095,0.5,-1.34,-0.1537,,0.53,-0.0487,-0.0632,-0.0252,0.73,2209,14,0.002,-0.0339,0.0137,0.588,-0.83,-0.0468,,0.36,-0.0112,0.0132,0.0124,0.58,False,,80.0,,aft,,,,,,,1.0,,,
E1,E1-dropbounce-fo1.0-rsi3ge80-aft-t1s05,E1-dropbounce-fo1.0-rsi3ge80-aft,t1s05,short,1200-1400,,5115,30,-0.0778,-0.1208,0.0089,0.201,-1.44,-0.1339,,0.37,-0.0398,-0.038,-0.0161,0.72,2209,14,-0.0158,-0.0662,0.014,0.223,-2.47,-0.0748,,0.29,-0.0195,0.0037,0.0042,-0.47,False,,80.0,,aft,,,,,,,1.0,,,
E1,E1-dropbounce-fo1.0-rsi3ge80-all-t1s1,E1-dropbounce-fo1.0-rsi3ge80-all,t1s1,short,1030-1400,,6259,30,-0.1153,-0.1494,0.0106,0.263,-2.04,-0.1667,,0.47,-0.0412,-0.0741,-0.0299,-0.3,2709,14,-0.0275,-0.0674,0.0161,0.286,-2.09,-0.0838,,0.29,-0.003,-0.0245,-0.018,-0.73,False,,80.0,,all,,,,,,,1.0,,,
E1,E1-dropbounce-fo1.0-rsi3ge80-all-t05s1,E1-dropbounce-fo1.0-rsi3ge80-all,t05s1,short,1030-1400,,6259,30,-0.099,-0.1307,0.0087,0.526,-2.49,-0.1411,,0.33,-0.0489,-0.0501,-0.0121,0.11,2709,14,-0.0163,-0.0534,0.0128,0.594,-2.57,-0.0677,,0.21,-0.0285,0.0122,0.0151,0.54,False,,80.0,,all,,,,,,,1.0,,,
E1,E1-dropbounce-fo1.0-rsi3ge80-all-t1s05,E1-dropbounce-fo1.0-rsi3ge80-all,t1s05,short,1030-1400,,6259,30,-0.0736,-0.117,0.0083,0.22,-2.74,-0.1298,,0.37,-0.0365,-0.0372,-0.0101,0.08,2709,14,-0.0335,-0.0845,0.0128,0.234,-3.39,-0.1059,,0.14,-0.0272,-0.0063,-0.0013,-0.46,False,,80.0,,all,,,,,,,1.0,,,
E1,E1-dropbounce-fo1.0-rsi3ge90-mid-t1s1,E1-dropbounce-fo1.0-rsi3ge90-mid,t1s1,short,1030-1200,,309,30,0.0428,0.0114,0.0489,0.353,1.36,-0.009,1.76,0.53,-0.0352,0.078,0.1758,2.01,127,14,-0.1582,-0.1985,0.0794,0.323,-1.41,-0.2508,,0.29,-0.0236,-0.1345,-0.1405,-1.46,False,,90.0,,mid,,,,,,,1.0,,,
E1,E1-dropbounce-fo1.0-rsi3ge90-mid-t05s1,E1-dropbounce-fo1.0-rsi3ge90-mid,t05s1,short,1030-1200,,309,30,0.0067,-0.0233,0.0378,0.612,0.17,-0.0385,,0.47,-0.0482,0.055,0.1179,1.45,127,14,-0.1675,-0.2063,0.0644,0.52,-2.58,-0.2422,,0.21,-0.0491,-0.1184,-0.1326,-2.33,False,,90.0,,mid,,,,,,,1.0,,,
E1,E1-dropbounce-fo1.0-rsi3ge90-mid-t1s05,E1-dropbounce-fo1.0-rsi3ge90-mid,t1s05,short,1030-1200,,309,30,0.023,-0.0165,0.0393,0.291,0.13,-0.0365,,0.43,-0.0321,0.0551,0.1233,0.96,127,14,-0.1404,-0.19,0.0577,0.228,-1.95,-0.2452,,0.29,-0.0359,-0.1045,-0.1138,-1.67,False,,90.0,,mid,,,,,,,1.0,,,
E1,E1-dropbounce-fo1.0-rsi3ge90-aft-t1s1,E1-dropbounce-fo1.0-rsi3ge90-aft,t1s1,short,1200-1400,,1860,30,-0.1981,-0.2315,0.0188,0.213,-0.93,-0.2522,,0.5,-0.0455,-0.1526,-0.0864,0.33,694,14,-0.023,-0.064,0.0305,0.245,-1.08,-0.1091,,0.43,0.0139,-0.0369,-0.0503,-1.17,False,,90.0,,aft,,,,,,,1.0,,,
E1,E1-dropbounce-fo1.0-rsi3ge90-aft-t05s1,E1-dropbounce-fo1.0-rsi3ge90-aft,t05s1,short,1200-1400,,1860,30,-0.1644,-0.1955,0.0159,0.463,-1.25,-0.2104,,0.5,-0.0487,-0.1158,-0.0544,0.51,694,14,-0.0258,-0.065,0.0251,0.565,-1.64,-0.0776,,0.36,-0.0112,-0.0145,-0.0224,-0.89,False,,90.0,,aft,,,,,,,1.0,,,
E1,E1-dropbounce-fo1.0-rsi3ge90-aft-t1s05,E1-dropbounce-fo1.0-rsi3ge90-aft,t1s05,short,1200-1400,,1860,30,-0.1277,-0.1703,0.0143,0.179,-1.31,-0.1792,,0.43,-0.0398,-0.0879,-0.0483,0.66,694,14,-0.0356,-0.0897,0.0249,0.202,-2.43,-0.1111,,0.36,-0.0195,-0.0161,-0.0261,-1.37,False,,90.0,,aft,,,,,,,1.0,,,
E1,E1-dropbounce-fo1.0-rsi3ge90-all-t1s1,E1-dropbounce-fo1.0-rsi3ge90-all,t1s1,short,1030-1400,,2072,30,-0.1733,-0.2063,0.018,0.227,-0.77,-0.2171,,0.5,-0.0412,-0.1321,-0.0603,0.66,792,14,-0.0396,-0.0802,0.029,0.256,-1.55,-0.1244,,0.29,-0.003,-0.0366,-0.0597,-1.55,False,,90.0,,all,,,,,,,1.0,,,
E1,E1-dropbounce-fo1.0-rsi3ge90-all-t05s1,E1-dropbounce-fo1.0-rsi3ge90-all,t05s1,short,1030-1400,,2072,30,-0.1472,-0.1781,0.015,0.478,-1.26,-0.1871,,0.47,-0.0489,-0.0983,-0.0379,0.69,792,14,-0.0415,-0.0805,0.0238,0.562,-2.12,-0.0903,,0.36,-0.0285,-0.013,-0.0327,-1.25,False,,90.0,,all,,,,,,,1.0,,,
E1,E1-dropbounce-fo1.0-rsi3ge90-all-t1s05,E1-dropbounce-fo1.0-rsi3ge90-all,t1s05,short,1030-1400,,2072,30,-0.1132,-0.1552,0.0138,0.189,-1.25,-0.1655,,0.47,-0.0365,-0.0767,-0.0325,0.83,792,14,-0.0472,-0.1004,0.0233,0.207,-2.62,-0.1158,,0.29,-0.0272,-0.0199,-0.035,-1.44,False,,90.0,,all,,,,,,,1.0,,,
E1,E1-dropbounce-fo2.0-rsi3ge70-mid-t1s1,E1-dropbounce-fo2.0-rsi3ge70-mid,t1s1,short,1030-1200,,2765,30,-0.0212,-0.0503,0.0172,0.361,0.1,-0.065,,0.5,-0.0352,0.0139,0.067,2.01,821,14,-0.0505,-0.0869,0.0318,0.361,-1.45,-0.1169,,0.43,-0.0236,-0.0269,-0.0254,-0.61,False,,70.0,,mid,,,,,,,2.0,,,
E1,E1-dropbounce-fo2.0-rsi3ge70-mid-t05s1,E1-dropbounce-fo2.0-rsi3ge70-mid,t05s1,short,1030-1200,,2765,30,-0.0361,-0.0623,0.0132,0.603,-0.78,-0.0784,,0.47,-0.0482,0.0121,0.0531,2.05,821,14,-0.0762,-0.1085,0.0248,0.594,-2.81,-0.1261,,0.21,-0.0491,-0.0271,-0.0194,-0.73,False,,70.0,,mid,,,,,,,2.0,,,
E1,E1-dropbounce-fo2.0-rsi3ge70-mid-t1s05,E1-dropbounce-fo2.0-rsi3ge70-mid,t1s05,short,1030-1200,,2765,30,-0.0196,-0.0563,0.0133,0.29,-0.21,-0.0751,,0.53,-0.0321,0.0125,0.0488,2.02,821,14,-0.0378,-0.0831,0.0243,0.284,-1.82,-0.1023,,0.36,-0.0359,-0.0019,-0.0017,0.02,False,,70.0,,mid,,,,,,,2.0,,,
E1,E1-dropbounce-fo2.0-rsi3ge70-aft-t1s1,E1-dropbounce-fo2.0-rsi3ge70-aft,t1s1,short,1200-1400,,3856,30,-0.1239,-0.154,0.0135,0.251,-0.58,-0.1746,,0.43,-0.0455,-0.0783,-0.0307,0.8,1475,14,0.0392,0.0081,0.0208,0.287,-0.37,-0.0219,3.17,0.43,0.0139,0.0253,0.0408,-0.01,False,,70.0,,aft,,,,,,,2.0,,,
E1,E1-dropbounce-fo2.0-rsi3ge70-aft-t05s1,E1-dropbounce-fo2.0-rsi3ge70-aft,t05s1,short,1200-1400,,3856,30,-0.127,-0.1551,0.0112,0.503,-1.13,-0.1734,,0.47,-0.0487,-0.0784,-0.0317,0.64,1475,14,0.0386,0.0099,0.0162,0.61,-0.6,-0.0346,3.81,0.36,-0.0112,0.0499,0.0563,0.58,False,,70.0,,aft,,,,,,,2.0,,,
E1,E1-dropbounce-fo2.0-rsi3ge70-aft-t1s05,E1-dropbounce-fo2.0-rsi3ge70-aft,t1s05,short,1200-1400,,3856,30,-0.0675,-0.1057,0.0104,0.215,-0.73,-0.1225,,0.37,-0.0398,-0.0277,-0.0032,1.24,1475,14,0.023,-0.0191,0.0173,0.245,-1.2,-0.0479,,0.36,-0.0195,0.0425,0.0557,0.83,False,,70.0,,aft,,,,,,,2.0,,,
E1,E1-dropbounce-fo2.0-rsi3ge70-all-t1s1,E1-dropbounce-fo2.0-rsi3ge70-all,t1s1,short,1030-1400,,4726,30,-0.0971,-0.1279,0.0128,0.304,-1.63,-0.1429,,0.37,-0.0412,-0.0558,-0.0075,0.6,1745,14,-0.0053,-0.039,0.0205,0.32,-1.54,-0.0806,,0.43,-0.003,-0.0023,0.0108,-0.43,False,,70.0,,all,,,,,,,2.0,,,
E1,E1-dropbounce-fo2.0-rsi3ge70-all-t05s1,E1-dropbounce-fo2.0-rsi3ge70-all,t05s1,short,1030-1400,,4726,30,-0.0987,-0.1269,0.0102,0.548,-2.47,-0.1418,,0.3,-0.0489,-0.0498,-0.0062,0.46,1745,14,-0.0171,-0.0479,0.0161,0.603,-2.38,-0.0973,,0.21,-0.0285,0.0114,0.0208,-0.2,False,,70.0,,all,,,,,,,2.0,,,
E1,E1-dropbounce-fo2.0-rsi3ge70-all-t1s05,E1-dropbounce-fo2.0-rsi3ge70-all,t1s05,short,1030-1400,,4726,30,-0.063,-0.1018,0.0098,0.247,-2.41,-0.1149,,0.23,-0.0365,-0.0266,0.0004,0.63,1745,14,0.0078,-0.036,0.0164,0.269,-1.89,-0.0674,,0.29,-0.0272,0.035,0.0441,0.82,False,,70.0,,all,,,,,,,2.0,,,
E1,E1-dropbounce-fo2.0-rsi3ge80-mid-t1s1,E1-dropbounce-fo2.0-rsi3ge80-mid,t1s1,short,1030-1200,,1237,30,-0.0279,-0.0567,0.0255,0.347,-0.31,-0.075,,0.53,-0.0352,0.0072,0.0712,1.09,356,14,-0.0667,-0.1031,0.0479,0.351,-1.72,-0.1481,,0.43,-0.0236,-0.0431,-0.0453,-0.91,False,,80.0,,mid,,,,,,,2.0,,,
E1,E1-dropbounce-fo2.0-rsi3ge80-mid-t05s1,E1-dropbounce-fo2.0-rsi3ge80-mid,t05s1,short,1030-1200,,1237,30,-0.0248,-0.0502,0.0195,0.608,-0.86,-0.0677,,0.47,-0.0482,0.0234,0.0683,1.17,356,14,-0.0582,-0.0917,0.0375,0.598,-2.21,-0.1252,,0.29,-0.0491,-0.0091,-0.0083,-0.52,False,,80.0,,mid,,,,,,,2.0,,,
E1,E1-dropbounce-fo2.0-rsi3ge80-mid-t1s05,E1-dropbounce-fo2.0-rsi3ge80-mid,t1s05,short,1030-1200,,1237,30,-0.0221,-0.0587,0.0197,0.276,-0.47,-0.0768,,0.43,-0.0321,0.01,0.0559,1.21,356,14,-0.0945,-0.1404,0.0357,0.253,-3.29,-0.1685,,0.21,-0.0359,-0.0586,-0.0606,-1.49,False,,80.0,,mid,,,,,,,2.0,,,
E1,E1-dropbounce-fo2.0-rsi3ge80-aft-t1s1,E1-dropbounce-fo2.0-rsi3ge80-aft,t1s1,short,1200-1400,,2702,30,-0.1741,-0.2039,0.0158,0.226,-0.79,-0.2197,,0.57,-0.0455,-0.1286,-0.0627,0.44,965,14,0.0623,0.0306,0.0255,0.286,0.18,0.0026,0.93,0.5,0.0139,0.0485,0.0558,0.55,False,,80.0,,aft,,,,,,,2.0,,,
E1,E1-dropbounce-fo2.0-rsi3ge80-aft-t05s1,E1-dropbounce-fo2.0-rsi3ge80-aft,t05s1,short,1200-1400,,2702,30,-0.1564,-0.1843,0.0133,0.475,-0.95,-0.1983,,0.57,-0.0487,-0.1078,-0.0457,0.75,965,14,0.0451,0.0159,0.0201,0.613,-0.0,-0.0109,1.57,0.5,-0.0112,0.0563,0.0596,1.21,False,,80.0,,aft,,,,,,,2.0,,,
E1,E1-dropbounce-fo2.0-rsi3ge80-aft-t1s05,E1-dropbounce-fo2.0-rsi3ge80-aft,t1s05,short,1200-1400,,2702,30,-0.107,-0.1452,0.0121,0.191,-1.03,-0.1589,,0.4,-0.0398,-0.0672,-0.0294,0.69,965,14,0.0379,-0.0032,0.0211,0.235,-0.79,-0.0405,,0.43,-0.0195,0.0574,0.0645,0.87,False,,80.0,,aft,,,,,,,2.0,,,
E1,E1-dropbounce-fo2.0-rsi3ge80-all-t1s1,E1-dropbounce-fo2.0-rsi3ge80-all,t1s1,short,1030-1400,,3311,30,-0.1449,-0.1751,0.0149,0.264,-1.62,-0.1895,,0.5,-0.0412,-0.1037,-0.0375,0.0,1163,14,0.0338,0.0008,0.0243,0.308,-0.52,-0.0312,33.36,0.5,-0.003,0.0368,0.0366,0.2,False,,80.0,,all,,,,,,,2.0,,,
E1,E1-dropbounce-fo2.0-rsi3ge80-all-t05s1,E1-dropbounce-fo2.0-rsi3ge80-all,t05s1,short,1030-1400,,3311,30,-0.1293,-0.1571,0.0122,0.514,-2.07,-0.1682,,0.37,-0.0489,-0.0804,-0.0235,0.19,1163,14,0.0201,-0.0101,0.019,0.613,-0.85,-0.0387,,0.5,-0.0285,0.0486,0.0457,0.83,False,,80.0,,all,,,,,,,2.0,,,
E1,E1-dropbounce-fo2.0-rsi3ge80-all-t1s05,E1-dropbounce-fo2.0-rsi3ge80-all,t1s05,short,1030-1400,,3311,30,-0.0924,-0.1308,0.0113,0.215,-2.14,-0.1422,,0.4,-0.0365,-0.0559,-0.0159,0.2,1163,14,0.0099,-0.0324,0.0196,0.244,-2.06,-0.0666,,0.29,-0.0272,0.0371,0.0388,0.42,False,,80.0,,all,,,,,,,2.0,,,
E1,E1-dropbounce-fo2.0-rsi3ge90-mid-t1s1,E1-dropbounce-fo2.0-rsi3ge90-mid,t1s1,short,1030-1200,,175,27,0.016,-0.0136,0.065,0.326,0.63,-0.0514,,0.52,-0.0352,0.0511,0.1452,1.27,52,13,-0.0322,-0.0697,0.1297,0.404,-0.1,-0.131,,0.46,-0.0236,-0.0086,-0.0381,-0.11,False,,90.0,,mid,,,,,,,2.0,,,
E1,E1-dropbounce-fo2.0-rsi3ge90-mid-t05s1,E1-dropbounce-fo2.0-rsi3ge90-mid,t05s1,short,1030-1200,,175,27,-0.0145,-0.0429,0.0513,0.583,0.06,-0.0655,,0.48,-0.0482,0.0337,0.0939,1.23,52,13,-0.1013,-0.1372,0.101,0.558,-0.8,-0.2004,,0.46,-0.0491,-0.0522,-0.0832,-0.63,False,,90.0,,mid,,,,,,,2.0,,,
E1,E1-dropbounce-fo2.0-rsi3ge90-mid-t1s05,E1-dropbounce-fo2.0-rsi3ge90-mid,t1s05,short,1030-1200,,175,27,-0.0139,-0.0519,0.0508,0.251,-0.91,-0.0916,,0.41,-0.0321,0.0182,0.0852,-0.03,52,13,-0.1287,-0.1757,0.0944,0.25,-0.84,-0.2318,,0.38,-0.0359,-0.0928,-0.1192,-0.53,False,,90.0,,mid,,,,,,,2.0,,,
E1,E1-dropbounce-fo2.0-rsi3ge90-aft-t1s1,E1-dropbounce-fo2.0-rsi3ge90-aft,t1s1,short,1200-1400,,1092,30,-0.2602,-0.289,0.0244,0.197,-0.25,-0.3156,,0.57,-0.0455,-0.2147,-0.1185,0.85,295,14,0.0415,0.0084,0.0474,0.278,0.08,-0.056,6.59,0.5,0.0139,0.0276,0.0219,0.04,False,,90.0,,aft,,,,,,,2.0,,,
E1,E1-dropbounce-fo2.0-rsi3ge90-aft-t05s1,E1-dropbounce-fo2.0-rsi3ge90-aft,t05s1,short,1200-1400,,1092,30,-0.2058,-0.2328,0.021,0.441,-0.77,-0.2399,,0.57,-0.0487,-0.1572,-0.0676,0.77,295,14,0.0372,0.0065,0.0374,0.624,0.28,-0.0196,3.51,0.64,-0.0112,0.0484,0.0463,0.8,False,,90.0,,aft,,,,,,,2.0,,,
E1,E1-dropbounce-fo2.0-rsi3ge90-aft-t1s05,E1-dropbounce-fo2.0-rsi3ge90-aft,t1s05,short,1200-1400,,1092,30,-0.175,-0.2123,0.0179,0.158,-0.79,-0.2224,,0.5,-0.0398,-0.1351,-0.0764,0.78,295,14,0.0334,-0.0096,0.0392,0.231,-0.36,-0.0456,,0.36,-0.0195,0.0529,0.0518,0.24,False,,90.0,,aft,,,,,,,2.0,,,
E1,E1-dropbounce-fo2.0-rsi3ge90-all-t1s1,E1-dropbounce-fo2.0-rsi3ge90-all,t1s1,short,1030-1400,,1217,30,-0.2304,-0.2593,0.0235,0.212,-0.19,-0.2752,,0.53,-0.0412,-0.1892,-0.0894,1.09,334,14,0.0441,0.0111,0.0453,0.299,-0.08,-0.0475,4.64,0.43,-0.003,0.0471,0.0275,-0.06,False,,90.0,,all,,,,,,,2.0,,,
E1,E1-dropbounce-fo2.0-rsi3ge90-all-t05s1,E1-dropbounce-fo2.0-rsi3ge90-all,t05s1,short,1030-1400,,1217,30,-0.1883,-0.2154,0.0199,0.455,-0.99,-0.2257,,0.5,-0.0489,-0.1394,-0.0533,0.86,334,14,0.0323,0.0017,0.0355,0.626,-0.04,-0.0233,12.61,0.57,-0.0285,0.0607,0.0445,0.56,False,,90.0,,all,,,,,,,2.0,,,
E1,E1-dropbounce-fo2.0-rsi3ge90-all-t1s05,E1-dropbounce-fo2.0-rsi3ge90-all,t1s05,short,1030-1400,,1217,30,-0.1584,-0.1958,0.0173,0.168,-1.1,-0.2101,,0.5,-0.0365,-0.1219,-0.0599,0.53,334,14,0.0209,-0.0217,0.037,0.237,-0.46,-0.053,,0.5,-0.0272,0.0481,0.0386,0.22,False,,90.0,,all,,,,,,,2.0,,,
E1,E1-dropbounce-fo3.0-rsi3ge70-mid-t1s1,E1-dropbounce-fo3.0-rsi3ge70-mid,t1s1,short,1030-1200,,1491,30,-0.0198,-0.0437,0.0233,0.364,0.77,-0.0655,,0.6,-0.0352,0.0154,0.068,2.58,311,14,0.034,0.001,0.0514,0.392,-0.54,-0.0299,28.58,0.57,-0.0236,0.0576,0.0419,0.12,False,,70.0,,mid,,,,,,,3.0,,,
E1,E1-dropbounce-fo3.0-rsi3ge70-mid-t05s1,E1-dropbounce-fo3.0-rsi3ge70-mid,t05s1,short,1030-1200,,1491,30,-0.0145,-0.0358,0.0177,0.618,0.23,-0.0497,,0.57,-0.0482,0.0337,0.0771,2.87,311,14,0.0125,-0.0162,0.039,0.662,-1.18,-0.0386,,0.5,-0.0491,0.0615,0.0531,0.02,False,,70.0,,mid,,,,,,,3.0,,,
E1,E1-dropbounce-fo3.0-rsi3ge70-mid-t1s05,E1-dropbounce-fo3.0-rsi3ge70-mid,t1s05,short,1030-1200,,1491,30,-0.027,-0.0583,0.018,0.286,0.11,-0.0802,,0.47,-0.0321,0.0051,0.0406,1.91,311,14,0.0015,-0.0397,0.0401,0.309,-0.64,-0.062,,0.36,-0.0359,0.0374,0.0258,0.67,False,,70.0,,mid,,,,,,,3.0,,,
E1,E1-dropbounce-fo3.0-rsi3ge70-aft-t1s1,E1-dropbounce-fo3.0-rsi3ge70-aft,t1s1,short,1200-1400,,2114,30,-0.1939,-0.2212,0.0184,0.235,-0.86,-0.2551,,0.4,-0.0455,-0.1483,-0.0781,0.22,725,14,0.068,0.0407,0.0293,0.298,-0.37,-0.0153,1.29,0.5,0.0139,0.0541,0.0619,-0.28,False,,70.0,,aft,,,,,,,3.0,,,
E1,E1-dropbounce-fo3.0-rsi3ge70-aft-t05s1,E1-dropbounce-fo3.0-rsi3ge70-aft,t05s1,short,1200-1400,,2114,30,-0.1938,-0.2194,0.0154,0.466,-1.47,-0.2413,,0.43,-0.0487,-0.1451,-0.0769,-0.01,725,14,0.0621,0.0366,0.0228,0.623,-0.57,-0.0353,1.75,0.36,-0.0112,0.0733,0.0739,0.1,False,,70.0,,aft,,,,,,,3.0,,,
E1,E1-dropbounce-fo3.0-rsi3ge70-aft-t1s05,E1-dropbounce-fo3.0-rsi3ge70-aft,t1s05,short,1200-1400,,2114,30,-0.101,-0.1357,0.0138,0.202,-0.75,-0.1612,,0.4,-0.0398,-0.0612,-0.0245,0.79,725,14,0.038,0.0003,0.0246,0.248,-1.34,-0.0492,118.31,0.43,-0.0195,0.0574,0.0663,0.15,False,,70.0,,aft,,,,,,,3.0,,,
E1,E1-dropbounce-fo3.0-rsi3ge70-all-t1s1,E1-dropbounce-fo3.0-rsi3ge70-all,t1s1,short,1030-1400,,2589,30,-0.1484,-0.1752,0.0172,0.287,-1.54,-0.1936,,0.4,-0.0412,-0.1072,-0.0413,0.41,809,14,0.0595,0.0306,0.0291,0.325,-0.57,-0.0234,1.61,0.5,-0.003,0.0625,0.065,0.13,False,,70.0,,all,,,,,,,3.0,,,
E1,E1-dropbounce-fo3.0-rsi3ge70-all-t05s1,E1-dropbounce-fo3.0-rsi3ge70-all,t05s1,short,1030-1400,,2589,30,-0.1331,-0.1576,0.014,0.528,-2.22,-0.1749,,0.33,-0.0489,-0.0842,-0.0232,0.49,809,14,0.0519,0.0257,0.0224,0.644,-0.67,-0.0383,2.19,0.29,-0.0285,0.0804,0.0792,0.58,False,,70.0,,all,,,,,,,3.0,,,
E1,E1-dropbounce-fo3.0-rsi3ge70-all-t1s05,E1-dropbounce-fo3.0-rsi3ge70-all,t1s05,short,1030-1400,,2589,30,-0.0982,-0.1324,0.0129,0.228,-2.23,-0.1492,,0.33,-0.0365,-0.0617,-0.0255,0.21,809,14,0.0467,0.008,0.024,0.277,-0.92,-0.0394,4.92,0.57,-0.0272,0.0739,0.0779,1.14,False,,70.0,,all,,,,,,,3.0,,,
E1,E1-dropbounce-fo3.0-rsi3ge80-mid-t1s1,E1-dropbounce-fo3.0-rsi3ge80-mid,t1s1,short,1030-1200,,673,30,0.0059,-0.0177,0.0345,0.371,0.34,-0.0446,,0.43,-0.0352,0.041,0.0934,1.53,124,14,0.0341,-0.0011,0.0826,0.419,-0.29,-0.06,,0.57,-0.0236,0.0578,0.0575,0.11,False,,80.0,,mid,,,,,,,3.0,,,
E1,E1-dropbounce-fo3.0-rsi3ge80-mid-t05s1,E1-dropbounce-fo3.0-rsi3ge80-mid,t05s1,short,1030-1200,,673,30,-0.0086,-0.0294,0.026,0.617,-0.23,-0.0456,,0.47,-0.0482,0.0397,0.0769,1.42,124,14,0.0424,0.0114,0.0607,0.677,-0.31,-0.0098,1.77,0.64,-0.0491,0.0914,0.0883,0.51,False,,80.0,,mid,,,,,,,3.0,,,
E1,E1-dropbounce-fo3.0-rsi3ge80-mid-t1s05,E1-dropbounce-fo3.0-rsi3ge80-mid,t1s05,short,1030-1200,,673,30,-0.013,-0.0442,0.0267,0.282,0.02,-0.0713,,0.47,-0.0321,0.0191,0.0573,1.25,124,14,-0.086,-0.1327,0.0622,0.274,-2.1,-0.1625,,0.29,-0.0359,-0.0501,-0.0488,-0.66,False,,80.0,,mid,,,,,,,3.0,,,
E1,E1-dropbounce-fo3.0-rsi3ge80-aft-t1s1,E1-dropbounce-fo3.0-rsi3ge80-aft,t1s1,short,1200-1400,,1483,30,-0.258,-0.2847,0.0213,0.2,-0.83,-0.3076,,0.43,-0.0455,-0.2125,-0.1254,0.23,448,14,0.0519,0.023,0.0375,0.29,-0.52,-0.017,1.61,0.36,0.0139,0.038,0.0316,-0.45,False,,80.0,,aft,,,,,,,3.0,,,
E1,E1-dropbounce-fo3.0-rsi3ge80-aft-t05s1,E1-dropbounce-fo3.0-rsi3ge80-aft,t05s1,short,1200-1400,,1483,30,-0.2281,-0.2531,0.0183,0.435,-1.06,-0.2698,,0.47,-0.0487,-0.1794,-0.0974,0.45,448,14,0.0454,0.0188,0.0296,0.607,-0.45,-0.0204,1.89,0.36,-0.0112,0.0567,0.0505,0.26,False,,80.0,,aft,,,,,,,3.0,,,
E1,E1-dropbounce-fo3.0-rsi3ge80-aft-t1s05,E1-dropbounce-fo3.0-rsi3ge80-aft,t1s05,short,1200-1400,,1483,30,-0.1593,-0.1936,0.0157,0.166,-1.1,-0.2114,,0.4,-0.0398,-0.1195,-0.071,0.38,448,14,0.0281,-0.0092,0.0307,0.234,-1.07,-0.0587,,0.36,-0.0195,0.0476,0.0442,-0.12,False,,80.0,,aft,,,,,,,3.0,,,
E1,E1-dropbounce-fo3.0-rsi3ge80-all-t1s1,E1-dropbounce-fo3.0-rsi3ge80-all,t1s1,short,1030-1400,,1815,30,-0.2009,-0.2273,0.0202,0.252,-1.47,-0.2484,,0.4,-0.0412,-0.1597,-0.0809,0.0,510,14,0.0607,0.0317,0.0361,0.318,-0.31,-0.0099,1.26,0.5,-0.003,0.0637,0.0517,0.1,False,,80.0,,all,,,,,,,3.0,,,
E1,E1-dropbounce-fo3.0-rsi3ge80-all-t05s1,E1-dropbounce-fo3.0-rsi3ge80-all,t05s1,short,1030-1400,,1815,30,-0.1764,-0.2007,0.0167,0.489,-1.83,-0.2155,,0.33,-0.0489,-0.1276,-0.0579,0.23,510,14,0.0536,0.0271,0.0278,0.624,-0.01,-0.0056,1.17,0.43,-0.0285,0.0821,0.0689,1.04,False,,80.0,,all,,,,,,,3.0,,,
E1,E1-dropbounce-fo3.0-rsi3ge80-all-t1s05,E1-dropbounce-fo3.0-rsi3ge80-all,t1s05,short,1030-1400,,1815,30,-0.1311,-0.1649,0.0148,0.198,-1.79,-0.1797,,0.33,-0.0365,-0.0947,-0.0491,0.18,510,14,0.0115,-0.0267,0.0291,0.241,-1.8,-0.0711,,0.21,-0.0272,0.0387,0.0334,0.06,False,,80.0,,all,,,,,,,3.0,,,
E1,E1-dropbounce-fo3.0-rsi3ge90-mid-t1s1,E1-dropbounce-fo3.0-rsi3ge90-mid,t1s1,short,1030-1200,,96,25,0.0526,0.0298,0.0888,0.365,1.55,-0.0281,1.87,0.68,-0.0352,0.0878,0.1806,2.0,23,13,0.2061,0.1725,0.2022,0.565,0.56,0.0586,0.7,0.62,-0.0236,0.2298,0.1727,0.73,False,,90.0,,mid,,,,,,,3.0,,,
E1,E1-dropbounce-fo3.0-rsi3ge90-mid-t05s1,E1-dropbounce-fo3.0-rsi3ge90-mid,t05s1,short,1030-1200,,96,25,0.0208,-0.0006,0.0676,0.625,1.67,-0.0352,,0.6,-0.0482,0.0691,0.127,2.7,23,13,0.0283,-0.0041,0.151,0.696,0.19,-0.0707,,0.62,-0.0491,0.0774,0.0247,0.45,False,,90.0,,mid,,,,,,,3.0,,,
E1,E1-dropbounce-fo3.0-rsi3ge90-mid-t1s05,E1-dropbounce-fo3.0-rsi3ge90-mid,t1s05,short,1030-1200,,96,25,0.0038,-0.0242,0.0687,0.271,-0.6,-0.0863,,0.36,-0.0321,0.0359,0.1008,-0.05,23,13,-0.0633,-0.1108,0.155,0.304,-0.5,-0.2144,,0.31,-0.0359,-0.0274,-0.0611,-0.11,False,,90.0,,mid,,,,,,,3.0,,,
E1,E1-dropbounce-fo3.0-rsi3ge90-aft-t1s1,E1-dropbounce-fo3.0-rsi3ge90-aft,t1s1,short,1200-1400,,638,30,-0.3473,-0.3737,0.0314,0.166,-0.16,-0.404,,0.53,-0.0455,-0.3017,-0.1857,0.63,140,14,-0.0214,-0.0547,0.0707,0.264,-0.64,-0.1562,,0.5,0.0139,-0.0353,-0.0562,-0.75,False,,90.0,,aft,,,,,,,3.0,,,
E1,E1-dropbounce-fo3.0-rsi3ge90-aft-t05s1,E1-dropbounce-fo3.0-rsi3ge90-aft,t05s1,short,1200-1400,,638,30,-0.2752,-0.2997,0.0277,0.397,-0.12,-0.322,,0.57,-0.0487,-0.2266,-0.1193,1.04,140,14,0.0151,-0.0134,0.056,0.614,-0.42,-0.0568,,0.57,-0.0112,0.0263,0.0131,-0.19,False,,90.0,,aft,,,,,,,3.0,,,
E1,E1-dropbounce-fo3.0-rsi3ge90-aft-t1s05,E1-dropbounce-fo3.0-rsi3ge90-aft,t1s05,short,1200-1400,,638,30,-0.2459,-0.2796,0.0218,0.125,-1.37,-0.3,,0.4,-0.0398,-0.2061,-0.1368,-0.16,140,14,0.0131,-0.0276,0.0559,0.214,-0.65,-0.0743,,0.5,-0.0195,0.0326,0.0204,-0.21,False,,90.0,,aft,,,,,,,3.0,,,
E1,E1-dropbounce-fo3.0-rsi3ge90-all-t1s1,E1-dropbounce-fo3.0-rsi3ge90-all,t1s1,short,1030-1400,,706,30,-0.3062,-0.3323,0.0305,0.187,0.14,-0.3505,,0.6,-0.0412,-0.265,-0.1472,1.0,157,14,0.0301,-0.002,0.068,0.312,-0.42,-0.0939,,0.57,-0.003,0.0331,-0.004,-0.44,False,,90.0,,all,,,,,,,3.0,,,
E1,E1-dropbounce-fo3.0-rsi3ge90-all-t05s1,E1-dropbounce-fo3.0-rsi3ge90-all,t05s1,short,1030-1400,,706,30,-0.245,-0.2691,0.0264,0.421,-0.0,-0.2812,,0.57,-0.0489,-0.1961,-0.0938,1.3,157,14,0.0398,0.0121,0.0525,0.643,-0.17,-0.0269,2.77,0.64,-0.0285,0.0683,0.039,0.23,False,,90.0,,all,,,,,,,3.0,,,
E1,E1-dropbounce-fo3.0-rsi3ge90-all-t1s05,E1-dropbounce-fo3.0-rsi3ge90-all,t1s05,short,1030-1400,,706,30,-0.2223,-0.2553,0.0213,0.139,-1.41,-0.2713,,0.37,-0.0365,-0.1858,-0.1149,-0.23,157,14,0.0245,-0.0153,0.0536,0.236,-0.43,-0.0564,,0.57,-0.0272,0.0517,0.0319,0.14,False,,90.0,,all,,,,,,,3.0,,,
E2,E2-gapdn-g0.88-rsi3ge50-t1s1,E2-gapdn-g0.88-rsi3ge50,t1s1,short,1300-1430,,7247,30,0.0818,0.0535,0.0089,0.279,0.95,0.0256,0.56,0.67,-0.0509,0.1327,0.0944,3.31,3750,14,0.169,0.1364,0.0123,0.323,0.77,0.1059,0.33,0.64,0.0283,0.1407,0.0987,1.19,False,,50.0,,,,,,,0.88,,,,,
E2,E2-gapdn-g0.88-rsi3ge50-t05s1,E2-gapdn-g0.88-rsi3ge50,t05s1,short,1300-1430,,7247,30,0.053,0.026,0.0071,0.608,0.16,0.0115,0.59,0.57,-0.0536,0.1066,0.0736,3.15,3750,14,0.0919,0.0608,0.0095,0.633,0.19,0.0373,0.47,0.57,0.0019,0.09,0.0631,1.35,False,,50.0,,,,,,,0.88,,,,,
E2,E2-gapdn-g0.88-rsi3ge50-t1s05,E2-gapdn-g0.88-rsi3ge50,t1s05,short,1300-1430,,7247,30,0.0667,0.0284,0.0076,0.245,0.52,0.0128,0.57,0.63,-0.0453,0.112,0.0777,3.29,3750,14,0.1156,0.0719,0.011,0.288,0.12,0.0417,0.5,0.5,0.0035,0.112,0.0773,1.58,False,,50.0,,,,,,,0.88,,,,,
E2,E2-gapdn-g0.88-rsi3ge70-t1s1,E2-gapdn-g0.88-rsi3ge70,t1s1,short,1300-1430,,6689,30,0.0701,0.042,0.0091,0.265,0.96,0.005,0.89,0.67,-0.0509,0.1211,0.098,3.4,3386,14,0.1658,0.1336,0.0127,0.306,0.75,0.1058,0.31,0.64,0.0283,0.1375,0.1039,0.99,False,,70.0,,,,,,,0.88,,,,,
E2,E2-gapdn-g0.88-rsi3ge70-t05s1,E2-gapdn-g0.88-rsi3ge70,t05s1,short,1300-1430,,6689,30,0.0385,0.0115,0.0073,0.575,0.07,-0.0102,1.81,0.57,-0.0536,0.0921,0.0721,3.1,3386,14,0.0879,0.0567,0.0098,0.611,-0.08,0.0354,0.46,0.64,0.0019,0.086,0.0672,0.63,False,,70.0,,,,,,,0.88,,,,,
E2,E2-gapdn-g0.88-rsi3ge70-t1s05,E2-gapdn-g0.88-rsi3ge70,t1s05,short,1300-1430,,6689,30,0.063,0.0248,0.0079,0.239,0.64,0.0042,0.84,0.53,-0.0453,0.1083,0.085,3.76,3386,14,0.1213,0.0781,0.0114,0.277,0.18,0.0476,0.47,0.5,0.0035,0.1178,0.089,1.08,False,,70.0,,,,,,,0.88,,,,,
E2,E2-gapdn-g0.88-rsi3ge85-t1s1,E2-gapdn-g0.88-rsi3ge85,t1s1,short,1300-1430,,4099,30,0.0377,0.0103,0.0116,0.252,0.87,-0.0416,4.63,0.6,-0.0509,0.0886,0.0894,3.0,2007,14,0.1503,0.1186,0.0164,0.29,1.27,0.0936,0.3,0.71,0.0283,0.122,0.0882,1.48,False,,85.0,,,,,,,0.88,,,,,
E2,E2-gapdn-g0.88-rsi3ge85-t05s1,E2-gapdn-g0.88-rsi3ge85,t05s1,short,1300-1430,,4099,30,0.012,-0.0142,0.0093,0.544,0.14,-0.046,,0.6,-0.0536,0.0655,0.0681,3.29,2007,14,0.0733,0.0427,0.0128,0.594,0.46,0.0264,0.45,0.64,0.0019,0.0714,0.0506,1.2,False,,85.0,,,,,,,0.88,,,,,
E2,E2-gapdn-g0.88-rsi3ge85-t1s05,E2-gapdn-g0.88-rsi3ge85,t1s05,short,1300-1430,,4099,30,0.0378,0.0,0.01,0.228,0.52,-0.0366,892.44,0.53,-0.0453,0.0831,0.0787,3.49,2007,14,0.1005,0.0569,0.0147,0.259,0.3,0.0267,0.58,0.71,0.0035,0.0969,0.0671,1.08,False,,85.0,,,,,,,0.88,,,,,
E2,E2-gapdn-g1.66-rsi3ge50-t1s1,E2-gapdn-g1.66-rsi3ge50,t1s1,short,1300-1430,,3569,30,0.1145,0.0907,0.0125,0.29,0.91,0.0546,0.47,0.6,-0.0509,0.1655,0.1204,2.51,1622,14,0.2049,0.1784,0.0185,0.335,0.53,0.1315,0.39,0.5,0.0283,0.1767,0.1073,0.76,False,,50.0,,,,,,,1.66,,,,,
E2,E2-gapdn-g1.66-rsi3ge50-t05s1,E2-gapdn-g1.66-rsi3ge50,t05s1,short,1300-1430,,3569,30,0.0924,0.0697,0.0098,0.637,0.41,0.052,0.34,0.57,-0.0536,0.146,0.1055,2.69,1622,14,0.114,0.0888,0.014,0.647,0.29,0.0573,0.47,0.57,0.0019,0.1121,0.069,1.52,False,,50.0,,,,,,,1.66,,,,,
E2,E2-gapdn-g1.66-rsi3ge50-t1s05,E2-gapdn-g1.66-rsi3ge50,t1s05,short,1300-1430,,3569,30,0.0795,0.0464,0.0108,0.249,0.46,0.0262,0.47,0.53,-0.0453,0.1249,0.088,2.43,1622,14,0.1417,0.104,0.0167,0.293,-0.17,0.0553,0.55,0.43,0.0035,0.1382,0.0794,0.9,False,,50.0,,,,,,,1.66,,,,,
E2,E2-gapdn-g1.66-rsi3ge70-t1s1,E2-gapdn-g1.66-rsi3ge70,t1s1,short,1300-1430,,3277,30,0.1047,0.0806,0.0129,0.274,1.04,0.0296,0.68,0.63,-0.0509,0.1557,0.1275,2.7,1469,14,0.1996,0.1732,0.0191,0.317,0.53,0.1286,0.4,0.64,0.0283,0.1713,0.1151,0.67,False,,70.0,,,,,,,1.66,,,,,
E2,E2-gapdn-g1.66-rsi3ge70-t05s1,E2-gapdn-g1.66-rsi3ge70,t05s1,short,1300-1430,,3277,30,0.0717,0.0487,0.0102,0.6,0.28,0.0211,0.62,0.6,-0.0536,0.1252,0.0997,2.57,1469,14,0.1044,0.0789,0.0147,0.621,-0.19,0.048,0.5,0.64,0.0019,0.1025,0.0707,0.45,False,,70.0,,,,,,,1.66,,,,,
E2,E2-gapdn-g1.66-rsi3ge70-t1s05,E2-gapdn-g1.66-rsi3ge70,t1s05,short,1300-1430,,3277,30,0.0766,0.043,0.0112,0.241,0.42,0.0158,0.68,0.57,-0.0453,0.1219,0.0958,2.5,1469,14,0.1556,0.1185,0.0174,0.287,-0.12,0.0728,0.49,0.43,0.0035,0.152,0.1029,0.7,False,,70.0,,,,,,,1.66,,,,,
E2,E2-gapdn-g1.66-rsi3ge85-t1s1,E2-gapdn-g1.66-rsi3ge85,t1s1,short,1300-1430,,2021,30,0.0991,0.0751,0.0165,0.283,1.06,0.0024,0.97,0.67,-0.0509,0.1501,0.1478,2.59,860,14,0.1683,0.1419,0.0251,0.303,0.78,0.0916,0.46,0.57,0.0283,0.14,0.0857,1.02,False,,85.0,,,,,,,1.66,,,,,
E2,E2-gapdn-g1.66-rsi3ge85-t05s1,E2-gapdn-g1.66-rsi3ge85,t05s1,short,1300-1430,,2021,30,0.0545,0.032,0.0129,0.578,0.37,-0.0089,1.24,0.63,-0.0536,0.1081,0.108,2.5,860,14,0.0921,0.0673,0.0192,0.616,0.58,0.038,0.53,0.64,0.0019,0.0902,0.0584,1.46,False,,85.0,,,,,,,1.66,,,,,
E2,E2-gapdn-g1.66-rsi3ge85-t1s05,E2-gapdn-g1.66-rsi3ge85,t1s05,short,1300-1430,,2021,30,0.0775,0.044,0.0144,0.251,0.72,-0.0072,1.14,0.57,-0.0453,0.1228,0.1167,2.86,860,14,0.14,0.1026,0.0225,0.271,0.01,0.0475,0.61,0.43,0.0035,0.1365,0.088,0.81,False,,85.0,,,,,,,1.66,,,,,
E2,E2-gapdn-g2.66-rsi3ge50-t1s1,E2-gapdn-g2.66-rsi3ge50,t1s1,short,1300-1430,,1810,30,0.1257,0.1056,0.0173,0.287,0.79,0.0683,0.43,0.6,-0.0509,0.1766,0.119,1.99,744,14,0.2456,0.2211,0.0278,0.362,0.85,0.1626,0.5,0.71,0.0283,0.2173,0.1227,1.02,False,,50.0,,,,,,,2.66,,,,,
E2,E2-gapdn-g2.66-rsi3ge50-t05s1,E2-gapdn-g2.66-rsi3ge50,t05s1,short,1300-1430,,1810,30,0.1225,0.1038,0.0134,0.656,0.34,0.0832,0.3,0.57,-0.0536,0.1761,0.1246,2.05,744,14,0.1355,0.1126,0.0208,0.676,0.67,0.0972,0.41,0.64,0.0019,0.1336,0.072,1.86,False,,50.0,,,,,,,2.66,,,,,
E2,E2-gapdn-g2.66-rsi3ge50-t1s05,E2-gapdn-g2.66-rsi3ge50,t1s05,short,1300-1430,,1810,30,0.0766,0.0484,0.0149,0.239,0.42,0.0274,0.49,0.57,-0.0453,0.122,0.076,2.03,744,14,0.1536,0.1193,0.0248,0.301,0.09,0.0551,0.61,0.5,0.0035,0.1501,0.0698,0.89,False,,50.0,,,,,,,2.66,,,,,
E2,E2-gapdn-g2.66-rsi3ge70-t1s1,E2-gapdn-g2.66-rsi3ge70,t1s1,short,1300-1430,,1651,30,0.1149,0.0945,0.0179,0.27,0.64,0.0416,0.62,0.6,-0.0509,0.1658,0.131,1.91,681,14,0.2365,0.2117,0.0286,0.345,0.29,0.1269,0.59,0.57,0.0283,0.2082,0.13,0.33,False,,70.0,,,,,,,2.66,,,,,
E2,E2-gapdn-g2.66-rsi3ge70-t05s1,E2-gapdn-g2.66-rsi3ge70,t05s1,short,1300-1430,,1651,30,0.0983,0.0792,0.0141,0.618,0.26,0.0485,0.47,0.57,-0.0536,0.1519,0.1196,2.19,681,14,0.123,0.0991,0.0218,0.648,-0.26,0.0555,0.62,0.64,0.0019,0.1211,0.0743,0.25,False,,70.0,,,,,,,2.66,,,,,
E2,E2-gapdn-g2.66-rsi3ge70-t1s05,E2-gapdn-g2.66-rsi3ge70,t1s05,short,1300-1430,,1651,30,0.0711,0.0422,0.0157,0.234,-0.06,0.0197,0.6,0.5,-0.0453,0.1165,0.0864,1.74,681,14,0.1712,0.1378,0.0257,0.3,-0.25,0.1113,0.45,0.43,0.0035,0.1676,0.099,0.39,False,,70.0,,,,,,,2.66,,,,,
E2,E2-gapdn-g2.66-rsi3ge85-t1s1,E2-gapdn-g2.66-rsi3ge85,t1s1,short,1300-1430,,1043,30,0.1418,0.1221,0.0225,0.307,0.88,0.0314,0.79,0.6,-0.0509,0.1927,0.1812,1.92,409,14,0.2238,0.1994,0.0373,0.357,0.89,0.1022,0.64,0.43,0.0283,0.1955,0.1247,1.24,False,,85.0,,,,,,,2.66,,,,,
E2,E2-gapdn-g2.66-rsi3ge85-t05s1,E2-gapdn-g2.66-rsi3ge85,t05s1,short,1300-1430,,1043,30,0.0887,0.0702,0.0172,0.585,0.43,0.0154,0.82,0.6,-0.0536,0.1423,0.1339,2.26,409,14,0.1212,0.0986,0.0277,0.653,0.79,0.0577,0.59,0.64,0.0019,0.1193,0.0767,1.66,False,,85.0,,,,,,,2.66,,,,,
E2,E2-gapdn-g2.66-rsi3ge85-t1s05,E2-gapdn-g2.66-rsi3ge85,t1s05,short,1300-1430,,1043,30,0.1017,0.0734,0.0201,0.273,0.87,0.0117,0.87,0.53,-0.0453,0.1471,0.1348,2.5,409,14,0.1788,0.1444,0.0335,0.315,0.18,0.074,0.6,0.43,0.0035,0.1752,0.1113,0.92,False,,85.0,,,,,,,2.66,,,,,
E2ref,E2ref-gapdn-g0.88-t1s1,E2ref-gapdn-g0.88,t1s1,short,1300-1430,,7276,30,0.077,0.048,0.0091,0.289,0.81,0.0243,0.54,0.63,-0.0509,0.1279,0.0815,2.9,3770,14,0.1807,0.148,0.0125,0.345,0.72,0.1122,0.34,0.57,0.0283,0.1524,0.0945,1.13,False,,,,,,,,,0.88,,,,,
E2ref,E2ref-gapdn-g0.88-t05s1,E2ref-gapdn-g0.88,t05s1,short,1300-1430,,7276,30,0.0447,0.0169,0.0072,0.611,-0.13,-0.0004,1.02,0.53,-0.0536,0.0982,0.0574,2.28,3770,14,0.0967,0.0653,0.0095,0.646,0.2,0.0387,0.49,0.57,0.0019,0.0948,0.053,1.24,False,,,,,,,,,0.88,,,,,
E2ref,E2ref-gapdn-g0.88-t1s05,E2ref-gapdn-g0.88,t1s05,short,1300-1430,,7276,30,0.0591,0.02,0.0077,0.249,0.21,0.0031,0.85,0.53,-0.0453,0.1044,0.0636,2.59,3770,14,0.1318,0.0881,0.0111,0.309,0.2,0.0556,0.45,0.5,0.0035,0.1282,0.0791,1.73,False,,,,,,,,,0.88,,,,,
E2ref,E2ref-gapdn-g1.66-t1s1,E2ref-gapdn-g1.66,t1s1,short,1300-1430,,3587,30,0.1051,0.0803,0.0127,0.297,0.86,0.0513,0.44,0.67,-0.0509,0.156,0.1041,2.32,1630,14,0.2132,0.1862,0.0187,0.352,0.35,0.1357,0.4,0.5,0.0283,0.1849,0.1016,0.48,False,,,,,,,,,1.66,,,,,
E2ref,E2ref-gapdn-g1.66-t05s1,E2ref-gapdn-g1.66,t05s1,short,1300-1430,,3587,30,0.0759,0.0521,0.0101,0.633,0.0,0.0305,0.45,0.57,-0.0536,0.1295,0.0815,1.83,1630,14,0.114,0.0883,0.0142,0.655,0.1,0.0557,0.48,0.5,0.0019,0.1121,0.0558,0.89,False,,,,,,,,,1.66,,,,,
E2ref,E2ref-gapdn-g1.66-t1s05,E2ref-gapdn-g1.66,t1s05,short,1300-1430,,3587,30,0.0656,0.0316,0.0109,0.249,0.14,0.0095,0.72,0.5,-0.0453,0.1109,0.069,1.75,1630,14,0.1553,0.1172,0.0168,0.312,-0.07,0.0693,0.5,0.43,0.0035,0.1518,0.0796,0.91,False,,,,,,,,,1.66,,,,,
E2ref,E2ref-gapdn-g2.66-t1s1,E2ref-gapdn-g2.66,t1s1,short,1300-1430,,1818,30,0.1168,0.0959,0.0177,0.294,0.76,0.0682,0.38,0.6,-0.0509,0.1677,0.1029,1.85,749,14,0.246,0.2214,0.0279,0.364,0.31,0.1651,0.49,0.57,0.0283,0.2177,0.1073,0.35,False,,,,,,,,,2.66,,,,,
E2ref,E2ref-gapdn-g2.66-t05s1,E2ref-gapdn-g2.66,t05s1,short,1300-1430,,1818,30,0.1003,0.0806,0.0138,0.645,-0.28,0.0513,0.43,0.57,-0.0536,0.1539,0.0953,1.05,749,14,0.1286,0.1054,0.021,0.674,0.08,0.0705,0.43,0.57,0.0019,0.1267,0.0511,0.65,False,,,,,,,,,2.66,,,,,
E2ref,E2ref-gapdn-g2.66-t1s05,E2ref-gapdn-g2.66,t1s05,short,1300-1430,,1818,30,0.0664,0.0374,0.0151,0.243,0.28,0.0104,0.75,0.5,-0.0453,0.1117,0.0602,1.71,749,14,0.1676,0.1329,0.0248,0.312,0.01,0.0666,0.57,0.43,0.0035,0.164,0.0675,0.73,False,,,,,,,,,2.66,,,,,
