part,list,set,side,geom,hedge,n_all,t_req,beta_mean,n,days,win_rate,exp_r,t,ex_best_day,busiest,up_n,up_exp,up_t,flat_n,flat_exp,flat_t,down_n,down_exp,down_t,regime_pass,wf_share,wf_folds,pass,fails,family,N,k,dir,variant,plateau
existing,L3-gap-slope-fromopen-FD,full,short,t1s1,none,4873.0,4.322,1.971,4579,365,0.515,-0.0291,-0.79,-0.0556,0.1168,2752,-0.1069,-1.6,869,-0.0019,-0.04,958,0.1695,3.82,False,0.412,17,,exp<=0;up/down;t<4.322;wf<0.6;exbest<=0;busiest>10%,,,,,,
existing,L3-gap-slope-fromopen-FD,full,short,t1s1,SPY,4873.0,4.322,1.971,4579,365,0.4861,-0.0793,-3.47,-0.0908,0.1168,2752,-0.0941,-3.09,869,-0.0953,-1.97,958,-0.0223,-0.45,False,0.294,17,False,exp<=0;up/down;t<4.322;wf<0.6;exbest<=0;busiest>10%,,,,,,
existing,L3-gap-slope-fromopen-FD,full,short,t1s1,SEC,4873.0,4.322,1.611,4579,365,0.477,-0.0855,-3.63,-0.0903,0.1168,2752,-0.0895,-2.63,869,-0.0942,-2.37,958,-0.0663,-1.62,False,0.118,17,False,exp<=0;up/down;t<4.322;wf<0.6;exbest<=0;busiest>10%,,,,,,
existing,L3-gap-slope-lowdist-FD,full,short,t1s1,none,4156.0,4.322,1.848,3926,340,0.4832,-0.0965,-1.62,-0.1224,0.1042,2263,-0.2459,-4.24,594,-0.0365,-0.57,1069,0.1864,2.28,False,0.412,17,,exp<=0;up/down;t<4.322;wf<0.6;exbest<=0;busiest>10%,,,,,,
existing,L3-gap-slope-lowdist-FD,full,short,t1s1,SPY,4156.0,4.322,1.848,3926,340,0.4664,-0.1058,-3.19,-0.1134,0.1042,2263,-0.0706,-2.52,594,-0.1321,-2.05,1069,-0.1655,-2.0,False,0.294,17,False,exp<=0;up/down;t<4.322;wf<0.6;exbest<=0;busiest>10%,,,,,,
existing,L3-gap-slope-lowdist-FD,full,short,t1s1,SEC,4156.0,4.322,1.472,3926,340,0.4659,-0.0941,-4.26,-0.0983,0.1042,2263,-0.077,-3.26,594,-0.0935,-1.93,1069,-0.1306,-2.59,False,0.059,17,False,exp<=0;up/down;t<4.322;wf<0.6;exbest<=0;busiest>10%,,,,,,
existing,L3-gap-slope-rsi5hi-FD,full,short,t05s1,none,5713.0,4.322,2.058,5365,372,0.6624,-0.0214,-0.69,-0.0386,0.0805,2823,-0.0775,-1.44,1069,-0.0202,-0.61,1473,0.085,1.77,False,0.353,17,,exp<=0;up/down;t<4.322;wf<0.6;exbest<=0,,,,,,
existing,L3-gap-slope-rsi5hi-FD,full,short,t05s1,SPY,5713.0,4.322,2.058,5365,372,0.5812,-0.0945,-4.11,-0.1012,0.0805,2823,-0.1061,-3.1,1069,-0.0691,-2.14,1473,-0.0906,-2.02,False,0.118,17,False,exp<=0;up/down;t<4.322;wf<0.6;exbest<=0,,,,,,
existing,L3-gap-slope-rsi5hi-FD,full,short,t05s1,SEC,5713.0,4.322,1.658,5365,372,0.5387,-0.101,-4.87,-0.1048,0.0805,2823,-0.1133,-3.51,1069,-0.0661,-2.43,1473,-0.1028,-3.01,False,0.059,17,False,exp<=0;up/down;t<4.322;wf<0.6;exbest<=0,,,,,,
existing,MF1-945-flowsell-vwapup-FD,full,short,t1s05,none,10540.0,4.246,0.828,10037,396,0.3695,-0.0721,-5.09,-0.0752,0.0161,4240,-0.2104,-10.24,3327,-0.0053,-0.26,2470,0.0754,3.11,False,0.118,17,,exp<=0;up/down;t<4.246;wf<0.6;exbest<=0,,,,,,
existing,MF1-945-flowsell-vwapup-FD,full,short,t1s05,SPY,10540.0,4.246,0.828,10037,396,0.3508,-0.1196,-11.55,-0.1229,0.0161,4240,-0.154,-8.74,3327,-0.087,-5.37,2470,-0.1046,-5.58,False,0.059,17,False,exp<=0;up/down;t<4.246;wf<0.6;exbest<=0,,,,,,
existing,MF1-945-flowsell-vwapup-FD,full,short,t1s05,SEC,10540.0,4.246,0.854,10037,396,0.3508,-0.1565,-19.18,-0.1596,0.0161,4240,-0.1715,-12.07,3327,-0.1404,-11.37,2470,-0.1524,-10.18,False,0.0,17,False,exp<=0;up/down;t<4.246;wf<0.6;exbest<=0,,,,,,
existing,MF1-945-flowsell-vwapup-cur,current,short,t1s05,none,2389.0,4.246,0.826,2272,362,0.3794,-0.0568,-1.97,-0.0642,0.0145,888,-0.2361,-5.37,802,0.0479,1.01,582,0.0724,1.39,False,0.235,17,,exp<=0;up/down;t<4.246;wf<0.6;exbest<=0,,,,,,
existing,MF1-945-flowsell-vwapup-cur,current,short,t1s05,SPY,2389.0,4.246,0.826,2272,362,0.3776,-0.1184,-4.59,-0.1309,0.0145,888,-0.1642,-3.4,802,-0.0669,-1.58,582,-0.1196,-3.05,False,0.176,17,False,exp<=0;up/down;t<4.246;wf<0.6;exbest<=0,,,,,,
existing,MF1-945-flowsell-vwapup-cur,current,short,t1s05,SEC,2389.0,4.246,0.808,2272,362,0.371,-0.1446,-6.17,-0.1566,0.0145,888,-0.1525,-3.21,802,-0.1298,-4.06,582,-0.1527,-4.38,False,0.118,17,False,exp<=0;up/down;t<4.246;wf<0.6;exbest<=0,,,,,,
existing,MF2-open-rsimidhi-flowsell-FD,full,short,t1s05,none,4517.0,4.246,1.684,4295,387,0.3723,-0.0518,-2.43,-0.0605,0.0156,928,-0.122,-3.93,1374,-0.1447,-4.76,1993,0.0449,1.26,False,0.235,17,,exp<=0;up/down;t<4.246;wf<0.6;exbest<=0,,,,,,
existing,MF2-open-rsimidhi-flowsell-FD,full,short,t1s05,SPY,4517.0,4.246,1.684,4295,387,0.3639,-0.0914,-6.89,-0.0962,0.0156,928,-0.0735,-3.01,1374,-0.1361,-5.79,1993,-0.069,-3.37,False,0.118,17,False,exp<=0;up/down;t<4.246;wf<0.6;exbest<=0,,,,,,
existing,MF2-open-rsimidhi-flowsell-FD,full,short,t1s05,SEC,4517.0,4.246,1.36,4295,387,0.37,-0.093,-8.76,-0.0949,0.0156,928,-0.0634,-2.96,1374,-0.1257,-6.3,1993,-0.0842,-5.42,False,0.059,17,False,exp<=0;up/down;t<4.246;wf<0.6;exbest<=0,,,,,,
existing,MF2-open-rsimidhi-flowsell-cur,current,short,t1s05,none,610.0,4.246,1.72,576,226,0.3594,-0.0366,-0.97,-0.0465,0.0365,196,-0.0906,-1.49,177,0.0163,0.24,203,-0.0306,-0.45,False,0.4,15,,exp<=0;up/down;t<4.246;wf<0.6;exbest<=0,,,,,,
existing,MF2-open-rsimidhi-flowsell-cur,current,short,t1s05,SPY,610.0,4.246,1.72,576,226,0.3663,-0.0669,-2.01,-0.0755,0.0365,196,-0.0296,-0.61,177,-0.0389,-0.67,203,-0.1273,-2.15,False,0.333,15,False,exp<=0;up/down;t<4.246;wf<0.6;exbest<=0,,,,,,
existing,MF2-open-rsimidhi-flowsell-cur,current,short,t1s05,SEC,610.0,4.246,1.378,576,226,0.3681,-0.0752,-2.62,-0.0814,0.0365,196,-0.0254,-0.54,177,-0.066,-1.34,203,-0.1313,-2.78,False,0.267,15,False,exp<=0;up/down;t<4.246;wf<0.6;exbest<=0,,,,,,
existing,MF3-open-flowsell-rsi5hi-FD,full,short,t1s1,none,10564.0,4.246,1.008,10027,396,0.4867,-0.0698,-3.89,-0.0731,0.0118,3380,-0.276,-9.54,3391,-0.031,-1.15,3256,0.1036,3.46,False,0.176,17,,exp<=0;up/down;t<4.246;wf<0.6;exbest<=0,,,,,,
existing,MF3-open-flowsell-rsi5hi-FD,full,short,t1s1,SPY,10564.0,4.246,1.008,10027,396,0.4594,-0.1033,-7.95,-0.1072,0.0118,3380,-0.1403,-5.62,3391,-0.0807,-3.94,3256,-0.0884,-4.0,False,0.059,17,False,exp<=0;up/down;t<4.246;wf<0.6;exbest<=0,,,,,,
existing,MF3-open-flowsell-rsi5hi-FD,full,short,t1s1,SEC,10564.0,4.246,0.955,10027,396,0.4348,-0.1349,-14.19,-0.1366,0.0118,3380,-0.1589,-9.45,3391,-0.1212,-7.85,3256,-0.1243,-7.28,False,0.0,17,False,exp<=0;up/down;t<4.246;wf<0.6;exbest<=0,,,,,,
existing,MF3-open-flowsell-rsi5hi-cur,current,short,t1s1,none,4136.0,4.246,0.79,3960,390,0.5025,-0.0721,-2.36,-0.0771,0.0265,1671,-0.2931,-5.71,1326,0.0402,0.94,963,0.1569,3.04,False,0.353,17,,exp<=0;up/down;t<4.246;wf<0.6;exbest<=0,,,,,,
existing,MF3-open-flowsell-rsi5hi-cur,current,short,t1s1,SPY,4136.0,4.246,0.79,3960,390,0.4871,-0.0953,-4.03,-0.1043,0.0265,1671,-0.1357,-3.2,1326,-0.0555,-1.49,963,-0.0798,-2.02,False,0.235,17,False,exp<=0;up/down;t<4.246;wf<0.6;exbest<=0,,,,,,
existing,MF3-open-flowsell-rsi5hi-cur,current,short,t1s1,SEC,4136.0,4.246,0.819,3960,390,0.4419,-0.1554,-9.16,-0.1593,0.0265,1671,-0.1679,-6.33,1326,-0.1403,-5.09,963,-0.1544,-4.2,False,0.0,17,False,exp<=0;up/down;t<4.246;wf<0.6;exbest<=0,,,,,,
existing,MF4-h40-open-flowsell-FD,full,short,t05s1,none,7273.0,4.246,1.409,6877,396,0.6208,-0.0782,-4.31,-0.0815,0.0137,2261,-0.2234,-6.06,2312,-0.0356,-1.39,2304,0.0215,1.04,False,0.118,17,,exp<=0;up/down;t<4.246;wf<0.6;exbest<=0,,,,,,
existing,MF4-h40-open-flowsell-FD,full,short,t05s1,SPY,7273.0,4.246,1.409,6877,396,0.5668,-0.0942,-7.5,-0.1011,0.0137,2261,-0.1051,-3.68,2312,-0.0938,-4.87,2304,-0.0838,-5.18,False,0.0,17,False,exp<=0;up/down;t<4.246;wf<0.6;exbest<=0,,,,,,
existing,MF4-h40-open-flowsell-FD,full,short,t05s1,SEC,7273.0,4.246,1.212,6877,396,0.5143,-0.1099,-11.15,-0.1146,0.0137,2261,-0.127,-5.76,2312,-0.1041,-7.22,2304,-0.0991,-7.05,False,0.0,17,False,exp<=0;up/down;t<4.246;wf<0.6;exbest<=0,,,,,,
existing,MF4-h40-open-flowsell-cur,current,short,t05s1,none,3318.0,4.246,1.333,3147,387,0.6387,-0.0904,-2.95,-0.0955,0.0286,1211,-0.251,-4.23,1020,-0.0133,-0.37,916,0.0361,1.31,False,0.294,17,,exp<=0;up/down;t<4.246;wf<0.6;exbest<=0,,,,,,
existing,MF4-h40-open-flowsell-cur,current,short,t05s1,SPY,3318.0,4.246,1.333,3147,387,0.5872,-0.0826,-3.71,-0.0987,0.0286,1211,-0.0817,-1.67,1020,-0.0809,-2.73,916,-0.0857,-3.54,False,0.235,17,False,exp<=0;up/down;t<4.246;wf<0.6;exbest<=0,,,,,,
existing,MF4-h40-open-flowsell-cur,current,short,t05s1,SEC,3318.0,4.246,1.127,3147,387,0.5151,-0.1175,-6.75,-0.1288,0.0286,1211,-0.1221,-3.43,1020,-0.1139,-4.78,916,-0.1153,-4.44,False,0.0,17,False,exp<=0;up/down;t<4.246;wf<0.6;exbest<=0,,,,,,
existing,MF5-flowsell-vwapup-rsi5hi-FD,full,short,t1s1,none,6827.0,4.246,0.787,6495,395,0.5007,-0.0489,-2.17,-0.0519,0.0174,2649,-0.276,-7.67,2213,0.0561,1.78,1633,0.1773,5.25,False,0.353,17,,exp<=0;up/down;t<4.246;wf<0.6;exbest<=0,,,,,,
existing,MF5-flowsell-vwapup-rsi5hi-FD,full,short,t1s1,SPY,6827.0,4.246,0.787,6495,395,0.4668,-0.0896,-5.32,-0.0957,0.0174,2649,-0.144,-4.69,2213,-0.0386,-1.44,1633,-0.0704,-2.64,False,0.235,17,False,exp<=0;up/down;t<4.246;wf<0.6;exbest<=0,,,,,,
existing,MF5-flowsell-vwapup-rsi5hi-FD,full,short,t1s1,SEC,6827.0,4.246,0.819,6495,395,0.4328,-0.1447,-12.31,-0.1465,0.0174,2649,-0.1729,-8.84,2213,-0.1149,-6.15,1633,-0.1392,-6.0,False,0.0,17,False,exp<=0;up/down;t<4.246;wf<0.6;exbest<=0,,,,,,
existing,MF5-flowsell-vwapup-rsi5hi-cur,current,short,t1s1,none,6827.0,4.246,0.787,6495,395,0.5007,-0.0489,-2.17,-0.0519,0.0174,2649,-0.276,-7.67,2213,0.0561,1.78,1633,0.1773,5.25,False,0.353,17,,exp<=0;up/down;t<4.246;wf<0.6;exbest<=0,,,,,,
existing,MF5-flowsell-vwapup-rsi5hi-cur,current,short,t1s1,SPY,6827.0,4.246,0.787,6495,395,0.4668,-0.0896,-5.32,-0.0957,0.0174,2649,-0.144,-4.69,2213,-0.0386,-1.44,1633,-0.0704,-2.64,False,0.235,17,False,exp<=0;up/down;t<4.246;wf<0.6;exbest<=0,,,,,,
existing,MF5-flowsell-vwapup-rsi5hi-cur,current,short,t1s1,SEC,6827.0,4.246,0.819,6495,395,0.4328,-0.1447,-12.31,-0.1465,0.0174,2649,-0.1729,-8.84,2213,-0.1149,-6.15,1633,-0.1392,-6.0,False,0.0,17,False,exp<=0;up/down;t<4.246;wf<0.6;exbest<=0,,,,,,
existing,NS1-rsidip-rsi5pop-long-FD,full,long,t05s1,none,2438.0,4.227,1.544,2340,375,0.6043,-0.0644,-3.11,-0.0705,0.0188,1152,0.0403,1.38,682,-0.1506,-4.47,506,-0.1868,-5.41,False,0.235,17,,exp<=0;up/down;t<4.227;wf<0.6;exbest<=0,,,,,,
existing,NS1-rsidip-rsi5pop-long-FD,full,long,t05s1,SPY,2438.0,4.227,1.544,2340,375,0.5688,-0.1026,-5.49,-0.1066,0.0188,1152,-0.0751,-2.4,682,-0.1459,-5.42,506,-0.1071,-3.51,False,0.059,17,False,exp<=0;up/down;t<4.227;wf<0.6;exbest<=0,,,,,,
existing,NS1-rsidip-rsi5pop-long-FD,full,long,t05s1,SEC,2438.0,4.227,1.307,2340,375,0.5231,-0.1217,-6.76,-0.1243,0.0188,1152,-0.1101,-3.57,682,-0.1592,-6.56,506,-0.0974,-3.37,False,0.059,17,False,exp<=0;up/down;t<4.227;wf<0.6;exbest<=0,,,,,,
existing,NS1-rsidip-rsi5pop-long-cur,current,long,t05s1,none,444.0,4.227,1.702,427,201,0.7096,0.0449,1.12,0.0289,0.0375,190,0.1047,1.7,128,-0.0115,-0.18,109,0.0067,0.09,True,0.5,14,,t<4.227;wf<0.6,,,,,,
existing,NS1-rsidip-rsi5pop-long-cur,current,long,t05s1,SPY,444.0,4.227,1.702,427,201,0.6417,-0.0714,-1.08,-0.077,0.0375,190,-0.1777,-1.37,128,-0.0158,-0.27,109,0.0487,0.72,False,0.429,14,False,exp<=0;up/down;t<4.227;wf<0.6;exbest<=0,,,,,,
existing,NS1-rsidip-rsi5pop-long-cur,current,long,t05s1,SEC,444.0,4.227,1.465,427,201,0.5667,-0.1219,-1.78,-0.1282,0.0375,190,-0.2597,-1.91,128,-0.0193,-0.38,109,-0.0022,-0.04,False,0.357,14,False,exp<=0;up/down;t<4.227;wf<0.6;exbest<=0,,,,,,
existing,NS2-sma50break-overbought-short-FD,full,short,t1s1,none,8151.0,4.227,1.664,7793,392,0.4915,-0.0497,-1.62,-0.0707,0.0515,3920,-0.1544,-2.51,2102,0.0001,0.0,1771,0.123,3.31,False,0.235,17,,exp<=0;up/down;t<4.227;wf<0.6;exbest<=0,,,,,,
existing,NS2-sma50break-overbought-short-FD,full,short,t1s1,SPY,8151.0,4.227,1.664,7793,392,0.4714,-0.0901,-4.62,-0.1003,0.0515,3920,-0.0959,-3.01,2102,-0.1029,-3.82,1771,-0.062,-1.66,False,0.0,17,False,exp<=0;up/down;t<4.227;wf<0.6;exbest<=0,,,,,,
existing,NS2-sma50break-overbought-short-FD,full,short,t1s1,SEC,8151.0,4.227,1.358,7793,392,0.4599,-0.0818,-4.96,-0.0932,0.0515,3920,-0.0692,-2.49,2102,-0.1061,-5.23,1771,-0.0809,-3.03,False,0.0,17,False,exp<=0;up/down;t<4.227;wf<0.6;exbest<=0,,,,,,
existing,NS2-sma50break-overbought-short-cur,current,short,t1s1,none,3124.0,4.227,1.733,3006,342,0.519,0.0042,0.07,-0.0463,0.1178,1751,-0.0555,-0.51,642,0.0178,0.33,613,0.1605,2.18,False,0.412,17,,up/down;t<4.227;wf<0.6;exbest<=0;busiest>10%,,,,,,
existing,NS2-sma50break-overbought-short-cur,current,short,t1s1,SPY,3124.0,4.227,1.733,3006,342,0.4904,-0.0758,-2.66,-0.0835,0.1178,1751,-0.0716,-2.05,642,-0.0957,-1.68,613,-0.0669,-0.88,False,0.471,17,False,exp<=0;up/down;t<4.227;wf<0.6;exbest<=0;busiest>10%,,,,,,
existing,NS2-sma50break-overbought-short-cur,current,short,t1s1,SEC,3124.0,4.227,1.377,3006,342,0.4854,-0.0606,-2.79,-0.0713,0.1178,1751,-0.038,-1.35,642,-0.0987,-2.19,613,-0.0854,-1.74,False,0.294,17,False,exp<=0;up/down;t<4.227;wf<0.6;exbest<=0;busiest>10%,,,,,,
existing,NS3-failed-vwap-reclaim-short-FD,full,short,t1s1,none,10201.0,4.227,1.715,9659,396,0.4988,-0.0229,-1.13,-0.0302,0.0314,2076,-0.1491,-4.9,3446,-0.0811,-2.25,4137,0.0889,3.49,False,0.353,17,,exp<=0;up/down;t<4.227;wf<0.6;exbest<=0,,,,,,
existing,NS3-failed-vwap-reclaim-short-FD,full,short,t1s1,SPY,10201.0,4.227,1.715,9659,396,0.4689,-0.0682,-3.93,-0.0768,0.0314,2076,-0.0754,-3.04,3446,-0.0887,-3.25,4137,-0.0475,-1.56,False,0.235,17,False,exp<=0;up/down;t<4.227;wf<0.6;exbest<=0,,,,,,
existing,NS3-failed-vwap-reclaim-short-FD,full,short,t1s1,SEC,10201.0,4.227,1.378,9659,396,0.4649,-0.0642,-6.45,-0.0665,0.0314,2076,-0.0695,-3.29,3446,-0.0613,-3.71,4137,-0.0641,-4.15,False,0.059,17,False,exp<=0;up/down;t<4.227;wf<0.6;exbest<=0,,,,,,
existing,NS3-failed-vwap-reclaim-short-cur,current,short,t1s1,none,1510.0,4.227,2.063,1453,302,0.5485,0.049,1.08,0.033,0.0551,355,-0.0935,-1.56,577,-0.0328,-0.46,521,0.2368,3.23,False,0.706,17,,up/down;t<4.227,,,,,,
existing,NS3-failed-vwap-reclaim-short-cur,current,short,t1s1,SPY,1510.0,4.227,2.063,1453,302,0.5286,-0.0124,-0.3,-0.0288,0.0551,355,0.0109,0.21,577,-0.093,-1.36,521,0.061,0.98,True,0.471,17,False,exp<=0;t<4.227;wf<0.6;exbest<=0,,,,,,
existing,NS3-failed-vwap-reclaim-short-cur,current,short,t1s1,SEC,1510.0,4.227,1.609,1453,302,0.4935,-0.023,-0.82,-0.0351,0.0551,355,0.02,0.43,577,-0.0482,-0.91,521,-0.0243,-0.57,False,0.412,17,False,exp<=0;up/down;t<4.227;wf<0.6;exbest<=0,,,,,,
existing,NS4-pm-vwap-reclaim-oversold-short-FD,full,short,t1s05,none,1692.0,4.227,1.511,1632,345,0.3891,-0.0556,-1.88,-0.0608,0.0527,760,-0.1617,-3.58,506,-0.0152,-0.48,366,0.1085,2.5,False,0.235,17,,exp<=0;up/down;t<4.227;wf<0.6;exbest<=0,,,,,,
existing,NS4-pm-vwap-reclaim-oversold-short-FD,full,short,t1s05,SPY,1692.0,4.227,1.511,1632,345,0.383,-0.0625,-3.18,-0.0675,0.0527,760,-0.0798,-2.44,506,-0.0595,-1.99,366,-0.0306,-0.83,False,0.235,17,False,exp<=0;up/down;t<4.227;wf<0.6;exbest<=0,,,,,,
existing,NS4-pm-vwap-reclaim-oversold-short-FD,full,short,t1s05,SEC,1692.0,4.227,1.298,1632,345,0.3781,-0.0895,-5.4,-0.0931,0.0527,760,-0.0938,-3.5,506,-0.0897,-3.5,366,-0.0804,-2.44,False,0.118,17,False,exp<=0;up/down;t<4.227;wf<0.6;exbest<=0,,,,,,
existing,NS4-pm-vwap-reclaim-oversold-short-cur,current,short,t1s05,none,1469.0,4.227,1.501,1416,328,0.3884,-0.0682,-2.09,-0.0725,0.0607,691,-0.1752,-3.7,434,-0.025,-0.69,291,0.1212,2.62,False,0.353,17,,exp<=0;up/down;t<4.227;wf<0.6;exbest<=0,,,,,,
existing,NS4-pm-vwap-reclaim-oversold-short-cur,current,short,t1s05,SPY,1469.0,4.227,1.501,1416,328,0.3821,-0.0691,-3.22,-0.0727,0.0607,691,-0.0907,-2.61,434,-0.0705,-2.12,291,-0.0155,-0.4,False,0.235,17,False,exp<=0;up/down;t<4.227;wf<0.6;exbest<=0,,,,,,
existing,NS4-pm-vwap-reclaim-oversold-short-cur,current,short,t1s05,SEC,1469.0,4.227,1.289,1416,328,0.3771,-0.0945,-5.33,-0.0968,0.0607,691,-0.104,-3.65,434,-0.1009,-3.69,291,-0.0624,-1.83,False,0.118,17,False,exp<=0;up/down;t<4.227;wf<0.6;exbest<=0,,,,,,
existing,NS5-sma50-flush-oversold-long-FD,full,long,t1s1,none,3139.0,4.227,1.707,3027,363,0.4955,-0.0432,-0.8,-0.0631,0.0469,599,0.0514,1.07,1000,0.0472,0.88,1428,-0.1462,-1.46,False,0.353,17,,exp<=0;up/down;t<4.227;wf<0.6;exbest<=0,,,,,,
existing,NS5-sma50-flush-oversold-long-FD,full,long,t1s1,SPY,3139.0,4.227,1.707,3027,363,0.4774,-0.0499,-2.43,-0.0548,0.0469,599,-0.0871,-2.0,1000,-0.0377,-0.98,1428,-0.0429,-1.47,False,0.176,17,False,exp<=0;up/down;t<4.227;wf<0.6;exbest<=0,,,,,,
existing,NS5-sma50-flush-oversold-long-FD,full,long,t1s1,SEC,3139.0,4.227,1.379,3027,363,0.4678,-0.0771,-4.69,-0.0813,0.0469,599,-0.108,-2.98,1000,-0.0526,-1.75,1428,-0.0813,-3.52,False,0.118,17,False,exp<=0;up/down;t<4.227;wf<0.6;exbest<=0,,,,,,
existing,NS5-sma50-flush-oversold-long-cur,current,long,t1s1,none,1305.0,4.227,1.668,1258,278,0.5016,-0.0397,-0.47,-0.0648,0.0874,197,0.091,1.24,436,0.1489,1.62,625,-0.2125,-1.71,False,0.529,17,,exp<=0;up/down;t<4.227;wf<0.6;exbest<=0,,,,,,
existing,NS5-sma50-flush-oversold-long-cur,current,long,t1s1,SPY,1305.0,4.227,1.668,1258,278,0.5215,0.0132,0.39,0.0029,0.0874,197,-0.0632,-0.94,436,0.046,0.69,625,0.0144,0.32,False,0.471,17,False,up/down;t<4.227;wf<0.6,,,,,,
existing,NS5-sma50-flush-oversold-long-cur,current,long,t1s1,SEC,1305.0,4.227,1.395,1258,278,0.4952,-0.0283,-0.95,-0.037,0.0874,197,-0.1007,-1.57,436,0.0219,0.41,625,-0.0406,-1.0,False,0.412,17,False,exp<=0;up/down;t<4.227;wf<0.6;exbest<=0,,,,,,
existing,RDT-R01-orb30-long,reddit,long,t1s1,none,197074.0,3.98,1.057,185950,396,0.4921,-0.0751,-4.95,-0.0782,0.0045,81244,0.1303,6.36,59707,-0.17,-10.33,44999,-0.3199,-18.12,False,0.059,17,,exp<=0;up/down;t<3.98;wf<0.6;exbest<=0,,,,,,
existing,RDT-R01-orb30-long,reddit,long,t1s1,SPY,197074.0,3.98,1.057,185950,396,0.4638,-0.1295,-16.11,-0.1315,0.0045,81244,-0.0944,-7.17,59707,-0.1509,-11.78,44999,-0.1644,-11.57,False,0.0,17,False,exp<=0;up/down;t<3.98;wf<0.6;exbest<=0,,,,,,
existing,RDT-R01-orb30-long,reddit,long,t1s1,SEC,197074.0,3.98,1.002,185950,396,0.4387,-0.1524,-33.65,-0.153,0.0045,81244,-0.1375,-18.01,59707,-0.1637,-23.32,44999,-0.1642,-20.39,False,0.0,17,False,exp<=0;up/down;t<3.98;wf<0.6;exbest<=0,,,,,,
existing,RDT-R01-orb30-short,reddit,short,t1s1,none,191181.0,3.98,1.076,179614,396,0.4861,-0.0818,-5.13,-0.0852,0.0046,43391,-0.3245,-15.11,59658,-0.1444,-7.29,76565,0.1044,4.69,False,0.118,17,,exp<=0;up/down;t<3.98;wf<0.6;exbest<=0,,,,,,
existing,RDT-R01-orb30-short,reddit,short,t1s1,SPY,191181.0,3.98,1.076,179614,396,0.4635,-0.1148,-15.2,-0.1162,0.0046,43391,-0.1493,-10.34,59658,-0.1302,-10.07,76565,-0.0832,-7.25,False,0.0,17,False,exp<=0;up/down;t<3.98;wf<0.6;exbest<=0,,,,,,
existing,RDT-R01-orb30-short,reddit,short,t1s1,SEC,191181.0,3.98,1.006,179614,396,0.4388,-0.1423,-32.94,-0.1428,0.0046,43391,-0.1433,-16.32,59658,-0.1605,-21.54,76565,-0.1275,-20.05,False,0.0,17,False,exp<=0;up/down;t<3.98;wf<0.6;exbest<=0,,,,,,
existing,RDT-R02-vwap-reclaim-long,reddit,long,t1s1,none,222794.0,3.98,1.058,209835,396,0.4834,-0.0771,-5.38,-0.0801,0.0039,65514,0.1383,6.48,72707,-0.0685,-4.12,71614,-0.2829,-13.19,False,0.118,17,,exp<=0;up/down;t<3.98;wf<0.6;exbest<=0,,,,,,
existing,RDT-R02-vwap-reclaim-long,reddit,long,t1s1,SPY,222794.0,3.98,1.058,209835,396,0.4617,-0.1137,-17.34,-0.1149,0.0039,65514,-0.0814,-6.97,72707,-0.1147,-10.97,71614,-0.1422,-12.56,False,0.0,17,False,exp<=0;up/down;t<3.98;wf<0.6;exbest<=0,,,,,,
existing,RDT-R02-vwap-reclaim-long,reddit,long,t1s1,SEC,222794.0,3.98,1.01,209835,396,0.4292,-0.1506,-40.46,-0.1511,0.0039,65514,-0.1435,-18.3,72707,-0.1463,-27.76,71614,-0.1615,-26.42,False,0.0,17,False,exp<=0;up/down;t<3.98;wf<0.6;exbest<=0,,,,,,
existing,RDT-R02-vwap-reclaim-short,reddit,short,t1s1,none,226200.0,3.98,1.045,213406,396,0.4799,-0.077,-5.31,-0.0797,0.0041,71879,-0.3033,-14.92,73134,-0.0597,-3.49,68393,0.1423,6.84,False,0.176,17,,exp<=0;up/down;t<3.98;wf<0.6;exbest<=0,,,,,,
existing,RDT-R02-vwap-reclaim-short,reddit,short,t1s1,SPY,226200.0,3.98,1.045,213406,396,0.4582,-0.1067,-16.66,-0.108,0.0041,71879,-0.1514,-13.84,73134,-0.0989,-9.31,68393,-0.0681,-6.54,False,0.0,17,False,exp<=0;up/down;t<3.98;wf<0.6;exbest<=0,,,,,,
existing,RDT-R02-vwap-reclaim-short,reddit,short,t1s1,SEC,226200.0,3.98,1.006,213406,396,0.434,-0.1394,-39.8,-0.14,0.0041,71879,-0.1535,-26.03,73134,-0.1379,-22.3,68393,-0.1262,-21.64,False,0.0,17,False,exp<=0;up/down;t<3.98;wf<0.6;exbest<=0,,,,,,
existing,RDT-R03-vwap-fade-long,reddit,long,t1s1,none,2390.0,3.98,0.974,2273,317,0.491,-0.0979,-2.7,-0.1062,0.0805,455,0.0002,0.0,633,-0.0188,-0.32,1185,-0.1778,-3.14,False,0.235,17,,exp<=0;up/down;t<3.98;wf<0.6;exbest<=0,,,,,,
existing,RDT-R03-vwap-fade-long,reddit,long,t1s1,SPY,2390.0,3.98,0.974,2273,317,0.4681,-0.1387,-4.99,-0.1448,0.0805,455,-0.0723,-1.13,633,-0.0711,-1.6,1185,-0.2003,-5.83,False,0.176,17,False,exp<=0;up/down;t<3.98;wf<0.6;exbest<=0,,,,,,
existing,RDT-R03-vwap-fade-long,reddit,long,t1s1,SEC,2390.0,3.98,0.918,2273,317,0.458,-0.1627,-6.36,-0.1669,0.0805,455,-0.1448,-2.62,633,-0.0801,-1.9,1185,-0.2137,-6.89,False,0.118,17,False,exp<=0;up/down;t<3.98;wf<0.6;exbest<=0,,,,,,
existing,RDT-R03-vwap-fade-short,reddit,short,t1s1,none,2602.0,3.98,1.041,2477,302,0.4421,-0.1937,-1.21,-0.2789,0.2382,1716,-0.2699,-1.23,364,-0.0451,-0.76,397,-0.0004,-0.0,False,0.312,16,,exp<=0;up/down;t<3.98;wf<0.6;exbest<=0;busiest>10%,,,,,,
existing,RDT-R03-vwap-fade-short,reddit,short,t1s1,SPY,2602.0,3.98,1.041,2477,302,0.4195,-0.2914,-2.04,-0.3075,0.2382,1716,-0.3736,-1.96,364,-0.1,-1.79,397,-0.1114,-1.87,False,0.25,16,False,exp<=0;up/down;t<3.98;wf<0.6;exbest<=0;busiest>10%,,,,,,
existing,RDT-R03-vwap-fade-short,reddit,short,t1s1,SEC,2602.0,3.98,1.0,2477,302,0.4017,-0.327,-2.25,-0.3311,0.2382,1716,-0.4091,-2.09,364,-0.142,-2.7,397,-0.1416,-2.34,False,0.062,16,False,exp<=0;up/down;t<3.98;wf<0.6;exbest<=0;busiest>10%,,,,,,
existing,RDT-R04-gap-go-long,reddit,long,t1s1,none,12615.0,3.98,1.76,12151,396,0.4829,-0.0814,-3.1,-0.0884,0.021,4994,0.0539,1.56,3861,-0.0818,-2.5,3296,-0.2858,-5.5,False,0.235,17,,exp<=0;up/down;t<3.98;wf<0.6;exbest<=0,,,,,,
existing,RDT-R04-gap-go-long,reddit,long,t1s1,SPY,12615.0,3.98,1.76,12151,396,0.4682,-0.1202,-6.65,-0.1258,0.021,4994,-0.1327,-4.45,3861,-0.0861,-2.6,3296,-0.1412,-4.92,False,0.118,17,False,exp<=0;up/down;t<3.98;wf<0.6;exbest<=0,,,,,,
existing,RDT-R04-gap-go-long,reddit,long,t1s1,SEC,12615.0,3.98,1.356,12151,396,0.4563,-0.1097,-7.82,-0.1149,0.021,4994,-0.1104,-4.94,3861,-0.0844,-3.44,3296,-0.1383,-5.64,False,0.059,17,False,exp<=0;up/down;t<3.98;wf<0.6;exbest<=0,,,,,,
existing,RDT-R04-gap-go-short,reddit,short,t1s1,none,12059.0,3.98,1.675,11248,395,0.509,-0.026,-0.53,-0.0506,0.0452,3314,-0.3164,-5.97,2675,-0.0696,-1.42,5259,0.1792,2.92,False,0.353,17,,exp<=0;up/down;t<3.98;wf<0.6;exbest<=0,,,,,,
existing,RDT-R04-gap-go-short,reddit,short,t1s1,SPY,12059.0,3.98,1.675,11248,395,0.4732,-0.0914,-3.99,-0.0976,0.0452,3314,-0.1447,-4.19,2675,-0.0727,-1.86,5259,-0.0674,-1.84,False,0.235,17,False,exp<=0;up/down;t<3.98;wf<0.6;exbest<=0,,,,,,
existing,RDT-R04-gap-go-short,reddit,short,t1s1,SEC,12059.0,3.98,1.306,11248,395,0.4593,-0.0925,-6.59,-0.097,0.0452,3314,-0.0832,-3.15,2675,-0.1103,-4.64,5259,-0.0894,-4.05,False,0.118,17,False,exp<=0;up/down;t<3.98;wf<0.6;exbest<=0,,,,,,
existing,RDT-R05-gap-fill-long,reddit,long,t1s1,none,11831.0,3.98,1.671,11185,394,0.5125,-0.0178,-0.4,-0.0396,0.0422,4987,0.2529,4.49,2661,-0.1419,-2.67,3537,-0.3063,-7.89,False,0.294,17,,exp<=0;up/down;t<3.98;wf<0.6;exbest<=0,,,,,,
existing,RDT-R05-gap-fill-long,reddit,long,t1s1,SPY,11831.0,3.98,1.671,11185,394,0.4814,-0.1121,-4.81,-0.1218,0.0422,4987,-0.0748,-1.82,2661,-0.1495,-3.6,3537,-0.1364,-3.92,False,0.118,17,False,exp<=0;up/down;t<3.98;wf<0.6;exbest<=0,,,,,,
existing,RDT-R05-gap-fill-long,reddit,long,t1s1,SEC,11831.0,3.98,1.306,11185,394,0.4526,-0.1349,-8.35,-0.1413,0.0422,4987,-0.1202,-3.77,2661,-0.153,-7.26,3537,-0.142,-7.63,False,0.059,17,False,exp<=0;up/down;t<3.98;wf<0.6;exbest<=0,,,,,,
existing,RDT-R05-gap-fill-short,reddit,short,t1s1,none,12566.0,3.98,1.69,12114,394,0.5177,-0.01,-0.26,-0.0356,0.035,3601,-0.247,-6.69,4040,-0.0257,-0.8,4473,0.195,2.85,False,0.176,17,,exp<=0;up/down;t<3.98;wf<0.6;exbest<=0,,,,,,
existing,RDT-R05-gap-fill-short,reddit,short,t1s1,SPY,12566.0,3.98,1.69,12114,394,0.4964,-0.05,-3.1,-0.056,0.035,3601,-0.0574,-1.83,4040,-0.067,-2.34,4473,-0.0289,-1.21,False,0.235,17,False,exp<=0;up/down;t<3.98;wf<0.6;exbest<=0,,,,,,
existing,RDT-R05-gap-fill-short,reddit,short,t1s1,SEC,12566.0,3.98,1.314,12114,394,0.4644,-0.0882,-8.73,-0.0907,0.035,3601,-0.0956,-5.2,4040,-0.0992,-5.9,4473,-0.0722,-4.48,False,0.0,17,False,exp<=0;up/down;t<3.98;wf<0.6;exbest<=0,,,,,,
existing,RDT-R06-red-green-long,reddit,long,t1s1,none,35803.0,3.98,1.25,33692,396,0.4885,-0.0678,-2.88,-0.0798,0.0189,16507,0.1061,3.33,8845,-0.1487,-8.12,8340,-0.3263,-11.09,False,0.118,17,,exp<=0;up/down;t<3.98;wf<0.6;exbest<=0,,,,,,
existing,RDT-R06-red-green-long,reddit,long,t1s1,SPY,35803.0,3.98,1.25,33692,396,0.4661,-0.1049,-7.44,-0.1135,0.0189,16507,-0.0774,-3.13,8845,-0.1189,-6.61,8340,-0.1443,-7.81,False,0.059,17,False,exp<=0;up/down;t<3.98;wf<0.6;exbest<=0,,,,,,
existing,RDT-R06-red-green-long,reddit,long,t1s1,SEC,35803.0,3.98,1.119,33692,396,0.4397,-0.1347,-10.49,-0.1449,0.0189,16507,-0.1272,-5.23,8845,-0.1439,-10.4,8340,-0.1398,-12.44,False,0.0,17,False,exp<=0;up/down;t<3.98;wf<0.6;exbest<=0,,,,,,
existing,RDT-R06-red-green-short,reddit,short,t1s1,none,37785.0,3.98,1.259,35980,396,0.4858,-0.0732,-3.68,-0.0828,0.0174,8189,-0.2653,-10.23,12668,-0.1005,-3.87,15123,0.0537,1.65,False,0.118,17,,exp<=0;up/down;t<3.98;wf<0.6;exbest<=0,,,,,,
existing,RDT-R06-red-green-short,reddit,short,t1s1,SPY,37785.0,3.98,1.259,35980,396,0.4637,-0.1128,-11.58,-0.1153,0.0174,8189,-0.1245,-5.59,12668,-0.1072,-6.65,15123,-0.1111,-7.68,False,0.059,17,False,exp<=0;up/down;t<3.98;wf<0.6;exbest<=0,,,,,,
existing,RDT-R06-red-green-short,reddit,short,t1s1,SEC,37785.0,3.98,1.13,35980,396,0.4387,-0.1324,-22.07,-0.1336,0.0174,8189,-0.1241,-10.48,12668,-0.1237,-11.9,15123,-0.1442,-15.62,False,0.0,17,False,exp<=0;up/down;t<3.98;wf<0.6;exbest<=0,,,,,,
existing,RDT-R07-hod-break-long,reddit,long,t1s1,none,111182.0,3.98,1.056,105036,396,0.4779,-0.0892,-5.71,-0.0923,0.0062,49192,0.0806,4.04,32446,-0.169,-8.18,23398,-0.3354,-17.99,False,0.0,17,,exp<=0;up/down;t<3.98;wf<0.6;exbest<=0,,,,,,
existing,RDT-R07-hod-break-long,reddit,long,t1s1,SPY,111182.0,3.98,1.056,105036,396,0.4457,-0.1375,-17.12,-0.1387,0.0062,49192,-0.11,-8.51,32446,-0.1548,-12.69,23398,-0.1713,-11.2,False,0.0,17,False,exp<=0;up/down;t<3.98;wf<0.6;exbest<=0,,,,,,
existing,RDT-R07-hod-break-long,reddit,long,t1s1,SEC,111182.0,3.98,0.998,105036,396,0.4214,-0.1604,-27.0,-0.161,0.0062,49192,-0.1508,-14.12,32446,-0.1654,-21.82,23398,-0.1736,-18.04,False,0.0,17,False,exp<=0;up/down;t<3.98;wf<0.6;exbest<=0,,,,,,
existing,RDT-R07-hod-break-short,reddit,short,t1s1,none,107344.0,3.98,1.052,100442,396,0.4755,-0.0884,-5.32,-0.0937,0.0066,21404,-0.2974,-14.28,33023,-0.167,-7.94,46015,0.0652,2.69,False,0.059,17,,exp<=0;up/down;t<3.98;wf<0.6;exbest<=0,,,,,,
existing,RDT-R07-hod-break-short,reddit,short,t1s1,SPY,107344.0,3.98,1.052,100442,396,0.4503,-0.1205,-16.87,-0.1217,0.0066,21404,-0.1411,-9.33,33023,-0.1386,-11.32,46015,-0.098,-9.33,False,0.0,17,False,exp<=0;up/down;t<3.98;wf<0.6;exbest<=0,,,,,,
existing,RDT-R07-hod-break-short,reddit,short,t1s1,SEC,107344.0,3.98,0.998,100442,396,0.4292,-0.1469,-31.6,-0.1475,0.0066,21404,-0.1477,-14.02,33023,-0.1605,-19.25,46015,-0.1367,-21.22,False,0.0,17,False,exp<=0;up/down;t<3.98;wf<0.6;exbest<=0,,,,,,
existing,RDT-R08-bull-flag-long,reddit,long,t1s1,none,37191.0,3.98,1.07,34532,394,0.4948,-0.0809,-3.65,-0.0885,0.0193,16200,0.0859,3.4,10044,-0.1255,-3.65,8288,-0.3528,-11.85,False,0.0,17,,exp<=0;up/down;t<3.98;wf<0.6;exbest<=0,,,,,,
existing,RDT-R08-bull-flag-long,reddit,long,t1s1,SPY,37191.0,3.98,1.07,34532,394,0.4813,-0.1197,-8.01,-0.1294,0.0193,16200,-0.0691,-2.78,10044,-0.1327,-6.4,8288,-0.2029,-10.91,False,0.0,17,False,exp<=0;up/down;t<3.98;wf<0.6;exbest<=0,,,,,,
existing,RDT-R08-bull-flag-long,reddit,long,t1s1,SEC,37191.0,3.98,1.016,34532,394,0.4493,-0.1547,-11.94,-0.1657,0.0193,16200,-0.1232,-5.19,10044,-0.1691,-12.03,8288,-0.1987,-13.83,False,0.0,17,False,exp<=0;up/down;t<3.98;wf<0.6;exbest<=0,,,,,,
existing,RDT-R08-bull-flag-short,reddit,short,t1s1,none,36220.0,3.98,1.08,33412,396,0.4911,-0.0908,-3.7,-0.1004,0.0183,8236,-0.288,-6.67,10448,-0.0831,-1.85,14728,0.0141,0.49,False,0.235,17,,exp<=0;up/down;t<3.98;wf<0.6;exbest<=0,,,,,,
existing,RDT-R08-bull-flag-short,reddit,short,t1s1,SPY,36220.0,3.98,1.08,33412,396,0.4649,-0.1284,-12.42,-0.131,0.0183,8236,-0.1417,-6.42,10448,-0.1231,-6.34,14728,-0.1249,-8.63,False,0.0,17,False,exp<=0;up/down;t<3.98;wf<0.6;exbest<=0,,,,,,
existing,RDT-R08-bull-flag-short,reddit,short,t1s1,SEC,36220.0,3.98,1.019,33412,396,0.4407,-0.1551,-21.14,-0.1575,0.0183,8236,-0.1618,-11.5,10448,-0.142,-10.07,14728,-0.1605,-15.11,False,0.0,17,False,exp<=0;up/down;t<3.98;wf<0.6;exbest<=0,,,,,,
existing,RDT-R09-ema20-pullback-long,reddit,long,t1s1,none,293632.0,3.98,1.069,277869,396,0.4798,-0.0874,-6.93,-0.0894,0.0033,101869,0.1107,6.26,92952,-0.1189,-8.09,83048,-0.2951,-18.16,False,0.0,17,,exp<=0;up/down;t<3.98;wf<0.6;exbest<=0,,,,,,
existing,RDT-R09-ema20-pullback-long,reddit,long,t1s1,SPY,293632.0,3.98,1.069,277869,396,0.4541,-0.1256,-22.03,-0.1264,0.0033,101869,-0.0888,-8.95,92952,-0.1345,-15.2,83048,-0.1607,-16.95,False,0.0,17,False,exp<=0;up/down;t<3.98;wf<0.6;exbest<=0,,,,,,
existing,RDT-R09-ema20-pullback-long,reddit,long,t1s1,SEC,293632.0,3.98,1.017,277869,396,0.4283,-0.1521,-43.39,-0.1525,0.0033,101869,-0.1437,-19.65,92952,-0.1519,-31.3,83048,-0.1628,-32.11,False,0.0,17,False,exp<=0;up/down;t<3.98;wf<0.6;exbest<=0,,,,,,
existing,RDT-R09-ema20-pullback-short,reddit,short,t1s1,none,288104.0,3.98,1.062,271568,396,0.4778,-0.0849,-6.65,-0.0875,0.0035,83516,-0.2911,-19.68,90229,-0.1037,-7.73,97823,0.1085,5.37,False,0.059,17,,exp<=0;up/down;t<3.98;wf<0.6;exbest<=0,,,,,,
existing,RDT-R09-ema20-pullback-short,reddit,short,t1s1,SPY,288104.0,3.98,1.062,271568,396,0.4587,-0.1106,-19.63,-0.1114,0.0035,83516,-0.1482,-15.58,90229,-0.1142,-11.52,97823,-0.0752,-8.61,False,0.0,17,False,exp<=0;up/down;t<3.98;wf<0.6;exbest<=0,,,,,,
existing,RDT-R09-ema20-pullback-short,reddit,short,t1s1,SEC,288104.0,3.98,1.016,271568,396,0.4367,-0.1363,-42.5,-0.1369,0.0035,83516,-0.1454,-25.09,90229,-0.1423,-26.53,97823,-0.1231,-23.25,False,0.0,17,False,exp<=0;up/down;t<3.98;wf<0.6;exbest<=0,,,,,,
existing,RDT-R10-ema-cross-long,reddit,long,t1s1,none,295267.0,3.98,1.057,278669,396,0.4769,-0.0851,-6.58,-0.0871,0.0036,94656,0.116,6.98,94249,-0.0967,-6.19,89764,-0.2851,-14.05,False,0.118,17,,exp<=0;up/down;t<3.98;wf<0.6;exbest<=0,,,,,,
existing,RDT-R10-ema-cross-long,reddit,long,t1s1,SPY,295267.0,3.98,1.057,278669,396,0.4569,-0.1128,-18.88,-0.1141,0.0036,94656,-0.0708,-7.01,94249,-0.1237,-13.32,89764,-0.1457,-13.93,False,0.0,17,False,exp<=0;up/down;t<3.98;wf<0.6;exbest<=0,,,,,,
existing,RDT-R10-ema-cross-long,reddit,long,t1s1,SEC,295267.0,3.98,1.015,278669,396,0.4242,-0.1481,-42.31,-0.1493,0.0036,94656,-0.1351,-19.8,94249,-0.1517,-29.55,89764,-0.158,-26.8,False,0.0,17,False,exp<=0;up/down;t<3.98;wf<0.6;exbest<=0,,,,,,
existing,RDT-R10-ema-cross-short,reddit,short,t1s1,none,295623.0,3.98,1.061,279551,396,0.4782,-0.0746,-5.73,-0.077,0.0034,91004,-0.2699,-14.16,95626,-0.0799,-5.07,92921,0.1221,6.42,False,0.176,17,,exp<=0;up/down;t<3.98;wf<0.6;exbest<=0,,,,,,
existing,RDT-R10-ema-cross-short,reddit,short,t1s1,SPY,295623.0,3.98,1.061,279551,396,0.4582,-0.1036,-17.35,-0.1049,0.0034,91004,-0.1346,-12.99,95626,-0.1066,-10.4,92921,-0.0703,-7.28,False,0.0,17,False,exp<=0;up/down;t<3.98;wf<0.6;exbest<=0,,,,,,
existing,RDT-R10-ema-cross-short,reddit,short,t1s1,SEC,295623.0,3.98,1.015,279551,396,0.4338,-0.1329,-42.15,-0.1335,0.0034,91004,-0.1362,-24.34,95626,-0.1388,-24.71,92921,-0.1237,-24.44,False,0.0,17,False,exp<=0;up/down;t<3.98;wf<0.6;exbest<=0,,,,,,
existing,RDT-R11-rsi-os-long,reddit,long,t1s1,none,120891.0,3.98,1.061,114684,396,0.4741,-0.0864,-5.66,-0.0895,0.0065,39989,0.0815,3.73,40989,-0.0966,-4.57,33706,-0.273,-10.92,False,0.0,17,,exp<=0;up/down;t<3.98;wf<0.6;exbest<=0,,,,,,
existing,RDT-R11-rsi-os-long,reddit,long,t1s1,SPY,120891.0,3.98,1.061,114684,396,0.445,-0.1214,-15.65,-0.1228,0.0065,39989,-0.0937,-7.28,40989,-0.1276,-9.4,33706,-0.1468,-11.1,False,0.0,17,False,exp<=0;up/down;t<3.98;wf<0.6;exbest<=0,,,,,,
existing,RDT-R11-rsi-os-long,reddit,long,t1s1,SEC,120891.0,3.98,1.012,114684,396,0.4203,-0.1521,-33.82,-0.1527,0.0065,39989,-0.1476,-20.92,40989,-0.1504,-18.5,33706,-0.1596,-19.75,False,0.0,17,False,exp<=0;up/down;t<3.98;wf<0.6;exbest<=0,,,,,,
existing,RDT-R11-rsi-os-short,reddit,short,t1s1,none,118472.0,3.98,1.065,111159,396,0.4701,-0.0884,-4.94,-0.0914,0.0078,35380,-0.2998,-10.78,36699,-0.101,-4.69,39080,0.1148,4.21,False,0.118,17,,exp<=0;up/down;t<3.98;wf<0.6;exbest<=0,,,,,,
existing,RDT-R11-rsi-os-short,reddit,short,t1s1,SPY,118472.0,3.98,1.065,111159,396,0.4459,-0.112,-14.64,-0.1138,0.0078,35380,-0.1505,-10.96,36699,-0.1184,-10.01,39080,-0.0711,-5.53,False,0.0,17,False,exp<=0;up/down;t<3.98;wf<0.6;exbest<=0,,,,,,
existing,RDT-R11-rsi-os-short,reddit,short,t1s1,SEC,118472.0,3.98,1.013,111159,396,0.4273,-0.1369,-30.11,-0.1384,0.0078,35380,-0.1522,-16.14,36699,-0.1355,-20.06,39080,-0.1245,-17.67,False,0.0,17,False,exp<=0;up/down;t<3.98;wf<0.6;exbest<=0,,,,,,
existing,RDT-R12-rsi-div-long,reddit,long,t1s1,none,241733.0,3.98,1.054,227562,396,0.4736,-0.0965,-7.39,-0.0984,0.0038,65834,0.0999,5.87,76506,-0.0711,-4.88,85222,-0.2709,-12.92,False,0.059,17,,exp<=0;up/down;t<3.98;wf<0.6;exbest<=0,,,,,,
existing,RDT-R12-rsi-div-long,reddit,long,t1s1,SPY,241733.0,3.98,1.054,227562,396,0.4506,-0.1247,-21.34,-0.1254,0.0038,65834,-0.0834,-8.77,76506,-0.119,-12.37,85222,-0.1617,-16.65,False,0.0,17,False,exp<=0;up/down;t<3.98;wf<0.6;exbest<=0,,,,,,
existing,RDT-R12-rsi-div-long,reddit,long,t1s1,SEC,241733.0,3.98,1.008,227562,396,0.4218,-0.1594,-46.6,-0.1599,0.0038,65834,-0.1528,-24.44,76506,-0.1494,-28.3,85222,-0.1733,-29.42,False,0.0,17,False,exp<=0;up/down;t<3.98;wf<0.6;exbest<=0,,,,,,
existing,RDT-R12-rsi-div-short,reddit,short,t1s1,none,251773.0,3.98,1.055,238157,396,0.4735,-0.0883,-6.85,-0.0904,0.0036,90954,-0.2744,-15.31,79171,-0.0491,-3.08,68032,0.115,6.53,False,0.118,17,,exp<=0;up/down;t<3.98;wf<0.6;exbest<=0,,,,,,
existing,RDT-R12-rsi-div-short,reddit,short,t1s1,SPY,251773.0,3.98,1.055,238157,396,0.4557,-0.1081,-18.08,-0.1089,0.0036,90954,-0.1427,-14.36,79171,-0.0972,-10.33,68032,-0.0746,-7.02,False,0.0,17,False,exp<=0;up/down;t<3.98;wf<0.6;exbest<=0,,,,,,
existing,RDT-R12-rsi-div-short,reddit,short,t1s1,SEC,251773.0,3.98,1.008,238157,396,0.432,-0.143,-40.63,-0.1437,0.0036,90954,-0.1547,-24.31,79171,-0.1405,-25.53,68032,-0.1303,-22.03,False,0.0,17,False,exp<=0;up/down;t<3.98;wf<0.6;exbest<=0,,,,,,
existing,RDT-R13-macd-zero-long,reddit,long,t1s1,none,249934.0,3.98,1.053,235925,396,0.4767,-0.0832,-6.36,-0.0855,0.0041,82044,0.1145,6.67,80268,-0.0974,-6.05,73613,-0.288,-14.47,False,0.059,17,,exp<=0;up/down;t<3.98;wf<0.6;exbest<=0,,,,,,
existing,RDT-R13-macd-zero-long,reddit,long,t1s1,SPY,249934.0,3.98,1.053,235925,396,0.4562,-0.1108,-17.88,-0.1118,0.0041,82044,-0.0684,-6.67,80268,-0.1216,-13.08,73613,-0.1463,-12.79,False,0.059,17,False,exp<=0;up/down;t<3.98;wf<0.6;exbest<=0,,,,,,
existing,RDT-R13-macd-zero-long,reddit,long,t1s1,SEC,249934.0,3.98,1.014,235925,396,0.4226,-0.1481,-40.55,-0.1491,0.0041,82044,-0.1355,-18.88,80268,-0.1528,-29.36,73613,-0.157,-25.33,False,0.0,17,False,exp<=0;up/down;t<3.98;wf<0.6;exbest<=0,,,,,,
existing,RDT-R13-macd-zero-short,reddit,short,t1s1,none,250257.0,3.98,1.059,236629,396,0.4762,-0.0773,-5.75,-0.0799,0.0038,74182,-0.2742,-14.04,82132,-0.0917,-5.58,80315,0.1195,5.98,False,0.118,17,,exp<=0;up/down;t<3.98;wf<0.6;exbest<=0,,,,,,
existing,RDT-R13-macd-zero-short,reddit,short,t1s1,SPY,250257.0,3.98,1.059,236629,396,0.4551,-0.1054,-17.02,-0.1066,0.0038,74182,-0.1378,-12.73,82132,-0.1096,-10.3,80315,-0.0712,-7.15,False,0.0,17,False,exp<=0;up/down;t<3.98;wf<0.6;exbest<=0,,,,,,
existing,RDT-R13-macd-zero-short,reddit,short,t1s1,SEC,250257.0,3.98,1.015,236629,396,0.4316,-0.1337,-39.61,-0.1343,0.0038,74182,-0.1374,-22.9,82132,-0.1405,-22.86,80315,-0.1233,-23.55,False,0.0,17,False,exp<=0;up/down;t<3.98;wf<0.6;exbest<=0,,,,,,
existing,RDT-R14-ict-fvg-long,reddit,long,t1s1,none,101808.0,3.98,1.021,94789,396,0.5013,-0.0585,-4.03,-0.0619,0.0081,36133,0.1235,6.14,31429,-0.101,-5.65,27227,-0.251,-11.73,False,0.118,17,,exp<=0;up/down;t<3.98;wf<0.6;exbest<=0,,,,,,
existing,RDT-R14-ict-fvg-long,reddit,long,t1s1,SPY,101808.0,3.98,1.021,94789,396,0.476,-0.1132,-13.66,-0.115,0.0081,36133,-0.072,-5.01,31429,-0.1242,-8.97,27227,-0.1553,-11.79,False,0.0,17,False,exp<=0;up/down;t<3.98;wf<0.6;exbest<=0,,,,,,
existing,RDT-R14-ict-fvg-long,reddit,long,t1s1,SEC,101808.0,3.98,0.991,94789,396,0.4504,-0.142,-27.75,-0.1429,0.0081,36133,-0.1285,-13.67,31429,-0.1452,-17.34,27227,-0.1563,-18.99,False,0.0,17,False,exp<=0;up/down;t<3.98;wf<0.6;exbest<=0,,,,,,
existing,RDT-R14-ict-fvg-short,reddit,short,t1s1,none,102671.0,3.98,1.005,95696,396,0.4943,-0.0684,-4.26,-0.0735,0.0083,27871,-0.2436,-8.66,32074,-0.1076,-4.58,35751,0.1033,4.54,False,0.176,17,,exp<=0;up/down;t<3.98;wf<0.6;exbest<=0,,,,,,
existing,RDT-R14-ict-fvg-short,reddit,short,t1s1,SPY,102671.0,3.98,1.005,95696,396,0.4654,-0.1117,-14.98,-0.1129,0.0083,27871,-0.1422,-10.66,32074,-0.1299,-10.35,35751,-0.0716,-5.97,False,0.0,17,False,exp<=0;up/down;t<3.98;wf<0.6;exbest<=0,,,,,,
existing,RDT-R14-ict-fvg-short,reddit,short,t1s1,SEC,102671.0,3.98,0.987,95696,396,0.4441,-0.1368,-31.39,-0.1375,0.0083,27871,-0.1393,-19.7,32074,-0.1568,-20.64,35751,-0.1169,-15.95,False,0.0,17,False,exp<=0;up/down;t<3.98;wf<0.6;exbest<=0,,,,,,
existing,RDT-R15-sweep-long,reddit,long,t1s1,none,63038.0,3.98,1.088,58903,396,0.4836,-0.1046,-5.92,-0.1072,0.0107,14092,0.1151,4.96,18276,-0.0481,-2.24,26535,-0.2603,-9.94,False,0.118,17,,exp<=0;up/down;t<3.98;wf<0.6;exbest<=0,,,,,,
existing,RDT-R15-sweep-long,reddit,long,t1s1,SPY,63038.0,3.98,1.088,58903,396,0.4649,-0.129,-15.75,-0.1305,0.0107,14092,-0.085,-5.01,18276,-0.1259,-8.73,26535,-0.1546,-13.02,False,0.0,17,False,exp<=0;up/down;t<3.98;wf<0.6;exbest<=0,,,,,,
existing,RDT-R15-sweep-long,reddit,long,t1s1,SEC,63038.0,3.98,1.008,58903,396,0.4378,-0.1609,-28.28,-0.162,0.0107,14092,-0.1474,-13.33,18276,-0.1432,-13.46,26535,-0.1803,-22.54,False,0.0,17,False,exp<=0;up/down;t<3.98;wf<0.6;exbest<=0,,,,,,
existing,RDT-R15-sweep-short,reddit,short,t1s1,none,55503.0,3.98,1.062,52100,396,0.4785,-0.1142,-6.84,-0.1167,0.0149,23688,-0.2829,-12.4,15511,-0.0309,-1.5,12901,0.0953,5.63,False,0.176,17,,exp<=0;up/down;t<3.98;wf<0.6;exbest<=0,,,,,,
existing,RDT-R15-sweep-short,reddit,short,t1s1,SPY,55503.0,3.98,1.062,52100,396,0.4691,-0.1114,-7.96,-0.1213,0.0149,23688,-0.1359,-4.91,15511,-0.0989,-6.12,12901,-0.0815,-5.14,False,0.059,17,False,exp<=0;up/down;t<3.98;wf<0.6;exbest<=0,,,,,,
existing,RDT-R15-sweep-short,reddit,short,t1s1,SEC,55503.0,3.98,1.012,52100,396,0.4482,-0.1459,-13.21,-0.1551,0.0149,23688,-0.1392,-6.23,15511,-0.1442,-13.89,12901,-0.1603,-14.09,False,0.0,17,False,exp<=0;up/down;t<3.98;wf<0.6;exbest<=0,,,,,,
existing,RDT-R16-rel-strength-long,reddit,long,t1s1,none,41791.0,3.98,0.866,38605,394,0.4788,-0.1137,-5.56,-0.1202,0.0246,7564,0.0743,2.04,12313,-0.0745,-2.53,18728,-0.2155,-8.23,False,0.176,17,,exp<=0;up/down;t<3.98;wf<0.6;exbest<=0,,,,,,
existing,RDT-R16-rel-strength-long,reddit,long,t1s1,SPY,41791.0,3.98,0.866,38605,394,0.4708,-0.1265,-7.36,-0.1323,0.0246,7564,-0.0869,-2.12,12313,-0.1066,-3.35,18728,-0.1555,-6.87,False,0.0,17,False,exp<=0;up/down;t<3.98;wf<0.6;exbest<=0,,,,,,
existing,RDT-R16-rel-strength-long,reddit,long,t1s1,SEC,41791.0,3.98,0.967,38605,394,0.4386,-0.1603,-15.91,-0.1643,0.0246,7564,-0.1623,-8.7,12313,-0.1538,-7.54,18728,-0.1638,-11.84,False,0.0,17,False,exp<=0;up/down;t<3.98;wf<0.6;exbest<=0,,,,,,
existing,RDT-R16-rel-strength-short,reddit,short,t1s1,none,35999.0,3.98,0.852,34325,395,0.4818,-0.0894,-6.11,-0.0942,0.0198,17682,-0.1422,-6.85,10456,-0.0613,-2.95,6187,0.0138,0.44,False,0.059,17,,exp<=0;up/down;t<3.98;wf<0.6;exbest<=0,,,,,,
existing,RDT-R16-rel-strength-short,reddit,short,t1s1,SPY,35999.0,3.98,0.852,34325,395,0.4716,-0.1093,-9.7,-0.1116,0.0198,17682,-0.1091,-6.86,10456,-0.0937,-4.52,6187,-0.1359,-5.78,False,0.0,17,False,exp<=0;up/down;t<3.98;wf<0.6;exbest<=0,,,,,,
existing,RDT-R16-rel-strength-short,reddit,short,t1s1,SEC,35999.0,3.98,0.959,34325,395,0.4481,-0.1454,-18.48,-0.1468,0.0198,17682,-0.1261,-11.35,10456,-0.1418,-10.47,6187,-0.2068,-14.93,False,0.0,17,False,exp<=0;up/down;t<3.98;wf<0.6;exbest<=0,,,,,,
existing,RDT-R17-pd-retest-long,reddit,long,t1s1,none,124403.0,3.98,1.055,117876,396,0.4879,-0.0835,-6.04,-0.0859,0.0054,45704,0.1079,5.73,40527,-0.1376,-8.52,31645,-0.2905,-16.58,False,0.0,17,,exp<=0;up/down;t<3.98;wf<0.6;exbest<=0,,,,,,
existing,RDT-R17-pd-retest-long,reddit,long,t1s1,SPY,124403.0,3.98,1.055,117876,396,0.4657,-0.1236,-15.84,-0.1254,0.0054,45704,-0.0907,-6.75,40527,-0.14,-10.68,31645,-0.1501,-11.92,False,0.0,17,False,exp<=0;up/down;t<3.98;wf<0.6;exbest<=0,,,,,,
existing,RDT-R17-pd-retest-long,reddit,long,t1s1,SEC,124403.0,3.98,1.009,117876,396,0.4376,-0.1526,-35.46,-0.1531,0.0054,45704,-0.1445,-21.4,40527,-0.1588,-20.28,31645,-0.1563,-20.28,False,0.0,17,False,exp<=0;up/down;t<3.98;wf<0.6;exbest<=0,,,,,,
existing,RDT-R17-pd-retest-short,reddit,short,t1s1,none,118326.0,3.98,1.075,111083,396,0.4872,-0.0819,-5.21,-0.0848,0.0051,32590,-0.3221,-14.76,34652,-0.1075,-5.95,43841,0.117,6.25,False,0.118,17,,exp<=0;up/down;t<3.98;wf<0.6;exbest<=0,,,,,,
existing,RDT-R17-pd-retest-short,reddit,short,t1s1,SPY,118326.0,3.98,1.075,111083,396,0.4701,-0.1025,-13.45,-0.104,0.0051,32590,-0.1532,-10.55,34652,-0.1097,-8.22,43841,-0.0592,-5.52,False,0.0,17,False,exp<=0;up/down;t<3.98;wf<0.6;exbest<=0,,,,,,
existing,RDT-R17-pd-retest-short,reddit,short,t1s1,SEC,118326.0,3.98,1.017,111083,396,0.4455,-0.1329,-28.43,-0.1338,0.0051,32590,-0.1463,-16.22,34652,-0.1385,-16.82,43841,-0.1184,-16.92,False,0.0,17,False,exp<=0;up/down;t<3.98;wf<0.6;exbest<=0,,,,,,
existing,RDT-R18-orb-fvg-long,reddit,long,t1s1,none,59775.0,3.98,1.028,55786,396,0.5008,-0.06,-3.42,-0.0653,0.0131,24544,0.1198,4.38,18058,-0.1457,-7.84,13184,-0.2774,-14.71,False,0.235,17,,exp<=0;up/down;t<3.98;wf<0.6;exbest<=0,,,,,,
existing,RDT-R18-orb-fvg-long,reddit,long,t1s1,SPY,59775.0,3.98,1.028,55786,396,0.4775,-0.1073,-10.69,-0.1105,0.0131,24544,-0.0564,-3.72,18058,-0.1415,-8.61,13184,-0.1553,-9.4,False,0.0,17,False,exp<=0;up/down;t<3.98;wf<0.6;exbest<=0,,,,,,
existing,RDT-R18-orb-fvg-long,reddit,long,t1s1,SEC,59775.0,3.98,0.988,55786,396,0.4522,-0.1334,-20.38,-0.1366,0.0131,24544,-0.1067,-9.9,18058,-0.1542,-16.15,13184,-0.1548,-14.1,False,0.0,17,False,exp<=0;up/down;t<3.98;wf<0.6;exbest<=0,,,,,,
existing,RDT-R18-orb-fvg-short,reddit,short,t1s1,none,61706.0,3.98,1.021,57470,396,0.4877,-0.0813,-4.31,-0.0877,0.011,13802,-0.2952,-13.7,18958,-0.1547,-5.74,24710,0.0946,3.39,False,0.176,17,,exp<=0;up/down;t<3.98;wf<0.6;exbest<=0,,,,,,
existing,RDT-R18-orb-fvg-short,reddit,short,t1s1,SPY,61706.0,3.98,1.021,57470,396,0.4557,-0.1222,-14.15,-0.1234,0.011,13802,-0.1596,-10.16,18958,-0.1519,-11.09,24710,-0.0784,-5.65,False,0.0,17,False,exp<=0;up/down;t<3.98;wf<0.6;exbest<=0,,,,,,
existing,RDT-R18-orb-fvg-short,reddit,short,t1s1,SEC,61706.0,3.98,0.979,57470,396,0.4383,-0.1416,-26.56,-0.1424,0.011,13802,-0.1476,-16.11,18958,-0.172,-20.08,24710,-0.115,-13.37,False,0.0,17,False,exp<=0;up/down;t<3.98;wf<0.6;exbest<=0,,,,,,
existing,RDT-R19-orb-fib-long,reddit,long,t1s1,none,100552.0,3.98,1.054,94379,396,0.49,-0.0786,-4.89,-0.0817,0.0082,33217,0.1516,6.69,32593,-0.103,-5.41,28569,-0.3186,-14.94,False,0.059,17,,exp<=0;up/down;t<3.98;wf<0.6;exbest<=0,,,,,,
existing,RDT-R19-orb-fib-long,reddit,long,t1s1,SPY,100552.0,3.98,1.054,94379,396,0.4579,-0.1156,-13.97,-0.1181,0.0082,33217,-0.0708,-4.68,32593,-0.1217,-9.57,28569,-0.1606,-12.17,False,0.0,17,False,exp<=0;up/down;t<3.98;wf<0.6;exbest<=0,,,,,,
existing,RDT-R19-orb-fib-long,reddit,long,t1s1,SEC,100552.0,3.98,0.99,94379,396,0.4331,-0.144,-24.76,-0.147,0.0082,33217,-0.1228,-10.04,32593,-0.1464,-17.79,28569,-0.166,-21.15,False,0.0,17,False,exp<=0;up/down;t<3.98;wf<0.6;exbest<=0,,,,,,
existing,RDT-R19-orb-fib-short,reddit,short,t1s1,none,100419.0,3.98,1.082,94102,396,0.4735,-0.0969,-5.7,-0.1013,0.0072,27497,-0.3299,-13.93,31916,-0.1306,-6.22,34689,0.1189,4.87,False,0.059,17,,exp<=0;up/down;t<3.98;wf<0.6;exbest<=0,,,,,,
existing,RDT-R19-orb-fib-short,reddit,short,t1s1,SPY,100419.0,3.98,1.082,94102,396,0.4502,-0.1157,-14.69,-0.1175,0.0072,27497,-0.1498,-10.77,31916,-0.1156,-8.69,34689,-0.0888,-6.81,False,0.0,17,False,exp<=0;up/down;t<3.98;wf<0.6;exbest<=0,,,,,,
existing,RDT-R19-orb-fib-short,reddit,short,t1s1,SEC,100419.0,3.98,0.992,94102,396,0.435,-0.135,-26.68,-0.1367,0.0072,27497,-0.1413,-13.49,31916,-0.1465,-18.66,34689,-0.1195,-15.06,False,0.0,17,False,exp<=0;up/down;t<3.98;wf<0.6;exbest<=0,,,,,,
existing,RDT-R20-sma-macd-long,reddit,long,t1s1,none,229309.0,3.98,1.067,217068,396,0.4757,-0.0899,-7.05,-0.0922,0.004,83822,0.0843,4.59,73156,-0.1196,-7.37,60090,-0.2967,-17.71,False,0.0,17,,exp<=0;up/down;t<3.98;wf<0.6;exbest<=0,,,,,,
existing,RDT-R20-sma-macd-long,reddit,long,t1s1,SPY,229309.0,3.98,1.067,217068,396,0.4471,-0.131,-21.65,-0.1318,0.004,83822,-0.0968,-10.06,73156,-0.141,-14.14,60090,-0.1663,-15.41,False,0.0,17,False,exp<=0;up/down;t<3.98;wf<0.6;exbest<=0,,,,,,
existing,RDT-R20-sma-macd-long,reddit,long,t1s1,SEC,229309.0,3.98,1.015,217068,396,0.4223,-0.1565,-47.7,-0.157,0.004,83822,-0.1478,-27.74,73156,-0.159,-28.25,60090,-0.1657,-27.76,False,0.0,17,False,exp<=0;up/down;t<3.98;wf<0.6;exbest<=0,,,,,,
existing,RDT-R20-sma-macd-short,reddit,short,t1s1,none,223125.0,3.98,1.059,209982,396,0.4761,-0.0822,-5.85,-0.0846,0.0041,60084,-0.2993,-17.02,69127,-0.1137,-7.48,80771,0.1061,4.86,False,0.118,17,,exp<=0;up/down;t<3.98;wf<0.6;exbest<=0,,,,,,
existing,RDT-R20-sma-macd-short,reddit,short,t1s1,SPY,223125.0,3.98,1.059,209982,396,0.4537,-0.1129,-18.98,-0.114,0.0041,60084,-0.1532,-15.36,69127,-0.1175,-11.1,80771,-0.079,-8.62,False,0.0,17,False,exp<=0;up/down;t<3.98;wf<0.6;exbest<=0,,,,,,
existing,RDT-R20-sma-macd-short,reddit,short,t1s1,SEC,223125.0,3.98,1.015,209982,396,0.4322,-0.1389,-38.3,-0.1395,0.0041,60084,-0.1494,-20.48,69127,-0.1461,-25.41,80771,-0.125,-21.96,False,0.0,17,False,exp<=0;up/down;t<3.98;wf<0.6;exbest<=0,,,,,,
existing,RW1-gapdn-bounce-flowsell-short-FD,full,short,t1s1,none,7474.0,4.758,1.127,6976,393,0.4971,-0.0423,-1.93,-0.0464,0.0087,2190,-0.2523,-7.86,2103,-0.0477,-1.29,2683,0.1333,4.08,False,0.235,17,,exp<=0;up/down;t<4.758;wf<0.6;exbest<=0,,,,,,
existing,RW1-gapdn-bounce-flowsell-short-FD,full,short,t1s1,SPY,7474.0,4.758,1.127,6976,393,0.4772,-0.0715,-5.45,-0.0736,0.0087,2190,-0.0982,-4.24,2103,-0.0607,-2.43,2683,-0.0581,-2.83,False,0.176,17,False,exp<=0;up/down;t<4.758;wf<0.6;exbest<=0,,,,,,
existing,RW1-gapdn-bounce-flowsell-short-FD,full,short,t1s1,SEC,7474.0,4.758,1.048,6976,393,0.4556,-0.0962,-9.31,-0.0983,0.0087,2190,-0.0979,-5.05,2103,-0.0821,-4.49,2683,-0.106,-6.5,False,0.0,17,False,exp<=0;up/down;t<4.758;wf<0.6;exbest<=0,,,,,,
existing,RW1-gapdn-bounce-flowsell-short-cur,current,short,t1s1,none,2489.0,4.758,0.934,2328,366,0.5266,-0.0058,-0.18,-0.0142,0.015,933,-0.2593,-5.7,694,0.0718,1.47,701,0.2549,5.28,False,0.529,17,,exp<=0;up/down;t<4.758;wf<0.6;exbest<=0,,,,,,
existing,RW1-gapdn-bounce-flowsell-short-cur,current,short,t1s1,SPY,2489.0,4.758,0.934,2328,366,0.518,-0.0222,-0.98,-0.0277,0.015,933,-0.0855,-2.47,694,0.012,0.28,701,0.0281,0.71,False,0.353,17,False,exp<=0;up/down;t<4.758;wf<0.6;exbest<=0,,,,,,
existing,RW1-gapdn-bounce-flowsell-short-cur,current,short,t1s1,SEC,2489.0,4.758,0.996,2328,366,0.488,-0.0804,-4.02,-0.0852,0.015,933,-0.0987,-3.04,694,-0.0653,-1.72,701,-0.0711,-2.12,False,0.176,17,False,exp<=0;up/down;t<4.758;wf<0.6;exbest<=0,,,,,,
existing,RW2-exhaustion-noon-adv150-short-FD,full,short,t1s1,none,22187.0,5.244,1.638,21049,396,0.4978,-0.0536,-3.05,-0.0577,0.0108,9575,-0.1632,-6.22,6442,-0.0391,-1.47,5032,0.1362,4.89,False,0.176,17,,exp<=0;up/down;t<5.244;wf<0.6;exbest<=0,,,,,,
existing,RW2-exhaustion-noon-adv150-short-FD,full,short,t1s1,SPY,22187.0,5.244,1.638,21049,396,0.4853,-0.0779,-6.11,-0.0801,0.0108,9575,-0.079,-3.61,6442,-0.0997,-4.98,5032,-0.0479,-2.35,False,0.118,17,False,exp<=0;up/down;t<5.244;wf<0.6;exbest<=0,,,,,,
existing,RW2-exhaustion-noon-adv150-short-FD,full,short,t1s1,SEC,22187.0,5.244,1.326,21049,396,0.4708,-0.0953,-8.88,-0.097,0.0108,9575,-0.0916,-4.68,6442,-0.1176,-7.76,5032,-0.0737,-4.85,False,0.0,17,False,exp<=0;up/down;t<5.244;wf<0.6;exbest<=0,,,,,,
existing,RW2-exhaustion-noon-adv150-short-cur,current,short,t1s1,none,7797.0,5.244,1.963,7231,396,0.5233,0.0067,0.26,-0.0036,0.0277,3316,-0.0648,-1.58,2198,0.0061,0.15,1717,0.1455,3.14,False,0.235,17,,up/down;t<5.244;wf<0.6;exbest<=0,,,,,,
existing,RW2-exhaustion-noon-adv150-short-cur,current,short,t1s1,SPY,7797.0,5.244,1.963,7231,396,0.4961,-0.0547,-3.82,-0.0568,0.0277,3316,-0.0601,-2.87,2198,-0.0605,-2.24,1717,-0.0366,-1.3,False,0.118,17,False,exp<=0;up/down;t<5.244;wf<0.6;exbest<=0,,,,,,
existing,RW2-exhaustion-noon-adv150-short-cur,current,short,t1s1,SEC,7797.0,5.244,1.514,7231,396,0.4829,-0.0694,-5.84,-0.072,0.0277,3316,-0.0715,-4.13,2198,-0.0795,-3.49,1717,-0.0526,-2.31,False,0.059,17,False,exp<=0;up/down;t<5.244;wf<0.6;exbest<=0,,,,,,
existing,RW3-gapdn-rsi5pop-flowsell-short-FD,full,short,t1s1,none,5995.0,4.758,1.069,5612,393,0.4836,-0.0674,-2.96,-0.0737,0.0109,1785,-0.2487,-8.04,1773,-0.0667,-1.79,2054,0.0896,2.2,False,0.294,17,,exp<=0;up/down;t<4.758;wf<0.6;exbest<=0,,,,,,
existing,RW3-gapdn-rsi5pop-flowsell-short-FD,full,short,t1s1,SPY,5995.0,4.758,1.069,5612,393,0.4645,-0.0881,-5.83,-0.0914,0.0109,1785,-0.1203,-4.65,1773,-0.0909,-3.25,2054,-0.0577,-2.39,False,0.059,17,False,exp<=0;up/down;t<4.758;wf<0.6;exbest<=0,,,,,,
existing,RW3-gapdn-rsi5pop-flowsell-short-FD,full,short,t1s1,SEC,5995.0,4.758,1.012,5612,393,0.441,-0.1267,-10.81,-0.1286,0.0109,1785,-0.1293,-6.21,1773,-0.1358,-6.53,2054,-0.1165,-6.03,False,0.0,17,False,exp<=0;up/down;t<4.758;wf<0.6;exbest<=0,,,,,,
existing,RW3-gapdn-rsi5pop-flowsell-short-cur,current,short,t1s1,none,1816.0,4.758,0.772,1708,333,0.5018,-0.0472,-1.35,-0.0552,0.0205,732,-0.3035,-6.51,555,0.105,2.22,421,0.1979,2.92,False,0.353,17,,exp<=0;up/down;t<4.758;wf<0.6;exbest<=0,,,,,,
existing,RW3-gapdn-rsi5pop-flowsell-short-cur,current,short,t1s1,SPY,1816.0,4.758,0.772,1708,333,0.4977,-0.0584,-1.94,-0.0667,0.0205,732,-0.1641,-3.93,555,0.0251,0.53,421,0.0152,0.23,False,0.294,17,False,exp<=0;up/down;t<4.758;wf<0.6;exbest<=0,,,,,,
existing,RW3-gapdn-rsi5pop-flowsell-short-cur,current,short,t1s1,SEC,1816.0,4.758,0.917,1708,333,0.4514,-0.1421,-5.55,-0.1479,0.0205,732,-0.1883,-4.76,555,-0.0977,-2.18,421,-0.1202,-2.47,False,0.235,17,False,exp<=0;up/down;t<4.758;wf<0.6;exbest<=0,,,,,,
existing,RW4-ns3-adv150-short-FD,full,short,t1s1,none,8069.0,4.756,1.773,7647,393,0.4988,-0.0234,-1.08,-0.0304,0.0297,1668,-0.1418,-4.43,2762,-0.0837,-2.16,3217,0.0898,3.29,False,0.412,17,,exp<=0;up/down;t<4.756;wf<0.6;exbest<=0,,,,,,
existing,RW4-ns3-adv150-short-FD,full,short,t1s1,SPY,8069.0,4.756,1.773,7647,393,0.4685,-0.0685,-3.7,-0.0779,0.0297,1668,-0.0671,-2.61,2762,-0.0907,-3.17,3217,-0.0501,-1.51,False,0.176,17,False,exp<=0;up/down;t<4.756;wf<0.6;exbest<=0,,,,,,
existing,RW4-ns3-adv150-short-FD,full,short,t1s1,SEC,8069.0,4.756,1.399,7647,393,0.467,-0.0605,-5.69,-0.0631,0.0297,1668,-0.0601,-2.68,2762,-0.0534,-3.08,3217,-0.0669,-3.99,False,0.059,17,False,exp<=0;up/down;t<4.756;wf<0.6;exbest<=0,,,,,,
existing,RW4-ns3-adv150-short-cur,current,short,t1s1,none,1216.0,4.756,2.116,1168,274,0.5479,0.0466,0.95,0.0307,0.0599,281,-0.1101,-1.59,464,-0.0266,-0.34,423,0.231,2.99,False,0.5,16,,up/down;t<4.756;wf<0.6,,,,,,
existing,RW4-ns3-adv150-short-cur,current,short,t1s1,SPY,1216.0,4.756,2.116,1168,274,0.5308,-0.0225,-0.52,-0.0397,0.0599,281,-0.0082,-0.13,464,-0.0989,-1.39,423,0.052,0.81,False,0.438,16,False,exp<=0;up/down;t<4.756;wf<0.6;exbest<=0,,,,,,
existing,RW4-ns3-adv150-short-cur,current,short,t1s1,SEC,1216.0,4.756,1.619,1168,274,0.4923,-0.0273,-0.95,-0.0414,0.0599,281,-0.0008,-0.01,464,-0.0441,-0.82,423,-0.0266,-0.65,False,0.438,16,False,exp<=0;up/down;t<4.756;wf<0.6;exbest<=0,,,,,,
existing,RW5-heat30-flowsell-rsi5pop-gapdn-short-FD,full,short,t1s1,none,5598.0,4.758,0.997,5243,390,0.4932,-0.0532,-2.2,-0.0589,0.0097,1835,-0.2776,-8.48,1651,-0.0085,-0.23,1757,0.1392,3.36,False,0.353,17,,exp<=0;up/down;t<4.758;wf<0.6;exbest<=0,,,,,,
existing,RW5-heat30-flowsell-rsi5pop-gapdn-short-FD,full,short,t1s1,SPY,5598.0,4.758,0.997,5243,390,0.4572,-0.0906,-5.76,-0.0933,0.0097,1835,-0.1596,-6.23,1651,-0.054,-2.23,1757,-0.0529,-1.78,False,0.118,17,False,exp<=0;up/down;t<4.758;wf<0.6;exbest<=0,,,,,,
existing,RW5-heat30-flowsell-rsi5pop-gapdn-short-FD,full,short,t1s1,SEC,5598.0,4.758,0.975,5243,390,0.4347,-0.1193,-9.45,-0.1209,0.0097,1835,-0.1481,-7.31,1651,-0.085,-4.11,1757,-0.1214,-5.15,False,0.059,17,False,exp<=0;up/down;t<4.758;wf<0.6;exbest<=0,,,,,,
existing,RW5-heat30-flowsell-rsi5pop-gapdn-short-cur,current,short,t1s1,none,1294.0,4.758,0.761,1227,301,0.5297,-0.0113,-0.26,-0.0246,0.0269,574,-0.2689,-4.47,406,0.1784,2.94,247,0.2755,3.58,False,0.588,17,,exp<=0;up/down;t<4.758;wf<0.6;exbest<=0,,,,,,
existing,RW5-heat30-flowsell-rsi5pop-gapdn-short-cur,current,short,t1s1,SPY,1294.0,4.758,0.761,1227,301,0.5077,-0.046,-1.29,-0.0532,0.0269,574,-0.1597,-3.04,406,0.0415,0.8,247,0.0744,0.93,False,0.471,17,False,exp<=0;up/down;t<4.758;wf<0.6;exbest<=0,,,,,,
existing,RW5-heat30-flowsell-rsi5pop-gapdn-short-cur,current,short,t1s1,SEC,1294.0,4.758,0.903,1227,301,0.4621,-0.116,-3.9,-0.1213,0.0269,574,-0.1541,-3.72,406,-0.0381,-0.81,247,-0.1554,-1.99,False,0.176,17,False,exp<=0;up/down;t<4.758;wf<0.6;exbest<=0,,,,,,
existing,RW6-ns2-up3-short-FD,full,short,t1s1,none,3614.0,4.756,1.836,3452,372,0.5055,-0.0141,-0.34,-0.0486,0.0979,1816,-0.076,-0.94,853,0.0067,0.16,783,0.1068,2.15,False,0.353,17,,exp<=0;up/down;t<4.756;wf<0.6;exbest<=0,,,,,,
existing,RW6-ns2-up3-short-FD,full,short,t1s1,SPY,3614.0,4.756,1.836,3452,372,0.482,-0.079,-3.63,-0.0856,0.0979,1816,-0.0775,-2.54,853,-0.0978,-2.5,783,-0.0619,-1.28,False,0.118,17,False,exp<=0;up/down;t<4.756;wf<0.6;exbest<=0,,,,,,
existing,RW6-ns2-up3-short-FD,full,short,t1s1,SEC,3614.0,4.756,1.488,3452,372,0.4626,-0.0693,-3.89,-0.0766,0.0979,1816,-0.0557,-2.1,853,-0.1015,-3.55,783,-0.0656,-1.86,False,0.118,17,False,exp<=0;up/down;t<4.756;wf<0.6;exbest<=0,,,,,,
existing,RW6-ns2-up3-short-cur,current,short,t1s1,none,1461.0,4.756,1.891,1405,245,0.5431,0.056,0.74,-0.022,0.2185,875,0.0316,0.26,257,0.0148,0.21,273,0.1728,1.6,True,0.529,17,,t<4.756;wf<0.6;exbest<=0;busiest>10%,,,,,,
existing,RW6-ns2-up3-short-cur,current,short,t1s1,SPY,1461.0,4.756,1.891,1405,245,0.5004,-0.0546,-1.61,-0.0677,0.2185,875,-0.0387,-1.08,257,-0.1233,-1.59,273,-0.0411,-0.41,False,0.529,17,False,exp<=0;up/down;t<4.756;wf<0.6;exbest<=0;busiest>10%,,,,,,
existing,RW6-ns2-up3-short-cur,current,short,t1s1,SEC,1461.0,4.756,1.506,1405,245,0.489,-0.0451,-1.59,-0.0623,0.2185,875,-0.0212,-0.56,257,-0.1259,-2.04,273,-0.0459,-0.79,False,0.412,17,False,exp<=0;up/down;t<4.756;wf<0.6;exbest<=0;busiest>10%,,,,,,
existing,RW6G1-ns2-up3-vwap2sd-short-FD,full,short,t1s1,none,1969.0,4.756,1.81,1867,348,0.5126,-0.0007,-0.01,-0.0701,0.1462,952,-0.007,-0.06,498,0.0025,0.05,417,0.0099,0.19,False,0.353,17,,exp<=0;up/down;t<4.756;wf<0.6;exbest<=0;busiest>10%,,,,,,
existing,RW6G1-ns2-up3-vwap2sd-short-FD,full,short,t1s1,SPY,1969.0,4.756,1.81,1867,348,0.4751,-0.0827,-2.92,-0.0924,0.1462,952,-0.0644,-1.51,498,-0.0844,-2.19,417,-0.1225,-2.35,False,0.118,17,False,exp<=0;up/down;t<4.756;wf<0.6;exbest<=0;busiest>10%,,,,,,
existing,RW6G1-ns2-up3-vwap2sd-short-FD,full,short,t1s1,SEC,1969.0,4.756,1.484,1867,348,0.4467,-0.0807,-3.35,-0.0903,0.1462,952,-0.064,-1.79,498,-0.1025,-3.02,417,-0.0928,-2.07,False,0.059,17,False,exp<=0;up/down;t<4.756;wf<0.6;exbest<=0;busiest>10%,,,,,,
existing,RW6G1-ns2-up3-vwap2sd-short-cur,current,short,t1s1,none,424.0,4.756,1.688,406,98,0.6576,0.2668,2.37,0.0328,0.5567,306,0.3171,2.88,37,0.0735,0.52,63,0.1357,0.87,True,0.625,8,,t<4.756;busiest>10%,,,,,,
existing,RW6G1-ns2-up3-vwap2sd-short-cur,current,short,t1s1,SPY,424.0,4.756,1.688,406,98,0.5296,0.014,0.31,-0.0422,0.5567,306,0.0335,0.83,37,-0.0808,-0.49,63,-0.0249,-0.2,False,0.5,8,False,up/down;t<4.756;wf<0.6;exbest<=0;busiest>10%,,,,,,
existing,RW6G1-ns2-up3-vwap2sd-short-cur,current,short,t1s1,SEC,424.0,4.756,1.379,406,98,0.5246,0.0071,0.18,-0.042,0.5567,306,0.0169,0.46,37,-0.104,-0.53,63,0.0253,0.22,True,0.5,8,False,t<4.756;wf<0.6;exbest<=0;busiest>10%,,,,,,
existing,RW7-gapdn-bounce-early-short-FD,full,short,t1s1,none,26164.0,4.758,1.168,24459,396,0.4923,-0.0536,-2.62,-0.0581,0.0087,7440,-0.2689,-9.53,7477,-0.0746,-2.41,9542,0.1307,4.1,False,0.235,17,,exp<=0;up/down;t<4.758;wf<0.6;exbest<=0,,,,,,
existing,RW7-gapdn-bounce-early-short-FD,full,short,t1s1,SPY,26164.0,4.758,1.168,24459,396,0.4707,-0.0839,-8.69,-0.0857,0.0087,7440,-0.1217,-6.83,7477,-0.0879,-5.45,9542,-0.0514,-3.27,False,0.059,17,False,exp<=0;up/down;t<4.758;wf<0.6;exbest<=0,,,,,,
existing,RW7-gapdn-bounce-early-short-FD,full,short,t1s1,SEC,26164.0,4.758,1.065,24459,396,0.4515,-0.1051,-15.36,-0.1066,0.0087,7440,-0.1161,-8.76,7477,-0.1107,-10.14,9542,-0.0922,-8.26,False,0.0,17,False,exp<=0;up/down;t<4.758;wf<0.6;exbest<=0,,,,,,
existing,RW7-gapdn-bounce-early-short-cur,current,short,t1s1,none,1590.0,4.758,0.703,1474,326,0.5095,-0.034,-1.04,-0.0402,0.017,625,-0.2673,-5.73,475,0.0679,1.26,374,0.2265,4.27,False,0.412,17,,exp<=0;up/down;t<4.758;wf<0.6;exbest<=0,,,,,,
existing,RW7-gapdn-bounce-early-short-cur,current,short,t1s1,SPY,1590.0,4.758,0.703,1474,326,0.5014,-0.062,-2.2,-0.0666,0.017,625,-0.1376,-3.29,475,-0.0118,-0.22,374,0.0004,0.01,False,0.294,17,False,exp<=0;up/down;t<4.758;wf<0.6;exbest<=0,,,,,,
existing,RW7-gapdn-bounce-early-short-cur,current,short,t1s1,SEC,1590.0,4.758,0.851,1474,326,0.4545,-0.1341,-6.01,-0.1392,0.017,625,-0.142,-4.57,475,-0.1312,-3.07,374,-0.1245,-2.7,False,0.0,17,False,exp<=0;up/down;t<4.758;wf<0.6;exbest<=0,,,,,,
existing,RW8-sma50up-spikefade-short-FD,full,short,t1s1,none,459.0,4.756,1.917,439,197,0.4715,-0.1024,-1.56,-0.1245,0.0683,219,-0.2428,-2.41,125,0.0903,1.02,95,-0.0322,-0.29,False,0.5,16,,exp<=0;up/down;t<4.756;wf<0.6;exbest<=0,,,,,,
existing,RW8-sma50up-spikefade-short-FD,full,short,t1s1,SPY,459.0,4.756,1.917,439,197,0.4761,-0.0571,-1.32,-0.0737,0.0683,219,-0.0886,-1.55,125,0.0562,0.7,95,-0.1337,-1.28,False,0.438,16,False,exp<=0;up/down;t<4.756;wf<0.6;exbest<=0,,,,,,
existing,RW8-sma50up-spikefade-short-FD,full,short,t1s1,SEC,459.0,4.756,1.535,439,197,0.4647,-0.0739,-2.0,-0.0845,0.0683,219,-0.0936,-1.91,125,0.033,0.49,95,-0.1694,-1.89,False,0.375,16,False,exp<=0;up/down;t<4.756;wf<0.6;exbest<=0,,,,,,
existing,RW8-sma50up-spikefade-short-cur,current,short,t1s1,none,459.0,4.756,1.917,439,197,0.4715,-0.1024,-1.56,-0.1245,0.0683,219,-0.2428,-2.41,125,0.0903,1.02,95,-0.0322,-0.29,False,0.5,16,,exp<=0;up/down;t<4.756;wf<0.6;exbest<=0,,,,,,
existing,RW8-sma50up-spikefade-short-cur,current,short,t1s1,SPY,459.0,4.756,1.917,439,197,0.4761,-0.0571,-1.32,-0.0737,0.0683,219,-0.0886,-1.55,125,0.0562,0.7,95,-0.1337,-1.28,False,0.438,16,False,exp<=0;up/down;t<4.756;wf<0.6;exbest<=0,,,,,,
existing,RW8-sma50up-spikefade-short-cur,current,short,t1s1,SEC,459.0,4.756,1.535,439,197,0.4647,-0.0739,-2.0,-0.0845,0.0683,219,-0.0936,-1.91,125,0.033,0.49,95,-0.1694,-1.89,False,0.375,16,False,exp<=0;up/down;t<4.756;wf<0.6;exbest<=0,,,,,,
existing,ST1-ordn-long-pm-t05s1-FD,full,long,t05s1,none,1621.0,4.838,2.111,1504,346,0.637,-0.0454,-1.72,-0.0514,0.0339,377,0.0201,0.38,462,-0.0731,-1.75,665,-0.0631,-1.48,False,0.353,17,,exp<=0;up/down;t<4.838;wf<0.6;exbest<=0,,,,,,
existing,ST1-ordn-long-pm-t05s1-FD,full,long,t05s1,SPY,1621.0,4.838,2.111,1504,346,0.6084,-0.0686,-3.3,-0.0732,0.0339,377,-0.0668,-1.45,462,-0.0903,-2.7,665,-0.0545,-1.75,False,0.353,17,False,exp<=0;up/down;t<4.838;wf<0.6;exbest<=0,,,,,,
existing,ST1-ordn-long-pm-t05s1-FD,full,long,t05s1,SEC,1621.0,4.838,1.716,1504,346,0.5731,-0.0666,-3.8,-0.0695,0.0339,377,-0.0856,-2.03,462,-0.0643,-2.48,665,-0.0575,-2.24,False,0.294,17,False,exp<=0;up/down;t<4.838;wf<0.6;exbest<=0,,,,,,
existing,ST1-ordn-long-pm-t05s1-cur,current,long,t05s1,none,395.0,4.838,2.118,365,167,0.7014,0.1017,2.93,0.0913,0.0603,65,0.1873,3.54,117,0.0369,0.6,183,0.1127,2.14,True,0.733,15,,t<4.838,,,,,,
existing,ST1-ordn-long-pm-t05s1-cur,current,long,t05s1,SPY,395.0,4.838,2.118,365,167,0.663,0.0359,1.13,0.0274,0.0603,65,0.0864,1.71,117,-0.0075,-0.14,183,0.0458,0.91,True,0.6,15,False,t<4.838,,,,,,
existing,ST1-ordn-long-pm-t05s1-cur,current,long,t05s1,SEC,395.0,4.838,1.663,365,167,0.6219,0.0082,0.32,-0.0009,0.0603,65,0.0779,1.45,117,-0.0198,-0.46,183,0.0014,0.04,True,0.4,15,False,t<4.838;wf<0.6;exbest<=0,,,,,,
existing,ST2-slope20up-long-am-t05s1-FD,full,long,t05s1,none,10956.0,4.838,1.819,10438,395,0.6286,-0.0139,-0.73,-0.0212,0.0187,2040,0.0257,1.29,3541,0.0352,1.09,4857,-0.0664,-2.07,False,0.353,17,,exp<=0;up/down;t<4.838;wf<0.6;exbest<=0,,,,,,
existing,ST2-slope20up-long-am-t05s1-FD,full,long,t05s1,SPY,10956.0,4.838,1.819,10438,395,0.5937,-0.0495,-4.87,-0.0528,0.0187,2040,-0.0711,-3.87,3541,-0.0452,-2.47,4857,-0.0435,-2.86,False,0.059,17,False,exp<=0;up/down;t<4.838;wf<0.6;exbest<=0,,,,,,
existing,ST2-slope20up-long-am-t05s1-FD,full,long,t05s1,SEC,10956.0,4.838,1.43,10438,395,0.5444,-0.0745,-9.84,-0.0755,0.0187,2040,-0.0875,-5.44,3541,-0.0736,-6.01,4857,-0.0697,-5.92,False,0.0,17,False,exp<=0;up/down;t<4.838;wf<0.6;exbest<=0,,,,,,
existing,ST2-slope20up-long-am-t05s1-cur,current,long,t05s1,none,164.0,4.838,2.002,156,106,0.7692,0.1307,2.42,0.1116,0.0769,50,0.0699,0.69,60,0.2003,2.59,46,0.106,1.15,True,0.6,5,,t<4.838,,,,,,
existing,ST2-slope20up-long-am-t05s1-cur,current,long,t05s1,SPY,164.0,4.838,2.002,156,106,0.7436,0.0622,1.09,0.037,0.0769,50,-0.0584,-0.57,60,0.1166,1.32,46,0.1224,1.34,False,0.6,5,False,up/down;t<4.838,,,,,,
existing,ST2-slope20up-long-am-t05s1-cur,current,long,t05s1,SEC,164.0,4.838,1.564,156,106,0.6346,-0.0241,-0.52,-0.0332,0.0769,50,-0.0591,-0.68,60,-0.0017,-0.03,46,-0.0151,-0.16,False,0.6,5,False,exp<=0;up/down;t<4.838;exbest<=0,,,,,,
existing,ST3-rsi5up-short-pm-t1s1-FD,full,short,t1s1,none,657.0,4.838,2.114,628,225,0.5255,0.0022,0.05,-0.0089,0.0446,167,-0.0922,-1.26,257,0.0624,0.92,204,0.0037,0.05,False,0.562,16,,up/down;t<4.838;wf<0.6;exbest<=0,,,,,,
existing,ST3-rsi5up-short-pm-t1s1-FD,full,short,t1s1,SPY,657.0,4.838,2.114,628,225,0.5,-0.0159,-0.39,-0.0311,0.0446,167,-0.0313,-0.42,257,0.037,0.65,204,-0.0698,-0.83,False,0.5,16,False,exp<=0;up/down;t<4.838;wf<0.6;exbest<=0,,,,,,
existing,ST3-rsi5up-short-pm-t1s1-FD,full,short,t1s1,SEC,657.0,4.838,1.646,628,225,0.5064,-0.037,-1.05,-0.0464,0.0446,167,-0.02,-0.3,257,-0.0022,-0.04,204,-0.0948,-1.48,False,0.5,16,False,exp<=0;up/down;t<4.838;wf<0.6;exbest<=0,,,,,,
existing,ST3-rsi5up-short-pm-t1s1-cur,current,short,t1s1,none,358.0,4.838,2.122,343,165,0.5831,0.0991,2.16,0.0787,0.0554,88,0.0691,0.87,143,0.1372,2.22,112,0.0741,0.77,True,0.769,13,,t<4.838,,,,,,
existing,ST3-rsi5up-short-pm-t1s1-cur,current,short,t1s1,SPY,358.0,4.838,2.122,343,165,0.5569,0.0697,1.55,0.0501,0.0554,88,0.1079,1.36,143,0.0926,1.67,112,0.0106,0.1,True,0.538,13,False,t<4.838;wf<0.6,,,,,,
existing,ST3-rsi5up-short-pm-t1s1-cur,current,short,t1s1,SEC,358.0,4.838,1.634,343,165,0.5743,0.0333,0.86,0.0209,0.0554,88,0.0954,1.29,143,0.0575,1.04,112,-0.0463,-0.59,False,0.462,13,False,up/down;t<4.838;wf<0.6,,,,,,
existing,ST4-emadn-long-am-t1s05-FD,full,long,t1s05,none,1300.0,4.838,1.889,1243,322,0.4409,0.0318,1.02,0.0139,0.0394,217,0.1464,2.74,414,0.0545,0.85,612,-0.0242,-0.6,False,0.529,17,,up/down;t<4.838;wf<0.6,,,,,,
existing,ST4-emadn-long-am-t1s05-FD,full,long,t1s05,SPY,1300.0,4.838,1.889,1243,322,0.4368,-0.0103,-0.45,-0.0167,0.0394,217,0.0195,0.44,414,-0.0029,-0.08,612,-0.0258,-0.73,False,0.412,17,False,exp<=0;up/down;t<4.838;wf<0.6;exbest<=0,,,,,,
existing,ST4-emadn-long-am-t1s05-FD,full,long,t1s05,SEC,1300.0,4.838,1.451,1243,322,0.4095,-0.0517,-2.9,-0.0558,0.0394,217,-0.0181,-0.42,414,-0.0462,-1.56,612,-0.0674,-2.61,False,0.294,17,False,exp<=0;up/down;t<4.838;wf<0.6;exbest<=0,,,,,,
existing,ST4-emadn-long-am-t1s05-cur,current,long,t1s05,none,168.0,4.838,2.107,158,97,0.4937,0.172,2.42,0.1426,0.057,33,0.4053,2.77,56,0.1261,1.0,69,0.0977,0.94,True,1.0,5,,t<4.838,,,,,,
existing,ST4-emadn-long-am-t1s05-cur,current,long,t1s05,SPY,168.0,4.838,2.107,158,97,0.4873,0.0749,0.96,0.0517,0.057,33,0.2919,2.3,56,0.0808,0.77,69,-0.0337,-0.25,False,0.8,5,False,up/down;t<4.838,,,,,,
existing,ST4-emadn-long-am-t1s05-cur,current,long,t1s05,SEC,168.0,4.838,1.638,158,97,0.4557,0.0302,0.47,0.0175,0.057,33,0.2451,1.92,56,0.0639,0.74,69,-0.1,-0.98,False,0.8,5,False,up/down;t<4.838,,,,,,
existing,ST5-pdbrkup-short-mid-t05s1-FD,full,short,t05s1,none,426.0,4.838,2.024,407,171,0.629,-0.0499,-1.13,-0.067,0.0737,101,-0.066,-0.73,152,-0.0843,-1.01,154,-0.0054,-0.09,False,0.462,13,,exp<=0;up/down;t<4.838;wf<0.6;exbest<=0,,,,,,
existing,ST5-pdbrkup-short-mid-t05s1-FD,full,short,t05s1,SPY,426.0,4.838,2.024,407,171,0.6339,-0.0175,-0.37,-0.045,0.0737,101,-0.0018,-0.02,152,-0.0666,-0.97,154,0.0206,0.26,False,0.385,13,False,exp<=0;up/down;t<4.838;wf<0.6;exbest<=0,,,,,,
existing,ST5-pdbrkup-short-mid-t05s1-FD,full,short,t05s1,SEC,426.0,4.838,1.498,407,171,0.5627,-0.0794,-2.29,-0.0901,0.0737,101,-0.0898,-1.07,152,-0.069,-1.24,154,-0.0827,-1.75,False,0.385,13,False,exp<=0;up/down;t<4.838;wf<0.6;exbest<=0,,,,,,
existing,ST5-pdbrkup-short-mid-t05s1-cur,current,short,t05s1,none,162.0,4.838,2.156,152,85,0.7171,0.1183,2.34,0.0978,0.0987,33,0.1142,1.12,60,0.0577,0.62,59,0.1823,2.22,True,0.833,6,,t<4.838,,,,,,
existing,ST5-pdbrkup-short-mid-t05s1-cur,current,short,t05s1,SPY,162.0,4.838,2.156,152,85,0.7434,0.1737,2.96,0.1283,0.0987,33,0.1693,1.71,60,0.0787,0.95,59,0.2727,2.84,True,0.833,6,False,t<4.838,,,,,,
existing,ST5-pdbrkup-short-mid-t05s1-cur,current,short,t05s1,SEC,162.0,4.838,1.603,152,85,0.6579,0.0527,1.36,0.0439,0.0987,33,0.1292,1.39,60,0.0045,0.08,59,0.0589,0.99,True,1.0,6,False,t<4.838,,,,,,
existing,ST6-volspikeup-short-mid-t1s1-FD,full,short,t1s1,none,607.0,4.838,2.036,589,216,0.5331,0.0126,0.35,0.0044,0.034,146,-0.0739,-0.94,227,0.0138,0.24,216,0.0698,1.29,False,0.733,15,,up/down;t<4.838,,,,,,
existing,ST6-volspikeup-short-mid-t1s1-FD,full,short,t1s1,SPY,607.0,4.838,2.036,589,216,0.4958,-0.0084,-0.22,-0.0273,0.034,146,-0.0292,-0.36,227,-0.0272,-0.51,216,0.0254,0.36,False,0.533,15,False,exp<=0;up/down;t<4.838;wf<0.6;exbest<=0,,,,,,
existing,ST6-volspikeup-short-mid-t1s1-FD,full,short,t1s1,SEC,607.0,4.838,1.524,589,216,0.5008,-0.0279,-0.89,-0.0366,0.034,146,-0.0556,-0.71,227,-0.029,-0.63,216,-0.0081,-0.17,False,0.467,15,False,exp<=0;up/down;t<4.838;wf<0.6;exbest<=0,,,,,,
existing,ST6-volspikeup-short-mid-t1s1-cur,current,short,t1s1,none,222.0,4.838,1.936,215,125,0.5767,0.1079,1.81,0.0827,0.0372,59,0.0325,0.23,85,0.1701,2.32,71,0.0962,0.9,True,0.857,7,,t<4.838,,,,,,
existing,ST6-volspikeup-short-mid-t1s1-cur,current,short,t1s1,SPY,222.0,4.838,1.936,215,125,0.5581,0.1101,1.87,0.085,0.0372,59,0.1531,1.19,85,0.1469,1.86,71,0.0303,0.29,True,0.714,7,False,t<4.838,,,,,,
existing,ST6-volspikeup-short-mid-t1s1-cur,current,short,t1s1,SEC,222.0,4.838,1.422,215,125,0.5628,0.0792,1.39,0.0532,0.0372,59,0.1114,0.87,85,0.1245,1.52,71,-0.0017,-0.02,False,0.714,7,False,up/down;t<4.838,,,,,,
existing,ST7-rsi50dn-long-pm-t1s1-FD,full,long,t1s1,none,1035.0,4.838,1.373,998,304,0.5361,0.0412,0.87,0.0319,0.0451,204,0.2236,2.99,351,0.044,0.73,443,-0.0451,-0.52,False,0.588,17,,up/down;t<4.838;wf<0.6,,,,,,
existing,ST7-rsi50dn-long-pm-t1s1-FD,full,long,t1s1,SPY,1035.0,4.838,1.373,998,304,0.507,-0.0324,-0.94,-0.0388,0.0451,204,0.0217,0.34,351,-0.0483,-0.79,443,-0.0447,-0.86,False,0.529,17,False,exp<=0;up/down;t<4.838;wf<0.6;exbest<=0,,,,,,
existing,ST7-rsi50dn-long-pm-t1s1-FD,full,long,t1s1,SEC,1035.0,4.838,1.151,998,304,0.496,-0.0337,-1.19,-0.0423,0.0451,204,-0.0006,-0.01,351,-0.068,-1.47,443,-0.0218,-0.49,False,0.529,17,False,exp<=0;up/down;t<4.838;wf<0.6;exbest<=0,,,,,,
existing,ST7-rsi50dn-long-pm-t1s1-cur,current,long,t1s1,none,166.0,4.838,1.406,159,107,0.5912,0.1787,2.19,0.1189,0.0692,33,0.1941,1.41,49,0.0902,0.87,77,0.2285,1.67,True,0.714,7,,t<4.838,,,,,,
existing,ST7-rsi50dn-long-pm-t1s1-cur,current,long,t1s1,SPY,166.0,4.838,1.406,159,107,0.5472,0.0802,1.41,0.0551,0.0692,33,0.0883,0.61,49,0.073,0.79,77,0.0812,1.01,True,0.714,7,False,t<4.838,,,,,,
existing,ST7-rsi50dn-long-pm-t1s1-cur,current,long,t1s1,SEC,166.0,4.838,1.184,159,107,0.4654,-0.0397,-0.79,-0.0553,0.0692,33,-0.021,-0.17,49,-0.0898,-1.11,77,-0.0158,-0.22,False,0.286,7,False,exp<=0;up/down;t<4.838;wf<0.6;exbest<=0,,,,,,
existing,ST8-volspikedn-long-pm-t1s1-FD,full,long,t1s1,none,528.0,4.838,1.833,504,198,0.5298,0.0496,1.0,0.026,0.0476,100,0.058,0.6,195,0.1388,1.63,209,-0.0376,-0.54,False,0.6,15,,up/down;t<4.838,,,,,,
existing,ST8-volspikedn-long-pm-t1s1-FD,full,long,t1s1,SPY,528.0,4.838,1.833,504,198,0.5099,-0.0049,-0.11,-0.0256,0.0476,100,0.0028,0.03,195,0.0529,0.71,209,-0.0625,-1.07,False,0.333,15,False,exp<=0;up/down;t<4.838;wf<0.6;exbest<=0,,,,,,
existing,ST8-volspikedn-long-pm-t1s1-FD,full,long,t1s1,SEC,528.0,4.838,1.368,504,198,0.4722,-0.0481,-1.62,-0.0533,0.0476,100,-0.0768,-0.91,195,-0.0113,-0.24,209,-0.0687,-1.79,False,0.333,15,False,exp<=0;up/down;t<4.838;wf<0.6;exbest<=0,,,,,,
existing,ST8-volspikedn-long-pm-t1s1-cur,current,long,t1s1,none,408.0,4.838,1.855,390,167,0.5538,0.11,2.04,0.0818,0.059,72,0.109,1.12,158,0.2137,2.48,160,0.008,0.1,True,0.786,14,,t<4.838,,,,,,
existing,ST8-volspikedn-long-pm-t1s1-cur,current,long,t1s1,SPY,408.0,4.838,1.855,390,167,0.5436,0.0476,1.05,0.0254,0.059,72,0.0707,0.69,158,0.1007,1.31,160,-0.0152,-0.26,False,0.5,14,False,up/down;t<4.838;wf<0.6,,,,,,
existing,ST8-volspikedn-long-pm-t1s1-cur,current,long,t1s1,SEC,408.0,4.838,1.353,390,167,0.4769,-0.0257,-0.86,-0.0316,0.059,72,-0.0099,-0.12,158,0.0087,0.17,160,-0.0667,-1.75,False,0.429,14,False,exp<=0;up/down;t<4.838;wf<0.6;exbest<=0,,,,,,
existing,exhaustion_short-FD,full,short,t1s1,none,28458.0,5.227,1.586,26938,396,0.498,-0.0563,-3.31,-0.0604,0.0105,12255,-0.1698,-6.83,8268,-0.0344,-1.35,6415,0.1323,4.84,False,0.118,17,,exp<=0;up/down;t<5.227;wf<0.6;exbest<=0,,,,,,
existing,exhaustion_short-FD,full,short,t1s1,SPY,28458.0,5.227,1.586,26938,396,0.4856,-0.0832,-6.69,-0.0852,0.0105,12255,-0.0904,-4.18,8268,-0.0969,-5.18,6415,-0.0518,-2.6,False,0.059,17,False,exp<=0;up/down;t<5.227;wf<0.6;exbest<=0,,,,,,
existing,exhaustion_short-FD,full,short,t1s1,SEC,28458.0,5.227,1.31,26938,396,0.4698,-0.1018,-10.06,-0.1031,0.0105,12255,-0.0998,-5.33,8268,-0.1181,-8.51,6415,-0.0846,-6.14,False,0.0,17,False,exp<=0;up/down;t<5.227;wf<0.6;exbest<=0,,,,,,
existing,exhaustion_short-cur,current,short,t1s1,none,5973.0,5.227,1.947,5393,390,0.5286,0.0139,0.43,-0.004,0.0413,2401,-0.0559,-1.22,1624,-0.0228,-0.49,1368,0.18,2.74,False,0.235,17,,up/down;t<5.227;wf<0.6;exbest<=0,,,,,,
existing,exhaustion_short-cur,current,short,t1s1,SPY,5973.0,5.227,1.947,5393,390,0.491,-0.054,-3.22,-0.0581,0.0413,2401,-0.0695,-2.74,1624,-0.0629,-2.2,1368,-0.0162,-0.44,False,0.176,17,False,exp<=0;up/down;t<5.227;wf<0.6;exbest<=0,,,,,,
existing,exhaustion_short-cur,current,short,t1s1,SEC,5973.0,5.227,1.521,5393,390,0.4804,-0.0652,-5.09,-0.067,0.0413,2401,-0.0851,-4.57,1624,-0.0635,-2.62,1368,-0.0323,-1.22,False,0.118,17,False,exp<=0;up/down;t<5.227;wf<0.6;exbest<=0,,,,,,
existing,heat_fade_long-FD,full,long,t1s1,none,23506.0,4.444,1.495,22565,396,0.4998,-0.0281,-1.11,-0.0339,0.022,4520,0.1104,4.15,7987,0.0228,0.73,10058,-0.1308,-2.96,False,0.471,17,,exp<=0;up/down;t<4.444;wf<0.6;exbest<=0,,,,,,
existing,heat_fade_long-FD,full,long,t1s1,SPY,23506.0,4.444,1.495,22565,396,0.4938,-0.0442,-4.07,-0.0461,0.022,4520,-0.0458,-1.95,7987,-0.0454,-2.39,10058,-0.0425,-2.68,False,0.235,17,False,exp<=0;up/down;t<4.444;wf<0.6;exbest<=0,,,,,,
existing,heat_fade_long-FD,full,long,t1s1,SEC,23506.0,4.444,1.244,22565,396,0.4812,-0.0572,-7.75,-0.0582,0.022,4520,-0.0766,-4.45,7987,-0.054,-4.42,10058,-0.0511,-4.68,False,0.059,17,False,exp<=0;up/down;t<4.444;wf<0.6;exbest<=0,,,,,,
existing,heat_fade_long-cur,current,long,t1s1,none,14460.0,4.444,1.497,13838,396,0.4937,-0.043,-1.08,-0.0529,0.035,2578,0.0664,2.15,4672,0.0323,0.62,6588,-0.1392,-2.06,False,0.471,17,,exp<=0;up/down;t<4.444;wf<0.6;exbest<=0,,,,,,
existing,heat_fade_long-cur,current,long,t1s1,SPY,14460.0,4.444,1.497,13838,396,0.496,-0.0323,-2.39,-0.0347,0.035,2578,-0.0841,-2.77,4672,-0.0118,-0.55,6588,-0.0265,-1.29,False,0.353,17,False,exp<=0;up/down;t<4.444;wf<0.6;exbest<=0,,,,,,
existing,heat_fade_long-cur,current,long,t1s1,SEC,14460.0,4.444,1.246,13838,396,0.4754,-0.0582,-5.96,-0.0599,0.035,2578,-0.1036,-4.63,4672,-0.0413,-2.48,6588,-0.0524,-3.76,False,0.176,17,False,exp<=0;up/down;t<4.444;wf<0.6;exbest<=0,,,,,,
existing,heat_fade_short-FD,full,short,t1s1,none,75136.0,4.444,1.254,71374,396,0.4919,-0.0326,-2.32,-0.0352,0.0066,20338,-0.2258,-10.41,24894,-0.0478,-2.36,26142,0.1321,6.4,False,0.353,17,,exp<=0;up/down;t<4.444;wf<0.6;exbest<=0,,,,,,
existing,heat_fade_short-FD,full,short,t1s1,SPY,75136.0,4.444,1.254,71374,396,0.4732,-0.0534,-7.36,-0.0553,0.0066,20338,-0.0779,-7.04,24894,-0.0495,-4.33,26142,-0.0381,-2.74,False,0.176,17,False,exp<=0;up/down;t<4.444;wf<0.6;exbest<=0,,,,,,
existing,heat_fade_short-FD,full,short,t1s1,SEC,75136.0,4.444,1.109,71374,396,0.4625,-0.0691,-15.86,-0.0696,0.0066,20338,-0.0733,-8.72,24894,-0.0635,-9.16,26142,-0.071,-9.65,False,0.0,17,False,exp<=0;up/down;t<4.444;wf<0.6;exbest<=0,,,,,,
existing,heat_fade_short-cur,current,short,t1s1,none,14433.0,4.444,1.476,13853,395,0.5188,0.0091,0.36,-0.0025,0.021,4436,-0.2023,-5.61,4935,0.0752,1.73,4482,0.1455,4.13,False,0.706,17,,up/down;t<4.444;exbest<=0,,,,,,
existing,heat_fade_short-cur,current,short,t1s1,SPY,14433.0,4.444,1.476,13853,395,0.513,0.001,0.07,-0.0043,0.021,4436,-0.0244,-1.17,4935,0.0226,0.89,4482,0.0025,0.1,False,0.588,17,False,up/down;t<4.444;wf<0.6;exbest<=0,,,,,,
existing,heat_fade_short-cur,current,short,t1s1,SEC,14433.0,4.444,1.19,13853,395,0.4865,-0.0358,-4.11,-0.0383,0.021,4436,-0.0344,-2.23,4935,-0.0178,-1.22,4482,-0.0571,-3.68,False,0.176,17,False,exp<=0;up/down;t<4.444;wf<0.6;exbest<=0,,,,,,
rv,,,long,,,,3.4,,170370,386,0.5032,-0.0587,-4.33,-0.0609,0.0038,56714,0.1775,10.27,56612,-0.074,-5.06,57044,-0.2783,-15.71,False,0.176,17,False,exp<=0;up/down;t<3.4;wf<0.6;exbest<=0;plateau<=0,PAIR,3.0,1.5,fade,single,-0.0628
rv,,,long,,,,3.4,,170370,386,0.4515,-0.106,-29.48,-0.1066,0.0038,56714,-0.0755,-10.46,56612,-0.1098,-21.36,57044,-0.1326,-25.68,False,0.0,17,False,exp<=0;up/down;t<3.4;wf<0.6;exbest<=0;plateau<=0,PAIR,3.0,1.5,fade,hedged,-0.108
rv,,,short,,,,3.4,,171284,386,0.5016,-0.0587,-4.26,-0.061,0.0038,58534,-0.2951,-16.92,56763,-0.0383,-2.51,55987,0.1679,9.46,False,0.118,17,False,exp<=0;up/down;t<3.4;wf<0.6;exbest<=0;plateau<=0,PAIR,3.0,1.5,fade,single,-0.0567
rv,,,short,,,,3.4,,171284,386,0.4496,-0.1001,-26.65,-0.1011,0.0038,58534,-0.1304,-18.6,56763,-0.1001,-19.14,55987,-0.0684,-11.41,False,0.0,17,False,exp<=0;up/down;t<3.4;wf<0.6;exbest<=0;plateau<=0,PAIR,3.0,1.5,fade,hedged,-0.0958
rv,,,long,,,,3.4,,171284,386,0.484,-0.0981,-7.16,-0.1004,0.0038,58534,0.1395,8.04,56763,-0.1213,-8.06,55987,-0.3229,-18.54,False,0.0,17,False,exp<=0;up/down;t<3.4;wf<0.6;exbest<=0;plateau<=0,PAIR,3.0,1.5,mom,single,-0.0978
rv,,,long,,,,3.4,,171284,386,0.4017,-0.1824,-51.72,-0.1831,0.0038,58534,-0.1507,-22.87,56763,-0.186,-37.37,55987,-0.2118,-38.66,False,0.0,17,False,exp<=0;up/down;t<3.4;wf<0.6;exbest<=0;plateau<=0,PAIR,3.0,1.5,mom,hedged,-0.1811
rv,,,short,,,,3.4,,170370,386,0.4825,-0.098,-7.2,-0.1003,0.0038,56714,-0.333,-19.44,56612,-0.0853,-5.78,57044,0.123,6.79,False,0.059,17,False,exp<=0;up/down;t<3.4;wf<0.6;exbest<=0;plateau<=0,PAIR,3.0,1.5,mom,single,-0.092
rv,,,short,,,,3.4,,170370,386,0.4015,-0.176,-49.6,-0.1769,0.0038,56714,-0.2056,-32.1,56612,-0.1757,-35.99,57044,-0.1471,-24.44,False,0.0,17,False,exp<=0;up/down;t<3.4;wf<0.6;exbest<=0;plateau<=0,PAIR,3.0,1.5,mom,hedged,-0.1689
rv,,,long,,,,3.4,,116220,386,0.5055,-0.055,-4.08,-0.0579,0.0053,38634,0.1683,9.33,38133,-0.0658,-4.41,39453,-0.2631,-15.18,False,0.176,17,False,exp<=0;up/down;t<3.4;wf<0.6;exbest<=0;plateau<=0,PAIR,3.0,2.0,fade,single,-0.061
rv,,,long,,,,3.4,,116220,386,0.4621,-0.1005,-24.78,-0.101,0.0053,38634,-0.0751,-8.89,38133,-0.103,-17.49,39453,-0.1229,-20.46,False,0.0,17,False,exp<=0;up/down;t<3.4;wf<0.6;exbest<=0;plateau<=0,PAIR,3.0,2.0,fade,hedged,-0.1055
rv,,,short,,,,3.4,,117621,386,0.5049,-0.0541,-3.94,-0.0565,0.0053,40985,-0.2813,-16.37,38707,-0.0295,-1.98,37929,0.1665,9.2,False,0.176,17,False,exp<=0;up/down;t<3.4;wf<0.6;exbest<=0;plateau<=0,PAIR,3.0,2.0,fade,single,-0.059
rv,,,short,,,,3.4,,117621,386,0.4608,-0.091,-21.82,-0.0921,0.0053,40985,-0.1199,-14.93,38707,-0.0906,-16.4,37929,-0.06,-8.69,False,0.0,17,False,exp<=0;up/down;t<3.4;wf<0.6;exbest<=0;plateau<=0,PAIR,3.0,2.0,fade,hedged,-0.0972
rv,,,long,,,,3.4,,117621,386,0.4829,-0.1006,-7.39,-0.1037,0.0053,40985,0.1275,7.44,38707,-0.1282,-8.63,37929,-0.3189,-18.06,False,0.0,17,False,exp<=0;up/down;t<3.4;wf<0.6;exbest<=0;plateau<=0,PAIR,3.0,2.0,mom,single,-0.0962
rv,,,long,,,,3.4,,117621,386,0.4078,-0.1863,-48.37,-0.1871,0.0053,40985,-0.1559,-21.4,38707,-0.191,-34.57,37929,-0.2145,-34.84,False,0.0,17,False,exp<=0;up/down;t<3.4;wf<0.6;exbest<=0;plateau<=0,PAIR,3.0,2.0,mom,hedged,-0.1806
rv,,,short,,,,3.4,,116220,386,0.4826,-0.0998,-7.39,-0.1023,0.0053,38634,-0.3221,-18.16,38133,-0.0919,-6.12,39453,0.1102,6.23,False,0.059,17,False,exp<=0;up/down;t<3.4;wf<0.6;exbest<=0;plateau<=0,PAIR,3.0,2.0,mom,single,-0.0939
rv,,,short,,,,3.4,,116220,386,0.4073,-0.1765,-45.82,-0.177,0.0053,38634,-0.2013,-27.91,38133,-0.1781,-30.76,39453,-0.1506,-23.75,False,0.0,17,False,exp<=0;up/down;t<3.4;wf<0.6;exbest<=0;plateau<=0,PAIR,3.0,2.0,mom,hedged,-0.171
rv,,,long,,,,3.4,,74001,386,0.5062,-0.0552,-3.92,-0.0596,0.0077,24718,0.1589,8.08,24072,-0.0649,-4.16,25211,-0.2559,-14.25,False,0.176,17,False,exp<=0;up/down;t<3.4;wf<0.6;exbest<=0;plateau<=0,PAIR,3.0,2.5,fade,single,-0.0602
rv,,,long,,,,3.4,,74001,386,0.4679,-0.0965,-20.02,-0.0972,0.0077,24718,-0.0703,-7.39,24072,-0.1014,-13.24,25211,-0.1176,-15.82,False,0.0,17,False,exp<=0;up/down;t<3.4;wf<0.6;exbest<=0;plateau<=0,PAIR,3.0,2.5,fade,hedged,-0.1066
rv,,,short,,,,3.4,,74559,386,0.5044,-0.0564,-3.94,-0.0594,0.008,26512,-0.2752,-15.29,24179,-0.0278,-1.82,23868,0.1576,8.22,False,0.118,17,False,exp<=0;up/down;t<3.4;wf<0.6;exbest<=0;plateau<=0,PAIR,3.0,2.5,fade,single,-0.0592
rv,,,short,,,,3.4,,74559,386,0.4647,-0.0925,-19.19,-0.0931,0.008,26512,-0.1224,-13.75,24179,-0.0831,-11.88,23868,-0.0688,-8.24,False,0.0,17,False,exp<=0;up/down;t<3.4;wf<0.6;exbest<=0;plateau<=0,PAIR,3.0,2.5,fade,hedged,-0.0947
rv,,,long,,,,3.4,,74559,386,0.4852,-0.098,-6.92,-0.1023,0.008,26512,0.1214,6.81,24179,-0.1288,-8.47,23868,-0.3105,-16.74,False,0.0,17,False,exp<=0;up/down;t<3.4;wf<0.6;exbest<=0;plateau<=0,PAIR,3.0,2.5,mom,single,-0.0956
rv,,,long,,,,3.4,,74559,386,0.4166,-0.1826,-41.44,-0.1835,0.008,26512,-0.1515,-18.36,24179,-0.1952,-28.85,23868,-0.2045,-29.07,False,0.0,17,False,exp<=0;up/down;t<3.4;wf<0.6;exbest<=0;plateau<=0,PAIR,3.0,2.5,mom,hedged,-0.1811
rv,,,short,,,,3.4,,74001,386,0.4836,-0.0987,-7.02,-0.1017,0.0077,24718,-0.3115,-16.18,24072,-0.0923,-5.95,25211,0.1037,5.7,False,0.059,17,False,exp<=0;up/down;t<3.4;wf<0.6;exbest<=0;plateau<=0,PAIR,3.0,2.5,mom,single,-0.0944
rv,,,short,,,,3.4,,74001,386,0.414,-0.1772,-39.34,-0.1778,0.0077,24718,-0.2032,-24.06,24072,-0.1766,-24.43,25211,-0.1523,-20.98,False,0.0,17,False,exp<=0;up/down;t<3.4;wf<0.6;exbest<=0;plateau<=0,PAIR,3.0,2.5,mom,hedged,-0.1685
rv,,,long,,,,3.4,,130479,386,0.4958,-0.0705,-5.09,-0.0728,0.0047,42927,0.1552,8.18,43136,-0.076,-5.21,44416,-0.2833,-14.75,False,0.118,17,False,exp<=0;up/down;t<3.4;wf<0.6;exbest<=0;plateau<=0,PAIR,6.0,1.5,fade,single,-0.0665
rv,,,long,,,,3.4,,130479,386,0.4501,-0.1155,-27.03,-0.1161,0.0047,42927,-0.0865,-9.0,43136,-0.1161,-22.24,44416,-0.143,-23.25,False,0.0,17,False,exp<=0;up/down;t<3.4;wf<0.6;exbest<=0;plateau<=0,PAIR,6.0,1.5,fade,hedged,-0.1116
rv,,,short,,,,3.4,,131261,386,0.5002,-0.0592,-4.31,-0.0623,0.0047,45688,-0.2807,-15.98,43339,-0.034,-2.31,42234,0.1545,7.75,False,0.176,17,False,exp<=0;up/down;t<3.4;wf<0.6;exbest<=0;plateau<=0,PAIR,6.0,1.5,fade,single,-0.06
rv,,,short,,,,3.4,,131261,386,0.454,-0.1006,-20.3,-0.1036,0.0047,45688,-0.1244,-10.97,43339,-0.1016,-17.47,42234,-0.0739,-11.13,False,0.0,17,False,exp<=0;up/down;t<3.4;wf<0.6;exbest<=0;plateau<=0,PAIR,6.0,1.5,fade,hedged,-0.1016
rv,,,long,,,,3.4,,131261,386,0.4831,-0.0951,-6.99,-0.0972,0.0047,45688,0.1268,7.25,43339,-0.1231,-8.48,42234,-0.3063,-15.7,False,0.059,17,False,exp<=0;up/down;t<3.4;wf<0.6;exbest<=0;plateau<=0,PAIR,6.0,1.5,mom,single,-0.0951
rv,,,long,,,,3.4,,131261,386,0.4122,-0.1759,-37.97,-0.1764,0.0047,45688,-0.1513,-14.09,43339,-0.1787,-32.0,42234,-0.1995,-34.26,False,0.0,17,False,exp<=0;up/down;t<3.4;wf<0.6;exbest<=0;plateau<=0,PAIR,6.0,1.5,mom,hedged,-0.176
rv,,,short,,,,3.4,,130479,386,0.4878,-0.0841,-6.02,-0.0871,0.0047,42927,-0.3096,-16.45,43136,-0.0811,-5.48,44416,0.1309,6.71,False,0.059,17,False,exp<=0;up/down;t<3.4;wf<0.6;exbest<=0;plateau<=0,PAIR,6.0,1.5,mom,single,-0.0885
rv,,,short,,,,3.4,,130479,386,0.4151,-0.1612,-37.99,-0.163,0.0047,42927,-0.1916,-20.66,43136,-0.1637,-31.34,44416,-0.1293,-21.01,False,0.0,17,False,exp<=0;up/down;t<3.4;wf<0.6;exbest<=0;plateau<=0,PAIR,6.0,1.5,mom,hedged,-0.1651
rv,,,long,,,,3.4,,79097,386,0.4975,-0.069,-4.79,-0.0725,0.007,26029,0.1472,7.19,25793,-0.0736,-4.82,27275,-0.2711,-13.28,False,0.059,17,False,exp<=0;up/down;t<3.4;wf<0.6;exbest<=0;plateau<=0,PAIR,6.0,2.0,fade,single,-0.0659
rv,,,long,,,,3.4,,79097,386,0.4571,-0.114,-22.08,-0.1149,0.007,26029,-0.0853,-7.5,25793,-0.114,-16.94,27275,-0.1414,-17.92,False,0.0,17,False,exp<=0;up/down;t<3.4;wf<0.6;exbest<=0;plateau<=0,PAIR,6.0,2.0,fade,hedged,-0.1099
rv,,,short,,,,3.4,,80041,386,0.4996,-0.062,-4.42,-0.0656,0.0072,28589,-0.273,-15.36,26135,-0.0352,-2.25,25317,0.1486,7.29,False,0.118,17,False,exp<=0;up/down;t<3.4;wf<0.6;exbest<=0;plateau<=0,PAIR,6.0,2.0,fade,single,-0.0586
rv,,,short,,,,3.4,,80041,386,0.461,-0.099,-16.24,-0.1028,0.0072,28589,-0.1162,-8.21,26135,-0.1019,-13.35,25317,-0.0765,-10.25,False,0.0,17,False,exp<=0;up/down;t<3.4;wf<0.6;exbest<=0;plateau<=0,PAIR,6.0,2.0,fade,hedged,-0.0985
rv,,,long,,,,3.4,,80041,386,0.4864,-0.0926,-6.7,-0.0955,0.0072,28589,0.119,6.79,26135,-0.1226,-7.96,25317,-0.3007,-15.19,False,0.0,17,False,exp<=0;up/down;t<3.4;wf<0.6;exbest<=0;plateau<=0,PAIR,6.0,2.0,mom,single,-0.0963
rv,,,long,,,,3.4,,80041,386,0.4195,-0.1767,-30.91,-0.1773,0.0072,28589,-0.1581,-11.82,26135,-0.178,-23.91,25317,-0.1964,-29.84,False,0.0,17,False,exp<=0;up/down;t<3.4;wf<0.6;exbest<=0;plateau<=0,PAIR,6.0,2.0,mom,hedged,-0.1774
rv,,,short,,,,3.4,,79097,386,0.489,-0.0851,-5.85,-0.0887,0.007,26029,-0.3016,-14.92,25793,-0.0824,-5.34,27275,0.119,5.69,False,0.059,17,False,exp<=0;up/down;t<3.4;wf<0.6;exbest<=0;plateau<=0,PAIR,6.0,2.0,mom,single,-0.0887
rv,,,short,,,,3.4,,79097,386,0.4239,-0.1599,-31.64,-0.1619,0.007,26029,-0.1908,-17.55,25793,-0.1628,-24.49,27275,-0.1278,-16.5,False,0.0,17,False,exp<=0;up/down;t<3.4;wf<0.6;exbest<=0;plateau<=0,PAIR,6.0,2.0,mom,hedged,-0.1653
rv,,,long,,,,3.4,,46393,386,0.4999,-0.0654,-4.14,-0.0707,0.0102,15314,0.1424,6.22,14915,-0.0662,-3.83,16164,-0.2615,-12.01,False,0.059,17,False,exp<=0;up/down;t<3.4;wf<0.6;exbest<=0;plateau<=0,PAIR,6.0,2.5,fade,single,-0.0667
rv,,,long,,,,3.4,,46393,386,0.4616,-0.1126,-17.92,-0.1134,0.0102,15314,-0.0866,-6.5,14915,-0.1117,-12.21,16164,-0.1381,-14.45,False,0.0,17,False,exp<=0;up/down;t<3.4;wf<0.6;exbest<=0;plateau<=0,PAIR,6.0,2.5,fade,hedged,-0.1078
rv,,,short,,,,3.4,,46855,386,0.5003,-0.0644,-4.29,-0.0684,0.0108,17139,-0.2687,-13.87,14990,-0.0389,-2.33,14726,0.1475,7.14,False,0.176,17,False,exp<=0;up/down;t<3.4;wf<0.6;exbest<=0;plateau<=0,PAIR,6.0,2.5,fade,single,-0.0604
rv,,,short,,,,3.4,,46855,386,0.4636,-0.0984,-12.4,-0.1038,0.0108,17139,-0.1118,-6.1,14990,-0.1048,-10.77,14726,-0.0764,-7.82,False,0.0,17,False,exp<=0;up/down;t<3.4;wf<0.6;exbest<=0;plateau<=0,PAIR,6.0,2.5,fade,hedged,-0.0983
rv,,,long,,,,3.4,,46855,386,0.4886,-0.0907,-6.13,-0.0948,0.0108,17139,0.1143,6.02,14990,-0.1184,-7.15,14726,-0.3011,-15.04,False,0.0,17,False,exp<=0;up/down;t<3.4;wf<0.6;exbest<=0;plateau<=0,PAIR,6.0,2.5,mom,single,-0.0954
rv,,,long,,,,3.4,,46855,386,0.4269,-0.1759,-23.3,-0.1771,0.0108,17139,-0.1611,-9.19,14990,-0.1726,-18.36,14726,-0.1965,-21.57,False,0.0,17,False,exp<=0;up/down;t<3.4;wf<0.6;exbest<=0;plateau<=0,PAIR,6.0,2.5,mom,hedged,-0.1781
rv,,,short,,,,3.4,,46393,386,0.489,-0.089,-5.61,-0.0932,0.0102,15314,-0.2957,-13.03,14915,-0.0916,-5.26,16164,0.1092,4.93,False,0.059,17,False,exp<=0;up/down;t<3.4;wf<0.6;exbest<=0;plateau<=0,PAIR,6.0,2.5,mom,single,-0.0879
rv,,,short,,,,3.4,,46393,386,0.4289,-0.1606,-26.36,-0.1623,0.0102,15314,-0.1874,-15.2,14915,-0.1662,-17.22,16164,-0.13,-14.32,False,0.0,17,False,exp<=0;up/down;t<3.4;wf<0.6;exbest<=0;plateau<=0,PAIR,6.0,2.5,mom,hedged,-0.1663
rv,,,long,,,,3.4,,87520,386,0.4935,-0.0717,-4.8,-0.0745,0.006,28364,0.1376,6.26,28696,-0.0635,-3.3,30460,-0.2742,-12.73,False,0.176,17,False,exp<=0;up/down;t<3.4;wf<0.6;exbest<=0;plateau<=0,PAIR,12.0,1.5,fade,single,-0.0716
rv,,,long,,,,3.4,,87520,386,0.4518,-0.1147,-25.63,-0.1154,0.006,28364,-0.081,-9.36,28696,-0.1156,-17.24,30460,-0.1452,-21.02,False,0.0,17,False,exp<=0;up/down;t<3.4;wf<0.6;exbest<=0;plateau<=0,PAIR,12.0,1.5,fade,hedged,-0.1134
rv,,,short,,,,3.4,,88187,386,0.4975,-0.0593,-4.08,-0.0629,0.0065,31597,-0.2636,-13.51,28787,-0.0398,-2.18,27803,0.1527,7.07,False,0.118,17,False,exp<=0;up/down;t<3.4;wf<0.6;exbest<=0;plateau<=0,PAIR,12.0,1.5,fade,single,-0.0578
rv,,,short,,,,3.4,,88187,386,0.4541,-0.1058,-23.69,-0.1065,0.0065,31597,-0.1354,-17.71,28787,-0.1044,-14.1,27803,-0.0735,-10.41,False,0.0,17,False,exp<=0;up/down;t<3.4;wf<0.6;exbest<=0;plateau<=0,PAIR,12.0,1.5,fade,hedged,-0.1024
rv,,,long,,,,3.4,,88187,386,0.4819,-0.0945,-6.56,-0.0971,0.0065,31597,0.1105,5.64,28787,-0.1169,-6.41,27803,-0.3043,-14.49,False,0.059,17,False,exp<=0;up/down;t<3.4;wf<0.6;exbest<=0;plateau<=0,PAIR,12.0,1.5,mom,single,-0.0969
rv,,,long,,,,3.4,,88187,386,0.417,-0.1688,-40.51,-0.1693,0.0065,31597,-0.1379,-19.97,28787,-0.1748,-23.47,27803,-0.1978,-31.33,False,0.0,17,False,exp<=0;up/down;t<3.4;wf<0.6;exbest<=0;plateau<=0,PAIR,12.0,1.5,mom,hedged,-0.1736
rv,,,short,,,,3.4,,87520,386,0.486,-0.0823,-5.51,-0.0861,0.006,28364,-0.2923,-13.62,28696,-0.0921,-4.84,30460,0.1225,5.62,False,0.0,17,False,exp<=0;up/down;t<3.4;wf<0.6;exbest<=0;plateau<=0,PAIR,12.0,1.5,mom,single,-0.083
rv,,,short,,,,3.4,,87520,386,0.4213,-0.1594,-36.5,-0.1601,0.006,28364,-0.1965,-24.75,28696,-0.1607,-23.88,30460,-0.1237,-18.77,False,0.0,17,False,exp<=0;up/down;t<3.4;wf<0.6;exbest<=0;plateau<=0,PAIR,12.0,1.5,mom,hedged,-0.162
rv,,,long,,,,3.4,,47584,386,0.4945,-0.0727,-4.62,-0.0757,0.009,15350,0.1325,5.53,15335,-0.0794,-3.74,16899,-0.253,-10.83,False,0.176,17,False,exp<=0;up/down;t<3.4;wf<0.6;exbest<=0;plateau<=0,PAIR,12.0,2.0,fade,single,-0.0722
rv,,,long,,,,3.4,,47584,386,0.4586,-0.1112,-19.93,-0.1121,0.009,15350,-0.0758,-7.2,15335,-0.1204,-14.49,16899,-0.1351,-14.54,False,0.0,17,False,exp<=0;up/down;t<3.4;wf<0.6;exbest<=0;plateau<=0,PAIR,12.0,2.0,fade,hedged,-0.1138
rv,,,short,,,,3.4,,47780,386,0.5013,-0.0565,-3.72,-0.0599,0.0099,17630,-0.2503,-11.76,15308,-0.0409,-2.04,14842,0.1575,7.06,False,0.176,17,False,exp<=0;up/down;t<3.4;wf<0.6;exbest<=0;plateau<=0,PAIR,12.0,2.0,fade,single,-0.0614
rv,,,short,,,,3.4,,47780,386,0.4616,-0.1042,-18.36,-0.1061,0.0099,17630,-0.1316,-12.55,15308,-0.1063,-11.47,14842,-0.0697,-8.34,False,0.0,17,False,exp<=0;up/down;t<3.4;wf<0.6;exbest<=0;plateau<=0,PAIR,12.0,2.0,fade,hedged,-0.1027
rv,,,long,,,,3.4,,47780,386,0.4818,-0.0987,-6.58,-0.1013,0.0099,17630,0.0953,4.47,15308,-0.1169,-5.89,14842,-0.3105,-14.4,False,0.059,17,False,exp<=0;up/down;t<3.4;wf<0.6;exbest<=0;plateau<=0,PAIR,12.0,2.0,mom,single,-0.0942
rv,,,long,,,,3.4,,47780,386,0.4228,-0.1713,-32.52,-0.1719,0.0099,17630,-0.1424,-14.8,15308,-0.1738,-19.53,14842,-0.203,-26.8,False,0.0,17,False,exp<=0;up/down;t<3.4;wf<0.6;exbest<=0;plateau<=0,PAIR,12.0,2.0,mom,hedged,-0.1735
rv,,,short,,,,3.4,,47584,386,0.4897,-0.082,-5.21,-0.0864,0.009,15350,-0.2876,-12.37,15335,-0.0784,-3.72,16899,0.1016,4.27,False,0.059,17,False,exp<=0;up/down;t<3.4;wf<0.6;exbest<=0;plateau<=0,PAIR,12.0,2.0,mom,single,-0.0825
rv,,,short,,,,3.4,,47584,386,0.4253,-0.1627,-29.24,-0.1637,0.009,15350,-0.2017,-20.83,15335,-0.1577,-18.11,16899,-0.1318,-14.14,False,0.0,17,False,exp<=0;up/down;t<3.4;wf<0.6;exbest<=0;plateau<=0,PAIR,12.0,2.0,mom,hedged,-0.1603
rv,,,long,,,,3.4,,25615,386,0.4944,-0.076,-4.69,-0.0795,0.013,8223,0.1171,4.58,8186,-0.083,-3.49,9206,-0.2424,-10.25,False,0.118,17,False,exp<=0;up/down;t<3.4;wf<0.6;exbest<=0;plateau<=0,PAIR,12.0,2.5,fade,single,-0.0691
rv,,,long,,,,3.4,,25615,386,0.4622,-0.1128,-15.95,-0.1138,0.013,8223,-0.0807,-6.04,8186,-0.1196,-9.86,9206,-0.1355,-12.47,False,0.0,17,False,exp<=0;up/down;t<3.4;wf<0.6;exbest<=0;plateau<=0,PAIR,12.0,2.5,fade,hedged,-0.1119
rv,,,short,,,,3.4,,25720,386,0.5005,-0.0628,-3.94,-0.0664,0.0151,9657,-0.2494,-10.57,8042,-0.0457,-2.24,8021,0.1448,6.19,False,0.118,17,False,exp<=0;up/down;t<3.4;wf<0.6;exbest<=0;plateau<=0,PAIR,12.0,2.5,fade,single,-0.0605
rv,,,short,,,,3.4,,25720,386,0.4651,-0.1034,-13.69,-0.1058,0.0151,9657,-0.135,-9.05,8042,-0.1045,-9.78,8021,-0.0641,-5.72,False,0.0,17,False,exp<=0;up/down;t<3.4;wf<0.6;exbest<=0;plateau<=0,PAIR,12.0,2.5,fade,hedged,-0.1013
rv,,,long,,,,3.4,,25720,386,0.4858,-0.0955,-6.09,-0.1001,0.0151,9657,0.091,3.86,8042,-0.115,-5.71,8021,-0.3005,-13.39,False,0.059,17,False,exp<=0;up/down;t<3.4;wf<0.6;exbest<=0;plateau<=0,PAIR,12.0,2.5,mom,single,-0.0947
rv,,,long,,,,3.4,,25720,386,0.4284,-0.1749,-24.56,-0.1759,0.0151,9657,-0.1425,-10.12,8042,-0.1773,-16.86,8021,-0.2114,-20.81,False,0.0,17,False,exp<=0;up/down;t<3.4;wf<0.6;exbest<=0;plateau<=0,PAIR,12.0,2.5,mom,hedged,-0.1736
rv,,,short,,,,3.4,,25615,386,0.4921,-0.08,-4.96,-0.0841,0.013,8223,-0.2735,-11.05,8186,-0.0751,-3.2,9206,0.0887,3.72,False,0.118,17,False,exp<=0;up/down;t<3.4;wf<0.6;exbest<=0;plateau<=0,PAIR,12.0,2.5,mom,single,-0.0855
rv,,,short,,,,3.4,,25615,386,0.4322,-0.1617,-23.19,-0.1633,0.013,8223,-0.1983,-16.56,8186,-0.1578,-12.69,9206,-0.1324,-12.06,False,0.0,17,False,exp<=0;up/down;t<3.4;wf<0.6;exbest<=0;plateau<=0,PAIR,12.0,2.5,mom,hedged,-0.1617
rv,,,long,,,,3.4,,268498,386,0.4989,-0.0687,-5.57,-0.0705,0.0033,88579,0.1463,9.14,90998,-0.0777,-5.3,88921,-0.2736,-17.76,False,0.059,17,False,exp<=0;up/down;t<3.4;wf<0.6;exbest<=0;plateau<=0,SEC,3.0,1.5,fade,single,-0.0729
rv,,,long,,,,3.4,,268498,386,0.4654,-0.1267,-32.7,-0.127,0.0033,88579,-0.1189,-15.25,90998,-0.1216,-19.08,88921,-0.1396,-24.66,False,0.0,17,False,exp<=0;up/down;t<3.4;wf<0.6;exbest<=0;plateau<=0,SEC,3.0,1.5,fade,hedged,-0.1309
rv,,,short,,,,3.4,,270918,386,0.4998,-0.0654,-5.38,-0.0671,0.0033,90419,-0.2811,-18.21,91627,-0.0499,-3.62,88872,0.1381,8.9,False,0.0,17,False,exp<=0;up/down;t<3.4;wf<0.6;exbest<=0;plateau<=0,SEC,3.0,1.5,fade,single,-0.0652
rv,,,short,,,,3.4,,270918,386,0.465,-0.1185,-31.67,-0.1196,0.0033,90419,-0.1251,-17.15,91627,-0.1262,-20.24,88872,-0.1039,-18.59,False,0.0,17,False,exp<=0;up/down;t<3.4;wf<0.6;exbest<=0;plateau<=0,SEC,3.0,1.5,fade,hedged,-0.1183
rv,,,long,,,,3.4,,270918,386,0.4864,-0.0932,-7.68,-0.0949,0.0033,90419,0.1237,8.0,91627,-0.11,-8.01,88872,-0.2964,-19.29,False,0.0,17,False,exp<=0;up/down;t<3.4;wf<0.6;exbest<=0;plateau<=0,SEC,3.0,1.5,mom,single,-0.0942
rv,,,long,,,,3.4,,270918,386,0.4436,-0.1582,-43.52,-0.159,0.0033,90419,-0.151,-21.8,91627,-0.1525,-24.62,88872,-0.1715,-31.11,False,0.0,17,False,exp<=0;up/down;t<3.4;wf<0.6;exbest<=0;plateau<=0,SEC,3.0,1.5,mom,hedged,-0.1593
rv,,,short,,,,3.4,,268498,386,0.4876,-0.0903,-7.3,-0.0921,0.0033,88579,-0.3052,-19.42,90998,-0.0822,-5.59,88921,0.1156,7.35,False,0.059,17,False,exp<=0;up/down;t<3.4;wf<0.6;exbest<=0;plateau<=0,SEC,3.0,1.5,mom,single,-0.0867
rv,,,short,,,,3.4,,268498,386,0.4442,-0.1499,-39.45,-0.1509,0.0033,88579,-0.1585,-22.99,90998,-0.1564,-24.62,88921,-0.1346,-21.41,False,0.0,17,False,exp<=0;up/down;t<3.4;wf<0.6;exbest<=0;plateau<=0,SEC,3.0,1.5,mom,hedged,-0.1462
rv,,,long,,,,3.4,,193145,386,0.5004,-0.0681,-5.56,-0.0699,0.0039,63482,0.1293,7.94,65108,-0.0718,-4.6,64555,-0.2584,-16.16,False,0.059,17,False,exp<=0;up/down;t<3.4;wf<0.6;exbest<=0;plateau<=0,SEC,3.0,2.0,fade,single,-0.0706
rv,,,long,,,,3.4,,193145,386,0.4692,-0.1258,-29.05,-0.1265,0.0039,63482,-0.1246,-14.25,65108,-0.1164,-15.73,64555,-0.1366,-22.49,False,0.0,17,False,exp<=0;up/down;t<3.4;wf<0.6;exbest<=0;plateau<=0,SEC,3.0,2.0,fade,hedged,-0.129
rv,,,short,,,,3.4,,196476,386,0.5013,-0.0643,-5.36,-0.066,0.0041,66432,-0.2716,-17.58,66025,-0.0408,-2.97,64019,0.1267,8.13,False,0.0,17,False,exp<=0;up/down;t<3.4;wf<0.6;exbest<=0;plateau<=0,SEC,3.0,2.0,fade,single,-0.0669
rv,,,short,,,,3.4,,196476,386,0.4674,-0.1172,-27.45,-0.1186,0.0041,66432,-0.1246,-14.61,66025,-0.1228,-17.94,64019,-0.1037,-16.03,False,0.0,17,False,exp<=0;up/down;t<3.4;wf<0.6;exbest<=0;plateau<=0,SEC,3.0,2.0,fade,hedged,-0.1192
rv,,,long,,,,3.4,,196476,386,0.4861,-0.0949,-7.93,-0.097,0.0041,66432,0.1138,7.36,66025,-0.1198,-8.72,64019,-0.2859,-18.6,False,0.0,17,False,exp<=0;up/down;t<3.4;wf<0.6;exbest<=0;plateau<=0,SEC,3.0,2.0,mom,single,-0.0927
rv,,,long,,,,3.4,,196476,386,0.4449,-0.1603,-39.26,-0.1613,0.0041,66432,-0.152,-19.34,66025,-0.1567,-23.05,64019,-0.1727,-27.21,False,0.0,17,False,exp<=0;up/down;t<3.4;wf<0.6;exbest<=0;plateau<=0,SEC,3.0,2.0,mom,hedged,-0.1587
rv,,,short,,,,3.4,,193145,386,0.4878,-0.0916,-7.47,-0.0938,0.0039,63482,-0.2895,-18.16,65108,-0.0885,-5.7,64555,0.1,6.12,False,0.059,17,False,exp<=0;up/down;t<3.4;wf<0.6;exbest<=0;plateau<=0,SEC,3.0,2.0,mom,single,-0.0893
rv,,,short,,,,3.4,,193145,386,0.4458,-0.1513,-36.7,-0.1522,0.0039,63482,-0.1547,-20.82,65108,-0.1619,-22.88,64555,-0.1374,-20.36,False,0.0,17,False,exp<=0;up/down;t<3.4;wf<0.6;exbest<=0;plateau<=0,SEC,3.0,2.0,mom,hedged,-0.1482
rv,,,long,,,,3.4,,127348,386,0.5006,-0.0691,-5.5,-0.0715,0.0055,42041,0.117,6.54,42530,-0.0744,-4.54,42777,-0.2468,-15.04,False,0.059,17,False,exp<=0;up/down;t<3.4;wf<0.6;exbest<=0;plateau<=0,SEC,3.0,2.5,fade,single,-0.072
rv,,,long,,,,3.4,,127348,386,0.4726,-0.1258,-25.46,-0.1265,0.0055,42041,-0.1234,-12.09,42530,-0.1184,-14.33,42777,-0.1356,-19.67,False,0.0,17,False,exp<=0;up/down;t<3.4;wf<0.6;exbest<=0;plateau<=0,SEC,3.0,2.5,fade,hedged,-0.1305
rv,,,short,,,,3.4,,129658,386,0.5021,-0.0659,-5.38,-0.0679,0.0055,44258,-0.2638,-16.27,43435,-0.041,-2.87,41965,0.1171,7.23,False,0.0,17,False,exp<=0;up/down;t<3.4;wf<0.6;exbest<=0;plateau<=0,SEC,3.0,2.5,fade,single,-0.0701
rv,,,short,,,,3.4,,129658,386,0.4689,-0.1183,-23.96,-0.1201,0.0055,44258,-0.1248,-12.61,43435,-0.1208,-15.4,41965,-0.1087,-14.37,False,0.0,17,False,exp<=0;up/down;t<3.4;wf<0.6;exbest<=0;plateau<=0,SEC,3.0,2.5,fade,hedged,-0.1195
rv,,,long,,,,3.4,,129658,386,0.4876,-0.0935,-7.64,-0.0963,0.0055,44258,0.1059,6.49,43435,-0.12,-8.39,41965,-0.2763,-17.3,False,0.0,17,False,exp<=0;up/down;t<3.4;wf<0.6;exbest<=0;plateau<=0,SEC,3.0,2.5,mom,single,-0.0905
rv,,,long,,,,3.4,,129658,386,0.4484,-0.1594,-33.58,-0.1602,0.0055,44258,-0.1519,-16.25,43435,-0.1592,-20.37,41965,-0.1674,-23.09,False,0.0,17,False,exp<=0;up/down;t<3.4;wf<0.6;exbest<=0;plateau<=0,SEC,3.0,2.5,mom,hedged,-0.1594
rv,,,short,,,,3.4,,127348,386,0.4895,-0.0909,-7.26,-0.0932,0.0055,42041,-0.277,-15.98,42530,-0.0861,-5.31,42777,0.0874,5.22,False,0.059,17,False,exp<=0;up/down;t<3.4;wf<0.6;exbest<=0;plateau<=0,SEC,3.0,2.5,mom,single,-0.0887
rv,,,short,,,,3.4,,127348,386,0.4482,-0.1512,-32.6,-0.1522,0.0055,42041,-0.1555,-18.14,42530,-0.1595,-19.97,42777,-0.1386,-18.67,False,0.0,17,False,exp<=0;up/down;t<3.4;wf<0.6;exbest<=0;plateau<=0,SEC,3.0,2.5,mom,hedged,-0.1472
rv,,,long,,,,3.4,,215659,386,0.4931,-0.0778,-6.21,-0.0795,0.0036,70679,0.1228,7.1,72737,-0.0817,-5.51,72243,-0.2701,-15.23,False,0.059,17,False,exp<=0;up/down;t<3.4;wf<0.6;exbest<=0;plateau<=0,SEC,6.0,1.5,fade,single,-0.0739
rv,,,long,,,,3.4,,215659,386,0.4592,-0.136,-31.64,-0.1365,0.0036,70679,-0.1322,-14.16,72737,-0.1301,-19.87,72243,-0.1456,-23.94,False,0.0,17,False,exp<=0;up/down;t<3.4;wf<0.6;exbest<=0;plateau<=0,SEC,6.0,1.5,fade,hedged,-0.1318
rv,,,short,,,,3.4,,218577,386,0.4982,-0.0661,-5.2,-0.0683,0.0037,73376,-0.2845,-17.71,73867,-0.0474,-3.23,71334,0.1393,8.13,False,0.059,17,False,exp<=0;up/down;t<3.4;wf<0.6;exbest<=0;plateau<=0,SEC,6.0,1.5,fade,single,-0.0672
rv,,,short,,,,3.4,,218577,386,0.4642,-0.1195,-22.07,-0.123,0.0037,73376,-0.1329,-10.16,73867,-0.1225,-17.05,71334,-0.1026,-17.19,False,0.0,17,False,exp<=0;up/down;t<3.4;wf<0.6;exbest<=0;plateau<=0,SEC,6.0,1.5,fade,hedged,-0.1213
rv,,,long,,,,3.4,,218577,386,0.485,-0.0935,-7.4,-0.0954,0.0037,73376,0.1256,7.87,73867,-0.1137,-7.88,71334,-0.298,-17.57,False,0.0,17,False,exp<=0;up/down;t<3.4;wf<0.6;exbest<=0;plateau<=0,SEC,6.0,1.5,mom,single,-0.0929
rv,,,long,,,,3.4,,218577,386,0.4438,-0.1583,-30.49,-0.1592,0.0037,73376,-0.1445,-11.54,73867,-0.1576,-22.88,71334,-0.1734,-29.74,False,0.0,17,False,exp<=0;up/down;t<3.4;wf<0.6;exbest<=0;plateau<=0,SEC,6.0,1.5,mom,hedged,-0.1571
rv,,,short,,,,3.4,,215659,386,0.49,-0.0817,-6.49,-0.084,0.0036,70679,-0.2829,-16.51,72737,-0.0786,-5.25,72243,0.1119,6.22,False,0.059,17,False,exp<=0;up/down;t<3.4;wf<0.6;exbest<=0;plateau<=0,SEC,6.0,1.5,mom,single,-0.0862
rv,,,short,,,,3.4,,215659,386,0.4487,-0.141,-32.57,-0.1427,0.0036,70679,-0.147,-16.85,72737,-0.1479,-21.91,72243,-0.1283,-18.79,False,0.0,17,False,exp<=0;up/down;t<3.4;wf<0.6;exbest<=0;plateau<=0,SEC,6.0,1.5,mom,hedged,-0.1457
rv,,,long,,,,3.4,,137728,386,0.4966,-0.0739,-5.79,-0.076,0.005,45017,0.1166,6.43,46099,-0.0728,-4.69,46612,-0.259,-14.07,False,0.059,17,False,exp<=0;up/down;t<3.4;wf<0.6;exbest<=0;plateau<=0,SEC,6.0,2.0,fade,single,-0.0758
rv,,,long,,,,3.4,,137728,386,0.4648,-0.1344,-26.03,-0.1351,0.005,45017,-0.133,-11.63,46099,-0.125,-16.13,46612,-0.145,-20.31,False,0.0,17,False,exp<=0;up/down;t<3.4;wf<0.6;exbest<=0;plateau<=0,SEC,6.0,2.0,fade,hedged,-0.1333
rv,,,short,,,,3.4,,140571,386,0.498,-0.0694,-5.38,-0.0719,0.0049,47794,-0.2761,-16.34,47210,-0.0476,-3.05,45567,0.1248,7.1,False,0.059,17,False,exp<=0;up/down;t<3.4;wf<0.6;exbest<=0;plateau<=0,SEC,6.0,2.0,fade,single,-0.0682
rv,,,short,,,,3.4,,140571,386,0.4655,-0.1208,-17.81,-0.1255,0.0049,47794,-0.1304,-7.85,47210,-0.1225,-13.99,45567,-0.1089,-15.17,False,0.0,17,False,exp<=0;up/down;t<3.4;wf<0.6;exbest<=0;plateau<=0,SEC,6.0,2.0,fade,hedged,-0.1206
rv,,,long,,,,3.4,,140571,386,0.4877,-0.0914,-7.12,-0.0936,0.0049,47794,0.1159,6.88,47210,-0.1146,-7.47,45567,-0.2847,-16.3,False,0.0,17,False,exp<=0;up/down;t<3.4;wf<0.6;exbest<=0;plateau<=0,SEC,6.0,2.0,mom,single,-0.0925
rv,,,long,,,,3.4,,140571,386,0.4482,-0.1585,-24.04,-0.1594,0.0049,47794,-0.1485,-9.14,47210,-0.1586,-18.99,45567,-0.1687,-24.15,False,0.0,17,False,exp<=0;up/down;t<3.4;wf<0.6;exbest<=0;plateau<=0,SEC,6.0,2.0,mom,hedged,-0.1584
rv,,,short,,,,3.4,,137728,386,0.4896,-0.0868,-6.78,-0.0893,0.005,45017,-0.2781,-15.64,46099,-0.0883,-5.69,46612,0.0995,5.33,False,0.059,17,False,exp<=0;up/down;t<3.4;wf<0.6;exbest<=0;plateau<=0,SEC,6.0,2.0,mom,single,-0.0851
rv,,,short,,,,3.4,,137728,386,0.4511,-0.1435,-28.42,-0.1455,0.005,45017,-0.148,-14.17,46099,-0.1534,-19.68,46612,-0.1294,-16.7,False,0.0,17,False,exp<=0;up/down;t<3.4;wf<0.6;exbest<=0;plateau<=0,SEC,6.0,2.0,mom,hedged,-0.1447
rv,,,long,,,,3.4,,83725,386,0.497,-0.0758,-5.59,-0.0787,0.0072,27552,0.1059,5.24,27679,-0.0832,-4.84,28494,-0.2442,-12.3,False,0.118,17,False,exp<=0;up/down;t<3.4;wf<0.6;exbest<=0;plateau<=0,SEC,6.0,2.5,fade,single,-0.0753
rv,,,long,,,,3.4,,83725,386,0.4681,-0.1352,-21.32,-0.1358,0.0072,27552,-0.1389,-9.79,27679,-0.1299,-14.19,28494,-0.1366,-15.46,False,0.0,17,False,exp<=0;up/down;t<3.4;wf<0.6;exbest<=0;plateau<=0,SEC,6.0,2.5,fade,hedged,-0.1316
rv,,,short,,,,3.4,,85301,386,0.4974,-0.076,-5.6,-0.0783,0.0072,29401,-0.2765,-15.18,28395,-0.0522,-3.02,27505,0.1138,6.4,False,0.059,17,False,exp<=0;up/down;t<3.4;wf<0.6;exbest<=0;plateau<=0,SEC,6.0,2.5,fade,single,-0.0705
rv,,,short,,,,3.4,,85301,386,0.4673,-0.1218,-13.69,-0.1287,0.0072,29401,-0.1289,-5.67,28395,-0.1215,-12.59,27505,-0.1144,-13.24,False,0.0,17,False,exp<=0;up/down;t<3.4;wf<0.6;exbest<=0;plateau<=0,SEC,6.0,2.5,fade,hedged,-0.1238
rv,,,long,,,,3.4,,85301,386,0.4916,-0.0861,-6.4,-0.0896,0.0072,29401,0.1145,6.31,28395,-0.1105,-6.49,27505,-0.2752,-15.65,False,0.0,17,False,exp<=0;up/down;t<3.4;wf<0.6;exbest<=0;plateau<=0,SEC,6.0,2.5,mom,single,-0.0908
rv,,,long,,,,3.4,,85301,386,0.4527,-0.1585,-18.2,-0.1595,0.0072,29401,-0.1521,-6.83,28395,-0.1591,-16.93,27505,-0.1646,-19.58,False,0.0,17,False,exp<=0;up/down;t<3.4;wf<0.6;exbest<=0;plateau<=0,SEC,6.0,2.5,mom,hedged,-0.1558
rv,,,short,,,,3.4,,83725,386,0.4915,-0.0858,-6.34,-0.0893,0.0072,27552,-0.2675,-13.58,27679,-0.0775,-4.52,28494,0.0819,4.06,False,0.059,17,False,exp<=0;up/down;t<3.4;wf<0.6;exbest<=0;plateau<=0,SEC,6.0,2.5,mom,single,-0.0862
rv,,,short,,,,3.4,,83725,386,0.4549,-0.143,-23.17,-0.1456,0.0072,27552,-0.1421,-11.13,27679,-0.1475,-15.65,28494,-0.1395,-14.53,False,0.0,17,False,exp<=0;up/down;t<3.4;wf<0.6;exbest<=0;plateau<=0,SEC,6.0,2.5,mom,hedged,-0.1468
rv,,,long,,,,3.4,,151027,386,0.4908,-0.0791,-5.78,-0.0815,0.0044,49060,0.1145,6.04,50617,-0.0729,-3.98,51350,-0.2701,-13.38,False,0.059,17,False,exp<=0;up/down;t<3.4;wf<0.6;exbest<=0;plateau<=0,SEC,12.0,1.5,fade,single,-0.0796
rv,,,long,,,,3.4,,151027,386,0.4599,-0.1343,-28.36,-0.1352,0.0044,49060,-0.1297,-13.95,50617,-0.1273,-15.83,51350,-0.1457,-20.31,False,0.0,17,False,exp<=0;up/down;t<3.4;wf<0.6;exbest<=0;plateau<=0,SEC,12.0,1.5,fade,hedged,-0.1361
rv,,,short,,,,3.4,,152588,386,0.4959,-0.0667,-4.93,-0.0693,0.0043,52019,-0.2657,-14.27,51145,-0.0512,-2.8,49424,0.1266,6.77,False,0.059,17,False,exp<=0;up/down;t<3.4;wf<0.6;exbest<=0;plateau<=0,SEC,12.0,1.5,fade,single,-0.0662
rv,,,short,,,,3.4,,152588,386,0.4609,-0.1247,-26.73,-0.1256,0.0043,52019,-0.1366,-15.78,51145,-0.1177,-14.65,49424,-0.1196,-16.38,False,0.0,17,False,exp<=0;up/down;t<3.4;wf<0.6;exbest<=0;plateau<=0,SEC,12.0,1.5,fade,hedged,-0.1218
rv,,,long,,,,3.4,,152588,386,0.483,-0.094,-7.01,-0.0963,0.0043,52019,0.1055,5.73,51145,-0.112,-6.16,49424,-0.2853,-15.47,False,0.0,17,False,exp<=0;up/down;t<3.4;wf<0.6;exbest<=0;plateau<=0,SEC,12.0,1.5,mom,single,-0.0945
rv,,,long,,,,3.4,,152588,386,0.4411,-0.1546,-35.92,-0.1552,0.0043,52019,-0.1423,-19.14,51145,-0.1645,-20.81,49424,-0.1573,-23.14,False,0.0,17,False,exp<=0;up/down;t<3.4;wf<0.6;exbest<=0;plateau<=0,SEC,12.0,1.5,mom,hedged,-0.1573
rv,,,short,,,,3.4,,151027,386,0.4877,-0.0815,-5.96,-0.0844,0.0044,49060,-0.2756,-14.85,50617,-0.0875,-4.77,51350,0.1099,5.41,False,0.059,17,False,exp<=0;up/down;t<3.4;wf<0.6;exbest<=0;plateau<=0,SEC,12.0,1.5,mom,single,-0.0814
rv,,,short,,,,3.4,,151027,386,0.4467,-0.1436,-31.26,-0.1445,0.0044,49060,-0.1512,-18.29,50617,-0.1504,-18.35,51350,-0.1296,-17.74,False,0.0,17,False,exp<=0;up/down;t<3.4;wf<0.6;exbest<=0;plateau<=0,SEC,12.0,1.5,mom,hedged,-0.1423
rv,,,long,,,,3.4,,86017,386,0.4921,-0.0815,-5.64,-0.0838,0.0062,28052,0.1058,5.2,28475,-0.0769,-3.76,29490,-0.2641,-12.18,False,0.059,17,False,exp<=0;up/down;t<3.4;wf<0.6;exbest<=0;plateau<=0,SEC,12.0,2.0,fade,single,-0.0787
rv,,,long,,,,3.4,,86017,386,0.4641,-0.1361,-22.86,-0.1371,0.0062,28052,-0.1294,-10.94,28475,-0.1316,-13.06,29490,-0.1468,-16.37,False,0.0,17,False,exp<=0;up/down;t<3.4;wf<0.6;exbest<=0;plateau<=0,SEC,12.0,2.0,fade,hedged,-0.1344
rv,,,short,,,,3.4,,86966,386,0.4991,-0.0663,-4.7,-0.069,0.0065,30254,-0.2569,-12.39,28920,-0.0471,-2.36,27792,0.1212,6.43,False,0.118,17,False,exp<=0;up/down;t<3.4;wf<0.6;exbest<=0;plateau<=0,SEC,12.0,2.0,fade,single,-0.0708
rv,,,short,,,,3.4,,86966,386,0.4655,-0.1241,-21.2,-0.1248,0.0065,30254,-0.1414,-12.89,28920,-0.1148,-11.29,27792,-0.1147,-13.18,False,0.0,17,False,exp<=0;up/down;t<3.4;wf<0.6;exbest<=0;plateau<=0,SEC,12.0,2.0,fade,hedged,-0.126
rv,,,long,,,,3.4,,86966,386,0.4844,-0.0955,-6.82,-0.0976,0.0065,30254,0.0954,4.67,28920,-0.1168,-5.82,27792,-0.2811,-15.06,False,0.059,17,False,exp<=0;up/down;t<3.4;wf<0.6;exbest<=0;plateau<=0,SEC,12.0,2.0,mom,single,-0.0909
rv,,,long,,,,3.4,,86966,386,0.4468,-0.1564,-28.7,-0.1577,0.0065,30254,-0.1389,-14.78,28920,-0.1676,-16.47,27792,-0.1638,-19.55,False,0.0,17,False,exp<=0;up/down;t<3.4;wf<0.6;exbest<=0;plateau<=0,SEC,12.0,2.0,mom,hedged,-0.1542
rv,,,short,,,,3.4,,86017,386,0.4907,-0.0812,-5.63,-0.0848,0.0062,28052,-0.2696,-13.59,28475,-0.0849,-4.15,29490,0.1016,4.66,False,0.059,17,False,exp<=0;up/down;t<3.4;wf<0.6;exbest<=0;plateau<=0,SEC,12.0,2.0,mom,single,-0.083
rv,,,short,,,,3.4,,86017,386,0.4526,-0.1437,-25.24,-0.1451,0.0062,28052,-0.1546,-15.05,28475,-0.1471,-14.47,29490,-0.13,-14.3,False,0.0,17,False,exp<=0;up/down;t<3.4;wf<0.6;exbest<=0;plateau<=0,SEC,12.0,2.0,mom,hedged,-0.1443
rv,,,long,,,,3.4,,48267,386,0.4938,-0.083,-5.38,-0.0853,0.0093,15869,0.0787,3.49,15660,-0.0678,-2.9,16738,-0.2505,-10.39,False,0.059,17,False,exp<=0;up/down;t<3.4;wf<0.6;exbest<=0;plateau<=0,SEC,12.0,2.5,fade,single,-0.0786
rv,,,long,,,,3.4,,48267,386,0.4685,-0.1346,-17.64,-0.1355,0.0093,15869,-0.1382,-8.72,15660,-0.1233,-10.24,16738,-0.1418,-12.5,False,0.0,17,False,exp<=0;up/down;t<3.4;wf<0.6;exbest<=0;plateau<=0,SEC,12.0,2.5,fade,hedged,-0.1356
rv,,,short,,,,3.4,,48481,386,0.4969,-0.0762,-5.09,-0.079,0.0099,17123,-0.2527,-10.89,15972,-0.0473,-2.17,15386,0.0904,4.4,False,0.059,17,False,exp<=0;up/down;t<3.4;wf<0.6;exbest<=0;plateau<=0,SEC,12.0,2.5,fade,single,-0.0711
rv,,,short,,,,3.4,,48481,386,0.4646,-0.1324,-17.71,-0.1335,0.0099,17123,-0.1474,-10.68,15972,-0.1166,-8.68,15386,-0.1319,-12.21,False,0.0,17,False,exp<=0;up/down;t<3.4;wf<0.6;exbest<=0;plateau<=0,SEC,12.0,2.5,fade,hedged,-0.123
rv,,,long,,,,3.4,,48481,386,0.4898,-0.0874,-5.88,-0.0902,0.0099,17123,0.0905,3.96,15972,-0.118,-5.42,15386,-0.2536,-12.5,False,0.059,17,False,exp<=0;up/down;t<3.4;wf<0.6;exbest<=0;plateau<=0,SEC,12.0,2.5,mom,single,-0.0908
rv,,,long,,,,3.4,,48481,386,0.4554,-0.1496,-21.61,-0.1515,0.0099,17123,-0.1333,-11.2,15972,-0.167,-12.69,15386,-0.1496,-14.48,False,0.0,17,False,exp<=0;up/down;t<3.4;wf<0.6;exbest<=0;plateau<=0,SEC,12.0,2.5,mom,hedged,-0.1575
rv,,,short,,,,3.4,,48267,386,0.4926,-0.0808,-5.28,-0.0849,0.0093,15869,-0.2435,-11.18,15660,-0.0936,-4.02,16738,0.0853,3.53,False,0.059,17,False,exp<=0;up/down;t<3.4;wf<0.6;exbest<=0;plateau<=0,SEC,12.0,2.5,mom,single,-0.0835
rv,,,short,,,,3.4,,48267,386,0.4566,-0.1457,-20.42,-0.1481,0.0093,15869,-0.147,-11.0,15660,-0.1537,-12.62,16738,-0.137,-11.92,False,0.0,17,False,exp<=0;up/down;t<3.4;wf<0.6;exbest<=0;plateau<=0,SEC,12.0,2.5,mom,hedged,-0.1433
rv,,,long,,,,3.4,,272793,386,0.4961,-0.0753,-5.99,-0.077,0.0033,89183,0.1338,7.87,92672,-0.0829,-5.43,90938,-0.2727,-16.13,False,0.118,17,False,exp<=0;up/down;t<3.4;wf<0.6;exbest<=0;plateau<=0,SPY,3.0,1.5,fade,single,-0.0807
rv,,,long,,,,3.4,,272793,386,0.4844,-0.1078,-14.86,-0.1089,0.0033,89183,-0.0689,-5.33,92672,-0.1096,-8.85,90938,-0.144,-12.52,False,0.0,17,False,exp<=0;up/down;t<3.4;wf<0.6;exbest<=0;plateau<=0,SPY,3.0,1.5,fade,hedged,-0.1123
rv,,,short,,,,3.4,,274373,386,0.4976,-0.0714,-5.57,-0.073,0.0033,92442,-0.2905,-17.33,93074,-0.0529,-3.42,88857,0.1373,8.55,False,0.059,17,False,exp<=0;up/down;t<3.4;wf<0.6;exbest<=0;plateau<=0,SPY,3.0,1.5,fade,single,-0.0721
rv,,,short,,,,3.4,,274373,386,0.486,-0.0905,-12.13,-0.0915,0.0033,92442,-0.1359,-10.08,93074,-0.0888,-6.78,88857,-0.0451,-4.27,False,0.0,17,False,exp<=0;up/down;t<3.4;wf<0.6;exbest<=0;plateau<=0,SPY,3.0,1.5,fade,hedged,-0.0905
rv,,,long,,,,3.4,,274373,386,0.4889,-0.0874,-6.82,-0.0891,0.0033,92442,0.1326,7.89,93074,-0.1069,-6.86,88857,-0.2957,-18.64,False,0.0,17,False,exp<=0;up/down;t<3.4;wf<0.6;exbest<=0;plateau<=0,SPY,3.0,1.5,mom,single,-0.0876
rv,,,long,,,,3.4,,274373,386,0.4737,-0.1244,-16.78,-0.1261,0.0033,92442,-0.0786,-5.97,93074,-0.1273,-9.62,88857,-0.1689,-16.08,False,0.0,17,False,exp<=0;up/down;t<3.4;wf<0.6;exbest<=0;plateau<=0,SPY,3.0,1.5,mom,hedged,-0.1254
rv,,,short,,,,3.4,,272793,386,0.4909,-0.0839,-6.62,-0.0858,0.0033,89183,-0.2932,-17.3,92672,-0.0771,-4.99,90938,0.1146,6.64,False,0.059,17,False,exp<=0;up/down;t<3.4;wf<0.6;exbest<=0;plateau<=0,SPY,3.0,1.5,mom,single,-0.0789
rv,,,short,,,,3.4,,272793,386,0.4757,-0.1078,-14.61,-0.1091,0.0033,89183,-0.1474,-11.32,92672,-0.107,-8.57,90938,-0.0697,-5.86,False,0.059,17,False,exp<=0;up/down;t<3.4;wf<0.6;exbest<=0;plateau<=0,SPY,3.0,1.5,mom,hedged,-0.1038
rv,,,long,,,,3.4,,201357,386,0.4969,-0.0751,-5.93,-0.0768,0.004,65000,0.1242,7.05,68208,-0.0772,-4.82,68149,-0.2632,-15.08,False,0.118,17,False,exp<=0;up/down;t<3.4;wf<0.6;exbest<=0;plateau<=0,SPY,3.0,2.0,fade,single,-0.0782
rv,,,long,,,,3.4,,201357,386,0.4864,-0.1076,-14.22,-0.1086,0.004,65000,-0.0713,-5.22,68208,-0.1062,-8.24,68149,-0.1434,-11.86,False,0.0,17,False,exp<=0;up/down;t<3.4;wf<0.6;exbest<=0;plateau<=0,SPY,3.0,2.0,fade,hedged,-0.1103
rv,,,short,,,,3.4,,202359,386,0.4989,-0.0707,-5.4,-0.0725,0.0041,69784,-0.2816,-15.92,68416,-0.0465,-2.88,64159,0.1329,8.16,False,0.059,17,False,exp<=0;up/down;t<3.4;wf<0.6;exbest<=0;plateau<=0,SPY,3.0,2.0,fade,single,-0.0726
rv,,,short,,,,3.4,,202359,386,0.4869,-0.0894,-10.89,-0.0906,0.0041,69784,-0.1371,-8.79,68416,-0.0846,-5.98,64159,-0.0426,-4.03,False,0.0,17,False,exp<=0;up/down;t<3.4;wf<0.6;exbest<=0;plateau<=0,SPY,3.0,2.0,fade,hedged,-0.0901
rv,,,long,,,,3.4,,202359,386,0.4892,-0.0887,-6.76,-0.0905,0.0041,69784,0.1238,7.03,68416,-0.1142,-6.96,64159,-0.2927,-18.18,False,0.0,17,False,exp<=0;up/down;t<3.4;wf<0.6;exbest<=0;plateau<=0,SPY,3.0,2.0,mom,single,-0.0873
rv,,,long,,,,3.4,,202359,386,0.4754,-0.1264,-15.64,-0.1285,0.0041,69784,-0.0778,-5.18,68416,-0.1326,-9.28,64159,-0.1725,-16.72,False,0.0,17,False,exp<=0;up/down;t<3.4;wf<0.6;exbest<=0;plateau<=0,SPY,3.0,2.0,mom,hedged,-0.1263
rv,,,short,,,,3.4,,201357,386,0.4913,-0.0846,-6.64,-0.0867,0.004,65000,-0.2844,-16.27,68208,-0.0833,-5.18,68149,0.1046,5.9,False,0.059,17,False,exp<=0;up/down;t<3.4;wf<0.6;exbest<=0;plateau<=0,SPY,3.0,2.0,mom,single,-0.0817
rv,,,short,,,,3.4,,201357,386,0.4765,-0.1088,-14.2,-0.1101,0.004,65000,-0.1459,-10.71,68208,-0.1115,-8.59,68149,-0.0706,-5.67,False,0.059,17,False,exp<=0;up/down;t<3.4;wf<0.6;exbest<=0;plateau<=0,SPY,3.0,2.0,mom,hedged,-0.1061
rv,,,long,,,,3.4,,136673,386,0.498,-0.0752,-5.62,-0.0775,0.0052,43994,0.1101,5.68,46054,-0.0726,-4.05,46625,-0.2526,-13.24,False,0.176,17,False,exp<=0;up/down;t<3.4;wf<0.6;exbest<=0;plateau<=0,SPY,3.0,2.5,fade,single,-0.0788
rv,,,long,,,,3.4,,136673,386,0.4896,-0.1069,-12.93,-0.108,0.0052,43994,-0.0771,-5.01,46054,-0.1018,-7.5,46625,-0.1402,-10.29,False,0.0,17,False,exp<=0;up/down;t<3.4;wf<0.6;exbest<=0;plateau<=0,SPY,3.0,2.5,fade,hedged,-0.1125
rv,,,short,,,,3.4,,136302,386,0.4997,-0.071,-5.15,-0.0729,0.0052,48340,-0.2734,-14.25,45786,-0.0342,-1.94,42176,0.1211,7.08,False,0.059,17,False,exp<=0;up/down;t<3.4;wf<0.6;exbest<=0;plateau<=0,SPY,3.0,2.5,fade,single,-0.0738
rv,,,short,,,,3.4,,136302,386,0.4892,-0.0877,-9.12,-0.0897,0.0052,48340,-0.1392,-7.32,45786,-0.0732,-4.58,42176,-0.0443,-3.85,False,0.059,17,False,exp<=0;up/down;t<3.4;wf<0.6;exbest<=0;plateau<=0,SPY,3.0,2.5,fade,hedged,-0.091
rv,,,long,,,,3.4,,136302,386,0.4903,-0.0886,-6.44,-0.091,0.0052,48340,0.1148,6.05,45786,-0.1266,-7.01,42176,-0.2805,-16.59,False,0.0,17,False,exp<=0;up/down;t<3.4;wf<0.6;exbest<=0;plateau<=0,SPY,3.0,2.5,mom,single,-0.0869
rv,,,long,,,,3.4,,136302,386,0.4772,-0.1287,-13.78,-0.1316,0.0052,48340,-0.0772,-4.28,45786,-0.1446,-8.94,42176,-0.1705,-15.4,False,0.0,17,False,exp<=0;up/down;t<3.4;wf<0.6;exbest<=0;plateau<=0,SPY,3.0,2.5,mom,hedged,-0.1263
rv,,,short,,,,3.4,,136673,386,0.4924,-0.0847,-6.31,-0.0871,0.0052,43994,-0.2704,-14.06,46054,-0.0882,-4.89,46625,0.0941,4.89,False,0.059,17,False,exp<=0;up/down;t<3.4;wf<0.6;exbest<=0;plateau<=0,SPY,3.0,2.5,mom,single,-0.0812
rv,,,short,,,,3.4,,136673,386,0.4782,-0.1096,-13.17,-0.1111,0.0052,43994,-0.1403,-9.1,46054,-0.1164,-8.57,46625,-0.0738,-5.38,False,0.059,17,False,exp<=0;up/down;t<3.4;wf<0.6;exbest<=0;plateau<=0,SPY,3.0,2.5,mom,hedged,-0.1041
rv,,,long,,,,3.4,,221467,386,0.4892,-0.0863,-6.63,-0.088,0.0038,70961,0.1128,5.84,75310,-0.0823,-5.0,75196,-0.2784,-15.59,False,0.059,17,False,exp<=0;up/down;t<3.4;wf<0.6;exbest<=0;plateau<=0,SPY,6.0,1.5,fade,single,-0.0783
rv,,,long,,,,3.4,,221467,386,0.4774,-0.117,-15.81,-0.118,0.0038,70961,-0.0843,-5.93,75310,-0.11,-8.94,75196,-0.1549,-13.74,False,0.0,17,False,exp<=0;up/down;t<3.4;wf<0.6;exbest<=0;plateau<=0,SPY,6.0,1.5,fade,hedged,-0.1094
rv,,,short,,,,3.4,,223449,386,0.4947,-0.0736,-5.54,-0.0759,0.0039,76352,-0.2908,-17.38,75761,-0.0494,-3.09,71336,0.1333,7.18,False,0.059,17,False,exp<=0;up/down;t<3.4;wf<0.6;exbest<=0;plateau<=0,SPY,6.0,1.5,fade,single,-0.0723
rv,,,short,,,,3.4,,223449,386,0.4827,-0.0916,-11.06,-0.0946,0.0039,76352,-0.1362,-7.99,75761,-0.0841,-6.42,71336,-0.0519,-4.79,False,0.0,17,False,exp<=0;up/down;t<3.4;wf<0.6;exbest<=0;plateau<=0,SPY,6.0,1.5,fade,hedged,-0.0929
rv,,,long,,,,3.4,,223449,386,0.489,-0.0864,-6.52,-0.0884,0.0039,76352,0.1316,7.91,75761,-0.1117,-6.97,71336,-0.2928,-15.85,False,0.0,17,False,exp<=0;up/down;t<3.4;wf<0.6;exbest<=0;plateau<=0,SPY,6.0,1.5,mom,single,-0.0879
rv,,,long,,,,3.4,,223449,386,0.4728,-0.1244,-15.27,-0.1266,0.0039,76352,-0.0797,-4.8,75761,-0.1333,-10.23,71336,-0.1629,-15.18,False,0.0,17,False,exp<=0;up/down;t<3.4;wf<0.6;exbest<=0;plateau<=0,SPY,6.0,1.5,mom,hedged,-0.1235
rv,,,short,,,,3.4,,221467,386,0.4942,-0.0732,-5.57,-0.0755,0.0038,70961,-0.2735,-14.24,75310,-0.0779,-4.65,75196,0.1206,6.62,False,0.118,17,False,exp<=0;up/down;t<3.4;wf<0.6;exbest<=0;plateau<=0,SPY,6.0,1.5,mom,single,-0.0818
rv,,,short,,,,3.4,,221467,386,0.4785,-0.0988,-12.95,-0.1008,0.0038,70961,-0.1333,-9.34,75310,-0.107,-8.38,75196,-0.058,-4.9,False,0.059,17,False,exp<=0;up/down;t<3.4;wf<0.6;exbest<=0;plateau<=0,SPY,6.0,1.5,mom,hedged,-0.1068
rv,,,long,,,,3.4,,145592,386,0.4915,-0.0842,-6.09,-0.0864,0.0049,46269,0.1051,4.88,49266,-0.0737,-4.02,50057,-0.2697,-13.75,False,0.059,17,False,exp<=0;up/down;t<3.4;wf<0.6;exbest<=0;plateau<=0,SPY,6.0,2.0,fade,single,-0.0806
rv,,,long,,,,3.4,,145592,386,0.481,-0.1163,-14.04,-0.1176,0.0049,46269,-0.0889,-5.39,49266,-0.1031,-7.61,50057,-0.1545,-12.29,False,0.0,17,False,exp<=0;up/down;t<3.4;wf<0.6;exbest<=0;plateau<=0,SPY,6.0,2.0,fade,hedged,-0.1117
rv,,,short,,,,3.4,,146515,386,0.4955,-0.0755,-5.34,-0.0783,0.0049,51709,-0.2883,-16.11,49014,-0.0454,-2.5,45792,0.1325,6.98,False,0.059,17,False,exp<=0;up/down;t<3.4;wf<0.6;exbest<=0;plateau<=0,SPY,6.0,2.0,fade,single,-0.0722
rv,,,short,,,,3.4,,146515,386,0.4844,-0.092,-9.43,-0.096,0.0049,51709,-0.139,-6.71,49014,-0.0841,-5.78,45792,-0.0474,-3.95,False,0.0,17,False,exp<=0;up/down;t<3.4;wf<0.6;exbest<=0;plateau<=0,SPY,6.0,2.0,fade,hedged,-0.0919
rv,,,long,,,,3.4,,146515,386,0.4908,-0.0858,-6.09,-0.088,0.0049,51709,0.1276,7.2,49014,-0.1168,-6.41,45792,-0.2937,-15.59,False,0.0,17,False,exp<=0;up/down;t<3.4;wf<0.6;exbest<=0;plateau<=0,SPY,6.0,2.0,mom,single,-0.0887
rv,,,long,,,,3.4,,146515,386,0.4752,-0.1257,-13.19,-0.1286,0.0049,51709,-0.079,-3.92,49014,-0.1345,-9.29,45792,-0.1692,-14.54,False,0.0,17,False,exp<=0;up/down;t<3.4;wf<0.6;exbest<=0;plateau<=0,SPY,6.0,2.0,mom,hedged,-0.1255
rv,,,short,,,,3.4,,145592,386,0.4945,-0.0765,-5.47,-0.0793,0.0049,46269,-0.2671,-12.45,49266,-0.0874,-4.69,50057,0.1105,5.54,False,0.118,17,False,exp<=0;up/down;t<3.4;wf<0.6;exbest<=0;plateau<=0,SPY,6.0,2.0,mom,single,-0.0796
rv,,,short,,,,3.4,,145592,386,0.4799,-0.1008,-11.87,-0.1034,0.0049,46269,-0.1298,-7.81,49266,-0.1154,-8.24,50057,-0.0598,-4.57,False,0.059,17,False,exp<=0;up/down;t<3.4;wf<0.6;exbest<=0;plateau<=0,SPY,6.0,2.0,mom,hedged,-0.1048
rv,,,long,,,,3.4,,91029,386,0.494,-0.0825,-5.48,-0.0857,0.007,29037,0.0944,3.76,30540,-0.0783,-3.86,31452,-0.2499,-11.29,False,0.118,17,False,exp<=0;up/down;t<3.4;wf<0.6;exbest<=0;plateau<=0,SPY,6.0,2.5,fade,single,-0.0784
rv,,,long,,,,3.4,,91029,386,0.4835,-0.1175,-12.2,-0.1191,0.007,29037,-0.095,-4.65,30540,-0.1088,-7.35,31452,-0.1466,-10.03,False,0.0,17,False,exp<=0;up/down;t<3.4;wf<0.6;exbest<=0;plateau<=0,SPY,6.0,2.5,fade,hedged,-0.1077
rv,,,short,,,,3.4,,90471,386,0.4963,-0.077,-5.02,-0.0797,0.0069,32927,-0.2766,-13.44,29932,-0.0424,-2.05,27612,0.1236,6.1,False,0.118,17,False,exp<=0;up/down;t<3.4;wf<0.6;exbest<=0;plateau<=0,SPY,6.0,2.5,fade,single,-0.0722
rv,,,short,,,,3.4,,90471,386,0.4863,-0.0927,-7.69,-0.0982,0.0069,32927,-0.1331,-5.14,29932,-0.0856,-5.03,27612,-0.0523,-3.44,False,0.059,17,False,exp<=0;up/down;t<3.4;wf<0.6;exbest<=0;plateau<=0,SPY,6.0,2.5,fade,hedged,-0.0933
rv,,,long,,,,3.4,,90471,386,0.4929,-0.0851,-5.59,-0.0879,0.0069,32927,0.1147,5.67,29932,-0.12,-5.72,27612,-0.2854,-14.29,False,0.118,17,False,exp<=0;up/down;t<3.4;wf<0.6;exbest<=0;plateau<=0,SPY,6.0,2.5,mom,single,-0.0891
rv,,,long,,,,3.4,,90471,386,0.4778,-0.1261,-10.76,-0.1298,0.0069,32927,-0.0869,-3.47,29932,-0.1335,-7.85,27612,-0.165,-11.29,False,0.0,17,False,exp<=0;up/down;t<3.4;wf<0.6;exbest<=0;plateau<=0,SPY,6.0,2.5,mom,hedged,-0.1249
rv,,,short,,,,3.4,,91029,386,0.495,-0.0778,-5.13,-0.0816,0.007,29037,-0.2563,-10.25,30540,-0.0822,-3.95,31452,0.0912,4.09,False,0.059,17,False,exp<=0;up/down;t<3.4;wf<0.6;exbest<=0;plateau<=0,SPY,6.0,2.5,mom,single,-0.0823
rv,,,short,,,,3.4,,91029,386,0.4827,-0.0993,-10.16,-0.103,0.007,29037,-0.1236,-6.06,30540,-0.1092,-7.09,31452,-0.0673,-4.52,False,0.059,17,False,exp<=0;up/down;t<3.4;wf<0.6;exbest<=0;plateau<=0,SPY,6.0,2.5,mom,hedged,-0.1093
rv,,,long,,,,3.4,,156796,386,0.4927,-0.0754,-5.14,-0.0778,0.0045,49176,0.1133,5.08,53161,-0.0512,-2.44,54459,-0.2695,-12.78,False,0.059,17,False,exp<=0;up/down;t<3.4;wf<0.6;exbest<=0;plateau<=0,SPY,12.0,1.5,fade,single,-0.0824
rv,,,long,,,,3.4,,156796,386,0.4809,-0.1042,-12.99,-0.1054,0.0045,49176,-0.0705,-4.7,53161,-0.0893,-6.29,54459,-0.1493,-12.78,False,0.0,17,False,exp<=0;up/down;t<3.4;wf<0.6;exbest<=0;plateau<=0,SPY,12.0,1.5,fade,hedged,-0.1109
rv,,,short,,,,3.4,,157426,386,0.4949,-0.07,-4.78,-0.0728,0.0046,55530,-0.2773,-14.25,52791,-0.0438,-2.11,49105,0.1362,7.1,False,0.118,17,False,exp<=0;up/down;t<3.4;wf<0.6;exbest<=0;plateau<=0,SPY,12.0,1.5,fade,single,-0.0706
rv,,,short,,,,3.4,,157426,386,0.4797,-0.0963,-10.77,-0.0977,0.0046,55530,-0.1464,-8.39,52791,-0.079,-5.63,49105,-0.0584,-4.66,False,0.0,17,False,exp<=0;up/down;t<3.4;wf<0.6;exbest<=0;plateau<=0,SPY,12.0,1.5,fade,hedged,-0.0927
rv,,,long,,,,3.4,,157426,386,0.4839,-0.0905,-6.23,-0.0934,0.0046,55530,0.1169,6.08,52791,-0.1178,-5.7,49105,-0.2957,-15.7,False,0.118,17,False,exp<=0;up/down;t<3.4;wf<0.6;exbest<=0;plateau<=0,SPY,12.0,1.5,mom,single,-0.0905
rv,,,long,,,,3.4,,157426,386,0.4692,-0.1205,-14.01,-0.1235,0.0046,55530,-0.0709,-4.29,52791,-0.1389,-10.24,49105,-0.1568,-12.75,False,0.0,17,False,exp<=0;up/down;t<3.4;wf<0.6;exbest<=0;plateau<=0,SPY,12.0,1.5,mom,hedged,-0.1248
rv,,,short,,,,3.4,,156796,386,0.4858,-0.0849,-5.76,-0.0879,0.0045,49176,-0.2753,-12.53,53161,-0.1086,-5.14,54459,0.1102,5.18,False,0.059,17,False,exp<=0;up/down;t<3.4;wf<0.6;exbest<=0;plateau<=0,SPY,12.0,1.5,mom,single,-0.0781
rv,,,short,,,,3.4,,156796,386,0.4699,-0.1119,-13.75,-0.1136,0.0045,49176,-0.1483,-9.96,53161,-0.127,-8.76,54459,-0.0644,-5.39,False,0.0,17,False,exp<=0;up/down;t<3.4;wf<0.6;exbest<=0;plateau<=0,SPY,12.0,1.5,mom,hedged,-0.1056
rv,,,long,,,,3.4,,91917,386,0.4926,-0.0785,-4.94,-0.0811,0.0062,28489,0.1002,4.04,30825,-0.0517,-2.17,32603,-0.26,-10.9,False,0.118,17,False,exp<=0;up/down;t<3.4;wf<0.6;exbest<=0;plateau<=0,SPY,12.0,2.0,fade,single,-0.0785
rv,,,long,,,,3.4,,91917,386,0.4827,-0.1047,-11.45,-0.1061,0.0062,28489,-0.0702,-3.94,30825,-0.0877,-5.5,32603,-0.1508,-11.45,False,0.0,17,False,exp<=0;up/down;t<3.4;wf<0.6;exbest<=0;plateau<=0,SPY,12.0,2.0,fade,hedged,-0.1068
rv,,,short,,,,3.4,,91661,386,0.4991,-0.0676,-4.2,-0.0705,0.0067,33693,-0.2642,-11.8,30366,-0.0291,-1.21,27602,0.1301,6.4,False,0.176,17,False,exp<=0;up/down;t<3.4;wf<0.6;exbest<=0;plateau<=0,SPY,12.0,2.0,fade,single,-0.0719
rv,,,short,,,,3.4,,91661,386,0.4856,-0.0938,-8.43,-0.0957,0.0067,33693,-0.1456,-6.58,30366,-0.0717,-4.26,27602,-0.0549,-3.82,False,0.118,17,False,exp<=0;up/down;t<3.4;wf<0.6;exbest<=0;plateau<=0,SPY,12.0,2.0,fade,hedged,-0.0962
rv,,,long,,,,3.4,,91661,386,0.484,-0.0946,-5.96,-0.0976,0.0067,33693,0.1021,4.67,30366,-0.134,-5.57,27602,-0.2914,-14.79,False,0.118,17,False,exp<=0;up/down;t<3.4;wf<0.6;exbest<=0;plateau<=0,SPY,12.0,2.0,mom,single,-0.0897
rv,,,long,,,,3.4,,91661,386,0.4699,-0.1252,-11.85,-0.1294,0.0067,33693,-0.0744,-3.62,30366,-0.148,-9.03,27602,-0.1621,-11.57,False,0.0,17,False,exp<=0;up/down;t<3.4;wf<0.6;exbest<=0;plateau<=0,SPY,12.0,2.0,mom,hedged,-0.1221
rv,,,short,,,,3.4,,91917,386,0.4905,-0.083,-5.21,-0.0866,0.0062,28489,-0.264,-10.81,30825,-0.1086,-4.53,32603,0.0995,4.15,False,0.059,17,False,exp<=0;up/down;t<3.4;wf<0.6;exbest<=0;plateau<=0,SPY,12.0,2.0,mom,single,-0.0824
rv,,,short,,,,3.4,,91917,386,0.474,-0.1125,-12.2,-0.1143,0.0062,28489,-0.1499,-8.49,30825,-0.1293,-7.92,32603,-0.0639,-4.85,False,0.0,17,False,exp<=0;up/down;t<3.4;wf<0.6;exbest<=0;plateau<=0,SPY,12.0,2.0,mom,hedged,-0.1101
rv,,,long,,,,3.4,,52918,386,0.4972,-0.0759,-4.4,-0.0786,0.0083,16379,0.0802,2.87,17576,-0.0501,-1.81,18963,-0.2346,-8.92,False,0.235,17,False,exp<=0;up/down;t<3.4;wf<0.6;exbest<=0;plateau<=0,SPY,12.0,2.5,fade,single,-0.0805
rv,,,long,,,,3.4,,52918,386,0.4887,-0.0998,-9.29,-0.1016,0.0083,16379,-0.0759,-3.7,17576,-0.0823,-4.27,18963,-0.1366,-8.57,False,0.0,17,False,exp<=0;up/down;t<3.4;wf<0.6;exbest<=0;plateau<=0,SPY,12.0,2.5,fade,hedged,-0.1111
rv,,,short,,,,3.4,,51993,386,0.4996,-0.0701,-3.74,-0.0743,0.0104,19763,-0.2622,-9.83,17013,-0.0234,-0.81,15217,0.1269,5.73,False,0.118,17,False,exp<=0;up/down;t<3.4;wf<0.6;exbest<=0;plateau<=0,SPY,12.0,2.5,fade,single,-0.0723
rv,,,short,,,,3.4,,51993,386,0.4874,-0.1003,-7.0,-0.1033,0.0104,19763,-0.1556,-5.47,17013,-0.0748,-3.53,15217,-0.057,-3.22,False,0.059,17,False,exp<=0;up/down;t<3.4;wf<0.6;exbest<=0;plateau<=0,SPY,12.0,2.5,fade,hedged,-0.0932
rv,,,long,,,,3.4,,51993,386,0.4873,-0.0928,-5.05,-0.0974,0.0104,19763,0.0985,3.81,17013,-0.1395,-4.84,15217,-0.2891,-13.43,False,0.118,17,False,exp<=0;up/down;t<3.4;wf<0.6;exbest<=0;plateau<=0,SPY,12.0,2.5,mom,single,-0.0898
rv,,,long,,,,3.4,,51993,386,0.475,-0.1202,-8.89,-0.1264,0.0104,19763,-0.0673,-2.57,17013,-0.1448,-7.01,15217,-0.1614,-9.11,False,0.0,17,False,exp<=0;up/down;t<3.4;wf<0.6;exbest<=0;plateau<=0,SPY,12.0,2.5,mom,hedged,-0.1256
rv,,,short,,,,3.4,,52918,386,0.4899,-0.0857,-4.98,-0.0898,0.0083,16379,-0.244,-8.86,17576,-0.1098,-3.93,18963,0.0732,2.78,False,0.059,17,False,exp<=0;up/down;t<3.4;wf<0.6;exbest<=0;plateau<=0,SPY,12.0,2.5,mom,single,-0.0804
rv,,,short,,,,3.4,,52918,386,0.4746,-0.1176,-10.93,-0.1201,0.0083,16379,-0.1433,-7.07,17576,-0.1344,-6.87,18963,-0.0797,-5.0,False,0.0,17,False,exp<=0;up/down;t<3.4;wf<0.6;exbest<=0;plateau<=0,SPY,12.0,2.5,mom,hedged,-0.1059
rv,,,book,,,,3.4,,341654,386,0.5024,-0.0587,-25.37,-0.059,0.0038,115248,-0.0626,-15.2,113375,-0.0561,-14.24,113031,-0.0573,-14.57,False,0.0,17,False,exp<=0;up/down;t<3.4;wf<0.6;exbest<=0;plateau<=0,PAIR,3.0,1.5,fade,single,-0.0596
rv,,,book,,,,3.4,,341654,386,0.4505,-0.103,-44.16,-0.1033,0.0038,115248,-0.1034,-22.6,113375,-0.105,-26.92,113031,-0.1008,-28.41,False,0.0,17,False,exp<=0;up/down;t<3.4;wf<0.6;exbest<=0;plateau<=0,PAIR,3.0,1.5,fade,hedged,-0.1018
rv,,,book,,,,3.4,,341654,386,0.4832,-0.098,-44.19,-0.0983,0.0038,115248,-0.093,-26.29,113375,-0.1033,-26.96,113031,-0.0979,-23.85,False,0.0,17,False,exp<=0;up/down;t<3.4;wf<0.6;exbest<=0;plateau<=0,PAIR,3.0,1.5,mom,single,-0.0949
rv,,,book,,,,3.4,,341654,386,0.4016,-0.1792,-85.69,-0.1794,0.0038,115248,-0.1777,-50.25,113375,-0.1809,-51.23,113031,-0.1791,-47.18,False,0.0,17,False,exp<=0;up/down;t<3.4;wf<0.6;exbest<=0;plateau<=0,PAIR,3.0,1.5,mom,hedged,-0.1749
rv,,,book,,,,3.4,,233841,386,0.5052,-0.0545,-18.54,-0.0549,0.0053,79619,-0.0631,-12.07,76840,-0.0476,-10.13,77382,-0.0525,-10.04,False,0.0,17,False,exp<=0;up/down;t<3.4;wf<0.6;exbest<=0;plateau<=0,PAIR,3.0,2.0,fade,single,-0.06
rv,,,book,,,,3.4,,233841,386,0.4615,-0.0957,-32.66,-0.0961,0.0053,79619,-0.0982,-16.7,76840,-0.0967,-21.87,77382,-0.0921,-19.52,False,0.0,17,False,exp<=0;up/down;t<3.4;wf<0.6;exbest<=0;plateau<=0,PAIR,3.0,2.0,fade,hedged,-0.1013
rv,,,book,,,,3.4,,233841,386,0.4827,-0.1002,-35.92,-0.1006,0.0053,79619,-0.0907,-19.84,76840,-0.1102,-23.28,77382,-0.1001,-19.76,False,0.0,17,False,exp<=0;up/down;t<3.4;wf<0.6;exbest<=0;plateau<=0,PAIR,3.0,2.0,mom,single,-0.0951
rv,,,book,,,,3.4,,233841,386,0.4076,-0.1814,-72.07,-0.1818,0.0053,79619,-0.178,-40.82,76840,-0.1846,-42.93,77382,-0.1819,-41.24,False,0.0,17,False,exp<=0;up/down;t<3.4;wf<0.6;exbest<=0;plateau<=0,PAIR,3.0,2.0,mom,hedged,-0.1758
rv,,,book,,,,3.4,,148560,386,0.5053,-0.0558,-14.31,-0.0564,0.0078,51230,-0.0657,-9.85,48251,-0.0463,-7.21,49079,-0.0548,-7.81,False,0.0,17,False,exp<=0;up/down;t<3.4;wf<0.6;exbest<=0;plateau<=0,PAIR,3.0,2.5,fade,single,-0.0597
rv,,,book,,,,3.4,,148560,386,0.4663,-0.0945,-25.64,-0.0948,0.0078,51230,-0.0973,-14.05,48251,-0.0923,-15.72,49079,-0.0939,-15.05,False,0.0,17,False,exp<=0;up/down;t<3.4;wf<0.6;exbest<=0;plateau<=0,PAIR,3.0,2.5,fade,hedged,-0.1006
rv,,,book,,,,3.4,,148560,386,0.4844,-0.0984,-26.77,-0.0992,0.0078,51230,-0.0874,-14.18,48251,-0.1106,-17.92,49079,-0.0977,-14.88,False,0.0,17,False,exp<=0;up/down;t<3.4;wf<0.6;exbest<=0;plateau<=0,PAIR,3.0,2.5,mom,single,-0.095
rv,,,book,,,,3.4,,148560,386,0.4153,-0.1799,-56.79,-0.1803,0.0078,51230,-0.1764,-31.04,48251,-0.1859,-34.73,49079,-0.1777,-33.17,False,0.0,17,False,exp<=0;up/down;t<3.4;wf<0.6;exbest<=0;plateau<=0,PAIR,3.0,2.5,mom,hedged,-0.1749
rv,,,book,,,,3.4,,261740,386,0.498,-0.0648,-24.08,-0.0651,0.0047,88615,-0.0695,-14.42,86475,-0.0549,-12.18,86650,-0.0699,-15.31,False,0.0,17,False,exp<=0;up/down;t<3.4;wf<0.6;exbest<=0;plateau<=0,PAIR,6.0,1.5,fade,single,-0.0632
rv,,,book,,,,3.4,,261740,386,0.4521,-0.108,-38.05,-0.1087,0.0047,88615,-0.106,-18.42,86475,-0.1088,-25.17,86650,-0.1094,-24.31,False,0.0,17,False,exp<=0;up/down;t<3.4;wf<0.6;exbest<=0;plateau<=0,PAIR,6.0,1.5,fade,hedged,-0.1065
rv,,,book,,,,3.4,,261740,386,0.4855,-0.0896,-34.22,-0.09,0.0047,88615,-0.0846,-18.89,86475,-0.1022,-22.02,86650,-0.0822,-18.96,False,0.0,17,False,exp<=0;up/down;t<3.4;wf<0.6;exbest<=0;plateau<=0,PAIR,6.0,1.5,mom,single,-0.0918
rv,,,book,,,,3.4,,261740,386,0.4137,-0.1685,-69.54,-0.1689,0.0047,88615,-0.1708,-38.22,86475,-0.1712,-40.75,86650,-0.1635,-42.46,False,0.0,17,False,exp<=0;up/down;t<3.4;wf<0.6;exbest<=0;plateau<=0,PAIR,6.0,1.5,mom,hedged,-0.1706
rv,,,book,,,,3.4,,159138,386,0.4986,-0.0655,-17.65,-0.0661,0.0071,54618,-0.0727,-11.09,51928,-0.0543,-8.57,52592,-0.0691,-11.0,False,0.0,17,False,exp<=0;up/down;t<3.4;wf<0.6;exbest<=0;plateau<=0,PAIR,6.0,2.0,fade,single,-0.0622
rv,,,book,,,,3.4,,159138,386,0.4591,-0.1064,-28.54,-0.1075,0.0071,54618,-0.1015,-13.46,51928,-0.1079,-18.33,52592,-0.1101,-19.63,False,0.0,17,False,exp<=0;up/down;t<3.4;wf<0.6;exbest<=0;plateau<=0,PAIR,6.0,2.0,fade,hedged,-0.1042
rv,,,book,,,,3.4,,159138,386,0.4877,-0.0889,-24.74,-0.0894,0.0071,54618,-0.0815,-13.45,51928,-0.1026,-16.38,52592,-0.083,-13.39,False,0.0,17,False,exp<=0;up/down;t<3.4;wf<0.6;exbest<=0;plateau<=0,PAIR,6.0,2.0,mom,single,-0.0925
rv,,,book,,,,3.4,,159138,386,0.4217,-0.1684,-51.85,-0.1687,0.0071,54618,-0.1737,-29.12,51928,-0.1704,-29.41,52592,-0.1608,-32.82,False,0.0,17,False,exp<=0;up/down;t<3.4;wf<0.6;exbest<=0;plateau<=0,PAIR,6.0,2.0,mom,hedged,-0.1713
rv,,,book,,,,3.4,,93248,386,0.5001,-0.0649,-13.37,-0.0655,0.0105,32453,-0.0747,-8.8,29905,-0.0525,-6.52,30890,-0.0665,-7.87,False,0.0,17,False,exp<=0;up/down;t<3.4;wf<0.6;exbest<=0;plateau<=0,PAIR,6.0,2.5,fade,single,-0.0636
rv,,,book,,,,3.4,,93248,386,0.4626,-0.1055,-20.79,-0.1074,0.0105,32453,-0.0999,-9.32,29905,-0.1082,-14.76,30890,-0.1087,-14.68,False,0.0,17,False,exp<=0;up/down;t<3.4;wf<0.6;exbest<=0;plateau<=0,PAIR,6.0,2.5,fade,hedged,-0.103
rv,,,book,,,,3.4,,93248,386,0.4888,-0.0899,-18.66,-0.0911,0.0105,32453,-0.0792,-9.63,29905,-0.1051,-12.94,30890,-0.0864,-10.21,False,0.0,17,False,exp<=0;up/down;t<3.4;wf<0.6;exbest<=0;plateau<=0,PAIR,6.0,2.5,mom,single,-0.0917
rv,,,book,,,,3.4,,93248,386,0.4279,-0.1683,-36.57,-0.1687,0.0105,32453,-0.1735,-18.92,29905,-0.1694,-22.78,30890,-0.1617,-23.98,False,0.0,17,False,exp<=0;up/down;t<3.4;wf<0.6;exbest<=0;plateau<=0,PAIR,6.0,2.5,mom,hedged,-0.1722
rv,,,book,,,,3.4,,175707,386,0.4955,-0.0655,-18.67,-0.0661,0.0062,59961,-0.0738,-12.94,57483,-0.0517,-7.89,58263,-0.0705,-12.18,False,0.0,17,False,exp<=0;up/down;t<3.4;wf<0.6;exbest<=0;plateau<=0,PAIR,12.0,1.5,fade,single,-0.0647
rv,,,book,,,,3.4,,175707,386,0.453,-0.1102,-34.56,-0.1105,0.0062,59961,-0.1097,-17.53,57483,-0.11,-20.22,58263,-0.111,-23.54,False,0.0,17,False,exp<=0;up/down;t<3.4;wf<0.6;exbest<=0;plateau<=0,PAIR,12.0,1.5,fade,hedged,-0.1079
rv,,,book,,,,3.4,,175707,386,0.484,-0.0884,-26.66,-0.0891,0.0062,59961,-0.0801,-15.3,57483,-0.1045,-16.56,58263,-0.0811,-14.92,False,0.0,17,False,exp<=0;up/down;t<3.4;wf<0.6;exbest<=0;plateau<=0,PAIR,12.0,1.5,mom,single,-0.09
rv,,,book,,,,3.4,,175707,386,0.4192,-0.1641,-57.1,-0.1645,0.0062,59961,-0.1656,-31.46,57483,-0.1678,-30.09,58263,-0.159,-40.8,False,0.0,17,False,exp<=0;up/down;t<3.4;wf<0.6;exbest<=0;plateau<=0,PAIR,12.0,1.5,mom,hedged,-0.1678
rv,,,book,,,,3.4,,95364,386,0.4979,-0.0646,-13.32,-0.0653,0.0095,32980,-0.0721,-9.12,30643,-0.0601,-6.61,31741,-0.0611,-7.49,False,0.059,17,False,exp<=0;up/down;t<3.4;wf<0.6;exbest<=0;plateau<=0,PAIR,12.0,2.0,fade,single,-0.0668
rv,,,book,,,,3.4,,95364,386,0.4601,-0.1077,-24.96,-0.109,0.0095,32980,-0.1056,-12.04,30643,-0.1133,-16.28,31741,-0.1045,-16.65,False,0.0,17,False,exp<=0;up/down;t<3.4;wf<0.6;exbest<=0;plateau<=0,PAIR,12.0,2.0,fade,hedged,-0.1082
rv,,,book,,,,3.4,,95364,386,0.4858,-0.0904,-19.26,-0.0915,0.0095,32980,-0.0829,-11.1,30643,-0.0976,-11.07,31741,-0.0911,-11.28,False,0.0,17,False,exp<=0;up/down;t<3.4;wf<0.6;exbest<=0;plateau<=0,PAIR,12.0,2.0,mom,single,-0.0884
rv,,,book,,,,3.4,,95364,386,0.4241,-0.167,-41.44,-0.1675,0.0095,32980,-0.17,-21.66,30643,-0.1658,-23.61,31741,-0.1651,-28.34,False,0.0,17,False,exp<=0;up/down;t<3.4;wf<0.6;exbest<=0;plateau<=0,PAIR,12.0,2.0,mom,hedged,-0.1669
rv,,,book,,,,3.4,,51335,386,0.4975,-0.0694,-12.06,-0.0703,0.0137,17880,-0.0808,-8.36,16228,-0.0645,-6.1,17227,-0.0621,-6.51,False,0.0,17,False,exp<=0;up/down;t<3.4;wf<0.6;exbest<=0;plateau<=0,PAIR,12.0,2.5,fade,single,-0.0648
rv,,,book,,,,3.4,,51335,386,0.4636,-0.1081,-19.25,-0.1099,0.0137,17880,-0.11,-9.26,16228,-0.1121,-12.71,17227,-0.1023,-13.44,False,0.0,17,False,exp<=0;up/down;t<3.4;wf<0.6;exbest<=0;plateau<=0,PAIR,12.0,2.5,fade,hedged,-0.1066
rv,,,book,,,,3.4,,51335,386,0.489,-0.0878,-15.76,-0.0889,0.0137,17880,-0.0767,-8.15,16228,-0.0949,-9.42,17227,-0.0925,-9.88,False,0.0,17,False,exp<=0;up/down;t<3.4;wf<0.6;exbest<=0;plateau<=0,PAIR,12.0,2.5,mom,single,-0.0901
rv,,,book,,,,3.4,,51335,386,0.4303,-0.1683,-31.78,-0.1687,0.0137,17880,-0.1681,-15.55,16228,-0.1675,-18.99,17227,-0.1692,-23.0,False,0.0,17,False,exp<=0;up/down;t<3.4;wf<0.6;exbest<=0;plateau<=0,PAIR,12.0,2.5,mom,hedged,-0.1677
rv,,,book,,,,3.4,,539416,386,0.4994,-0.0671,-27.23,-0.0674,0.0033,178998,-0.0696,-15.7,182625,-0.0638,-15.05,177793,-0.0678,-16.55,False,0.0,17,False,exp<=0;up/down;t<3.4;wf<0.6;exbest<=0;plateau<=0,SEC,3.0,1.5,fade,single,-0.069
rv,,,book,,,,3.4,,539416,386,0.4652,-0.1226,-48.67,-0.1227,0.0033,178998,-0.122,-25.92,182625,-0.1239,-27.79,177793,-0.1217,-31.52,False,0.0,17,False,exp<=0;up/down;t<3.4;wf<0.6;exbest<=0;plateau<=0,SEC,3.0,1.5,fade,hedged,-0.1246
rv,,,book,,,,3.4,,539416,386,0.487,-0.0917,-37.89,-0.0922,0.0033,178998,-0.0885,-22.19,182625,-0.0962,-22.92,177793,-0.0904,-20.73,False,0.0,17,False,exp<=0;up/down;t<3.4;wf<0.6;exbest<=0;plateau<=0,SEC,3.0,1.5,mom,single,-0.0905
rv,,,book,,,,3.4,,539416,386,0.4439,-0.1541,-65.21,-0.1546,0.0033,178998,-0.1547,-42.95,182625,-0.1545,-35.3,177793,-0.1531,-36.05,False,0.0,17,False,exp<=0;up/down;t<3.4;wf<0.6;exbest<=0;plateau<=0,SEC,3.0,1.5,mom,hedged,-0.1528
rv,,,book,,,,3.4,,389621,386,0.5008,-0.0661,-21.47,-0.0666,0.004,129914,-0.0757,-13.19,131133,-0.0562,-10.83,128574,-0.0667,-13.61,False,0.0,17,False,exp<=0;up/down;t<3.4;wf<0.6;exbest<=0;plateau<=0,SEC,3.0,2.0,fade,single,-0.0687
rv,,,book,,,,3.4,,389621,386,0.4683,-0.1215,-39.27,-0.1218,0.004,129914,-0.1246,-20.65,131133,-0.1196,-22.52,128574,-0.1202,-26.08,False,0.0,17,False,exp<=0;up/down;t<3.4;wf<0.6;exbest<=0;plateau<=0,SEC,3.0,2.0,fade,hedged,-0.124
rv,,,book,,,,3.4,,389621,386,0.4869,-0.0933,-31.24,-0.0938,0.004,129914,-0.0833,-15.82,131133,-0.1043,-20.48,128574,-0.0921,-18.47,False,0.0,17,False,exp<=0;up/down;t<3.4;wf<0.6;exbest<=0;plateau<=0,SEC,3.0,2.0,mom,single,-0.091
rv,,,book,,,,3.4,,389621,386,0.4454,-0.1559,-55.89,-0.1563,0.004,129914,-0.1533,-33.98,131133,-0.1592,-31.83,128574,-0.155,-31.31,False,0.0,17,False,exp<=0;up/down;t<3.4;wf<0.6;exbest<=0;plateau<=0,SEC,3.0,2.0,mom,hedged,-0.1535
rv,,,book,,,,3.4,,257006,386,0.5014,-0.0675,-17.74,-0.068,0.0055,86299,-0.0783,-10.71,85965,-0.0575,-9.19,84742,-0.0666,-11.17,False,0.0,17,False,exp<=0;up/down;t<3.4;wf<0.6;exbest<=0;plateau<=0,SEC,3.0,2.5,fade,single,-0.071
rv,,,book,,,,3.4,,257006,386,0.4707,-0.122,-32.59,-0.1224,0.0055,86299,-0.1241,-16.22,85965,-0.1197,-19.37,84742,-0.1223,-22.76,False,0.0,17,False,exp<=0;up/down;t<3.4;wf<0.6;exbest<=0;plateau<=0,SEC,3.0,2.5,fade,hedged,-0.1249
rv,,,book,,,,3.4,,257006,386,0.4885,-0.0922,-24.81,-0.0931,0.0055,86299,-0.0806,-11.62,85965,-0.1033,-16.68,84742,-0.0927,-15.54,False,0.0,17,False,exp<=0;up/down;t<3.4;wf<0.6;exbest<=0;plateau<=0,SEC,3.0,2.5,mom,single,-0.0896
rv,,,book,,,,3.4,,257006,386,0.4483,-0.1553,-45.63,-0.1561,0.0055,86299,-0.1537,-24.94,85965,-0.1593,-26.64,84742,-0.1529,-27.83,False,0.0,17,False,exp<=0;up/down;t<3.4;wf<0.6;exbest<=0;plateau<=0,SEC,3.0,2.5,mom,hedged,-0.1533
rv,,,book,,,,3.4,,434236,386,0.4956,-0.0719,-24.55,-0.0723,0.0037,144055,-0.0847,-15.25,146604,-0.0644,-13.39,143577,-0.0667,-14.49,False,0.0,17,False,exp<=0;up/down;t<3.4;wf<0.6;exbest<=0;plateau<=0,SEC,6.0,1.5,fade,single,-0.0705
rv,,,book,,,,3.4,,434236,386,0.4617,-0.1277,-41.05,-0.1287,0.0037,144055,-0.1326,-19.73,146604,-0.1262,-25.93,143577,-0.1243,-29.24,False,0.0,17,False,exp<=0;up/down;t<3.4;wf<0.6;exbest<=0;plateau<=0,SEC,6.0,1.5,fade,hedged,-0.1265
rv,,,book,,,,3.4,,434236,386,0.4875,-0.0877,-30.65,-0.0881,0.0037,144055,-0.0748,-14.75,146604,-0.0963,-19.9,143577,-0.0917,-19.35,False,0.0,17,False,exp<=0;up/down;t<3.4;wf<0.6;exbest<=0;plateau<=0,SEC,6.0,1.5,mom,single,-0.0895
rv,,,book,,,,3.4,,434236,386,0.4462,-0.1497,-51.5,-0.1503,0.0037,144055,-0.1457,-25.99,146604,-0.1528,-31.89,143577,-0.1507,-32.4,False,0.0,17,False,exp<=0;up/down;t<3.4;wf<0.6;exbest<=0;plateau<=0,SEC,6.0,1.5,mom,hedged,-0.1514
rv,,,book,,,,3.4,,278299,386,0.4973,-0.0716,-18.53,-0.0721,0.0049,92811,-0.0856,-11.75,93309,-0.0601,-9.38,92179,-0.0693,-11.38,False,0.0,17,False,exp<=0;up/down;t<3.4;wf<0.6;exbest<=0;plateau<=0,SEC,6.0,2.0,fade,single,-0.072
rv,,,book,,,,3.4,,278299,386,0.4651,-0.1275,-31.65,-0.1289,0.0049,92811,-0.1317,-14.96,93309,-0.1237,-19.65,92179,-0.1272,-23.76,False,0.0,17,False,exp<=0;up/down;t<3.4;wf<0.6;exbest<=0;plateau<=0,SEC,6.0,2.0,fade,hedged,-0.1269
rv,,,book,,,,3.4,,278299,386,0.4886,-0.0891,-23.62,-0.0899,0.0049,92811,-0.0752,-11.16,93309,-0.1016,-15.96,92179,-0.0904,-14.49,False,0.0,17,False,exp<=0;up/down;t<3.4;wf<0.6;exbest<=0;plateau<=0,SEC,6.0,2.0,mom,single,-0.0888
rv,,,book,,,,3.4,,278299,386,0.4496,-0.1511,-40.29,-0.1519,0.0049,92811,-0.1483,-19.49,93309,-0.156,-25.76,92179,-0.1489,-26.44,False,0.0,17,False,exp<=0;up/down;t<3.4;wf<0.6;exbest<=0;plateau<=0,SEC,6.0,2.0,mom,hedged,-0.1516
rv,,,book,,,,3.4,,169026,386,0.4972,-0.0759,-15.56,-0.0767,0.0072,56953,-0.0915,-10.34,56074,-0.0675,-8.23,55999,-0.0684,-8.58,False,0.0,17,False,exp<=0;up/down;t<3.4;wf<0.6;exbest<=0;plateau<=0,SEC,6.0,2.5,fade,single,-0.0729
rv,,,book,,,,3.4,,169026,386,0.4677,-0.1284,-24.99,-0.1306,0.0072,56953,-0.1337,-11.53,56074,-0.1257,-17.18,55999,-0.1257,-18.18,False,0.0,17,False,exp<=0;up/down;t<3.4;wf<0.6;exbest<=0;plateau<=0,SEC,6.0,2.5,fade,hedged,-0.1277
rv,,,book,,,,3.4,,169026,386,0.4916,-0.0859,-17.86,-0.0869,0.0072,56953,-0.0703,-8.53,56074,-0.0942,-11.42,55999,-0.0935,-11.34,False,0.0,17,False,exp<=0;up/down;t<3.4;wf<0.6;exbest<=0;plateau<=0,SEC,6.0,2.5,mom,single,-0.0885
rv,,,book,,,,3.4,,169026,386,0.4538,-0.1508,-31.08,-0.1516,0.0072,56953,-0.1472,-14.31,56074,-0.1534,-21.02,55999,-0.1518,-21.09,False,0.0,17,False,exp<=0;up/down;t<3.4;wf<0.6;exbest<=0;plateau<=0,SEC,6.0,2.5,mom,hedged,-0.1513
rv,,,book,,,,3.4,,303615,386,0.4934,-0.0729,-19.29,-0.0736,0.0043,101079,-0.0812,-11.75,101762,-0.062,-9.3,100774,-0.0755,-12.86,False,0.0,17,False,exp<=0;up/down;t<3.4;wf<0.6;exbest<=0;plateau<=0,SEC,12.0,1.5,fade,single,-0.0729
rv,,,book,,,,3.4,,303615,386,0.4604,-0.1295,-35.49,-0.13,0.0043,101079,-0.1333,-18.8,101762,-0.1225,-20.02,100774,-0.1329,-23.7,False,0.0,17,False,exp<=0;up/down;t<3.4;wf<0.6;exbest<=0;plateau<=0,SEC,12.0,1.5,fade,hedged,-0.1289
rv,,,book,,,,3.4,,303615,386,0.4853,-0.0878,-24.27,-0.0886,0.0043,101079,-0.0795,-12.79,101762,-0.0998,-15.08,100774,-0.0839,-14.54,False,0.0,17,False,exp<=0;up/down;t<3.4;wf<0.6;exbest<=0;plateau<=0,SEC,12.0,1.5,mom,single,-0.0881
rv,,,book,,,,3.4,,303615,386,0.4439,-0.1491,-45.07,-0.1499,0.0043,101079,-0.1466,-25.91,101762,-0.1575,-25.96,100774,-0.1432,-26.7,False,0.0,17,False,exp<=0;up/down;t<3.4;wf<0.6;exbest<=0;plateau<=0,SEC,12.0,1.5,mom,hedged,-0.1499
rv,,,book,,,,3.4,,172983,386,0.4956,-0.0739,-14.59,-0.0747,0.0063,58306,-0.0824,-8.73,57395,-0.0619,-7.02,57282,-0.0772,-9.87,False,0.0,17,False,exp<=0;up/down;t<3.4;wf<0.6;exbest<=0;plateau<=0,SEC,12.0,2.0,fade,single,-0.0747
rv,,,book,,,,3.4,,172983,386,0.4648,-0.13,-26.82,-0.1307,0.0063,58306,-0.1356,-14.12,57395,-0.1231,-15.17,57282,-0.1313,-18.3,False,0.0,17,False,exp<=0;up/down;t<3.4;wf<0.6;exbest<=0;plateau<=0,SEC,12.0,2.0,fade,hedged,-0.1302
rv,,,book,,,,3.4,,172983,386,0.4875,-0.0884,-17.92,-0.0895,0.0063,58306,-0.0802,-9.25,57395,-0.101,-11.31,57282,-0.0841,-10.68,False,0.0,17,False,exp<=0;up/down;t<3.4;wf<0.6;exbest<=0;plateau<=0,SEC,12.0,2.0,mom,single,-0.087
rv,,,book,,,,3.4,,172983,386,0.4497,-0.1501,-33.87,-0.1513,0.0063,58306,-0.1465,-18.91,57395,-0.1574,-19.29,57282,-0.1464,-20.87,False,0.0,17,False,exp<=0;up/down;t<3.4;wf<0.6;exbest<=0;plateau<=0,SEC,12.0,2.0,mom,hedged,-0.1493
rv,,,book,,,,3.4,,96748,386,0.4954,-0.0796,-12.26,-0.0804,0.0096,32992,-0.0933,-8.19,31632,-0.0575,-4.96,32124,-0.0872,-8.42,False,0.0,17,False,exp<=0;up/down;t<3.4;wf<0.6;exbest<=0;plateau<=0,SEC,12.0,2.5,fade,single,-0.0749
rv,,,book,,,,3.4,,96748,386,0.4666,-0.1335,-21.52,-0.1344,0.0096,32992,-0.143,-11.64,31632,-0.12,-11.77,32124,-0.1371,-14.86,False,0.0,17,False,exp<=0;up/down;t<3.4;wf<0.6;exbest<=0;plateau<=0,SEC,12.0,2.5,fade,hedged,-0.1292
rv,,,book,,,,3.4,,96748,386,0.4912,-0.0841,-13.37,-0.0859,0.0096,32992,-0.0701,-6.7,31632,-0.1059,-9.16,32124,-0.077,-7.41,False,0.0,17,False,exp<=0;up/down;t<3.4;wf<0.6;exbest<=0;plateau<=0,SEC,12.0,2.5,mom,single,-0.0872
rv,,,book,,,,3.4,,96748,386,0.456,-0.1476,-26.39,-0.1488,0.0096,32992,-0.1399,-14.25,31632,-0.1604,-15.97,32124,-0.143,-15.86,False,0.0,17,False,exp<=0;up/down;t<3.4;wf<0.6;exbest<=0;plateau<=0,SEC,12.0,2.5,mom,hedged,-0.1505
rv,,,book,,,,3.4,,547166,386,0.4968,-0.0733,-17.92,-0.074,0.0033,181625,-0.0821,-11.95,185746,-0.0679,-9.1,179795,-0.0701,-10.28,False,0.0,17,False,exp<=0;up/down;t<3.4;wf<0.6;exbest<=0;plateau<=0,SPY,3.0,1.5,fade,single,-0.0764
rv,,,book,,,,3.4,,547166,386,0.4852,-0.0991,-26.27,-0.0998,0.0033,181625,-0.103,-15.89,185746,-0.0992,-14.07,179795,-0.0951,-15.95,False,0.0,17,False,exp<=0;up/down;t<3.4;wf<0.6;exbest<=0;plateau<=0,SPY,3.0,1.5,fade,hedged,-0.1013
rv,,,book,,,,3.4,,547166,386,0.4899,-0.0856,-20.5,-0.0868,0.0033,181625,-0.0765,-11.21,185746,-0.092,-11.93,179795,-0.0882,-12.52,False,0.0,17,False,exp<=0;up/down;t<3.4;wf<0.6;exbest<=0;plateau<=0,SPY,3.0,1.5,mom,single,-0.0832
rv,,,book,,,,3.4,,547166,386,0.4747,-0.1161,-30.22,-0.1171,0.0033,181625,-0.1124,-17.9,185746,-0.1172,-16.1,179795,-0.1187,-18.84,False,0.0,17,False,exp<=0;up/down;t<3.4;wf<0.6;exbest<=0;plateau<=0,SPY,3.0,1.5,mom,hedged,-0.1147
rv,,,book,,,,3.4,,403716,386,0.4979,-0.0729,-14.34,-0.0737,0.0039,134784,-0.0859,-9.54,136624,-0.0618,-6.91,132308,-0.0711,-8.59,False,0.0,17,False,exp<=0;up/down;t<3.4;wf<0.6;exbest<=0;plateau<=0,SPY,3.0,2.0,fade,single,-0.0754
rv,,,book,,,,3.4,,403716,386,0.4866,-0.0984,-21.13,-0.0993,0.0039,134784,-0.1054,-12.37,136624,-0.0954,-11.38,132308,-0.0945,-13.23,False,0.0,17,False,exp<=0;up/down;t<3.4;wf<0.6;exbest<=0;plateau<=0,SPY,3.0,2.0,fade,hedged,-0.1002
rv,,,book,,,,3.4,,403716,386,0.4903,-0.0867,-16.99,-0.0879,0.0039,134784,-0.0731,-8.36,136624,-0.0988,-10.8,132308,-0.0881,-10.45,False,0.0,17,False,exp<=0;up/down;t<3.4;wf<0.6;exbest<=0;plateau<=0,SPY,3.0,2.0,mom,single,-0.0845
rv,,,book,,,,3.4,,403716,386,0.476,-0.1176,-25.26,-0.1185,0.0039,134784,-0.1106,-13.7,136624,-0.1221,-14.19,132308,-0.12,-16.24,False,0.0,17,False,exp<=0;up/down;t<3.4;wf<0.6;exbest<=0;plateau<=0,SPY,3.0,2.0,mom,hedged,-0.1162
rv,,,book,,,,3.4,,272975,386,0.4988,-0.0731,-11.49,-0.0742,0.0052,92334,-0.0906,-7.86,91840,-0.0535,-4.94,88801,-0.0751,-7.27,False,0.0,17,False,exp<=0;up/down;t<3.4;wf<0.6;exbest<=0;plateau<=0,SPY,3.0,2.5,fade,single,-0.0764
rv,,,book,,,,3.4,,272975,386,0.4894,-0.0973,-16.6,-0.0982,0.0052,92334,-0.1096,-9.84,91840,-0.0876,-8.7,88801,-0.0947,-10.64,False,0.0,17,False,exp<=0;up/down;t<3.4;wf<0.6;exbest<=0;plateau<=0,SPY,3.0,2.5,fade,hedged,-0.1018
rv,,,book,,,,3.4,,272975,386,0.4913,-0.0867,-13.69,-0.0882,0.0052,92334,-0.0688,-6.17,91840,-0.1074,-9.67,88801,-0.0838,-8.15,False,0.0,17,False,exp<=0;up/down;t<3.4;wf<0.6;exbest<=0;plateau<=0,SPY,3.0,2.5,mom,single,-0.084
rv,,,book,,,,3.4,,272975,386,0.4777,-0.1191,-20.67,-0.1206,0.0052,92334,-0.1073,-10.2,91840,-0.1305,-12.71,88801,-0.1197,-13.48,False,0.0,17,False,exp<=0;up/down;t<3.4;wf<0.6;exbest<=0;plateau<=0,SPY,3.0,2.5,mom,hedged,-0.1152
rv,,,book,,,,3.4,,444916,386,0.4919,-0.0799,-17.37,-0.0806,0.0038,147313,-0.0964,-11.49,151071,-0.0658,-8.52,146532,-0.0779,-10.32,False,0.0,17,False,exp<=0;up/down;t<3.4;wf<0.6;exbest<=0;plateau<=0,SPY,6.0,1.5,fade,single,-0.0753
rv,,,book,,,,3.4,,444916,386,0.4801,-0.1042,-23.95,-0.1048,0.0038,147313,-0.1112,-12.86,151071,-0.097,-13.2,146532,-0.1048,-16.34,False,0.0,17,False,exp<=0;up/down;t<3.4;wf<0.6;exbest<=0;plateau<=0,SPY,6.0,1.5,fade,hedged,-0.1012
rv,,,book,,,,3.4,,444916,386,0.4916,-0.0798,-17.11,-0.0809,0.0038,147313,-0.0635,-7.85,151071,-0.0948,-11.71,146532,-0.0807,-10.31,False,0.0,17,False,exp<=0;up/down;t<3.4;wf<0.6;exbest<=0;plateau<=0,SPY,6.0,1.5,mom,single,-0.0848
rv,,,book,,,,3.4,,444916,386,0.4757,-0.1117,-25.15,-0.1127,0.0038,147313,-0.1055,-12.8,151071,-0.1202,-15.43,146532,-0.1091,-15.75,False,0.0,17,False,exp<=0;up/down;t<3.4;wf<0.6;exbest<=0;plateau<=0,SPY,6.0,1.5,mom,hedged,-0.1152
rv,,,book,,,,3.4,,292107,386,0.4935,-0.0799,-13.23,-0.0806,0.0048,97978,-0.1025,-9.15,98280,-0.0596,-6.11,95849,-0.0776,-7.8,False,0.0,17,False,exp<=0;up/down;t<3.4;wf<0.6;exbest<=0;plateau<=0,SPY,6.0,2.0,fade,single,-0.0764
rv,,,book,,,,3.4,,292107,386,0.4827,-0.1041,-18.16,-0.1047,0.0048,97978,-0.1153,-10.09,98280,-0.0936,-10.05,95849,-0.1033,-11.91,False,0.0,17,False,exp<=0;up/down;t<3.4;wf<0.6;exbest<=0;plateau<=0,SPY,6.0,2.0,fade,hedged,-0.1017
rv,,,book,,,,3.4,,292107,386,0.4926,-0.0812,-13.35,-0.0827,0.0048,97978,-0.0588,-5.4,98280,-0.1021,-10.06,95849,-0.0826,-8.14,False,0.0,17,False,exp<=0;up/down;t<3.4;wf<0.6;exbest<=0;plateau<=0,SPY,6.0,2.0,mom,single,-0.0842
rv,,,book,,,,3.4,,292107,386,0.4776,-0.1133,-19.72,-0.1148,0.0048,97978,-0.103,-9.38,98280,-0.1249,-12.95,95849,-0.1121,-12.41,False,0.0,17,False,exp<=0;up/down;t<3.4;wf<0.6;exbest<=0;plateau<=0,SPY,6.0,2.0,mom,hedged,-0.1152
rv,,,book,,,,3.4,,181500,386,0.4951,-0.0798,-10.41,-0.0811,0.0069,61964,-0.1028,-7.26,60472,-0.0606,-5.08,59064,-0.0753,-5.75,False,0.0,17,False,exp<=0;up/down;t<3.4;wf<0.6;exbest<=0;plateau<=0,SPY,6.0,2.5,fade,single,-0.0753
rv,,,book,,,,3.4,,181500,386,0.4849,-0.1051,-14.47,-0.1062,0.0069,61964,-0.1153,-7.97,60472,-0.0973,-8.73,59064,-0.1025,-8.83,False,0.0,17,False,exp<=0;up/down;t<3.4;wf<0.6;exbest<=0;plateau<=0,SPY,6.0,2.5,fade,hedged,-0.1005
rv,,,book,,,,3.4,,181500,386,0.494,-0.0814,-10.63,-0.0834,0.0069,61964,-0.0592,-4.34,60472,-0.1009,-8.02,59064,-0.0849,-6.49,False,0.0,17,False,exp<=0;up/down;t<3.4;wf<0.6;exbest<=0;plateau<=0,SPY,6.0,2.5,mom,single,-0.0857
rv,,,book,,,,3.4,,181500,386,0.4802,-0.1127,-15.72,-0.1146,0.0069,61964,-0.1041,-7.59,60472,-0.1212,-10.43,59064,-0.1129,-9.74,False,0.0,17,False,exp<=0;up/down;t<3.4;wf<0.6;exbest<=0;plateau<=0,SPY,6.0,2.5,mom,hedged,-0.1171
rv,,,book,,,,3.4,,314222,386,0.4938,-0.0727,-12.7,-0.0736,0.0043,104706,-0.0939,-8.52,105952,-0.0475,-5.0,103564,-0.0771,-9.04,False,0.0,17,False,exp<=0;up/down;t<3.4;wf<0.6;exbest<=0;plateau<=0,SPY,12.0,1.5,fade,single,-0.0764
rv,,,book,,,,3.4,,314222,386,0.4803,-0.1003,-18.96,-0.101,0.0043,104706,-0.1108,-10.08,105952,-0.0842,-10.02,103564,-0.1062,-14.11,False,0.0,17,False,exp<=0;up/down;t<3.4;wf<0.6;exbest<=0;plateau<=0,SPY,12.0,1.5,fade,hedged,-0.1017
rv,,,book,,,,3.4,,314222,386,0.4849,-0.0877,-15.56,-0.0889,0.0043,104706,-0.0673,-6.39,105952,-0.1132,-11.81,103564,-0.0823,-9.59,False,0.0,17,False,exp<=0;up/down;t<3.4;wf<0.6;exbest<=0;plateau<=0,SPY,12.0,1.5,mom,single,-0.0843
rv,,,book,,,,3.4,,314222,386,0.4695,-0.1162,-22.34,-0.1174,0.0043,104706,-0.1073,-10.37,105952,-0.1329,-15.7,103564,-0.1082,-13.82,False,0.0,17,False,exp<=0;up/down;t<3.4;wf<0.6;exbest<=0;plateau<=0,SPY,12.0,1.5,mom,hedged,-0.1152
rv,,,book,,,,3.4,,183578,386,0.4958,-0.073,-9.48,-0.0744,0.0062,62182,-0.0972,-6.53,61191,-0.0405,-3.16,60205,-0.0811,-7.25,False,0.0,17,False,exp<=0;up/down;t<3.4;wf<0.6;exbest<=0;plateau<=0,SPY,12.0,2.0,fade,single,-0.0752
rv,,,book,,,,3.4,,183578,386,0.4841,-0.0992,-13.96,-0.1004,0.0062,62182,-0.111,-7.46,61191,-0.0798,-7.12,60205,-0.1068,-10.88,False,0.0,17,False,exp<=0;up/down;t<3.4;wf<0.6;exbest<=0;plateau<=0,SPY,12.0,2.0,fade,hedged,-0.1015
rv,,,book,,,,3.4,,183578,386,0.4873,-0.0888,-11.72,-0.0904,0.0062,62182,-0.0656,-4.6,61191,-0.1212,-9.33,60205,-0.0797,-7.16,False,0.0,17,False,exp<=0;up/down;t<3.4;wf<0.6;exbest<=0;plateau<=0,SPY,12.0,2.0,mom,single,-0.086
rv,,,book,,,,3.4,,183578,386,0.4719,-0.1188,-17.23,-0.1206,0.0062,62182,-0.109,-7.84,61191,-0.1385,-12.2,60205,-0.1089,-11.07,False,0.0,17,False,exp<=0;up/down;t<3.4;wf<0.6;exbest<=0;plateau<=0,SPY,12.0,2.0,mom,hedged,-0.1161
rv,,,book,,,,3.4,,104911,386,0.4984,-0.073,-7.36,-0.0749,0.009,36142,-0.107,-5.87,34589,-0.0369,-2.12,34180,-0.0736,-5.19,False,0.118,17,False,exp<=0;up/down;t<3.4;wf<0.6;exbest<=0;plateau<=0,SPY,12.0,2.5,fade,single,-0.0764
rv,,,book,,,,3.4,,104911,386,0.488,-0.1,-10.76,-0.1015,0.009,36142,-0.1195,-6.34,34589,-0.0786,-5.21,34180,-0.1012,-7.83,False,0.0,17,False,exp<=0;up/down;t<3.4;wf<0.6;exbest<=0;plateau<=0,SPY,12.0,2.5,fade,hedged,-0.1021
rv,,,book,,,,3.4,,104911,386,0.4886,-0.0892,-9.21,-0.0916,0.009,36142,-0.0567,-3.25,34589,-0.1244,-7.14,34180,-0.0881,-6.25,False,0.0,17,False,exp<=0;up/down;t<3.4;wf<0.6;exbest<=0;plateau<=0,SPY,12.0,2.5,mom,single,-0.0851
rv,,,book,,,,3.4,,104911,386,0.4748,-0.1189,-13.26,-0.1216,0.009,36142,-0.1017,-5.81,34589,-0.1395,-9.31,34180,-0.1161,-8.87,False,0.0,17,False,exp<=0;up/down;t<3.4;wf<0.6;exbest<=0;plateau<=0,SPY,12.0,2.5,mom,hedged,-0.1157
