date,minute,pnl
2026-07-15,0,0.0
2026-07-15,1,0.0
2026-07-15,2,0.0
2026-07-15,3,0.0
2026-07-15,4,0.0
2026-07-15,5,0.0
2026-07-15,6,0.0
2026-07-15,7,0.0
2026-07-15,8,0.0
2026-07-15,9,0.0
2026-07-15,10,0.0
2026-07-15,11,0.0
2026-07-15,12,0.0
2026-07-15,13,0.0
2026-07-15,14,0.0
2026-07-15,15,0.0
2026-07-15,16,0.0
2026-07-15,17,0.0
2026-07-15,18,0.0
2026-07-15,19,0.0
2026-07-15,20,2.2347549499998536
2026-07-15,21,-4.080114299999536
2026-07-15,22,2.8455782000004888
2026-07-15,23,4.590752699999939
2026-07-15,24,-1.2403303499998515
2026-07-15,25,3.935687200000359
2026-07-15,26,5.5458482000002505
2026-07-15,27,3.7906727000001865
2026-07-15,28,-0.039710299999626386
2026-07-15,29,8.453138900000226
2026-07-15,30,-6.370551899999079
2026-07-15,31,-5.729487799999369
2026-07-15,32,-3.7752923999997208
2026-07-15,33,2.9953846000004845
2026-07-15,34,7.1608011000010166
2026-07-15,35,0.7409335999998845
2026-07-15,36,-10.5651968999995
2026-07-15,37,-9.446798792857061
2026-07-15,38,-13.742228292856824
2026-07-15,39,-3.1961737928569622
2026-07-15,40,-6.221345182856945
2026-07-15,41,-0.4918722928565149
2026-07-15,42,2.478324697143476
2026-07-15,43,7.243901207142827
2026-07-15,44,-3.8672097928565368
2026-07-15,45,-3.992572645714425
2026-07-15,46,3.0611326542862614
2026-07-15,47,-2.038377245713818
2026-07-15,48,6.866513154285904
2026-07-15,49,13.849211354286304
2026-07-15,50,83.23052715428561
2026-07-15,51,71.69751701142877
2026-07-15,52,82.17106426142892
2026-07-15,53,88.87362365428626
2026-07-15,54,86.72934772571409
2026-07-15,55,87.60943572571486
2026-07-15,56,93.71219522571417
2026-07-15,57,95.68272222571386
2026-07-15,58,107.24901872571442
2026-07-15,59,108.72524622571501
2026-07-15,60,119.20084372571435
2026-07-15,61,124.26111972571414
2026-07-15,62,112.44122397571454
2026-07-15,63,121.14601432571476
2026-07-15,64,115.77477722571433
2026-07-15,65,107.73915372571435
2026-07-15,66,96.51377122571449
2026-07-15,67,104.64066322571466
2026-07-15,68,99.69490872571458
2026-07-15,69,103.5648357257142
2026-07-15,70,100.55498472571412
2026-07-15,71,103.28506772571416
2026-07-15,72,104.1147707257141
2026-07-15,73,99.51511072571486
2026-07-15,74,103.41658072571488
2026-07-15,75,106.0070897257146
2026-07-15,76,106.45707472571502
2026-07-15,77,105.35178422571477
2026-07-15,78,112.32644172571406
2026-07-15,79,114.30746972571455
2026-07-15,80,119.10371936571471
2026-07-15,81,118.40193922571433
2026-07-15,82,117.88774772571446
2026-07-15,83,121.0506519257147
2026-07-15,84,115.93285222571427
2026-07-15,85,125.80305922571404
2026-07-15,86,125.49123358285698
2026-07-15,87,124.54531908285736
2026-07-15,88,123.19266383285702
2026-07-15,89,123.02057658285747
2026-07-15,90,123.2557100828572
2026-07-15,91,120.70047458285717
2026-07-15,92,119.82992758285747
2026-07-15,93,115.11303583285792
2026-07-15,94,112.46050061285797
2026-07-15,95,154.13932258285845
2026-07-15,96,172.22650170285692
2026-07-15,97,269.6390484828581
2026-07-15,98,274.46245508285756
2026-07-15,99,256.9160079228576
2026-07-15,100,256.440738562858
2026-07-15,101,212.82030098285776
2026-07-15,102,132.168741842859
2026-07-15,103,133.7769720128572
2026-07-15,104,98.7590080428587
2026-07-15,105,34.92701310285831
2026-07-15,106,-54.213511977142645
2026-07-15,107,37.450924682858016
2026-07-15,108,108.71296578285765
2026-07-15,109,131.16503337285712
2026-07-15,110,21.971605852857977
2026-07-15,111,-35.9292014771416
2026-07-15,112,-126.35715876714154
2026-07-15,113,-161.22147357071282
2026-07-15,114,-88.59252810071213
2026-07-15,115,-104.79448779071352
2026-07-15,116,-136.3756553707135
2026-07-15,117,-168.57767085071362
2026-07-15,118,-71.80364093642775
2026-07-15,119,-13.11640421642753
2026-07-15,120,-46.325063996427886
2026-07-15,121,-98.98196078642844
2026-07-15,122,-34.88091623714173
2026-07-15,123,-17.038165677141254
2026-07-15,124,-97.54220447714118
2026-07-15,125,-191.79973823714005
2026-07-15,126,-59.842863237140875
2026-07-15,127,-87.83487275714116
2026-07-15,128,-72.05378504714123
2026-07-15,129,-85.70730554714005
2026-07-15,130,-111.41783130714013
2026-07-15,131,-101.16454473714137
2026-07-15,132,-118.23249375713999
2026-07-15,133,-152.6642832371418
2026-07-15,134,-184.35677296142575
2026-07-15,135,-260.1550660914262
2026-07-15,136,-281.89139969303415
2026-07-15,137,-329.4921986142824
2026-07-15,138,-308.8107988296405
2026-07-15,139,-288.70288578964175
2026-07-15,140,-354.24733371964174
2026-07-15,141,-326.6467090296413
2026-07-15,142,-312.6714976896404
2026-07-15,143,-306.9218787396402
2026-07-15,144,-292.22347674964084
2026-07-15,145,-323.3665062196416
2026-07-15,146,-348.95384269964165
2026-07-15,147,-337.1090583096425
2026-07-15,148,-287.4998687196412
2026-07-15,149,-298.9089946896412
2026-07-15,150,-295.41726687964155
2026-07-15,151,-380.7493158096405
2026-07-15,152,-405.720724419642
2026-07-15,153,-456.0884981196418
2026-07-15,154,-430.8112320953563
2026-07-15,155,-552.7120813253564
2026-07-15,156,-595.4596323423201
2026-07-15,157,-595.0564585601777
2026-07-15,158,-586.487899510176
2026-07-15,159,-513.1152155201771
2026-07-15,160,-611.551081940178
2026-07-15,161,-708.3217308801761
2026-07-15,162,-649.8169969401768
2026-07-15,163,-762.927680750177
2026-07-15,164,-816.1106648901762
2026-07-15,165,-712.3915840624967
2026-07-15,166,-782.3863429024976
2026-07-15,167,-706.7049258424985
2026-07-15,168,-629.7208927307125
2026-07-15,169,-709.3425877607127
2026-07-15,170,-804.2472807107108
2026-07-15,171,-754.759651990712
2026-07-15,172,-760.0379668039261
2026-07-15,173,-679.6460692278528
2026-07-15,174,-988.1358371778537
2026-07-15,175,-831.3869116278522
2026-07-15,176,-858.6646255978536
2026-07-15,177,-903.3090496978527
2026-07-15,178,-812.593285187853
2026-07-15,179,-673.1323526578534
2026-07-15,180,-584.7466481278536
2026-07-15,181,-731.4236699578541
2026-07-15,182,-702.3713724778537
2026-07-15,183,-802.0056200578535
2026-07-15,184,-926.4093130912466
2026-07-15,185,-976.9770587512457
2026-07-15,186,-1087.9154587887463
2026-07-15,187,-1055.6663505399954
2026-07-15,188,-1079.7339686846396
2026-07-15,189,-1063.1770965446394
2026-07-15,190,-1117.92383328464
2026-07-15,191,-929.5788196846394
2026-07-15,192,-890.8571222446399
2026-07-15,193,-771.1820819446388
2026-07-15,194,-695.1415067746387
2026-07-15,195,-741.4753049146404
2026-07-15,196,-237.58352013463988
2026-07-15,197,-419.45394876463865
2026-07-15,198,-406.9007787046387
2026-07-15,199,-263.1519990946398
2026-07-15,200,-155.52006141463926
2026-07-15,201,-71.1445857646413
2026-07-15,202,98.80553954536089
2026-07-15,203,159.08708882536231
2026-07-15,204,10.949182956790047
2026-07-15,205,-104.95464752321037
2026-07-15,206,-194.56457564321002
2026-07-15,207,-5.636362343210948
2026-07-15,208,117.72780597678835
2026-07-15,209,183.28721637250402
2026-07-15,210,332.57441214250537
2026-07-15,211,392.83013236250656
2026-07-15,212,389.670533352504
2026-07-15,213,476.0103125225029
2026-07-15,214,397.5853948025035
2026-07-15,215,390.9997796282179
2026-07-15,216,483.6681382482169
2026-07-15,217,536.6191229925038
2026-07-15,218,558.5870641439335
2026-07-15,219,556.7852617839329
2026-07-15,220,544.9505489725055
2026-07-15,221,512.4626861625031
2026-07-15,222,598.6840666325032
2026-07-15,223,537.7084115025037
2026-07-15,224,435.55753160250447
2026-07-15,225,477.1761492025044
2026-07-15,226,478.9623521725032
2026-07-15,227,629.8755840925047
2026-07-15,228,700.1709217725031
2026-07-15,229,711.6695207596459
2026-07-15,230,718.9780534982166
2026-07-15,231,698.4905838696459
2026-07-15,232,766.3092806096463
2026-07-15,233,768.1982028696461
2026-07-15,234,768.9713902996459
2026-07-15,235,795.4006376682173
2026-07-15,236,807.9690180582168
2026-07-15,237,791.2700529182172
2026-07-15,238,761.699961568218
2026-07-15,239,805.5207829982172
2026-07-15,240,825.9835483182183
2026-07-15,241,786.673950859646
2026-07-15,242,791.8525894896455
2026-07-15,243,851.8582005396457
2026-07-15,244,837.8196465996465
2026-07-15,245,838.6568446582173
2026-07-15,246,841.7442987582174
2026-07-15,247,838.5879803182172
2026-07-15,248,843.4844570582172
2026-07-15,249,873.5756735582181
2026-07-15,250,870.1160522282183
2026-07-15,251,859.8343966182172
2026-07-15,252,855.5000400682179
2026-07-15,253,872.5009490182166
2026-07-15,254,863.0001000382184
2026-07-15,255,860.3114748182179
2026-07-15,256,894.5197986182181
2026-07-15,257,916.489797413932
2026-07-15,258,932.2871729582176
2026-07-15,259,949.2471158896467
2026-07-15,260,942.3752900125038
2026-07-15,261,928.8103043525036
2026-07-15,262,929.9834145225027
2026-07-15,263,930.9947133725027
2026-07-15,264,941.9772895710739
2026-07-15,265,950.6238376925032
2026-07-15,266,951.8538652325029
2026-07-15,267,971.9598506825034
2026-07-15,268,955.8653326125034
2026-07-15,269,934.8892043525036
2026-07-15,270,946.8054843725025
2026-07-15,271,955.9743991326811
2026-07-15,272,954.3984513655392
2026-07-15,273,956.8231814655392
2026-07-15,274,961.2310928655395
2026-07-15,275,973.354602345538
2026-07-15,276,961.3771939555389
2026-07-15,277,968.3652125155395
2026-07-15,278,964.3571183798246
2026-07-15,279,984.751354059825
2026-07-15,280,970.7150130941111
2026-07-15,281,982.8115946441114
2026-07-15,282,991.5067760941108
2026-07-15,283,997.9893544141103
2026-07-15,284,1034.719723094111
2026-07-15,285,1105.2355689341111
2026-07-15,286,1094.8328097141107
2026-07-15,287,1074.1590335941123
2026-07-15,288,1067.4426410941123
2026-07-15,289,1059.17151818411
2026-07-15,290,1034.6508280041112
2026-07-15,291,994.5046570941122
2026-07-15,292,999.8082965541121
2026-07-15,293,1009.7406887041113
2026-07-15,294,992.7450852541106
2026-07-15,295,926.7240022541101
2026-07-15,296,899.1705142541092
2026-07-15,297,908.9328522308963
2026-07-15,298,901.1648359108973
2026-07-15,299,946.5804825408967
2026-07-15,300,921.8226165608974
2026-07-15,301,899.9881626708966
2026-07-15,302,872.0957404908974
2026-07-15,303,898.2273423308969
2026-07-15,304,903.4472265655411
2026-07-15,305,957.1263461455399
2026-07-15,306,982.1098452455395
2026-07-15,307,996.03478556554
2026-07-15,308,1011.582278065541
2026-07-15,309,1021.57744566554
2026-07-15,310,1031.27048157554
2026-07-15,311,1010.7575845255406
2026-07-15,312,1031.405986995541
2026-07-15,313,1040.3129616355413
2026-07-15,314,1101.5632689655388
2026-07-15,315,1098.20397402554
2026-07-15,316,1133.6546114755408
2026-07-15,317,1093.4841330655397
2026-07-15,318,1110.0113676555397
2026-07-15,319,1132.8328045655403
2026-07-15,320,1142.9229306655388
2026-07-15,321,1206.8016397755403
2026-07-15,322,1204.4637160655416
2026-07-15,323,1215.6972614055398
2026-07-15,324,1190.6021849755402
2026-07-15,325,1232.9350768755405
2026-07-15,326,1270.0149342855402
2026-07-15,327,1298.7129630655415
2026-07-15,328,1385.02866666554
2026-07-15,329,1375.0542086183968
2026-07-15,330,1379.760195878397
2026-07-15,331,1376.3758180283962
2026-07-15,332,1353.0060481683972
2026-07-15,333,1341.4862322283977
2026-07-15,334,1314.2718221083953
2026-07-15,335,1339.4611207083974
2026-07-15,336,1320.5305888483972
2026-07-15,337,1319.9618780483968
2026-07-15,338,1342.4555481983973
2026-07-15,339,1345.2097877083968
2026-07-15,340,1295.9123834583975
2026-07-15,341,1317.2822672283967
2026-07-15,342,1300.6310022683963
2026-07-15,343,1315.627784708397
2026-07-15,344,1310.0765097083977
2026-07-15,345,1322.1231332583977
2026-07-15,346,1324.7683176683965
2026-07-15,347,1351.903743028398
2026-07-15,348,1369.8635586283972
2026-07-15,349,1379.4377622983977
2026-07-15,350,1433.4954762083967
2026-07-15,351,1447.5345738698252
2026-07-15,352,1448.880553279826
2026-07-15,353,1436.2346857998266
2026-07-15,354,1403.3040220998257
2026-07-15,355,1425.3366711698254
2026-07-15,356,1400.9413738498258
2026-07-15,357,1388.4951713198259
2026-07-15,358,1377.588331779826
2026-07-15,359,1327.9783512798265
2026-07-15,360,1239.1755960998257
2026-07-15,361,1188.3517843798265
2026-07-15,362,1232.4915617198253
2026-07-15,363,1226.4571683498252
2026-07-15,364,1233.8666921698255
2026-07-15,365,1230.2786654698261
2026-07-15,366,1211.903134059827
2026-07-15,367,1196.5339803398253
2026-07-15,368,1195.742527919826
2026-07-15,369,1187.1021282098263
2026-07-15,370,1171.1894811498273
2026-07-15,371,1157.060762419827
2026-07-15,372,1132.438895319826
2026-07-15,373,1118.0136858598257
2026-07-15,374,1108.090454689826
2026-07-15,375,1122.1641230298264
2026-07-15,376,1162.0554009098262
2026-07-15,377,1182.1639683198252
2026-07-15,378,1181.243300409825
2026-07-15,379,1180.1336822498247
2026-07-15,380,1178.5910148198263
2026-07-15,381,1157.9832193198276
2026-07-15,382,1163.7741392298253
2026-07-15,383,1160.383474319825
2026-07-15,384,1172.8936613198257
2026-07-15,385,1164.0980528198265
2026-07-15,386,1164.0980528198265
2026-07-15,387,1164.0980528198265
2026-07-15,388,1164.0980528198265
2026-07-15,389,1164.0980528198265
2026-07-15,390,1164.0980528198265
2026-07-16,0,0.0
2026-07-16,1,0.0
2026-07-16,2,0.0
2026-07-16,3,0.0
2026-07-16,4,0.0
2026-07-16,5,0.0
2026-07-16,6,0.0
2026-07-16,7,0.0
2026-07-16,8,0.0
2026-07-16,9,0.0
2026-07-16,10,0.0
2026-07-16,11,0.0
2026-07-16,12,0.0
2026-07-16,13,0.0
2026-07-16,14,0.0
2026-07-16,15,0.0
2026-07-16,16,0.0
2026-07-16,17,0.0
2026-07-16,18,0.0
2026-07-16,19,0.0
2026-07-16,20,3.347704500000134
2026-07-16,21,13.125036499999013
2026-07-16,22,29.72556449999901
2026-07-16,23,26.93821630999922
2026-07-16,24,40.70832049999943
2026-07-16,25,34.626550829999815
2026-07-16,26,-7.364780760000343
2026-07-16,27,-5.465018189999498
2026-07-16,28,-14.192601500000961
2026-07-16,29,5.250134659998892
2026-07-16,30,14.524429999999612
2026-07-16,31,-2.245743000000232
2026-07-16,32,6.688188339999087
2026-07-16,33,-8.447307000000706
2026-07-16,34,4.941800999999401
2026-07-16,35,6.570613000000421
2026-07-16,36,-4.334508500000098
2026-07-16,37,21.59290899999965
2026-07-16,38,6.978890599999488
2026-07-16,39,-16.569006160000384
2026-07-16,40,-38.26898352999994
2026-07-16,41,-35.778665500000045
2026-07-16,42,-29.230144000000195
2026-07-16,43,-22.265230500000683
2026-07-16,44,-12.81381546000081
2026-07-16,45,-31.922565285714256
2026-07-16,46,-20.394777975714547
2026-07-16,47,0.6238426642846093
2026-07-16,48,13.081457414285708
2026-07-16,49,35.22279766428579
2026-07-16,50,63.87904371428469
2026-07-16,51,78.61761102428586
2026-07-16,52,84.48022871428542
2026-07-16,53,78.78910903571283
2026-07-16,54,85.93941794571336
2026-07-16,55,100.48990311571303
2026-07-16,56,87.28688478571333
2026-07-16,57,65.62582378571341
2026-07-16,58,47.93953435571434
2026-07-16,59,53.38905128571342
2026-07-16,60,54.9006747857139
2026-07-16,61,54.81174773571408
2026-07-16,62,43.85135265571357
2026-07-16,63,39.81227421571502
2026-07-16,64,28.493835895713488
2026-07-16,65,12.3391900357135
2026-07-16,66,12.271972855713983
2026-07-16,67,9.579023125713633
2026-07-16,68,12.270916785714064
2026-07-16,69,23.401640785713568
2026-07-16,70,53.216128125713894
2026-07-16,71,40.202493855713655
2026-07-16,72,43.457719385714256
2026-07-16,73,32.974633695713365
2026-07-16,74,28.574061245713438
2026-07-16,75,37.24450828571389
2026-07-16,76,36.35369417571498
2026-07-16,77,46.01120678571358
2026-07-16,78,32.684516035713756
2026-07-16,79,23.893221195714048
2026-07-16,80,80.64624616571332
2026-07-16,81,63.513725025714066
2026-07-16,82,74.48537907571372
2026-07-16,83,70.49426087571366
2026-07-16,84,84.74935117571326
2026-07-16,85,113.58363547571412
2026-07-16,86,89.6801787442848
2026-07-16,87,79.311099804285
2026-07-16,88,67.74436230428522
2026-07-16,89,48.25315830428474
2026-07-16,90,65.1249393042852
2026-07-16,91,69.28221896428589
2026-07-16,92,52.49133165428536
2026-07-16,93,76.72753132428588
2026-07-16,94,87.34754630428547
2026-07-16,95,83.89084980428456
2026-07-16,96,82.03661699428491
2026-07-16,97,85.7369482042853
2026-07-16,98,103.23390271428627
2026-07-16,99,73.58793130428468
2026-07-16,100,88.81080250428577
2026-07-16,101,100.44863230428507
2026-07-16,102,120.44029932428491
2026-07-16,103,128.31091773428548
2026-07-16,104,121.47363504428453
2026-07-16,105,126.39588562428503
2026-07-16,106,134.91718772428527
2026-07-16,107,116.67331409428478
2026-07-16,108,109.19051446428533
2026-07-16,109,111.90612090428571
2026-07-16,110,101.07908930428482
2026-07-16,111,114.46094530428475
2026-07-16,112,123.46137930428492
2026-07-16,113,123.24170930428457
2026-07-16,114,102.67387478428536
2026-07-16,115,82.705901204285
2026-07-16,116,62.75826855428474
2026-07-16,117,75.77205680428578
2026-07-16,118,103.29574480428488
2026-07-16,119,104.30837100428494
2026-07-16,120,128.6772367342859
2026-07-16,121,113.17542973428577
2026-07-16,122,106.6333345642857
2026-07-16,123,112.31888317428533
2026-07-16,124,114.34825458428469
2026-07-16,125,112.58061230428518
2026-07-16,126,119.2193750642853
2026-07-16,127,133.69928980428563
2026-07-16,128,108.34669670428558
2026-07-16,129,101.68667480428509
2026-07-16,130,116.00313901428578
2026-07-16,131,128.18554774428563
2026-07-16,132,126.81069430428593
2026-07-16,133,144.61510357428517
2026-07-16,134,156.10229320428567
2026-07-16,135,180.50727180428592
2026-07-16,136,195.51922380428547
2026-07-16,137,193.50198205428575
2026-07-16,138,187.58991380428543
2026-07-16,139,161.12427250428485
2026-07-16,140,153.2355407242854
2026-07-16,141,146.21918816428618
2026-07-16,142,132.45047930428444
2026-07-16,143,126.89869319428516
2026-07-16,144,125.2519534842856
2026-07-16,145,138.7340004042857
2026-07-16,146,138.0960475542856
2026-07-16,147,133.0975388042853
2026-07-16,148,124.10051430428595
2026-07-16,149,109.74452879428618
2026-07-16,150,113.04368355428667
2026-07-16,151,120.5255365542854
2026-07-16,152,128.8585858242855
2026-07-16,153,126.72767680428625
2026-07-16,154,152.7007637642848
2026-07-16,155,156.26638792428565
2026-07-16,156,149.81151866428587
2026-07-16,157,143.8024369042857
2026-07-16,158,131.43982924428565
2026-07-16,159,123.7151110942865
2026-07-16,160,132.32187167428572
2026-07-16,161,140.15130174428592
2026-07-16,162,144.8384873042854
2026-07-16,163,137.5768616142863
2026-07-16,164,139.54766830428528
2026-07-16,165,127.20190980428578
2026-07-16,166,119.84050184428541
2026-07-16,167,149.22851732428572
2026-07-16,168,137.19818152428581
2026-07-16,169,143.15338736428475
2026-07-16,170,166.77486197285685
2026-07-16,171,168.99871937285704
2026-07-16,172,173.08651511285672
2026-07-16,173,163.39246973285702
2026-07-16,174,162.91818323285744
2026-07-16,175,167.44720423285696
2026-07-16,176,176.99335173285723
2026-07-16,177,157.41219773285812
2026-07-16,178,159.0537486128571
2026-07-16,179,160.93802023285727
2026-07-16,180,161.99258483285712
2026-07-16,181,169.40991661285716
2026-07-16,182,176.11734235285724
2026-07-16,183,191.5636118128563
2026-07-16,184,203.16417773285693
2026-07-16,185,220.73970323285621
2026-07-16,186,229.45533737714246
2026-07-16,187,222.20504844714253
2026-07-16,188,232.78437144714218
2026-07-16,189,233.89360862714355
2026-07-16,190,240.57161869714278
2026-07-16,191,249.59630176714273
2026-07-16,192,245.85937194714305
2026-07-16,193,258.7449521971427
2026-07-16,194,259.10302344714347
2026-07-16,195,260.2765628171442
2026-07-16,196,264.0630864471432
2026-07-16,197,276.2896075900005
2026-07-16,198,271.68828558999985
2026-07-16,199,268.5725680700005
2026-07-16,200,279.0666554100003
2026-07-16,201,285.18008118999967
2026-07-16,202,283.61075508999954
2026-07-16,203,274.90929134000027
2026-07-16,204,274.36729358999986
2026-07-16,205,276.7392098399997
2026-07-16,206,267.0532102517861
2026-07-16,207,266.53858080178634
2026-07-16,208,267.4134403017857
2026-07-16,209,272.7473768017856
2026-07-16,210,262.1640113017852
2026-07-16,211,267.02413130178564
2026-07-16,212,269.9002828017859
2026-07-16,213,267.1212085817854
2026-07-16,214,264.74904280178583
2026-07-16,215,268.44470630178586
2026-07-16,216,279.4289198717852
2026-07-16,217,280.3803908117854
2026-07-16,218,272.33141730178636
2026-07-16,219,265.1226592517854
2026-07-16,220,291.5408583017859
2026-07-16,221,292.82284835178615
2026-07-16,222,289.5832063017859
2026-07-16,223,283.77698880178554
2026-07-16,224,281.06318530178567
2026-07-16,225,279.75431703178475
2026-07-16,226,280.6874578017866
2026-07-16,227,288.45794580178546
2026-07-16,228,294.048960611786
2026-07-16,229,291.36156738178613
2026-07-16,230,291.5373212303569
2026-07-16,231,289.61791823035753
2026-07-16,232,287.76366273035717
2026-07-16,233,288.0997002303573
2026-07-16,234,291.9527168603569
2026-07-16,235,282.32118842035686
2026-07-16,236,290.6601612303571
2026-07-16,237,308.30772232035736
2026-07-16,238,321.97943544035763
2026-07-16,239,314.4496200103574
2026-07-16,240,308.6931662303581
2026-07-16,241,288.7766677303574
2026-07-16,242,302.7854844703572
2026-07-16,243,275.9877147303574
2026-07-16,244,275.14397923035824
2026-07-16,245,274.1782767303572
2026-07-16,246,286.016615980357
2026-07-16,247,273.61519197035705
2026-07-16,248,281.6753650303576
2026-07-16,249,277.4028202303572
2026-07-16,250,257.2386106303565
2026-07-16,251,244.602029140358
2026-07-16,252,245.98073128035713
2026-07-16,253,227.88952423035818
2026-07-16,254,230.05757588035777
2026-07-16,255,217.86860890035774
2026-07-16,256,212.13861123035718
2026-07-16,257,212.6354976053578
2026-07-16,258,230.6398918653573
2026-07-16,259,230.7000773653578
2026-07-16,260,226.15026286535783
2026-07-16,261,223.18264301535848
2026-07-16,262,219.54549247535752
2026-07-16,263,229.73663560535772
2026-07-16,264,233.4013661053579
2026-07-16,265,230.0690983553584
2026-07-16,266,233.3084457653576
2026-07-16,267,223.05482225535826
2026-07-16,268,244.86734160535818
2026-07-16,269,254.32296710535778
2026-07-16,270,267.6835899853585
2026-07-16,271,251.21423900107206
2026-07-16,272,249.81660944107173
2026-07-16,273,252.75413811107228
2026-07-16,274,252.11910363107194
2026-07-16,275,254.10268989107158
2026-07-16,276,267.2632738910724
2026-07-16,277,305.95650989107185
2026-07-16,278,275.03253258392937
2026-07-16,279,271.23663703392873
2026-07-16,280,297.54181226392905
2026-07-16,281,287.0201270339291
2026-07-16,282,298.7620560339286
2026-07-16,283,295.84968132392873
2026-07-16,284,302.1499673439292
2026-07-16,285,292.7851848339293
2026-07-16,286,296.65389557392905
2026-07-16,287,289.1056287839281
2026-07-16,288,296.92418053392925
2026-07-16,289,305.0632673139291
2026-07-16,290,314.980463973929
2026-07-16,291,294.74220137392865
2026-07-16,292,310.83573753392875
2026-07-16,293,318.13153503392857
2026-07-16,294,333.6383835339288
2026-07-16,295,319.8645215339296
2026-07-16,296,313.4044485339291
2026-07-16,297,327.7407820339292
2026-07-16,298,314.27288440392954
2026-07-16,299,315.88525557393024
2026-07-16,300,299.0026205339282
2026-07-16,301,294.2784621639293
2026-07-16,302,293.2279120939293
2026-07-16,303,302.863364533929
2026-07-16,304,291.836101033929
2026-07-16,305,285.85552407392913
2026-07-16,306,275.46486007392923
2026-07-16,307,279.40596003392864
2026-07-16,308,272.7456080339287
2026-07-16,309,281.26358474392913
2026-07-16,310,294.6009983539282
2026-07-16,311,274.6506794939286
2026-07-16,312,277.7523375339302
2026-07-16,313,292.3981458039284
2026-07-16,314,290.65788896392957
2026-07-16,315,281.26042531392807
2026-07-16,316,276.8878846239293
2026-07-16,317,281.41901068821494
2026-07-16,318,284.8192178482149
2026-07-16,319,274.5376657482154
2026-07-16,320,269.0136653782145
2026-07-16,321,254.8958626082146
2026-07-16,322,264.8886167482155
2026-07-16,323,268.9032912482144
2026-07-16,324,269.79129177821517
2026-07-16,325,265.5865795682148
2026-07-16,326,275.1035412482148
2026-07-16,327,258.0077978782144
2026-07-16,328,265.05264936821453
2026-07-16,329,258.986825748214
2026-07-16,330,277.8317210082141
2026-07-16,331,262.40212324821516
2026-07-16,332,275.4156084982149
2026-07-16,333,284.07348824821446
2026-07-16,334,269.28173433821496
2026-07-16,335,267.07743274821553
2026-07-16,336,246.21788100821522
2026-07-16,337,254.86609974821462
2026-07-16,338,269.79196224821476
2026-07-16,339,265.521395248215
2026-07-16,340,284.587131748214
2026-07-16,341,276.6927993782143
2026-07-16,342,273.8959317482146
2026-07-16,343,262.1197112482149
2026-07-16,344,281.6183343082148
2026-07-16,345,276.1771328782153
2026-07-16,346,266.02957424821506
2026-07-16,347,251.03217374821452
2026-07-16,348,242.2569252482143
2026-07-16,349,236.4570007682155
2026-07-16,350,251.17335674821464
2026-07-16,351,266.1717309282137
2026-07-16,352,246.83334978821506
2026-07-16,353,248.56441987821393
2026-07-16,354,249.73365974821525
2026-07-16,355,248.61953217821554
2026-07-16,356,241.99631009821422
2026-07-16,357,257.7947807082148
2026-07-16,358,252.42366021821485
2026-07-16,359,276.7286016582149
2026-07-16,360,275.88301874821485
2026-07-16,361,276.3489983982152
2026-07-16,362,261.3511377482157
2026-07-16,363,259.5607238282165
2026-07-16,364,245.30398524821553
2026-07-16,365,242.66897776821526
2026-07-16,366,249.94821468821505
2026-07-16,367,263.90957874821567
2026-07-16,368,280.0053792482153
2026-07-16,369,290.25978174821614
2026-07-16,370,287.14406029821504
2026-07-16,371,295.0316678782142
2026-07-16,372,310.47501615821557
2026-07-16,373,310.84541124821516
2026-07-16,374,306.3501987482147
2026-07-16,375,303.9505404982156
2026-07-16,376,297.6788170925004
2026-07-16,377,306.52239042250045
2026-07-16,378,294.23817496250126
2026-07-16,379,295.4741424624997
2026-07-16,380,310.22652160249976
2026-07-16,381,302.34489502107203
2026-07-16,382,302.49333787107224
2026-07-16,383,300.97335589107195
2026-07-16,384,317.44905331107213
2026-07-16,385,321.78528689107145
2026-07-16,386,321.78528689107145
2026-07-16,387,321.78528689107145
2026-07-16,388,321.78528689107145
2026-07-16,389,321.78528689107145
2026-07-16,390,321.78528689107145
2026-07-17,0,0.0
2026-07-17,1,0.0
2026-07-17,2,0.0
2026-07-17,3,0.0
2026-07-17,4,0.0
2026-07-17,5,0.0
2026-07-17,6,0.0
2026-07-17,7,0.0
2026-07-17,8,0.0
2026-07-17,9,0.0
2026-07-17,10,0.0
2026-07-17,11,0.0
2026-07-17,12,0.0
2026-07-17,13,0.0
2026-07-17,14,0.0
2026-07-17,15,0.0
2026-07-17,16,0.0
2026-07-17,17,0.0
2026-07-17,18,0.0
2026-07-17,19,0.0
2026-07-17,20,-0.8994634999997402
2026-07-17,21,4.520579500000508
2026-07-17,22,6.75112800000079
2026-07-17,23,-1.023652499999038
2026-07-17,24,-9.693045499999428
2026-07-17,25,-14.532107999999518
2026-07-17,26,-11.11146811999938
2026-07-17,27,-18.97077849999925
2026-07-17,28,-15.133122499999011
2026-07-17,29,-15.613871539998911
2026-07-17,30,-11.948070639998797
2026-07-17,31,-0.05171299999865653
2026-07-17,32,-1.87612459999837
2026-07-17,33,-12.222352649998605
2026-07-17,34,-21.23247299999848
2026-07-17,35,-17.25272885999908
2026-07-17,36,-22.295466219998744
2026-07-17,37,-14.694689785713393
2026-07-17,38,-12.824566785713209
2026-07-17,39,-36.20310103571343
2026-07-17,40,-39.33988278571356
2026-07-17,41,-31.299311785713492
2026-07-17,42,-31.86530028571286
2026-07-17,43,-20.099658785713313
2026-07-17,44,-12.23932278571321
2026-07-17,45,10.55788171428651
2026-07-17,46,10.375090258572186
2026-07-17,47,19.34667482857219
2026-07-17,48,19.746409000000483
2026-07-17,49,15.409820339999612
2026-07-17,50,9.910061999999925
2026-07-17,51,14.929933999999946
2026-07-17,52,25.390650000000107
2026-07-17,53,22.995585499999777
2026-07-17,54,11.139415000000213
2026-07-17,55,9.023210959999687
2026-07-17,56,25.380781540000115
2026-07-17,57,13.606111709999823
2026-07-17,58,23.12025549999997
2026-07-17,59,22.214600000000218
2026-07-17,60,38.156263999999936
2026-07-17,61,41.55628899999985
2026-07-17,62,52.922735500000286
2026-07-17,63,43.134109249999895
2026-07-17,64,40.86537483999953
2026-07-17,65,12.184637000000208
2026-07-17,66,5.017205399999753
2026-07-17,67,4.933731999999708
2026-07-17,68,6.4913377500003975
2026-07-17,69,1.2282664999999753
2026-07-17,70,-12.123643540000188
2026-07-17,71,-9.237081107141975
2026-07-17,72,-10.392746607142612
2026-07-17,73,-5.106878107142322
2026-07-17,74,-17.952482607142542
2026-07-17,75,-16.83844105714273
2026-07-17,76,-18.923154607142237
2026-07-17,77,-33.42351460714268
2026-07-17,78,-29.303092607142773
2026-07-17,79,-24.87010935714295
2026-07-17,80,-33.34836210714201
2026-07-17,81,-23.477675107142176
2026-07-17,82,-30.74351660714258
2026-07-17,83,-27.92843016714228
2026-07-17,84,-18.867444107142703
2026-07-17,85,-20.719419267143138
2026-07-17,86,-17.384060767142756
2026-07-17,87,-16.537031107142298
2026-07-17,88,-5.071868678570695
2026-07-17,89,-10.472128678571607
2026-07-17,90,-7.266813178571297
2026-07-17,91,-7.916018178570852
2026-07-17,92,-9.231189678571226
2026-07-17,93,-7.680419678571155
2026-07-17,94,-1.166038178570716
2026-07-17,95,1.5582943214295
2026-07-17,96,-4.79152567857011
2026-07-17,97,-6.567486178570434
2026-07-17,98,-17.147438178570027
2026-07-17,99,-15.327317178570794
2026-07-17,100,-22.511405678570867
2026-07-17,101,-21.537028178570367
2026-07-17,102,-30.36701917857063
2026-07-17,103,-34.07169367857014
2026-07-17,104,-41.38448291857023
2026-07-17,105,-36.33963967856943
2026-07-17,106,-30.92589117856977
2026-07-17,107,-33.685487178570426
2026-07-17,108,-36.59090867856992
2026-07-17,109,-39.02934467856976
2026-07-17,110,-38.543852178571015
2026-07-17,111,-44.08394117856966
2026-07-17,112,-47.76344017857102
2026-07-17,113,-34.472780278570056
2026-07-17,114,-23.881644878570484
2026-07-17,115,-27.829691678570043
2026-07-17,116,-30.484968178569886
2026-07-17,117,-26.11398809857056
2026-07-17,118,-20.170606678570195
2026-07-17,119,-24.822410878570324
2026-07-17,120,-23.96587117857007
2026-07-17,121,-20.85535617857073
2026-07-17,122,-20.870060678570383
2026-07-17,123,-23.769485678570604
2026-07-17,124,-18.5075688928559
2026-07-17,125,-29.65965064285578
2026-07-17,126,-40.43711289285565
2026-07-17,127,-49.8567168928553
2026-07-17,128,-49.31282539285553
2026-07-17,129,-52.0732613928557
2026-07-17,130,-56.05802089285591
2026-07-17,131,-39.54332239285608
2026-07-17,132,-49.178626712855745
2026-07-17,133,-41.21403717285614
2026-07-17,134,-36.79298239285704
2026-07-17,135,-51.6224903928552
2026-07-17,136,-55.682101322855914
2026-07-17,137,-62.621818392856355
2026-07-17,138,-59.55131439285631
2026-07-17,139,-62.28695683285609
2026-07-17,140,-62.4910983928562
2026-07-17,141,-59.70894764285552
2026-07-17,142,-60.4465318928558
2026-07-17,143,-63.482400392855624
2026-07-17,144,-69.2251881428567
2026-07-17,145,-103.3556543928553
2026-07-17,146,-126.63087580464115
2026-07-17,147,-112.86725230464094
2026-07-17,148,-160.9722813046414
2026-07-17,149,-151.87223277624872
2026-07-17,150,-195.53836564624837
2026-07-17,151,-178.7443251462489
2026-07-17,152,-176.16620301624874
2026-07-17,153,-176.74626646767723
2026-07-17,154,-192.2232986176774
2026-07-17,155,-181.5597630976767
2026-07-17,156,-179.03615546767648
2026-07-17,157,-191.20009896767695
2026-07-17,158,-197.5792209676772
2026-07-17,159,-212.37774096767657
2026-07-17,160,-230.56839516767724
2026-07-17,161,-201.18075421767716
2026-07-17,162,-215.85244683767718
2026-07-17,163,-222.93019896767663
2026-07-17,164,-219.00583146767747
2026-07-17,165,-227.97338896767673
2026-07-17,166,-223.99370696767735
2026-07-17,167,-216.5235140376767
2026-07-17,168,-215.81428496767677
2026-07-17,169,-225.24802146767664
2026-07-17,170,-214.9466497176757
2026-07-17,171,-200.31085346767543
2026-07-17,172,-195.93989064767672
2026-07-17,173,-190.29725496767705
2026-07-17,174,-178.04823996767695
2026-07-17,175,-189.07221746767686
2026-07-17,176,-195.7034742676767
2026-07-17,177,-205.70065441767622
2026-07-17,178,-207.57472696767604
2026-07-17,179,-201.37150732767688
2026-07-17,180,-183.0976749176759
2026-07-17,181,-176.03296146767656
2026-07-17,182,-189.84787983767657
2026-07-17,183,-201.42900157767633
2026-07-17,184,-208.2840159676759
2026-07-17,185,-214.87949637767642
2026-07-17,186,-213.14316998767657
2026-07-17,187,-201.8595784676764
2026-07-17,188,-224.66237796767592
2026-07-17,189,-217.00842348767566
2026-07-17,190,-199.71503296767656
2026-07-17,191,-208.83278111767652
2026-07-17,192,-211.65269909767648
2026-07-17,193,-225.628421337677
2026-07-17,194,-236.08763532767597
2026-07-17,195,-250.9961443276759
2026-07-17,196,-256.5069146889263
2026-07-17,197,-262.90429479892725
2026-07-17,198,-255.29167612892695
2026-07-17,199,-257.225562688927
2026-07-17,200,-248.84454085892622
2026-07-17,201,-270.3221396469619
2026-07-17,202,-266.0880831082122
2026-07-17,203,-265.60073184821294
2026-07-17,204,-267.08048385821235
2026-07-17,205,-268.50034185821164
2026-07-17,206,-270.5401378582122
2026-07-17,207,-271.5336384982129
2026-07-17,208,-271.12367949821237
2026-07-17,209,-265.52063985821246
2026-07-17,210,-335.7062661982131
2026-07-17,211,-368.46592319821264
2026-07-17,212,-357.36395935821145
2026-07-17,213,-350.4430154832116
2026-07-17,214,-343.66792107321123
2026-07-17,215,-416.59897960321064
2026-07-17,216,-599.3798742932105
2026-07-17,217,-670.8140215532094
2026-07-17,218,-699.8199039132107
2026-07-17,219,-745.5951449332101
2026-07-17,220,-800.6848239832103
2026-07-17,221,-637.0624862685673
2026-07-17,222,-588.2555390485663
2026-07-17,223,-503.1819763685668
2026-07-17,224,-354.74366336856696
2026-07-17,225,-465.19395280856645
2026-07-17,226,-700.3296980885668
2026-07-17,227,-746.2344089360658
2026-07-17,228,-789.2524240860657
2026-07-17,229,-695.5542533960663
2026-07-17,230,-546.2784438760675
2026-07-17,231,-469.20536896606757
2026-07-17,232,-623.2711520060665
2026-07-17,233,-550.0306385960663
2026-07-17,234,-484.8288100260668
2026-07-17,235,-540.0816217760671
2026-07-17,236,-781.3875121160675
2026-07-17,237,-825.6926862960644
2026-07-17,238,-765.210173576065
2026-07-17,239,-869.7432121960652
2026-07-17,240,-949.1612820160667
2026-07-17,241,-858.9256417560662
2026-07-17,242,-766.4451995860652
2026-07-17,243,-853.5320004360688
2026-07-17,244,-751.9638396060654
2026-07-17,245,-456.69216950606557
2026-07-17,246,-344.2901023460645
2026-07-17,247,-366.01634472606486
2026-07-17,248,-256.07889761606424
2026-07-17,249,-314.89698128606545
2026-07-17,250,-48.50593381606638
2026-07-17,251,-9.288757336066592
2026-07-17,252,46.69303473393482
2026-07-17,253,-26.70873738606715
2026-07-17,254,-34.48947538606534
2026-07-17,255,-142.07531791606655
2026-07-17,256,-55.62689103606574
2026-07-17,257,-176.03399764606615
2026-07-17,258,-237.68696246606635
2026-07-17,259,-260.3657160460642
2026-07-17,260,-66.30419381606634
2026-07-17,261,-59.311287616066544
2026-07-17,262,-26.254148646066827
2026-07-17,263,50.87987515107658
2026-07-17,264,63.647297881078394
2026-07-17,265,178.10365137107567
2026-07-17,266,322.9689834710784
2026-07-17,267,292.7331877010763
2026-07-17,268,368.1672836410754
2026-07-17,269,362.2119764110756
2026-07-17,270,604.5334912510754
2026-07-17,271,518.082661931076
2026-07-17,272,422.44499413107565
2026-07-17,273,214.71776088107623
2026-07-17,274,365.95756462107744
2026-07-17,275,512.4002095510742
2026-07-17,276,731.7729017110769
2026-07-17,277,677.4488238410772
2026-07-17,278,733.1812437467903
2026-07-17,279,825.4356891167917
2026-07-17,280,910.9510198725034
2026-07-17,281,949.6022701625045
2026-07-17,282,928.8227236667908
2026-07-17,283,877.34799075679
2026-07-17,284,968.5926060467905
2026-07-17,285,1006.2019438867903
2026-07-17,286,1082.574369426789
2026-07-17,287,1194.2065041267917
2026-07-17,288,1200.4981759067905
2026-07-17,289,1167.1009237367919
2026-07-17,290,1357.9531608767893
2026-07-17,291,1372.1927456867913
2026-07-17,292,1287.297813576789
2026-07-17,293,1117.4046528967897
2026-07-17,294,1222.4329426467887
2026-07-17,295,1342.2617793567913
2026-07-17,296,1274.1630578625047
2026-07-17,297,1315.2713369825058
2026-07-17,298,1207.883776622504
2026-07-17,299,1107.5130844825048
2026-07-17,300,868.4724068425044
2026-07-17,301,952.4890187435755
2026-07-17,302,1142.7009420135764
2026-07-17,303,1316.6147955935762
2026-07-17,304,1264.1040641335767
2026-07-17,305,1316.6468098935763
2026-07-17,306,1259.6927339235772
2026-07-17,307,1408.767650913577
2026-07-17,308,1361.287434093576
2026-07-17,309,1422.9603905850047
2026-07-17,310,1554.4733028835753
2026-07-17,311,1587.2096942535766
2026-07-17,312,1628.895908443576
2026-07-17,313,1667.002346195005
2026-07-17,314,1620.2209894450043
2026-07-17,315,1568.9834441950047
2026-07-17,316,1491.5392608950042
2026-07-17,317,1416.3094247650051
2026-07-17,318,1411.8865085550037
2026-07-17,319,1470.0672509750043
2026-07-17,320,1497.3816671250033
2026-07-17,321,1459.728363195004
2026-07-17,322,1503.8847354550048
2026-07-17,323,1429.917215465004
2026-07-17,324,1347.8238798850036
2026-07-17,325,1354.0942058250027
2026-07-17,326,1464.1966390750038
2026-07-17,327,1356.9034506950031
2026-07-17,328,1348.907740113574
2026-07-17,329,1454.496109913577
2026-07-17,330,1501.4816699335754
2026-07-17,331,1499.6074025735763
2026-07-17,332,1529.5061612435761
2026-07-17,333,1528.557459343577
2026-07-17,334,1469.6586869978603
2026-07-17,335,1492.0914400478614
2026-07-17,336,1627.5013056678613
2026-07-17,337,1668.1581431678605
2026-07-17,338,1701.8072614578612
2026-07-17,339,1687.3344749235744
2026-07-17,340,1668.6256979635739
2026-07-17,341,1725.075758673575
2026-07-17,342,1784.7140069335749
2026-07-17,343,1843.333959273576
2026-07-17,344,1878.2003398835745
2026-07-17,345,1860.4932434135746
2026-07-17,346,1898.8691389521475
2026-07-17,347,1856.3361006064324
2026-07-17,348,1789.673152806433
2026-07-17,349,1742.0734362864318
2026-07-17,350,1778.2963491264325
2026-07-17,351,1847.0076415564329
2026-07-17,352,1917.9930903664324
2026-07-17,353,1899.0501719135762
2026-07-17,354,1940.2280313235744
2026-07-17,355,2000.0162542492906
2026-07-17,356,1941.717689743574
2026-07-17,357,1852.4724250235734
2026-07-17,358,1750.945553273574
2026-07-17,359,1785.0042837635738
2026-07-17,360,1684.498253833574
2026-07-17,361,1637.9767061035752
2026-07-17,362,1707.5000248435738
2026-07-17,363,1675.1310755835757
2026-07-17,364,1720.4181774235747
2026-07-17,365,1757.652638743574
2026-07-17,366,1731.6440321635737
2026-07-17,367,1690.7504563235732
2026-07-17,368,1757.6038828435753
2026-07-17,369,1850.6723099435749
2026-07-17,370,1875.3370421435754
2026-07-17,371,1760.1020787435752
2026-07-17,372,1759.641058643576
2026-07-17,373,1796.8975799635743
2026-07-17,374,1799.8759739535733
2026-07-17,375,1763.4169768735753
2026-07-17,376,1796.7432225535747
2026-07-17,377,1774.821092743575
2026-07-17,378,1759.9753172635765
2026-07-17,379,1726.3745264435745
2026-07-17,380,1730.7769426435739
2026-07-17,381,1653.3603753035734
2026-07-17,382,1751.6705407435738
2026-07-17,383,1772.4477993435733
2026-07-17,384,1723.4468147835737
2026-07-17,385,1733.532452243573
2026-07-17,386,1733.532452243573
2026-07-17,387,1733.532452243573
2026-07-17,388,1733.532452243573
2026-07-17,389,1733.532452243573
2026-07-17,390,1733.532452243573
2026-07-20,0,0.0
2026-07-20,1,0.0
2026-07-20,2,0.0
2026-07-20,3,0.0
2026-07-20,4,0.0
2026-07-20,5,0.0
2026-07-20,6,0.0
2026-07-20,7,0.0
2026-07-20,8,0.0
2026-07-20,9,0.0
2026-07-20,10,0.0
2026-07-20,11,0.0
2026-07-20,12,0.0
2026-07-20,13,0.0
2026-07-20,14,0.0
2026-07-20,15,0.0
2026-07-20,16,0.0
2026-07-20,17,0.0
2026-07-20,18,0.0
2026-07-20,19,0.0
2026-07-20,20,21.700314460000158
2026-07-20,21,33.84971096000067
2026-07-20,22,31.009834800000746
2026-07-20,23,37.184636480001004
2026-07-20,24,3.757117510000228
2026-07-20,25,27.36793572999926
2026-07-20,26,42.12831550999952
2026-07-20,27,102.34217232000006
2026-07-20,28,108.28233021000032
2026-07-20,29,81.65704770999994
2026-07-20,30,86.26708071000058
2026-07-20,31,104.11503325999973
2026-07-20,32,87.14988242285727
2026-07-20,33,78.284486008572
2026-07-20,34,101.34023147857103
2026-07-20,35,133.1117298385715
2026-07-20,36,154.02347244857185
2026-07-20,37,128.65196654857098
2026-07-20,38,161.53033706857155
2026-07-20,39,147.27091113857142
2026-07-20,40,218.75735513857097
2026-07-20,41,212.67724074428554
2026-07-20,42,239.95825852428567
2026-07-20,43,243.11950079571437
2026-07-20,44,231.55505345571393
2026-07-20,45,217.2431624957144
2026-07-20,46,213.21769190571422
2026-07-20,47,201.68744599571366
2026-07-20,48,212.03339849571418
2026-07-20,49,186.1812764957143
2026-07-20,50,201.7429844557135
2026-07-20,51,211.4305750557143
2026-07-20,52,200.39073406714232
2026-07-20,53,176.62981206714227
2026-07-20,54,178.11426156714234
2026-07-20,55,163.64420656714242
2026-07-20,56,149.89153768714294
2026-07-20,57,164.79756902714217
2026-07-20,58,162.17318856714243
2026-07-20,59,158.75791606714262
2026-07-20,60,153.01240256714283
2026-07-20,61,149.05787306714163
2026-07-20,62,155.38803397714264
2026-07-20,63,149.78376556714232
2026-07-20,64,144.40370956714284
2026-07-20,65,149.00846306714266
2026-07-20,66,164.96007006714296
2026-07-20,67,171.65585656714316
2026-07-20,68,167.52544356714318
2026-07-20,69,159.5327663171424
2026-07-20,70,145.32412259714272
2026-07-20,71,155.44928006714258
2026-07-20,72,158.21022906714214
2026-07-20,73,159.69046409714258
2026-07-20,74,164.46501156714217
2026-07-20,75,146.85440456714286
2026-07-20,76,135.38325756714278
2026-07-20,77,156.56900006714258
2026-07-20,78,165.23991006714272
2026-07-20,79,155.27799681714308
2026-07-20,80,161.81866483714282
2026-07-20,81,163.22055306714253
2026-07-20,82,157.79950697714187
2026-07-20,83,159.82099706714283
2026-07-20,84,150.5338054171419
2026-07-20,85,157.89603756714263
2026-07-20,86,165.44162906714206
2026-07-20,87,169.36292918714236
2026-07-20,88,177.29721156714214
2026-07-20,89,169.12644156714254
2026-07-20,90,167.8489593171423
2026-07-20,91,160.39118606714254
2026-07-20,92,151.2228273271427
2026-07-20,93,149.61862506714232
2026-07-20,94,155.19112628714257
2026-07-20,95,120.03589394714332
2026-07-20,96,152.49866609714334
2026-07-20,97,166.10741606714242
2026-07-20,98,197.98745156714224
2026-07-20,99,205.15525756714325
2026-07-20,100,166.66610652714226
2026-07-20,101,145.67289806714282
2026-07-20,102,150.13853695714295
2026-07-20,103,180.56345533714216
2026-07-20,104,168.5173905671419
2026-07-20,105,179.79705715714272
2026-07-20,106,205.84404481714307
2026-07-20,107,205.41872119714296
2026-07-20,108,194.33784671000032
2026-07-20,109,172.79327346000008
2026-07-20,110,175.88526913999917
2026-07-20,111,181.7825011499997
2026-07-20,112,193.47938527999958
2026-07-20,113,209.3675183600002
2026-07-20,114,208.0295552099994
2026-07-20,115,210.52993520999885
2026-07-20,116,209.64008220999847
2026-07-20,117,212.88877536999928
2026-07-20,118,180.00163795999933
2026-07-20,119,211.91898820999978
2026-07-20,120,224.99781220999972
2026-07-20,121,237.5156012699993
2026-07-20,122,224.68295071999884
2026-07-20,123,227.28038696999852
2026-07-20,124,219.17851320999972
2026-07-20,125,214.17678288999923
2026-07-20,126,208.94975220999933
2026-07-20,127,186.73389850999953
2026-07-20,128,171.36193423999885
2026-07-20,129,162.7889006200002
2026-07-20,130,154.71814770999936
2026-07-20,131,163.906385749999
2026-07-20,132,176.3140647799989
2026-07-20,133,156.77559220999925
2026-07-20,134,164.39089710999883
2026-07-20,135,150.67643389999975
2026-07-20,136,154.52569971000048
2026-07-20,137,139.43435343999954
2026-07-20,138,137.0436822999987
2026-07-20,139,145.87063145999912
2026-07-20,140,140.72598996000008
2026-07-20,141,177.4500202099985
2026-07-20,142,159.83638470999975
2026-07-20,143,183.07488655000046
2026-07-20,144,183.398706159999
2026-07-20,145,190.7167152099991
2026-07-20,146,200.02513120999916
2026-07-20,147,191.29790520999995
2026-07-20,148,199.39924201999963
2026-07-20,149,192.5672279399992
2026-07-20,150,218.72682519999887
2026-07-20,151,206.76387970000056
2026-07-20,152,202.14040808999928
2026-07-20,153,230.3993237399995
2026-07-20,154,220.06099380999947
2026-07-20,155,247.29849571000005
2026-07-20,156,247.42544445999945
2026-07-20,157,261.1397562200005
2026-07-20,158,263.13041423000016
2026-07-20,159,264.0824856099996
2026-07-20,160,263.5077243700012
2026-07-20,161,266.8117049499999
2026-07-20,162,275.50562845999957
2026-07-20,163,257.05619865999915
2026-07-20,164,253.64621770999995
2026-07-20,165,236.0560749600004
2026-07-20,166,241.33157435000084
2026-07-20,167,255.27407420000034
2026-07-20,168,257.9565846399998
2026-07-20,169,269.36969720999974
2026-07-20,170,268.42043939000075
2026-07-20,171,252.11824696000056
2026-07-20,172,251.28256639000003
2026-07-20,173,255.61451116999962
2026-07-20,174,240.68066621000014
2026-07-20,175,220.74524612000022
2026-07-20,176,225.3182487100002
2026-07-20,177,232.11582403999984
2026-07-20,178,223.570153089999
2026-07-20,179,224.9854169500005
2026-07-20,180,220.36177041999906
2026-07-20,181,210.40942874999945
2026-07-20,182,197.25373150999997
2026-07-20,183,189.25936021
2026-07-20,184,182.5497930999992
2026-07-20,185,192.5675762099995
2026-07-20,186,205.55213470999922
2026-07-20,187,227.33093819999965
2026-07-20,188,199.81348271000033
2026-07-20,189,208.56613128000004
2026-07-20,190,188.3241096399999
2026-07-20,191,135.01945347320014
2026-07-20,192,146.9310700730357
2026-07-20,193,143.07646884303557
2026-07-20,194,138.78923794303662
2026-07-20,195,136.2433483430366
2026-07-20,196,142.74587685303604
2026-07-20,197,157.04335084303605
2026-07-20,198,162.04714041446445
2026-07-20,199,172.8613878244644
2026-07-20,200,148.41298291446444
2026-07-20,201,142.75795531446406
2026-07-20,202,145.04314995446455
2026-07-20,203,148.38778241446389
2026-07-20,204,120.41691596446414
2026-07-20,205,114.79575591446407
2026-07-20,206,93.14806291446477
2026-07-20,207,104.21077541446435
2026-07-20,208,106.86624891446415
2026-07-20,209,111.54426601446382
2026-07-20,210,126.81925547446366
2026-07-20,211,97.97970722446526
2026-07-20,212,112.680700414464
2026-07-20,213,115.75022341446423
2026-07-20,214,114.592301244464
2026-07-20,215,93.29207656446417
2026-07-20,216,104.66430906446418
2026-07-20,217,92.94195941446384
2026-07-20,218,94.37354426446514
2026-07-20,219,110.95975841446317
2026-07-20,220,90.9875420144631
2026-07-20,221,92.95010566446432
2026-07-20,222,94.64493081446373
2026-07-20,223,82.95068688446348
2026-07-20,224,69.98147868446354
2026-07-20,225,51.9370257544644
2026-07-20,226,66.3385044144639
2026-07-20,227,80.34297161446342
2026-07-20,228,82.04809193446334
2026-07-20,229,80.19153541446485
2026-07-20,230,76.56608127446387
2026-07-20,231,99.32229348446451
2026-07-20,232,90.61094695446458
2026-07-20,233,91.30735595446473
2026-07-20,234,84.74568074446434
2026-07-20,235,87.62671969446455
2026-07-20,236,91.53395112446375
2026-07-20,237,77.8281052844638
2026-07-20,238,76.91968608446447
2026-07-20,239,69.33285867446332
2026-07-20,240,66.49490750446398
2026-07-20,241,80.87293672446438
2026-07-20,242,92.41211271446454
2026-07-20,243,88.78444802446549
2026-07-20,244,93.7558431144638
2026-07-20,245,80.48509759446395
2026-07-20,246,80.51006771446512
2026-07-20,247,88.09452394446433
2026-07-20,248,96.87131915446446
2026-07-20,249,86.75388087446507
2026-07-20,250,86.80197789446439
2026-07-20,251,88.86001511446585
2026-07-20,252,88.17732536446496
2026-07-20,253,87.23909029446425
2026-07-20,254,68.69689878446485
2026-07-20,255,75.04912759446489
2026-07-20,256,85.78238580446475
2026-07-20,257,79.0207193144661
2026-07-20,258,90.71779576446491
2026-07-20,259,72.04142250446522
2026-07-20,260,65.83566861446496
2026-07-20,261,65.14125046446473
2026-07-20,262,74.97727283446487
2026-07-20,263,59.58115513446415
2026-07-20,264,47.34839358446355
2026-07-20,265,35.438855634464915
2026-07-20,266,43.22269716446431
2026-07-20,267,46.04581211446443
2026-07-20,268,51.1633747844647
2026-07-20,269,41.427683144463956
2026-07-20,270,29.01975820446438
2026-07-20,271,49.14871408446568
2026-07-20,272,65.37371741446428
2026-07-20,273,86.03133249446489
2026-07-20,274,88.2254641144651
2026-07-20,275,73.22979009446502
2026-07-20,276,75.6423645644661
2026-07-20,277,70.43619426446477
2026-07-20,278,50.6278614844655
2026-07-20,279,26.53612048446493
2026-07-20,280,17.72286302446517
2026-07-20,281,30.18403612446442
2026-07-20,282,3.4430507844658678
2026-07-20,283,-11.384846525534698
2026-07-20,284,7.476271584465863
2026-07-20,285,7.525123614464334
2026-07-20,286,28.602952404464773
2026-07-20,287,14.887940574464768
2026-07-20,288,46.99835575446498
2026-07-20,289,45.4782825744648
2026-07-20,290,47.99955364446609
2026-07-20,291,33.339763114466336
2026-07-20,292,56.349321104465695
2026-07-20,293,38.49228952446415
2026-07-20,294,55.782883684464586
2026-07-20,295,20.65494109446454
2026-07-20,296,20.618498644464673
2026-07-20,297,35.220724784465226
2026-07-20,298,34.586058114465445
2026-07-20,299,35.25562958446707
2026-07-20,300,67.1229836744654
2026-07-20,301,62.801879624464284
2026-07-20,302,64.87541573446488
2026-07-20,303,62.75918689446509
2026-07-20,304,66.10388908446461
2026-07-20,305,54.23207365446538
2026-07-20,306,30.267150384464884
2026-07-20,307,23.152531914466273
2026-07-20,308,39.59815811446538
2026-07-20,309,54.30496097446599
2026-07-20,310,67.87147270446455
2026-07-20,311,70.01449537446501
2026-07-20,312,93.42696211446474
2026-07-20,313,111.22724708446526
2026-07-20,314,120.65229562446565
2026-07-20,315,128.8100169101789
2026-07-20,316,115.3275105601796
2026-07-20,317,112.19129917018111
2026-07-20,318,111.177092350179
2026-07-20,319,114.01779190018007
2026-07-20,320,126.01463442017851
2026-07-20,321,129.80772373017933
2026-07-20,322,130.04954390018023
2026-07-20,323,129.49452912017915
2026-07-20,324,172.84470760017953
2026-07-20,325,187.07265420017768
2026-07-20,326,176.50986661017936
2026-07-20,327,177.80138146017913
2026-07-20,328,159.64063242017974
2026-07-20,329,155.26431368017953
2026-07-20,330,131.99437896017955
2026-07-20,331,148.06419995017836
2026-07-20,332,165.47148098017908
2026-07-20,333,169.65038240018066
2026-07-20,334,151.00609847160771
2026-07-20,335,152.94098736464272
2026-07-20,336,166.18059102464343
2026-07-20,337,174.99006230464227
2026-07-20,338,178.26935042464294
2026-07-20,339,181.52381392464287
2026-07-20,340,187.69326742464375
2026-07-20,341,155.8676564946427
2026-07-20,342,162.72976960464226
2026-07-20,343,138.96294585464182
2026-07-20,344,144.87672026464307
2026-07-20,345,136.97129692464333
2026-07-20,346,151.012874074642
2026-07-20,347,129.58128392464192
2026-07-20,348,140.09509142464347
2026-07-20,349,142.45235686464312
2026-07-20,350,99.59067992464264
2026-07-20,351,119.37325657464223
2026-07-20,352,110.02986702464328
2026-07-20,353,131.36316152464377
2026-07-20,354,122.33983651464308
2026-07-20,355,119.25401172464262
2026-07-20,356,136.17810040464292
2026-07-20,357,145.64734748464332
2026-07-20,358,134.44540222464306
2026-07-20,359,174.1115859846428
2026-07-20,360,142.1937223146425
2026-07-20,361,185.48179787464193
2026-07-20,362,177.7123742146424
2026-07-20,363,161.81102182464178
2026-07-20,364,162.13913687464236
2026-07-20,365,128.04846357464152
2026-07-20,366,142.1923305146434
2026-07-20,367,153.6332582246423
2026-07-20,368,153.99925042464253
2026-07-20,369,160.31376893464233
2026-07-20,370,161.24256271464213
2026-07-20,371,180.4728668046426
2026-07-20,372,176.99431232464207
2026-07-20,373,177.2104708146427
2026-07-20,374,157.9489048346429
2026-07-20,375,137.3926127046413
2026-07-20,376,164.55090221464212
2026-07-20,377,148.9521379246431
2026-07-20,378,155.366468444643
2026-07-20,379,178.8097289746417
2026-07-20,380,165.27481029464226
2026-07-20,381,127.22658025464347
2026-07-20,382,155.2827073946424
2026-07-20,383,141.699920014642
2026-07-20,384,131.66175788464213
2026-07-20,385,128.3261342433918
2026-07-20,386,128.3261342433918
2026-07-20,387,128.3261342433918
2026-07-20,388,128.3261342433918
2026-07-20,389,128.3261342433918
2026-07-20,390,128.3261342433918
2026-07-21,0,0.0
2026-07-21,1,0.0
2026-07-21,2,0.0
2026-07-21,3,0.0
2026-07-21,4,0.0
2026-07-21,5,0.0
2026-07-21,6,0.0
2026-07-21,7,0.0
2026-07-21,8,0.0
2026-07-21,9,0.0
2026-07-21,10,0.0
2026-07-21,11,0.0
2026-07-21,12,0.0
2026-07-21,13,0.0
2026-07-21,14,0.0
2026-07-21,15,0.0
2026-07-21,16,0.0
2026-07-21,17,0.0
2026-07-21,18,0.0
2026-07-21,19,0.0
2026-07-21,20,-85.45127787999789
2026-07-21,21,-62.105972499996646
2026-07-21,22,-164.9230062799963
2026-07-21,23,-78.05594467999754
2026-07-21,24,-10.215820999998897
2026-07-21,25,-54.08995204999762
2026-07-21,26,190.78458933285955
2026-07-21,27,167.5945385828601
2026-07-21,28,81.3597271028595
2026-07-21,29,-30.112273697140076
2026-07-21,30,-159.59850985714138
2026-07-21,31,-52.25944416713908
2026-07-21,32,84.13073301285921
2026-07-21,33,203.67731976285964
2026-07-21,34,201.8594536628599
2026-07-21,35,302.8394237528596
2026-07-21,36,6.565686304287432
2026-07-21,37,228.97899419428845
2026-07-21,38,367.6027780642888
2026-07-21,39,502.23696903428856
2026-07-21,40,547.3463979342905
2026-07-21,41,328.63862155286085
2026-07-21,42,273.00995114286087
2026-07-21,43,20.707162372859685
2026-07-21,44,2.4935849328617365
2026-07-21,45,331.32223473000454
2026-07-21,46,346.68864809000377
2026-07-21,47,214.5422758400052
2026-07-21,48,-130.74669743999635
2026-07-21,49,-124.54305275678155
2026-07-21,50,40.648907683217125
2026-07-21,51,191.8285614932185
2026-07-21,52,37.25540857036029
2026-07-21,53,67.38947605036053
2026-07-21,54,-7.711845939638668
2026-07-21,55,-177.47869584964036
2026-07-21,56,-269.8562678596392
2026-07-21,57,-451.1657152596385
2026-07-21,58,-465.76714653963893
2026-07-21,59,-486.33260583963863
2026-07-21,60,-594.3542085278535
2026-07-21,61,-705.6831558778522
2026-07-21,62,-697.9032833987455
2026-07-21,63,-760.8246227887452
2026-07-21,64,-783.7450324187447
2026-07-21,65,-970.452690398744
2026-07-21,66,-869.616364305888
2026-07-21,67,-778.2193332758874
2026-07-21,68,-742.0718147058883
2026-07-21,69,-741.6991362458875
2026-07-21,70,-757.6508479358871
2026-07-21,71,-694.2393501858892
2026-07-21,72,-780.3877143058869
2026-07-21,73,-968.8565827358887
2026-07-21,74,-1016.734831683744
2026-07-21,75,-1083.5087558537455
2026-07-21,76,-1023.5418102705305
2026-07-21,77,-888.6213882205286
2026-07-21,78,-1053.5167489405296
2026-07-21,79,-955.2055229905302
2026-07-21,80,-992.5646090705305
2026-07-21,81,-947.8729399105322
2026-07-21,82,-910.9199527605308
2026-07-21,83,-1062.70373836178
2026-07-21,84,-1163.4897663517809
2026-07-21,85,-1172.439099554639
2026-07-21,86,-1098.5569813046377
2026-07-21,87,-1206.144686441244
2026-07-21,88,-1246.4337957412451
2026-07-21,89,-1281.3359118012454
2026-07-21,90,-1291.8813034512436
2026-07-21,91,-1309.3959549712465
2026-07-21,92,-1288.3487943683858
2026-07-21,93,-1319.9730671383863
2026-07-21,94,-1302.0476167583863
2026-07-21,95,-1412.168438188387
2026-07-21,96,-1509.3306755044594
2026-07-21,97,-1610.936721704459
2026-07-21,98,-1667.0477153844588
2026-07-21,99,-1637.1479280407098
2026-07-21,100,-1660.7559365307093
2026-07-21,101,-1623.5306288821378
2026-07-21,102,-1739.6798414221375
2026-07-21,103,-1757.2176943757083
2026-07-21,104,-1801.9996565771366
2026-07-21,105,-1769.2382723771366
2026-07-21,106,-1796.365417037137
2026-07-21,107,-1833.5388108271363
2026-07-21,108,-1749.2981715471365
2026-07-21,109,-1683.2714194071368
2026-07-21,110,-1602.3868106971363
2026-07-21,111,-1682.7349811185652
2026-07-21,112,-1723.320926495172
2026-07-21,113,-1732.5070500651705
2026-07-21,114,-1795.3777865451716
2026-07-21,115,-1828.4010874855285
2026-07-21,116,-1874.2941142055288
2026-07-21,117,-1870.7477216666007
2026-07-21,118,-1855.0707580765993
2026-07-21,119,-1781.5006896066009
2026-07-21,120,-1730.445540156601
2026-07-21,121,-1668.3678939265997
2026-07-21,122,-1662.139941246601
2026-07-21,123,-1649.6951839866001
2026-07-21,124,-1721.5577636765995
2026-07-21,125,-1713.3013238265999
2026-07-21,126,-1730.0509487866002
2026-07-21,127,-1671.5035353766002
2026-07-21,128,-1597.5415961866
2026-07-21,129,-1600.3985981165997
2026-07-21,130,-1549.3707276565983
2026-07-21,131,-1584.1668076866001
2026-07-21,132,-1597.4695849266
2026-07-21,133,-1554.9765830166004
2026-07-21,134,-1494.3511152366
2026-07-21,135,-1559.7344601166005
2026-07-21,136,-1566.0900846166003
2026-07-21,137,-1613.6215724865995
2026-07-21,138,-1615.9753316566007
2026-07-21,139,-1678.7147869766002
2026-07-21,140,-1689.1544021766017
2026-07-21,141,-1678.6202028751723
2026-07-21,142,-1635.9745097651721
2026-07-21,143,-1686.5887270451713
2026-07-21,144,-1627.8414456651726
2026-07-21,145,-1568.2258708551717
2026-07-21,146,-1577.014317135171
2026-07-21,147,-1593.4965092351722
2026-07-21,148,-1592.9553395951702
2026-07-21,149,-1536.7283241151727
2026-07-21,150,-1616.2865780251718
2026-07-21,151,-1648.4700770451714
2026-07-21,152,-1661.8959525751711
2026-07-21,153,-1731.5963529151713
2026-07-21,154,-1798.9851564651717
2026-07-21,155,-1821.7802930071352
2026-07-21,156,-1824.3876392599923
2026-07-21,157,-1820.202930639637
2026-07-21,158,-1833.649206959636
2026-07-21,159,-1831.6548565596354
2026-07-21,160,-1852.4845353896353
2026-07-21,161,-1853.756671889635
2026-07-21,162,-1819.556424909635
2026-07-21,163,-1800.2775111196356
2026-07-21,164,-1784.4777373396346
2026-07-21,165,-1858.0965953110635
2026-07-21,166,-1893.928220505351
2026-07-21,167,-1935.243431448207
2026-07-21,168,-1879.1204266982072
2026-07-21,169,-1877.5777723482083
2026-07-21,170,-1890.0637057282074
2026-07-21,171,-1924.279282588207
2026-07-21,172,-1962.359640568206
2026-07-21,173,-1944.2141153437424
2026-07-21,174,-1939.398797801599
2026-07-21,175,-1925.9904965816017
2026-07-21,176,-1902.3700062815997
2026-07-21,177,-1891.2891430516006
2026-07-21,178,-1901.0387325816
2026-07-21,179,-1895.046821301601
2026-07-21,180,-1888.0049931715994
2026-07-21,181,-1880.5198898415997
2026-07-21,182,-1871.1409030815998
2026-07-21,183,-1856.4211452516006
2026-07-21,184,-1888.3199029716002
2026-07-21,185,-1915.1390386315998
2026-07-21,186,-1927.3228989716
2026-07-21,187,-1938.2966948315998
2026-07-21,188,-1944.115411951599
2026-07-21,189,-1943.8963790816006
2026-07-21,190,-1945.6232237915992
2026-07-21,191,-1915.0193426316018
2026-07-21,192,-1893.4705635816013
2026-07-21,193,-1913.191391661599
2026-07-21,194,-1907.2862498115992
2026-07-21,195,-1907.4058542716007
2026-07-21,196,-1906.0497505816002
2026-07-21,197,-1931.2448520816001
2026-07-21,198,-1933.1986533516001
2026-07-21,199,-1955.8744498415995
2026-07-21,200,-1990.2702558930287
2026-07-21,201,-1997.7892166830275
2026-07-21,202,-2001.9475053530277
2026-07-21,203,-1980.2931919130292
2026-07-21,204,-1991.518768353028
2026-07-21,205,-1977.4305717930279
2026-07-21,206,-1964.3846934730282
2026-07-21,207,-1955.798771883029
2026-07-21,208,-1955.6502101130282
2026-07-21,209,-1970.392548303029
2026-07-21,210,-2005.2582276630287
2026-07-21,211,-2011.2116158330282
2026-07-21,212,-1996.5273185130272
2026-07-21,213,-2009.0305705830274
2026-07-21,214,-2030.5937452992785
2026-07-21,215,-2046.3270760792793
2026-07-21,216,-2049.9876609392786
2026-07-21,217,-2022.5572800892787
2026-07-21,218,-2012.140601679278
2026-07-21,219,-2007.8523886192793
2026-07-21,220,-1990.451975579279
2026-07-21,221,-1970.4898915792783
2026-07-21,222,-1978.460009579279
2026-07-21,223,-1964.8641659492778
2026-07-21,224,-1947.5238619892789
2026-07-21,225,-1962.7504404892788
2026-07-21,226,-1957.1412295792793
2026-07-21,227,-1954.5193853592787
2026-07-21,228,-1944.1920995792789
2026-07-21,229,-1934.9900395792802
2026-07-21,230,-1927.4927123292791
2026-07-21,231,-1931.6697278892789
2026-07-21,232,-1921.0706992492787
2026-07-21,233,-1906.3082105692797
2026-07-21,234,-1898.4791925792792
2026-07-21,235,-1892.8820328192796
2026-07-21,236,-1884.2638181492784
2026-07-21,237,-1886.298675669278
2026-07-21,238,-1881.4986655792786
2026-07-21,239,-1885.0769782592797
2026-07-21,240,-1908.278240079279
2026-07-21,241,-1905.060583229279
2026-07-21,242,-1897.4265973292772
2026-07-21,243,-1886.4465800292778
2026-07-21,244,-1867.980243579279
2026-07-21,245,-1885.3367358492792
2026-07-21,246,-1894.6572369892788
2026-07-21,247,-1876.5441700492793
2026-07-21,248,-1874.2657309492783
2026-07-21,249,-1867.8779210792795
2026-07-21,250,-1851.792679639279
2026-07-21,251,-1842.0463770792785
2026-07-21,252,-1839.8020435792791
2026-07-21,253,-1842.6524535792792
2026-07-21,254,-1853.0827485792788
2026-07-21,255,-1841.9672630792784
2026-07-21,256,-1839.7929657092786
2026-07-21,257,-1850.2246645207083
2026-07-21,258,-1856.5215191507077
2026-07-21,259,-1854.4806584507087
2026-07-21,260,-1851.1794488407072
2026-07-21,261,-1846.4250894507077
2026-07-21,262,-1825.6758396507075
2026-07-21,263,-1826.0717462507068
2026-07-21,264,-1801.6983502607068
2026-07-21,265,-1813.187120400707
2026-07-21,266,-1804.3787401307077
2026-07-21,267,-1790.1681381507074
2026-07-21,268,-1774.2761381407076
2026-07-21,269,-1789.352156650708
2026-07-21,270,-1808.1347046707078
2026-07-21,271,-1788.2276941507075
2026-07-21,272,-1798.2197474007075
2026-07-21,273,-1802.6859830107073
2026-07-21,274,-1806.0583440707069
2026-07-21,275,-1824.6009400407079
2026-07-21,276,-1833.0333984307085
2026-07-21,277,-1807.0104073307066
2026-07-21,278,-1804.5137216507073
2026-07-21,279,-1807.9050778507071
2026-07-21,280,-1820.8107914907077
2026-07-21,281,-1822.1710544507077
2026-07-21,282,-1820.7407071907073
2026-07-21,283,-1809.2451245407074
2026-07-21,284,-1793.2702586507085
2026-07-21,285,-1793.5457013649939
2026-07-21,286,-1777.6753158749934
2026-07-21,287,-1787.5508548649937
2026-07-21,288,-1781.439873864993
2026-07-21,289,-1791.3840453249945
2026-07-21,290,-1779.1442603649944
2026-07-21,291,-1774.3396388649935
2026-07-21,292,-1779.8346153649932
2026-07-21,293,-1781.445420364993
2026-07-21,294,-1792.1059623649935
2026-07-21,295,-1778.6500817449933
2026-07-21,296,-1767.3521664049927
2026-07-21,297,-1741.2236688649937
2026-07-21,298,-1749.3242768649925
2026-07-21,299,-1748.7678522749939
2026-07-21,300,-1748.211430644993
2026-07-21,301,-1729.796145334994
2026-07-21,302,-1730.4310998949936
2026-07-21,303,-1731.7106837149936
2026-07-21,304,-1753.7349749649943
2026-07-21,305,-1782.0226343649938
2026-07-21,306,-1784.1227933649943
2026-07-21,307,-1793.087775864993
2026-07-21,308,-1807.123785114994
2026-07-21,309,-1805.8752018649925
2026-07-21,310,-1792.7498592349934
2026-07-21,311,-1805.1715363649937
2026-07-21,312,-1819.2279498649941
2026-07-21,313,-1806.107301864994
2026-07-21,314,-1795.5487025449934
2026-07-21,315,-1803.256027514993
2026-07-21,316,-1800.8890438649942
2026-07-21,317,-1798.4298481349924
2026-07-21,318,-1773.9788823649942
2026-07-21,319,-1776.119713364994
2026-07-21,320,-1768.9685811049944
2026-07-21,321,-1767.9018828549924
2026-07-21,322,-1773.9809233649944
2026-07-21,323,-1750.1256240049943
2026-07-21,324,-1737.3410466649939
2026-07-21,325,-1746.075172944994
2026-07-21,326,-1735.3336868649944
2026-07-21,327,-1734.0882253049945
2026-07-21,328,-1745.6037197349938
2026-07-21,329,-1751.9418383249931
2026-07-21,330,-1765.8717903649936
2026-07-21,331,-1740.2914601149932
2026-07-21,332,-1718.7582983649932
2026-07-21,333,-1723.011749164993
2026-07-21,334,-1735.0565848649935
2026-07-21,335,-1723.5515088649918
2026-07-21,336,-1741.9677783649918
2026-07-21,337,-1690.8580788449922
2026-07-21,338,-1693.5383718649923
2026-07-21,339,-1676.9270998649936
2026-07-21,340,-1647.3055414149935
2026-07-21,341,-1656.5912085649925
2026-07-21,342,-1667.6648509449938
2026-07-21,343,-1657.462985244993
2026-07-21,344,-1654.807904864993
2026-07-21,345,-1645.2648725649929
2026-07-21,346,-1675.685677484992
2026-07-21,347,-1663.5238363949934
2026-07-21,348,-1676.6795636149927
2026-07-21,349,-1697.1695536149919
2026-07-21,350,-1685.8479648649923
2026-07-21,351,-1665.2063787649931
2026-07-21,352,-1675.9545225549928
2026-07-21,353,-1686.324176884992
2026-07-21,354,-1663.094449634993
2026-07-21,355,-1644.6650118649927
2026-07-21,356,-1626.1439048649927
2026-07-21,357,-1613.0349116149932
2026-07-21,358,-1606.582579514993
2026-07-21,359,-1583.720867954993
2026-07-21,360,-1597.8354590364206
2026-07-21,361,-1629.2503711764216
2026-07-21,362,-1654.0628046864217
2026-07-21,363,-1654.844981366422
2026-07-21,364,-1658.4799019364214
2026-07-21,365,-1677.9737439364212
2026-07-21,366,-1679.9368524364204
2026-07-21,367,-1700.1306297064216
2026-07-21,368,-1692.2059602164213
2026-07-21,369,-1694.9200579464214
2026-07-21,370,-1693.1423179364215
2026-07-21,371,-1696.9021829364215
2026-07-21,372,-1697.2590474364215
2026-07-21,373,-1709.324526936422
2026-07-21,374,-1717.209641436421
2026-07-21,375,-1747.2438697864209
2026-07-21,376,-1736.8024076864212
2026-07-21,377,-1726.0516592464205
2026-07-21,378,-1721.7604614764218
2026-07-21,379,-1745.7323508164213
2026-07-21,380,-1763.3566838064212
2026-07-21,381,-1761.9628444364216
2026-07-21,382,-1762.3901871664216
2026-07-21,383,-1772.5439024364214
2026-07-21,384,-1796.0738551964214
2026-07-21,385,-1808.2130400089209
2026-07-21,386,-1808.2130400089209
2026-07-21,387,-1808.2130400089209
2026-07-21,388,-1808.2130400089209
2026-07-21,389,-1808.2130400089209
2026-07-21,390,-1808.2130400089209
2026-07-22,0,0.0
2026-07-22,1,0.0
2026-07-22,2,0.0
2026-07-22,3,0.0
2026-07-22,4,0.0
2026-07-22,5,0.0
2026-07-22,6,0.0
2026-07-22,7,0.0
2026-07-22,8,0.0
2026-07-22,9,0.0
2026-07-22,10,0.0
2026-07-22,11,0.0
2026-07-22,12,0.0
2026-07-22,13,0.0
2026-07-22,14,0.0
2026-07-22,15,0.0
2026-07-22,16,0.0
2026-07-22,17,0.0
2026-07-22,18,0.0
2026-07-22,19,0.0
2026-07-22,20,-10.112665999999052
2026-07-22,21,-4.446755699998903
2026-07-22,22,-6.878523299999102
2026-07-22,23,29.934096020001192
2026-07-22,24,12.118044448572604
2026-07-22,25,39.79554642857322
2026-07-22,26,44.89824092857306
2026-07-22,27,53.540128068573125
2026-07-22,28,18.31896236857345
2026-07-22,29,5.126385248573968
2026-07-22,30,24.69132336857436
2026-07-22,31,16.36220542857393
2026-07-22,32,29.10145142857415
2026-07-22,33,17.29157152143175
2026-07-22,34,7.735673931430526
2026-07-22,35,-18.34806517856869
2026-07-22,36,-43.08691292856878
2026-07-22,37,-70.88386679856868
2026-07-22,38,-60.17356814856899
2026-07-22,39,-85.74262466856892
2026-07-22,40,-69.74453939856825
2026-07-22,41,-70.37888492856894
2026-07-22,42,-73.68465942856874
2026-07-22,43,-89.3056510685691
2026-07-22,44,-67.2043994285688
2026-07-22,45,-93.75239018856892
2026-07-22,46,-86.31968592856906
2026-07-22,47,-78.76007792856879
2026-07-22,48,-103.81813122856914
2026-07-22,49,-89.27987967856889
2026-07-22,50,-61.127166874819366
2026-07-22,51,-44.81417137481945
2026-07-22,52,-49.27464737481888
2026-07-22,53,-69.75624965481926
2026-07-22,54,-83.84513851481925
2026-07-22,55,-81.8295148348188
2026-07-22,56,-92.42102821481907
2026-07-22,57,-82.6699550248194
2026-07-22,58,-84.65195437481883
2026-07-22,59,-80.06653971481909
2026-07-22,60,-70.87377358910474
2026-07-22,61,-79.67578577910429
2026-07-22,62,-82.26077223910501
2026-07-22,63,-85.48379458910468
2026-07-22,64,-105.58944606910454
2026-07-22,65,-92.28641888910441
2026-07-22,66,-93.76491058910436
2026-07-22,67,-97.76920295910456
2026-07-22,68,-99.64107408910498
2026-07-22,69,-92.68063408910483
2026-07-22,70,-95.16883508910469
2026-07-22,71,-85.42438463910453
2026-07-22,72,-81.90853308910495
2026-07-22,73,-85.12930308910431
2026-07-22,74,-69.89629958910469
2026-07-22,75,-71.8754735891048
2026-07-22,76,-77.46173608910443
2026-07-22,77,-82.94290018910478
2026-07-22,78,-85.92315808910449
2026-07-22,79,-65.29498994910485
2026-07-22,80,-77.11915371910463
2026-07-22,81,-78.25414723910468
2026-07-22,82,-92.072237089105
2026-07-22,83,-97.87617748910448
2026-07-22,84,-102.12266608910473
2026-07-22,85,-103.88212204910492
2026-07-22,86,-99.77406001517578
2026-07-22,87,-93.23444340517592
2026-07-22,88,-96.63306454517603
2026-07-22,89,-95.84502440517595
2026-07-22,90,-91.56530040517568
2026-07-22,91,-99.26483836517606
2026-07-22,92,-96.50515440517596
2026-07-22,93,-95.05079294517633
2026-07-22,94,-89.61136100517594
2026-07-22,95,-102.99479170517594
2026-07-22,96,-104.18960122517598
2026-07-22,97,-108.37075606517598
2026-07-22,98,-107.45515550517587
2026-07-22,99,-110.48571504517616
2026-07-22,100,-113.31187170517576
2026-07-22,101,-114.62259970517617
2026-07-22,102,-117.29042240517515
2026-07-22,103,-108.12223465517516
2026-07-22,104,-106.38895546517604
2026-07-22,105,-98.25872216517601
2026-07-22,106,-99.51943820517621
2026-07-22,107,-96.31604856517583
2026-07-22,108,-85.86439670517606
2026-07-22,109,-83.47866120517597
2026-07-22,110,-90.47051220517527
2026-07-22,111,-94.09926840517552
2026-07-22,112,-92.97075420517565
2026-07-22,113,-86.81625066517586
2026-07-22,114,-92.98526870517627
2026-07-22,115,-99.41007920517603
2026-07-22,116,-106.51415960517593
2026-07-22,117,-105.89487180517578
2026-07-22,118,-110.55552170517575
2026-07-22,119,-103.04179230517576
2026-07-22,120,-101.18045115517509
2026-07-22,121,-95.25031910517535
2026-07-22,122,-99.0582739551755
2026-07-22,123,-101.38584280517539
2026-07-22,124,-95.6148017051761
2026-07-22,125,-98.70926124517516
2026-07-22,126,-101.2784831551759
2026-07-22,127,-88.97626157517595
2026-07-22,128,-81.96556170517577
2026-07-22,129,-72.84646165517549
2026-07-22,130,-76.05191223517556
2026-07-22,131,-83.95109420517458
2026-07-22,132,-76.36846955517515
2026-07-22,133,-79.60691970517556
2026-07-22,134,-80.35689264517535
2026-07-22,135,-83.17141620517526
2026-07-22,136,-88.51457356517469
2026-07-22,137,-86.00112826517575
2026-07-22,138,-82.17709456517552
2026-07-22,139,-82.53526070517498
2026-07-22,140,-75.8451317251753
2026-07-22,141,-75.6148237051761
2026-07-22,142,-82.30471827517613
2026-07-22,143,-74.09439270517532
2026-07-22,144,-70.02538470517501
2026-07-22,145,-65.1849535851749
2026-07-22,146,-69.65515266517524
2026-07-22,147,-65.73733854517525
2026-07-22,148,-64.3407672051752
2026-07-22,149,-70.11277708517517
2026-07-22,150,-70.41171920517553
2026-07-22,151,-71.0701332651755
2026-07-22,152,-73.3067518651752
2026-07-22,153,-64.5803704051757
2026-07-22,154,-64.23750070517518
2026-07-22,155,-53.56550127660395
2026-07-22,156,-62.175748096604394
2026-07-22,157,-52.19811765660398
2026-07-22,158,-48.6741282766034
2026-07-22,159,-47.54419927660365
2026-07-22,160,-50.751743556604296
2026-07-22,161,-55.69209652660365
2026-07-22,162,-59.52822087660408
2026-07-22,163,-59.943983276603205
2026-07-22,164,-59.68794787660434
2026-07-22,165,-63.86004503660379
2026-07-22,166,-53.95648341660399
2026-07-22,167,-48.108794276604385
2026-07-22,168,-44.89323582660418
2026-07-22,169,-43.909296276603555
2026-07-22,170,-49.08708647660382
2026-07-22,171,-43.15647962660381
2026-07-22,172,-38.818037636603826
2026-07-22,173,-32.11802373660441
2026-07-22,174,-39.91939754660403
2026-07-22,175,-34.09650049660402
2026-07-22,176,-35.38873277660395
2026-07-22,177,-52.82548692660409
2026-07-22,178,-57.31049842660401
2026-07-22,179,-54.57215627660365
2026-07-22,180,-58.96453297660391
2026-07-22,181,-85.01455477660357
2026-07-22,182,-86.95546261660309
2026-07-22,183,-85.28889027660381
2026-07-22,184,-92.63901319660386
2026-07-22,185,-98.45062309660318
2026-07-22,186,-97.54086145660362
2026-07-22,187,-96.276992866603
2026-07-22,188,-107.65780661660386
2026-07-22,189,-90.30177481660232
2026-07-22,190,-79.08763397660306
2026-07-22,191,-83.28479332660297
2026-07-22,192,-69.45199666660335
2026-07-22,193,-72.42916092660283
2026-07-22,194,-78.40716617660334
2026-07-22,195,-61.90881111660377
2026-07-22,196,-59.96476836660292
2026-07-22,197,-78.00113861660347
2026-07-22,198,-74.87468725660288
2026-07-22,199,-65.34623016660348
2026-07-22,200,-65.06595812660368
2026-07-22,201,-74.69939666660332
2026-07-22,202,-64.68377434660306
2026-07-22,203,-70.45019161660285
2026-07-22,204,-83.99659580660253
2026-07-22,205,-94.11528086660252
2026-07-22,206,-92.18045640660279
2026-07-22,207,-88.83608295660291
2026-07-22,208,-89.01191436660345
2026-07-22,209,-86.54522011660293
2026-07-22,210,-110.12510172660268
2026-07-22,211,-107.9162098066021
2026-07-22,212,-104.97139231660361
2026-07-22,213,-101.03842261660289
2026-07-22,214,-102.07194316660315
2026-07-22,215,-103.0773465666025
2026-07-22,216,-113.05988021660283
2026-07-22,217,-124.04797446660302
2026-07-22,218,-118.87314895660211
2026-07-22,219,-125.57356281660356
2026-07-22,220,-129.49913418660296
2026-07-22,221,-134.26713932660306
2026-07-22,222,-127.21926422660403
2026-07-22,223,-124.76062011660312
2026-07-22,224,-122.11971619660275
2026-07-22,225,-110.57878492660441
2026-07-22,226,-114.18984857660392
2026-07-22,227,-125.38349422660336
2026-07-22,228,-154.30540307660362
2026-07-22,229,-171.26376720660335
2026-07-22,230,-165.11060968660306
2026-07-22,231,-176.87681569660202
2026-07-22,232,-252.70810411660344
2026-07-22,233,-261.47654914660205
2026-07-22,234,-257.1395327666026
2026-07-22,235,-238.11441307660237
2026-07-22,236,-206.94146631660232
2026-07-22,237,-246.23787689660293
2026-07-22,238,-266.09369900660306
2026-07-22,239,-258.5989626566021
2026-07-22,240,-259.72470928660294
2026-07-22,241,-275.37379617660184
2026-07-22,242,-239.81466754660164
2026-07-22,243,-234.3501785766029
2026-07-22,244,-257.4810367966025
2026-07-22,245,-223.00120491660255
2026-07-22,246,-208.74587941660232
2026-07-22,247,-222.26689263838782
2026-07-22,248,-225.46792437838835
2026-07-22,249,-231.1386153383886
2026-07-22,250,-202.90259415838844
2026-07-22,251,-228.79758772838875
2026-07-22,252,-204.31046401838842
2026-07-22,253,-223.73091401838875
2026-07-22,254,-234.065621468388
2026-07-22,255,-215.79574271838817
2026-07-22,256,-186.36028516838817
2026-07-22,257,-173.1130884883879
2026-07-22,258,-159.5484600983873
2026-07-22,259,-113.63999143838774
2026-07-22,260,-108.29584517838867
2026-07-22,261,-132.67711573838866
2026-07-22,262,-132.5024713483877
2026-07-22,263,-75.98947101838857
2026-07-22,264,-78.67913451838785
2026-07-22,265,-79.67837265838841
2026-07-22,266,-93.10542368838796
2026-07-22,267,-83.02939978838846
2026-07-22,268,-88.10373603838809
2026-07-22,269,-83.20664022838852
2026-07-22,270,-138.11394571838946
2026-07-22,271,-119.25931970838869
2026-07-22,272,-89.86261061838808
2026-07-22,273,-123.40605268838877
2026-07-22,274,-103.9070302483882
2026-07-22,275,-95.91732314838883
2026-07-22,276,-104.99156887838808
2026-07-22,277,-92.21695620838912
2026-07-22,278,-83.79872816838932
2026-07-22,279,-62.27311509838944
2026-07-22,280,-23.51919768838811
2026-07-22,281,-4.937116778389033
2026-07-22,282,45.494421131611126
2026-07-22,283,34.767487321610645
2026-07-22,284,40.78570538161197
2026-07-22,285,32.75773044161102
2026-07-22,286,27.328601991611784
2026-07-22,287,37.11114682161188
2026-07-22,288,-6.529735268388826
2026-07-22,289,5.042348981610488
2026-07-22,290,-25.842340388389125
2026-07-22,291,-14.619417968388639
2026-07-22,292,-28.323181568389103
2026-07-22,293,-3.1571408083887462
2026-07-22,294,-33.18604994267375
2026-07-22,295,-17.91111144267414
2026-07-22,296,-16.55920980267438
2026-07-22,297,-10.591800442674248
2026-07-22,298,-24.345335222674407
2026-07-22,299,25.965043957325193
2026-07-22,300,80.43488021732585
2026-07-22,301,122.41923239732577
2026-07-22,302,96.61211927732585
2026-07-22,303,97.85387260732575
2026-07-22,304,108.90433953732584
2026-07-22,305,81.89777710732574
2026-07-22,306,63.39105053732585
2026-07-22,307,17.34386127732587
2026-07-22,308,8.10574805732547
2026-07-22,309,2.0617881230397472
2026-07-22,310,10.261585893039808
2026-07-22,311,-4.375363156960702
2026-07-22,312,-10.294072506959829
2026-07-22,313,-38.05444235696015
2026-07-22,314,-11.342545386960246
2026-07-22,315,-61.642443106960684
2026-07-22,316,-91.39500450696076
2026-07-22,317,-114.81700640696056
2026-07-22,318,-106.4893137569602
2026-07-22,319,-100.09112183696043
2026-07-22,320,-87.86063909696026
2026-07-22,321,-119.11636527695956
2026-07-22,322,-101.37383942695976
2026-07-22,323,-124.85099812696035
2026-07-22,324,-147.94140108695984
2026-07-22,325,-172.65182286696057
2026-07-22,326,-166.29878783695997
2026-07-22,327,-146.80107489695956
2026-07-22,328,-184.4864133569607
2026-07-22,329,-164.89448359696027
2026-07-22,330,-183.08622240695948
2026-07-22,331,-169.0755023269602
2026-07-22,332,-165.18067018696058
2026-07-22,333,-164.32415016696
2026-07-22,334,-206.34504772696096
2026-07-22,335,-182.88193680696008
2026-07-22,336,-173.31793840696085
2026-07-22,337,-109.62593826696008
2026-07-22,338,-145.79008893696022
2026-07-22,339,-160.82161688696021
2026-07-22,340,-159.11814165696023
2026-07-22,341,-139.93507240695988
2026-07-22,342,-111.03353596696093
2026-07-22,343,-77.90887027696041
2026-07-22,344,-98.6896099069605
2026-07-22,345,-110.19040190696083
2026-07-22,346,-148.88535040696027
2026-07-22,347,-190.6595417269599
2026-07-22,348,-201.72673944695984
2026-07-22,349,-211.19406010696034
2026-07-22,350,-197.98330061696026
2026-07-22,351,-199.9730546669595
2026-07-22,352,-290.18499244695977
2026-07-22,353,-318.1508162769591
2026-07-22,354,-282.19962540696054
2026-07-22,355,-252.5472075669606
2026-07-22,356,-208.46704320696003
2026-07-22,357,-235.31409577696044
2026-07-22,358,-283.2301889069611
2026-07-22,359,-252.21989230695948
2026-07-22,360,-220.59747096696051
2026-07-22,361,-268.85829656696063
2026-07-22,362,-248.5461057469607
2026-07-22,363,-249.17669301695943
2026-07-22,364,-270.31005272696007
2026-07-22,365,-286.9666629069599
2026-07-22,366,-259.30707686696024
2026-07-22,367,-226.53332768696055
2026-07-22,368,-163.37093591696026
2026-07-22,369,-175.87464145696003
2026-07-22,370,-175.51071086696032
2026-07-22,371,-142.05003913696066
2026-07-22,372,-154.54086601696082
2026-07-22,373,-150.78021065695927
2026-07-22,374,-140.63268099696
2026-07-22,375,-131.76117333695996
2026-07-22,376,-104.55904750696021
2026-07-22,377,-97.7874134069595
2026-07-22,378,-117.79727538695994
2026-07-22,379,-120.2770994169602
2026-07-22,380,-89.01018782696016
2026-07-22,381,-96.50010613695937
2026-07-22,382,-116.65133980695998
2026-07-22,383,-129.19628135696013
2026-07-22,384,-81.80048182695992
2026-07-22,385,-76.95133690696025
2026-07-22,386,-76.95133690696025
2026-07-22,387,-76.95133690696025
2026-07-22,388,-76.95133690696025
2026-07-22,389,-76.95133690696025
2026-07-22,390,-76.95133690696025
2026-07-23,0,0.0
2026-07-23,1,0.0
2026-07-23,2,0.0
2026-07-23,3,0.0
2026-07-23,4,0.0
2026-07-23,5,0.0
2026-07-23,6,0.0
2026-07-23,7,0.0
2026-07-23,8,0.0
2026-07-23,9,0.0
2026-07-23,10,0.0
2026-07-23,11,0.0
2026-07-23,12,0.0
2026-07-23,13,0.0
2026-07-23,14,0.0
2026-07-23,15,0.0
2026-07-23,16,0.0
2026-07-23,17,0.0
2026-07-23,18,0.0
2026-07-23,19,0.0
2026-07-23,20,3.988766000000197
2026-07-23,21,-12.072840000000014
2026-07-23,22,-6.122245000000007
2026-07-23,23,-0.7417070000001473
2026-07-23,24,15.409908000000087
2026-07-23,25,7.338620000000354
2026-07-23,26,-10.62445278000007
2026-07-23,27,-4.173914499999924
2026-07-23,28,-3.496316900000032
2026-07-23,29,-3.1563577800005618
2026-07-23,30,23.010294279999478
2026-07-23,31,-4.911618780000236
2026-07-23,32,-5.95775050000012
2026-07-23,33,-1.6699536000006674
2026-07-23,34,21.674498520000228
2026-07-23,35,70.30695332000016
2026-07-23,36,76.92908761000017
2026-07-23,37,93.97678518749956
2026-07-23,38,49.7399699074998
2026-07-23,39,63.757080687500185
2026-07-23,40,68.86793405749972
2026-07-23,41,52.49058660750004
2026-07-23,42,63.208988187499216
2026-07-23,43,57.54873017749965
2026-07-23,44,38.07967961607113
2026-07-23,45,29.383090606071917
2026-07-23,46,42.25377657607118
2026-07-23,47,51.1642436560712
2026-07-23,48,39.232250576071266
2026-07-23,49,44.42343257607155
2026-07-23,50,39.470224116071286
2026-07-23,51,83.60500332607222
2026-07-23,52,90.1751921160716
2026-07-23,53,68.43041003607112
2026-07-23,54,61.7651256660706
2026-07-23,55,119.48902061607114
2026-07-23,56,109.63142301607158
2026-07-23,57,104.38985476607131
2026-07-23,58,68.3199541060716
2026-07-23,59,103.18741560607143
2026-07-23,60,111.48274408607118
2026-07-23,61,84.57695872607198
2026-07-23,62,78.05476794178576
2026-07-23,63,66.63129586178533
2026-07-23,64,86.51337591178537
2026-07-23,65,71.40647333178546
2026-07-23,66,58.3118839017847
2026-07-23,67,125.64401843178554
2026-07-23,68,106.69026397178597
2026-07-23,69,112.20404912178705
2026-07-23,70,109.23818315607161
2026-07-23,71,81.25426912607085
2026-07-23,72,71.25884182607152
2026-07-23,73,58.81089715607174
2026-07-23,74,56.84713207571396
2026-07-23,75,64.87943323571464
2026-07-23,76,83.9118084257147
2026-07-23,77,82.22390457571385
2026-07-23,78,81.17147222571376
2026-07-23,79,86.60389578571454
2026-07-23,80,90.34098709571377
2026-07-23,81,72.2474759357147
2026-07-23,82,105.8864950775002
2026-07-23,83,70.43340907750037
2026-07-23,84,63.80807372750066
2026-07-23,85,56.194740834642495
2026-07-23,86,80.35715683464278
2026-07-23,87,73.89722483464321
2026-07-23,88,71.60719983464276
2026-07-23,89,80.28101215464264
2026-07-23,90,77.01392851464304
2026-07-23,91,94.92359343464227
2026-07-23,92,100.44340033464269
2026-07-23,93,95.33987883464295
2026-07-23,94,84.27461619464302
2026-07-23,95,72.14958943464255
2026-07-23,96,67.41115533464279
2026-07-23,97,52.35449102464303
2026-07-23,98,50.489509834643044
2026-07-23,99,47.54567310464308
2026-07-23,100,47.72399871464327
2026-07-23,101,12.484172764642643
2026-07-23,102,-16.524507165357107
2026-07-23,103,-8.923515555357511
2026-07-23,104,-10.962734615357938
2026-07-23,105,30.53730296464286
2026-07-23,106,49.81988751464144
2026-07-23,107,64.50827026464229
2026-07-23,108,42.89034026464216
2026-07-23,109,50.97433579464257
2026-07-23,110,84.55922112464292
2026-07-23,111,49.80265283464167
2026-07-23,112,0.3743568146426064
2026-07-23,113,30.2282453246418
2026-07-23,114,36.78065822464228
2026-07-23,115,53.64369739464311
2026-07-23,116,51.85000001464155
2026-07-23,117,20.01770043464236
2026-07-23,118,10.697670034642528
2026-07-23,119,42.209921034642484
2026-07-23,120,-1.7926126053580553
2026-07-23,121,-1.388786055358036
2026-07-23,122,5.268705014642418
2026-07-23,123,30.028430234642357
2026-07-23,124,48.46698605464278
2026-07-23,125,72.27213547464231
2026-07-23,126,74.19081701464161
2026-07-23,127,63.35384792464323
2026-07-23,128,83.64455424464174
2026-07-23,129,60.39599241464268
2026-07-23,130,57.50630433464268
2026-07-23,131,62.45612336464234
2026-07-23,132,36.910917334642704
2026-07-23,133,18.13727873464219
2026-07-23,134,21.250759134641793
2026-07-23,135,14.239511184641493
2026-07-23,136,15.340012334640935
2026-07-23,137,-19.149888465357993
2026-07-23,138,-24.888059665357762
2026-07-23,139,11.004745814641765
2026-07-23,140,32.833102834643356
2026-07-23,141,27.58161583464262
2026-07-23,142,52.81873047464303
2026-07-23,143,61.11963399464234
2026-07-23,144,71.19875355464262
2026-07-23,145,93.42763996464245
2026-07-23,146,93.68501953464205
2026-07-23,147,74.21138053464138
2026-07-23,148,104.19132933464277
2026-07-23,149,106.30986927749974
2026-07-23,150,144.48743774749923
2026-07-23,151,159.2539798174986
2026-07-23,152,237.21391944749888
2026-07-23,153,206.19829557035564
2026-07-23,154,195.22233726035623
2026-07-23,155,197.15306650035689
2026-07-23,156,196.22897857035613
2026-07-23,157,207.89926438035604
2026-07-23,158,215.54769961035623
2026-07-23,159,207.174057230357
2026-07-23,160,202.4134355203558
2026-07-23,161,202.57239559035625
2026-07-23,162,184.56484346035649
2026-07-23,163,161.99936412035677
2026-07-23,164,170.7038466203558
2026-07-23,165,157.11672342035584
2026-07-23,166,188.12561827035685
2026-07-23,167,185.64092862035744
2026-07-23,168,181.80497519035606
2026-07-23,169,194.9447351603568
2026-07-23,170,187.13135066035656
2026-07-23,171,220.29888159035661
2026-07-23,172,205.80250193035647
2026-07-23,173,182.14920450035606
2026-07-23,174,176.7698314803566
2026-07-23,175,174.46860964035616
2026-07-23,176,191.18255216035647
2026-07-23,177,161.69222351035592
2026-07-23,178,142.29810012035614
2026-07-23,179,144.2583551603565
2026-07-23,180,176.88329266035666
2026-07-23,181,172.2498055664281
2026-07-23,182,168.56196734642768
2026-07-23,183,157.7313505164288
2026-07-23,184,145.34718598642746
2026-07-23,185,132.408180016428
2026-07-23,186,161.01488909642725
2026-07-23,187,143.76241451642767
2026-07-23,188,130.3236065464282
2026-07-23,189,178.20436356785697
2026-07-23,190,181.11416858785722
2026-07-23,191,189.09534439785676
2026-07-23,192,179.18205933785754
2026-07-23,193,188.3880386478559
2026-07-23,194,205.69925915785728
2026-07-23,195,227.44976908785642
2026-07-23,196,220.76713831785653
2026-07-23,197,209.22381478785638
2026-07-23,198,223.8078522678563
2026-07-23,199,220.5893221678565
2026-07-23,200,236.657981867857
2026-07-23,201,258.2486225878573
2026-07-23,202,248.87512302785638
2026-07-23,203,285.64850831785617
2026-07-23,204,316.5185950078569
2026-07-23,205,328.24675907785695
2026-07-23,206,325.8907356778576
2026-07-23,207,275.3748247778568
2026-07-23,208,269.82656864785633
2026-07-23,209,288.677205417858
2026-07-23,210,264.6625511678565
2026-07-23,211,283.62822137785645
2026-07-23,212,302.02738127785705
2026-07-23,213,305.10500651785617
2026-07-23,214,349.34360423785733
2026-07-23,215,353.5527053078571
2026-07-23,216,336.93833080785805
2026-07-23,217,317.2093858478569
2026-07-23,218,304.7675392650001
2026-07-23,219,305.000793914999
2026-07-23,220,292.77046508499905
2026-07-23,221,261.7159488249988
2026-07-23,222,244.73942462499897
2026-07-23,223,244.05289328499933
2026-07-23,224,252.8003444450001
2026-07-23,225,240.97630494499955
2026-07-23,226,233.76041866499946
2026-07-23,227,234.68185954499992
2026-07-23,228,214.72465546499987
2026-07-23,229,217.3876658349991
2026-07-23,230,199.95211482499892
2026-07-23,231,219.6516887649986
2026-07-23,232,222.16988705499892
2026-07-23,233,193.9814649449994
2026-07-23,234,187.3254891649993
2026-07-23,235,154.57603871500027
2026-07-23,236,170.84341594499884
2026-07-23,237,174.2724381949994
2026-07-23,238,177.47182466499976
2026-07-23,239,184.5851950849994
2026-07-23,240,189.6229641049998
2026-07-23,241,225.03859174499877
2026-07-23,242,249.4958009849994
2026-07-23,243,237.2140819049992
2026-07-23,244,217.90039008499934
2026-07-23,245,235.4287554449999
2026-07-23,246,237.93910652499966
2026-07-23,247,252.69130887500006
2026-07-23,248,256.20779935499917
2026-07-23,249,287.2445261949999
2026-07-23,250,292.57500114499913
2026-07-23,251,275.41664604499965
2026-07-23,252,283.11075630499977
2026-07-23,253,265.8765663649993
2026-07-23,254,279.0467838349991
2026-07-23,255,228.22231678499972
2026-07-23,256,214.11731715499982
2026-07-23,257,214.6124170649997
2026-07-23,258,207.5716340949994
2026-07-23,259,206.3138349449997
2026-07-23,260,228.39739064499963
2026-07-23,261,255.02887949499888
2026-07-23,262,214.92808448499954
2026-07-23,263,268.4779555049997
2026-07-23,264,262.523650945
2026-07-23,265,273.3246078149988
2026-07-23,266,280.8789474350001
2026-07-23,267,285.6778025549999
2026-07-23,268,271.9678714849999
2026-07-23,269,288.245415944999
2026-07-23,270,292.58139154499895
2026-07-23,271,308.5583749449989
2026-07-23,272,320.9900048449986
2026-07-23,273,325.25425160500004
2026-07-23,274,351.92756994499877
2026-07-23,275,351.5930618150004
2026-07-23,276,332.3435446349991
2026-07-23,277,390.31913729499917
2026-07-23,278,346.46203944499945
2026-07-23,279,363.0977908149994
2026-07-23,280,358.07789698428485
2026-07-23,281,339.2514057642854
2026-07-23,282,285.20213624428516
2026-07-23,283,303.927470404286
2026-07-23,284,303.68570176428466
2026-07-23,285,325.2791570742854
2026-07-23,286,337.7237094142851
2026-07-23,287,361.1083211342848
2026-07-23,288,354.2917901642842
2026-07-23,289,338.7920076942851
2026-07-23,290,333.85030098428564
2026-07-23,291,326.3426586042854
2026-07-23,292,320.19628339428414
2026-07-23,293,315.68495041428554
2026-07-23,294,304.14318126428486
2026-07-23,295,311.93055898428514
2026-07-23,296,303.5411747042858
2026-07-23,297,330.0079598142847
2026-07-23,298,329.2029347542849
2026-07-23,299,326.08231284428444
2026-07-23,300,333.59961211428464
2026-07-23,301,315.1146317142842
2026-07-23,302,289.9081734842851
2026-07-23,303,298.30762948428486
2026-07-23,304,263.4310222642848
2026-07-23,305,287.2868248842848
2026-07-23,306,327.3779797842847
2026-07-23,307,329.85116648428516
2026-07-23,308,345.0469839842851
2026-07-23,309,314.04485872428506
2026-07-23,310,282.43569105428446
2026-07-23,311,303.4893922042846
2026-07-23,312,330.7520507842853
2026-07-23,313,356.23482811428454
2026-07-23,314,350.97415690428465
2026-07-23,315,333.905986564285
2026-07-23,316,318.2243926442852
2026-07-23,317,296.0699850042845
2026-07-23,318,305.31387055428553
2026-07-23,319,329.07625386428595
2026-07-23,320,308.07215899428513
2026-07-23,321,303.9893434542849
2026-07-23,322,301.4471501130355
2026-07-23,323,326.0380578430345
2026-07-23,324,405.21840207303416
2026-07-23,325,381.060541783035
2026-07-23,326,393.9915966730339
2026-07-23,327,402.532182673034
2026-07-23,328,419.3125276730348
2026-07-23,329,398.59455827303435
2026-07-23,330,421.88944100303473
2026-07-23,331,434.1016386330337
2026-07-23,332,446.0766302930352
2026-07-23,333,487.5996861730342
2026-07-23,334,496.5162853158908
2026-07-23,335,483.00992300589144
2026-07-23,336,480.7169374558926
2026-07-23,337,509.1828923958913
2026-07-23,338,515.6939761758912
2026-07-23,339,513.4630594844627
2026-07-23,340,523.4265132444627
2026-07-23,341,518.5753082744633
2026-07-23,342,508.79168774446254
2026-07-23,343,519.4820545644625
2026-07-23,344,520.3134137144632
2026-07-23,345,521.2465311444629
2026-07-23,346,515.4057103344625
2026-07-23,347,504.67110974446337
2026-07-23,348,517.3288334944635
2026-07-23,349,506.5469902444626
2026-07-23,350,509.19160774446215
2026-07-23,351,506.3752932444633
2026-07-23,352,504.55077474446324
2026-07-23,353,499.29001674446215
2026-07-23,354,497.1844810244625
2026-07-23,355,492.217067714462
2026-07-23,356,487.84314142446243
2026-07-23,357,488.73000724446274
2026-07-23,358,502.96967121446164
2026-07-23,359,477.108426404463
2026-07-23,360,472.29525824446205
2026-07-23,361,487.17597692446344
2026-07-23,362,500.09161994446214
2026-07-23,363,517.1184941944637
2026-07-23,364,504.5339779244626
2026-07-23,365,492.3861332444631
2026-07-23,366,483.9980924044636
2026-07-23,367,500.73835287089173
2026-07-23,368,508.3735240908922
2026-07-23,369,506.4179463408917
2026-07-23,370,502.34184567089187
2026-07-23,371,505.55193759089246
2026-07-23,372,532.5257595908928
2026-07-23,373,534.7190845008922
2026-07-23,374,552.1272645908925
2026-07-23,375,534.484205090892
2026-07-23,376,536.4052859608917
2026-07-23,377,541.8013664608915
2026-07-23,378,548.2646485508915
2026-07-23,379,544.0485858308919
2026-07-23,380,552.2164076808924
2026-07-23,381,537.0987600908933
2026-07-23,382,545.7089850908925
2026-07-23,383,552.549316860893
2026-07-23,384,554.2203178308924
2026-07-23,385,550.9722135908924
2026-07-23,386,550.9722135908924
2026-07-23,387,550.9722135908924
2026-07-23,388,550.9722135908924
2026-07-23,389,550.9722135908924
2026-07-23,390,550.9722135908924
2026-07-24,0,0.0
2026-07-24,1,0.0
2026-07-24,2,0.0
2026-07-24,3,0.0
2026-07-24,4,0.0
2026-07-24,5,0.0
2026-07-24,6,0.0
2026-07-24,7,0.0
2026-07-24,8,0.0
2026-07-24,9,0.0
2026-07-24,10,0.0
2026-07-24,11,0.0
2026-07-24,12,0.0
2026-07-24,13,0.0
2026-07-24,14,0.0
2026-07-24,15,0.0
2026-07-24,16,0.0
2026-07-24,17,0.0
2026-07-24,18,0.0
2026-07-24,19,0.0
2026-07-24,20,3.4799780000000737
2026-07-24,21,6.500461999999999
2026-07-24,22,1.17780899999984
2026-07-24,23,15.394100410000306
2026-07-24,24,-6.922024499999921
2026-07-24,25,16.85249999999949
2026-07-24,26,-20.402921850000695
2026-07-24,27,-3.2806185900006426
2026-07-24,28,-14.943050499999526
2026-07-24,29,-48.003484577143425
2026-07-24,30,-98.24551538714314
2026-07-24,31,-84.24807485714317
2026-07-24,32,-45.41012295714263
2026-07-24,33,-52.7772179071429
2026-07-24,34,-91.98287682714324
2026-07-24,35,-109.9620343571429
2026-07-24,36,-94.47789640714286
2026-07-24,37,-106.09980228714352
2026-07-24,38,-143.1018618971431
2026-07-24,39,-147.20771635714263
2026-07-24,40,-138.135355857142
2026-07-24,41,-175.30126935714304
2026-07-24,42,-163.60535985714284
2026-07-24,43,-181.36771985714358
2026-07-24,44,-144.08514535714326
2026-07-24,45,-71.13154385714316
2026-07-24,46,-108.23985885714217
2026-07-24,47,-61.229529357142724
2026-07-24,48,16.826639642857216
2026-07-24,49,-19.32386380714307
2026-07-24,50,-14.284811812857853
2026-07-24,51,-41.91114955285683
2026-07-24,52,-9.667426842857097
2026-07-24,53,-37.28611696285776
2026-07-24,54,-8.116922042857837
2026-07-24,55,-19.735876402856462
2026-07-24,56,-30.435943052857624
2026-07-24,57,-4.78257895285671
2026-07-24,58,-20.609629092857162
2026-07-24,59,-55.32847618285747
2026-07-24,60,23.88436885714306
2026-07-24,61,21.16379095714261
2026-07-24,62,66.39618921999896
2026-07-24,63,103.39223439000055
2026-07-24,64,125.73043809999956
2026-07-24,65,120.67048905999987
2026-07-24,66,104.78948300000027
2026-07-24,67,115.86993000000047
2026-07-24,68,103.95475649999982
2026-07-24,69,115.97981820000012
2026-07-24,70,125.33128599999964
2026-07-24,71,117.08227599999972
2026-07-24,72,130.20772738000028
2026-07-24,73,130.45834550000083
2026-07-24,74,114.16504224999971
2026-07-24,75,143.70106771000002
2026-07-24,76,134.48775240000032
2026-07-24,77,188.52962232000013
2026-07-24,78,170.63360899999915
2026-07-24,79,117.95441755999985
2026-07-24,80,79.4243128199992
2026-07-24,81,107.1891414499998
2026-07-24,82,130.7123004999995
2026-07-24,83,100.97721909999991
2026-07-24,84,113.11820019999963
2026-07-24,85,79.11796236000035
2026-07-24,86,59.815759690000334
2026-07-24,87,34.7841213199997
2026-07-24,88,34.585321500000475
2026-07-24,89,12.4025881700001
2026-07-24,90,-1.2140944999995895
2026-07-24,91,18.846684500000293
2026-07-24,92,27.095139459999587
2026-07-24,93,56.05108464999955
2026-07-24,94,73.28871122000022
2026-07-24,95,68.17899907999995
2026-07-24,96,109.91907250000122
2026-07-24,97,103.85683250000062
2026-07-24,98,90.67009700000045
2026-07-24,99,116.83434507000078
2026-07-24,100,66.53575599999894
2026-07-24,101,55.42052858589278
2026-07-24,102,61.28382516589207
2026-07-24,103,58.503026635893676
2026-07-24,104,24.78252117589338
2026-07-24,105,6.429268935893063
2026-07-24,106,13.447155011606341
2026-07-24,107,32.84581166160696
2026-07-24,108,11.891435831607055
2026-07-24,109,38.834433011606905
2026-07-24,110,39.346666811606454
2026-07-24,111,44.1077325116063
2026-07-24,112,68.8688841016068
2026-07-24,113,89.69803931732129
2026-07-24,114,88.21378479732054
2026-07-24,115,73.33409229732122
2026-07-24,116,78.85134256732087
2026-07-24,117,63.871872297320834
2026-07-24,118,84.38154095124949
2026-07-24,119,112.76784925124866
2026-07-24,120,118.71744425124923
2026-07-24,121,94.81450225124946
2026-07-24,122,110.1599866912496
2026-07-24,123,101.08827305124956
2026-07-24,124,79.3699588012497
2026-07-24,125,69.71587074124953
2026-07-24,126,81.15682225125012
2026-07-24,127,72.88733125124969
2026-07-24,128,57.74051375124979
2026-07-24,129,36.837484521248726
2026-07-24,130,54.867300611249135
2026-07-24,131,70.69536832124862
2026-07-24,132,83.77753325124935
2026-07-24,133,94.62941525124961
2026-07-24,134,92.50111418124979
2026-07-24,135,83.40248536874914
2026-07-24,136,87.7391635987494
2026-07-24,137,90.61407049874879
2026-07-24,138,73.24167046874884
2026-07-24,139,59.87289346874931
2026-07-24,140,75.98595886874953
2026-07-24,141,72.21535480874886
2026-07-24,142,58.22281513874957
2026-07-24,143,60.10884451874951
2026-07-24,144,70.12020736874949
2026-07-24,145,56.00916436874917
2026-07-24,146,42.67404106874946
2026-07-24,147,59.99693536874895
2026-07-24,148,49.70038090874901
2026-07-24,149,51.78072490874932
2026-07-24,150,73.04842636874882
2026-07-24,151,79.57885141874907
2026-07-24,152,96.54982861874895
2026-07-24,153,71.00552416874909
2026-07-24,154,65.69945716874882
2026-07-24,155,70.98638836874981
2026-07-24,156,81.49996909874974
2026-07-24,157,36.099307068749425
2026-07-24,158,39.00787406874903
2026-07-24,159,29.001725368749746
2026-07-24,160,22.31212310874922
2026-07-24,161,30.720314488749196
2026-07-24,162,51.172493368748704
2026-07-24,163,52.03752197874935
2026-07-24,164,69.89117399874978
2026-07-24,165,93.71763236874905
2026-07-24,166,128.37832628874867
2026-07-24,167,128.42143736874903
2026-07-24,168,111.65325872874945
2026-07-24,169,121.54019936874927
2026-07-24,170,92.04229766874865
2026-07-24,171,93.20296646874884
2026-07-24,172,70.29600206874943
2026-07-24,173,80.19648995874937
2026-07-24,174,91.19720096874971
2026-07-24,175,86.09334795874904
2026-07-24,176,86.14430277874874
2026-07-24,177,92.87732811874923
2026-07-24,178,95.96937486874891
2026-07-24,179,95.71147086874927
2026-07-24,180,96.479961228749
2026-07-24,181,97.63748236874908
2026-07-24,182,98.46094186874934
2026-07-24,183,95.03568028874987
2026-07-24,184,88.89929086874939
2026-07-24,185,92.90358136874929
2026-07-24,186,96.38247736874949
2026-07-24,187,90.83972776874948
2026-07-24,188,97.16087986874913
2026-07-24,189,81.5748343687492
2026-07-24,190,84.50542936874902
2026-07-24,191,75.61909996874955
2026-07-24,192,81.5444413687493
2026-07-24,193,75.18343936874969
2026-07-24,194,61.46468536874927
2026-07-24,195,69.16292966874951
2026-07-24,196,62.93729036874937
2026-07-24,197,69.15216086874982
2026-07-24,198,72.65884436874934
2026-07-24,199,72.22873736874946
2026-07-24,200,57.98920736874986
2026-07-24,201,81.89440976874981
2026-07-24,202,70.23403286874891
2026-07-24,203,55.49522690874912
2026-07-24,204,55.92880760874904
2026-07-24,205,63.258410368749026
2026-07-24,206,55.91824136874911
2026-07-24,207,48.0970823087498
2026-07-24,208,52.60215674874933
2026-07-24,209,45.055322308749695
2026-07-24,210,60.022407868749696
2026-07-24,211,76.58960936875027
2026-07-24,212,69.29739623874907
2026-07-24,213,73.48013378874934
2026-07-24,214,70.04310386875007
2026-07-24,215,79.66765736874937
2026-07-24,216,74.09183215446429
2026-07-24,217,86.26074169446379
2026-07-24,218,75.18055345446378
2026-07-24,219,72.12281125446377
2026-07-24,220,98.494109584463
2026-07-24,221,87.5634316544641
2026-07-24,222,94.47232665446413
2026-07-24,223,83.9373102344634
2026-07-24,224,95.69516835446402
2026-07-24,225,91.91595945446394
2026-07-24,226,102.01420905446423
2026-07-24,227,104.20014015446426
2026-07-24,228,93.56687340446325
2026-07-24,229,95.43413445446421
2026-07-24,230,90.71180265446326
2026-07-24,231,91.75501230446412
2026-07-24,232,94.8819016544642
2026-07-24,233,104.96459535446377
2026-07-24,234,101.52095961446449
2026-07-24,235,91.44780038446338
2026-07-24,236,90.77848715446275
2026-07-24,237,100.01097266446348
2026-07-24,238,96.71414492446362
2026-07-24,239,101.94266465446347
2026-07-24,240,106.29571805446369
2026-07-24,241,116.06049935446362
2026-07-24,242,120.77603345446282
2026-07-24,243,121.41657719446306
2026-07-24,244,132.79318154446366
2026-07-24,245,136.14337415446425
2026-07-24,246,132.86097626446337
2026-07-24,247,121.41941933446354
2026-07-24,248,131.9319475744637
2026-07-24,249,141.90122663446337
2026-07-24,250,144.21175460446287
2026-07-24,251,146.08932701446355
2026-07-24,252,145.60828415446392
2026-07-24,253,151.65345545446343
2026-07-24,254,150.88196165446413
2026-07-24,255,150.54346865446342
2026-07-24,256,160.20191279446325
2026-07-24,257,153.0176971144635
2026-07-24,258,149.36621015446306
2026-07-24,259,173.2982166544634
2026-07-24,260,157.1802824044634
2026-07-24,261,145.0578394444637
2026-07-24,262,148.27917470446405
2026-07-24,263,144.52426115446272
2026-07-24,264,142.89410915446342
2026-07-24,265,143.7671784544635
2026-07-24,266,142.16883365446358
2026-07-24,267,151.37117954446325
2026-07-24,268,155.7468943744632
2026-07-24,269,166.8701796544632
2026-07-24,270,172.3030106544644
2026-07-24,271,151.81147435446377
2026-07-24,272,160.98863304446357
2026-07-24,273,139.7827071344637
2026-07-24,274,141.08626997446407
2026-07-24,275,154.07414815446316
2026-07-24,276,165.98637853446326
2026-07-24,277,168.3861746544637
2026-07-24,278,156.83073710446325
2026-07-24,279,158.28368035446385
2026-07-24,280,153.91962660446416
2026-07-24,281,147.90920765446361
2026-07-24,282,139.58218638446428
2026-07-24,283,116.25607515446302
2026-07-24,284,114.16675712446431
2026-07-24,285,112.00415315446318
2026-07-24,286,98.85159890446388
2026-07-24,287,107.48085646446427
2026-07-24,288,109.96292604446361
2026-07-24,289,108.49599510446434
2026-07-24,290,110.72747418446393
2026-07-24,291,106.60575634446411
2026-07-24,292,109.60211816446468
2026-07-24,293,95.56979365446342
2026-07-24,294,97.7509055544636
2026-07-24,295,95.5247582144639
2026-07-24,296,77.56856960446414
2026-07-24,297,68.8507053544646
2026-07-24,298,71.88367828446331
2026-07-24,299,66.3079316544637
2026-07-24,300,60.370123354463615
2026-07-24,301,37.54392167446378
2026-07-24,302,39.53712624874949
2026-07-24,303,40.18723652874926
2026-07-24,304,39.8322620487491
2026-07-24,305,35.813935518749346
2026-07-24,306,27.39926885875012
2026-07-24,307,27.984567938748974
2026-07-24,308,30.71156687874972
2026-07-24,309,20.918217518749437
2026-07-24,310,0.479609418749412
2026-07-24,311,4.520038448748437
2026-07-24,312,20.866737607320566
2026-07-24,313,21.51452160732068
2026-07-24,314,25.268395147320575
2026-07-24,315,84.5254820473206
2026-07-24,316,92.60856150732062
2026-07-24,317,98.06506794732132
2026-07-24,318,78.10508406732072
2026-07-24,319,91.91477415732109
2026-07-24,320,95.91677574732122
2026-07-24,321,104.56141224732022
2026-07-24,322,103.38888444732069
2026-07-24,323,94.63669077732033
2026-07-24,324,96.96201618732002
2026-07-24,325,101.84957154732092
2026-07-24,326,113.62953996732065
2026-07-24,327,114.51000864732114
2026-07-24,328,102.36149046732046
2026-07-24,329,95.80856304732097
2026-07-24,330,103.35931284732095
2026-07-24,331,107.72069784731964
2026-07-24,332,90.80495013732033
2026-07-24,333,88.8406378151772
2026-07-24,334,103.55967932517737
2026-07-24,335,106.1076126551774
2026-07-24,336,100.61038511517759
2026-07-24,337,57.812280115177344
2026-07-24,338,53.76282357696307
2026-07-24,339,43.824369576962596
2026-07-24,340,41.957188566962365
2026-07-24,341,59.05418637696292
2026-07-24,342,51.018302076963046
2026-07-24,343,40.34855907696332
2026-07-24,344,39.344016576963085
2026-07-24,345,41.03956803696238
2026-07-24,346,41.36855907696304
2026-07-24,347,45.344638176963294
2026-07-24,348,30.788363076963293
2026-07-24,349,38.26473342696313
2026-07-24,350,25.34769726696308
2026-07-24,351,29.029067076962875
2026-07-24,352,22.524165606962704
2026-07-24,353,5.27144307696382
2026-07-24,354,-13.78101761303661
2026-07-24,355,-3.9890967830371693
2026-07-24,356,-5.269044923036915
2026-07-24,357,-9.204587423037367
2026-07-24,358,0.9138965769623795
2026-07-24,359,-11.038407923037674
2026-07-24,360,-15.03906511303709
2026-07-24,361,-3.7979192230368426
2026-07-24,362,-5.713956583037209
2026-07-24,363,-4.049250273036613
2026-07-24,364,-0.008774363036849309
2026-07-24,365,9.146828076963246
2026-07-24,366,-3.2892501730370185
2026-07-24,367,-13.495511423037016
2026-07-24,368,-17.12614962303644
2026-07-24,369,-39.54379242303732
2026-07-24,370,-43.70185642303688
2026-07-24,371,-47.8142737230366
2026-07-24,372,-50.172233063037325
2026-07-24,373,-46.261552423036974
2026-07-24,374,-53.772628943751705
2026-07-24,375,-53.07301894375127
2026-07-24,376,-53.900746193751225
2026-07-24,377,-67.19775644375187
2026-07-24,378,-76.66670139375086
2026-07-24,379,-69.9048263837514
2026-07-24,380,-76.43093494375083
2026-07-24,381,-72.94114994375076
2026-07-24,382,-74.59640044375087
2026-07-24,383,-60.86096394375071
2026-07-24,384,-64.17530644375063
2026-07-24,385,-65.61009694375045
2026-07-24,386,-65.61009694375045
2026-07-24,387,-65.61009694375045
2026-07-24,388,-65.61009694375045
2026-07-24,389,-65.61009694375045
2026-07-24,390,-65.61009694375045
2026-07-27,0,0.0
2026-07-27,1,0.0
2026-07-27,2,0.0
2026-07-27,3,0.0
2026-07-27,4,0.0
2026-07-27,5,0.0
2026-07-27,6,0.0
2026-07-27,7,0.0
2026-07-27,8,0.0
2026-07-27,9,0.0
2026-07-27,10,0.0
2026-07-27,11,0.0
2026-07-27,12,0.0
2026-07-27,13,0.0
2026-07-27,14,0.0
2026-07-27,15,0.0
2026-07-27,16,0.0
2026-07-27,17,0.0
2026-07-27,18,0.0
2026-07-27,19,0.0
2026-07-27,20,-5.86299719999883
2026-07-27,21,-14.463961699999189
2026-07-27,22,5.507417300000512
2026-07-27,23,-11.066253200000201
2026-07-27,24,15.443534729999541
2026-07-27,25,45.958736250000214
2026-07-27,26,81.09155000999951
2026-07-27,27,111.96317274000052
2026-07-27,28,187.23547529999988
2026-07-27,29,193.03761566142964
2026-07-27,30,199.8354010800016
2026-07-27,31,201.1725074071433
2026-07-27,32,188.54223274714298
2026-07-27,33,178.97227265714236
2026-07-27,34,177.4358512571441
2026-07-27,35,168.32244365714496
2026-07-27,36,213.03910590714298
2026-07-27,37,227.6871301571433
2026-07-27,38,218.50673616714218
2026-07-27,39,229.8725089128579
2026-07-27,40,234.42044403285772
2026-07-27,41,234.45133786285766
2026-07-27,42,228.9671660142859
2026-07-27,43,211.01735587428547
2026-07-27,44,220.7710527042865
2026-07-27,45,217.44782224428533
2026-07-27,46,219.335537004286
2026-07-27,47,215.4784140142861
2026-07-27,48,206.29894395428636
2026-07-27,49,218.74364851428584
2026-07-27,50,218.99603526428538
2026-07-27,51,221.60262137428631
2026-07-27,52,210.02013692428582
2026-07-27,53,218.63097297428587
2026-07-27,54,221.50451151428587
2026-07-27,55,213.40963406428585
2026-07-27,56,228.34646601428574
2026-07-27,57,235.32750995428665
2026-07-27,58,245.48801794428624
2026-07-27,59,254.99423451428606
2026-07-27,60,251.3286410142857
2026-07-27,61,232.47943607428613
2026-07-27,62,237.33133894285749
2026-07-27,63,237.39296156285732
2026-07-27,64,239.5007939428568
2026-07-27,65,246.6608709428568
2026-07-27,66,231.72006959285704
2026-07-27,67,215.95329094285805
2026-07-27,68,220.4234621428573
2026-07-27,69,212.75401919285764
2026-07-27,70,208.05324657214305
2026-07-27,71,198.8305780721433
2026-07-27,72,196.0045845721434
2026-07-27,73,200.68411657214307
2026-07-27,74,203.53561767214322
2026-07-27,75,208.25965807214249
2026-07-27,76,210.937734352143
2026-07-27,77,219.25633157214338
2026-07-27,78,215.35335585214287
2026-07-27,79,214.6566635721432
2026-07-27,80,204.8063265721434
2026-07-27,81,201.03602157214354
2026-07-27,82,202.7057565721435
2026-07-27,83,200.5005360721428
2026-07-27,84,202.92599457214357
2026-07-27,85,201.74073207214278
2026-07-27,86,200.1557175721436
2026-07-27,87,192.76990707214281
2026-07-27,88,184.7441325521432
2026-07-27,89,187.72601886214332
2026-07-27,90,180.39333755214315
2026-07-27,91,179.3475130521434
2026-07-27,92,180.04700705214287
2026-07-27,93,184.84662305214346
2026-07-27,94,175.57826830214339
2026-07-27,95,185.91561256214325
2026-07-27,96,161.1865273521438
2026-07-27,97,182.70635655214383
2026-07-27,98,168.6725671121436
2026-07-27,99,162.76887355214336
2026-07-27,100,173.70057555214373
2026-07-27,101,141.18304955214404
2026-07-27,102,161.5062550521434
2026-07-27,103,151.906598052144
2026-07-27,104,147.98165055214395
2026-07-27,105,125.34375188214375
2026-07-27,106,107.28034855214338
2026-07-27,107,93.44532191214421
2026-07-27,108,82.82525682214381
2026-07-27,109,138.76488855214387
2026-07-27,110,187.15489305214425
2026-07-27,111,148.44348955214474
2026-07-27,112,174.427568082145
2026-07-27,113,76.60869401214399
2026-07-27,114,71.1394243289302
2026-07-27,115,51.11874907893079
2026-07-27,116,51.31625482893037
2026-07-27,117,36.69496917893042
2026-07-27,118,24.409997828930216
2026-07-27,119,57.675698928930274
2026-07-27,120,50.925162078929134
2026-07-27,121,21.836955188931142
2026-07-27,122,-10.674240021069807
2026-07-27,123,-0.2215626710690799
2026-07-27,124,1.0612830789303302
2026-07-27,125,-28.41286410106993
2026-07-27,126,-11.598617671069196
2026-07-27,127,-48.6790641710686
2026-07-27,128,-35.374626981069625
2026-07-27,129,-32.673648674818125
2026-07-27,130,-43.26032426481962
2026-07-27,131,3.872350865181531
2026-07-27,132,30.25688156518016
2026-07-27,133,17.063912675180326
2026-07-27,134,72.232220365181
2026-07-27,135,59.264697215179524
2026-07-27,136,78.12161034518074
2026-07-27,137,7.695211765182091
2026-07-27,138,16.64366886518013
2026-07-27,139,14.193755845180842
2026-07-27,140,30.686746365180507
2026-07-27,141,89.26384709518045
2026-07-27,142,56.25137468518135
2026-07-27,143,59.344570365180644
2026-07-27,144,45.185555365180306
2026-07-27,145,96.43238475518132
2026-07-27,146,99.15496561518101
2026-07-27,147,131.7835413451807
2026-07-27,148,136.85096183518021
2026-07-27,149,158.83536920518057
2026-07-27,150,133.0572946551809
2026-07-27,151,105.1736998651809
2026-07-27,152,107.06994525518067
2026-07-27,153,155.5615370951799
2026-07-27,154,238.97549373518083
2026-07-27,155,246.3386339351811
2026-07-27,156,218.41726541518057
2026-07-27,157,201.63194115518053
2026-07-27,158,220.20813435518144
2026-07-27,159,233.93208286518058
2026-07-27,160,308.4152963451809
2026-07-27,161,290.4730807551811
2026-07-27,162,304.49053387518137
2026-07-27,163,241.2919693851813
2026-07-27,164,183.0278963651809
2026-07-27,165,205.30163389518037
2026-07-27,166,129.40459936518042
2026-07-27,167,137.01288344518102
2026-07-27,168,150.0804215351803
2026-07-27,169,173.78697066518123
2026-07-27,170,182.4848207551811
2026-07-27,171,142.880151625182
2026-07-27,172,181.08233102518088
2026-07-27,173,189.82325184518083
2026-07-27,174,237.08894982518257
2026-07-27,175,443.1359579851814
2026-07-27,176,400.85552400518145
2026-07-27,177,427.90999825518105
2026-07-27,178,434.27348684518006
2026-07-27,179,424.1056927223226
2026-07-27,180,506.7005174123236
2026-07-27,181,544.3145656323239
2026-07-27,182,486.1269173223229
2026-07-27,183,478.0851715723231
2026-07-27,184,477.58626824232283
2026-07-27,185,443.2031869023238
2026-07-27,186,502.6283538023235
2026-07-27,187,501.68794786232377
2026-07-27,188,533.460810292323
2026-07-27,189,544.4274635323229
2026-07-27,190,552.6810380923233
2026-07-27,191,513.7516314223237
2026-07-27,192,515.5181697223236
2026-07-27,193,495.9155152023237
2026-07-27,194,492.179388842324
2026-07-27,195,478.1519417223235
2026-07-27,196,496.509665752324
2026-07-27,197,512.9528212823234
2026-07-27,198,507.81051037232334
2026-07-27,199,469.2506519423233
2026-07-27,200,412.950037562323
2026-07-27,201,392.1280849723237
2026-07-27,202,378.07796014232383
2026-07-27,203,356.3691312423228
2026-07-27,204,353.22288588232414
2026-07-27,205,320.20627546232305
2026-07-27,206,337.90638767232343
2026-07-27,207,332.77935542232325
2026-07-27,208,342.9134369223233
2026-07-27,209,340.99693860232384
2026-07-27,210,340.3506231223243
2026-07-27,211,280.5692113323236
2026-07-27,212,239.1929656623237
2026-07-27,213,262.4861627260736
2026-07-27,214,239.29829572607377
2026-07-27,215,233.35291582607312
2026-07-27,216,245.77764822607296
2026-07-27,217,287.49578514607293
2026-07-27,218,277.96003926607284
2026-07-27,219,283.2922051060733
2026-07-27,220,288.8001107260736
2026-07-27,221,269.75984390607385
2026-07-27,222,332.2412762260727
2026-07-27,223,324.45431414607276
2026-07-27,224,346.82142008607366
2026-07-27,225,341.1837041060724
2026-07-27,226,295.80774800607264
2026-07-27,227,240.2941954960732
2026-07-27,228,224.3916891460729
2026-07-27,229,235.98636157607342
2026-07-27,230,321.597700226072
2026-07-27,231,305.2540937060734
2026-07-27,232,321.59283766607354
2026-07-27,233,260.79497234607334
2026-07-27,234,270.60286215607437
2026-07-27,235,204.61068822607416
2026-07-27,236,194.57470635607376
2026-07-27,237,213.86119120607424
2026-07-27,238,259.4946222260728
2026-07-27,239,219.72908012607448
2026-07-27,240,234.39740705607315
2026-07-27,241,237.79110062607367
2026-07-27,242,346.4630363460732
2026-07-27,243,385.43568879607477
2026-07-27,244,399.0816900760748
2026-07-27,245,414.63113694607415
2026-07-27,246,400.8995006260731
2026-07-27,247,331.4384352260725
2026-07-27,248,373.8183507960739
2026-07-27,249,299.99768987607376
2026-07-27,250,257.2772081560723
2026-07-27,251,320.9071236960727
2026-07-27,252,277.9035032760737
2026-07-27,253,284.28088110607354
2026-07-27,254,261.85340642607315
2026-07-27,255,214.08466872607303
2026-07-27,256,322.50797430607395
2026-07-27,257,308.591881766073
2026-07-27,258,266.87830582607313
2026-07-27,259,244.9138938160733
2026-07-27,260,273.93135948607414
2026-07-27,261,242.4032822660738
2026-07-27,262,321.3533487260737
2026-07-27,263,300.8805464260737
2026-07-27,264,405.0237680060738
2026-07-27,265,438.02359250607316
2026-07-27,266,474.65005520607326
2026-07-27,267,460.3297798946443
2026-07-27,268,479.7665869446461
2026-07-27,269,514.4850062646447
2026-07-27,270,510.4410381546454
2026-07-27,271,529.9922297546441
2026-07-27,272,496.42208915464505
2026-07-27,273,520.3030686646455
2026-07-27,274,480.57388001464426
2026-07-27,275,525.1724177107163
2026-07-27,276,479.726332440718
2026-07-27,277,502.04016179071607
2026-07-27,278,464.96462367071723
2026-07-27,279,492.32094089071734
2026-07-27,280,511.40110322071644
2026-07-27,281,513.9195749507155
2026-07-27,282,517.735046350717
2026-07-27,283,501.70987455071685
2026-07-27,284,509.3625402207159
2026-07-27,285,453.6716260607161
2026-07-27,286,399.75729795071635
2026-07-27,287,384.0532204107166
2026-07-27,288,457.05047779071566
2026-07-27,289,454.280464990716
2026-07-27,290,422.7695105507163
2026-07-27,291,433.7767612407169
2026-07-27,292,436.76636929071736
2026-07-27,293,432.025814240717
2026-07-27,294,476.3471605107167
2026-07-27,295,489.870891670717
2026-07-27,296,483.5853944407166
2026-07-27,297,465.5264064907166
2026-07-27,298,448.07661901071555
2026-07-27,299,479.92993791500317
2026-07-27,300,408.94305245500266
2026-07-27,301,385.07566265500213
2026-07-27,302,418.5083680550018
2026-07-27,303,377.12820561500183
2026-07-27,304,338.8820196150018
2026-07-27,305,350.06380828500284
2026-07-27,306,380.79373299500276
2026-07-27,307,316.3256016350017
2026-07-27,308,263.73811101500223
2026-07-27,309,231.56864404500192
2026-07-27,310,161.8688232150027
2026-07-27,311,245.8108894750019
2026-07-27,312,275.30104912500275
2026-07-27,313,257.2637023750032
2026-07-27,314,260.4112375050028
2026-07-27,315,279.24916690500174
2026-07-27,316,229.3623449350032
2026-07-27,317,214.68462311500235
2026-07-27,318,235.7016676850027
2026-07-27,319,153.43617645500206
2026-07-27,320,128.23215531500313
2026-07-27,321,338.44419216500273
2026-07-27,322,420.7838046450019
2026-07-27,323,468.5399547050019
2026-07-27,324,468.2362061250029
2026-07-27,325,550.1870454150024
2026-07-27,326,545.0664355135748
2026-07-27,327,619.1317515235738
2026-07-27,328,633.2960876435739
2026-07-27,329,699.2501587435742
2026-07-27,330,676.4280769092875
2026-07-27,331,709.0840808092884
2026-07-27,332,711.6288450092869
2026-07-27,333,714.1507519892868
2026-07-27,334,757.9539018578602
2026-07-27,335,766.8776121596452
2026-07-27,336,834.2451938096459
2026-07-27,337,911.4697694396458
2026-07-27,338,913.6849221596456
2026-07-27,339,929.6691775796457
2026-07-27,340,942.886336571074
2026-07-27,341,925.5308820810734
2026-07-27,342,893.1526132310739
2026-07-27,343,836.1373014310745
2026-07-27,344,872.420153811074
2026-07-27,345,850.1227356910733
2026-07-27,346,839.3772420810745
2026-07-27,347,856.7705325110737
2026-07-27,348,877.5404213510736
2026-07-27,349,861.2441348025026
2026-07-27,350,859.0462004025021
2026-07-27,351,845.9385296025027
2026-07-27,352,892.6471211825028
2026-07-27,353,892.1259003025023
2026-07-27,354,929.4551669325031
2026-07-27,355,894.0178782225022
2026-07-27,356,904.4569771025026
2026-07-27,357,945.9215550525033
2026-07-27,358,953.6236048025023
2026-07-27,359,1000.1862538025033
2026-07-27,360,1052.5940627567877
2026-07-27,361,1043.2009895167885
2026-07-27,362,1030.7516270167885
2026-07-27,363,1040.3645967267882
2026-07-27,364,992.8273730167887
2026-07-27,365,1030.0992835167885
2026-07-27,366,979.0102580167887
2026-07-27,367,914.620951456788
2026-07-27,368,884.6059272167887
2026-07-27,369,847.7083540167874
2026-07-27,370,853.6621202667885
2026-07-27,371,815.8505927667886
2026-07-27,372,782.5525819167889
2026-07-27,373,775.3772535167888
2026-07-27,374,774.903658016788
2026-07-27,375,773.0819760467888
2026-07-27,376,786.5447827167897
2026-07-27,377,745.1456900167893
2026-07-27,378,768.9310242967874
2026-07-27,379,798.7152964367897
2026-07-27,380,790.4089021667885
2026-07-27,381,766.4708470167888
2026-07-27,382,773.7681331667893
2026-07-27,383,806.8540271967893
2026-07-27,384,831.2167770167891
2026-07-27,385,832.9227265167888
2026-07-27,386,832.9227265167888
2026-07-27,387,832.9227265167888
2026-07-27,388,832.9227265167888
2026-07-27,389,832.9227265167888
2026-07-27,390,832.9227265167888
2026-07-28,0,0.0
2026-07-28,1,0.0
2026-07-28,2,0.0
2026-07-28,3,0.0
2026-07-28,4,0.0
2026-07-28,5,0.0
2026-07-28,6,0.0
2026-07-28,7,0.0
2026-07-28,8,0.0
2026-07-28,9,0.0
2026-07-28,10,0.0
2026-07-28,11,0.0
2026-07-28,12,0.0
2026-07-28,13,0.0
2026-07-28,14,0.0
2026-07-28,15,0.0
2026-07-28,16,0.0
2026-07-28,17,0.0
2026-07-28,18,0.0
2026-07-28,19,0.0
2026-07-28,20,-1.2059069999990015
2026-07-28,21,-14.234081999999603
2026-07-28,22,-8.25466850000042
2026-07-28,23,-19.942310000000447
2026-07-28,24,-24.568620580000456
2026-07-28,25,-27.056356080000413
2026-07-28,26,-66.43710149642851
2026-07-28,27,-42.509154056428585
2026-07-28,28,-16.27650705642867
2026-07-28,29,8.455917943571663
2026-07-28,30,-19.023886216428693
2026-07-28,31,1.2373856935720227
2026-07-28,32,-34.28131782642821
2026-07-28,33,-44.950046556429
2026-07-28,34,-25.542740056428315
2026-07-28,35,-69.65679176642843
2026-07-28,36,-44.001892516428434
2026-07-28,37,-22.109512556427838
2026-07-28,38,-0.2976455564283853
2026-07-28,39,12.819031943571147
2026-07-28,40,1.7612469235726493
2026-07-28,41,-2.8343483649991015
2026-07-28,42,5.445921565000617
2026-07-28,43,23.087929565000778
2026-07-28,44,39.23700156500073
2026-07-28,45,17.022678405000924
2026-07-28,46,41.83416478321513
2026-07-28,47,59.4629584932148
2026-07-28,48,48.79743005321541
2026-07-28,49,76.91073577321554
2026-07-28,50,70.73234549321535
2026-07-28,51,60.17525499321607
2026-07-28,52,59.16530591321488
2026-07-28,53,42.463611893214654
2026-07-28,54,45.03385883321516
2026-07-28,55,52.55476299321589
2026-07-28,56,39.52935252321565
2026-07-28,57,52.824415193215295
2026-07-28,58,43.513469993215594
2026-07-28,59,41.6160302732152
2026-07-28,60,57.084623493216114
2026-07-28,61,39.99431156321493
2026-07-28,62,35.35360949321528
2026-07-28,63,27.662054413215053
2026-07-28,64,53.524004493215685
2026-07-28,65,37.66115524321534
2026-07-28,66,28.158058113215453
2026-07-28,67,1.8198984932147866
2026-07-28,68,18.750906443215342
2026-07-28,69,22.75553125321538
2026-07-28,70,-1.8388115067845305
2026-07-28,71,-15.403296656783759
2026-07-28,72,-0.9029061667854421
2026-07-28,73,-11.23777154678482
2026-07-28,74,-3.231504566784423
2026-07-28,75,6.69562203321555
2026-07-28,76,5.1810505332153625
2026-07-28,77,-11.92555211678468
2026-07-28,78,-23.655118006784313
2026-07-28,79,-45.63365367678454
2026-07-28,80,-39.26001390392788
2026-07-28,81,-52.31519336392751
2026-07-28,82,-29.883549323927333
2026-07-28,83,-65.69494936392734
2026-07-28,84,-45.07075511392736
2026-07-28,85,-54.85859286392735
2026-07-28,86,-58.81366836392768
2026-07-28,87,-43.03009119392804
2026-07-28,88,-24.39802206392639
2026-07-28,89,-16.50937691392791
2026-07-28,90,-33.89722586392738
2026-07-28,91,-13.206412863927795
2026-07-28,92,1.0251671560727544
2026-07-28,93,7.786249166072373
2026-07-28,94,11.19836129607252
2026-07-28,95,8.94719927607278
2026-07-28,96,-1.5055718339274193
2026-07-28,97,0.1495016360726069
2026-07-28,98,-2.324733863927406
2026-07-28,99,-1.9739378639269844
2026-07-28,100,10.100544636073089
2026-07-28,101,12.3006746360727
2026-07-28,102,-1.4007503639269245
2026-07-28,103,-2.426491474640951
2026-07-28,104,-1.5664274746404807
2026-07-28,105,-23.645918824641374
2026-07-28,106,-21.363319534641395
2026-07-28,107,-20.152224534640485
2026-07-28,108,-43.278498724641295
2026-07-28,109,-45.59580568160479
2026-07-28,110,-87.55251797160469
2026-07-28,111,-97.04881197160489
2026-07-28,112,-90.28796909339073
2026-07-28,113,-91.54176651339057
2026-07-28,114,-104.04824801339011
2026-07-28,115,-116.45419697196144
2026-07-28,116,-90.63787764196299
2026-07-28,117,-97.24056694196277
2026-07-28,118,-121.34177244196188
2026-07-28,119,-117.6418415219615
2026-07-28,120,-96.85618294196226
2026-07-28,121,-98.8162259419615
2026-07-28,122,-121.61957264196165
2026-07-28,123,-121.75189538196187
2026-07-28,124,-134.45668094196176
2026-07-28,125,-146.9475509419624
2026-07-28,126,-129.73795494196258
2026-07-28,127,-126.19225644196273
2026-07-28,128,-137.5240907366051
2026-07-28,129,-134.47148493660512
2026-07-28,130,-130.33523323660413
2026-07-28,131,-133.00290093660527
2026-07-28,132,-116.45359268660556
2026-07-28,133,-138.2562066866051
2026-07-28,134,-148.1720351866051
2026-07-28,135,-170.23732522660455
2026-07-28,136,-191.91166460660503
2026-07-28,137,-191.39642318660515
2026-07-28,138,-195.2664442466041
2026-07-28,139,-188.14179068660377
2026-07-28,140,-177.69471275660482
2026-07-28,141,-173.4472155866049
2026-07-28,142,-171.05116118660476
2026-07-28,143,-205.46040818660487
2026-07-28,144,-187.14859136660445
2026-07-28,145,-176.3256336866051
2026-07-28,146,-186.61770842660505
2026-07-28,147,-195.69336068660468
2026-07-28,148,-183.6719789366054
2026-07-28,149,-169.01384468660478
2026-07-28,150,-191.13917168660544
2026-07-28,151,-202.71684983660484
2026-07-28,152,-203.78416718660426
2026-07-28,153,-206.18155079660542
2026-07-28,154,-195.06064943660488
2026-07-28,155,-204.90099518196118
2026-07-28,156,-172.6657169019616
2026-07-28,157,-139.60242740196244
2026-07-28,158,-134.2111224519624
2026-07-28,159,-125.18247338196201
2026-07-28,160,-121.02923501124738
2026-07-28,161,-134.5361024826769
2026-07-28,162,-122.61937003267681
2026-07-28,163,-113.32028908267571
2026-07-28,164,-112.26889423267568
2026-07-28,165,-102.39575158267692
2026-07-28,166,-113.1499700826765
2026-07-28,167,-122.82208678267656
2026-07-28,168,-139.3788181626763
2026-07-28,169,-148.43127763267606
2026-07-28,170,-139.44343258267605
2026-07-28,171,-131.00239792267584
2026-07-28,172,-119.9445845826763
2026-07-28,173,-108.81343576267582
2026-07-28,174,-120.85369558267675
2026-07-28,175,-120.85869508267618
2026-07-28,176,-125.43259159267652
2026-07-28,177,-120.15959890267675
2026-07-28,178,-127.98768808267636
2026-07-28,179,-135.8524475826761
2026-07-28,180,-93.17244576267623
2026-07-28,181,-85.69134285267523
2026-07-28,182,-92.81307286839026
2026-07-28,183,-96.85971613838953
2026-07-28,184,-91.15384396839086
2026-07-28,185,-86.77405486839054
2026-07-28,186,-80.99651506839122
2026-07-28,187,-88.58948140838972
2026-07-28,188,-90.21030736839035
2026-07-28,189,-108.13141123839151
2026-07-28,190,-112.12996336839021
2026-07-28,191,-129.11722123839075
2026-07-28,192,-124.49537788839078
2026-07-28,193,-131.4468756183907
2026-07-28,194,-132.93952036839056
2026-07-28,195,-135.7608561183909
2026-07-28,196,-117.1083733683918
2026-07-28,197,-112.4882801883904
2026-07-28,198,-125.1166483683904
2026-07-28,199,-115.41316486839068
2026-07-28,200,-120.41863036839024
2026-07-28,201,-118.59952636839083
2026-07-28,202,-115.1658277683909
2026-07-28,203,-120.28885726839101
2026-07-28,204,-118.38017431839103
2026-07-28,205,-117.25003936839175
2026-07-28,206,-114.31583281839076
2026-07-28,207,-128.98445386839094
2026-07-28,208,-125.36468986839034
2026-07-28,209,-129.87394486839077
2026-07-28,210,-167.1086463821404
2026-07-28,211,-167.45079945214113
2026-07-28,212,-149.32697380214006
2026-07-28,213,-163.27526254213987
2026-07-28,214,-157.31497915214027
2026-07-28,215,-163.96262785214012
2026-07-28,216,-166.50037641213993
2026-07-28,217,-183.30446537214053
2026-07-28,218,-161.77387015214086
2026-07-28,219,-133.28082219214036
2026-07-28,220,-110.5887151521398
2026-07-28,221,-113.94796425213987
2026-07-28,222,-123.2820239021406
2026-07-28,223,-121.69681077624739
2026-07-28,224,-118.82466753624647
2026-07-28,225,-127.3085128662469
2026-07-28,226,-110.4195095062465
2026-07-28,227,-88.7831305862469
2026-07-28,228,-83.08810909624664
2026-07-28,229,-99.69499261624613
2026-07-28,230,-132.02307579624735
2026-07-28,231,-127.13985971624759
2026-07-28,232,-114.4958914562466
2026-07-28,233,-115.2765160662461
2026-07-28,234,-93.7253767162477
2026-07-28,235,-89.61823411624691
2026-07-28,236,-87.3492892162482
2026-07-28,237,-91.46945041624662
2026-07-28,238,-80.50377977624814
2026-07-28,239,-80.40351871624625
2026-07-28,240,-72.60927096624775
2026-07-28,241,-71.25564521624722
2026-07-28,242,-79.91867349624778
2026-07-28,243,-86.40649593624735
2026-07-28,244,-91.4148397162476
2026-07-28,245,-98.12181547624749
2026-07-28,246,-83.77825921624816
2026-07-28,247,-78.2029957162479
2026-07-28,248,-80.26408585624644
2026-07-28,249,-63.91626999624725
2026-07-28,250,-67.62646372624701
2026-07-28,251,-57.68058721624653
2026-07-28,252,-44.96420461624641
2026-07-28,253,-27.217511076247476
2026-07-28,254,-16.31508943624683
2026-07-28,255,-19.411032416247572
2026-07-28,256,-8.509886296246805
2026-07-28,257,-2.621629356247375
2026-07-28,258,-9.358802806246928
2026-07-28,259,-2.643286816246871
2026-07-28,260,19.02667114375231
2026-07-28,261,11.364859783753609
2026-07-28,262,30.01162628375249
2026-07-28,263,33.79408503375275
2026-07-28,264,60.96662162375307
2026-07-28,265,51.73505416660938
2026-07-28,266,30.016045426609885
2026-07-28,267,17.263717226609884
2026-07-28,268,5.6030792266094736
2026-07-28,269,-16.452115113389453
2026-07-28,270,-44.676674867855894
2026-07-28,271,-37.52288761785473
2026-07-28,272,-21.58755093785534
2026-07-28,273,-13.941865817854826
2026-07-28,274,-19.24811747785413
2026-07-28,275,-10.974445017855224
2026-07-28,276,4.129734132145629
2026-07-28,277,13.31031394214498
2026-07-28,278,5.864934382144689
2026-07-28,279,-4.771341304997378
2026-07-28,280,3.4394659250022315
2026-07-28,281,10.90894512500153
2026-07-28,282,8.537144605002638
2026-07-28,283,3.3222800250031668
2026-07-28,284,19.989937745001896
2026-07-28,285,8.035706485002088
2026-07-28,286,34.83180291500277
2026-07-28,287,30.382975755001723
2026-07-28,288,45.57533302500268
2026-07-28,289,36.97073052500271
2026-07-28,290,26.55651477500262
2026-07-28,291,8.548157625002787
2026-07-28,292,-1.5002787049974842
2026-07-28,293,6.047278285001994
2026-07-28,294,18.425865925003016
2026-07-28,295,7.804647885001884
2026-07-28,296,6.354933925002186
2026-07-28,297,14.912343475003532
2026-07-28,298,2.918037025002448
2026-07-28,299,-3.2189822249978803
2026-07-28,300,-3.5339122649970705
2026-07-28,301,10.882712465001639
2026-07-28,302,15.05615478500303
2026-07-28,303,-3.272631774997599
2026-07-28,304,-3.511356514997246
2026-07-28,305,2.09613502500288
2026-07-28,306,18.822384525002683
2026-07-28,307,9.827066025002807
2026-07-28,308,12.87252167500278
2026-07-28,309,24.363381445003043
2026-07-28,310,18.914780885002678
2026-07-28,311,13.464181865002466
2026-07-28,312,18.090881525002786
2026-07-28,313,9.162387685003381
2026-07-28,314,6.81644889500199
2026-07-28,315,-2.813293724996896
2026-07-28,316,-42.96535618499752
2026-07-28,317,-30.358705974997626
2026-07-28,318,-6.571902107319341
2026-07-28,319,-11.513681347318725
2026-07-28,320,-18.75092486731826
2026-07-28,321,-17.483468807318452
2026-07-28,322,-11.524466167318737
2026-07-28,323,-2.353529167319282
2026-07-28,324,-6.584774087318118
2026-07-28,325,-20.246218247319263
2026-07-28,326,-28.449470527318717
2026-07-28,327,-40.1438007473194
2026-07-28,328,-47.28628199731826
2026-07-28,329,-46.54816710731885
2026-07-28,330,-58.95701174731755
2026-07-28,331,-53.86207924731826
2026-07-28,332,-53.69365630731792
2026-07-28,333,-64.25875874731801
2026-07-28,334,-71.80967630731843
2026-07-28,335,-71.58447524731778
2026-07-28,336,-43.20664719731867
2026-07-28,337,-40.568167887317756
2026-07-28,338,-30.755079747317097
2026-07-28,339,-30.260474207319135
2026-07-28,340,-54.27391444731842
2026-07-28,341,-52.49826574731887
2026-07-28,342,-54.38582099731889
2026-07-28,343,-62.72549566731803
2026-07-28,344,-82.68821996731897
2026-07-28,345,-75.91214049731859
2026-07-28,346,-50.643864767318306
2026-07-28,347,-46.57473590731817
2026-07-28,348,-68.88924726731908
2026-07-28,349,-53.908968197318146
2026-07-28,350,-60.74416379731804
2026-07-28,351,-63.11473574731903
2026-07-28,352,-85.70531154731816
2026-07-28,353,-95.94102614731874
2026-07-28,354,-88.1624082473192
2026-07-28,355,-72.9769807473188
2026-07-28,356,-61.56694992731883
2026-07-28,357,-63.72872900731848
2026-07-28,358,-76.06261238731842
2026-07-28,359,-67.15105824731853
2026-07-28,360,-58.19761024731801
2026-07-28,361,-56.337084747318244
2026-07-28,362,-47.16681784731804
2026-07-28,363,-49.903060247318194
2026-07-28,364,-49.58781576731815
2026-07-28,365,-25.847510827318345
2026-07-28,366,-19.27998724731777
2026-07-28,367,-14.968151967318
2026-07-28,368,-31.941696247317715
2026-07-28,369,-26.276890747318255
2026-07-28,370,-37.30232942731769
2026-07-28,371,-23.806593727318337
2026-07-28,372,-19.918461150889712
2026-07-28,373,-16.788507030889875
2026-07-28,374,-20.106676320889797
2026-07-28,375,-5.660248940889021
2026-07-28,376,-15.974205240889866
2026-07-28,377,-31.53009668088935
2026-07-28,378,-21.90013382088987
2026-07-28,379,-45.02696134089015
2026-07-28,380,-39.54373457088934
2026-07-28,381,-34.62972967088923
2026-07-28,382,-55.05817332088964
2026-07-28,383,-49.41087695053231
2026-07-28,384,-65.91703537053222
2026-07-28,385,-60.12670735053226
2026-07-28,386,-60.12670735053226
2026-07-28,387,-60.12670735053226
2026-07-28,388,-60.12670735053226
2026-07-28,389,-60.12670735053226
2026-07-28,390,-60.12670735053226
2026-07-29,0,0.0
2026-07-29,1,0.0
2026-07-29,2,0.0
2026-07-29,3,0.0
2026-07-29,4,0.0
2026-07-29,5,0.0
2026-07-29,6,0.0
2026-07-29,7,0.0
2026-07-29,8,0.0
2026-07-29,9,0.0
2026-07-29,10,0.0
2026-07-29,11,0.0
2026-07-29,12,0.0
2026-07-29,13,0.0
2026-07-29,14,0.0
2026-07-29,15,0.0
2026-07-29,16,0.0
2026-07-29,17,0.0
2026-07-29,18,0.0
2026-07-29,19,0.0
2026-07-29,20,1.4034950000003903
2026-07-29,21,35.79263839999982
2026-07-29,22,39.061168899999586
2026-07-29,23,36.92159391785826
2026-07-29,24,65.40309179785757
2026-07-29,25,107.21404591785735
2026-07-29,26,103.55338213214316
2026-07-29,27,113.67111963214285
2026-07-29,28,143.8900401321423
2026-07-29,29,161.5810851321429
2026-07-29,30,139.2682290678569
2026-07-29,31,105.88502456785696
2026-07-29,32,95.18669456785732
2026-07-29,33,96.56403006785663
2026-07-29,34,79.3629890678557
2026-07-29,35,72.12623456785599
2026-07-29,36,58.9826760678558
2026-07-29,37,67.46895856785545
2026-07-29,38,93.5633380078553
2026-07-29,39,75.295535122856
2026-07-29,40,79.87015212285664
2026-07-29,41,97.28529212285665
2026-07-29,42,110.70794610285614
2026-07-29,43,97.28212531999907
2026-07-29,44,105.3319084799991
2026-07-29,45,106.19063847999908
2026-07-29,46,131.63912547999948
2026-07-29,47,145.10032457999887
2026-07-29,48,132.42025515999862
2026-07-29,49,125.6321337214276
2026-07-29,50,130.04344860142734
2026-07-29,51,159.3951703014272
2026-07-29,52,161.30481930142827
2026-07-29,53,199.12765380142721
2026-07-29,54,143.68824980142728
2026-07-29,55,167.21356630142822
2026-07-29,56,172.2791268014282
2026-07-29,57,165.5050353014273
2026-07-29,58,164.3246934814274
2026-07-29,59,163.74268791071336
2026-07-29,60,184.94628841071383
2026-07-29,61,182.76656241071345
2026-07-29,62,181.01662741071337
2026-07-29,63,191.2751534107135
2026-07-29,64,182.35413161071355
2026-07-29,65,205.76520253071365
2026-07-29,66,212.12414841071313
2026-07-29,67,211.8799639107137
2026-07-29,68,229.5259284107136
2026-07-29,69,227.437329410714
2026-07-29,70,221.48014041071303
2026-07-29,71,214.93106541071333
2026-07-29,72,212.65318536964173
2026-07-29,73,212.06794686964136
2026-07-29,74,215.42286236964162
2026-07-29,75,207.26379636964185
2026-07-29,76,211.713081369642
2026-07-29,77,202.23315336964197
2026-07-29,78,206.29746986964133
2026-07-29,79,212.60275036964163
2026-07-29,80,214.71032111964212
2026-07-29,81,199.15098536964217
2026-07-29,82,196.25093536964147
2026-07-29,83,211.20841876964187
2026-07-29,84,216.34076436964165
2026-07-29,85,233.8060108696415
2026-07-29,86,228.4772278696414
2026-07-29,87,222.21233136964213
2026-07-29,88,218.61625186964162
2026-07-29,89,222.22534286964185
2026-07-29,90,211.9839388696414
2026-07-29,91,208.57950836964164
2026-07-29,92,206.57606806964202
2026-07-29,93,213.988159369642
2026-07-29,94,221.86325686964176
2026-07-29,95,230.60044186964174
2026-07-29,96,234.35504836964208
2026-07-29,97,239.67956786964155
2026-07-29,98,226.7243093696415
2026-07-29,99,224.03878986964185
2026-07-29,100,218.80374636964183
2026-07-29,101,213.84689516964195
2026-07-29,102,222.268569829642
2026-07-29,103,219.36825886964164
2026-07-29,104,220.7753421896423
2026-07-29,105,242.39444364964214
2026-07-29,106,274.1034674296425
2026-07-29,107,262.1969207296414
2026-07-29,108,273.91620872964177
2026-07-29,109,186.80393438964245
2026-07-29,110,157.26517636964223
2026-07-29,111,205.51386315964118
2026-07-29,112,227.46946019964184
2026-07-29,113,280.9964961796415
2026-07-29,114,285.54602402964184
2026-07-29,115,265.59618745964224
2026-07-29,116,200.20415927964277
2026-07-29,117,173.358063106785
2026-07-29,118,181.4106908167854
2026-07-29,119,109.1870267467852
2026-07-29,120,140.13745984107044
2026-07-29,121,138.3800075210711
2026-07-29,122,151.20891463107014
2026-07-29,123,200.1350244310707
2026-07-29,124,143.87438803107145
2026-07-29,125,213.08318625107074
2026-07-29,126,192.54933586107094
2026-07-29,127,199.94808736678502
2026-07-29,128,104.40376081678426
2026-07-29,129,49.18907053678598
2026-07-29,130,24.778454066784377
2026-07-29,131,47.30235343678605
2026-07-29,132,-17.54967002321459
2026-07-29,133,-24.354004853215606
2026-07-29,134,21.77906828678433
2026-07-29,135,-20.2321071932156
2026-07-29,136,19.30409657678472
2026-07-29,137,33.01219879678545
2026-07-29,138,25.262407816785267
2026-07-29,139,38.15379160678384
2026-07-29,140,13.225604566785329
2026-07-29,141,2.7354626867848566
2026-07-29,142,11.709070346786167
2026-07-29,143,-59.164479713215414
2026-07-29,144,-132.6326894332155
2026-07-29,145,-244.64223156946522
2026-07-29,146,-204.4131482962504
2026-07-29,147,-172.87630377625163
2026-07-29,148,-185.53294658625052
2026-07-29,149,-46.026102676251064
2026-07-29,150,-106.81800388625085
2026-07-29,151,-167.64957509625123
2026-07-29,152,-231.15219636625028
2026-07-29,153,-290.817609276251
2026-07-29,154,-368.8212843662518
2026-07-29,155,-460.61169857625094
2026-07-29,156,-473.21023428624983
2026-07-29,157,-463.65420495767853
2026-07-29,158,-420.2763553126784
2026-07-29,159,-438.6077618626787
2026-07-29,160,-426.39427436267846
2026-07-29,161,-539.6958050926794
2026-07-29,162,-539.5538313826778
2026-07-29,163,-644.8665109726775
2026-07-29,164,-726.2170390478587
2026-07-29,165,-628.6889649778567
2026-07-29,166,-759.0716293178571
2026-07-29,167,-699.7994872078577
2026-07-29,168,-534.275784975714
2026-07-29,169,-522.1466678957156
2026-07-29,170,-391.305266255715
2026-07-29,171,-446.9254988857152
2026-07-29,172,-271.24054113571594
2026-07-29,173,-105.45723127571512
2026-07-29,174,-110.64674428571533
2026-07-29,175,2.0675031542840117
2026-07-29,176,179.5446857042842
2026-07-29,177,83.62140517428531
2026-07-29,178,262.33291414428453
2026-07-29,179,188.52625348428546
2026-07-29,180,422.2448661242851
2026-07-29,181,372.92514211428556
2026-07-29,182,270.8436115542858
2026-07-29,183,230.94275129428542
2026-07-29,184,92.236227304285
2026-07-29,185,-97.04639399571417
2026-07-29,186,-176.39168086928623
2026-07-29,187,-14.918383609285058
2026-07-29,188,42.891745850714074
2026-07-29,189,106.52244813071368
2026-07-29,190,215.9386312807148
2026-07-29,191,208.73337650071505
2026-07-29,192,32.08357685071245
2026-07-29,193,-135.72824132928727
2026-07-29,194,-122.82936044928718
2026-07-29,195,-141.91013293928634
2026-07-29,196,-104.40457377928544
2026-07-29,197,115.88488012071437
2026-07-29,198,67.37689954071521
2026-07-29,199,253.15119217071435
2026-07-29,200,242.31180160928474
2026-07-29,201,228.7036484692856
2026-07-29,202,403.97649435928537
2026-07-29,203,395.2982352692866
2026-07-29,204,293.7159465192853
2026-07-29,205,392.91740874928416
2026-07-29,206,408.20741451785744
2026-07-29,207,449.760914827857
2026-07-29,208,413.53064422785553
2026-07-29,209,515.7953206778569
2026-07-29,210,692.0618081778563
2026-07-29,211,801.0439605464288
2026-07-29,212,799.3374961507152
2026-07-29,213,917.5796848407134
2026-07-29,214,1075.9681963735698
2026-07-29,215,922.2224555349997
2026-07-29,216,1073.7113727149997
2026-07-29,217,1015.1261019549995
2026-07-29,218,1060.7625132249996
2026-07-29,219,1069.7746183349996
2026-07-29,220,1132.102224464999
2026-07-29,221,1197.2667120135707
2026-07-29,222,1226.1484455335717
2026-07-29,223,1261.0340209635722
2026-07-29,224,1290.3002044235723
2026-07-29,225,1249.388355623571
2026-07-29,226,1233.6412383735708
2026-07-29,227,1201.764763355001
2026-07-29,228,1212.0402734664299
2026-07-29,229,1172.4453564164282
2026-07-29,230,1184.941976466428
2026-07-29,231,1217.3998412664287
2026-07-29,232,1183.7904694964282
2026-07-29,233,1195.1416532264266
2026-07-29,234,1062.2398408464285
2026-07-29,235,1006.0977270964277
2026-07-29,236,1067.3777923864275
2026-07-29,237,972.5771979264281
2026-07-29,238,948.0530849564273
2026-07-29,239,875.220336136429
2026-07-29,240,879.3540613264282
2026-07-29,241,972.5134703664282
2026-07-29,242,999.973505546428
2026-07-29,243,1129.3071134764293
2026-07-29,244,1076.9057542964279
2026-07-29,245,1009.384475816428
2026-07-29,246,936.3292443264279
2026-07-29,247,978.2919804164287
2026-07-29,248,954.2395082264292
2026-07-29,249,924.4444113864287
2026-07-29,250,928.3108640964283
2026-07-29,251,951.6901389264273
2026-07-29,252,899.3380726264279
2026-07-29,253,1023.2102302564293
2026-07-29,254,1015.0875407664282
2026-07-29,255,982.1702213464284
2026-07-29,256,960.7912589564287
2026-07-29,257,982.1785554178564
2026-07-29,258,1050.3365414964276
2026-07-29,259,1079.8018583264286
2026-07-29,260,1090.219858466429
2026-07-29,261,1151.4739572864287
2026-07-29,262,1096.4110780264273
2026-07-29,263,1154.656444306428
2026-07-29,264,1077.5454385164282
2026-07-29,265,1073.8892598664281
2026-07-29,266,1014.1761956864286
2026-07-29,267,980.0760360464284
2026-07-29,268,966.0315526564285
2026-07-29,269,1038.0336535664278
2026-07-29,270,1503.336580116427
2026-07-29,271,1501.294726161071
2026-07-29,272,1407.7321275096424
2026-07-29,273,1357.6147419096426
2026-07-29,274,1288.3513529696424
2026-07-29,275,1281.9001641296434
2026-07-29,276,1281.1795572996423
2026-07-29,277,1317.6317906796432
2026-07-29,278,1334.7500445996434
2026-07-29,279,1363.8731728896444
2026-07-29,280,1377.607431209642
2026-07-29,281,1346.4439439782145
2026-07-29,282,1336.2457808782167
2026-07-29,283,1345.0673418382162
2026-07-29,284,1345.6524407582147
2026-07-29,285,1301.4992323282147
2026-07-29,286,1301.5936917482154
2026-07-29,287,1346.6121508282174
2026-07-29,288,1337.4728803082148
2026-07-29,289,1415.968198118214
2026-07-29,290,1426.2522397339294
2026-07-29,291,1420.4728501967863
2026-07-29,292,1423.468788126786
2026-07-29,293,1452.7455642067873
2026-07-29,294,1477.7451494439285
2026-07-29,295,1493.1597862139288
2026-07-29,296,1502.8811667253578
2026-07-29,297,1529.5072033253575
2026-07-29,298,1530.1278730053575
2026-07-29,299,1526.7748696453575
2026-07-29,300,1477.7682171453575
2026-07-29,301,1581.863503485358
2026-07-29,302,1535.045901985358
2026-07-29,303,1543.6281415953567
2026-07-29,304,1592.943272915357
2026-07-29,305,1605.4919756310721
2026-07-29,306,1604.7601494839312
2026-07-29,307,1615.9171827439295
2026-07-29,308,1592.6109414639307
2026-07-29,309,1576.161527313931
2026-07-29,310,1587.9103868939303
2026-07-29,311,1665.9837537939295
2026-07-29,312,1691.1311849653587
2026-07-29,313,1664.7262711553578
2026-07-29,314,1682.7842336678577
2026-07-29,315,1653.0820633716098
2026-07-29,316,1646.9671926616097
2026-07-29,317,1600.9227043216094
2026-07-29,318,1664.7984399801803
2026-07-29,319,1539.5186352901803
2026-07-29,320,1486.78240765018
2026-07-29,321,1475.905590490181
2026-07-29,322,1418.8161486301817
2026-07-29,323,1301.533150565896
2026-07-29,324,1242.0379348569663
2026-07-29,325,1257.1636264776835
2026-07-29,326,1351.089219857682
2026-07-29,327,1358.5947792776813
2026-07-29,328,1179.5502462376814
2026-07-29,329,1166.5108171967895
2026-07-29,330,1299.8161120767877
2026-07-29,331,721.3193232900046
2026-07-29,332,900.0556486200037
2026-07-29,333,1267.2672126571467
2026-07-29,334,1475.9242443371481
2026-07-29,335,1659.3101946071488
2026-07-29,336,1640.2948736371468
2026-07-29,337,1967.8306563471476
2026-07-29,338,2065.2957233171464
2026-07-29,339,2177.611838521433
2026-07-29,340,2295.562765851433
2026-07-29,341,1943.1410130857173
2026-07-29,342,2032.7998682794682
2026-07-29,343,1907.541868839468
2026-07-29,344,1984.5778620694696
2026-07-29,345,1871.3583007394682
2026-07-29,346,2131.7261959094685
2026-07-29,347,2439.7712263494677
2026-07-29,348,2581.050219122324
2026-07-29,349,2610.427172172325
2026-07-29,350,2791.2995067123243
2026-07-29,351,2901.188452905183
2026-07-29,352,2935.226831588038
2026-07-29,353,2967.4364363483946
2026-07-29,354,2963.6944125541095
2026-07-29,355,3060.3706724483955
2026-07-29,356,3081.805618982681
2026-07-29,357,3076.1814234112517
2026-07-29,358,3058.469330391252
2026-07-29,359,3047.0058564912524
2026-07-29,360,3013.6310077912512
2026-07-29,361,3049.576345961252
2026-07-29,362,3128.108263971253
2026-07-29,363,3195.9029090112526
2026-07-29,364,3186.201736216967
2026-07-29,365,3187.5864647069666
2026-07-29,366,3183.0889456969676
2026-07-29,367,3183.670187196967
2026-07-29,368,3217.9061110569664
2026-07-29,369,3207.373837318394
2026-07-29,370,3204.329511778395
2026-07-29,371,3198.095000061253
2026-07-29,372,3223.1946920612518
2026-07-29,373,3216.7251780612523
2026-07-29,374,3218.1829975612523
2026-07-29,375,3211.4257630246457
2026-07-29,376,3216.180477296074
2026-07-29,377,3211.812680096074
2026-07-29,378,3217.7679555960744
2026-07-29,379,3220.7627751160735
2026-07-29,380,3225.503209096073
2026-07-29,381,3227.0633650960744
2026-07-29,382,3229.0441631560734
2026-07-29,383,3229.3535940960737
2026-07-29,384,3227.1133700960736
2026-07-29,385,3217.228064274645
2026-07-29,386,3217.228064274645
2026-07-29,387,3217.228064274645
2026-07-29,388,3217.228064274645
2026-07-29,389,3217.228064274645
2026-07-29,390,3217.228064274645
2026-07-30,0,0.0
2026-07-30,1,0.0
2026-07-30,2,0.0
2026-07-30,3,0.0
2026-07-30,4,0.0
2026-07-30,5,0.0
2026-07-30,6,0.0
2026-07-30,7,0.0
2026-07-30,8,0.0
2026-07-30,9,0.0
2026-07-30,10,0.0
2026-07-30,11,0.0
2026-07-30,12,0.0
2026-07-30,13,0.0
2026-07-30,14,0.0
2026-07-30,15,0.0
2026-07-30,16,0.0
2026-07-30,17,0.0
2026-07-30,18,0.0
2026-07-30,19,0.0
2026-07-30,20,-69.1571519499997
2026-07-30,21,-74.50268644999946
2026-07-30,22,-60.65634595499965
2026-07-30,23,-65.55006615303522
2026-07-30,24,-90.17132803303532
2026-07-30,25,-100.55817353303523
2026-07-30,26,-90.3721793530356
2026-07-30,27,-91.91913403303545
2026-07-30,28,-81.47809003303492
2026-07-30,29,-79.67290953303537
2026-07-30,30,-52.76152103303467
2026-07-30,31,-79.0141460330346
2026-07-30,32,-108.95141403232084
2026-07-30,33,-103.35295424232069
2026-07-30,34,-76.52317153232096
2026-07-30,35,-48.19645053232122
2026-07-30,36,-34.82011303232048
2026-07-30,37,12.769645467680235
2026-07-30,38,46.04597276767971
2026-07-30,39,32.79960423625079
2026-07-30,40,25.121866256251515
2026-07-30,41,43.00005389625198
2026-07-30,42,39.92054597625207
2026-07-30,43,66.25237889625193
2026-07-30,44,54.02506646767995
2026-07-30,45,59.235374217680146
2026-07-30,46,45.881538967679774
2026-07-30,47,76.05564402767973
2026-07-30,48,35.98153124767978
2026-07-30,49,30.926843210536788
2026-07-30,50,9.272205710537264
2026-07-30,51,-4.086390079462809
2026-07-30,52,7.700666231965542
2026-07-30,53,0.2994942719664948
2026-07-30,54,9.961360201965363
2026-07-30,55,-15.11722727803361
2026-07-30,56,5.02945134196537
2026-07-30,57,-37.31997531803398
2026-07-30,58,-58.606499283748434
2026-07-30,59,-76.40027210053456
2026-07-30,60,-63.4556026005329
2026-07-30,61,-73.36755360053454
2026-07-30,62,-82.72724160053352
2026-07-30,63,-85.9470196005332
2026-07-30,64,-78.25424222053333
2026-07-30,65,-96.70604760053385
2026-07-30,66,-103.61718660053262
2026-07-30,67,-100.24396535053417
2026-07-30,68,-108.8735202005341
2026-07-30,69,-113.15274022053396
2026-07-30,70,-112.71078360053342
2026-07-30,71,-127.96243660053412
2026-07-30,72,-140.9797513880335
2026-07-30,73,-120.17714333803373
2026-07-30,74,-103.34278388803419
2026-07-30,75,-93.0084734080336
2026-07-30,76,-72.70918059803323
2026-07-30,77,-74.30832461803385
2026-07-30,78,-90.41642738803341
2026-07-30,79,-90.6966113880332
2026-07-30,80,-82.63492138803407
2026-07-30,81,-59.51302538803391
2026-07-30,82,-65.6628323880335
2026-07-30,83,-44.27605788803335
2026-07-30,84,-49.3644268880342
2026-07-30,85,-33.42176960231977
2026-07-30,86,-23.737982289462536
2026-07-30,87,-20.488097429462513
2026-07-30,88,-25.068683459462804
2026-07-30,89,-29.22431095946284
2026-07-30,90,-34.076716459461906
2026-07-30,91,-50.380822959462606
2026-07-30,92,-53.70105809946256
2026-07-30,93,-61.0833769594626
2026-07-30,94,-50.86280295946224
2026-07-30,95,-51.24558907946208
2026-07-30,96,-64.01928845946196
2026-07-30,97,-70.59324195946267
2026-07-30,98,-53.43250591946244
2026-07-30,99,-51.50693331946283
2026-07-30,100,-52.0363987094625
2026-07-30,101,-59.94134749946264
2026-07-30,102,-73.58410984946268
2026-07-30,103,-98.74173203803323
2026-07-30,104,-73.72959878803286
2026-07-30,105,-63.63586668803363
2026-07-30,106,-54.99414418803367
2026-07-30,107,-61.235968668034175
2026-07-30,108,-59.12896098803397
2026-07-30,109,-48.47505884803452
2026-07-30,110,-7.98478092803434
2026-07-30,111,1.980195311965602
2026-07-30,112,16.554663811965924
2026-07-30,113,-18.29406434803431
2026-07-30,114,-20.97153708803441
2026-07-30,115,-15.174449828033744
2026-07-30,116,-24.109563088033497
2026-07-30,117,-26.05786622803363
2026-07-30,118,-27.674075688033724
2026-07-30,119,-14.943553608033298
2026-07-30,120,-26.666236298033738
2026-07-30,121,-4.627925468032927
2026-07-30,122,-5.029299688033348
2026-07-30,123,-13.36923368803447
2026-07-30,124,-19.572257688033034
2026-07-30,125,-11.822522608033069
2026-07-30,126,20.209200811965985
2026-07-30,127,14.720967883394394
2026-07-30,128,-2.822344616605349
2026-07-30,129,-5.029897116604829
2026-07-30,130,-27.36488061660515
2026-07-30,131,-29.382492326605245
2026-07-30,132,-50.923200916604685
2026-07-30,133,-32.30721711660475
2026-07-30,134,-41.10421461660525
2026-07-30,135,-40.97319936660544
2026-07-30,136,-29.565938556605744
2026-07-30,137,-48.16393507660564
2026-07-30,138,-73.61677365660472
2026-07-30,139,-75.01895261660533
2026-07-30,140,-79.95634761660533
2026-07-30,141,-64.96864261660487
2026-07-30,142,-89.74573269660505
2026-07-30,143,-75.53903143660517
2026-07-30,144,-45.87313311660506
2026-07-30,145,-33.91825944660543
2026-07-30,146,-28.41869936660504
2026-07-30,147,-61.734545116604934
2026-07-30,148,-83.436678756605
2026-07-30,149,-92.56447277660487
2026-07-30,150,-103.974883616605
2026-07-30,151,-98.13664561660465
2026-07-30,152,-83.29168714660516
2026-07-30,153,-50.66811857660474
2026-07-30,154,-10.486297866605256
2026-07-30,155,39.62985188339472
2026-07-30,156,31.916812513395115
2026-07-30,157,18.220412330537755
2026-07-30,158,39.40641474053727
2026-07-30,159,53.32665874053781
2026-07-30,160,68.43012324053876
2026-07-30,161,88.62414424053775
2026-07-30,162,93.64350824053776
2026-07-30,163,134.8751867605387
2026-07-30,164,126.65649674053802
2026-07-30,165,154.20629499053797
2026-07-30,166,164.26842724053844
2026-07-30,167,160.08840524053778
2026-07-30,168,134.97530774053797
2026-07-30,169,119.4636902405386
2026-07-30,170,124.38933474053854
2026-07-30,171,135.5325438105384
2026-07-30,172,124.8788647405382
2026-07-30,173,133.1951780805384
2026-07-30,174,124.44494824053766
2026-07-30,175,113.99144378053796
2026-07-30,176,112.70862840053789
2026-07-30,177,111.53549733053812
2026-07-30,178,112.25258374053769
2026-07-30,179,113.53724524053754
2026-07-30,180,95.3433412405373
2026-07-30,181,82.77752204053752
2026-07-30,182,80.8305437405379
2026-07-30,183,37.28057149053806
2026-07-30,184,41.560291240538085
2026-07-30,185,33.2243585237522
2026-07-30,186,33.3171076080385
2026-07-30,187,41.93471785803766
2026-07-30,188,30.89577087803707
2026-07-30,189,23.095788878038082
2026-07-30,190,13.153237358037817
2026-07-30,191,36.68619064375126
2026-07-30,192,16.442903143751902
2026-07-30,193,14.162785143751808
2026-07-30,194,8.59997581767972
2026-07-30,195,9.02509781768061
2026-07-30,196,5.395290367680726
2026-07-30,197,-7.217837682319974
2026-07-30,198,-17.927647682320043
2026-07-30,199,-16.31348118231951
2026-07-30,200,-3.333679222320125
2026-07-30,201,18.475856617680524
2026-07-30,202,4.8992153176806355
2026-07-30,203,15.229407277681062
2026-07-30,204,14.248371617680402
2026-07-30,205,25.220533177680544
2026-07-30,206,26.218114497680208
2026-07-30,207,15.511669817680698
2026-07-30,208,3.8277963176800114
2026-07-30,209,5.077493317680553
2026-07-30,210,7.4656213176803625
2026-07-30,211,22.75828081768076
2026-07-30,212,20.520518817680585
2026-07-30,213,8.943197717680377
2026-07-30,214,18.07554731768053
2026-07-30,215,21.95042181768022
2026-07-30,216,23.584313317680834
2026-07-30,217,34.38901981768014
2026-07-30,218,33.6809269076806
2026-07-30,219,47.553423077681
2026-07-30,220,15.547525737679594
2026-07-30,221,27.983897987680667
2026-07-30,222,35.18172847768053
2026-07-30,223,46.230702317680475
2026-07-30,224,45.72582826768112
2026-07-30,225,37.98875204768076
2026-07-30,226,7.37184181768057
2026-07-30,227,-10.205178662318852
2026-07-30,228,-5.141863532318981
2026-07-30,229,-45.122975932319186
2026-07-30,230,-57.407688232319174
2026-07-30,231,-15.81524752231893
2026-07-30,232,55.7469954076808
2026-07-30,233,11.172603147679787
2026-07-30,234,-4.100006692319152
2026-07-30,235,41.815220097680495
2026-07-30,236,50.3150771176814
2026-07-30,237,80.26452656768222
2026-07-30,238,105.00395248768159
2026-07-30,239,154.04872160768184
2026-07-30,240,109.74419245767967
2026-07-30,241,95.86228575768149
2026-07-30,242,69.78923873767994
2026-07-30,243,56.1812448276804
2026-07-30,244,75.74505403768103
2026-07-30,245,55.02389941768064
2026-07-30,246,77.48432941768061
2026-07-30,247,89.33396399768333
2026-07-30,248,82.34192369768164
2026-07-30,249,94.16067259768111
2026-07-30,250,54.54713743768138
2026-07-30,251,57.33316418768162
2026-07-30,252,74.70686061768149
2026-07-30,253,23.574419897681736
2026-07-30,254,10.097921297681651
2026-07-30,255,-16.91779886231849
2026-07-30,256,-43.01913391231814
2026-07-30,257,-22.159413242318543
2026-07-30,258,3.0494849576807646
2026-07-30,259,71.77300658768156
2026-07-30,260,84.41366686768123
2026-07-30,261,21.49127296768153
2026-07-30,262,54.50432274768118
2026-07-30,263,101.47683741768245
2026-07-30,264,69.3362496376821
2026-07-30,265,98.33687413768067
2026-07-30,266,83.71963855768189
2026-07-30,267,20.629856657680733
2026-07-30,268,28.537095887681964
2026-07-30,269,43.862968387680986
2026-07-30,270,-10.299217112317844
2026-07-30,271,-28.155336502318942
2026-07-30,272,-13.39262142231803
2026-07-30,273,21.94586602768195
2026-07-30,274,75.16033415768229
2026-07-30,275,36.3445735576819
2026-07-30,276,-19.849445902317754
2026-07-30,277,58.43205115768137
2026-07-30,278,48.8117210776831
2026-07-30,279,17.39599988768135
2026-07-30,280,48.15532463768205
2026-07-30,281,73.6627092576822
2026-07-30,282,109.97173176768293
2026-07-30,283,102.76166582768307
2026-07-30,284,54.65157212768193
2026-07-30,285,131.07765312768163
2026-07-30,286,133.47931787768303
2026-07-30,287,142.9495716976822
2026-07-30,288,145.66610280768097
2026-07-30,289,187.74475753768303
2026-07-30,290,150.92569663286002
2026-07-30,291,85.42693556286032
2026-07-30,292,48.200569862859204
2026-07-30,293,31.936197192860206
2026-07-30,294,47.99688713286085
2026-07-30,295,31.778671412859993
2026-07-30,296,6.172192822860076
2026-07-30,297,39.05932179286125
2026-07-30,298,12.535638302860079
2026-07-30,299,-1.191253957497139
2026-07-30,300,-22.67524206749752
2026-07-30,301,-5.008828527496334
2026-07-30,302,-2.7969456374968154
2026-07-30,303,-13.149927917497717
2026-07-30,304,38.183855032502336
2026-07-30,305,91.60903230250246
2026-07-30,306,119.51045799250352
2026-07-30,307,124.18613703250253
2026-07-30,308,124.52262455250354
2026-07-30,309,134.50988915250238
2026-07-30,310,104.55803140250389
2026-07-30,311,153.02866392250274
2026-07-30,312,133.8974411425028
2026-07-30,313,140.79810541250228
2026-07-30,314,120.9109221125025
2026-07-30,315,145.18507725250248
2026-07-30,316,94.00898733250305
2026-07-30,317,122.20528323250284
2026-07-30,318,131.72841454250363
2026-07-30,319,159.79569292250198
2026-07-30,320,181.70309147250214
2026-07-30,321,200.23575530250378
2026-07-30,322,179.62755463250213
2026-07-30,323,160.6427114125028
2026-07-30,324,170.0138369725015
2026-07-30,325,153.7325603425033
2026-07-30,326,188.90703740250223
2026-07-30,327,173.22674395250323
2026-07-30,328,128.84932935250274
2026-07-30,329,84.6634812625029
2026-07-30,330,12.202908052502828
2026-07-30,331,10.167882032503172
2026-07-30,332,-48.43773508749733
2026-07-30,333,-23.36539334749726
2026-07-30,334,-53.95242748749716
2026-07-30,335,-81.95495872749632
2026-07-30,336,-176.43181842749797
2026-07-30,337,-204.28496960749638
2026-07-30,338,-167.2799929374974
2026-07-30,339,-216.4134021074964
2026-07-30,340,-239.0257657674983
2026-07-30,341,-189.29321566178265
2026-07-30,342,-250.3918555617819
2026-07-30,343,-212.63296789178324
2026-07-30,344,-205.7059933217844
2026-07-30,345,-161.4790407317844
2026-07-30,346,-271.4537114417834
2026-07-30,347,-301.5803523599974
2026-07-30,348,-302.18529587999774
2026-07-30,349,-254.09967297999748
2026-07-30,350,-224.63333169999862
2026-07-30,351,-192.5184606599977
2026-07-30,352,-217.13892365999777
2026-07-30,353,-224.0546780599966
2026-07-30,354,-201.53721148999716
2026-07-30,355,-200.87255946999713
2026-07-30,356,-209.16363790999748
2026-07-30,357,-163.74531460999722
2026-07-30,358,-156.49255814999745
2026-07-30,359,-128.18207066999673
2026-07-30,360,-157.5354351399962
2026-07-30,361,-166.36910490999628
2026-07-30,362,-117.60467541999598
2026-07-30,363,-153.51655757999575
2026-07-30,364,-142.14331736999736
2026-07-30,365,-80.78848529999672
2026-07-30,366,-11.424701749996341
2026-07-30,367,-67.68380429999675
2026-07-30,368,-119.79839590999711
2026-07-30,369,-106.1525465299972
2026-07-30,370,-75.7634909099954
2026-07-30,371,-92.22786512999724
2026-07-30,372,-96.47259590999677
2026-07-30,373,-122.49400685999659
2026-07-30,374,-122.66836924999646
2026-07-30,375,-142.99044624999618
2026-07-30,376,-104.81503316999698
2026-07-30,377,-126.11529071999742
2026-07-30,378,-73.51493285999601
2026-07-30,379,-114.3217246599967
2026-07-30,380,-118.91943191999744
2026-07-30,381,-168.24158244999705
2026-07-30,382,-161.12831295999803
2026-07-30,383,-150.26943624999836
2026-07-30,384,-168.57121642999618
2026-07-30,385,-154.52717165999783
2026-07-30,386,-154.52717165999783
2026-07-30,387,-154.52717165999783
2026-07-30,388,-154.52717165999783
2026-07-30,389,-154.52717165999783
2026-07-30,390,-154.52717165999783
2026-07-31,0,0.0
2026-07-31,1,0.0
2026-07-31,2,0.0
2026-07-31,3,0.0
2026-07-31,4,0.0
2026-07-31,5,0.0
2026-07-31,6,0.0
2026-07-31,7,0.0
2026-07-31,8,0.0
2026-07-31,9,0.0
2026-07-31,10,0.0
2026-07-31,11,0.0
2026-07-31,12,0.0
2026-07-31,13,0.0
2026-07-31,14,0.0
2026-07-31,15,0.0
2026-07-31,16,0.0
2026-07-31,17,0.0
2026-07-31,18,0.0
2026-07-31,19,0.0
2026-07-31,20,-23.49984202999896
2026-07-31,21,-141.41093195999923
2026-07-31,22,-24.19833075321292
2026-07-31,23,69.67439124678762
2026-07-31,24,210.276986976788
2026-07-31,25,182.25150549678824
2026-07-31,26,140.618807746787
2026-07-31,27,196.3658307467871
2026-07-31,28,230.8157764267881
2026-07-31,29,162.10348724678707
2026-07-31,30,329.08086373678765
2026-07-31,31,364.7506791992879
2026-07-31,32,363.3737273964319
2026-07-31,33,279.925546376431
2026-07-31,34,423.8968407464306
2026-07-31,35,374.46258585642965
2026-07-31,36,469.57814537643105
2026-07-31,37,510.0514048764312
2026-07-31,38,615.8879400621446
2026-07-31,39,646.9884507992872
2026-07-31,40,658.7425368050019
2026-07-31,41,616.9349260650017
2026-07-31,42,640.1859438650014
2026-07-31,43,647.3966268050024
2026-07-31,44,653.4510872707158
2026-07-31,45,657.445091770716
2026-07-31,46,629.3968450907157
2026-07-31,47,560.0673415907154
2026-07-31,48,513.7170840907154
2026-07-31,49,433.7193568407155
2026-07-31,50,376.404669310716
2026-07-31,51,365.7682010907158
2026-07-31,52,315.4871295907151
2026-07-31,53,303.4915513107153
2026-07-31,54,315.9707440907164
2026-07-31,55,336.7366465907156
2026-07-31,56,361.5638650907151
2026-07-31,57,322.39505959071573
2026-07-31,58,316.1246775907165
2026-07-31,59,345.38869758071587
2026-07-31,60,318.0657305907166
2026-07-31,61,379.8976280907171
2026-07-31,62,370.20215169071685
2026-07-31,63,422.4207610907164
2026-07-31,64,403.5792010907163
2026-07-31,65,335.26068994071665
2026-07-31,66,399.3262077907167
2026-07-31,67,366.20422797071683
2026-07-31,68,454.0567843407165
2026-07-31,69,418.5955585907169
2026-07-31,70,398.5034775907176
2026-07-31,71,454.41964459071636
2026-07-31,72,486.93849615071616
2026-07-31,73,460.0425347407169
2026-07-31,74,433.3702918407163
2026-07-31,75,497.5134495907168
2026-07-31,76,433.9979867407171
2026-07-31,77,423.274406590716
2026-07-31,78,379.338765440716
2026-07-31,79,312.80861309071634
2026-07-31,80,329.5002820907162
2026-07-31,81,302.685240890716
2026-07-31,82,351.1505750007166
2026-07-31,83,305.53988234071596
2026-07-31,84,380.0605736107159
2026-07-31,85,369.40930859071574
2026-07-31,86,275.7356980907158
2026-07-31,87,335.93121309071654
2026-07-31,88,302.4729035907165
2026-07-31,89,316.79114721071613
2026-07-31,90,331.32212009071645
2026-07-31,91,321.1146434307165
2026-07-31,92,290.08270859071655
2026-07-31,93,309.5437945407162
2026-07-31,94,250.2369725307164
2026-07-31,95,282.00634915071686
2026-07-31,96,264.6674976207162
2026-07-31,97,310.0771520907166
2026-07-31,98,303.57200559071646
2026-07-31,99,382.40706829071667
2026-07-31,100,401.6660620907166
2026-07-31,101,423.3235875907168
2026-07-31,102,363.48723862071677
2026-07-31,103,410.65088059071655
2026-07-31,104,416.85545718071637
2026-07-31,105,360.28772384071704
2026-07-31,106,435.94918712071626
2026-07-31,107,438.7532484907169
2026-07-31,108,430.66400769071674
2026-07-31,109,463.356001540717
2026-07-31,110,469.73149115071703
2026-07-31,111,519.0052248607165
2026-07-31,112,541.6905512007163
2026-07-31,113,532.8278707307172
2026-07-31,114,552.9647775907165
2026-07-31,115,544.9726384307165
2026-07-31,116,575.8396774407161
2026-07-31,117,582.5083435635736
2026-07-31,118,588.4688812335728
2026-07-31,119,597.711316733573
2026-07-31,120,596.7211842335737
2026-07-31,121,565.7789034835731
2026-07-31,122,563.7419152335738
2026-07-31,123,539.2014547335725
2026-07-31,124,520.0970778935732
2026-07-31,125,541.7403740335735
2026-07-31,126,557.1120682135731
2026-07-31,127,551.6836397335737
2026-07-31,128,582.5018610535725
2026-07-31,129,553.7655636235731
2026-07-31,130,531.9176547935729
2026-07-31,131,541.2732219535726
2026-07-31,132,543.8215395835739
2026-07-31,133,561.4736141435735
2026-07-31,134,538.0241557335721
2026-07-31,135,538.5780973335741
2026-07-31,136,514.3152034135724
2026-07-31,137,504.18085573357314
2026-07-31,138,508.22730273357337
2026-07-31,139,492.91209388357345
2026-07-31,140,518.2272615535733
2026-07-31,141,546.904409223573
2026-07-31,142,537.8506713335731
2026-07-31,143,546.4360271335732
2026-07-31,144,559.5799950635742
2026-07-31,145,573.1826704735731
2026-07-31,146,588.9545582335732
2026-07-31,147,574.3550785035728
2026-07-31,148,563.9244742335726
2026-07-31,149,544.8209531735731
2026-07-31,150,549.6491019135744
2026-07-31,151,488.23115817357336
2026-07-31,152,478.2687757135734
2026-07-31,153,453.91216993357386
2026-07-31,154,458.55326869357344
2026-07-31,155,411.12068938357305
2026-07-31,156,400.7502545335736
2026-07-31,157,377.4898046335734
2026-07-31,158,371.61720227357364
2026-07-31,159,372.77813770357335
2026-07-31,160,328.67947278357343
2026-07-31,161,346.12742799357426
2026-07-31,162,330.8687407635738
2026-07-31,163,334.6221425935731
2026-07-31,164,284.1320489835741
2026-07-31,165,194.6843423835739
2026-07-31,166,237.45198593357375
2026-07-31,167,245.52921454357292
2026-07-31,168,291.3388027935727
2026-07-31,169,347.5038814135739
2026-07-31,170,367.2248057335733
2026-07-31,171,378.18298489357363
2026-07-31,172,404.95097013357343
2026-07-31,173,397.09883175357226
2026-07-31,174,453.24339241357353
2026-07-31,175,377.68608186357335
2026-07-31,176,430.403101263574
2026-07-31,177,479.34975878357335
2026-07-31,178,540.9137913735735
2026-07-31,179,617.3648341835733
2026-07-31,180,619.5851114235729
2026-07-31,181,626.1021815535737
2026-07-31,182,673.1396000535732
2026-07-31,183,667.3562413335738
2026-07-31,184,672.1713519735737
2026-07-31,185,663.7097187635724
2026-07-31,186,633.8302254835722
2026-07-31,187,669.7927407235742
2026-07-31,188,646.9405303635733
2026-07-31,189,660.1403780735734
2026-07-31,190,620.952598663574
2026-07-31,191,535.6332791735734
2026-07-31,192,557.2225166535729
2026-07-31,193,517.1676713635721
2026-07-31,194,508.4481334835741
2026-07-31,195,509.13456288357486
2026-07-31,196,578.6164195635731
2026-07-31,197,608.5140811335735
2026-07-31,198,583.2185832835736
2026-07-31,199,612.8598050335737
2026-07-31,200,667.8452883635733
2026-07-31,201,738.011242753573
2026-07-31,202,665.8010374621448
2026-07-31,203,664.7332902221443
2026-07-31,204,643.984120562145
2026-07-31,205,678.1094331621453
2026-07-31,206,702.1146961421446
2026-07-31,207,718.8957710321439
2026-07-31,208,691.9783128921449
2026-07-31,209,644.2850409921458
2026-07-31,210,713.0988038621457
2026-07-31,211,747.2887866621446
2026-07-31,212,716.0367463964304
2026-07-31,213,713.7076916935737
2026-07-31,214,704.5601322935727
2026-07-31,215,707.4183419035732
2026-07-31,216,728.4451359635735
2026-07-31,217,664.8004891535735
2026-07-31,218,739.2097830535731
2026-07-31,219,740.6945485621449
2026-07-31,220,770.9080438721458
2026-07-31,221,772.7552667607167
2026-07-31,222,778.6067147507159
2026-07-31,223,809.3697295907164
2026-07-31,224,786.6767468907166
2026-07-31,225,818.2339565907148
2026-07-31,226,825.1588826407167
2026-07-31,227,829.0683425907171
2026-07-31,228,818.1163562507155
2026-07-31,229,855.3378636707163
2026-07-31,230,813.2667550307159
2026-07-31,231,799.4855772107171
2026-07-31,232,791.6903116807159
2026-07-31,233,829.5682145107164
2026-07-31,234,829.9928957907157
2026-07-31,235,833.2840471807177
2026-07-31,236,842.0572411107153
2026-07-31,237,823.815498510716
2026-07-31,238,816.630348415003
2026-07-31,239,854.6410845350025
2026-07-31,240,824.7329563550022
2026-07-31,241,859.1369289450025
2026-07-31,242,871.364578115002
2026-07-31,243,877.6268897050035
2026-07-31,244,898.6042105550009
2026-07-31,245,915.2705284964295
2026-07-31,246,933.7667264507169
2026-07-31,247,939.5994596207165
2026-07-31,248,939.8912235207165
2026-07-31,249,888.6731095007173
2026-07-31,250,878.6805072307169
2026-07-31,251,875.2458734807169
2026-07-31,252,893.4928566507173
2026-07-31,253,899.4483660407179
2026-07-31,254,912.9955930907179
2026-07-31,255,926.2323166707181
2026-07-31,256,913.9451106507183
2026-07-31,257,925.845994389289
2026-07-31,258,949.684517449289
2026-07-31,259,967.9995358692892
2026-07-31,260,977.8735851992888
2026-07-31,261,979.3835820992886
2026-07-31,262,990.7260771792903
2026-07-31,263,961.5510095392898
2026-07-31,264,957.5521129492881
2026-07-31,265,941.8051325292887
2026-07-31,266,948.0708018492886
2026-07-31,267,944.8335742292893
2026-07-31,268,972.7954840992895
2026-07-31,269,974.3922824392891
2026-07-31,270,952.7459310992898
2026-07-31,271,964.0816107792887
2026-07-31,272,963.5797884992896
2026-07-31,273,983.5975640492899
2026-07-31,274,993.870088389289
2026-07-31,275,1006.6559560792892
2026-07-31,276,988.8547442992897
2026-07-31,277,1020.4418803135757
2026-07-31,278,1007.301917543575
2026-07-31,279,1015.0249599035749
2026-07-31,280,1035.5120273635744
2026-07-31,281,1069.0145046435746
2026-07-31,282,1124.9882453035739
2026-07-31,283,1105.4210276335739
2026-07-31,284,1108.8065260635735
2026-07-31,285,1122.309735113575
2026-07-31,286,1099.9059578135752
2026-07-31,287,1109.676677963575
2026-07-31,288,1091.8449996635763
2026-07-31,289,1089.3318331535756
2026-07-31,290,1094.8978969035743
2026-07-31,291,1099.9321104635758
2026-07-31,292,1105.6912522135754
2026-07-31,293,1086.872115313576
2026-07-31,294,1106.9091243535756
2026-07-31,295,1086.431343563575
2026-07-31,296,1102.7063031635746
2026-07-31,297,1101.2574358735735
2026-07-31,298,1097.3292792635737
2026-07-31,299,1116.8386155135745
2026-07-31,300,1096.1947063135758
2026-07-31,301,1106.863740783576
2026-07-31,302,1082.9861413135745
2026-07-31,303,1087.7928811635745
2026-07-31,304,1082.3987247535742
2026-07-31,305,1071.2792375035744
2026-07-31,306,1071.4207279135746
2026-07-31,307,1086.671652543575
2026-07-31,308,1080.4822090535752
2026-07-31,309,1056.7325261635765
2026-07-31,310,1057.4103576735752
2026-07-31,311,1046.8131143135747
2026-07-31,312,1023.6768229135753
2026-07-31,313,1006.5772753335748
2026-07-31,314,1013.8529135735755
2026-07-31,315,975.7126950635738
2026-07-31,316,1003.4327105335744
2026-07-31,317,999.4861287235746
2026-07-31,318,989.9455833335745
2026-07-31,319,982.6962075935755
2026-07-31,320,970.2619946535749
2026-07-31,321,949.610919613576
2026-07-31,322,965.8951789535749
2026-07-31,323,968.8814465935748
2026-07-31,324,1004.3018863735747
2026-07-31,325,999.347925523576
2026-07-31,326,1031.2071871235744
2026-07-31,327,1011.293593813575
2026-07-31,328,1023.4522816635757
2026-07-31,329,1012.7154528435768
2026-07-31,330,979.1259265435755
2026-07-31,331,1011.3364543135749
2026-07-31,332,1020.2297281135751
2026-07-31,333,1045.715849674469
2026-07-31,334,1068.754259434468
2026-07-31,335,1078.5649955344688
2026-07-31,336,1095.2443201144672
2026-07-31,337,1092.688613864468
2026-07-31,338,1074.996547484467
2026-07-31,339,1082.6314441944703
2026-07-31,340,1033.824967864469
2026-07-31,341,1043.7562989344678
2026-07-31,342,1028.037002434469
2026-07-31,343,1026.6459704344672
2026-07-31,344,1018.3016136144686
2026-07-31,345,989.42845305447
2026-07-31,346,1024.2677557744694
2026-07-31,347,1025.0911224344677
2026-07-31,348,989.6785716044685
2026-07-31,349,998.3754261528602
2026-07-31,350,967.9413011128611
2026-07-31,351,954.0023786028612
2026-07-31,352,901.0849083328613
2026-07-31,353,897.1675405028615
2026-07-31,354,918.2699583528611
2026-07-31,355,933.7036002028625
2026-07-31,356,928.1893478528611
2026-07-31,357,937.067612642863
2026-07-31,358,920.4498713528626
2026-07-31,359,925.7008913528614
2026-07-31,360,976.6210759528631
2026-07-31,361,977.5407847428625
2026-07-31,362,954.0177488028621
2026-07-31,363,962.971932112862
2026-07-31,364,944.2103705028628
2026-07-31,365,933.4651659428623
2026-07-31,366,907.4465901828628
2026-07-31,367,931.813763172862
2026-07-31,368,938.4588605928636
2026-07-31,369,936.5168363828625
2026-07-31,370,948.9065096928624
2026-07-31,371,972.5961053728624
2026-07-31,372,989.7784257028623
2026-07-31,373,947.693144362862
2026-07-31,374,934.0051279528623
2026-07-31,375,926.4706716328626
2026-07-31,376,912.2993150528637
2026-07-31,377,913.2380101028618
2026-07-31,378,940.2686890228628
2026-07-31,379,916.3166863528623
2026-07-31,380,953.5135709728621
2026-07-31,381,933.8340287928615
2026-07-31,382,931.8526048328623
2026-07-31,383,918.7277606828623
2026-07-31,384,957.4525008928623
2026-07-31,385,958.0507738528613
2026-07-31,386,958.0507738528613
2026-07-31,387,958.0507738528613
2026-07-31,388,958.0507738528613
2026-07-31,389,958.0507738528613
2026-07-31,390,958.0507738528613
2026-08-03,0,0.0
2026-08-03,1,0.0
2026-08-03,2,0.0
2026-08-03,3,0.0
2026-08-03,4,0.0
2026-08-03,5,0.0
2026-08-03,6,0.0
2026-08-03,7,0.0
2026-08-03,8,0.0
2026-08-03,9,0.0
2026-08-03,10,0.0
2026-08-03,11,0.0
2026-08-03,12,0.0
2026-08-03,13,0.0
2026-08-03,14,0.0
2026-08-03,15,0.0
2026-08-03,16,0.0
2026-08-03,17,0.0
2026-08-03,18,0.0
2026-08-03,19,0.0
2026-08-03,20,-3.409357999999898
2026-08-03,21,-24.290278269999177
2026-08-03,22,-19.70538379999998
2026-08-03,23,-21.582455549999565
2026-08-03,24,7.310460450000889
2026-08-03,25,10.484858950000174
2026-08-03,26,26.058413150001797
2026-08-03,27,29.64312010000128
2026-08-03,28,48.99710041000067
2026-08-03,29,53.89640806000166
2026-08-03,30,43.26030985000175
2026-08-03,31,-26.526878472141398
2026-08-03,32,-36.81619697214117
2026-08-03,33,14.007327087858464
2026-08-03,34,6.7440314278591345
2026-08-03,35,28.130302177858752
2026-08-03,36,30.486306187858403
2026-08-03,37,31.982238177857884
2026-08-03,38,69.11641917785799
2026-08-03,39,83.23112135785821
2026-08-03,40,90.6413121778583
2026-08-03,41,92.00839467785836
2026-08-03,42,125.9440428764305
2026-08-03,43,131.79350295500055
2026-08-03,44,97.36199673500116
2026-08-03,45,108.54730270500164
2026-08-03,46,150.85541173500104
2026-08-03,47,146.8035599950017
2026-08-03,48,147.22085253500157
2026-08-03,49,140.39279347500204
2026-08-03,50,150.1580789950018
2026-08-03,51,159.040269985002
2026-08-03,52,169.24583053500237
2026-08-03,53,179.566848105001
2026-08-03,54,173.19602449500226
2026-08-03,55,162.73022453500215
2026-08-03,56,148.2798130350019
2026-08-03,57,161.49686422500213
2026-08-03,58,149.80215021500183
2026-08-03,59,143.59034075500182
2026-08-03,60,141.55720499500225
2026-08-03,61,112.38408844500209
2026-08-03,62,126.12124838500165
2026-08-03,63,119.15871375500157
2026-08-03,64,168.88225223500183
2026-08-03,65,145.36031578500294
2026-08-03,66,126.67129165500299
2026-08-03,67,130.05005653500172
2026-08-03,68,153.82373292500213
2026-08-03,69,138.99986353500248
2026-08-03,70,147.55859241500212
2026-08-03,71,162.74959456500198
2026-08-03,72,150.91592616500213
2026-08-03,73,184.26179795500235
2026-08-03,74,188.40963340500184
2026-08-03,75,192.9139215350029
2026-08-03,76,119.04178863500115
2026-08-03,77,131.3865384350017
2026-08-03,78,115.83415903500261
2026-08-03,79,109.77158303500272
2026-08-03,80,78.93316678500207
2026-08-03,81,43.427047165002506
2026-08-03,82,48.989273801787334
2026-08-03,83,16.770098277501745
2026-08-03,84,18.885016707503127
2026-08-03,85,-0.9407621924976368
2026-08-03,86,23.858368397502176
2026-08-03,87,27.874493087501293
2026-08-03,88,11.809394457501348
2026-08-03,89,-0.7666850424977056
2026-08-03,90,28.46648143518115
2026-08-03,91,30.06899368518083
2026-08-03,92,28.45232189518049
2026-08-03,93,44.756547685180465
2026-08-03,94,33.84816935518103
2026-08-03,95,67.49759601518073
2026-08-03,96,97.65399393518163
2026-08-03,97,73.55287494518234
2026-08-03,98,105.43833930518193
2026-08-03,99,159.9035914351817
2026-08-03,100,168.02444793518208
2026-08-03,101,195.95479700518223
2026-08-03,102,167.03426889518175
2026-08-03,103,136.9447351751819
2026-08-03,104,183.66509235518058
2026-08-03,105,156.83678443518184
2026-08-03,106,180.25055098518112
2026-08-03,107,200.39915314518072
2026-08-03,108,201.75870182518108
2026-08-03,109,178.47657380518112
2026-08-03,110,155.31327143518223
2026-08-03,111,188.44190618518127
2026-08-03,112,185.35133841518163
2026-08-03,113,195.46396993518147
2026-08-03,114,243.63888932518162
2026-08-03,115,234.30110373518164
2026-08-03,116,273.76063633518226
2026-08-03,117,291.80058235518214
2026-08-03,118,354.2725869751812
2026-08-03,119,380.05242505518163
2026-08-03,120,349.9220344051823
2026-08-03,121,360.22152560518197
2026-08-03,122,384.44498921518147
2026-08-03,123,357.09200238518076
2026-08-03,124,394.4312634351807
2026-08-03,125,338.66304470518105
2026-08-03,126,350.831671075181
2026-08-03,127,394.1568304351814
2026-08-03,128,373.76199723518096
2026-08-03,129,346.3349385851814
2026-08-03,130,332.89076308518213
2026-08-03,131,334.23939046518205
2026-08-03,132,323.77376287518166
2026-08-03,133,324.3943719351814
2026-08-03,134,322.231281325182
2026-08-03,135,323.8803693751823
2026-08-03,136,315.0368397651813
2026-08-03,137,333.84932843518203
2026-08-03,138,308.1741641351827
2026-08-03,139,314.0625279451825
2026-08-03,140,294.67185416518146
2026-08-03,141,339.58169029518143
2026-08-03,142,320.5523520251818
2026-08-03,143,303.59427428518114
2026-08-03,144,325.99179365518233
2026-08-03,145,316.9758524751823
2026-08-03,146,323.2861705951808
2026-08-03,147,331.8030310551804
2026-08-03,148,330.09065085518324
2026-08-03,149,335.1870613951821
2026-08-03,150,288.1102686051818
2026-08-03,151,289.13270179518105
2026-08-03,152,280.18802064518246
2026-08-03,153,276.44631470518186
2026-08-03,154,272.8344649351812
2026-08-03,155,244.1839422351813
2026-08-03,156,252.92417378089607
2026-08-03,157,279.1679308508971
2026-08-03,158,282.1936979308963
2026-08-03,159,233.77754287589707
2026-08-03,160,198.12983084589587
2026-08-03,161,208.91319140589584
2026-08-03,162,223.23219046732498
2026-08-03,163,210.81737482732504
2026-08-03,164,219.6384204873247
2026-08-03,165,232.39087496732492
2026-08-03,166,185.5692132473248
2026-08-03,167,153.21539097732517
2026-08-03,168,123.20547615732491
2026-08-03,169,136.20142746732571
2026-08-03,170,167.67065637732435
2026-08-03,171,160.99062267732472
2026-08-03,172,165.60896919732403
2026-08-03,173,170.74855305732498
2026-08-03,174,211.445490217325
2026-08-03,175,183.08292596732537
2026-08-03,176,211.3105820673247
2026-08-03,177,216.29001049732548
2026-08-03,178,222.54172275732506
2026-08-03,179,210.1042765201827
2026-08-03,180,212.76388761018183
2026-08-03,181,227.32483943018119
2026-08-03,182,210.8945436101816
2026-08-03,183,179.04217731018116
2026-08-03,184,181.3674489101812
2026-08-03,185,190.69198034018203
2026-08-03,186,186.31231603018145
2026-08-03,187,197.71523355018152
2026-08-03,188,200.06735657018208
2026-08-03,189,215.74042200018178
2026-08-03,190,209.9817511101816
2026-08-03,191,217.75744372018272
2026-08-03,192,252.0131540801831
2026-08-03,193,238.5864591501824
2026-08-03,194,215.08110669018248
2026-08-03,195,165.0868304301819
2026-08-03,196,167.5874769701823
2026-08-03,197,199.2363133601828
2026-08-03,198,208.21777793018197
2026-08-03,199,231.0255605401821
2026-08-03,200,202.4991479201809
2026-08-03,201,212.90922211018213
2026-08-03,202,228.1702749601815
2026-08-03,203,230.37062119732437
2026-08-03,204,235.99617433732362
2026-08-03,205,259.3933887373262
2026-08-03,206,246.6205797973253
2026-08-03,207,242.44621321732475
2026-08-03,208,245.2689956773259
2026-08-03,209,276.12317046732574
2026-08-03,210,272.12650077732485
2026-08-03,211,227.29387275732597
2026-08-03,212,231.09871071821846
2026-08-03,213,240.26877093821915
2026-08-03,214,236.96182786679
2026-08-03,215,217.3584677167897
2026-08-03,216,205.70750509678945
2026-08-03,217,211.2704576267905
2026-08-03,218,211.15285633679056
2026-08-03,219,187.14903535678982
2026-08-03,220,197.47892156679004
2026-08-03,221,201.48320906678939
2026-08-03,222,188.9240288367901
2026-08-03,223,190.3334228667907
2026-08-03,224,169.95149523678973
2026-08-03,225,150.1164889067889
2026-08-03,226,146.5930694767903
2026-08-03,227,142.71421211678964
2026-08-03,228,129.14504411679022
2026-08-03,229,140.37886816678886
2026-08-03,230,153.58261316678914
2026-08-03,231,133.80488176678952
2026-08-03,232,127.04206882679009
2026-08-03,233,115.10931171679002
2026-08-03,234,153.6692360067901
2026-08-03,235,149.17556633678976
2026-08-03,236,128.86466044678917
2026-08-03,237,132.3127278667901
2026-08-03,238,135.4799459467912
2026-08-03,239,124.74078821678987
2026-08-03,240,75.61415613679098
2026-08-03,241,96.69429001679123
2026-08-03,242,112.11945232679236
2026-08-03,243,77.05628781679121
2026-08-03,244,40.72908950679099
2026-08-03,245,39.20605506679107
2026-08-03,246,57.897100116790746
2026-08-03,247,21.921166166791167
2026-08-03,248,37.10631516679024
2026-08-03,249,89.73145241679035
2026-08-03,250,38.2893053667913
2026-08-03,251,-50.108281963209336
2026-08-03,252,-88.02279898320971
2026-08-03,253,-34.77355752320916
2026-08-03,254,-50.089552843209006
2026-08-03,255,-66.39735963320845
2026-08-03,256,-81.03829673320868
2026-08-03,257,-62.72019917320881
2026-08-03,258,-114.28139913320905
2026-08-03,259,-94.8473076432098
2026-08-03,260,-116.61047888320925
2026-08-03,261,-105.27102804320916
2026-08-03,262,-137.2806934832089
2026-08-03,263,-210.79744103320922
2026-08-03,264,-213.75909631320906
2026-08-03,265,-305.2732350832093
2026-08-03,266,-301.35327302392386
2026-08-03,267,-321.34054420392386
2026-08-03,268,-307.323973663924
2026-08-03,269,-346.9264114439252
2026-08-03,270,-353.86921412392496
2026-08-03,271,-332.92899570428136
2026-08-03,272,-351.5043379142808
2026-08-03,273,-371.4720834969587
2026-08-03,274,-345.4433110269604
2026-08-03,275,-378.70308449696097
2026-08-03,276,-389.80292757696054
2026-08-03,277,-414.7170570844602
2026-08-03,278,-411.71018257446065
2026-08-03,279,-410.44072036446056
2026-08-03,280,-450.6799388544615
2026-08-03,281,-390.30754931446137
2026-08-03,282,-368.6735841644602
2026-08-03,283,-354.6646059344614
2026-08-03,284,-360.1879979144612
2026-08-03,285,-390.2371425744602
2026-08-03,286,-396.8587129544609
2026-08-03,287,-385.31956825446133
2026-08-03,288,-321.5240957174976
2026-08-03,289,-287.0775202174963
2026-08-03,290,-232.39100612178245
2026-08-03,291,-223.19940193178365
2026-08-03,292,-223.60271123178092
2026-08-03,293,-262.6957162617818
2026-08-03,294,-247.4843403217817
2026-08-03,295,-227.55784174178106
2026-08-03,296,-171.563908361782
2026-08-03,297,-142.00743765178316
2026-08-03,298,-92.55845712178169
2026-08-03,299,-97.19542973178271
2026-08-03,300,-156.38583105178336
2026-08-03,301,-158.75255386178105
2026-08-03,302,-150.34973737178274
2026-08-03,303,-148.22539296178147
2026-08-03,304,-149.5872649117817
2026-08-03,305,-152.91037211178173
2026-08-03,306,-115.13062676178231
2026-08-03,307,-66.18866773178186
2026-08-03,308,-51.88249713178272
2026-08-03,309,-2.5342562689253754
2026-08-03,310,14.844830181074482
2026-08-03,311,3.411928911074682
2026-08-03,312,30.839485491074708
2026-08-03,313,0.15745312107453913
2026-08-03,314,-33.14607541892616
2026-08-03,315,-12.258729998924458
2026-08-03,316,-7.1345458389265275
2026-08-03,317,37.08626191107414
2026-08-03,318,-39.81037607892677
2026-08-03,319,-64.61132698892578
2026-08-03,320,-55.19864229892673
2026-08-03,321,-38.24980824892501
2026-08-03,322,-31.150919728926027
2026-08-03,323,-50.596416588924754
2026-08-03,324,-28.58793147892487
2026-08-03,325,-39.826050458926
2026-08-03,326,-26.333887518925117
2026-08-03,327,-14.975926828926426
2026-08-03,328,-31.411038418925965
2026-08-03,329,-30.278871073211448
2026-08-03,330,-83.78729572321014
2026-08-03,331,-106.89284836321102
2026-08-03,332,-91.69904064321031
2026-08-03,333,-84.3574367032104
2026-08-03,334,-53.09034256321033
2026-08-03,335,3.3057742567889683
2026-08-03,336,-57.56266936320989
2026-08-03,337,-16.713493373210934
2026-08-03,338,-31.319960883209973
2026-08-03,339,5.4984286867880385
2026-08-03,340,5.5880416967895385
2026-08-03,341,-37.38834820321054
2026-08-03,342,-29.50227063321063
2026-08-03,343,54.89759543678986
2026-08-03,344,64.13901952678958
2026-08-03,345,34.880046846790535
2026-08-03,346,31.03036142679031
2026-08-03,347,9.326718156789308
2026-08-03,348,-21.51651486678135
2026-08-03,349,-16.66957541678186
2026-08-03,350,-5.053036836781754
2026-08-03,351,-4.947141736783074
2026-08-03,352,-58.53870337678279
2026-08-03,353,-45.9074273167825
2026-08-03,354,-24.612013036782244
2026-08-03,355,-38.29948970678144
2026-08-03,356,-45.05228397678211
2026-08-03,357,-47.85211912678243
2026-08-03,358,-41.70030378678178
2026-08-03,359,-54.744592346781815
2026-08-03,360,-116.68868793678176
2026-08-03,361,-66.59589162678228
2026-08-03,362,-47.733721576780425
2026-08-03,363,-40.74983821678095
2026-08-03,364,-67.4232419967814
2026-08-03,365,-88.68200801678178
2026-08-03,366,-50.07488131213926
2026-08-03,367,-49.23720189213934
2026-08-03,368,-28.985647592139244
2026-08-03,369,-5.281053812138513
2026-08-03,370,-29.541662622139828
2026-08-03,371,-8.352689342137683
2026-08-03,372,-49.195174222139265
2026-08-03,373,-73.99357405213917
2026-08-03,374,-105.52393814213815
2026-08-03,375,-73.36790878213861
2026-08-03,376,-48.08664716213717
2026-08-03,377,8.289424257861963
2026-08-03,378,-36.04530193213836
2026-08-03,379,-29.23684322213929
2026-08-03,380,-66.95926703213861
2026-08-03,381,-93.03006342213891
2026-08-03,382,-122.13875605213966
2026-08-03,383,-123.64040617213789
2026-08-03,384,-100.27119353838914
2026-08-03,385,-90.81257035267431
2026-08-03,386,-90.81257035267431
2026-08-03,387,-90.81257035267431
2026-08-03,388,-90.81257035267431
2026-08-03,389,-90.81257035267431
2026-08-03,390,-90.81257035267431
2026-08-04,0,0.0
2026-08-04,1,0.0
2026-08-04,2,0.0
2026-08-04,3,0.0
2026-08-04,4,0.0
2026-08-04,5,0.0
2026-08-04,6,0.0
2026-08-04,7,0.0
2026-08-04,8,0.0
2026-08-04,9,0.0
2026-08-04,10,0.0
2026-08-04,11,0.0
2026-08-04,12,0.0
2026-08-04,13,0.0
2026-08-04,14,0.0
2026-08-04,15,0.0
2026-08-04,16,0.0
2026-08-04,17,0.0
2026-08-04,18,0.0
2026-08-04,19,0.0
2026-08-04,20,-139.62411450999684
2026-08-04,21,-203.74510938999683
2026-08-04,22,-187.32981061821076
2026-08-04,23,-152.2239950982105
2026-08-04,24,-148.54328641821124
2026-08-04,25,-20.705311197496023
2026-08-04,26,77.626258812503
2026-08-04,27,28.139474312502614
2026-08-04,28,30.132638832503737
2026-08-04,29,116.11446149250358
2026-08-04,30,197.97688510250364
2026-08-04,31,97.81897698536085
2026-08-04,32,53.6056994553602
2026-08-04,33,13.34085632536069
2026-08-04,34,42.38047494536112
2026-08-04,35,1.4260404153620811
2026-08-04,36,76.95760780536057
2026-08-04,37,69.68580675536126
2026-08-04,38,51.37348692536076
2026-08-04,39,197.69615712536216
2026-08-04,40,213.70059957536188
2026-08-04,41,29.01311052536169
2026-08-04,42,-41.731621004637475
2026-08-04,43,65.76338558536175
2026-08-04,44,-47.62034505463767
2026-08-04,45,-56.82054705463674
2026-08-04,46,4.350634445362665
2026-08-04,47,139.64648737536308
2026-08-04,48,166.9881512444698
2026-08-04,49,186.56303796446892
2026-08-04,50,289.57382528446976
2026-08-04,51,307.50136051446856
2026-08-04,52,254.59592592875396
2026-08-04,53,298.83399238875313
2026-08-04,54,338.821275005898
2026-08-04,55,244.95029799589827
2026-08-04,56,248.14584876589814
2026-08-04,57,198.38273198589798
2026-08-04,58,183.9655720458971
2026-08-04,59,199.17232185589683
2026-08-04,60,297.2412644858967
2026-08-04,61,245.65200804589824
2026-08-04,62,214.98468802589838
2026-08-04,63,224.91884525589768
2026-08-04,64,268.45392198446893
2026-08-04,65,220.27147583446873
2026-08-04,66,275.10226932446864
2026-08-04,67,189.0729827344686
2026-08-04,68,227.9098536244695
2026-08-04,69,227.2702718355411
2026-08-04,70,181.18295251411064
2026-08-04,71,214.94894201410995
2026-08-04,72,169.8732112641114
2026-08-04,73,145.76733957696797
2026-08-04,74,103.2015173169686
2026-08-04,75,122.40712781054067
2026-08-04,76,68.08717929053937
2026-08-04,77,58.74991483053836
2026-08-04,78,44.9325878905394
2026-08-04,79,39.63110675053811
2026-08-04,80,14.838415590539014
2026-08-04,81,45.075382968039726
2026-08-04,82,-25.88411323196062
2026-08-04,83,-49.388563795532164
2026-08-04,84,-33.24430048553237
2026-08-04,85,5.283965154467538
2026-08-04,86,6.8129645944669335
2026-08-04,87,9.669405224467397
2026-08-04,88,-21.438735895531963
2026-08-04,89,-87.63705255553255
2026-08-04,90,-91.86325872696061
2026-08-04,91,-141.1882945969598
2026-08-04,92,-178.64275463696146
2026-08-04,93,-184.65781317695937
2026-08-04,94,-195.37296537695977
2026-08-04,95,-168.12552308696172
2026-08-04,96,-212.50483543696052
2026-08-04,97,-231.71948725017452
2026-08-04,98,-206.0997071901759
2026-08-04,99,-211.30885946017486
2026-08-04,100,-241.36832937392472
2026-08-04,101,-263.7548718339243
2026-08-04,102,-302.80097058392516
2026-08-04,103,-287.79331882678156
2026-08-04,104,-332.7899840267813
2026-08-04,105,-299.97381397678197
2026-08-04,106,-279.7819325067827
2026-08-04,107,-270.8638886567827
2026-08-04,108,-274.5310542767825
2026-08-04,109,-299.3111040267825
2026-08-04,110,-320.64874172499674
2026-08-04,111,-302.8316146649965
2026-08-04,112,-284.3464483849958
2026-08-04,113,-301.9857939949962
2026-08-04,114,-285.95378296499615
2026-08-04,115,-293.53354187499593
2026-08-04,116,-285.6616482749956
2026-08-04,117,-276.38666756499623
2026-08-04,118,-286.0464224949963
2026-08-04,119,-263.2672958749961
2026-08-04,120,-231.98261438499574
2026-08-04,121,-260.65959976499727
2026-08-04,122,-255.47445622499623
2026-08-04,123,-264.6116129749963
2026-08-04,124,-260.962991228567
2026-08-04,125,-279.319836468568
2026-08-04,126,-281.152438688567
2026-08-04,127,-299.2613216085671
2026-08-04,128,-315.9222402785663
2026-08-04,129,-283.2771200085686
2026-08-04,130,-282.18609638856833
2026-08-04,131,-297.68510677856784
2026-08-04,132,-311.186382788568
2026-08-04,133,-322.96126927856693
2026-08-04,134,-347.73282315856756
2026-08-04,135,-337.5384816785669
2026-08-04,136,-320.74443309088883
2026-08-04,137,-317.7150471108888
2026-08-04,138,-302.71644134088876
2026-08-04,139,-308.86535596231784
2026-08-04,140,-299.72554012231757
2026-08-04,141,-309.9732914123169
2026-08-04,142,-320.25235668231727
2026-08-04,143,-326.9125036623176
2026-08-04,144,-305.04953868231814
2026-08-04,145,-317.6909716623171
2026-08-04,146,-289.24799362231795
2026-08-04,147,-276.92248616231655
2026-08-04,148,-276.34645560231695
2026-08-04,149,-272.38081016231695
2026-08-04,150,-316.8307059830311
2026-08-04,151,-315.54860325874665
2026-08-04,152,-316.37413975874637
2026-08-04,153,-313.79319565874596
2026-08-04,154,-316.5863409587471
2026-08-04,155,-314.1575160587463
2026-08-04,156,-316.3559379687463
2026-08-04,157,-313.37731617874675
2026-08-04,158,-310.3399715287468
2026-08-04,159,-297.84094475874684
2026-08-04,160,-289.84890172874566
2026-08-04,161,-290.3290537587462
2026-08-04,162,-303.08081480874614
2026-08-04,163,-319.45845034874674
2026-08-04,164,-311.58552925874693
2026-08-04,165,-312.37333107874656
2026-08-04,166,-329.5872402587463
2026-08-04,167,-331.6394494587466
2026-08-04,168,-343.90696501874595
2026-08-04,169,-355.1456598687471
2026-08-04,170,-353.90489674874595
2026-08-04,171,-361.11109225874645
2026-08-04,172,-359.7613152587465
2026-08-04,173,-345.13967125874734
2026-08-04,174,-346.55684489874596
2026-08-04,175,-338.41456975874695
2026-08-04,176,-336.74251060874644
2026-08-04,177,-334.88442057874585
2026-08-04,178,-330.6599742587466
2026-08-04,179,-323.9608896287466
2026-08-04,180,-330.2699352587466
2026-08-04,181,-348.0377489523182
2026-08-04,182,-340.8901362523176
2026-08-04,183,-343.4260712923175
2026-08-04,184,-349.34301835231787
2026-08-04,185,-341.6797010923173
2026-08-04,186,-338.2841985123179
2026-08-04,187,-334.8642335123172
2026-08-04,188,-330.53916711231784
2026-08-04,189,-341.24887901231784
2026-08-04,190,-338.41849501231786
2026-08-04,191,-338.96114326231736
2026-08-04,192,-344.82143867231775
2026-08-04,193,-358.40355651231704
2026-08-04,194,-354.58990809231796
2026-08-04,195,-357.46636603231696
2026-08-04,196,-359.38607251231747
2026-08-04,197,-361.69151101231773
2026-08-04,198,-365.81123699231784
2026-08-04,199,-363.25678554231655
2026-08-04,200,-344.9820787623176
2026-08-04,201,-349.3643304223178
2026-08-04,202,-343.7250865123172
2026-08-04,203,-336.0619607123175
2026-08-04,204,-325.2284877623178
2026-08-04,205,-319.02587651231823
2026-08-04,206,-322.36011748231743
2026-08-04,207,-329.1513530123174
2026-08-04,208,-333.8951738223178
2026-08-04,209,-350.23805757231804
2026-08-04,210,-373.7482365123179
2026-08-04,211,-369.9514872726748
2026-08-04,212,-364.9342341126749
2026-08-04,213,-370.0091526226743
2026-08-04,214,-374.95490367267456
2026-08-04,215,-356.6756186726751
2026-08-04,216,-353.6010938826739
2026-08-04,217,-372.55970346267395
2026-08-04,218,-353.5364702626746
2026-08-04,219,-326.2578426926745
2026-08-04,220,-312.9853508926746
2026-08-04,221,-306.62494386267406
2026-08-04,222,-315.1648547626753
2026-08-04,223,-318.53724402267443
2026-08-04,224,-314.25117339267433
2026-08-04,225,-319.25893181267486
2026-08-04,226,-313.68366688267423
2026-08-04,227,-346.22138050267415
2026-08-04,228,-339.02387776267494
2026-08-04,229,-322.25260582267424
2026-08-04,230,-320.6580953826756
2026-08-04,231,-360.92409313267484
2026-08-04,232,-363.4771209226749
2026-08-04,233,-409.99979672267455
2026-08-04,234,-430.5019978426749
2026-08-04,235,-440.68324784267486
2026-08-04,236,-462.3066632917816
2026-08-04,237,-464.50267879178193
2026-08-04,238,-474.3171952217815
2026-08-04,239,-485.01977835178184
2026-08-04,240,-464.304658991781
2026-08-04,241,-456.7766493717821
2026-08-04,242,-462.8740089717819
2026-08-04,243,-474.33102858178296
2026-08-04,244,-484.44187415463887
2026-08-04,245,-476.7687629846393
2026-08-04,246,-476.0794380446397
2026-08-04,247,-476.35979808463946
2026-08-04,248,-478.53329237464
2026-08-04,249,-488.22342538463863
2026-08-04,250,-493.4463555546397
2026-08-04,251,-484.3687088146388
2026-08-04,252,-493.20532790463943
2026-08-04,253,-481.0926243146391
2026-08-04,254,-483.7911297046391
2026-08-04,255,-511.05466910463923
2026-08-04,256,-504.42019360463894
2026-08-04,257,-489.86965169463787
2026-08-04,258,-508.4104397582095
2026-08-04,259,-475.42022703821044
2026-08-04,260,-418.40661913821083
2026-08-04,261,-396.95336813820995
2026-08-04,262,-401.2243701382098
2026-08-04,263,-427.85067952821043
2026-08-04,264,-413.28885463821086
2026-08-04,265,-423.4843191382099
2026-08-04,266,-427.8730039282109
2026-08-04,267,-445.0495573882104
2026-08-04,268,-447.4766891382099
2026-08-04,269,-433.4219178382103
2026-08-04,270,-388.01632967821075
2026-08-04,271,-431.7426767582108
2026-08-04,272,-423.21653825821124
2026-08-04,273,-417.3055192282107
2026-08-04,274,-360.11335371821025
2026-08-04,275,-398.0398302682109
2026-08-04,276,-367.00747644821115
2026-08-04,277,-378.7791974982104
2026-08-04,278,-361.5598107682104
2026-08-04,279,-390.8061081382105
2026-08-04,280,-352.0673006382108
2026-08-04,281,-359.96800967821156
2026-08-04,282,-376.09063987821025
2026-08-04,283,-405.19025655821076
2026-08-04,284,-418.36473681821104
2026-08-04,285,-411.7352797382107
2026-08-04,286,-407.7083241282111
2026-08-04,287,-412.61433382821116
2026-08-04,288,-415.97174140821005
2026-08-04,289,-410.2129606382109
2026-08-04,290,-425.8379828682103
2026-08-04,291,-418.26912713821065
2026-08-04,292,-404.7327606282098
2026-08-04,293,-395.6120575882108
2026-08-04,294,-399.45456785821074
2026-08-04,295,-416.2053106282116
2026-08-04,296,-422.1363659882106
2026-08-04,297,-406.71085063821084
2026-08-04,298,-427.183150638212
2026-08-04,299,-431.58681901821177
2026-08-04,300,-451.86093119821015
2026-08-04,301,-457.30733291821065
2026-08-04,302,-463.20673170821095
2026-08-04,303,-453.4691209971394
2026-08-04,304,-431.99916527714055
2026-08-04,305,-425.15659795713935
2026-08-04,306,-417.1643737471388
2026-08-04,307,-380.4451861571389
2026-08-04,308,-359.7615839971385
2026-08-04,309,-361.37415926142506
2026-08-04,310,-337.485564161424
2026-08-04,311,-357.3502159614246
2026-08-04,312,-335.65035171142466
2026-08-04,313,-345.60028363142465
2026-08-04,314,-368.9794754314247
2026-08-04,315,-403.3944403514239
2026-08-04,316,-429.24571415142543
2026-08-04,317,-430.78780539142485
2026-08-04,318,-431.106480311425
2026-08-04,319,-443.48116571142407
2026-08-04,320,-457.3722075314246
2026-08-04,321,-453.56092941142515
2026-08-04,322,-450.9885622314255
2026-08-04,323,-449.8489142114237
2026-08-04,324,-448.5480302314251
2026-08-04,325,-458.27774625142416
2026-08-04,326,-462.34310775142427
2026-08-04,327,-442.1311468514246
2026-08-04,328,-465.39526905142577
2026-08-04,329,-460.22478009142435
2026-08-04,330,-497.4117827514247
2026-08-04,331,-551.4107123314245
2026-08-04,332,-570.0190632314245
2026-08-04,333,-578.1956176614246
2026-08-04,334,-572.7989801164246
2026-08-04,335,-546.3911356664248
2026-08-04,336,-555.2011683664242
2026-08-04,337,-546.4392972564243
2026-08-04,338,-564.2964399264246
2026-08-04,339,-582.244226646425
2026-08-04,340,-562.1097224564242
2026-08-04,341,-585.6740186864251
2026-08-04,342,-543.7229196764247
2026-08-04,343,-544.7190186064249
2026-08-04,344,-553.2819093364245
2026-08-04,345,-545.3450092264254
2026-08-04,346,-579.2373211264238
2026-08-04,347,-580.0970066364251
2026-08-04,348,-581.4899844864244
2026-08-04,349,-595.9705954564248
2026-08-04,350,-583.6986802564238
2026-08-04,351,-586.2862059864243
2026-08-04,352,-539.9156148364247
2026-08-04,353,-538.381117906424
2026-08-04,354,-528.3245364264247
2026-08-04,355,-495.2134807864238
2026-08-04,356,-472.9173183564241
2026-08-04,357,-494.86420198642355
2026-08-04,358,-460.3796217364245
2026-08-04,359,-476.0130159864239
2026-08-04,360,-464.0431212664246
2026-08-04,361,-481.7876574864247
2026-08-04,362,-460.934657286425
2026-08-04,363,-476.9165166164235
2026-08-04,364,-459.2340755264245
2026-08-04,365,-455.5740384064251
2026-08-04,366,-438.5371428664253
2026-08-04,367,-478.29535723642505
2026-08-04,368,-452.5260058664247
2026-08-04,369,-420.77600573642457
2026-08-04,370,-431.9530374464251
2026-08-04,371,-419.3358317364252
2026-08-04,372,-431.10573452642564
2026-08-04,373,-439.7364665664237
2026-08-04,374,-449.22603540642456
2026-08-04,375,-446.27324732749537
2026-08-04,376,-433.7751455774967
2026-08-04,377,-411.83080383749507
2026-08-04,378,-382.9402696774961
2026-08-04,379,-381.6493048517807
2026-08-04,380,-371.5666873917818
2026-08-04,381,-362.874470761781
2026-08-04,382,-363.57889911178165
2026-08-04,383,-370.6246746317815
2026-08-04,384,-382.6312150517813
2026-08-04,385,-379.80190239178165
2026-08-04,386,-379.80190239178165
2026-08-04,387,-379.80190239178165
2026-08-04,388,-379.80190239178165
2026-08-04,389,-379.80190239178165
2026-08-04,390,-379.80190239178165
2026-08-05,0,0.0
2026-08-05,1,0.0
2026-08-05,2,0.0
2026-08-05,3,0.0
2026-08-05,4,0.0
2026-08-05,5,0.0
2026-08-05,6,0.0
2026-08-05,7,0.0
2026-08-05,8,0.0
2026-08-05,9,0.0
2026-08-05,10,0.0
2026-08-05,11,0.0
2026-08-05,12,0.0
2026-08-05,13,0.0
2026-08-05,14,0.0
2026-08-05,15,0.0
2026-08-05,16,0.0
2026-08-05,17,0.0
2026-08-05,18,0.0
2026-08-05,19,0.0
2026-08-05,20,16.94877090000046
2026-08-05,21,-2.1640213699987783
2026-08-05,22,-26.222361679999118
2026-08-05,23,-21.68246274999848
2026-08-05,24,-17.557444199998343
2026-08-05,25,-56.12067978999862
2026-08-05,26,-62.17166510999915
2026-08-05,27,-16.22700548999913
2026-08-05,28,-27.525935539999182
2026-08-05,29,-36.99954908285721
2026-08-05,30,-3.8148107049994806
2026-08-05,31,-17.272391454999273
2026-08-05,32,13.876069511251508
2026-08-05,33,38.61121074410788
2026-08-05,34,46.640367052322944
2026-08-05,35,57.37199670946549
2026-08-05,36,57.09016810946517
2026-08-05,37,97.22402450214399
2026-08-05,38,105.26050907071537
2026-08-05,39,100.01948011071646
2026-08-05,40,95.68260625071515
2026-08-05,41,95.85399707071562
2026-08-05,42,102.59648038071602
2026-08-05,43,83.12957762071454
2026-08-05,44,81.11406193071585
2026-08-05,45,87.11712143071614
2026-08-05,46,81.65308017071592
2026-08-05,47,81.8998124307146
2026-08-05,48,68.30512974071428
2026-08-05,49,44.82263439071503
2026-08-05,50,39.6222096207154
2026-08-05,51,71.2940051307153
2026-08-05,52,60.88245987071625
2026-08-05,53,21.567640630715843
2026-08-05,54,29.10787193071541
2026-08-05,55,14.502844890716204
2026-08-05,56,32.76190593071508
2026-08-05,57,66.08914233071478
2026-08-05,58,50.0639577307148
2026-08-05,59,46.79725735071615
2026-08-05,60,11.311702230715682
2026-08-05,61,33.011518250714566
2026-08-05,62,27.96433493071526
2026-08-05,63,36.42266527071541
2026-08-05,64,26.863075190715413
2026-08-05,65,22.476749930715563
2026-08-05,66,23.52499008785844
2026-08-05,67,-5.428952712140848
2026-08-05,68,4.79008858785857
2026-08-05,69,14.096955227858736
2026-08-05,70,23.751382907858783
2026-08-05,71,28.87675320785859
2026-08-05,72,39.879767587858
2026-08-05,73,45.66250458785804
2026-08-05,74,36.10430985785841
2026-08-05,75,16.586001027859574
2026-08-05,76,16.39481586785793
2026-08-05,77,43.76502262785897
2026-08-05,78,48.45184428785821
2026-08-05,79,46.13876714785874
2026-08-05,80,35.06351358785868
2026-08-05,81,47.89930712785933
2026-08-05,82,27.2167948478575
2026-08-05,83,8.16650760785835
2026-08-05,84,6.764133072142883
2026-08-05,85,14.945832572143757
2026-08-05,86,18.505536572143384
2026-08-05,87,10.239300072142726
2026-08-05,88,19.69760827214384
2026-08-05,89,3.2972015721432086
2026-08-05,90,2.6621860721441095
2026-08-05,91,-31.937350927856485
2026-08-05,92,-30.400752427855437
2026-08-05,93,-34.18884642785669
2026-08-05,94,-36.11973442785718
2026-08-05,95,-39.30495662785569
2026-08-05,96,9.450719322144366
2026-08-05,97,-0.5164486778557915
2026-08-05,98,9.338353922143284
2026-08-05,99,-2.502774177856068
2026-08-05,100,-4.501551577856105
2026-08-05,101,-12.027649487856195
2026-08-05,102,3.8658340821439765
2026-08-05,103,-11.109760927856414
2026-08-05,104,-14.755103877856158
2026-08-05,105,-47.88302017785567
2026-08-05,106,-45.96930362785595
2026-08-05,107,-65.6024481778563
2026-08-05,108,-85.09682637785606
2026-08-05,109,-75.23733967785518
2026-08-05,110,-46.94240317785642
2026-08-05,111,-53.301800187855406
2026-08-05,112,-84.07903002785471
2026-08-05,113,-105.91281737785431
2026-08-05,114,-123.48374817785582
2026-08-05,115,-133.617717177855
2026-08-05,116,-138.9077041485698
2026-08-05,117,-126.11584331856977
2026-08-05,118,-135.42017168856887
2026-08-05,119,-111.21057546856971
2026-08-05,120,-84.67644472857
2026-08-05,121,-82.59224019856735
2026-08-05,122,-72.28555711856947
2026-08-05,123,-73.22400724856877
2026-08-05,124,-76.91245927856812
2026-08-05,125,-77.53315157856956
2026-08-05,126,-59.779404058569995
2026-08-05,127,-45.382885898569285
2026-08-05,128,-42.48405870856832
2026-08-05,129,-42.197981648569986
2026-08-05,130,-48.09874433857074
2026-08-05,131,-24.106599798569228
2026-08-05,132,-23.48758576856867
2026-08-05,133,-8.031714508569117
2026-08-05,134,-21.561195418570307
2026-08-05,135,-43.49455712856884
2026-08-05,136,-41.48132355428365
2026-08-05,137,-76.71744609428251
2026-08-05,138,-73.59460780428405
2026-08-05,139,-109.38062790714022
2026-08-05,140,-114.66488107035481
2026-08-05,141,-119.96434097035356
2026-08-05,142,-104.7964459403549
2026-08-05,143,-129.4733392503554
2026-08-05,144,-129.8445380803549
2026-08-05,145,-134.8179226532109
2026-08-05,146,-153.30632586463892
2026-08-05,147,-156.2588469139256
2026-08-05,148,-132.95052211392488
2026-08-05,149,-154.44819411392567
2026-08-05,150,-187.11608746392554
2026-08-05,151,-145.34778827463768
2026-08-05,152,-123.68727944463814
2026-08-05,153,-88.75384305463805
2026-08-05,154,-49.498009964639564
2026-08-05,155,-65.78869767463937
2026-08-05,156,-74.23874752463853
2026-08-05,157,-56.46587395463953
2026-08-05,158,-53.01043447463836
2026-08-05,159,-44.41497642463817
2026-08-05,160,-67.27778772463847
2026-08-05,161,-46.25199012463788
2026-08-05,162,-48.994814424638754
2026-08-05,163,-48.96561741463775
2026-08-05,164,-24.084937091782052
2026-08-05,165,-32.194246031781496
2026-08-05,166,-0.9223965817805038
2026-08-05,167,-40.4411660717822
2026-08-05,168,-27.116817661781013
2026-08-05,169,-4.569980571781642
2026-08-05,170,34.934497268220234
2026-08-05,171,61.077529188220176
2026-08-05,172,48.75401404821898
2026-08-05,173,28.783274388218828
2026-08-05,174,24.505900818218755
2026-08-05,175,37.608070968218996
2026-08-05,176,48.80629096821985
2026-08-05,177,31.083743468218692
2026-08-05,178,34.183847611075585
2026-08-05,179,52.992344731076535
2026-08-05,180,73.83435966107626
2026-08-05,181,72.10439161107622
2026-08-05,182,49.89203201107608
2026-08-05,183,27.400156411075706
2026-08-05,184,29.312681111075044
2026-08-05,185,46.34181404107507
2026-08-05,186,38.48109115107742
2026-08-05,187,34.987852501076205
2026-08-05,188,60.61172679107513
2026-08-05,189,33.260100789647026
2026-08-05,190,53.06026358964809
2026-08-05,191,44.90913486964731
2026-08-05,192,33.495007429647764
2026-08-05,193,42.730881899647585
2026-08-05,194,55.251200129647444
2026-08-05,195,54.285059139647316
2026-08-05,196,55.03410526964688
2026-08-05,197,35.97642118964912
2026-08-05,198,56.33337828964658
2026-08-05,199,84.470847289647
2026-08-05,200,107.58834728964698
2026-08-05,201,103.56459175964747
2026-08-05,202,120.9233467896473
2026-08-05,203,132.31649141964695
2026-08-05,204,105.9376933253609
2026-08-05,205,112.0385442053612
2026-08-05,206,109.96949607536159
2026-08-05,207,139.1407036553614
2026-08-05,208,128.29353047535955
2026-08-05,209,141.46105257536175
2026-08-05,210,154.33538807536127
2026-08-05,211,143.24677807536148
2026-08-05,212,111.11960507536159
2026-08-05,213,120.31892352536234
2026-08-05,214,109.70905314536175
2026-08-05,215,141.48753797536176
2026-08-05,216,135.1169700753602
2026-08-05,217,140.48866277536197
2026-08-05,218,145.5853820753619
2026-08-05,219,156.96042739536182
2026-08-05,220,159.27342407536256
2026-08-05,221,175.46963820536104
2026-08-05,222,202.37385247536136
2026-08-05,223,195.82640523536065
2026-08-05,224,213.31774982536206
2026-08-05,225,218.4064638125036
2026-08-05,226,217.55290926250365
2026-08-05,227,203.88175953250396
2026-08-05,228,211.99346872625375
2026-08-05,229,204.85983216625408
2026-08-05,230,207.45523023625503
2026-08-05,231,200.5992219462541
2026-08-05,232,201.96507345625344
2026-08-05,233,199.12340130625407
2026-08-05,234,207.51365022625373
2026-08-05,235,197.64664812625531
2026-08-05,236,216.51963114625534
2026-08-05,237,216.73817272625368
2026-08-05,238,234.7674926262553
2026-08-05,239,237.71094632625335
2026-08-05,240,243.34514895625534
2026-08-05,241,238.22293222625535
2026-08-05,242,219.9381337762548
2026-08-05,243,234.91930972625454
2026-08-05,244,231.81077539053976
2026-08-05,245,229.42842258054108
2026-08-05,246,234.24172999053968
2026-08-05,247,215.47221514054002
2026-08-05,248,203.0113313405402
2026-08-05,249,215.13739954054074
2026-08-05,250,226.25326194054142
2026-08-05,251,231.43602969054058
2026-08-05,252,228.1220628505396
2026-08-05,253,223.9185474405401
2026-08-05,254,228.85089970054096
2026-08-05,255,227.74031756053998
2026-08-05,256,217.2602112005405
2026-08-05,257,228.77898099571883
2026-08-05,258,242.04619268571847
2026-08-05,259,234.59265059572013
2026-08-05,260,232.4299118357185
2026-08-05,261,238.76348818571824
2026-08-05,262,228.87779677571845
2026-08-05,263,237.03126747571943
2026-08-05,264,249.8049721357198
2026-08-05,265,240.97806686571906
2026-08-05,266,246.92289743571965
2026-08-05,267,242.66204443571797
2026-08-05,268,234.72652650571808
2026-08-05,269,226.91260921571904
2026-08-05,270,224.12998437571918
2026-08-05,271,233.05980851571866
2026-08-05,272,218.23557613571742
2026-08-05,273,213.52105451571836
2026-08-05,274,215.70185719571845
2026-08-05,275,232.1278954857188
2026-08-05,276,219.99982123571908
2026-08-05,277,205.26287893571856
2026-08-05,278,197.9459117357185
2026-08-05,279,197.44837057571945
2026-08-05,280,212.85633568571825
2026-08-05,281,218.69922423571848
2026-08-05,282,221.2768091657185
2026-08-05,283,227.47165897571793
2026-08-05,284,232.02399582857538
2026-08-05,285,241.5766185285755
2026-08-05,286,231.47092917857694
2026-08-05,287,222.19776573857615
2026-08-05,288,212.09693691857717
2026-08-05,289,221.24036647857585
2026-08-05,290,223.9076199585743
2026-08-05,291,225.70788981857564
2026-08-05,292,230.63808072857466
2026-08-05,293,210.06520179857534
2026-08-05,294,206.44871419857586
2026-08-05,295,213.2940703085762
2026-08-05,296,206.72012983857542
2026-08-05,297,206.26816129857542
2026-08-05,298,215.5988017185765
2026-08-05,299,218.75510199857544
2026-08-05,300,217.29817407857493
2026-08-05,301,212.80145667857596
2026-08-05,302,215.42080457857557
2026-08-05,303,217.57001351857573
2026-08-05,304,223.82729787857494
2026-08-05,305,214.78890949857575
2026-08-05,306,205.79978252857595
2026-08-05,307,217.94369307857616
2026-08-05,308,213.53251317857593
2026-08-05,309,217.6293892885745
2026-08-05,310,221.6270075785756
2026-08-05,311,239.22966778857568
2026-08-05,312,233.94321241857546
2026-08-05,313,237.88832943857528
2026-08-05,314,240.29880032857443
2026-08-05,315,238.54118607857458
2026-08-05,316,227.39081195857574
2026-08-05,317,235.31035087857487
2026-08-05,318,244.54297403857572
2026-08-05,319,236.00619149857584
2026-08-05,320,246.0282893785748
2026-08-05,321,237.00284097857525
2026-08-05,322,218.473471078575
2026-08-05,323,230.9184577585745
2026-08-05,324,232.30321082857495
2026-08-05,325,229.178915968576
2026-08-05,326,218.2530648785759
2026-08-05,327,210.67427655857517
2026-08-05,328,219.1953065785758
2026-08-05,329,202.4195302985758
2026-08-05,330,188.66225607857533
2026-08-05,331,176.0979643285748
2026-08-05,332,162.3523612585761
2026-08-05,333,176.7442155785752
2026-08-05,334,192.53743737857462
2026-08-05,335,204.79466848857535
2026-08-05,336,214.54244157857548
2026-08-05,337,216.54167138857474
2026-08-05,338,214.4519335785755
2026-08-05,339,223.16418753857536
2026-08-05,340,217.39824995857535
2026-08-05,341,206.48233957857428
2026-08-05,342,206.64456423857607
2026-08-05,343,216.29757097857484
2026-08-05,344,208.97642603857588
2026-08-05,345,224.53067882857482
2026-08-05,346,228.1177260785743
2026-08-05,347,224.90925407857546
2026-08-05,348,219.83655425857506
2026-08-05,349,221.39215082857655
2026-08-05,350,229.02629534857513
2026-08-05,351,214.82768147857612
2026-08-05,352,234.29074417857467
2026-08-05,353,246.7632638285761
2026-08-05,354,268.58811207857514
2026-08-05,355,287.872210578575
2026-08-05,356,268.2920487685756
2026-08-05,357,263.7825235385755
2026-08-05,358,245.9768533728609
2026-08-05,359,246.85307379285973
2026-08-05,360,243.51313249286102
2026-08-05,361,263.7929832428619
2026-08-05,362,280.66169615286174
2026-08-05,363,262.59161247286113
2026-08-05,364,252.3716880785762
2026-08-05,365,284.5497482585761
2026-08-05,366,273.0479505785755
2026-08-05,367,262.65455505857716
2026-08-05,368,272.22599787857746
2026-08-05,369,273.430877378576
2026-08-05,370,254.06030791857586
2026-08-05,371,265.8163366185753
2026-08-05,372,264.390046698575
2026-08-05,373,261.81807617857567
2026-08-05,374,280.2360956071464
2026-08-05,375,272.339225907147
2026-08-05,376,249.48030576321776
2026-08-05,377,247.08360146321775
2026-08-05,378,238.45857796321815
2026-08-05,379,244.44398045518273
2026-08-05,380,250.41037685518137
2026-08-05,381,253.8079359551826
2026-08-05,382,251.6619305051824
2026-08-05,383,258.89103545518213
2026-08-05,384,220.45811501518227
2026-08-05,385,223.90805405518324
2026-08-05,386,223.90805405518324
2026-08-05,387,223.90805405518324
2026-08-05,388,223.90805405518324
2026-08-05,389,223.90805405518324
2026-08-05,390,223.90805405518324
2026-08-06,0,0.0
2026-08-06,1,0.0
2026-08-06,2,0.0
2026-08-06,3,0.0
2026-08-06,4,0.0
2026-08-06,5,0.0
2026-08-06,6,0.0
2026-08-06,7,0.0
2026-08-06,8,0.0
2026-08-06,9,0.0
2026-08-06,10,0.0
2026-08-06,11,0.0
2026-08-06,12,0.0
2026-08-06,13,0.0
2026-08-06,14,0.0
2026-08-06,15,0.0
2026-08-06,16,0.0
2026-08-06,17,0.0
2026-08-06,18,0.0
2026-08-06,19,0.0
2026-08-06,20,-5.148013710000015
2026-08-06,21,-0.18541750000012058
2026-08-06,22,-35.93399200000006
2026-08-06,23,-17.891332360000284
2026-08-06,24,-23.842247360000712
2026-08-06,25,20.62007827999936
2026-08-06,26,19.94237450999904
2026-08-06,27,36.73244640999956
2026-08-06,28,32.9843074099998
2026-08-06,29,50.623326270000376
2026-08-06,30,34.20979704999953
2026-08-06,31,55.283978409999335
2026-08-06,32,60.67351598142811
2026-08-06,33,58.553348151428466
2026-08-06,34,82.38637832142786
2026-08-06,35,89.93568548142775
2026-08-06,36,113.13601762142794
2026-08-06,37,110.44268098142788
2026-08-06,38,136.00060182142835
2026-08-06,39,133.80034158142922
2026-08-06,40,112.55530682785745
2026-08-06,41,111.21341520785734
2026-08-06,42,62.99599945785796
2026-08-06,43,67.2614166633932
2026-08-06,44,48.46124580339297
2026-08-06,45,43.55736582339436
2026-08-06,46,53.20999795339337
2026-08-06,47,37.91737094339355
2026-08-06,48,-9.95702609660573
2026-08-06,49,4.65448380339366
2026-08-06,50,8.165376623393328
2026-08-06,51,8.24578380339328
2026-08-06,52,14.084996693393279
2026-08-06,53,15.276773803394676
2026-08-06,54,24.040027243392686
2026-08-06,55,-1.3441688666064948
2026-08-06,56,-12.527746196606259
2026-08-06,57,-12.525748276605995
2026-08-06,58,-21.955580926605833
2026-08-06,59,-17.28271291660613
2026-08-06,60,28.129960223393752
2026-08-06,61,24.816642803393293
2026-08-06,62,13.287940543393532
2026-08-06,63,12.327799803392324
2026-08-06,64,10.166761903393123
2026-08-06,65,22.218206803393272
2026-08-06,66,7.881197213393634
2026-08-06,67,5.180881263393118
2026-08-06,68,2.8997677733931795
2026-08-06,69,-37.27178019660617
2026-08-06,70,-34.94105519660657
2026-08-06,71,-15.753682396606536
2026-08-06,72,-38.74828579660705
2026-08-06,73,-35.48223707660644
2026-08-06,74,-39.61980858660691
2026-08-06,75,-35.66641283660705
2026-08-06,76,-45.27677812660633
2026-08-06,77,-27.0188038066063
2026-08-06,78,-10.964953696605733
2026-08-06,79,-17.555496396606472
2026-08-06,80,-1.8637506866063376
2026-08-06,81,-20.3203763166061
2026-08-06,82,-13.684158306606108
2026-08-06,83,-30.589479346606822
2026-08-06,84,-17.12080492660654
2026-08-06,85,-26.597336336606404
2026-08-06,86,-31.288762216606543
2026-08-06,87,-24.272932556606392
2026-08-06,88,-25.379586196605274
2026-08-06,89,-17.733503696606377
2026-08-06,90,-27.515789736607033
2026-08-06,91,-18.153295696606406
2026-08-06,92,-7.313757776606039
2026-08-06,93,11.804737013393563
2026-08-06,94,25.977800283393137
2026-08-06,95,48.816575123394266
2026-08-06,96,77.14313164339399
2026-08-06,97,91.48113494339293
2026-08-06,98,91.90271080339377
2026-08-06,99,106.4309581833936
2026-08-06,100,100.04678530339405
2026-08-06,101,111.90555953339421
2026-08-06,102,115.74413544339322
2026-08-06,103,107.8405228033944
2026-08-06,104,89.61934648339431
2026-08-06,105,78.46601128767921
2026-08-06,106,101.56173646767954
2026-08-06,107,67.91431967768057
2026-08-06,108,72.15886264768042
2026-08-06,109,60.05734086768069
2026-08-06,110,84.57782118768023
2026-08-06,111,109.88547620768026
2026-08-06,112,108.72083261768071
2026-08-06,113,112.15959251768014
2026-08-06,114,107.3506413076797
2026-08-06,115,104.14006819768028
2026-08-06,116,126.73637362767974
2026-08-06,117,132.66740829768096
2026-08-06,118,124.43118001768048
2026-08-06,119,142.5408860176806
2026-08-06,120,136.1986606276807
2026-08-06,121,125.89531890767987
2026-08-06,122,127.18060219768051
2026-08-06,123,128.8109510876808
2026-08-06,124,131.75542554767912
2026-08-06,125,137.93416859768044
2026-08-06,126,139.1536833276811
2026-08-06,127,151.82024481768013
2026-08-06,128,140.86389148768095
2026-08-06,129,153.46491235768107
2026-08-06,130,151.47078502768
2026-08-06,131,138.9549767576804
2026-08-06,132,141.35884501767907
2026-08-06,133,140.42415031768112
2026-08-06,134,135.0460033876798
2026-08-06,135,155.48179683053735
2026-08-06,136,177.3896260605378
2026-08-06,137,171.15836428053672
2026-08-06,138,206.87886584053797
2026-08-06,139,188.51746677053768
2026-08-06,140,207.38796816053775
2026-08-06,141,208.68437429053708
2026-08-06,142,199.2193586605374
2026-08-06,143,168.69885066053746
2026-08-06,144,164.74295108375182
2026-08-06,145,155.29212183375176
2026-08-06,146,154.86150228375206
2026-08-06,147,167.38221909375187
2026-08-06,148,153.44084949375255
2026-08-06,149,149.09396557375243
2026-08-06,150,146.19648821375188
2026-08-06,151,147.50509260875327
2026-08-06,152,162.2387288266092
2026-08-06,153,170.50623914660997
2026-08-06,154,168.25452713661028
2026-08-06,155,184.78703379661073
2026-08-06,156,170.06392644660943
2026-08-06,157,173.14166564660985
2026-08-06,158,180.91542568018116
2026-08-06,159,178.92150703018032
2026-08-06,160,191.10247708018068
2026-08-06,161,186.58990424018145
2026-08-06,162,192.46469398018166
2026-08-06,163,190.697483160181
2026-08-06,164,186.36068574018122
2026-08-06,165,192.335915410181
2026-08-06,166,180.22840709018016
2026-08-06,167,180.38277010018106
2026-08-06,168,197.35366862017986
2026-08-06,169,200.07946407018142
2026-08-06,170,197.06528472018067
2026-08-06,171,205.3185829901803
2026-08-06,172,204.3210798844661
2026-08-06,173,207.78338744446572
2026-08-06,174,205.45616844446667
2026-08-06,175,225.48736965875233
2026-08-06,176,222.82745160875248
2026-08-06,177,220.19257915875255
2026-08-06,178,218.2826755787515
2026-08-06,179,219.4193063387524
2026-08-06,180,236.18862760875243
2026-08-06,181,247.9810052487531
2026-08-06,182,228.31186722875202
2026-08-06,183,203.44679989875198
2026-08-06,184,214.53325932875174
2026-08-06,185,195.45985980875116
2026-08-06,186,210.74944165875206
2026-08-06,187,227.0675118587522
2026-08-06,188,228.961578458752
2026-08-06,189,232.32421615875182
2026-08-06,190,232.12118265875145
2026-08-06,191,232.42009470875178
2026-08-06,192,246.2951832887518
2026-08-06,193,234.71836801875153
2026-08-06,194,216.81695708875193
2026-08-06,195,248.43938623875283
2026-08-06,196,216.271347658752
2026-08-06,197,220.08054880875164
2026-08-06,198,236.276509248752
2026-08-06,199,263.6144085387518
2026-08-06,200,260.043945588752
2026-08-06,201,268.36673206875173
2026-08-06,202,279.084585248752
2026-08-06,203,277.41147590875204
2026-08-06,204,258.3581931587513
2026-08-06,205,274.4142896587524
2026-08-06,206,269.52223424875217
2026-08-06,207,269.0074064187518
2026-08-06,208,284.3896171587515
2026-08-06,209,290.1452186587522
2026-08-06,210,295.4232295387527
2026-08-06,211,282.69919305875237
2026-08-06,212,278.3440676087512
2026-08-06,213,281.71886483875176
2026-08-06,214,274.5175430187523
2026-08-06,215,277.1901857587511
2026-08-06,216,283.3710937187511
2026-08-06,217,269.9332695387519
2026-08-06,218,276.38434440875096
2026-08-06,219,289.32556423875246
2026-08-06,220,296.9547460358944
2026-08-06,221,289.2774740158949
2026-08-06,222,278.6720042858948
2026-08-06,223,262.19564977589465
2026-08-06,224,255.63987234018066
2026-08-06,225,245.08867249018067
2026-08-06,226,252.62341089018048
2026-08-06,227,246.1548988501799
2026-08-06,228,273.49733837018044
2026-08-06,229,276.9082593501805
2026-08-06,230,285.12310686018037
2026-08-06,231,274.61901935018096
2026-08-06,232,277.66225664018043
2026-08-06,233,276.0368226301803
2026-08-06,234,271.2724450601807
2026-08-06,235,289.94372285018096
2026-08-06,236,301.56643303018086
2026-08-06,237,278.6568788501801
2026-08-06,238,277.3734386501807
2026-08-06,239,280.15492291018086
2026-08-06,240,276.27563835018066
2026-08-06,241,277.70512239018046
2026-08-06,242,283.8133974101811
2026-08-06,243,278.9240033501801
2026-08-06,244,272.9929154501805
2026-08-06,245,279.3466420001798
2026-08-06,246,263.1447464101806
2026-08-06,247,258.3407228501795
2026-08-06,248,260.5021786001803
2026-08-06,249,254.37428823017996
2026-08-06,250,250.21094573017965
2026-08-06,251,243.38630563018117
2026-08-06,252,251.96752401018023
2026-08-06,253,249.40847385018023
2026-08-06,254,255.25840385017915
2026-08-06,255,263.9833117001805
2026-08-06,256,267.57860378018074
2026-08-06,257,266.816663000181
2026-08-06,258,272.47844686017993
2026-08-06,259,264.7153726001801
2026-08-06,260,264.3228343501803
2026-08-06,261,270.5834553501803
2026-08-06,262,275.10840888018083
2026-08-06,263,273.53943385018044
2026-08-06,264,278.57280537018073
2026-08-06,265,269.68525226018045
2026-08-06,266,267.94443635018104
2026-08-06,267,274.2913414573233
2026-08-06,268,278.29188894732414
2026-08-06,269,275.70951570732336
2026-08-06,270,284.27811573732316
2026-08-06,271,279.07256816732365
2026-08-06,272,276.97321007732336
2026-08-06,273,283.0696106073235
2026-08-06,274,295.1614599973235
2026-08-06,275,295.5252962844662
2026-08-06,276,275.707884904467
2026-08-06,277,295.63847156446604
2026-08-06,278,293.2204447458953
2026-08-06,279,288.5579654058942
2026-08-06,280,278.2488756358945
2026-08-06,281,284.86302113589454
2026-08-06,282,280.5422650958949
2026-08-06,283,294.58864263589527
2026-08-06,284,293.9227521358944
2026-08-06,285,304.09368613589453
2026-08-06,286,311.40051387589466
2026-08-06,287,334.15538649303767
2026-08-06,288,341.4136223330373
2026-08-06,289,334.1271237130373
2026-08-06,290,343.3253908230374
2026-08-06,291,353.88466549303797
2026-08-06,292,355.2415959930375
2026-08-06,293,357.6238566130372
2026-08-06,294,351.14084083303794
2026-08-06,295,348.4786129930376
2026-08-06,296,334.9503458430371
2026-08-06,297,313.39070394303684
2026-08-06,298,318.4859224430377
2026-08-06,299,322.69061994303775
2026-08-06,300,323.83139699303774
2026-08-06,301,339.9794579530372
2026-08-06,302,319.3850724930379
2026-08-06,303,324.1776379230381
2026-08-06,304,315.54610649303754
2026-08-06,305,310.55081399303765
2026-08-06,306,316.85983412303744
2026-08-06,307,301.4773334930378
2026-08-06,308,302.7435348730379
2026-08-06,309,308.90726712303734
2026-08-06,310,315.0021009930378
2026-08-06,311,309.8750896930373
2026-08-06,312,320.3121969930378
2026-08-06,313,326.1975233530374
2026-08-06,314,322.03596955303794
2026-08-06,315,338.7761149158952
2026-08-06,316,324.60357953589516
2026-08-06,317,314.27958398589476
2026-08-06,318,295.7923013258952
2026-08-06,319,283.82196783589427
2026-08-06,320,296.79362376589347
2026-08-06,321,286.167585135894
2026-08-06,322,290.9334515258941
2026-08-06,323,288.9326246358942
2026-08-06,324,296.1309328358942
2026-08-06,325,303.5551717458943
2026-08-06,326,297.71223942589444
2026-08-06,327,301.0737086358941
2026-08-06,328,297.03785213589424
2026-08-06,329,286.6070531358943
2026-08-06,330,292.79711013589554
2026-08-06,331,302.568435135894
2026-08-06,332,308.27928413589467
2026-08-06,333,301.96543764589387
2026-08-06,334,301.1102391358939
2026-08-06,335,293.03483863589406
2026-08-06,336,300.48052213589347
2026-08-06,337,293.1463514958938
2026-08-06,338,306.597351385894
2026-08-06,339,309.759494235894
2026-08-06,340,302.0929506358943
2026-08-06,341,302.3935996358942
2026-08-06,342,302.92863513589435
2026-08-06,343,303.7350417358946
2026-08-06,344,291.3406444558939
2026-08-06,345,292.2826876358936
2026-08-06,346,299.0875371358946
2026-08-06,347,306.30150558589446
2026-08-06,348,311.17301573589447
2026-08-06,349,304.560779535894
2026-08-06,350,325.31573013589457
2026-08-06,351,317.1766241358941
2026-08-06,352,311.4570521358939
2026-08-06,353,309.8020566358941
2026-08-06,354,307.88698513589344
2026-08-06,355,295.61721113589454
2026-08-06,356,293.1034536358949
2026-08-06,357,293.25047596589314
2026-08-06,358,295.9339875858941
2026-08-06,359,298.307301935894
2026-08-06,360,295.3053396358943
2026-08-06,361,293.47623063589447
2026-08-06,362,293.23870887589425
2026-08-06,363,291.4554312583944
2026-08-06,364,304.193302098394
2026-08-06,365,295.5574975983942
2026-08-06,366,289.07171998839476
2026-08-06,367,271.9375545783944
2026-08-06,368,276.2635110983939
2026-08-06,369,274.3329680983943
2026-08-06,370,270.03705064839374
2026-08-06,371,267.94748859839365
2026-08-06,372,266.2383455983943
2026-08-06,373,268.8201873483939
2026-08-06,374,271.2327835769654
2026-08-06,375,265.42845002696555
2026-08-06,376,270.1738945269651
2026-08-06,377,270.54793402696504
2026-08-06,378,284.1070780269652
2026-08-06,379,277.5666460269657
2026-08-06,380,271.7512595269654
2026-08-06,381,273.83615398696537
2026-08-06,382,268.6853920269656
2026-08-06,383,266.98025052696505
2026-08-06,384,274.4055830269654
2026-08-06,385,272.79544302696553
2026-08-06,386,272.79544302696553
2026-08-06,387,272.79544302696553
2026-08-06,388,272.79544302696553
2026-08-06,389,272.79544302696553
2026-08-06,390,272.79544302696553
2026-08-07,0,0.0
2026-08-07,1,0.0
2026-08-07,2,0.0
2026-08-07,3,0.0
2026-08-07,4,0.0
2026-08-07,5,0.0
2026-08-07,6,0.0
2026-08-07,7,0.0
2026-08-07,8,0.0
2026-08-07,9,0.0
2026-08-07,10,0.0
2026-08-07,11,0.0
2026-08-07,12,0.0
2026-08-07,13,0.0
2026-08-07,14,0.0
2026-08-07,15,0.0
2026-08-07,16,0.0
2026-08-07,17,0.0
2026-08-07,18,0.0
2026-08-07,19,0.0
2026-08-07,20,2.0215406900017143
2026-08-07,21,4.580450010002316
2026-08-07,22,13.133302433930965
2026-08-07,23,70.1533548539309
2026-08-07,24,87.12535745393117
2026-08-07,25,104.53008174250198
2026-08-07,26,191.94476203678806
2026-08-07,27,148.17617841678833
2026-08-07,28,168.20906937678913
2026-08-07,29,100.83098604321628
2026-08-07,30,98.6256811632166
2026-08-07,31,156.16601024893043
2026-08-07,32,156.25945390321618
2026-08-07,33,100.35215769178808
2026-08-07,34,111.11040779178775
2026-08-07,35,102.25001919892973
2026-08-07,36,99.71579324893032
2026-08-07,37,86.35213207893034
2026-08-07,38,85.44155029893008
2026-08-07,39,104.01306524892911
2026-08-07,40,114.52472181678736
2026-08-07,41,137.54193290678597
2026-08-07,42,148.15545825678743
2026-08-07,43,159.82593726678638
2026-08-07,44,189.49072451678677
2026-08-07,45,168.85791412678716
2026-08-07,46,138.89165416875136
2026-08-07,47,164.21312941875073
2026-08-07,48,146.2275121687515
2026-08-07,49,138.8009916687515
2026-08-07,50,151.34351966875045
2026-08-07,51,152.28486916875136
2026-08-07,52,157.37718016875107
2026-08-07,53,125.03386816875069
2026-08-07,54,132.67980270875165
2026-08-07,55,103.63863391875046
2026-08-07,56,134.43127516875114
2026-08-07,57,139.95109783660828
2026-08-07,58,150.16816278660747
2026-08-07,59,149.76289241660834
2026-08-07,60,211.39168740660887
2026-08-07,61,232.01754567660922
2026-08-07,62,247.47881234803822
2026-08-07,63,283.70582501803705
2026-08-07,64,323.6377998380375
2026-08-07,65,314.69388424803714
2026-08-07,66,325.7205364380378
2026-08-07,67,300.40486404803806
2026-08-07,68,275.99305024803687
2026-08-07,69,313.9964152480379
2026-08-07,70,312.1116217980373
2026-08-07,71,318.4851626980379
2026-08-07,72,328.30611002803704
2026-08-07,73,340.21768344803843
2026-08-07,74,322.7472700417871
2026-08-07,75,328.5722609517883
2026-08-07,76,322.5018142917869
2026-08-07,77,284.64676399178774
2026-08-07,78,287.9375767917875
2026-08-07,79,282.9844176417877
2026-08-07,80,283.09464879178637
2026-08-07,81,313.3490126017867
2026-08-07,82,330.1576317917867
2026-08-07,83,329.86101334178727
2026-08-07,84,330.7836432417868
2026-08-07,85,317.3459595417871
2026-08-07,86,322.7173409017873
2026-08-07,87,320.7749442417871
2026-08-07,88,330.1930904517865
2026-08-07,89,333.35521024178746
2026-08-07,90,326.1849442317877
2026-08-07,91,329.7053321217872
2026-08-07,92,339.24951744178736
2026-08-07,93,334.6753123217878
2026-08-07,94,328.0188393717866
2026-08-07,95,325.7614232417877
2026-08-07,96,314.8106042417864
2026-08-07,97,292.12014224178705
2026-08-07,98,282.05552474178694
2026-08-07,99,288.60149804178724
2026-08-07,100,292.96307924178774
2026-08-07,101,306.0223715017884
2026-08-07,102,323.70569223178796
2026-08-07,103,315.7095477417868
2026-08-07,104,297.8190085917874
2026-08-07,105,291.1494291517881
2026-08-07,106,322.15249682178705
2026-08-07,107,312.8506495346444
2026-08-07,108,292.1501633746443
2026-08-07,109,292.1607253846439
2026-08-07,110,259.4258835746447
2026-08-07,111,258.9141690180376
2026-08-07,112,255.28023177803726
2026-08-07,113,253.47105577803825
2026-08-07,114,257.54751548803745
2026-08-07,115,247.95165197803735
2026-08-07,116,254.3696767480372
2026-08-07,117,250.5072639280376
2026-08-07,118,239.13379227803753
2026-08-07,119,256.58823877803854
2026-08-07,120,261.9458317780378
2026-08-07,121,247.30493477803765
2026-08-07,122,246.13902027803823
2026-08-07,123,245.47633202803723
2026-08-07,124,238.7878534080375
2026-08-07,125,217.4404075380384
2026-08-07,126,248.1513874580382
2026-08-07,127,241.39957387803753
2026-08-07,128,268.80153347803804
2026-08-07,129,262.40721722803835
2026-08-07,130,263.50952294803824
2026-08-07,131,271.7745889780376
2026-08-07,132,265.56121323803734
2026-08-07,133,263.9377117280378
2026-08-07,134,246.36182239803793
2026-08-07,135,261.6899062980374
2026-08-07,136,257.4505824780381
2026-08-07,137,259.050682478038
2026-08-07,138,263.12462297803796
2026-08-07,139,240.77610085803863
2026-08-07,140,245.874417870896
2026-08-07,141,259.48231912089517
2026-08-07,142,266.3064778508947
2026-08-07,143,274.63340312089537
2026-08-07,144,273.1551652808961
2026-08-07,145,264.91568197089504
2026-08-07,146,280.23042214089514
2026-08-07,147,285.2524354608952
2026-08-07,148,289.4876581208953
2026-08-07,149,273.66362562089523
2026-08-07,150,284.24772312089544
2026-08-07,151,282.65569180089597
2026-08-07,152,271.53369825910886
2026-08-07,153,263.3735352491089
2026-08-07,154,248.7258134191094
2026-08-07,155,240.60299825910928
2026-08-07,156,232.09747571911018
2026-08-07,157,236.6164027591087
2026-08-07,158,229.19904542910882
2026-08-07,159,229.83717175910934
2026-08-07,160,243.89281742910916
2026-08-07,161,233.45981308910893
2026-08-07,162,258.06552875910927
2026-08-07,163,269.53084913910897
2026-08-07,164,273.1683519791104
2026-08-07,165,270.31532475911
2026-08-07,166,267.1027089991106
2026-08-07,167,268.48292688910965
2026-08-07,168,272.02127899910977
2026-08-07,169,283.92775507910846
2026-08-07,170,279.65936718911036
2026-08-07,171,290.47254767910914
2026-08-07,172,292.8528875891095
2026-08-07,173,308.16828536910873
2026-08-07,174,313.54908980768056
2026-08-07,175,311.1082846876802
2026-08-07,176,323.91001268768
2026-08-07,177,321.8487326876795
2026-08-07,178,316.07870268768016
2026-08-07,179,314.0090483176798
2026-08-07,180,327.76133368768046
2026-08-07,181,336.6779201876799
2026-08-07,182,328.4274121876796
2026-08-07,183,339.5711870276794
2026-08-07,184,340.94079818768057
2026-08-07,185,346.62682368768026
2026-08-07,186,337.60726862768024
2026-08-07,187,336.4599873876794
2026-08-07,188,350.3018141876803
2026-08-07,189,347.3155155176793
2026-08-07,190,344.1864283876809
2026-08-07,191,339.66755718768036
2026-08-07,192,351.0287594076807
2026-08-07,193,350.37126068767986
2026-08-07,194,356.8807556876799
2026-08-07,195,350.78898168768103
2026-08-07,196,334.81047168768146
2026-08-07,197,330.39480818768084
2026-08-07,198,331.2153571876803
2026-08-07,199,339.1147841776807
2026-08-07,200,340.63397818768146
2026-08-07,201,341.16481018767945
2026-08-07,202,330.73435410767956
2026-08-07,203,340.36559719767996
2026-08-07,204,347.3757811876799
2026-08-07,205,337.59526718768086
2026-08-07,206,333.35351834768016
2026-08-07,207,336.74899068768053
2026-08-07,208,333.83693443768
2026-08-07,209,330.77455318767966
2026-08-07,210,334.35382360768045
2026-08-07,211,320.6279611976811
2026-08-07,212,320.02667830767984
2026-08-07,213,324.55366668767994
2026-08-07,214,332.15935414768046
2026-08-07,215,321.47680672768007
2026-08-07,216,313.5018254676794
2026-08-07,217,304.0220907876798
2026-08-07,218,303.18309525767995
2026-08-07,219,306.59352718767934
2026-08-07,220,290.4266157776794
2026-08-07,221,299.51839427768
2026-08-07,222,286.5622759376792
2026-08-07,223,270.580070437681
2026-08-07,224,266.2947220176808
2026-08-07,225,275.40962779125175
2026-08-07,226,273.38985395125235
2026-08-07,227,263.63019706125215
2026-08-07,228,258.775302641252
2026-08-07,229,255.63881514125194
2026-08-07,230,242.21561771125155
2026-08-07,231,244.662953311252
2026-08-07,232,239.3419381412518
2026-08-07,233,234.80103011125195
2026-08-07,234,252.49449123125217
2026-08-07,235,239.4358136112521
2026-08-07,236,228.49491574125227
2026-08-07,237,231.82831572125133
2026-08-07,238,218.960761111252
2026-08-07,239,207.29995014125203
2026-08-07,240,216.09724114125163
2026-08-07,241,224.4778112612514
2026-08-07,242,239.85535664125263
2026-08-07,243,230.2008742412512
2026-08-07,244,234.23938113125126
2026-08-07,245,246.27159564125122
2026-08-07,246,242.6458501412521
2026-08-07,247,245.8511866412516
2026-08-07,248,248.13643004125217
2026-08-07,249,254.38464146125204
2026-08-07,250,238.5242390067877
2026-08-07,251,231.3527968867884
2026-08-07,252,220.6228649167874
2026-08-07,253,239.9582254467884
2026-08-07,254,242.14713741678855
2026-08-07,255,248.06139879678767
2026-08-07,256,238.87912107678756
2026-08-07,257,231.9857894767879
2026-08-07,258,230.24981991678834
2026-08-07,259,228.9472521767878
2026-08-07,260,227.08531959678794
2026-08-07,261,224.60333966678854
2026-08-07,262,218.66121180678766
2026-08-07,263,229.8519438067883
2026-08-07,264,223.77624230678725
2026-08-07,265,221.20192080678743
2026-08-07,266,210.31364292678796
2026-08-07,267,210.64985165678857
2026-08-07,268,212.30969168678783
2026-08-07,269,214.7597846867875
2026-08-07,270,211.98846794678803
2026-08-07,271,216.09844980678773
2026-08-07,272,213.54724384678758
2026-08-07,273,217.40924409678735
2026-08-07,274,222.94103159250253
2026-08-07,275,229.32037159250217
2026-08-07,276,235.28725572250238
2026-08-07,277,231.58737109250245
2026-08-07,278,230.14739359250154
2026-08-07,279,233.4256442125026
2026-08-07,280,223.31742558250323
2026-08-07,281,228.6796359125022
2026-08-07,282,228.3927520925023
2026-08-07,283,230.01111037250195
2026-08-07,284,240.5897085925024
2026-08-07,285,245.67405406250276
2026-08-07,286,241.6012218325024
2026-08-07,287,261.8831162225024
2026-08-07,288,241.47272925250263
2026-08-07,289,230.8547258125023
2026-08-07,290,235.8672016925022
2026-08-07,291,230.8975267125029
2026-08-07,292,213.86678860250237
2026-08-07,293,208.4204191925021
2026-08-07,294,205.95775249268212
2026-08-07,295,209.4007262426808
2026-08-07,296,200.60377806268144
2026-08-07,297,211.78327674268002
2026-08-07,298,213.49005049268132
2026-08-07,299,216.1683803326809
2026-08-07,300,220.15329983268128
2026-08-07,301,219.67916617268168
2026-08-07,302,224.34232783268152
2026-08-07,303,223.71457119268132
2026-08-07,304,221.8343348326818
2026-08-07,305,220.68429685268148
2026-08-07,306,216.83985520268146
2026-08-07,307,216.01576498268133
2026-08-07,308,212.13228861268158
2026-08-07,309,220.0035648226807
2026-08-07,310,217.44831933268114
2026-08-07,311,215.63934249268124
2026-08-07,312,213.22449683268133
2026-08-07,313,214.41568783268224
2026-08-07,314,222.7317953326816
2026-08-07,315,231.0647788326811
2026-08-07,316,232.0910413326812
2026-08-07,317,234.58101134268162
2026-08-07,318,234.21200248268093
2026-08-07,319,226.3120778326815
2026-08-07,320,219.10297872268166
2026-08-07,321,228.6711648326817
2026-08-07,322,219.25833536268107
2026-08-07,323,224.67929723268077
2026-08-07,324,223.51735469268135
2026-08-07,325,216.74710383268066
2026-08-07,326,205.71322333268154
2026-08-07,327,210.28658791268117
2026-08-07,328,212.71062623268148
2026-08-07,329,208.62443183267982
2026-08-07,330,209.029891322681
2026-08-07,331,196.37619038268068
2026-08-07,332,187.37044987268052
2026-08-07,333,179.20966983268153
2026-08-07,334,172.6081891826813
2026-08-07,335,180.59949139268198
2026-08-07,336,175.46912437268082
2026-08-07,337,170.92962751268107
2026-08-07,338,173.76925886643087
2026-08-07,339,165.93664403643197
2026-08-07,340,169.68714962643122
2026-08-07,341,149.72934336643067
2026-08-07,342,141.15275586643105
2026-08-07,343,137.1382943664314
2026-08-07,344,140.5678455864312
2026-08-07,345,148.92467370643195
2026-08-07,346,155.54544266643205
2026-08-07,347,145.77147691643086
2026-08-07,348,154.64571686643097
2026-08-07,349,162.8940010864312
2026-08-07,350,165.11398986643138
2026-08-07,351,166.32034836643226
2026-08-07,352,176.84925136643122
2026-08-07,353,173.55374186643138
2026-08-07,354,176.24997236643162
2026-08-07,355,183.51099336643153
2026-08-07,356,185.94867946643154
2026-08-07,357,187.44517290643142
2026-08-07,358,189.8638738664319
2026-08-07,359,182.02349386643155
2026-08-07,360,177.92896236643134
2026-08-07,361,167.75860636643196
2026-08-07,362,151.37796836643105
2026-08-07,363,148.60454566643125
2026-08-07,364,148.35154012643144
2026-08-07,365,150.01630062643073
2026-08-07,366,132.68147166643124
2026-08-07,367,151.0775053664313
2026-08-07,368,148.97778036643132
2026-08-07,369,154.47606836643115
2026-08-07,370,155.48604346643197
2026-08-07,371,168.49091011464515
2026-08-07,372,160.84411955464566
2026-08-07,373,155.3004029646453
2026-08-07,374,143.02488457464597
2026-08-07,375,158.39813325464564
2026-08-07,376,167.71989505464524
2026-08-07,377,189.49860705464528
2026-08-07,378,187.11873111464556
2026-08-07,379,193.88924232464552
2026-08-07,380,201.87941755464612
2026-08-07,381,207.738882554646
2026-08-07,382,220.09691549464617
2026-08-07,383,220.0143583289322
2026-08-07,384,219.68760655464598
2026-08-07,385,219.87768055464676
2026-08-07,386,219.87768055464676
2026-08-07,387,219.87768055464676
2026-08-07,388,219.87768055464676
2026-08-07,389,219.87768055464676
2026-08-07,390,219.87768055464676
2026-08-10,0,0.0
2026-08-10,1,0.0
2026-08-10,2,0.0
2026-08-10,3,0.0
2026-08-10,4,0.0
2026-08-10,5,0.0
2026-08-10,6,0.0
2026-08-10,7,0.0
2026-08-10,8,0.0
2026-08-10,9,0.0
2026-08-10,10,0.0
2026-08-10,11,0.0
2026-08-10,12,0.0
2026-08-10,13,0.0
2026-08-10,14,0.0
2026-08-10,15,0.0
2026-08-10,16,0.0
2026-08-10,17,0.0
2026-08-10,18,0.0
2026-08-10,19,0.0
2026-08-10,20,9.272268000001134
2026-08-10,21,18.31361200000066
2026-08-10,22,36.52175250000033
2026-08-10,23,41.32301956571476
2026-08-10,24,32.915828285714
2026-08-10,25,42.71093178571391
2026-08-10,26,28.22467728571428
2026-08-10,27,20.33488428571448
2026-08-10,28,21.837169535714338
2026-08-10,29,25.42949478571424
2026-08-10,30,18.206299935713915
2026-08-10,31,1.1738951257144095
2026-08-10,32,2.306178165715096
2026-08-10,33,6.820259285715252
2026-08-10,34,-19.220302714285594
2026-08-10,35,-60.8440664142843
2026-08-10,36,-74.30111821428409
2026-08-10,37,-57.88867250178438
2026-08-10,38,-49.81999197178531
2026-08-10,39,-53.69267912178506
2026-08-10,40,-103.47866750178497
2026-08-10,41,-108.05286495178517
2026-08-10,42,-117.777294461785
2026-08-10,43,-79.86909487178484
2026-08-10,44,-67.5801776517851
2026-08-10,45,-59.73900074178491
2026-08-10,46,-67.15380222178524
2026-08-10,47,-55.846391751783905
2026-08-10,48,-40.336520941784876
2026-08-10,49,-3.9597841317843177
2026-08-10,50,-74.7751445017843
2026-08-10,51,-54.55452271178456
2026-08-10,52,-58.61124883178502
2026-08-10,53,-19.81274948178436
2026-08-10,54,2.2124332082151454
2026-08-10,55,-34.4823760017846
2026-08-10,56,-45.53460655178422
2026-08-10,57,-60.088062720356476
2026-08-10,58,-69.52849305035589
2026-08-10,59,-54.5324700103569
2026-08-10,60,-41.0076788903547
2026-08-10,61,-76.0677829003562
2026-08-10,62,-94.70994459160576
2026-08-10,63,-68.18871527160557
2026-08-10,64,-59.323432691607074
2026-08-10,65,-110.53277274160644
2026-08-10,66,-121.55500028392791
2026-08-10,67,-138.08956326392791
2026-08-10,68,-53.39363709392823
2026-08-10,69,-34.85857173392844
2026-08-10,70,-45.819433493928415
2026-08-10,71,-61.267408063929274
2026-08-10,72,-93.84057123392898
2026-08-10,73,-77.47697293392696
2026-08-10,74,-77.18523795392744
2026-08-10,75,-93.85305723392784
2026-08-10,76,-102.37724878392797
2026-08-10,77,-100.65220423392782
2026-08-10,78,-109.60003333392754
2026-08-10,79,-91.4184069939277
2026-08-10,80,-86.39222208392835
2026-08-10,81,-53.6991854239278
2026-08-10,82,-20.173034253928183
2026-08-10,83,6.704201076072714
2026-08-10,84,54.65302976607151
2026-08-10,85,60.16991275607143
2026-08-10,86,49.72903376607252
2026-08-10,87,47.30853359607166
2026-08-10,88,65.82815617607136
2026-08-10,89,67.06832001607191
2026-08-10,90,81.31359417607055
2026-08-10,91,52.49298451607242
2026-08-10,92,61.76218551607086
2026-08-10,93,57.56730092607154
2026-08-10,94,50.189243730356594
2026-08-10,95,25.89819713035699
2026-08-10,96,34.74712355035933
2026-08-10,97,61.183811230356994
2026-08-10,98,56.39011029035832
2026-08-10,99,67.66125354035778
2026-08-10,100,97.00164525035899
2026-08-10,101,69.41163596035739
2026-08-10,102,61.27748509785867
2026-08-10,103,100.0523619978577
2026-08-10,104,118.85067588785668
2026-08-10,105,162.408972407858
2026-08-10,106,140.07810706785705
2026-08-10,107,164.2845850078594
2026-08-10,108,170.10211024785747
2026-08-10,109,201.597913657858
2026-08-10,110,160.5197022978568
2026-08-10,111,138.13843993785738
2026-08-10,112,112.06676065785658
2026-08-10,113,178.21436474785742
2026-08-10,114,158.18719109500128
2026-08-10,115,96.83917542500075
2026-08-10,116,85.60360826500073
2026-08-10,117,111.9725257649997
2026-08-10,118,100.86498288500037
2026-08-10,119,71.23778308499982
2026-08-10,120,78.63382356500153
2026-08-10,121,66.3041378650006
2026-08-10,122,27.583331415000877
2026-08-10,123,33.2312325250007
2026-08-10,124,15.79029042500094
2026-08-10,125,43.66291451499961
2026-08-10,126,34.95636628499983
2026-08-10,127,36.6516947349992
2026-08-10,128,40.422183545001616
2026-08-10,129,10.943787735000427
2026-08-10,130,77.59376560500095
2026-08-10,131,91.58717981500129
2026-08-10,132,75.92822020500194
2026-08-10,133,106.50812776500172
2026-08-10,134,111.31933304500242
2026-08-10,135,112.47881751500086
2026-08-10,136,72.4691919550024
2026-08-10,137,97.50426001500068
2026-08-10,138,89.43599457500233
2026-08-10,139,115.65041704500169
2026-08-10,140,152.31659703500154
2026-08-10,141,211.3328897507145
2026-08-10,142,233.36260640071467
2026-08-10,143,259.9362165507166
2026-08-10,144,287.7827193307159
2026-08-10,145,268.1243695507161
2026-08-10,146,290.04989518071557
2026-08-10,147,279.9077248807161
2026-08-10,148,251.3737887107159
2026-08-10,149,247.61033722071633
2026-08-10,150,256.09605340071596
2026-08-10,151,237.33203902071563
2026-08-10,152,234.13006509071556
2026-08-10,153,218.90073547071518
2026-08-10,154,225.74235723071695
2026-08-10,155,248.8676844707156
2026-08-10,156,210.99186062071595
2026-08-10,157,176.80887745071453
2026-08-10,158,165.70653537696603
2026-08-10,159,137.45452705696644
2026-08-10,160,118.93536830696615
2026-08-10,161,107.4950564569653
2026-08-10,162,95.75641838696747
2026-08-10,163,111.05307863696552
2026-08-10,164,102.87826301696558
2026-08-10,165,95.82390077696664
2026-08-10,166,149.6513591769667
2026-08-10,167,144.98286645696683
2026-08-10,168,146.6849365169671
2026-08-10,169,143.01570607696607
2026-08-10,170,162.6649655869669
2026-08-10,171,156.36398035696493
2026-08-10,172,160.43804135696575
2026-08-10,173,178.0654238469664
2026-08-10,174,172.05862555696595
2026-08-10,175,162.56460005696624
2026-08-10,176,138.20298574696557
2026-08-10,177,132.73096095696457
2026-08-10,178,147.4713657169662
2026-08-10,179,138.63736729696723
2026-08-10,180,110.97927003696554
2026-08-10,181,75.39139195696566
2026-08-10,182,71.86814499696563
2026-08-10,183,79.11413539696703
2026-08-10,184,74.60623555696606
2026-08-10,185,103.41010523696565
2026-08-10,186,96.2133922069658
2026-08-10,187,89.7296594169654
2026-08-10,188,87.87485417696621
2026-08-10,189,84.95806579696632
2026-08-10,190,80.46778053696488
2026-08-10,191,66.03597845696572
2026-08-10,192,62.00545445696597
2026-08-10,193,60.322391076967186
2026-08-10,194,69.77313869696583
2026-08-10,195,78.99987183696538
2026-08-10,196,88.20421364696548
2026-08-10,197,83.45658832696706
2026-08-10,198,79.67049195696481
2026-08-10,199,69.2795231469668
2026-08-10,200,46.94441202696668
2026-08-10,201,44.369777516966586
2026-08-10,202,47.37333093696651
2026-08-10,203,50.13697296553834
2026-08-10,204,61.116611885537445
2026-08-10,205,69.5444410255376
2026-08-10,206,81.00079411553756
2026-08-10,207,90.23993611553608
2026-08-10,208,101.62275918553735
2026-08-10,209,110.73130888553719
2026-08-10,210,108.65163794553682
2026-08-10,211,96.35372490553699
2026-08-10,212,103.55836347553586
2026-08-10,213,98.30422109553751
2026-08-10,214,116.0411993726782
2026-08-10,215,119.66704056267973
2026-08-10,216,118.59981339267964
2026-08-10,217,147.95167501268025
2026-08-10,218,159.10779632268094
2026-08-10,219,166.62604542268
2026-08-10,220,156.71048856267979
2026-08-10,221,151.92808948268052
2026-08-10,222,151.88422754268052
2026-08-10,223,168.2129030426799
2026-08-10,224,151.19918887267985
2026-08-10,225,171.72853950268086
2026-08-10,226,178.99293698267985
2026-08-10,227,168.84931340267974
2026-08-10,228,144.754867232679
2026-08-10,229,142.20718717267974
2026-08-10,230,136.42666916268
2026-08-10,231,131.84396589268195
2026-08-10,232,150.6416111526801
2026-08-10,233,140.61087574267933
2026-08-10,234,155.24904939268004
2026-08-10,235,127.3585706826795
2026-08-10,236,122.75764448267981
2026-08-10,237,104.48870332268001
2026-08-10,238,110.47286107267946
2026-08-10,239,116.08018683267943
2026-08-10,240,124.98283521268161
2026-08-10,241,133.73236827268008
2026-08-10,242,145.2957747526792
2026-08-10,243,134.40573778268006
2026-08-10,244,143.91510580268016
2026-08-10,245,129.477197622681
2026-08-10,246,130.3412582426809
2026-08-10,247,85.15602786268053
2026-08-10,248,101.40008845268137
2026-08-10,249,89.35865024267875
2026-08-10,250,93.89161921268064
2026-08-10,251,88.66240713267972
2026-08-10,252,70.54212314267959
2026-08-10,253,65.31829921268046
2026-08-10,254,45.545243772680145
2026-08-10,255,60.24343647267847
2026-08-10,256,49.248881632680835
2026-08-10,257,30.2092427526794
2026-08-10,258,31.03042265267947
2026-08-10,259,41.09058894268119
2026-08-10,260,54.35252150268019
2026-08-10,261,49.76592721268092
2026-08-10,262,70.52380037267993
2026-08-10,263,51.811871472680586
2026-08-10,264,62.27884672268
2026-08-10,265,53.47577918268094
2026-08-10,266,49.17373561267967
2026-08-10,267,59.873126242679874
2026-08-10,268,57.15489359268227
2026-08-10,269,54.299439042680476
2026-08-10,270,66.12670311268111
2026-08-10,271,58.989759742679055
2026-08-10,272,61.22772878268002
2026-08-10,273,80.62554286268097
2026-08-10,274,75.76578028875187
2026-08-10,275,96.2202348687527
2026-08-10,276,95.9150315487517
2026-08-10,277,84.40782196875149
2026-08-10,278,105.24774204875175
2026-08-10,279,95.39950794875075
2026-08-10,280,102.45586449875229
2026-08-10,281,104.58521574875087
2026-08-10,282,101.00115270875169
2026-08-10,283,102.3961463087506
2026-08-10,284,89.5420219187515
2026-08-10,285,97.44560914875268
2026-08-10,286,93.64047721875096
2026-08-10,287,98.98923748875184
2026-08-10,288,105.07077085875198
2026-08-10,289,102.11366868875159
2026-08-10,290,96.12500143875081
2026-08-10,291,113.44171767875054
2026-08-10,292,138.03081618875095
2026-08-10,293,141.3967649787501
2026-08-10,294,154.44476250875073
2026-08-10,295,151.29216357875177
2026-08-10,296,153.5085461987515
2026-08-10,297,151.75586334875254
2026-08-10,298,161.20899880875137
2026-08-10,299,155.15803527875005
2026-08-10,300,174.86842903875063
2026-08-10,301,207.10113504875164
2026-08-10,302,195.93113438875224
2026-08-10,303,192.1803189387517
2026-08-10,304,211.64104469875141
2026-08-10,305,222.75387903874986
2026-08-10,306,225.943488998751
2026-08-10,307,215.90446479874953
2026-08-10,308,214.04098804875096
2026-08-10,309,230.52199398875123
2026-08-10,310,220.143183438751
2026-08-10,311,217.80073343875074
2026-08-10,312,201.80240682875106
2026-08-10,313,183.29285908875113
2026-08-10,314,171.87441878875165
2026-08-10,315,175.1424184387516
2026-08-10,316,176.03947106875177
2026-08-10,317,189.48100969875037
2026-08-10,318,192.88791093875213
2026-08-10,319,192.29173224874947
2026-08-10,320,206.18022784875063
2026-08-10,321,188.33583526875185
2026-08-10,322,204.09962090589403
2026-08-10,323,198.0881895958945
2026-08-10,324,197.81743981589395
2026-08-10,325,189.18468919589532
2026-08-10,326,187.34448631589436
2026-08-10,327,193.46010856160825
2026-08-10,328,216.8515214416079
2026-08-10,329,228.1042938216073
2026-08-10,330,222.67312302160792
2026-08-10,331,233.26954202160942
2026-08-10,332,237.76442082160878
2026-08-10,333,247.8657844616085
2026-08-10,334,245.74478356160694
2026-08-10,335,253.94966445160782
2026-08-10,336,231.22221568160847
2026-08-10,337,222.1512167116083
2026-08-10,338,228.34633404160985
2026-08-10,339,225.73215283160823
2026-08-10,340,213.99262686160924
2026-08-10,341,229.30997108160784
2026-08-10,342,241.8078871816087
2026-08-10,343,250.40298352160775
2026-08-10,344,254.23315968160847
2026-08-10,345,277.89550190160804
2026-08-10,346,265.6522318216084
2026-08-10,347,282.0613545816076
2026-08-10,348,253.2508248616077
2026-08-10,349,245.28352252160732
2026-08-10,350,252.5580000816075
2026-08-10,351,249.13017021160948
2026-08-10,352,248.23650611160883
2026-08-10,353,261.42372728160757
2026-08-10,354,297.18787558160767
2026-08-10,355,306.7518163216083
2026-08-10,356,307.7095708616084
2026-08-10,357,302.84370478160884
2026-08-10,358,286.4545318016094
2026-08-10,359,256.5173480716083
2026-08-10,360,267.1299345216092
2026-08-10,361,236.32137083160745
2026-08-10,362,212.199436081608
2026-08-10,363,208.81575933160786
2026-08-10,364,206.31537704982304
2026-08-10,365,192.33307108982302
2026-08-10,366,214.0727765498224
2026-08-10,367,211.56287358982283
2026-08-10,368,188.87448575982322
2026-08-10,369,190.64308701982443
2026-08-10,370,163.99814089982246
2026-08-10,371,146.44794967982347
2026-08-10,372,149.8942464998227
2026-08-10,373,142.68683585982305
2026-08-10,374,136.75878519982217
2026-08-10,375,93.14627070982283
2026-08-10,376,111.95598440982238
2026-08-10,377,114.70169270982268
2026-08-10,378,100.35158800982292
2026-08-10,379,124.94275967982301
2026-08-10,380,79.37703412982252
2026-08-10,381,29.04834556982154
2026-08-10,382,16.87425176982154
2026-08-10,383,7.251083149821955
2026-08-10,384,8.293736879822617
2026-08-10,385,18.9401252098231
2026-08-10,386,18.9401252098231
2026-08-10,387,18.9401252098231
2026-08-10,388,18.9401252098231
2026-08-10,389,18.9401252098231
2026-08-10,390,18.9401252098231
2026-08-11,0,0.0
2026-08-11,1,0.0
2026-08-11,2,0.0
2026-08-11,3,0.0
2026-08-11,4,0.0
2026-08-11,5,0.0
2026-08-11,6,0.0
2026-08-11,7,0.0
2026-08-11,8,0.0
2026-08-11,9,0.0
2026-08-11,10,0.0
2026-08-11,11,0.0
2026-08-11,12,0.0
2026-08-11,13,0.0
2026-08-11,14,0.0
2026-08-11,15,0.0
2026-08-11,16,0.0
2026-08-11,17,0.0
2026-08-11,18,0.0
2026-08-11,19,0.0
2026-08-11,20,-5.701365559999331
2026-08-11,21,-32.15885195999797
2026-08-11,22,-26.803011180355334
2026-08-11,23,-28.76770368035588
2026-08-11,24,23.434160059644228
2026-08-11,25,-18.08443524035554
2026-08-11,26,-49.338807380355696
2026-08-11,27,-42.059253680355816
2026-08-11,28,-39.92262806035519
2026-08-11,29,-51.15744644035585
2026-08-11,30,-40.53745322035538
2026-08-11,31,-51.18003774035547
2026-08-11,32,-29.08946276035452
2026-08-11,33,-34.65481748035553
2026-08-11,34,-12.708038040355774
2026-08-11,35,-64.00346818035484
2026-08-11,36,-99.58241786035424
2026-08-11,37,-105.79803624035415
2026-08-11,38,-106.905424900355
2026-08-11,39,-117.5312545603549
2026-08-11,40,-157.5674261403545
2026-08-11,41,-162.74752225035485
2026-08-11,42,-158.519253380355
2026-08-11,43,-139.48659636035438
2026-08-11,44,-91.02575768035359
2026-08-11,45,-103.24780964035364
2026-08-11,46,-116.49046080035528
2026-08-11,47,-86.44015711035418
2026-08-11,48,-60.12484295035338
2026-08-11,49,-48.095424753210224
2026-08-11,50,-69.60182111321167
2026-08-11,51,-46.49320549321023
2026-08-11,52,-49.72399061321112
2026-08-11,53,-80.18789099606853
2026-08-11,54,-30.906695396068038
2026-08-11,55,-71.70460523606819
2026-08-11,56,-97.11875225606869
2026-08-11,57,-83.09360663606856
2026-08-11,58,-84.09906116606838
2026-08-11,59,-87.49421481606878
2026-08-11,60,-34.097534396068156
2026-08-11,61,-22.793752136067454
2026-08-11,62,-62.95264071606888
2026-08-11,63,-119.32393593606868
2026-08-11,64,-110.42093850606857
2026-08-11,65,-90.39705275606838
2026-08-11,66,-94.44370625606697
2026-08-11,67,-40.88287175606766
2026-08-11,68,-42.59587600606763
2026-08-11,69,-11.47657655606826
2026-08-11,70,-26.278784556069688
2026-08-11,71,-12.480137756068522
2026-08-11,72,-11.344387256068543
2026-08-11,73,29.56426688428929
2026-08-11,74,15.047184224287541
2026-08-11,75,4.6148409942886275
2026-08-11,76,-28.89032858571126
2026-08-11,77,-53.812428215710824
2026-08-11,78,-56.25010998571195
2026-08-11,79,-72.4414650457126
2026-08-11,80,-33.72351706571152
2026-08-11,81,-73.76222892571141
2026-08-11,82,-96.80291368571093
2026-08-11,83,-75.913147085711
2026-08-11,84,-100.3145328757113
2026-08-11,85,-58.58274408571103
2026-08-11,86,-68.57218592571195
2026-08-11,87,-87.7946609257114
2026-08-11,88,-46.69173193571137
2026-08-11,89,-36.155919795711846
2026-08-11,90,-35.740876925711135
2026-08-11,91,-52.889643685711896
2026-08-11,92,-68.46858342571142
2026-08-11,93,-104.63766605571118
2026-08-11,94,-94.53049042571119
2026-08-11,95,-62.16608567571184
2026-08-11,96,-30.505027025712145
2026-08-11,97,-1.0239862657116845
2026-08-11,98,8.332707324288393
2026-08-11,99,27.322148994288344
2026-08-11,100,29.025367024288375
2026-08-11,101,16.887169284289097
2026-08-11,102,14.832313824288754
2026-08-11,103,4.246970554289241
2026-08-11,104,17.262882154288278
2026-08-11,105,44.89181503428895
2026-08-11,106,25.057875524288647
2026-08-11,107,43.85495707428881
2026-08-11,108,38.89918747428837
2026-08-11,109,30.0949532142884
2026-08-11,110,38.63153657428705
2026-08-11,111,9.73689771428791
2026-08-11,112,8.555868894287183
2026-08-11,113,44.91945878428734
2026-08-11,114,73.48806572428788
2026-08-11,115,44.72451227428799
2026-08-11,116,53.78871635428827
2026-08-11,117,52.67352899428688
2026-08-11,118,72.53647221428692
2026-08-11,119,53.0801258242881
2026-08-11,120,15.897283824287712
2026-08-11,121,20.241182054287364
2026-08-11,122,14.049659074286787
2026-08-11,123,46.10284107428768
2026-08-11,124,58.91013903428875
2026-08-11,125,46.29000329428803
2026-08-11,126,27.972758654287233
2026-08-11,127,1.8516685942878368
2026-08-11,128,-5.258791485711178
2026-08-11,129,7.61090321428788
2026-08-11,130,9.610520824287477
2026-08-11,131,-14.716859925711283
2026-08-11,132,-11.89584474571214
2026-08-11,133,-26.520760705713066
2026-08-11,134,-33.73063391571296
2026-08-11,135,20.885785214287225
2026-08-11,136,31.041628064287238
2026-08-11,137,28.45927646428673
2026-08-11,138,26.272030074288494
2026-08-11,139,34.316918544288754
2026-08-11,140,6.583661514287627
2026-08-11,141,52.50439707428745
2026-08-11,142,40.757872504287036
2026-08-11,143,72.92578807428754
2026-08-11,144,63.722458824288125
2026-08-11,145,65.44730469428838
2026-08-11,146,63.22158714428838
2026-08-11,147,70.26538529428842
2026-08-11,148,84.00604798428805
2026-08-11,149,105.0984792042879
2026-08-11,150,123.0544211642877
2026-08-11,151,131.05129668428782
2026-08-11,152,153.45811257428818
2026-08-11,153,161.7535538642884
2026-08-11,154,163.43564174428704
2026-08-11,155,146.06026151428762
2026-08-11,156,122.46123612428796
2026-08-11,157,138.9056122642869
2026-08-11,158,125.89309214428859
2026-08-11,159,140.1273098942877
2026-08-11,160,141.04093727428767
2026-08-11,161,155.39225076428812
2026-08-11,162,163.2784178342879
2026-08-11,163,171.39420707428738
2026-08-11,164,182.81584163428846
2026-08-11,165,164.00254686428798
2026-08-11,166,150.44278957428781
2026-08-11,167,155.9442817342875
2026-08-11,168,148.28484787428914
2026-08-11,169,169.51874169428788
2026-08-11,170,157.06418864428858
2026-08-11,171,151.89283469428847
2026-08-11,172,141.33106355428836
2026-08-11,173,125.91307572428713
2026-08-11,174,133.43963736428654
2026-08-11,175,148.97827049428713
2026-08-11,176,146.93542107428797
2026-08-11,177,147.4447960742889
2026-08-11,178,141.85534097428732
2026-08-11,179,135.49101066428705
2026-08-11,180,124.91199283428672
2026-08-11,181,147.22490587428769
2026-08-11,182,144.02714220857467
2026-08-11,183,150.72976514857368
2026-08-11,184,131.57101518857462
2026-08-11,185,105.61572058857423
2026-08-11,186,106.86263162857394
2026-08-11,187,111.8883098885731
2026-08-11,188,121.25847807857481
2026-08-11,189,96.40944674857478
2026-08-11,190,122.73663453857412
2026-08-11,191,114.91080072857443
2026-08-11,192,111.43932539857448
2026-08-11,193,129.572743788574
2026-08-11,194,135.17738100857292
2026-08-11,195,158.89071528857522
2026-08-11,196,173.63852888857346
2026-08-11,197,160.01305931857317
2026-08-11,198,158.62650307857473
2026-08-11,199,155.85867888857368
2026-08-11,200,153.02130581857278
2026-08-11,201,134.5441550385734
2026-08-11,202,140.5665658385736
2026-08-11,203,132.50721722857412
2026-08-11,204,131.27125864857436
2026-08-11,205,137.56771092857346
2026-08-11,206,162.23528794857353
2026-08-11,207,173.59960938857378
2026-08-11,208,162.10614499857297
2026-08-11,209,163.95569981857335
2026-08-11,210,151.50954150857473
2026-08-11,211,166.9909109585741
2026-08-11,212,171.02163186857476
2026-08-11,213,167.22385256285986
2026-08-11,214,161.40047670285895
2026-08-11,215,174.56921911285818
2026-08-11,216,156.22253881285863
2026-08-11,217,150.86125920286023
2026-08-11,218,148.83741846285986
2026-08-11,219,139.7722396728597
2026-08-11,220,171.37747602285924
2026-08-11,221,175.1299777928596
2026-08-11,222,183.16157434285898
2026-08-11,223,191.16308767285912
2026-08-11,224,195.73242041285968
2026-08-11,225,197.8056819628591
2026-08-11,226,197.0732817328595
2026-08-11,227,190.91786634286046
2026-08-11,228,189.96075147285967
2026-08-11,229,184.21829747286048
2026-08-11,230,184.686960642859
2026-08-11,231,195.09794021285947
2026-08-11,232,195.13926875285915
2026-08-11,233,202.64730750285923
2026-08-11,234,225.69232655285927
2026-08-11,235,239.59276300285916
2026-08-11,236,226.9132210128585
2026-08-11,237,223.10330884285875
2026-08-11,238,205.31136320285876
2026-08-11,239,200.36648448286005
2026-08-11,240,201.28744138285896
2026-08-11,241,203.58342334285894
2026-08-11,242,200.46511200285903
2026-08-11,243,209.91747450286002
2026-08-11,244,213.3477034028587
2026-08-11,245,210.52262288285854
2026-08-11,246,184.0653964628601
2026-08-11,247,178.53954369285955
2026-08-11,248,178.45569400285896
2026-08-11,249,183.1866569328602
2026-08-11,250,182.55974444285826
2026-08-11,251,182.14766450286018
2026-08-11,252,187.5573876828588
2026-08-11,253,186.38421682571604
2026-08-11,254,185.67406004571586
2026-08-11,255,182.6357637657169
2026-08-11,256,190.19609278571468
2026-08-11,257,182.10579257571604
2026-08-11,258,189.46962540571755
2026-08-11,259,195.9990599957166
2026-08-11,260,198.63308347571538
2026-08-11,261,209.16686667571605
2026-08-11,262,188.15325167571623
2026-08-11,263,188.4821060257181
2026-08-11,264,201.13112466571613
2026-08-11,265,217.52901177571556
2026-08-11,266,202.84846399571677
2026-08-11,267,213.54784051571508
2026-08-11,268,206.70410208571627
2026-08-11,269,215.3498545857159
2026-08-11,270,206.42296089571644
2026-08-11,271,216.87887854571508
2026-08-11,272,229.13843955571622
2026-08-11,273,232.90811264571602
2026-08-11,274,221.97917564571637
2026-08-11,275,232.13313905571707
2026-08-11,276,233.38541000571647
2026-08-11,277,247.56952864571633
2026-08-11,278,265.3265972457162
2026-08-11,279,278.8872674057146
2026-08-11,280,268.30499383571595
2026-08-11,281,273.54569740571543
2026-08-11,282,274.7033851857167
2026-08-11,283,265.6961494057164
2026-08-11,284,265.36611016571646
2026-08-11,285,256.8781469957156
2026-08-11,286,241.776493425716
2026-08-11,287,257.5739516457162
2026-08-11,288,256.6370074757163
2026-08-11,289,272.39414168571585
2026-08-11,290,277.5348228657172
2026-08-11,291,293.0150040357156
2026-08-11,292,280.5906937057162
2026-08-11,293,292.8935769657153
2026-08-11,294,281.6033033957164
2026-08-11,295,278.4659871857171
2026-08-11,296,291.4671450157168
2026-08-11,297,292.10905568571627
2026-08-11,298,287.80947338571565
2026-08-11,299,269.52024740571676
2026-08-11,300,276.231040395715
2026-08-11,301,286.2792114257165
2026-08-11,302,274.13072964571546
2026-08-11,303,254.73275926571617
2026-08-11,304,241.7317655557163
2026-08-11,305,246.33724683571555
2026-08-11,306,248.80741693571548
2026-08-11,307,257.3306958557164
2026-08-11,308,265.824113645717
2026-08-11,309,255.52492564571585
2026-08-11,310,254.7299439057171
2026-08-11,311,244.6771353457172
2026-08-11,312,263.1469022957166
2026-08-11,313,277.46703970571696
2026-08-11,314,260.7934283557171
2026-08-11,315,272.7427523957159
2026-08-11,316,279.86132219571647
2026-08-11,317,268.6903603457156
2026-08-11,318,266.2066611257175
2026-08-11,319,273.47243394571694
2026-08-11,320,276.12504511571694
2026-08-11,321,285.829271735717
2026-08-11,322,272.48058604571577
2026-08-11,323,255.3743297957168
2026-08-11,324,241.38503377571632
2026-08-11,325,251.91880464571489
2026-08-11,326,258.1167679457163
2026-08-11,327,264.52203717571535
2026-08-11,328,285.80908964571495
2026-08-11,329,294.34058665571723
2026-08-11,330,272.8689481457173
2026-08-11,331,287.26043282571726
2026-08-11,332,269.57720092571657
2026-08-11,333,262.22491677571605
2026-08-11,334,281.9248330657163
2026-08-11,335,268.374421925716
2026-08-11,336,288.1961868157172
2026-08-11,337,293.14546234571566
2026-08-11,338,296.38867385571626
2026-08-11,339,285.40221787571676
2026-08-11,340,299.63532814571687
2026-08-11,341,306.74514959571707
2026-08-11,342,322.4947193357158
2026-08-11,343,330.4199476257165
2026-08-11,344,324.85855214571654
2026-08-11,345,346.50469157571683
2026-08-11,346,373.7924394957158
2026-08-11,347,346.1111234357168
2026-08-11,348,328.58625844571725
2026-08-11,349,349.13822564571683
2026-08-11,350,362.5209589857167
2026-08-11,351,351.7997581457164
2026-08-11,352,356.0626760057141
2026-08-11,353,373.24247019571646
2026-08-11,354,349.0126253757154
2026-08-11,355,351.3651659157161
2026-08-11,356,340.1541427357164
2026-08-11,357,340.5676496657164
2026-08-11,358,318.80927214571614
2026-08-11,359,326.51854539571667
2026-08-11,360,351.07259218571676
2026-08-11,361,367.23407604571594
2026-08-11,362,364.6235732557162
2026-08-11,363,355.6225790257168
2026-08-11,364,347.3274555957174
2026-08-11,365,367.142778465716
2026-08-11,366,356.9829770457165
2026-08-11,367,343.9019461057175
2026-08-11,368,355.0261542657166
2026-08-11,369,357.3278979657166
2026-08-11,370,348.0534379857176
2026-08-11,371,389.09822878571634
2026-08-11,372,410.03047613571664
2026-08-11,373,390.85216420571635
2026-08-11,374,395.67679514571677
2026-08-11,375,400.06183894571734
2026-08-11,376,412.868664355716
2026-08-11,377,415.63526802571715
2026-08-11,378,404.15120561571723
2026-08-11,379,400.564658345717
2026-08-11,380,384.9365691457168
2026-08-11,381,377.82765089571603
2026-08-11,382,379.24287523571746
2026-08-11,383,368.4045039457171
2026-08-11,384,374.6311609957161
2026-08-11,385,379.4543086457157
2026-08-11,386,379.4543086457157
2026-08-11,387,379.4543086457157
2026-08-11,388,379.4543086457157
2026-08-11,389,379.4543086457157
2026-08-11,390,379.4543086457157
2026-08-12,0,0.0
2026-08-12,1,0.0
2026-08-12,2,0.0
2026-08-12,3,0.0
2026-08-12,4,0.0
2026-08-12,5,0.0
2026-08-12,6,0.0
2026-08-12,7,0.0
2026-08-12,8,0.0
2026-08-12,9,0.0
2026-08-12,10,0.0
2026-08-12,11,0.0
2026-08-12,12,0.0
2026-08-12,13,0.0
2026-08-12,14,0.0
2026-08-12,15,0.0
2026-08-12,16,0.0
2026-08-12,17,0.0
2026-08-12,18,0.0
2026-08-12,19,0.0
2026-08-12,20,-34.30679699999667
2026-08-12,21,50.811828860001114
2026-08-12,22,9.346281950002478
2026-08-12,23,-37.17711393999924
2026-08-12,24,176.88966873000166
2026-08-12,25,103.4221328500025
2026-08-12,26,512.2255392400031
2026-08-12,27,280.46258038000246
2026-08-12,28,121.79391927000282
2026-08-12,29,129.67682618428546
2026-08-12,30,177.55596384857319
2026-08-12,31,156.73303038857202
2026-08-12,32,382.39507088857397
2026-08-12,33,265.08480759714513
2026-08-12,34,441.81260497142955
2026-08-12,35,269.7937434007173
2026-08-12,36,223.33080192071714
2026-08-12,37,287.664217420719
2026-08-12,38,204.66881153071515
2026-08-12,39,119.86671432071662
2026-08-12,40,7.62078084071706
2026-08-12,41,88.76316948071606
2026-08-12,42,169.0516679407161
2026-08-12,43,242.16641013071722
2026-08-12,44,261.05280368071533
2026-08-12,45,188.05207308071664
2026-08-12,46,228.1894683407169
2026-08-12,47,199.81925337071613
2026-08-12,48,132.91069544071598
2026-08-12,49,329.78567419500337
2026-08-12,50,417.81104824500164
2026-08-12,51,329.488367245002
2026-08-12,52,356.93492567500357
2026-08-12,53,282.5757895150007
2026-08-12,54,138.38591400500223
2026-08-12,55,168.7614033050026
2026-08-12,56,8.455913535001713
2026-08-12,57,105.30547098625118
2026-08-12,58,151.60499950625086
2026-08-12,59,190.48070505625165
2026-08-12,60,315.6501710962521
2026-08-12,61,458.2510609805389
2026-08-12,62,477.6609602476825
2026-08-12,63,367.2103740076819
2026-08-12,64,496.99774425768055
2026-08-12,65,477.8451050433963
2026-08-12,66,435.5753939733961
2026-08-12,67,423.04832214339615
2026-08-12,68,407.8245344333957
2026-08-12,69,383.5265602033952
2026-08-12,70,314.0498973433953
2026-08-12,71,314.9057001733977
2026-08-12,72,375.0514401083953
2026-08-12,73,314.58067482839556
2026-08-12,74,277.27656424839574
2026-08-12,75,315.6748663083963
2026-08-12,76,315.47771597839676
2026-08-12,77,381.45483420839594
2026-08-12,78,379.3169564883981
2026-08-12,79,355.43177624839564
2026-08-12,80,430.79401560839574
2026-08-12,81,493.60105138839634
2026-08-12,82,437.6305348583975
2026-08-12,83,450.5067464083959
2026-08-12,84,633.6580954083947
2026-08-12,85,686.2049055783957
2026-08-12,86,605.8523504483971
2026-08-12,87,524.6079725683967
2026-08-12,88,528.5302872783963
2026-08-12,89,522.226592868397
2026-08-12,90,569.6835339283957
2026-08-12,91,498.14657346839783
2026-08-12,92,503.6882829683956
2026-08-12,93,638.3734140183942
2026-08-12,94,524.6254064683955
2026-08-12,95,481.30618478839676
2026-08-12,96,331.3401177783965
2026-08-12,97,368.36753308839815
2026-08-12,98,396.7139661183978
2026-08-12,99,389.13881517839695
2026-08-12,100,443.42146841696757
2026-08-12,101,375.343325616968
2026-08-12,102,260.305753466969
2026-08-12,103,226.167955204112
2026-08-12,104,244.89736859411113
2026-08-12,105,283.17455750411085
2026-08-12,106,326.9981868641105
2026-08-12,107,300.35693385411
2026-08-12,108,289.5127331941104
2026-08-12,109,332.6384484741102
2026-08-12,110,341.907979194112
2026-08-12,111,305.28632308411096
2026-08-12,112,391.3784809241111
2026-08-12,113,373.60444528268295
2026-08-12,114,402.3454299626814
2026-08-12,115,381.62356802268187
2026-08-12,116,384.34913178268306
2026-08-12,117,373.9514867626818
2026-08-12,118,371.0360086526805
2026-08-12,119,308.7109148726817
2026-08-12,120,350.72358598268096
2026-08-12,121,382.4143209026827
2026-08-12,122,380.9543772826837
2026-08-12,123,431.6048068826823
2026-08-12,124,447.83368861982683
2026-08-12,125,410.02324805982624
2026-08-12,126,409.96103419982586
2026-08-12,127,398.0085140698249
2026-08-12,128,446.51949168982543
2026-08-12,129,513.8624508926814
2026-08-12,130,559.5300784326834
2026-08-12,131,565.2877808312544
2026-08-12,132,571.2498337012526
2026-08-12,133,582.6373585112547
2026-08-12,134,566.7677831312544
2026-08-12,135,573.4932395412543
2026-08-12,136,559.9824584412547
2026-08-12,137,549.3864167437544
2026-08-12,138,548.1096974237554
2026-08-12,139,545.0382363037552
2026-08-12,140,558.2928678337566
2026-08-12,141,534.0378532037555
2026-08-12,142,513.8240578437556
2026-08-12,143,492.03787920375476
2026-08-12,144,533.7317423737555
2026-08-12,145,577.3878897237556
2026-08-12,146,552.1294592037545
2026-08-12,147,547.088311753756
2026-08-12,148,533.7717580037554
2026-08-12,149,533.7613706737557
2026-08-12,150,478.1437149337539
2026-08-12,151,462.34523104625396
2026-08-12,152,463.805439396256
2026-08-12,153,482.88624429625554
2026-08-12,154,469.95966267625397
2026-08-12,155,458.36962175625536
2026-08-12,156,465.31482328625617
2026-08-12,157,450.0486135162562
2026-08-12,158,417.54570362625384
2026-08-12,159,411.9337869362556
2026-08-12,160,417.6073190662547
2026-08-12,161,408.1446233562561
2026-08-12,162,429.9118628962542
2026-08-12,163,440.75808876625484
2026-08-12,164,453.9387177162549
2026-08-12,165,476.9119549262564
2026-08-12,166,439.64084816625484
2026-08-12,167,442.87807409625486
2026-08-12,168,453.92405397625515
2026-08-12,169,477.91110122625446
2026-08-12,170,469.3150780762563
2026-08-12,171,425.0310316362546
2026-08-12,172,398.62455498768395
2026-08-12,173,398.77303292768255
2026-08-12,174,384.8622213376825
2026-08-12,175,390.9928860976835
2026-08-12,176,391.85422223768313
2026-08-12,177,453.3691433576844
2026-08-12,178,450.59565694768503
2026-08-12,179,481.4528300676831
2026-08-12,180,495.8176895476828
2026-08-12,181,526.0094750376836
2026-08-12,182,513.0889952476813
2026-08-12,183,524.723639457683
2026-08-12,184,540.1303260376837
2026-08-12,185,543.0100068876825
2026-08-12,186,511.4560808176829
2026-08-12,187,467.6141038476826
2026-08-12,188,483.4494864348252
2026-08-12,189,461.1633348548246
2026-08-12,190,441.8658516148279
2026-08-12,191,420.49021259482504
2026-08-12,192,423.5786662648268
2026-08-12,193,454.75592844482696
2026-08-12,194,453.8835378748268
2026-08-12,195,474.5120515848254
2026-08-12,196,455.15341502482715
2026-08-12,197,464.04219088196913
2026-08-12,198,466.5416738419701
2026-08-12,199,499.4468806819708
2026-08-12,200,459.7815517419686
2026-08-12,201,464.6183987391114
2026-08-12,202,444.1579988491106
2026-08-12,203,457.02397060911204
2026-08-12,204,433.23882196911177
2026-08-12,205,437.5302962591109
2026-08-12,206,421.51659027911137
2026-08-12,207,424.5857575991116
2026-08-12,208,435.869713869111
2026-08-12,209,422.63246200911135
2026-08-12,210,412.01358083911134
2026-08-12,211,375.70820350911146
2026-08-12,212,378.9389473891113
2026-08-12,213,358.3653688591124
2026-08-12,214,345.40581856911103
2026-08-12,215,324.2322851891118
2026-08-12,216,352.28796326911146
2026-08-12,217,336.85428106911314
2026-08-12,218,351.9323415691115
2026-08-12,219,401.13667367911097
2026-08-12,220,419.56128816911036
2026-08-12,221,420.50485268911234
2026-08-12,222,402.14122078911004
2026-08-12,223,377.5352529691091
2026-08-12,224,407.48461311911154
2026-08-12,225,458.17577059911133
2026-08-12,226,475.73733487911176
2026-08-12,227,456.9573158491112
2026-08-12,228,430.8585961091111
2026-08-12,229,408.3703248091109
2026-08-12,230,399.29616823911016
2026-08-12,231,400.3347013191105
2026-08-12,232,385.56851297911135
2026-08-12,233,407.97299520911065
2026-08-12,234,395.10041413911205
2026-08-12,235,353.43144714911136
2026-08-12,236,341.065431879111
2026-08-12,237,336.1943125491097
2026-08-12,238,340.3449868791106
2026-08-12,239,344.1465872691113
2026-08-12,240,346.1725144091123
2026-08-12,241,323.6292370591117
2026-08-12,242,343.8983374591111
2026-08-12,243,341.41976086911063
2026-08-12,244,329.1829394691118
2026-08-12,245,311.67158789911116
2026-08-12,246,304.7908297791114
2026-08-12,247,289.90382230911035
2026-08-12,248,295.7841101891116
2026-08-12,249,269.0605809291118
2026-08-12,250,249.33430642911128
2026-08-12,251,226.95205237911114
2026-08-12,252,265.17131795911166
2026-08-12,253,219.63708912911017
2026-08-12,254,223.3504566091105
2026-08-12,255,235.1707708291106
2026-08-12,256,208.7635325791124
2026-08-12,257,232.99241251911218
2026-08-12,258,234.63163585911173
2026-08-12,259,227.06613622911112
2026-08-12,260,179.9430211191132
2026-08-12,261,160.88227704911154
2026-08-12,262,151.0649956191123
2026-08-12,263,177.23828015911167
2026-08-12,264,196.63860175911196
2026-08-12,265,183.57039544911177
2026-08-12,266,146.9750505591119
2026-08-12,267,157.59321855911458
2026-08-12,268,176.8756716891124
2026-08-12,269,172.2293218491114
2026-08-12,270,184.16810537911084
2026-08-12,271,215.5902565691111
2026-08-12,272,230.54028844911446
2026-08-12,273,283.2128632791132
2026-08-12,274,284.7382861991115
2026-08-12,275,261.96263630911255
2026-08-12,276,322.9962324691112
2026-08-12,277,286.6855938791106
2026-08-12,278,257.0391902391116
2026-08-12,279,253.63052133911017
2026-08-12,280,238.43470786911297
2026-08-12,281,198.9623655391103
2026-08-12,282,214.78905420910976
2026-08-12,283,239.72559054911295
2026-08-12,284,277.1502268191115
2026-08-12,285,260.9373655491116
2026-08-12,286,270.58592424911177
2026-08-12,287,277.8460744091109
2026-08-12,288,271.07117792911197
2026-08-12,289,240.00332821911024
2026-08-12,290,243.5587102891107
2026-08-12,291,199.65332861911116
2026-08-12,292,216.69077743911214
2026-08-12,293,226.17213238911222
2026-08-12,294,214.09196442911173
2026-08-12,295,210.60130030911182
2026-08-12,296,197.69658990911194
2026-08-12,297,222.71682084911188
2026-08-12,298,233.77955599911155
2026-08-12,299,282.1396954291136
2026-08-12,300,264.0606277291124
2026-08-12,301,289.6281226891109
2026-08-12,302,272.10588487911144
2026-08-12,303,284.622686929111
2026-08-12,304,391.61561015911286
2026-08-12,305,340.220467659114
2026-08-12,306,333.23298873911153
2026-08-12,307,294.7804924091139
2026-08-12,308,329.04582676911275
2026-08-12,309,366.866876379113
2026-08-12,310,315.53483878911305
2026-08-12,311,313.10972834911297
2026-08-12,312,342.2881008291107
2026-08-12,313,352.6262279691125
2026-08-12,314,334.33582886911256
2026-08-12,315,362.08215552911173
2026-08-12,316,385.9576264191118
2026-08-12,317,427.7697181091118
2026-08-12,318,408.72289244911315
2026-08-12,319,458.58808383911224
2026-08-12,320,472.4543406191106
2026-08-12,321,434.29991847768184
2026-08-12,322,475.024461197683
2026-08-12,323,434.807890797684
2026-08-12,324,481.90187163768206
2026-08-12,325,566.291282567683
2026-08-12,326,599.2480562576848
2026-08-12,327,602.2453428876831
2026-08-12,328,534.2183298176824
2026-08-12,329,522.0788123076836
2026-08-12,330,471.74035402768374
2026-08-12,331,487.13648691768304
2026-08-12,332,514.4438156976827
2026-08-12,333,540.4302694676844
2026-08-12,334,533.4211054076828
2026-08-12,335,468.2739880476839
2026-08-12,336,442.6351177176826
2026-08-12,337,472.01785765768403
2026-08-12,338,428.5639054776818
2026-08-12,339,469.10625303768364
2026-08-12,340,465.26232480768374
2026-08-12,341,487.6024885176836
2026-08-12,342,478.4642380776842
2026-08-12,343,454.17020070768535
2026-08-12,344,459.96782884768186
2026-08-12,345,460.6852809876824
2026-08-12,346,411.4852980376826
2026-08-12,347,379.83267483768327
2026-08-12,348,366.26892900768445
2026-08-12,349,391.9756114676848
2026-08-12,350,484.33136389768487
2026-08-12,351,515.9563095476826
2026-08-12,352,513.3912435476838
2026-08-12,353,536.9648946776846
2026-08-12,354,595.8778256876832
2026-08-12,355,607.4257129576825
2026-08-12,356,564.3947459476834
2026-08-12,357,660.0958710576848
2026-08-12,358,632.3660362976842
2026-08-12,359,577.3427114776839
2026-08-12,360,663.5565716076832
2026-08-12,361,631.3566300276816
2026-08-12,362,637.4892207376839
2026-08-12,363,667.332227647683
2026-08-12,364,654.5914467176826
2026-08-12,365,652.9133862376827
2026-08-12,366,694.4807587276845
2026-08-12,367,691.0780044976834
2026-08-12,368,661.7810378576839
2026-08-12,369,649.2639950376835
2026-08-12,370,623.8170766676842
2026-08-12,371,728.3190202376835
2026-08-12,372,831.3275201676842
2026-08-12,373,834.4700214019688
2026-08-12,374,843.7763896476828
2026-08-12,375,852.7500698876837
2026-08-12,376,832.5879814219676
2026-08-12,377,797.0973892519689
2026-08-12,378,738.422806801969
2026-08-12,379,698.8800291319708
2026-08-12,380,751.0281090319692
2026-08-12,381,806.0725474862539
2026-08-12,382,736.4547558046468
2026-08-12,383,734.3579316746475
2026-08-12,384,743.8506524546481
2026-08-12,385,747.326050014648
2026-08-12,386,747.326050014648
2026-08-12,387,747.326050014648
2026-08-12,388,747.326050014648
2026-08-12,389,747.326050014648
2026-08-12,390,747.326050014648
2026-08-13,0,0.0
2026-08-13,1,0.0
2026-08-13,2,0.0
2026-08-13,3,0.0
2026-08-13,4,0.0
2026-08-13,5,0.0
2026-08-13,6,0.0
2026-08-13,7,0.0
2026-08-13,8,0.0
2026-08-13,9,0.0
2026-08-13,10,0.0
2026-08-13,11,0.0
2026-08-13,12,0.0
2026-08-13,13,0.0
2026-08-13,14,0.0
2026-08-13,15,0.0
2026-08-13,16,0.0
2026-08-13,17,0.0
2026-08-13,18,0.0
2026-08-13,19,0.0
2026-08-13,20,1.4253300000010256
2026-08-13,21,-29.60777299999944
2026-08-13,22,-33.333966499999136
2026-08-13,23,-59.37156999999943
2026-08-13,24,-94.70070255999929
2026-08-13,25,-81.84324589999918
2026-08-13,26,-108.37123403999976
2026-08-13,27,-147.19199877000003
2026-08-13,28,-120.59054024999928
2026-08-13,29,-158.10312200999877
2026-08-13,30,-129.87130803999872
2026-08-13,31,-167.5748207799992
2026-08-13,32,-127.06854011999906
2026-08-13,33,-116.11020748999971
2026-08-13,34,-100.24544316999896
2026-08-13,35,-153.29717694999823
2026-08-13,36,-157.71928046999966
2026-08-13,37,-148.6924434499983
2026-08-13,38,-185.28532880999913
2026-08-13,39,-149.76345182999924
2026-08-13,40,-142.71486568999867
2026-08-13,41,-185.07322394999898
2026-08-13,42,-192.54099541053475
2026-08-13,43,-209.0839518105348
2026-08-13,44,-220.41662603053467
2026-08-13,45,-209.45106841053436
2026-08-13,46,-198.7693868305342
2026-08-13,47,-197.60419395053384
2026-08-13,48,-203.17767651053487
2026-08-13,49,-227.26089332053488
2026-08-13,50,-221.28701362053476
2026-08-13,51,-191.80555563053437
2026-08-13,52,-164.1434919305341
2026-08-13,53,-157.70834151767767
2026-08-13,54,-142.19027226767756
2026-08-13,55,-137.45252840767768
2026-08-13,56,-158.08728713767752
2026-08-13,57,-127.87724274767729
2026-08-13,58,-107.77733769767741
2026-08-13,59,-113.56533060767805
2026-08-13,60,-176.2394839548201
2026-08-13,61,-151.6864001348197
2026-08-13,62,-166.03869473482033
2026-08-13,63,-163.00969965482008
2026-08-13,64,-187.3452948448204
2026-08-13,65,-188.53158581481998
2026-08-13,66,-177.61249531481965
2026-08-13,67,-189.76215397482045
2026-08-13,68,-186.46236836196252
2026-08-13,69,-189.98105339196243
2026-08-13,70,-216.03203182196347
2026-08-13,71,-229.5912548119635
2026-08-13,72,-225.8626887319638
2026-08-13,73,-219.86044265196284
2026-08-13,74,-224.13602513196324
2026-08-13,75,-222.87391900196363
2026-08-13,76,-218.44252617196332
2026-08-13,77,-211.79983060196372
2026-08-13,78,-193.791906991963
2026-08-13,79,-202.1893136719633
2026-08-13,80,-213.60808401196317
2026-08-13,81,-197.86621251196274
2026-08-13,82,-198.18707701196294
2026-08-13,83,-189.13166429196377
2026-08-13,84,-209.15798189196227
2026-08-13,85,-231.1750498119634
2026-08-13,86,-233.7301208219632
2026-08-13,87,-206.301945751963
2026-08-13,88,-195.77691209196348
2026-08-13,89,-197.07579517196336
2026-08-13,90,-183.51130179196352
2026-08-13,91,-204.88247233196267
2026-08-13,92,-197.66518852196353
2026-08-13,93,-226.1047532919633
2026-08-13,94,-232.72172667196276
2026-08-13,95,-246.81291237196314
2026-08-13,96,-276.74146385196286
2026-08-13,97,-288.2616733219644
2026-08-13,98,-326.070620741963
2026-08-13,99,-313.322614631963
2026-08-13,100,-362.1142637719632
2026-08-13,101,-381.4606997619627
2026-08-13,102,-374.17907503196454
2026-08-13,103,-433.54816367910644
2026-08-13,104,-415.3026106691067
2026-08-13,105,-472.67729818910635
2026-08-13,106,-434.5131695869645
2026-08-13,107,-426.591037164107
2026-08-13,108,-427.4460475441076
2026-08-13,109,-409.94368078410696
2026-08-13,110,-437.0857460541062
2026-08-13,111,-455.077261064107
2026-08-13,112,-453.85712362410675
2026-08-13,113,-454.91620478410726
2026-08-13,114,-430.6902388341066
2026-08-13,115,-430.0092551041073
2026-08-13,116,-401.1004418441066
2026-08-13,117,-418.7399410441054
2026-08-13,118,-428.3562548441066
2026-08-13,119,-443.69499207410615
2026-08-13,120,-443.3460910341059
2026-08-13,121,-438.90670414410687
2026-08-13,122,-431.1159091741065
2026-08-13,123,-440.50236708410597
2026-08-13,124,-404.5998144241071
2026-08-13,125,-446.6299632341069
2026-08-13,126,-457.7710879541063
2026-08-13,127,-457.1155161041069
2026-08-13,128,-465.4290845641061
2026-08-13,129,-455.0976122941062
2026-08-13,130,-452.4814967141061
2026-08-13,131,-442.9423993041062
2026-08-13,132,-448.30998755410553
2026-08-13,133,-444.91424613410675
2026-08-13,134,-439.153281694106
2026-08-13,135,-453.0430678441065
2026-08-13,136,-460.08751845410586
2026-08-13,137,-473.81482766410574
2026-08-13,138,-475.9941523641073
2026-08-13,139,-480.44583611410616
2026-08-13,140,-488.39925217410706
2026-08-13,141,-467.3503953241056
2026-08-13,142,-462.31653513410714
2026-08-13,143,-462.8086271941062
2026-08-13,144,-471.05103825410686
2026-08-13,145,-482.1852683541063
2026-08-13,146,-489.9706938241065
2026-08-13,147,-486.99209352410617
2026-08-13,148,-482.28645604410735
2026-08-13,149,-509.3326385941069
2026-08-13,150,-504.26314854410606
2026-08-13,151,-514.7732916241057
2026-08-13,152,-513.8326602941081
2026-08-13,153,-487.2246075441064
2026-08-13,154,-489.0770611141065
2026-08-13,155,-487.1283280241068
2026-08-13,156,-498.05217056410675
2026-08-13,157,-528.1167749741064
2026-08-13,158,-526.4576252341068
2026-08-13,159,-525.991387794107
2026-08-13,160,-522.9000793841053
2026-08-13,161,-514.0033311541054
2026-08-13,162,-482.29636892410656
2026-08-13,163,-462.1416604041067
2026-08-13,164,-459.7422606541066
2026-08-13,165,-475.8120432841065
2026-08-13,166,-467.69446664410634
2026-08-13,167,-448.89329918410544
2026-08-13,168,-445.0568243641069
2026-08-13,169,-445.6942958641065
2026-08-13,170,-457.3375902841072
2026-08-13,171,-477.4433074441066
2026-08-13,172,-471.3265307741058
2026-08-13,173,-463.799753784106
2026-08-13,174,-477.48605227410735
2026-08-13,175,-469.9189662841064
2026-08-13,176,-451.47487328410665
2026-08-13,177,-446.20005199410633
2026-08-13,178,-430.4273282841069
2026-08-13,179,-428.1819783941065
2026-08-13,180,-432.0578244241059
2026-08-13,181,-457.0194320241069
2026-08-13,182,-462.22128278410605
2026-08-13,183,-437.24429774410635
2026-08-13,184,-449.46375858410585
2026-08-13,185,-440.1221287941064
2026-08-13,186,-438.9548413941056
2026-08-13,187,-449.1938283841065
2026-08-13,188,-452.38730108410607
2026-08-13,189,-465.73409382410665
2026-08-13,190,-488.1975700441068
2026-08-13,191,-498.5001593341069
2026-08-13,192,-490.7071023341066
2026-08-13,193,-481.8112288441065
2026-08-13,194,-460.85965990410574
2026-08-13,195,-455.07828657410613
2026-08-13,196,-459.4261607841059
2026-08-13,197,-464.2970776641056
2026-08-13,198,-467.19062295410663
2026-08-13,199,-484.12413332410574
2026-08-13,200,-470.0131603241067
2026-08-13,201,-501.35233678410486
2026-08-13,202,-497.56157486410575
2026-08-13,203,-495.86943128410667
2026-08-13,204,-490.9002072841059
2026-08-13,205,-484.48209400410695
2026-08-13,206,-490.11759202410656
2026-08-13,207,-484.70752876410666
2026-08-13,208,-490.2227472541067
2026-08-13,209,-494.2150508841061
2026-08-13,210,-494.84972935410684
2026-08-13,211,-496.52862409410625
2026-08-13,212,-494.9687253841063
2026-08-13,213,-489.9046547041059
2026-08-13,214,-493.01857853410553
2026-08-13,215,-484.6120337048211
2026-08-13,216,-467.28717940482085
2026-08-13,217,-472.7520499148205
2026-08-13,218,-473.66262705482006
2026-08-13,219,-457.97533970482164
2026-08-13,220,-447.49765846482103
2026-08-13,221,-465.216560474822
2026-08-13,222,-469.3183961448209
2026-08-13,223,-470.77932198482114
2026-08-13,224,-465.9154442948209
2026-08-13,225,-449.1777341748209
2026-08-13,226,-448.7517167048203
2026-08-13,227,-450.40069382482
2026-08-13,228,-466.9463052048212
2026-08-13,229,-459.880088424821
2026-08-13,230,-469.8758180148202
2026-08-13,231,-455.93107149481955
2026-08-13,232,-457.5985891148217
2026-08-13,233,-473.8073924748203
2026-08-13,234,-449.80571285482114
2026-08-13,235,-451.539642184821
2026-08-13,236,-470.89748837482034
2026-08-13,237,-466.28381440482093
2026-08-13,238,-472.39090511481936
2026-08-13,239,-458.56762735482073
2026-08-13,240,-471.1791770748206
2026-08-13,241,-467.8758266048212
2026-08-13,242,-470.424296674821
2026-08-13,243,-475.7568113448208
2026-08-13,244,-476.9545736048214
2026-08-13,245,-473.7853153748207
2026-08-13,246,-460.4811380248209
2026-08-13,247,-457.38014885482085
2026-08-13,248,-458.89514335482073
2026-08-13,249,-472.93826229482073
2026-08-13,250,-460.5694288548211
2026-08-13,251,-467.7865496148197
2026-08-13,252,-472.7340603548199
2026-08-13,253,-466.8348214948198
2026-08-13,254,-464.8252573648216
2026-08-13,255,-455.2010688548211
2026-08-13,256,-458.6601769548199
2026-08-13,257,-445.76112585482076
2026-08-13,258,-460.2051876848205
2026-08-13,259,-460.3701729348197
2026-08-13,260,-453.6393036148212
2026-08-13,261,-453.4452551948207
2026-08-13,262,-433.7796913948207
2026-08-13,263,-434.219147554821
2026-08-13,264,-442.475687464821
2026-08-13,265,-440.9385620348203
2026-08-13,266,-424.48011581481995
2026-08-13,267,-431.74029977482064
2026-08-13,268,-438.0388158048203
2026-08-13,269,-429.0929643248199
2026-08-13,270,-420.8574915948209
2026-08-13,271,-411.5016466548202
2026-08-13,272,-396.3618687048212
2026-08-13,273,-376.81595649482125
2026-08-13,274,-384.57547033482143
2026-08-13,275,-414.37342344481976
2026-08-13,276,-412.8582890548202
2026-08-13,277,-418.137731924821
2026-08-13,278,-402.5807424348217
2026-08-13,279,-422.2277159276776
2026-08-13,280,-414.16045953767787
2026-08-13,281,-410.563346197678
2026-08-13,282,-419.51157413767777
2026-08-13,283,-430.4163312776773
2026-08-13,284,-410.661888047677
2026-08-13,285,-415.3384252976773
2026-08-13,286,-401.0219860076765
2026-08-13,287,-398.39164199767646
2026-08-13,288,-390.5737398376763
2026-08-13,289,-385.66066383767736
2026-08-13,290,-374.1206369976773
2026-08-13,291,-367.9075353476757
2026-08-13,292,-373.68276504767624
2026-08-13,293,-362.7059187476759
2026-08-13,294,-361.4231257876771
2026-08-13,295,-371.6025863476773
2026-08-13,296,-377.04168093767703
2026-08-13,297,-373.404697217677
2026-08-13,298,-382.62846671767693
2026-08-13,299,-375.45047895767664
2026-08-13,300,-382.01662043767743
2026-08-13,301,-391.363224477677
2026-08-13,302,-384.1118952376762
2026-08-13,303,-349.3437374976759
2026-08-13,304,-346.7159932376759
2026-08-13,305,-361.02403645767635
2026-08-13,306,-365.34094397767666
2026-08-13,307,-354.9909749405338
2026-08-13,308,-360.24904644053396
2026-08-13,309,-351.3486737705333
2026-08-13,310,-359.0609048905336
2026-08-13,311,-387.4815399205333
2026-08-13,312,-402.92696382053265
2026-08-13,313,-398.67395462053264
2026-08-13,314,-407.4405493905324
2026-08-13,315,-400.32545764053333
2026-08-13,316,-395.4489911405328
2026-08-13,317,-385.77340728053287
2026-08-13,318,-367.1700770305336
2026-08-13,319,-384.5004896005331
2026-08-13,320,-409.96918111053344
2026-08-13,321,-421.41466469053415
2026-08-13,322,-448.4458038864263
2026-08-13,323,-465.42174140642595
2026-08-13,324,-463.819988866426
2026-08-13,325,-459.0952962608906
2026-08-13,326,-447.4219713608912
2026-08-13,327,-435.4917793708908
2026-08-13,328,-432.6718925108916
2026-08-13,329,-427.14227931089147
2026-08-13,330,-433.18564106089076
2026-08-13,331,-434.816596650891
2026-08-13,332,-422.3588198308909
2026-08-13,333,-418.5933347808914
2026-08-13,334,-418.49271850089156
2026-08-13,335,-416.14604035089167
2026-08-13,336,-408.02798303089133
2026-08-13,337,-415.77872477089
2026-08-13,338,-423.9052630508915
2026-08-13,339,-426.79083237874755
2026-08-13,340,-415.6340218287486
2026-08-13,341,-425.9685582287484
2026-08-13,342,-418.8573471387486
2026-08-13,343,-441.2452711087477
2026-08-13,344,-436.50858877160545
2026-08-13,345,-449.70237583160593
2026-08-13,346,-453.4306038716061
2026-08-13,347,-446.75543827160527
2026-08-13,348,-426.2690805349989
2026-08-13,349,-437.9789464349987
2026-08-13,350,-424.6855410349983
2026-08-13,351,-422.36592153499805
2026-08-13,352,-416.349748374998
2026-08-13,353,-395.8568960349988
2026-08-13,354,-385.64787503499855
2026-08-13,355,-391.40389257499913
2026-08-13,356,-396.367105034999
2026-08-13,357,-381.01141053499873
2026-08-13,358,-362.767658034999
2026-08-13,359,-362.993024394999
2026-08-13,360,-358.0823768049977
2026-08-13,361,-376.5735775349983
2026-08-13,362,-370.83612742499804
2026-08-13,363,-354.8009330849978
2026-08-13,364,-355.02573743499784
2026-08-13,365,-359.7290000749978
2026-08-13,366,-348.0043116549978
2026-08-13,367,-347.7162875349979
2026-08-13,368,-337.4937878249982
2026-08-13,369,-345.57568353499784
2026-08-13,370,-344.3273823349988
2026-08-13,371,-347.01413716499763
2026-08-13,372,-362.9125726892844
2026-08-13,373,-378.419624229283
2026-08-13,374,-390.24543372928383
2026-08-13,375,-391.62112485928316
2026-08-13,376,-370.1136715149982
2026-08-13,377,-389.21093303499833
2026-08-13,378,-381.8657255649981
2026-08-13,379,-403.36672538499886
2026-08-13,380,-396.7541165349984
2026-08-13,381,-398.04811901499795
2026-08-13,382,-410.2497310149982
2026-08-13,383,-407.21560751499817
2026-08-13,384,-431.64713141499783
2026-08-13,385,-438.6889915149982
2026-08-13,386,-438.6889915149982
2026-08-13,387,-438.6889915149982
2026-08-13,388,-438.6889915149982
2026-08-13,389,-438.6889915149982
2026-08-13,390,-438.6889915149982
2026-08-14,0,0.0
2026-08-14,1,0.0
2026-08-14,2,0.0
2026-08-14,3,0.0
2026-08-14,4,0.0
2026-08-14,5,0.0
2026-08-14,6,0.0
2026-08-14,7,0.0
2026-08-14,8,0.0
2026-08-14,9,0.0
2026-08-14,10,0.0
2026-08-14,11,0.0
2026-08-14,12,0.0
2026-08-14,13,0.0
2026-08-14,14,0.0
2026-08-14,15,0.0
2026-08-14,16,0.0
2026-08-14,17,0.0
2026-08-14,18,0.0
2026-08-14,19,0.0
2026-08-14,20,-12.539812919999175
2026-08-14,21,-43.162603139999305
2026-08-14,22,1.2382365000009372
2026-08-14,23,-7.290037039998918
2026-08-14,24,7.33199303000125
2026-08-14,25,11.968973990001516
2026-08-14,26,-51.35331349999916
2026-08-14,27,63.317026550001884
2026-08-14,28,79.79689303000183
2026-08-14,29,19.50679650000042
2026-08-14,30,-10.772782919998793
2026-08-14,31,-94.80260584999878
2026-08-14,32,-134.2756576999995
2026-08-14,33,-147.5066405999985
2026-08-14,34,-241.06756499999955
2026-08-14,35,-271.1361764999985
2026-08-14,36,-325.98549201499907
2026-08-14,37,-324.8092859867846
2026-08-14,38,-289.48521891678485
2026-08-14,39,-278.53725480678463
2026-08-14,40,-271.26300888678486
2026-08-14,41,-288.4480671767848
2026-08-14,42,-287.73515588678475
2026-08-14,43,-297.2144842267848
2026-08-14,44,-277.87639805678447
2026-08-14,45,-262.2182323867845
2026-08-14,46,-219.13610462678503
2026-08-14,47,-186.55074338678466
2026-08-14,48,-183.48893038678526
2026-08-14,49,-178.17438899678538
2026-08-14,50,-218.001633386785
2026-08-14,51,-233.0738734567847
2026-08-14,52,-169.65282210678453
2026-08-14,53,-175.7420228867847
2026-08-14,54,-162.00454938678467
2026-08-14,55,-170.77620727678368
2026-08-14,56,-186.8731491267856
2026-08-14,57,-140.2409543867844
2026-08-14,58,-122.07605221678493
2026-08-14,59,-163.07026738678482
2026-08-14,60,-129.922216886785
2026-08-14,61,-165.76440914678497
2026-08-14,62,-155.09362681678465
2026-08-14,63,-147.39100567678443
2026-08-14,64,-158.02916938678433
2026-08-14,65,-161.4434107767845
2026-08-14,66,-198.3081968867846
2026-08-14,67,-180.5568219267838
2026-08-14,68,-170.39540588678454
2026-08-14,69,-167.2280891867842
2026-08-14,70,-145.05787238678457
2026-08-14,71,-162.56962338678437
2026-08-14,72,-182.7914453667846
2026-08-14,73,-168.39520588678442
2026-08-14,74,-155.60892738678427
2026-08-14,75,-149.3511016667843
2026-08-14,76,-170.2451908667846
2026-08-14,77,-148.19288585678464
2026-08-14,78,-162.60962738678467
2026-08-14,79,-150.67843438678455
2026-08-14,80,-160.64943138678473
2026-08-14,81,-153.022268746784
2026-08-14,82,-173.11267758678457
2026-08-14,83,-151.90355688678474
2026-08-14,84,-157.0590723867849
2026-08-14,85,-175.15088138678522
2026-08-14,86,-168.9602623867851
2026-08-14,87,-169.0430706667851
2026-08-14,88,-165.9099573867843
2026-08-14,89,-139.24159081678482
2026-08-14,90,-167.46011238678437
2026-08-14,91,-174.86085238678461
2026-08-14,92,-148.11927849678497
2026-08-14,93,-137.6206287367844
2026-08-14,94,-147.9925658267845
2026-08-14,95,-139.15758838678508
2026-08-14,96,-145.6028428867852
2026-08-14,97,-161.1785604367846
2026-08-14,98,-149.93809138678517
2026-08-14,99,-144.38002067678394
2026-08-14,100,-159.8835323867848
2026-08-14,101,-149.07077622678366
2026-08-14,102,-161.5995338867847
2026-08-14,103,-158.43697113678442
2026-08-14,104,-147.47885706678525
2026-08-14,105,-156.6714161867843
2026-08-14,106,-162.10907488678424
2026-08-14,107,-165.07820688678444
2026-08-14,108,-152.25614978678473
2026-08-14,109,-150.71629088678452
2026-08-14,110,-155.71105206535586
2026-08-14,111,-127.64410583535543
2026-08-14,112,-85.221904085356
2026-08-14,113,-86.06655585821368
2026-08-14,114,-64.88690050821315
2026-08-14,115,-66.86570525821341
2026-08-14,116,-62.30805863821408
2026-08-14,117,-66.7010717382138
2026-08-14,118,-66.37260085821376
2026-08-14,119,-53.06102435821367
2026-08-14,120,-59.738733408213776
2026-08-14,121,-58.98893652821364
2026-08-14,122,-60.55328253821381
2026-08-14,123,-57.61140093821294
2026-08-14,124,-56.15227675821424
2026-08-14,125,-73.4650643582137
2026-08-14,126,-74.97715705821322
2026-08-14,127,-85.21409725821384
2026-08-14,128,-88.19756783821296
2026-08-14,129,-81.75496083821355
2026-08-14,130,-75.5046478082135
2026-08-14,131,-68.26276904392776
2026-08-14,132,-67.76180108392728
2026-08-14,133,-76.25242804392703
2026-08-14,134,-66.13710284392761
2026-08-14,135,-44.23764604392731
2026-08-14,136,-49.652677573927065
2026-08-14,137,-60.50450104392806
2026-08-14,138,-70.72463078392815
2026-08-14,139,-65.4856845939275
2026-08-14,140,-66.85215814392696
2026-08-14,141,-52.3868647939278
2026-08-14,142,-38.29759434106933
2026-08-14,143,-37.76629776107026
2026-08-14,144,-25.757750461070287
2026-08-14,145,-32.4317095010705
2026-08-14,146,-19.488001681069406
2026-08-14,147,-8.02243490107007
2026-08-14,148,-11.938773181069152
2026-08-14,149,-11.88950336106987
2026-08-14,150,19.374332058929966
2026-08-14,151,28.906999838930147
2026-08-14,152,17.532438298929918
2026-08-14,153,29.455505038930724
2026-08-14,154,38.319179498929785
2026-08-14,155,37.830871358930935
2026-08-14,156,26.73984657892977
2026-08-14,157,25.030284598930194
2026-08-14,158,-7.298262101070236
2026-08-14,159,-3.703087641069388
2026-08-14,160,12.57146359893035
2026-08-14,161,18.634851098930596
2026-08-14,162,32.080902358929805
2026-08-14,163,35.41071335893028
2026-08-14,164,37.965419958929715
2026-08-14,165,55.38237614892951
2026-08-14,166,64.67738169892999
2026-08-14,167,68.64194972892996
2026-08-14,168,69.73528659893007
2026-08-14,169,72.73999009893029
2026-08-14,170,77.69445659893027
2026-08-14,171,82.1594667889297
2026-08-14,172,65.3245454689302
2026-08-14,173,76.32273784893032
2026-08-14,174,84.60503939893
2026-08-14,175,78.86902101892994
2026-08-14,176,84.61832912892967
2026-08-14,177,73.58604315892981
2026-08-14,178,74.75273659892962
2026-08-14,179,82.08246659892976
2026-08-14,180,68.51381271893038
2026-08-14,181,56.05017517892975
2026-08-14,182,21.31985759892973
2026-08-14,183,25.487626338929772
2026-08-14,184,35.682579248929414
2026-08-14,185,55.78356109892988
2026-08-14,186,68.58968350893032
2026-08-14,187,76.97033611893006
2026-08-14,188,65.96627859892965
2026-08-14,189,67.2953858389301
2026-08-14,190,76.12794439892934
2026-08-14,191,67.84475509893015
2026-08-14,192,52.751830598930084
2026-08-14,193,63.80564901892966
2026-08-14,194,58.21600205893007
2026-08-14,195,75.30122784892991
2026-08-14,196,62.81881509893056
2026-08-14,197,70.41885784893
2026-08-14,198,75.4805155189295
2026-08-14,199,78.88974459893058
2026-08-14,200,62.69063952893015
2026-08-14,201,68.37151859892963
2026-08-14,202,60.359805248929405
2026-08-14,203,59.69242059893038
2026-08-14,204,44.75381155893032
2026-08-14,205,43.71529535893022
2026-08-14,206,46.437224098929704
2026-08-14,207,41.28543329893094
2026-08-14,208,35.518902098929914
2026-08-14,209,20.542414838930583
2026-08-14,210,25.814407838929753
2026-08-14,211,17.146919598929884
2026-08-14,212,18.038737718930342
2026-08-14,213,24.705119678930572
2026-08-14,214,25.92093519893028
2026-08-14,215,24.790332518929624
2026-08-14,216,29.439098118930076
2026-08-14,217,48.22759599893028
2026-08-14,218,44.16965021892999
2026-08-14,219,43.46959417892955
2026-08-14,220,42.7142531989305
2026-08-14,221,51.42531809892955
2026-08-14,222,44.66097961892895
2026-08-14,223,38.01232305892932
2026-08-14,224,38.748172018930205
2026-08-14,225,48.86503098892995
2026-08-14,226,22.457983178930128
2026-08-14,227,33.43994084892897
2026-08-14,228,33.94196857892973
2026-08-14,229,40.26303645893002
2026-08-14,230,47.67549709892951
2026-08-14,231,32.05799863893027
2026-08-14,232,29.35846975893019
2026-08-14,233,12.760144848929734
2026-08-14,234,7.935269498929628
2026-08-14,235,17.538411328929953
2026-08-14,236,20.366200478929684
2026-08-14,237,25.86757249893034
2026-08-14,238,28.53354985893102
2026-08-14,239,28.620900948931464
2026-08-14,240,40.0445968789289
2026-08-14,241,26.039440198930453
2026-08-14,242,24.962688508929702
2026-08-14,243,26.767652098930256
2026-08-14,244,26.60005435893064
2026-08-14,245,43.66164335892992
2026-08-14,246,54.28729961892875
2026-08-14,247,42.51741649893119
2026-08-14,248,50.40081859893009
2026-08-14,249,56.94320192893001
2026-08-14,250,82.79032647893038
2026-08-14,251,70.69992756892972
2026-08-14,252,59.284032158931275
2026-08-14,253,69.63621938893014
2026-08-14,254,68.5027076789304
2026-08-14,255,61.95367396892962
2026-08-14,256,66.3757377489296
2026-08-14,257,69.72157149892931
2026-08-14,258,68.66742509892966
2026-08-14,259,46.753316598929445
2026-08-14,260,49.07397009893041
2026-08-14,261,55.07950710892872
2026-08-14,262,75.30914111893
2026-08-14,263,80.31809363893078
2026-08-14,264,93.73054683893072
2026-08-14,265,88.25439911893172
2026-08-14,266,84.2078872589307
2026-08-14,267,89.63089126893064
2026-08-14,268,84.78283098893024
2026-08-14,269,94.55465101893047
2026-08-14,270,82.98782459893098
2026-08-14,271,77.26487809893214
2026-08-14,272,79.36019413892964
2026-08-14,273,80.64428901893112
2026-08-14,274,92.18189617893059
2026-08-14,275,98.12397552750258
2026-08-14,276,80.72215931750155
2026-08-14,277,78.4332157575022
2026-08-14,278,100.15885211750242
2026-08-14,279,112.55606073750158
2026-08-14,280,104.92772310750281
2026-08-14,281,94.95629109750232
2026-08-14,282,97.555762507503
2026-08-14,283,96.32898320750238
2026-08-14,284,93.72849350750181
2026-08-14,285,100.38008316750197
2026-08-14,286,106.17278076750198
2026-08-14,287,98.20406051750288
2026-08-14,288,95.11177677750176
2026-08-14,289,90.93480366750241
2026-08-14,290,94.18845580750188
2026-08-14,291,107.09434984750106
2026-08-14,292,112.91982532750274
2026-08-14,293,115.30070506750212
2026-08-14,294,115.96858546750182
2026-08-14,295,117.99360991750119
2026-08-14,296,114.54615952750127
2026-08-14,297,117.96248127750206
2026-08-14,298,114.63059552750171
2026-08-14,299,120.38392982750224
2026-08-14,300,134.72619527750274
2026-08-14,301,118.11121929750226
2026-08-14,302,122.48388592750266
2026-08-14,303,129.57619720321605
2026-08-14,304,117.64273992321628
2026-08-14,305,105.56332960321501
2026-08-14,306,122.23843594321627
2026-08-14,307,114.96850426321598
2026-08-14,308,126.29794763321675
2026-08-14,309,113.00262096321569
2026-08-14,310,114.47462436321594
2026-08-14,311,127.22927873321657
2026-08-14,312,140.5705586132163
2026-08-14,313,133.31423382321577
2026-08-14,314,128.66651115321622
2026-08-14,315,125.64459837321596
2026-08-14,316,125.58563093321695
2026-08-14,317,130.2939920932157
2026-08-14,318,138.47122736321603
2026-08-14,319,147.12267273321567
2026-08-14,320,159.93554576321526
2026-08-14,321,167.75599803321592
2026-08-14,322,168.80647288321663
2026-08-14,323,166.090585873216
2026-08-14,324,163.31123311321542
2026-08-14,325,167.6313955332172
2026-08-14,326,169.66163173321632
2026-08-14,327,180.73501756321673
2026-08-14,328,175.64857183321627
2026-08-14,329,184.81842616321669
2026-08-14,330,182.26026145321612
2026-08-14,331,176.00631081321617
2026-08-14,332,179.93652351321595
2026-08-14,333,179.79092956321577
2026-08-14,334,169.49464354321762
2026-08-14,335,174.958825813217
2026-08-14,336,167.41755500321526
2026-08-14,337,160.41396141321573
2026-08-14,338,177.60704882321588
2026-08-14,339,166.93597481321586
2026-08-14,340,156.0475385560732
2026-08-14,341,161.10463185607293
2026-08-14,342,168.20975775607374
2026-08-14,343,168.16724336464398
2026-08-14,344,170.07096010464466
2026-08-14,345,159.39586138464497
2026-08-14,346,158.11839532464563
2026-08-14,347,155.4037486146454
2026-08-14,348,152.9679081346449
2026-08-14,349,155.38831448464475
2026-08-14,350,155.16753239464495
2026-08-14,351,155.5990999346444
2026-08-14,352,158.27274287464417
2026-08-14,353,143.25133755464438
2026-08-14,354,157.06900261464537
2026-08-14,355,159.34088545464454
2026-08-14,356,147.9047523346449
2026-08-14,357,155.17188464464476
2026-08-14,358,138.97966842464461
2026-08-14,359,144.66248918464433
2026-08-14,360,136.04458581464434
2026-08-14,361,129.66341646464411
2026-08-14,362,140.57719903464488
2026-08-14,363,139.66756194464503
2026-08-14,364,128.37764688464438
2026-08-14,365,144.12860062464446
2026-08-14,366,136.30288573464384
2026-08-14,367,140.47650253464445
2026-08-14,368,144.31258348464416
2026-08-14,369,145.7976058846446
2026-08-14,370,145.08471888464493
2026-08-14,371,145.77922842464497
2026-08-14,372,141.01680438464467
2026-08-14,373,129.90909523464404
2026-08-14,374,130.86792840464483
2026-08-14,375,120.70905228464487
2026-08-14,376,114.49949838464485
2026-08-14,377,122.48803038464469
2026-08-14,378,119.4873713846465
2026-08-14,379,112.73215400464493
2026-08-14,380,99.84644738464468
2026-08-14,381,85.45667172464482
2026-08-14,382,97.79675152464452
2026-08-14,383,104.62212762464404
2026-08-14,384,82.38019583464461
2026-08-14,385,81.24590738464528
2026-08-14,386,81.24590738464528
2026-08-14,387,81.24590738464528
2026-08-14,388,81.24590738464528
2026-08-14,389,81.24590738464528
2026-08-14,390,81.24590738464528
2026-08-17,0,0.0
2026-08-17,1,0.0
2026-08-17,2,0.0
2026-08-17,3,0.0
2026-08-17,4,0.0
2026-08-17,5,0.0
2026-08-17,6,0.0
2026-08-17,7,0.0
2026-08-17,8,0.0
2026-08-17,9,0.0
2026-08-17,10,0.0
2026-08-17,11,0.0
2026-08-17,12,0.0
2026-08-17,13,0.0
2026-08-17,14,0.0
2026-08-17,15,0.0
2026-08-17,16,0.0
2026-08-17,17,0.0
2026-08-17,18,0.0
2026-08-17,19,0.0
2026-08-17,20,25.443143500001156
2026-08-17,21,-71.87147074999777
2026-08-17,22,-38.79305616999656
2026-08-17,23,-83.01780313999751
2026-08-17,24,-84.23715699999751
2026-08-17,25,-103.76401652999772
2026-08-17,26,-13.328537749996364
2026-08-17,27,-63.52617201999678
2026-08-17,28,-73.60797899999652
2026-08-17,29,-100.73714549999768
2026-08-17,30,-89.54781650999772
2026-08-17,31,-105.01663849999687
2026-08-17,32,-70.4391857099966
2026-08-17,33,-47.3752459999975
2026-08-17,34,-74.5419676099971
2026-08-17,35,-54.907664579998325
2026-08-17,36,-28.95713598999819
2026-08-17,37,-49.09614297999847
2026-08-17,38,8.25541562000081
2026-08-17,39,-33.987323069998666
2026-08-17,40,-62.30341898999771
2026-08-17,41,-16.307743889997937
2026-08-17,42,-72.77648049999868
2026-08-17,43,-51.50489941999789
2026-08-17,44,-39.3212173399987
2026-08-17,45,-68.14508839999843
2026-08-17,46,8.944065650001924
2026-08-17,47,-74.26511280999807
2026-08-17,48,-35.52202792999837
2026-08-17,49,-54.002577329998424
2026-08-17,50,-50.60792194999712
2026-08-17,51,-59.84007066999804
2026-08-17,52,-64.4523941299968
2026-08-17,53,-127.37993125999819
2026-08-17,54,-119.58314206089058
2026-08-17,55,-126.41307310089022
2026-08-17,56,-149.8867975873198
2026-08-17,57,-144.08065330732
2026-08-17,58,-128.56249272731972
2026-08-17,59,-129.8574330073189
2026-08-17,60,-126.20859347731832
2026-08-17,61,-139.3450818173183
2026-08-17,62,-139.63909133731917
2026-08-17,63,-145.0307242273184
2026-08-17,64,-131.63862063731915
2026-08-17,65,-124.03222089731905
2026-08-17,66,-129.63606917731917
2026-08-17,67,-127.54510190731946
2026-08-17,68,-126.50443472731963
2026-08-17,69,-122.68613975731843
2026-08-17,70,-123.13622434767613
2026-08-17,71,-109.57002580767669
2026-08-17,72,-103.87666829767635
2026-08-17,73,-127.18319989285489
2026-08-17,74,-102.3748792028548
2026-08-17,75,-124.50588793285426
2026-08-17,76,-120.70133746285484
2026-08-17,77,-114.78590782285379
2026-08-17,78,-110.98627664410527
2026-08-17,79,-74.20077947410496
2026-08-17,80,-87.68477776410481
2026-08-17,81,-89.16320740410423
2026-08-17,82,-104.24735820410422
2026-08-17,83,-99.27236572410473
2026-08-17,84,-78.78155674410468
2026-08-17,85,-105.60758500410473
2026-08-17,86,-96.89816902660263
2026-08-17,87,-122.65620191660463
2026-08-17,88,-128.00376657660422
2026-08-17,89,-131.35949202660495
2026-08-17,90,-115.45882802660482
2026-08-17,91,-127.60004002660499
2026-08-17,92,-140.03782002660517
2026-08-17,93,-133.81062852660477
2026-08-17,94,-150.1918754566043
2026-08-17,95,-152.77388924660377
2026-08-17,96,-161.07549916660423
2026-08-17,97,-152.50442878696197
2026-08-17,98,-133.01835446696236
2026-08-17,99,-134.8998970969621
2026-08-17,100,-142.69215130696202
2026-08-17,101,-177.52744925696183
2026-08-17,102,-163.70286680696194
2026-08-17,103,-174.71661130696222
2026-08-17,104,-182.00995058696188
2026-08-17,105,-190.94511919696166
2026-08-17,106,-183.45868862428281
2026-08-17,107,-198.00427495428326
2026-08-17,108,-204.17541295428285
2026-08-17,109,-199.6547659542831
2026-08-17,110,-177.83837795428335
2026-08-17,111,-180.83208645428323
2026-08-17,112,-195.10876382428305
2026-08-17,113,-204.6851804642827
2026-08-17,114,-209.35495018428242
2026-08-17,115,-197.42233356428287
2026-08-17,116,-207.07826804428237
2026-08-17,117,-223.09710676428304
2026-08-17,118,-219.1686444542819
2026-08-17,119,-204.4020397642826
2026-08-17,120,-203.18346155428304
2026-08-17,121,-206.43810945428245
2026-08-17,122,-208.46191395428224
2026-08-17,123,-215.54344090428245
2026-08-17,124,-227.24259295428232
2026-08-17,125,-228.4793547042824
2026-08-17,126,-222.7566787142828
2026-08-17,127,-218.83574837428134
2026-08-17,128,-201.72007330428224
2026-08-17,129,-177.3031239542824
2026-08-17,130,-184.59452795428197
2026-08-17,131,-180.8458610042833
2026-08-17,132,-185.1614984742825
2026-08-17,133,-173.84808810428376
2026-08-17,134,-182.69604249428198
2026-08-17,135,-179.63915162856864
2026-08-17,136,-173.4522326885681
2026-08-17,137,-173.42048472856857
2026-08-17,138,-178.52408545856764
2026-08-17,139,-168.32879135856797
2026-08-17,140,-165.41440992856795
2026-08-17,141,-163.94093142856818
2026-08-17,142,-173.03581492856827
2026-08-17,143,-171.1248441985684
2026-08-17,144,-170.0835644685676
2026-08-17,145,-163.78389942856842
2026-08-17,146,-169.83225649856763
2026-08-17,147,-159.03658992856884
2026-08-17,148,-163.54223639856747
2026-08-17,149,-162.45302639856774
2026-08-17,150,-170.50891417856866
2026-08-17,151,-161.55909097856846
2026-08-17,152,-143.32589802856825
2026-08-17,153,-147.05508292856825
2026-08-17,154,-151.2659217985684
2026-08-17,155,-148.06210262856825
2026-08-17,156,-130.734639678568
2026-08-17,157,-120.54021181856811
2026-08-17,158,-135.39426624999624
2026-08-17,159,-133.61370819999624
2026-08-17,160,-138.52378437999616
2026-08-17,161,-149.09382149999576
2026-08-17,162,-148.46485438999576
2026-08-17,163,-140.68277194999663
2026-08-17,164,-147.9792037499959
2026-08-17,165,-140.41751489999615
2026-08-17,166,-139.18564964999638
2026-08-17,167,-149.4674210699963
2026-08-17,168,-144.32574415999682
2026-08-17,169,-133.503934499997
2026-08-17,170,-135.17966399999634
2026-08-17,171,-141.420912859996
2026-08-17,172,-139.55816584999607
2026-08-17,173,-124.64404254999644
2026-08-17,174,-126.87716405999616
2026-08-17,175,-129.42425664999644
2026-08-17,176,-130.71407146999604
2026-08-17,177,-138.36865896999657
2026-08-17,178,-139.36252449999736
2026-08-17,179,-145.42216796999674
2026-08-17,180,-134.80310937999633
2026-08-17,181,-138.7303524299968
2026-08-17,182,-147.41116034999578
2026-08-17,183,-155.70989149999647
2026-08-17,184,-156.46525099999613
2026-08-17,185,-167.91773677999643
2026-08-17,186,-160.95893319999612
2026-08-17,187,-158.50820583999595
2026-08-17,188,-163.04700502999668
2026-08-17,189,-177.00931891999565
2026-08-17,190,-177.3053590899963
2026-08-17,191,-187.47102870999584
2026-08-17,192,-178.46505340999596
2026-08-17,193,-178.87466333999595
2026-08-17,194,-175.88597720999647
2026-08-17,195,-181.9693556799958
2026-08-17,196,-166.2570882099969
2026-08-17,197,-167.0290195199965
2026-08-17,198,-165.78232582999632
2026-08-17,199,-160.2982333599958
2026-08-17,200,-156.28121870999635
2026-08-17,201,-151.3562862099964
2026-08-17,202,-157.24079470999607
2026-08-17,203,-152.48619620999594
2026-08-17,204,-156.95309656999575
2026-08-17,205,-158.13428876999672
2026-08-17,206,-166.9812331899965
2026-08-17,207,-163.810722209996
2026-08-17,208,-167.3806946999958
2026-08-17,209,-159.59643397999625
2026-08-17,210,-152.5635754299966
2026-08-17,211,-149.87859341999635
2026-08-17,212,-154.60926105999565
2026-08-17,213,-146.87618470999627
2026-08-17,214,-159.07395955999684
2026-08-17,215,-158.11073020999652
2026-08-17,216,-154.2514632599961
2026-08-17,217,-161.7903061099967
2026-08-17,218,-154.54148925999695
2026-08-17,219,-164.94555476999602
2026-08-17,220,-171.88520470999555
2026-08-17,221,-175.47699990999683
2026-08-17,222,-178.4956240099961
2026-08-17,223,-181.65389691999576
2026-08-17,224,-184.46498020999604
2026-08-17,225,-180.19962976999585
2026-08-17,226,-180.07006764999568
2026-08-17,227,-180.44962279999535
2026-08-17,228,-180.4806417499964
2026-08-17,229,-180.1602657099961
2026-08-17,230,-185.27234212999642
2026-08-17,231,-184.3154353599951
2026-08-17,232,-187.73199225999625
2026-08-17,233,-187.97431890999724
2026-08-17,234,-186.54823020999652
2026-08-17,235,-200.13164034999593
2026-08-17,236,-194.3247519999964
2026-08-17,237,-188.24991949999583
2026-08-17,238,-196.87372300999638
2026-08-17,239,-203.0643359499963
2026-08-17,240,-210.82794107999604
2026-08-17,241,-200.97019769999613
2026-08-17,242,-205.62853645999655
2026-08-17,243,-206.02373399999664
2026-08-17,244,-210.93797710999675
2026-08-17,245,-207.320204419996
2026-08-17,246,-198.83950660999588
2026-08-17,247,-190.45315699999645
2026-08-17,248,-191.40345799999608
2026-08-17,249,-181.62487922999694
2026-08-17,250,-180.83624780999588
2026-08-17,251,-185.60975843999626
2026-08-17,252,-185.5156969999967
2026-08-17,253,-189.73952549999615
2026-08-17,254,-193.850966439996
2026-08-17,255,-187.65722485999612
2026-08-17,256,-195.49610109999531
2026-08-17,257,-193.51628559999622
2026-08-17,258,-199.1749029599965
2026-08-17,259,-198.64725776999595
2026-08-17,260,-190.9752508999968
2026-08-17,261,-196.8287796599957
2026-08-17,262,-193.121006419996
2026-08-17,263,-189.199780499996
2026-08-17,264,-183.2959089999967
2026-08-17,265,-181.99412721999573
2026-08-17,266,-178.581511559996
2026-08-17,267,-175.52154049999683
2026-08-17,268,-167.1673239999968
2026-08-17,269,-173.31655699999627
2026-08-17,270,-173.49276474999627
2026-08-17,271,-175.48864149999548
2026-08-17,272,-181.32987658999662
2026-08-17,273,-179.71803541999566
2026-08-17,274,-175.74987924999584
2026-08-17,275,-175.01511383999585
2026-08-17,276,-180.23883542999602
2026-08-17,277,-182.03403216999635
2026-08-17,278,-181.5467894999961
2026-08-17,279,-183.07606138999589
2026-08-17,280,-183.5593876999955
2026-08-17,281,-178.29162599999606
2026-08-17,282,-176.99957723999592
2026-08-17,283,-174.56757549999557
2026-08-17,284,-177.4278914999961
2026-08-17,285,-177.46831361999668
2026-08-17,286,-178.2049221799961
2026-08-17,287,-171.11476792999667
2026-08-17,288,-169.58387184999597
2026-08-17,289,-165.6775014999953
2026-08-17,290,-169.5049440899961
2026-08-17,291,-167.8340087099965
2026-08-17,292,-165.09592857999598
2026-08-17,293,-165.42752949999584
2026-08-17,294,-168.39742049999654
2026-08-17,295,-161.02134698999677
2026-08-17,296,-165.3470324999953
2026-08-17,297,-169.74641549999632
2026-08-17,298,-167.31194699999625
2026-08-17,299,-168.7776084999965
2026-08-17,300,-169.84290095999626
2026-08-17,301,-176.36119397999576
2026-08-17,302,-165.53226099999614
2026-08-17,303,-165.0551668099959
2026-08-17,304,-161.31726649999646
2026-08-17,305,-162.35453974999632
2026-08-17,306,-162.00698049999582
2026-08-17,307,-160.39727649999693
2026-08-17,308,-157.54586358999677
2026-08-17,309,-156.7216990299967
2026-08-17,310,-152.09254205999585
2026-08-17,311,-149.35738049999526
2026-08-17,312,-143.20880443999658
2026-08-17,313,-140.01307499999555
2026-08-17,314,-140.25224000999705
2026-08-17,315,-141.2330439299963
2026-08-17,316,-146.17669444999598
2026-08-17,317,-147.84207699999652
2026-08-17,318,-142.3661843199964
2026-08-17,319,-143.67781049999616
2026-08-17,320,-139.11859549999605
2026-08-17,321,-136.37901949999556
2026-08-17,322,-136.3556518399966
2026-08-17,323,-135.46937755999582
2026-08-17,324,-127.79156245999638
2026-08-17,325,-133.84354793999654
2026-08-17,326,-136.8758303499962
2026-08-17,327,-137.40238408999642
2026-08-17,328,-133.6224901099964
2026-08-17,329,-135.3991565299958
2026-08-17,330,-137.87361295999557
2026-08-17,331,-142.55745204999573
2026-08-17,332,-146.5013749999967
2026-08-17,333,-144.03950628999624
2026-08-17,334,-151.77382629999633
2026-08-17,335,-142.7216449999964
2026-08-17,336,-142.9269084999965
2026-08-17,337,-146.5245217099964
2026-08-17,338,-152.10375368999644
2026-08-17,339,-160.1053725599964
2026-08-17,340,-158.94936199999592
2026-08-17,341,-159.90522029999545
2026-08-17,342,-152.49672799856842
2026-08-17,343,-152.58095042856792
2026-08-17,344,-159.52375577856856
2026-08-17,345,-148.0852326428531
2026-08-17,346,-155.1687379428539
2026-08-17,347,-155.5612491428535
2026-08-17,348,-147.7857236428538
2026-08-17,349,-160.48901214285402
2026-08-17,350,-161.31358964285363
2026-08-17,351,-173.06774914285384
2026-08-17,352,-169.0035656428534
2026-08-17,353,-155.79008514285374
2026-08-17,354,-155.2804341428536
2026-08-17,355,-149.47195321285406
2026-08-17,356,-146.84946641285387
2026-08-17,357,-150.6210751428536
2026-08-17,358,-151.81871939285398
2026-08-17,359,-159.69451071285397
2026-08-17,360,-152.5719316428538
2026-08-17,361,-149.17424155285295
2026-08-17,362,-149.10380464285294
2026-08-17,363,-146.80365460285347
2026-08-17,364,-152.90265364285386
2026-08-17,365,-147.40793719285276
2026-08-17,366,-152.65216366285296
2026-08-17,367,-152.64823215285335
2026-08-17,368,-150.63986003285348
2026-08-17,369,-150.48355264285294
2026-08-17,370,-146.0993281128528
2026-08-17,371,-142.68906414285277
2026-08-17,372,-147.1532566128531
2026-08-17,373,-142.67654436285326
2026-08-17,374,-139.22358972285278
2026-08-17,375,-139.90926714285442
2026-08-17,376,-137.59572066285344
2026-08-17,377,-132.90838099285335
2026-08-17,378,-117.35246902285297
2026-08-17,379,-118.99980901285298
2026-08-17,380,-126.29490966285397
2026-08-17,381,-130.14964314285353
2026-08-17,382,-131.2645646428536
2026-08-17,383,-128.72026914285385
2026-08-17,384,-129.99495564285309
2026-08-17,385,-131.22480264285323
2026-08-17,386,-131.22480264285323
2026-08-17,387,-131.22480264285323
2026-08-17,388,-131.22480264285323
2026-08-17,389,-131.22480264285323
2026-08-17,390,-131.22480264285323
2026-08-18,0,0.0
2026-08-18,1,0.0
2026-08-18,2,0.0
2026-08-18,3,0.0
2026-08-18,4,0.0
2026-08-18,5,0.0
2026-08-18,6,0.0
2026-08-18,7,0.0
2026-08-18,8,0.0
2026-08-18,9,0.0
2026-08-18,10,0.0
2026-08-18,11,0.0
2026-08-18,12,0.0
2026-08-18,13,0.0
2026-08-18,14,0.0
2026-08-18,15,0.0
2026-08-18,16,0.0
2026-08-18,17,0.0
2026-08-18,18,0.0
2026-08-18,19,0.0
2026-08-18,20,-2.369690999998255
2026-08-18,21,-13.200974019998654
2026-08-18,22,-11.869983999998965
2026-08-18,23,-19.395736499998776
2026-08-18,24,-24.529249799998524
2026-08-18,25,-36.129789999998636
2026-08-18,26,-25.32547099999953
2026-08-18,27,-13.162454819998523
2026-08-18,28,-9.278866499998884
2026-08-18,29,-5.91793043999882
2026-08-18,30,-21.457139459999038
2026-08-18,31,-25.880381739998455
2026-08-18,32,-30.383967999997964
2026-08-18,33,-26.301029729997207
2026-08-18,34,-29.779905599997537
2026-08-18,35,-49.56144713999687
2026-08-18,36,-53.6495558399977
2026-08-18,37,-48.832729209997524
2026-08-18,38,-68.06147489499766
2026-08-18,39,-75.99918485499724
2026-08-18,40,-85.9385148949978
2026-08-18,41,-86.57846889499743
2026-08-18,42,-72.91607785499679
2026-08-18,43,-77.59835105499666
2026-08-18,44,-71.64227539499703
2026-08-18,45,-68.95868539499659
2026-08-18,46,-74.43081254499805
2026-08-18,47,-91.2951988949968
2026-08-18,48,-65.4197015349965
2026-08-18,49,-68.92825852660457
2026-08-18,50,-66.27791860660372
2026-08-18,51,-94.84009960660474
2026-08-18,52,-85.69976560660433
2026-08-18,53,-71.29346010660409
2026-08-18,54,-71.48770940660378
2026-08-18,55,-52.4502540183895
2026-08-18,56,-41.08810293839019
2026-08-18,57,-35.62847706839075
2026-08-18,58,-13.417518438389166
2026-08-18,59,-21.06901136839106
2026-08-18,60,-1.9664612683903755
2026-08-18,61,-9.495474088390417
2026-08-18,62,-14.994043908390335
2026-08-18,63,-26.557940168390566
2026-08-18,64,-24.70005940838975
2026-08-18,65,-13.090405358389695
2026-08-18,66,-6.924001908390238
2026-08-18,67,-20.370301408390183
2026-08-18,68,-31.351474408390303
2026-08-18,69,-38.13273740839031
2026-08-18,70,-46.148248908389675
2026-08-18,71,-54.392063248390166
2026-08-18,72,-64.71930090839032
2026-08-18,73,-71.60479440839077
2026-08-18,74,-72.32695654839023
2026-08-18,75,-62.84102940839001
2026-08-18,76,-72.28221840839002
2026-08-18,77,-60.11979350839042
2026-08-18,78,-56.778153658390565
2026-08-18,79,-55.97104240839007
2026-08-18,80,-55.82107245839034
2026-08-18,81,-66.19151424838937
2026-08-18,82,-76.92377740839022
2026-08-18,83,-61.933868548389995
2026-08-18,84,-59.882535408391135
2026-08-18,85,-58.77642476839121
2026-08-18,86,-70.4489069083904
2026-08-18,87,-73.21434840839044
2026-08-18,88,-77.28631056839014
2026-08-18,89,-86.93580040838995
2026-08-18,90,-87.76998390839093
2026-08-18,91,-94.8088577683912
2026-08-18,92,-82.56913390839067
2026-08-18,93,-81.83892090839056
2026-08-18,94,-82.69328335839106
2026-08-18,95,-73.10689811839069
2026-08-18,96,-79.06021365839085
2026-08-18,97,-78.79195632838996
2026-08-18,98,-97.97676974839021
2026-08-18,99,-94.37802090839078
2026-08-18,100,-90.69201140839016
2026-08-18,101,-84.0174089083902
2026-08-18,102,-73.87887565839095
2026-08-18,103,-79.8917144083911
2026-08-18,104,-73.58137940839086
2026-08-18,105,-66.42084240839033
2026-08-18,106,-66.64083540839076
2026-08-18,107,-59.351922588391126
2026-08-18,108,-70.50264854839037
2026-08-18,109,-78.67974819839154
2026-08-18,110,-73.39556090839014
2026-08-18,111,-69.63953840839125
2026-08-18,112,-57.189856158391265
2026-08-18,113,-53.23217690839096
2026-08-18,114,-58.369824158391005
2026-08-18,115,-35.13739540839095
2026-08-18,116,-31.595480798390934
2026-08-18,117,-41.465573248390676
2026-08-18,118,-38.991962908391024
2026-08-18,119,-37.849789708390524
2026-08-18,120,-38.78582140839089
2026-08-18,121,-45.765744408390894
2026-08-18,122,-44.30494340839026
2026-08-18,123,-42.88257722839084
2026-08-18,124,-37.41826574839058
2026-08-18,125,-43.53340120839111
2026-08-18,126,-48.29617635839031
2026-08-18,127,-51.288475538390315
2026-08-18,128,-56.83287990839066
2026-08-18,129,-62.948687408390626
2026-08-18,130,-58.21107062839044
2026-08-18,131,-55.1439099083906
2026-08-18,132,-50.377852408390986
2026-08-18,133,-44.0848292483911
2026-08-18,134,-40.68648440839086
2026-08-18,135,-35.39645643839121
2026-08-18,136,-32.97302613839059
2026-08-18,137,-36.06058290838973
2026-08-18,138,-34.73942090839065
2026-08-18,139,-30.15560452839128
2026-08-18,140,-37.29485840839051
2026-08-18,141,-17.443293408391
2026-08-18,142,-10.25392645839068
2026-08-18,143,-7.342414878390294
2026-08-18,144,-11.519492048389829
2026-08-18,145,2.8654182716102596
2026-08-18,146,2.8294695916090618
2026-08-18,147,4.770653771609837
2026-08-18,148,5.874205091609802
2026-08-18,149,14.545258091610101
2026-08-18,150,15.562126671608354
2026-08-18,151,14.71247273160899
2026-08-18,152,13.068215271608828
2026-08-18,153,12.282623731609263
2026-08-18,154,6.805019131608979
2026-08-18,155,10.222341831608688
2026-08-18,156,11.355203091608885
2026-08-18,157,2.139116641608979
2026-08-18,158,0.3882714516090715
2026-08-18,159,-8.327992108390823
2026-08-18,160,1.1592305916091874
2026-08-18,161,2.2092375916088827
2026-08-18,162,2.2943460916092846
2026-08-18,163,8.791617691609233
2026-08-18,164,7.350221591609184
2026-08-18,165,0.4748890916088726
2026-08-18,166,6.985646091608949
2026-08-18,167,9.530225591609288
2026-08-18,168,9.028331431608763
2026-08-18,169,9.90969959160904
2026-08-18,170,12.99518709160926
2026-08-18,171,26.005983051609043
2026-08-18,172,32.372155591609406
2026-08-18,173,23.958832371609056
2026-08-18,174,15.479512591608724
2026-08-18,175,21.211453563037608
2026-08-18,176,15.040844563037162
2026-08-18,177,12.581748643037585
2026-08-18,178,10.126366063037807
2026-08-18,179,4.490949563037681
2026-08-18,180,-1.5244969369626986
2026-08-18,181,-14.215475936962854
2026-08-18,182,-12.064592936963052
2026-08-18,183,-17.474751936962832
2026-08-18,184,-10.873487936962562
2026-08-18,185,-7.248878576962689
2026-08-18,186,-8.212743486962601
2026-08-18,187,-3.148134536962857
2026-08-18,188,-1.1970903569627822
2026-08-18,189,5.334210703037108
2026-08-18,190,20.843952563036765
2026-08-18,191,13.838953063037337
2026-08-18,192,10.647093923037055
2026-08-18,193,12.353553563038062
2026-08-18,194,20.030078203037746
2026-08-18,195,15.45288660303747
2026-08-18,196,26.97364356303781
2026-08-18,197,35.07445156303729
2026-08-18,198,50.28846031303703
2026-08-18,199,44.185433563037385
2026-08-18,200,43.682539203037656
2026-08-18,201,45.87659456303736
2026-08-18,202,44.80690760303719
2026-08-18,203,37.20097706303712
2026-08-18,204,35.01061806303765
2026-08-18,205,30.427728843037357
2026-08-18,206,24.079948063037747
2026-08-18,207,33.57761972303748
2026-08-18,208,37.62586456303772
2026-08-18,209,34.80065706303709
2026-08-18,210,30.537909063037397
2026-08-18,211,37.143341563037296
2026-08-18,212,48.56833206303795
2026-08-18,213,40.12369764303679
2026-08-18,214,36.37702711303771
2026-08-18,215,42.72535068303719
2026-08-18,216,35.96781906303669
2026-08-18,217,37.57300556303748
2026-08-18,218,35.88345456303712
2026-08-18,219,28.733508563037553
2026-08-18,220,33.55579680303762
2026-08-18,221,22.737431063037192
2026-08-18,222,20.81307462303681
2026-08-18,223,18.722141563036296
2026-08-18,224,24.66356977303702
2026-08-18,225,25.64509386303716
2026-08-18,226,22.789664263037324
2026-08-18,227,6.197161633037503
2026-08-18,228,10.556559063038058
2026-08-18,229,22.18745688303798
2026-08-18,230,26.60221752303714
2026-08-18,231,25.4876150630378
2026-08-18,232,23.5312594230367
2026-08-18,233,21.518060103036298
2026-08-18,234,28.922437463037284
2026-08-18,235,24.639967223036834
2026-08-18,236,22.6635575630377
2026-08-18,237,23.420194203036402
2026-08-18,238,38.84101406303749
2026-08-18,239,38.54264626303684
2026-08-18,240,36.902199223036725
2026-08-18,241,37.220181063036954
2026-08-18,242,26.793264423037243
2026-08-18,243,29.42537168303722
2026-08-18,244,33.238311963037305
2026-08-18,245,26.499273063037073
2026-08-18,246,15.908398063037126
2026-08-18,247,15.015273723037382
2026-08-18,248,28.03335140303748
2026-08-18,249,22.793492423036547
2026-08-18,250,28.84575656303732
2026-08-18,251,26.266501563036684
2026-08-18,252,34.68411839303754
2026-08-18,253,37.237160563036454
2026-08-18,254,28.35738156303716
2026-08-18,255,31.376816563036826
2026-08-18,256,24.43955984303654
2026-08-18,257,29.638154703037273
2026-08-18,258,26.07161606303699
2026-08-18,259,27.14947882303671
2026-08-18,260,27.912192063037445
2026-08-18,261,23.58711756303733
2026-08-18,262,20.331924063036794
2026-08-18,263,24.132136063037272
2026-08-18,264,23.842215063037123
2026-08-18,265,23.916577463036944
2026-08-18,266,22.143010773037254
2026-08-18,267,22.686443333037218
2026-08-18,268,12.912013063036795
2026-08-18,269,18.939899803037378
2026-08-18,270,25.038113563037683
2026-08-18,271,25.649552703037102
2026-08-18,272,23.13654542303717
2026-08-18,273,27.148039277322937
2026-08-18,274,28.40812327732236
2026-08-18,275,34.06028349732327
2026-08-18,276,30.72583407732258
2026-08-18,277,25.286892277323005
2026-08-18,278,25.103210917322784
2026-08-18,279,19.37120777732312
2026-08-18,280,17.770830777323184
2026-08-18,281,7.830186777323114
2026-08-18,282,3.567888617323284
2026-08-18,283,6.889667777323368
2026-08-18,284,13.016574457323394
2026-08-18,285,15.785190277323572
2026-08-18,286,7.364585277322995
2026-08-18,287,5.916321417322827
2026-08-18,288,6.232703057322475
2026-08-18,289,8.034677217323505
2026-08-18,290,0.18971677732352532
2026-08-18,291,3.5308589173227745
2026-08-18,292,1.9786297773224462
2026-08-18,293,5.925240437323488
2026-08-18,294,10.529250777323107
2026-08-18,295,12.719789777323285
2026-08-18,296,7.329408777322882
2026-08-18,297,-4.161651222677179
2026-08-18,298,-2.934749582677192
2026-08-18,299,-2.46471356267611
2026-08-18,300,0.6990847773229447
2026-08-18,301,-1.1413012226772565
2026-08-18,302,1.7027162773235318
2026-08-18,303,-2.5022831526768172
2026-08-18,304,-5.342414272676798
2026-08-18,305,0.15593161732324035
2026-08-18,306,-2.2652185626772905
2026-08-18,307,1.0139242773219763
2026-08-18,308,2.5537942373229043
2026-08-18,309,7.854854277322893
2026-08-18,310,2.8795567773227404
2026-08-18,311,-1.475387722677489
2026-08-18,312,-1.655687722677122
2026-08-18,313,-0.23542772267670387
2026-08-18,314,-0.2853007226771922
2026-08-18,315,-9.870452222677095
2026-08-18,316,-8.591243222677647
2026-08-18,317,-3.9110642226773322
2026-08-18,318,-7.125470772676977
2026-08-18,319,-9.089534062676265
2026-08-18,320,-10.626402722677177
2026-08-18,321,-13.76094822267676
2026-08-18,322,-7.590686222676723
2026-08-18,323,-14.873809022677321
2026-08-18,324,-14.753089362677592
2026-08-18,325,-14.986734722678001
2026-08-18,326,-8.106316722676603
2026-08-18,327,-2.775633722676055
2026-08-18,328,-3.1259727226762664
2026-08-18,329,-4.325956722677589
2026-08-18,330,-6.826000722677804
2026-08-18,331,-6.7609000798200185
2026-08-18,332,-3.5370667398202187
2026-08-18,333,-11.786043499819797
2026-08-18,334,-8.659834239819716
2026-08-18,335,-8.922662079819972
2026-08-18,336,-7.70935642982046
2026-08-18,337,-14.148025579820214
2026-08-18,338,-6.736664579819845
2026-08-18,339,-9.55682457981996
2026-08-18,340,-9.339982939820416
2026-08-18,341,-11.251999079820521
2026-08-18,342,-8.3160385798204
2026-08-18,343,-18.84640457981976
2026-08-18,344,-16.09134207982008
2026-08-18,345,-15.786341579819648
2026-08-18,346,-21.686297579820078
2026-08-18,347,-14.751202079819691
2026-08-18,348,-16.006711579820617
2026-08-18,349,-13.691149079820107
2026-08-18,350,-12.906067579820046
2026-08-18,351,-11.296662579820932
2026-08-18,352,-11.385863659820714
2026-08-18,353,-8.012281079820454
2026-08-18,354,-4.7034042798201625
2026-08-18,355,2.044225420179984
2026-08-18,356,4.664467420180021
2026-08-18,357,11.549868920179915
2026-08-18,358,17.865715420180077
2026-08-18,359,17.540668920179495
2026-08-18,360,17.110326420180247
2026-08-18,361,12.805477920180184
2026-08-18,362,17.67046726017983
2026-08-18,363,23.02706092018006
2026-08-18,364,28.517908920180023
2026-08-18,365,29.79776692018044
2026-08-18,366,30.53268142018032
2026-08-18,367,31.252950420179744
2026-08-18,368,28.00312042018005
2026-08-18,369,24.458045920180506
2026-08-18,370,9.929830100179966
2026-08-18,371,4.901875400179836
2026-08-18,372,12.398124920179132
2026-08-18,373,10.132363420179932
2026-08-18,374,13.842664420179712
2026-08-18,375,24.808910960180025
2026-08-18,376,25.960061020179882
2026-08-18,377,24.22909792017985
2026-08-18,378,18.656890780179257
2026-08-18,379,14.999370060180471
2026-08-18,380,26.804230420179092
2026-08-18,381,20.109385063037212
2026-08-18,382,24.624836563036812
2026-08-18,383,18.83485762303695
2026-08-18,384,33.285702563037304
2026-08-18,385,37.33610756303668
2026-08-18,386,37.33610756303668
2026-08-18,387,37.33610756303668
2026-08-18,388,37.33610756303668
2026-08-18,389,37.33610756303668
2026-08-18,390,37.33610756303668
2026-08-19,0,0.0
2026-08-19,1,0.0
2026-08-19,2,0.0
2026-08-19,3,0.0
2026-08-19,4,0.0
2026-08-19,5,0.0
2026-08-19,6,0.0
2026-08-19,7,0.0
2026-08-19,8,0.0
2026-08-19,9,0.0
2026-08-19,10,0.0
2026-08-19,11,0.0
2026-08-19,12,0.0
2026-08-19,13,0.0
2026-08-19,14,0.0
2026-08-19,15,0.0
2026-08-19,16,0.0
2026-08-19,17,0.0
2026-08-19,18,0.0
2026-08-19,19,0.0
2026-08-19,20,-1.4885607399995706
2026-08-19,21,68.18844876000044
2026-08-19,22,87.91249582000124
2026-08-19,23,72.71179786000026
2026-08-19,24,153.58884296000127
2026-08-19,25,95.77407396000123
2026-08-19,26,99.55681246000168
2026-08-19,27,120.32293781000163
2026-08-19,28,65.36806446000126
2026-08-19,29,32.71409946000159
2026-08-19,30,70.23822984000167
2026-08-19,31,85.9674934600007
2026-08-19,32,114.53720246000128
2026-08-19,33,130.9973483300022
2026-08-19,34,139.9516564600014
2026-08-19,35,131.0244479600015
2026-08-19,36,173.5958234425018
2026-08-19,37,158.50861552250157
2026-08-19,38,176.58580198482238
2026-08-19,39,165.4372942648226
2026-08-19,40,186.59511510482236
2026-08-19,41,192.57075548482254
2026-08-19,42,173.44753990482292
2026-08-19,43,184.2890927248228
2026-08-19,44,164.48767010482302
2026-08-19,45,170.48598610482267
2026-08-19,46,153.18629210482248
2026-08-19,47,167.71050560482323
2026-08-19,48,175.9224883548227
2026-08-19,49,187.86402220482236
2026-08-19,50,177.91975260482292
2026-08-19,51,180.0208706048228
2026-08-19,52,186.07595910482297
2026-08-19,53,181.00150260482295
2026-08-19,54,179.74270710482284
2026-08-19,55,174.16352510482247
2026-08-19,56,171.22219153339356
2026-08-19,57,169.7972220333942
2026-08-19,58,158.04835703339396
2026-08-19,59,162.67280253339354
2026-08-19,60,154.89605353339374
2026-08-19,61,152.05096103339423
2026-08-19,62,166.88631529339364
2026-08-19,63,159.51421853339394
2026-08-19,64,166.23914005339378
2026-08-19,65,164.69779603339344
2026-08-19,66,150.082080193394
2026-08-19,67,145.86792103339292
2026-08-19,68,136.1953942351787
2026-08-19,69,124.9065192351792
2026-08-19,70,137.48524723517943
2026-08-19,71,126.41641623517852
2026-08-19,72,121.38189573517856
2026-08-19,73,123.3617137351793
2026-08-19,74,126.21142093517877
2026-08-19,75,127.22727033517903
2026-08-19,76,122.24678523517962
2026-08-19,77,126.2263792351785
2026-08-19,78,138.8540083551792
2026-08-19,79,140.1401477351789
2026-08-19,80,148.55927373517858
2026-08-19,81,141.2349742351791
2026-08-19,82,144.5574139551788
2026-08-19,83,126.54624923517942
2026-08-19,84,127.30219563517922
2026-08-19,85,127.85752001517865
2026-08-19,86,124.85377248517786
2026-08-19,87,120.33675623517844
2026-08-19,88,123.6872627533934
2026-08-19,89,125.93203825339329
2026-08-19,90,135.55607575339383
2026-08-19,91,143.69026225339377
2026-08-19,92,136.95593575339393
2026-08-19,93,138.5057807533932
2026-08-19,94,131.9314382533928
2026-08-19,95,142.43538775339363
2026-08-19,96,128.22280915339297
2026-08-19,97,121.62746875339396
2026-08-19,98,124.51218025339263
2026-08-19,99,119.89884163339333
2026-08-19,100,122.41239025339338
2026-08-19,101,120.52857865339313
2026-08-19,102,117.11881966339355
2026-08-19,103,118.85774575339359
2026-08-19,104,117.0079307533942
2026-08-19,105,104.1142202533933
2026-08-19,106,108.72375925339348
2026-08-19,107,109.70866075339377
2026-08-19,108,111.9284387533934
2026-08-19,109,109.58257336339359
2026-08-19,110,110.92853875339362
2026-08-19,111,114.15821575339358
2026-08-19,112,121.00253125339323
2026-08-19,113,115.75805575339358
2026-08-19,114,122.17850963339309
2026-08-19,115,120.98242925339336
2026-08-19,116,118.06272125339315
2026-08-19,117,123.05222225339305
2026-08-19,118,116.10041750339316
2026-08-19,119,114.14311325339308
2026-08-19,120,107.33379425339258
2026-08-19,121,100.75945175339267
2026-08-19,122,97.67975975339304
2026-08-19,123,104.29409825339327
2026-08-19,124,104.36909075339328
2026-08-19,125,109.00232738339263
2026-08-19,126,99.64456325339292
2026-08-19,127,95.47118063339316
2026-08-19,128,94.40758700339269
2026-08-19,129,78.09671825339284
2026-08-19,130,73.60716725339323
2026-08-19,131,71.31739625339294
2026-08-19,132,70.565071493393
2026-08-19,133,72.31229675339323
2026-08-19,134,66.077920253393
2026-08-19,135,61.73625446339328
2026-08-19,136,59.7435537533931
2026-08-19,137,60.04352375339279
2026-08-19,138,58.89363875339218
2026-08-19,139,67.14281375339282
2026-08-19,140,62.54327375339237
2026-08-19,141,66.11291675339312
2026-08-19,142,73.99212875339266
2026-08-19,143,73.70715725339257
2026-08-19,144,67.2278052533933
2026-08-19,145,66.30789725339297
2026-08-19,146,65.96793125339256
2026-08-19,147,73.25220275339309
2026-08-19,148,70.64626337339256
2026-08-19,149,78.241703753393
2026-08-19,150,84.61106675339319
2026-08-19,151,84.35609225339353
2026-08-19,152,83.58616925339267
2026-08-19,153,85.48097975339304
2026-08-19,154,77.27180075339301
2026-08-19,155,75.16201175339272
2026-08-19,156,76.40188775339264
2026-08-19,157,74.39208875339294
2026-08-19,158,64.11811625339264
2026-08-19,159,62.253302753393044
2026-08-19,160,66.10791725339307
2026-08-19,161,65.65296275339249
2026-08-19,162,62.03092499339256
2026-08-19,163,63.93813425339336
2026-08-19,164,64.62306575339296
2026-08-19,165,63.81814625339307
2026-08-19,166,75.97943000339261
2026-08-19,167,74.9319347633931
2026-08-19,168,82.55627225339306
2026-08-19,169,84.05762210339309
2026-08-19,170,82.30873425339273
2026-08-19,171,80.11895325339329
2026-08-19,172,81.30883425339262
2026-08-19,173,79.07905725339283
2026-08-19,174,78.34913025339306
2026-08-19,175,68.11361325339288
2026-08-19,176,70.00342425339261
2026-08-19,177,68.16860775339248
2026-08-19,178,51.95522925339254
2026-08-19,179,47.028222003392045
2026-08-19,180,40.006724223392666
2026-08-19,181,46.09609986678562
2026-08-19,182,44.071302366785915
2026-08-19,183,54.450264366785305
2026-08-19,184,60.92611671678595
2026-08-19,185,61.014607866785425
2026-08-19,186,57.57495186678587
2026-08-19,187,62.049504366785634
2026-08-19,188,64.26358293678517
2026-08-19,189,67.36897236678548
2026-08-19,190,67.41096816678534
2026-08-19,191,69.49375986678533
2026-08-19,192,64.02790650678583
2026-08-19,193,77.74793436678532
2026-08-19,194,77.79292986678652
2026-08-19,195,73.78733046678543
2026-08-19,196,78.70283886678612
2026-08-19,197,81.989910126786
2026-08-19,198,87.29197986678544
2026-08-19,199,87.8907267239284
2026-08-19,200,88.55566022392856
2026-08-19,201,78.99161672392893
2026-08-19,202,83.44117172392886
2026-08-19,203,78.21169472392867
2026-08-19,204,71.81383457392852
2026-08-19,205,71.58010235392858
2026-08-19,206,76.48591172392878
2026-08-19,207,80.61549872392847
2026-08-19,208,77.41081922392858
2026-08-19,209,81.27043322392846
2026-08-19,210,81.91286897392887
2026-08-19,211,87.10984922392865
2026-08-19,212,83.03525672392861
2026-08-19,213,79.62059822392806
2026-08-19,214,79.86557372392853
2026-08-19,215,93.63173055392815
2026-08-19,216,84.87980583392792
2026-08-19,217,69.4654474239282
2026-08-19,218,58.27856622392837
2026-08-19,219,57.568637223928135
2026-08-19,220,67.14192222392838
2026-08-19,221,60.10262622392804
2026-08-19,222,58.007835723928146
2026-08-19,223,51.09352722392782
2026-08-19,224,53.66886966392795
2026-08-19,225,50.162756463927856
2026-08-19,226,62.67890472392776
2026-08-19,227,63.06446616392702
2026-08-19,228,50.610111723927645
2026-08-19,229,38.8057922739283
2026-08-19,230,25.377338483927737
2026-08-19,231,21.77009924392741
2026-08-19,232,26.689007303927482
2026-08-19,233,27.873588833927762
2026-08-19,234,28.626213563926655
2026-08-19,235,-8.208362776071931
2026-08-19,236,30.244391563928232
2026-08-19,237,15.812234923927843
2026-08-19,238,44.44107175392785
2026-08-19,239,25.693046743927642
2026-08-19,240,22.45227483392904
2026-08-19,241,26.154304593927872
2026-08-19,242,-16.536325916070847
2026-08-19,243,9.338186373928261
2026-08-19,244,-35.757403616071876
2026-08-19,245,-19.95418409607212
2026-08-19,246,-0.5945202560715579
2026-08-19,247,-61.40843825607137
2026-08-19,248,-92.69520926607282
2026-08-19,249,-112.7246061260718
2026-08-19,250,-134.3255458160723
2026-08-19,251,-146.42823542607115
2026-08-19,252,-68.69330969607111
2026-08-19,253,-61.66241285607102
2026-08-19,254,-65.40163889607211
2026-08-19,255,-34.65631373607145
2026-08-19,256,-38.33474585607058
2026-08-19,257,-64.10446862607196
2026-08-19,258,-48.9971795060715
2026-08-19,259,-86.5813207160722
2026-08-19,260,-106.42543610607215
2026-08-19,261,-75.47183177607133
2026-08-19,262,-86.57852099607209
2026-08-19,263,-66.94548449607015
2026-08-19,264,-75.11816714607139
2026-08-19,265,-82.18436045607163
2026-08-19,266,-88.31294753607227
2026-08-19,267,-130.72150625607136
2026-08-19,268,-80.38594031607212
2026-08-19,269,-72.61671731607123
2026-08-19,270,-40.41053825607363
2026-08-19,271,-12.657613826071564
2026-08-19,272,22.692350823928827
2026-08-19,273,2.586161643928529
2026-08-19,274,-72.54282470607244
2026-08-19,275,-74.46453251607224
2026-08-19,276,-127.81809662607156
2026-08-19,277,-210.49972763607133
2026-08-19,278,-215.6741101460718
2026-08-19,279,-250.25015219607167
2026-08-19,280,-284.7009067760721
2026-08-19,281,-264.7706999960724
2026-08-19,282,-235.26345101607188
2026-08-19,283,-246.5278244660712
2026-08-19,284,-274.1253644360709
2026-08-19,285,-262.85969111607267
2026-08-19,286,-305.5753191260716
2026-08-19,287,-348.22063361250065
2026-08-19,288,-281.75628071250026
2026-08-19,289,-263.29312721250017
2026-08-19,290,-281.0484515025003
2026-08-19,291,-249.07394927250084
2026-08-19,292,-298.68298787250035
2026-08-19,293,-312.7432817025008
2026-08-19,294,-282.2364326925004
2026-08-19,295,-264.8299735125004
2026-08-19,296,-246.7981768725
2026-08-19,297,-223.27552937250002
2026-08-19,298,-189.79657760250024
2026-08-19,299,-156.36912068250072
2026-08-19,300,-64.34592392250082
2026-08-19,301,-49.39471919250054
2026-08-19,302,-40.65979277250021
2026-08-19,303,-65.13164534249944
2026-08-19,304,-41.47261148250022
2026-08-19,305,-99.28262990250101
2026-08-19,306,-131.11504634250056
2026-08-19,307,-211.91250495250034
2026-08-19,308,-223.26586950250092
2026-08-19,309,-206.91630462250157
2026-08-19,310,-182.5110453925009
2026-08-19,311,-164.06169051250106
2026-08-19,312,-123.94510257250134
2026-08-19,313,-23.64733335250113
2026-08-19,314,-46.86341151250118
2026-08-19,315,-123.56094099250068
2026-08-19,316,-154.54344243250262
2026-08-19,317,-152.19807699250052
2026-08-19,318,-140.36396052250055
2026-08-19,319,-169.03469316250084
2026-08-19,320,-175.28576799250106
2026-08-19,321,-171.0939872125012
2026-08-19,322,-158.62563417250044
2026-08-19,323,-144.30386649250084
2026-08-19,324,-119.56984014250065
2026-08-19,325,-117.30656649250045
2026-08-19,326,-194.06448993250132
2026-08-19,327,-236.62283367250134
2026-08-19,328,-129.52014501250156
2026-08-19,329,-132.1013868625
2026-08-19,330,-110.28226899250129
2026-08-19,331,-98.95840149250007
2026-08-19,332,-139.84931199250101
2026-08-19,333,-172.93780281250105
2026-08-19,334,-175.81691487250126
2026-08-19,335,-184.98479799250092
2026-08-19,336,-174.28776780250018
2026-08-19,337,-149.60733609250082
2026-08-19,338,-135.328364132501
2026-08-19,339,-143.4841484725007
2026-08-19,340,-172.13398320250033
2026-08-19,341,-181.55514099250115
2026-08-19,342,-178.10298624250072
2026-08-19,343,-187.13858259250054
2026-08-19,344,-169.15138149250078
2026-08-19,345,-141.55344156250104
2026-08-19,346,-157.77961878250096
2026-08-19,347,-130.35156186250123
2026-08-19,348,-144.12878400250054
2026-08-19,349,-140.34026289250096
2026-08-19,350,-75.68442912250069
2026-08-19,351,-113.38245894250028
2026-08-19,352,-105.0371935525003
2026-08-19,353,-47.20967688250078
2026-08-19,354,-57.947103032500884
2026-08-19,355,-6.747823472500947
2026-08-19,356,8.294372157499389
2026-08-19,357,-40.04319360250103
2026-08-19,358,-8.933204912501182
2026-08-19,359,-64.80601707250023
2026-08-19,360,-38.005380152501004
2026-08-19,361,-61.28975148250022
2026-08-19,362,-29.28746804250087
2026-08-19,363,-41.35311735250159
2026-08-19,364,-0.08317276250064509
2026-08-19,365,-110.3764063125008
2026-08-19,366,-95.31352674250053
2026-08-19,367,-123.11315649249923
2026-08-19,368,-90.89891003803652
2026-08-19,369,-117.70183946803621
2026-08-19,370,-164.03382530928548
2026-08-19,371,-114.63051813928593
2026-08-19,372,-123.14075102928544
2026-08-19,373,-131.12788022928638
2026-08-19,374,-149.00736409928604
2026-08-19,375,-169.06116250928523
2026-08-19,376,-173.34225034928497
2026-08-19,377,-176.09397914928735
2026-08-19,378,-188.52270014928567
2026-08-19,379,-209.611107099286
2026-08-19,380,-250.17205857928622
2026-08-19,381,-248.3154402592856
2026-08-19,382,-248.95310848928582
2026-08-19,383,-229.108617139286
2026-08-19,384,-225.56627141928615
2026-08-19,385,-236.23340859928547
2026-08-19,386,-236.23340859928547
2026-08-19,387,-236.23340859928547
2026-08-19,388,-236.23340859928547
2026-08-19,389,-236.23340859928547
2026-08-19,390,-236.23340859928547
2026-08-20,0,0.0
2026-08-20,1,0.0
2026-08-20,2,0.0
2026-08-20,3,0.0
2026-08-20,4,0.0
2026-08-20,5,0.0
2026-08-20,6,0.0
2026-08-20,7,0.0
2026-08-20,8,0.0
2026-08-20,9,0.0
2026-08-20,10,0.0
2026-08-20,11,0.0
2026-08-20,12,0.0
2026-08-20,13,0.0
2026-08-20,14,0.0
2026-08-20,15,0.0
2026-08-20,16,0.0
2026-08-20,17,0.0
2026-08-20,18,0.0
2026-08-20,19,0.0
2026-08-20,20,35.45838450999961
2026-08-20,21,17.836298239999444
2026-08-20,22,8.124841009999727
2026-08-20,23,12.848833190000306
2026-08-20,24,52.313591790178165
2026-08-20,25,30.564056730177825
2026-08-20,26,46.65642029017809
2026-08-20,27,53.15405618017798
2026-08-20,28,56.35017540017759
2026-08-20,29,54.20475354017784
2026-08-20,30,13.345079230178936
2026-08-20,31,-10.002930009822858
2026-08-20,32,-23.1258184498216
2026-08-20,33,19.156488440177313
2026-08-20,34,8.539704980177746
2026-08-20,35,5.4458074701786074
2026-08-20,36,33.80324058589284
2026-08-20,37,31.642161575893383
2026-08-20,38,34.29839613589283
2026-08-20,39,24.147302491607704
2026-08-20,40,14.937481381606794
2026-08-20,41,6.147417191606685
2026-08-20,42,6.149260681607288
2026-08-20,43,29.8835196916067
2026-08-20,44,64.39264663303605
2026-08-20,45,96.09865460303652
2026-08-20,46,81.50445427303525
2026-08-20,47,51.88935925303564
2026-08-20,48,69.57607864303523
2026-08-20,49,110.69612012303661
2026-08-20,50,33.99948668303628
2026-08-20,51,-2.493446196964392
2026-08-20,52,12.726272583035744
2026-08-20,53,-20.50540004696378
2026-08-20,54,-5.938181446963874
2026-08-20,55,-39.250907304107805
2026-08-20,56,-38.4402076741064
2026-08-20,57,-33.70908370410726
2026-08-20,58,-35.79132082410648
2026-08-20,59,-19.376797544107518
2026-08-20,60,-15.42806426410737
2026-08-20,61,-0.3973577741069647
2026-08-20,62,-18.896385624106948
2026-08-20,63,-0.6866060041069275
2026-08-20,64,-2.600950904106071
2026-08-20,65,-3.3500094041057906
2026-08-20,66,0.8570665958935066
2026-08-20,67,24.649888595894417
2026-08-20,68,35.391578705892364
2026-08-20,69,-25.00276721410664
2026-08-20,70,1.366828955892828
2026-08-20,71,-31.44007958410586
2026-08-20,72,-60.58301585410689
2026-08-20,73,-79.77071194410564
2026-08-20,74,-94.89696873410664
2026-08-20,75,-84.74963753410732
2026-08-20,76,-86.11242711410654
2026-08-20,77,-55.664077314107125
2026-08-20,78,-19.705448455535972
2026-08-20,79,-30.270588875535516
2026-08-20,80,-56.232036685534574
2026-08-20,81,-56.025950375534336
2026-08-20,82,-47.38440801553431
2026-08-20,83,-59.74574987553554
2026-08-20,84,-36.28523097553396
2026-08-20,85,-24.80245020553511
2026-08-20,86,4.642882764465044
2026-08-20,87,18.534450024465144
2026-08-20,88,19.1819076244649
2026-08-20,89,9.29294933446554
2026-08-20,90,29.144085074464805
2026-08-20,91,-1.4193175155350346
2026-08-20,92,18.962895290179482
2026-08-20,93,33.53735805160723
2026-08-20,94,35.765357591607696
2026-08-20,95,49.470926581607735
2026-08-20,96,63.91902234160773
2026-08-20,97,63.34737012160804
2026-08-20,98,66.96862969160848
2026-08-20,99,71.90636884160874
2026-08-20,100,54.45902444160879
2026-08-20,101,44.635627041608764
2026-08-20,102,47.77384892160876
2026-08-20,103,29.93149698160812
2026-08-20,104,37.56047720160893
2026-08-20,105,45.70653116160882
2026-08-20,106,49.39841338160838
2026-08-20,107,67.12861792160771
2026-08-20,108,68.06161624160875
2026-08-20,109,65.00011984160832
2026-08-20,110,61.78937115160899
2026-08-20,111,32.09279703160787
2026-08-20,112,8.206014101609059
2026-08-20,113,26.904826841608966
2026-08-20,114,7.572789701608913
2026-08-20,115,28.754643881608928
2026-08-20,116,46.73110528160831
2026-08-20,117,34.649876191608584
2026-08-20,118,50.41651036160907
2026-08-20,119,73.53215484160842
2026-08-20,120,58.90599564160881
2026-08-20,121,71.9595402516086
2026-08-20,122,75.90839734160795
2026-08-20,123,98.3310942416084
2026-08-20,124,109.98400408160825
2026-08-20,125,126.57363135160765
2026-08-20,126,142.0545245416095
2026-08-20,127,153.10729951160846
2026-08-20,128,118.23909829160866
2026-08-20,129,108.8208447216081
2026-08-20,130,134.47524484160903
2026-08-20,131,141.15227734160797
2026-08-20,132,149.00514997160835
2026-08-20,133,140.89858384160812
2026-08-20,134,163.16781987160914
2026-08-20,135,187.69965481160898
2026-08-20,136,191.91975413160876
2026-08-20,137,187.22391299160864
2026-08-20,138,204.01249343160822
2026-08-20,139,207.99414458160908
2026-08-20,140,224.37543142160908
2026-08-20,141,252.54345565160833
2026-08-20,142,245.68627182160878
2026-08-20,143,231.6190798416092
2026-08-20,144,238.83225322160905
2026-08-20,145,235.52134041160855
2026-08-20,146,225.5851133416091
2026-08-20,147,239.22883683160933
2026-08-20,148,230.71510905160912
2026-08-20,149,228.11558439160933
2026-08-20,150,217.09172359160925
2026-08-20,151,204.12606391160864
2026-08-20,152,228.92738968160882
2026-08-20,153,235.96202489160916
2026-08-20,154,239.76220570160993
2026-08-20,155,230.24480434160873
2026-08-20,156,229.73143788160874
2026-08-20,157,227.01452985160893
2026-08-20,158,221.97576050160896
2026-08-20,159,222.3175723116084
2026-08-20,160,213.37421284160797
2026-08-20,161,207.15158084160862
2026-08-20,162,192.1157104716092
2026-08-20,163,162.77069362160955
2026-08-20,164,139.2160207216086
2026-08-20,165,144.4955499616089
2026-08-20,166,159.84139451160843
2026-08-20,167,149.44921054160903
2026-08-20,168,152.8249453416082
2026-08-20,169,142.65625334160913
2026-08-20,170,148.68271894160776
2026-08-20,171,163.5384322816094
2026-08-20,172,178.03730293160865
2026-08-20,173,205.6266730516088
2026-08-20,174,210.17464303160787
2026-08-20,175,239.80345490160803
2026-08-20,176,253.47263004160834
2026-08-20,177,249.4214251316089
2026-08-20,178,240.60138331160786
2026-08-20,179,241.53005546160793
2026-08-20,180,258.1543931016079
2026-08-20,181,258.5634498016085
2026-08-20,182,275.56856539160844
2026-08-20,183,277.134832481609
2026-08-20,184,300.17343502160855
2026-08-20,185,288.5000799416092
2026-08-20,186,299.755487101608
2026-08-20,187,303.22742334160745
2026-08-20,188,327.6962912616086
2026-08-20,189,332.8679706316079
2026-08-20,190,332.47561961160784
2026-08-20,191,334.1819548816081
2026-08-20,192,350.2952482516091
2026-08-20,193,364.57977098160836
2026-08-20,194,372.6021364616081
2026-08-20,195,349.45704434160825
2026-08-20,196,374.8411608816079
2026-08-20,197,380.3693179916079
2026-08-20,198,394.0294917216076
2026-08-20,199,371.26761849160704
2026-08-20,200,370.66375126160807
2026-08-20,201,383.4012456716073
2026-08-20,202,408.9282383016072
2026-08-20,203,407.75205534160796
2026-08-20,204,415.69988354160773
2026-08-20,205,416.22988150160677
2026-08-20,206,432.894844551608
2026-08-20,207,444.9439099916074
2026-08-20,208,439.5934265116081
2026-08-20,209,454.47761203160786
2026-08-20,210,442.8730776916075
2026-08-20,211,457.1770287216072
2026-08-20,212,468.7059777416075
2026-08-20,213,470.66330984160794
2026-08-20,214,460.86358984160796
2026-08-20,215,443.9855568816083
2026-08-20,216,425.1978874616088
2026-08-20,217,413.0271474216074
2026-08-20,218,390.600142571608
2026-08-20,219,393.601556421609
2026-08-20,220,394.7105296416076
2026-08-20,221,389.08075368160826
2026-08-20,222,383.2191355001799
2026-08-20,223,382.0889825301788
2026-08-20,224,382.7378427101802
2026-08-20,225,388.8997738501803
2026-08-20,226,376.6261553501796
2026-08-20,227,377.26738300017917
2026-08-20,228,365.50900877017915
2026-08-20,229,372.19521143017937
2026-08-20,230,373.00088641017965
2026-08-20,231,376.63048436018096
2026-08-20,232,389.32546372017913
2026-08-20,233,391.11337597017945
2026-08-20,234,412.3971023801802
2026-08-20,235,420.33995120017926
2026-08-20,236,413.15708335017933
2026-08-20,237,422.77759552018017
2026-08-20,238,426.92898014017953
2026-08-20,239,430.6534492701799
2026-08-20,240,417.8497832901795
2026-08-20,241,428.89652038017954
2026-08-20,242,417.42842535017877
2026-08-20,243,427.7186713501788
2026-08-20,244,426.38097147017936
2026-08-20,245,435.2729598501801
2026-08-20,246,441.36197985018015
2026-08-20,247,445.1111483901802
2026-08-20,248,432.21273799303657
2026-08-20,249,429.0688755930362
2026-08-20,250,422.87881194303696
2026-08-20,251,412.85835541303703
2026-08-20,252,410.1255359930363
2026-08-20,253,412.60773821303644
2026-08-20,254,412.386848163036
2026-08-20,255,397.8433492030374
2026-08-20,256,394.1616515930366
2026-08-20,257,392.54688049303684
2026-08-20,258,384.3114446830365
2026-08-20,259,394.46831683303617
2026-08-20,260,393.44680699303746
2026-08-20,261,395.31427359303666
2026-08-20,262,405.39917796303627
2026-08-20,263,412.1767589430364
2026-08-20,264,423.5458652030368
2026-08-20,265,413.6622934930366
2026-08-20,266,413.0603043030365
2026-08-20,267,407.4517364230358
2026-08-20,268,419.91129055303634
2026-08-20,269,407.9977706230357
2026-08-20,270,404.13894899303585
2026-08-20,271,398.53618033303604
2026-08-20,272,388.09619449303716
2026-08-20,273,398.8502879930366
2026-08-20,274,392.78121799303636
2026-08-20,275,383.32798380303547
2026-08-20,276,399.8890499130369
2026-08-20,277,403.8394538530364
2026-08-20,278,395.24748373303646
2026-08-20,279,385.1501458930364
2026-08-20,280,389.0367714230361
2026-08-20,281,401.1992911530366
2026-08-20,282,403.29836903303635
2026-08-20,283,405.17415357303713
2026-08-20,284,398.4307939630364
2026-08-20,285,397.59146599303665
2026-08-20,286,388.87909537303676
2026-08-20,287,382.5056049930367
2026-08-20,288,365.28604501303624
2026-08-20,289,382.1591845530366
2026-08-20,290,375.3130119930365
2026-08-20,291,381.69053469303697
2026-08-20,292,397.4947772930374
2026-08-20,293,398.5132859930364
2026-08-20,294,408.84305641303644
2026-08-20,295,402.76545305875123
2026-08-20,296,406.6549804287511
2026-08-20,297,391.6702833087505
2026-08-20,298,387.8165029401781
2026-08-20,299,394.24079723017866
2026-08-20,300,390.3326609301794
2026-08-20,301,402.69892731017944
2026-08-20,302,402.4021005501781
2026-08-20,303,407.19149836017925
2026-08-20,304,406.8528732901787
2026-08-20,305,399.21876693017873
2026-08-20,306,400.1841306601791
2026-08-20,307,402.64774435017927
2026-08-20,308,395.16759085017986
2026-08-20,309,400.9932433501792
2026-08-20,310,403.8281828501787
2026-08-20,311,413.6023049101799
2026-08-20,312,409.1417063501789
2026-08-20,313,403.6561118501794
2026-08-20,314,414.7467129801789
2026-08-20,315,418.817965400179
2026-08-20,316,423.06767935017865
2026-08-20,317,415.23323262017925
2026-08-20,318,416.4576523701793
2026-08-20,319,414.28249282018
2026-08-20,320,416.5455710801788
2026-08-20,321,426.7350181001798
2026-08-20,322,421.26757235017965
2026-08-20,323,412.50433783017917
2026-08-20,324,404.6277549601794
2026-08-20,325,406.3016483501791
2026-08-20,326,406.2377432201796
2026-08-20,327,409.33625271017854
2026-08-20,328,401.81118400017897
2026-08-20,329,396.50698085017916
2026-08-20,330,393.08380465017956
2026-08-20,331,397.8882124501796
2026-08-20,332,395.49641071017913
2026-08-20,333,397.58090958018033
2026-08-20,334,400.14692512017854
2026-08-20,335,405.4655340401787
2026-08-20,336,405.81963241017843
2026-08-20,337,415.7079635201795
2026-08-20,338,411.22341085017916
2026-08-20,339,418.16550281018004
2026-08-20,340,413.94973235017886
2026-08-20,341,416.99507076017943
2026-08-20,342,418.9962849101785
2026-08-20,343,413.439659350179
2026-08-20,344,417.8794053501792
2026-08-20,345,415.6291723501786
2026-08-20,346,407.76101451017894
2026-08-20,347,410.46561099017845
2026-08-20,348,411.3291443701793
2026-08-20,349,416.91889935017883
2026-08-20,350,429.4728007501792
2026-08-20,351,423.0639029001791
2026-08-20,352,416.6188484001795
2026-08-20,353,406.3964754901798
2026-08-20,354,418.8714458301789
2026-08-20,355,412.9679512001784
2026-08-20,356,395.6751673201793
2026-08-20,357,393.3434315601796
2026-08-20,358,397.69519635017946
2026-08-20,359,396.0194118501789
2026-08-20,360,412.4912861501804
2026-08-20,361,402.2264066901792
2026-08-20,362,397.6895421701795
2026-08-20,363,407.85464465017947
2026-08-20,364,413.6597741501795
2026-08-20,365,428.42365965018
2026-08-20,366,433.22083549017975
2026-08-20,367,443.9163791301788
2026-08-20,368,447.02237701017907
2026-08-20,369,452.3493935501789
2026-08-20,370,465.73716715018014
2026-08-20,371,457.10237465017974
2026-08-20,372,464.6387141701798
2026-08-20,373,469.35870115017906
2026-08-20,374,483.8032256501789
2026-08-20,375,481.96873415017967
2026-08-20,376,489.33721651017925
2026-08-20,377,492.8910771501792
2026-08-20,378,493.1253383501789
2026-08-20,379,492.8479500401794
2026-08-20,380,514.5655267601783
2026-08-20,381,509.1726494501796
2026-08-20,382,500.6038046501792
2026-08-20,383,498.7638026401789
2026-08-20,384,505.45572965017857
2026-08-20,385,508.3505991501794
2026-08-20,386,508.3505991501794
2026-08-20,387,508.3505991501794
2026-08-20,388,508.3505991501794
2026-08-20,389,508.3505991501794
2026-08-20,390,508.3505991501794
2026-08-21,0,0.0
2026-08-21,1,0.0
2026-08-21,2,0.0
2026-08-21,3,0.0
2026-08-21,4,0.0
2026-08-21,5,0.0
2026-08-21,6,0.0
2026-08-21,7,0.0
2026-08-21,8,0.0
2026-08-21,9,0.0
2026-08-21,10,0.0
2026-08-21,11,0.0
2026-08-21,12,0.0
2026-08-21,13,0.0
2026-08-21,14,0.0
2026-08-21,15,0.0
2026-08-21,16,0.0
2026-08-21,17,0.0
2026-08-21,18,0.0
2026-08-21,19,0.0
2026-08-21,20,-19.870887329996705
2026-08-21,21,139.81912816000244
2026-08-21,22,235.71084714000077
2026-08-21,23,238.68408982857335
2026-08-21,24,195.3514221985744
2026-08-21,25,173.84807146857398
2026-08-21,26,118.61921179571829
2026-08-21,27,149.07787495571785
2026-08-21,28,163.37883227571683
2026-08-21,29,166.81787958714474
2026-08-21,30,210.0364492071448
2026-08-21,31,251.76301825714555
2026-08-21,32,314.24463319714533
2026-08-21,33,313.17154304571795
2026-08-21,34,368.54754311857283
2026-08-21,35,315.7514417685738
2026-08-21,36,322.6609726885736
2026-08-21,37,335.5567707985737
2026-08-21,38,281.6921382385742
2026-08-21,39,277.0850244185739
2026-08-21,40,284.7967405685732
2026-08-21,41,304.7096544585723
2026-08-21,42,262.90053492143085
2026-08-21,43,305.7947995014298
2026-08-21,44,343.72670832143046
2026-08-21,45,315.8138053657158
2026-08-21,46,307.0889866128586
2026-08-21,47,307.28584051285793
2026-08-21,48,318.6068947228592
2026-08-21,49,328.53133019285656
2026-08-21,50,319.8030417985724
2026-08-21,51,311.9975121557158
2026-08-21,52,310.94987370571647
2026-08-21,53,286.8919077757159
2026-08-21,54,297.97180188571434
2026-08-21,55,278.58695295303716
2026-08-21,56,297.8067630721433
2026-08-21,57,288.98466425214446
2026-08-21,58,276.9599876135729
2026-08-21,59,273.00547711357257
2026-08-21,60,291.4296786135732
2026-08-21,61,281.38037361357283
2026-08-21,62,300.8211792335732
2026-08-21,63,317.6164931135725
2026-08-21,64,339.7979411135735
2026-08-21,65,338.173010703573
2026-08-21,66,347.07879541357255
2026-08-21,67,351.5565570135722
2026-08-21,68,330.3694205135725
2026-08-21,69,337.5036668735727
2026-08-21,70,301.96299445357243
2026-08-21,71,283.604177920715
2026-08-21,72,287.171322860715
2026-08-21,73,286.1688008607146
2026-08-21,74,303.15662737071466
2026-08-21,75,305.31206523071535
2026-08-21,76,325.04065217071513
2026-08-21,77,324.5630804707151
2026-08-21,78,327.3698644707159
2026-08-21,79,320.01016050071564
2026-08-21,80,303.3726067707155
2026-08-21,81,324.22001747071596
2026-08-21,82,338.14895537071607
2026-08-21,83,319.89391496071596
2026-08-21,84,325.8001854707155
2026-08-21,85,336.2614324307153
2026-08-21,86,326.76259596160946
2026-08-21,87,334.97342905160906
2026-08-21,88,314.07211297160916
2026-08-21,89,304.0550870216088
2026-08-21,90,316.5212278216087
2026-08-21,91,305.96265061000196
2026-08-21,92,310.5815484510723
2026-08-21,93,322.3946940210721
2026-08-21,94,305.27477792107277
2026-08-21,95,294.62563427107426
2026-08-21,96,297.50473644107245
2026-08-21,97,321.82830594107276
2026-08-21,98,334.13865917107285
2026-08-21,99,390.4895720310733
2026-08-21,100,388.49770476107386
2026-08-21,101,453.74131560107304
2026-08-21,102,435.6443771410739
2026-08-21,103,457.423039451073
2026-08-21,104,445.7156698510735
2026-08-21,105,422.1088527510733
2026-08-21,106,405.2749726210733
2026-08-21,107,392.5136248010737
2026-08-21,108,352.08749002107277
2026-08-21,109,330.3040864310737
2026-08-21,110,279.467504601073
2026-08-21,111,274.2193793810724
2026-08-21,112,365.6039209410727
2026-08-21,113,343.7998256610737
2026-08-21,114,277.9349506410727
2026-08-21,115,305.37444734107356
2026-08-21,116,324.9672807546447
2026-08-21,117,291.94281670464466
2026-08-21,118,235.58134750464455
2026-08-21,119,209.3660041046458
2026-08-21,120,222.43995625464552
2026-08-21,121,227.7455765746448
2026-08-21,122,258.6003670046454
2026-08-21,123,285.79692964464476
2026-08-21,124,280.27679595464457
2026-08-21,125,260.29146057464493
2026-08-21,126,268.18365120464495
2026-08-21,127,260.57212650464555
2026-08-21,128,295.4731830046451
2026-08-21,129,342.1014505846447
2026-08-21,130,372.53748170464553
2026-08-21,131,405.9851394646462
2026-08-21,132,377.37549970464505
2026-08-21,133,366.4407917046458
2026-08-21,134,325.5634262046451
2026-08-21,135,329.2379237046453
2026-08-21,136,352.05702148464536
2026-08-21,137,358.9122392846452
2026-08-21,138,345.8833276908958
2026-08-21,139,354.73921879089505
2026-08-21,140,413.8916260808953
2026-08-21,141,411.104883100895
2026-08-21,142,455.35488214089486
2026-08-21,143,428.7047743708953
2026-08-21,144,419.45888499089443
2026-08-21,145,415.8876992808952
2026-08-21,146,411.59427261089473
2026-08-21,147,409.8421703608948
2026-08-21,148,396.8466822480379
2026-08-21,149,381.26508346803814
2026-08-21,150,375.70813926803794
2026-08-21,151,383.5796718680383
2026-08-21,152,358.72563069803726
2026-08-21,153,377.6832017780391
2026-08-21,154,357.7622732080381
2026-08-21,155,367.9251441680383
2026-08-21,156,336.3768109680388
2026-08-21,157,298.4544374680383
2026-08-21,158,293.3758496080382
2026-08-21,159,252.04784596803802
2026-08-21,160,317.787514788038
2026-08-21,161,322.6326468380377
2026-08-21,162,362.667739738038
2026-08-21,163,337.077850798038
2026-08-21,164,296.36756346803804
2026-08-21,165,322.52246626803856
2026-08-21,166,334.1928286780388
2026-08-21,167,366.4771177780384
2026-08-21,168,353.71891963803773
2026-08-21,169,395.02423014803855
2026-08-21,170,407.76914328803684
2026-08-21,171,453.2028204480387
2026-08-21,172,476.58858009660895
2026-08-21,173,485.53187282660923
2026-08-21,174,453.33861954661035
2026-08-21,175,433.0796983066106
2026-08-21,176,427.8219438366104
2026-08-21,177,425.54784224660887
2026-08-21,178,432.480752596609
2026-08-21,179,403.58520455660897
2026-08-21,180,387.25921937661076
2026-08-21,181,361.7048805966101
2026-08-21,182,335.8560962366098
2026-08-21,183,333.94098709660955
2026-08-21,184,343.4130043466094
2026-08-21,185,367.2042600166094
2026-08-21,186,354.306909556609
2026-08-21,187,344.9298540066093
2026-08-21,188,353.2598204566098
2026-08-21,189,332.6326084766094
2026-08-21,190,340.2791197216093
2026-08-21,191,359.9514985116105
2026-08-21,192,352.75411636160993
2026-08-21,193,371.1099781916097
2026-08-21,194,363.5065150216103
2026-08-21,195,358.71409920161
2026-08-21,196,368.7822575216104
2026-08-21,197,376.8953391816095
2026-08-21,198,355.2156869316102
2026-08-21,199,352.19663225160923
2026-08-21,200,354.04442052160914
2026-08-21,201,346.11286563161
2026-08-21,202,355.9309157816102
2026-08-21,203,345.1400397216097
2026-08-21,204,326.96983792161
2026-08-21,205,321.16056686160925
2026-08-21,206,309.62543968161
2026-08-21,207,320.9340589016099
2026-08-21,208,324.9852317416098
2026-08-21,209,318.22738268160987
2026-08-21,210,339.7550533316109
2026-08-21,211,343.36947728160993
2026-08-21,212,361.37625458160926
2026-08-21,213,361.4838627716094
2026-08-21,214,360.47644453161
2026-08-21,215,380.738514621609
2026-08-21,216,400.6683649816103
2026-08-21,217,405.8830912216101
2026-08-21,218,411.2849097616101
2026-08-21,219,384.0335411716097
2026-08-21,220,379.45950934160976
2026-08-21,221,425.9975071916091
2026-08-21,222,409.2998282616096
2026-08-21,223,412.06205686161036
2026-08-21,224,411.52333390161016
2026-08-21,225,393.08240224161034
2026-08-21,226,366.19212938160933
2026-08-21,227,374.56315020161003
2026-08-21,228,386.37017257160994
2026-08-21,229,359.0278470216094
2026-08-21,230,337.8779105116107
2026-08-21,231,324.71377979160934
2026-08-21,232,334.51863551161
2026-08-21,233,361.88073211161003
2026-08-21,234,366.47734834161093
2026-08-21,235,355.8493542116107
2026-08-21,236,366.4314999016091
2026-08-21,237,399.8745113916102
2026-08-21,238,408.42779616160976
2026-08-21,239,411.93803590160906
2026-08-21,240,428.19201558160944
2026-08-21,241,437.51781252160987
2026-08-21,242,436.984897461611
2026-08-21,243,441.2580299416097
2026-08-21,244,425.34868776161005
2026-08-21,245,422.21699598160944
2026-08-21,246,445.6060732616103
2026-08-21,247,465.6454185716104
2026-08-21,248,469.2777052616091
2026-08-21,249,463.6328317616102
2026-08-21,250,465.60568051160976
2026-08-21,251,451.01526915161
2026-08-21,252,425.9992604916096
2026-08-21,253,440.85457476160957
2026-08-21,254,453.55698294160993
2026-08-21,255,449.6475735016105
2026-08-21,256,463.89588018161015
2026-08-21,257,488.8230795816097
2026-08-21,258,503.55201451160946
2026-08-21,259,505.28993473161006
2026-08-21,260,493.9985922516104
2026-08-21,261,469.04326452161115
2026-08-21,262,455.64632094160993
2026-08-21,263,467.3895000116098
2026-08-21,264,466.5888387616102
2026-08-21,265,454.51647200160966
2026-08-21,266,463.49495529161095
2026-08-21,267,468.32575126160947
2026-08-21,268,454.3064982416105
2026-08-21,269,451.8656410916104
2026-08-21,270,479.6830945616091
2026-08-21,271,495.3830562716107
2026-08-21,272,532.1345627616092
2026-08-21,273,520.3636530816095
2026-08-21,274,536.8994060216098
2026-08-21,275,519.1994436816103
2026-08-21,276,526.6410794316105
2026-08-21,277,488.7260992416111
2026-08-21,278,485.76344006160946
2026-08-21,279,467.2951785716098
2026-08-21,280,482.5411535916113
2026-08-21,281,495.4161512816098
2026-08-21,282,503.6678233416104
2026-08-21,283,499.56948456161035
2026-08-21,284,485.530595851611
2026-08-21,285,482.4889982416114
2026-08-21,286,488.6964622616101
2026-08-21,287,486.33751072160953
2026-08-21,288,493.70061476161015
2026-08-21,289,520.2344161916109
2026-08-21,290,528.352754543039
2026-08-21,291,539.9034847330391
2026-08-21,292,545.2442688130385
2026-08-21,293,544.5936815330386
2026-08-21,294,577.4212096430381
2026-08-21,295,572.5385932230379
2026-08-21,296,559.8126381730386
2026-08-21,297,553.3622699430383
2026-08-21,298,565.6132639930391
2026-08-21,299,569.5606392630391
2026-08-21,300,555.0071397930377
2026-08-21,301,536.4593525730393
2026-08-21,302,492.6430457930387
2026-08-21,303,505.4994888930391
2026-08-21,304,485.1667743530395
2026-08-21,305,475.1490632330398
2026-08-21,306,444.1175500730393
2026-08-21,307,431.7291485930393
2026-08-21,308,431.80761883303836
2026-08-21,309,435.0632394530385
2026-08-21,310,440.30645108303844
2026-08-21,311,422.94894667303913
2026-08-21,312,417.15708848303893
2026-08-21,313,426.93567381303944
2026-08-21,314,431.2026075430384
2026-08-21,315,432.0486864730394
2026-08-21,316,417.57957398303904
2026-08-21,317,403.53493675303935
2026-08-21,318,403.2567758330388
2026-08-21,319,400.00786665303974
2026-08-21,320,417.1911292230381
2026-08-21,321,423.7309637030378
2026-08-21,322,443.51208861303803
2026-08-21,323,422.5210764530388
2026-08-21,324,435.78149935303946
2026-08-21,325,424.6768448330381
2026-08-21,326,419.1959410230385
2026-08-21,327,421.40638681303847
2026-08-21,328,423.8973607630378
2026-08-21,329,403.86785783303924
2026-08-21,330,397.5435673330372
2026-08-21,331,398.33321237303926
2026-08-21,332,394.0782971730397
2026-08-21,333,376.7111719030382
2026-08-21,334,351.5499062130383
2026-08-21,335,368.18523581303805
2026-08-21,336,365.0729209730389
2026-08-21,337,382.78344802303866
2026-08-21,338,376.13787533303883
2026-08-21,339,353.0096343330394
2026-08-21,340,346.5400583330386
2026-08-21,341,356.96498481303905
2026-08-21,342,352.2300603330394
2026-08-21,343,347.85064733303864
2026-08-21,344,331.181213273039
2026-08-21,345,320.25441333303945
2026-08-21,346,337.99813480303806
2026-08-21,347,351.50884380303904
2026-08-21,348,354.3369889630384
2026-08-21,349,349.21950161303926
2026-08-21,350,342.82649954303906
2026-08-21,351,369.0778203330393
2026-08-21,352,393.0365778630387
2026-08-21,353,396.4863522130381
2026-08-21,354,398.30286810303846
2026-08-21,355,409.0463314330394
2026-08-21,356,405.1019468330395
2026-08-21,357,424.6204297030397
2026-08-21,358,423.54464531303944
2026-08-21,359,410.1243698330397
2026-08-21,360,407.2382832130392
2026-08-21,361,408.1319052330393
2026-08-21,362,396.9457668330391
2026-08-21,363,415.3284472730394
2026-08-21,364,387.0758262630384
2026-08-21,365,396.6986943130386
2026-08-21,366,378.44612387303846
2026-08-21,367,361.84542508303934
2026-08-21,368,379.9630141530385
2026-08-21,369,353.60378565303847
2026-08-21,370,351.3881919630389
2026-08-21,371,356.5897399230388
2026-08-21,372,361.4516713330388
2026-08-21,373,363.20256133303917
2026-08-21,374,368.5084944430391
2026-08-21,375,394.33955515303853
2026-08-21,376,387.93323035303916
2026-08-21,377,389.3298955530394
2026-08-21,378,387.65458383303917
2026-08-21,379,391.4477363130392
2026-08-21,380,373.29619183303987
2026-08-21,381,395.5131068330402
2026-08-21,382,412.0654633330396
2026-08-21,383,422.0613992130402
2026-08-21,384,469.1430954830407
2026-08-21,385,468.7963468330404
2026-08-21,386,468.7963468330404
2026-08-21,387,468.7963468330404
2026-08-21,388,468.7963468330404
2026-08-21,389,468.7963468330404
2026-08-21,390,468.7963468330404
2026-08-24,0,0.0
2026-08-24,1,0.0
2026-08-24,2,0.0
2026-08-24,3,0.0
2026-08-24,4,0.0
2026-08-24,5,0.0
2026-08-24,6,0.0
2026-08-24,7,0.0
2026-08-24,8,0.0
2026-08-24,9,0.0
2026-08-24,10,0.0
2026-08-24,11,0.0
2026-08-24,12,0.0
2026-08-24,13,0.0
2026-08-24,14,0.0
2026-08-24,15,0.0
2026-08-24,16,0.0
2026-08-24,17,0.0
2026-08-24,18,0.0
2026-08-24,19,0.0
2026-08-24,20,-0.3266349999996052
2026-08-24,21,-0.5257623199994796
2026-08-24,22,11.758666000000218
2026-08-24,23,13.528843000000329
2026-08-24,24,-23.23109083999981
2026-08-24,25,-29.682936000000055
2026-08-24,26,-23.562274000000414
2026-08-24,27,-27.516369400000464
2026-08-24,28,-38.043171999999885
2026-08-24,29,-27.6722350000004
2026-08-24,30,-70.38873526000032
2026-08-24,31,-76.39524074571432
2026-08-24,32,-92.7653639857147
2026-08-24,33,-88.93645698571429
2026-08-24,34,-101.36836798571535
2026-08-24,35,-84.12909198571427
2026-08-24,36,-85.26422848571468
2026-08-24,37,-83.08083118571447
2026-08-24,38,-89.43957296571452
2026-08-24,39,-83.79919876571489
2026-08-24,40,-96.19294598571537
2026-08-24,41,-81.89253598571477
2026-08-24,42,-89.22159086071454
2026-08-24,43,-95.01653336071445
2026-08-24,44,-90.79479818071434
2026-08-24,45,-102.61902897071481
2026-08-24,46,-117.30307931071484
2026-08-24,47,-120.34565365071445
2026-08-24,48,-115.67488067071426
2026-08-24,49,-114.58235275964289
2026-08-24,50,-126.19998891964295
2026-08-24,51,-127.59506820964305
2026-08-24,52,-130.60720906964198
2026-08-24,53,-108.44443110964284
2026-08-24,54,-98.07275820964225
2026-08-24,55,-106.46669948964244
2026-08-24,56,-110.13498420964251
2026-08-24,57,-115.74499120964283
2026-08-24,58,-118.12726920964286
2026-08-24,59,-116.16201870964277
2026-08-24,60,-98.95739220964256
2026-08-24,61,-104.8415007096424
2026-08-24,62,-104.12683520964293
2026-08-24,63,-110.7925557096422
2026-08-24,64,-112.39282724964266
2026-08-24,65,-110.70325470964282
2026-08-24,66,-99.89304370964281
2026-08-24,67,-89.1715554696422
2026-08-24,68,-92.07093920964263
2026-08-24,69,-91.08507470964285
2026-08-24,70,-96.49497870964306
2026-08-24,71,-88.92470670964293
2026-08-24,72,-86.21026140964295
2026-08-24,73,-80.47615420964262
2026-08-24,74,-84.78668720964247
2026-08-24,75,-85.9009645296421
2026-08-24,76,-89.25152170964208
2026-08-24,77,-80.70633320964298
2026-08-24,78,-83.25569720964282
2026-08-24,79,-81.72018970964294
2026-08-24,80,-93.57308620964287
2026-08-24,81,-85.12178718964226
2026-08-24,82,-87.05126620964293
2026-08-24,83,-88.32507538964265
2026-08-24,84,-98.79207620964267
2026-08-24,85,-87.30275718964268
2026-08-24,86,-94.47833070964278
2026-08-24,87,-93.14390318964291
2026-08-24,88,-95.28498120964267
2026-08-24,89,-91.26458320964292
2026-08-24,90,-83.33434820964293
2026-08-24,91,-86.97646860964352
2026-08-24,92,-69.67343620964279
2026-08-24,93,-69.07271420964241
2026-08-24,94,-49.51870672964281
2026-08-24,95,-44.16502140964297
2026-08-24,96,-43.24854570964247
2026-08-24,97,-39.11343220964234
2026-08-24,98,-37.767805609643126
2026-08-24,99,-41.41309220964355
2026-08-24,100,-41.41859160964275
2026-08-24,101,-39.68303920964253
2026-08-24,102,-42.33525440964232
2026-08-24,103,-43.35356020964228
2026-08-24,104,-44.7209132696427
2026-08-24,105,-38.717864859642326
2026-08-24,106,-30.0784893525
2026-08-24,107,-23.209064372500208
2026-08-24,108,-24.018807352499294
2026-08-24,109,-27.479461352499186
2026-08-24,110,-16.480451352500445
2026-08-24,111,-17.235072832499398
2026-08-24,112,-9.711432272500076
2026-08-24,113,-8.890150352499994
2026-08-24,114,-10.78297319249981
2026-08-24,115,-15.74046940250075
2026-08-24,116,-8.399897352499877
2026-08-24,117,-8.859893352500123
2026-08-24,118,-11.280185352499885
2026-08-24,119,1.71837464750066
2026-08-24,120,4.528705647499926
2026-08-24,121,19.240788647500075
2026-08-24,122,16.500110647500136
2026-08-24,123,10.939616647500252
2026-08-24,124,2.820646667500206
2026-08-24,125,-7.814204852500453
2026-08-24,126,0.9537380475005364
2026-08-24,127,1.2268653475001088
2026-08-24,128,-10.888900352500613
2026-08-24,129,-12.088362352500369
2026-08-24,130,-5.448754352499279
2026-08-24,131,-6.318324352499076
2026-08-24,132,-13.3727608524988
2026-08-24,133,-15.69793471249885
2026-08-24,134,-16.84169785249923
2026-08-24,135,-14.490171692499018
2026-08-24,136,-5.777392612499206
2026-08-24,137,-4.064104352499143
2026-08-24,138,-13.2320563624992
2026-08-24,139,-13.104944672499748
2026-08-24,140,-13.046445246785055
2026-08-24,141,-11.455151666785397
2026-08-24,142,-8.026416516785432
2026-08-24,143,3.0378869632148664
2026-08-24,144,-11.325991516785678
2026-08-24,145,-11.766540466785102
2026-08-24,146,-36.24042782678501
2026-08-24,147,-65.35197137678603
2026-08-24,148,-68.20067551678534
2026-08-24,149,-40.8377291167856
2026-08-24,150,-20.48648251678521
2026-08-24,151,-15.356576676784975
2026-08-24,152,14.33903248321382
2026-08-24,153,34.787135483214996
2026-08-24,154,37.63302588321514
2026-08-24,155,52.34817025321445
2026-08-24,156,44.431736983214776
2026-08-24,157,48.01973817321463
2026-08-24,158,31.93305698321506
2026-08-24,159,16.389413483214874
2026-08-24,160,9.84054033321432
2026-08-24,161,24.69185923321497
2026-08-24,162,23.94689827321472
2026-08-24,163,17.770129543215226
2026-08-24,164,23.42881748321402
2026-08-24,165,43.450829143214406
2026-08-24,166,51.941469983214446
2026-08-24,167,49.65072298321434
2026-08-24,168,57.7602479832148
2026-08-24,169,65.2303449332145
2026-08-24,170,52.97936053321456
2026-08-24,171,51.70017448321366
2026-08-24,172,44.1284870832129
2026-08-24,173,46.58230348321392
2026-08-24,174,33.21853692321433
2026-08-24,175,42.267631983213946
2026-08-24,176,48.563088383213966
2026-08-24,177,56.215999983213976
2026-08-24,178,60.79171838321409
2026-08-24,179,64.39536598321504
2026-08-24,180,69.90760868321384
2026-08-24,181,86.14787448321401
2026-08-24,182,80.90832548321411
2026-08-24,183,66.03656283321355
2026-08-24,184,69.36708574321392
2026-08-24,185,63.60406211321401
2026-08-24,186,69.51969048321415
2026-08-24,187,63.63542498321348
2026-08-24,188,69.09011748321413
2026-08-24,189,64.62120762607161
2026-08-24,190,56.65058272607111
2026-08-24,191,59.09169862607034
2026-08-24,192,65.0165054974997
2026-08-24,193,56.75259794749978
2026-08-24,194,53.64946624750034
2026-08-24,195,61.06857624750086
2026-08-24,196,80.62095330750017
2026-08-24,197,75.23736914749955
2026-08-24,198,78.31894294749982
2026-08-24,199,66.64032994749995
2026-08-24,200,73.81889007750023
2026-08-24,201,68.9416348475001
2026-08-24,202,62.37254978750059
2026-08-24,203,66.55591944750022
2026-08-24,204,60.27272284749942
2026-08-24,205,63.69571544750009
2026-08-24,206,58.15639344749974
2026-08-24,207,66.10177487749948
2026-08-24,208,62.29151394749945
2026-08-24,209,57.581238947500026
2026-08-24,210,48.4786760475001
2026-08-24,211,49.72648822750027
2026-08-24,212,49.928987907500414
2026-08-24,213,52.91339744749976
2026-08-24,214,47.58173454749996
2026-08-24,215,42.06371144749974
2026-08-24,216,41.43615714749994
2026-08-24,217,41.23746084749973
2026-08-24,218,52.143348247500086
2026-08-24,219,59.412412447499676
2026-08-24,220,52.92596816178583
2026-08-24,221,55.52853591178584
2026-08-24,222,69.30978776178598
2026-08-24,223,76.8499921417857
2026-08-24,224,76.97703106178615
2026-08-24,225,75.02164066178544
2026-08-24,226,81.97627316178533
2026-08-24,227,85.10094566178587
2026-08-24,228,87.21513621178595
2026-08-24,229,87.30054066178577
2026-08-24,230,75.27214566178557
2026-08-24,231,71.01731716178568
2026-08-24,232,63.76268876178516
2026-08-24,233,59.81687200178567
2026-08-24,234,56.555023711786035
2026-08-24,235,66.21953116178562
2026-08-24,236,67.53308250178611
2026-08-24,237,78.5693873317857
2026-08-24,238,77.87265558178537
2026-08-24,239,77.69861416178549
2026-08-24,240,89.79534694178574
2026-08-24,241,92.47598926178614
2026-08-24,242,84.7008749117857
2026-08-24,243,91.22773416178582
2026-08-24,244,90.1420766617858
2026-08-24,245,92.14727616178537
2026-08-24,246,106.49158774178572
2026-08-24,247,101.35839496178609
2026-08-24,248,98.44664816178637
2026-08-24,249,95.37707216178565
2026-08-24,250,92.5090360117857
2026-08-24,251,94.74734916178535
2026-08-24,252,87.0830846617859
2026-08-24,253,82.13647136178558
2026-08-24,254,85.12276169178622
2026-08-24,255,86.483460661786
2026-08-24,256,87.26700144392925
2026-08-24,257,83.95219294392835
2026-08-24,258,75.12283394392851
2026-08-24,259,83.27253294392833
2026-08-24,260,74.67267194392876
2026-08-24,261,83.85725144392897
2026-08-24,262,78.11762744392864
2026-08-24,263,81.28749344392837
2026-08-24,264,81.64752444392884
2026-08-24,265,79.8372504439288
2026-08-24,266,83.89248264392842
2026-08-24,267,85.74337369392866
2026-08-24,268,78.7716089439283
2026-08-24,269,87.42703344392841
2026-08-24,270,78.18739744392855
2026-08-24,271,67.58863544392794
2026-08-24,272,66.87596676392873
2026-08-24,273,57.71565706392816
2026-08-24,274,56.577991303928215
2026-08-24,275,49.530565443928396
2026-08-24,276,46.22211234392908
2026-08-24,277,43.353114583928516
2026-08-24,278,34.59746794392878
2026-08-24,279,33.763616613929074
2026-08-24,280,35.14263084392856
2026-08-24,281,35.47192403392877
2026-08-24,282,42.43193094392913
2026-08-24,283,39.41764144392816
2026-08-24,284,38.33245294392829
2026-08-24,285,37.50477754392884
2026-08-24,286,41.86525544392835
2026-08-24,287,53.35462054392906
2026-08-24,288,57.50715057392861
2026-08-24,289,50.430725943928465
2026-08-24,290,30.741021033929158
2026-08-24,291,16.47360564392818
2026-08-24,292,8.13780119392871
2026-08-24,293,-0.15663276607129717
2026-08-24,294,-4.159647056071435
2026-08-24,295,-3.285923666071394
2026-08-24,296,27.107742503928456
2026-08-24,297,31.471143043929825
2026-08-24,298,28.92584080392847
2026-08-24,299,33.948980573930044
2026-08-24,300,19.457249343929384
2026-08-24,301,30.19437051392863
2026-08-24,302,6.359733483928803
2026-08-24,303,2.3456284439283586
2026-08-24,304,3.15970078392926
2026-08-24,305,-8.11365143607129
2026-08-24,306,19.412744033928707
2026-08-24,307,41.05704917392884
2026-08-24,308,48.58071969392877
2026-08-24,309,43.93807344392927
2026-08-24,310,32.73102793392874
2026-08-24,311,15.5977961439295
2026-08-24,312,24.537514243929685
2026-08-24,313,27.61904384392884
2026-08-24,314,36.030685943929306
2026-08-24,315,42.46681548392834
2026-08-24,316,58.9453350839287
2026-08-24,317,52.803683423929016
2026-08-24,318,51.47762844392882
2026-08-24,319,62.46674935392865
2026-08-24,320,37.50470164392893
2026-08-24,321,62.64303394392889
2026-08-24,322,74.3451700639298
2026-08-24,323,74.75744927392921
2026-08-24,324,71.55120161392814
2026-08-24,325,81.36677212392871
2026-08-24,326,101.52598194392863
2026-08-24,327,104.48948825392836
2026-08-24,328,102.76469575392818
2026-08-24,329,111.60192444392926
2026-08-24,330,94.25877229392864
2026-08-24,331,95.8301764439287
2026-08-24,332,80.62227476392832
2026-08-24,333,111.26067838392838
2026-08-24,334,91.79050744392941
2026-08-24,335,90.3029967239293
2026-08-24,336,109.28399172392898
2026-08-24,337,128.37055323392957
2026-08-24,338,136.99817994392797
2026-08-24,339,137.41270254392919
2026-08-24,340,135.02802489392852
2026-08-24,341,138.76089978392878
2026-08-24,342,146.78286795392899
2026-08-24,343,137.75045678392877
2026-08-24,344,133.78508119392825
2026-08-24,345,150.25186581392865
2026-08-24,346,163.2060731039289
2026-08-24,347,157.92567419392824
2026-08-24,348,156.62468092392925
2026-08-24,349,148.13489319392926
2026-08-24,350,139.840704593929
2026-08-24,351,139.73221202392892
2026-08-24,352,148.41914026535747
2026-08-24,353,155.82482341535712
2026-08-24,354,167.0842717553572
2026-08-24,355,155.78391676535762
2026-08-24,356,161.9146047653582
2026-08-24,357,148.44849324535798
2026-08-24,358,149.96324476535807
2026-08-24,359,156.17856626535803
2026-08-24,360,114.59438076535788
2026-08-24,361,136.9597212653576
2026-08-24,362,153.56760300107135
2026-08-24,363,167.0550876710718
2026-08-24,364,198.18143166107225
2026-08-24,365,227.63937371107224
2026-08-24,366,231.49830952107254
2026-08-24,367,223.59787355107198
2026-08-24,368,210.38498836107175
2026-08-24,369,234.4783615510721
2026-08-24,370,221.99770556107123
2026-08-24,371,220.46600913821553
2026-08-24,372,239.06729322821514
2026-08-24,373,229.55705426821456
2026-08-24,374,230.20831938821513
2026-08-24,375,237.9340759082155
2026-08-24,376,225.9014247382154
2026-08-24,377,223.97028847821466
2026-08-24,378,218.4177244082151
2026-08-24,379,217.86747745821498
2026-08-24,380,246.6150719082143
2026-08-24,381,252.5600439882145
2026-08-24,382,281.75175526821533
2026-08-24,383,296.696071908215
2026-08-24,384,242.6383663482153
2026-08-24,385,243.87885640821466
2026-08-24,386,243.87885640821466
2026-08-24,387,243.87885640821466
2026-08-24,388,243.87885640821466
2026-08-24,389,243.87885640821466
2026-08-24,390,243.87885640821466
2026-08-25,0,0.0
2026-08-25,1,0.0
2026-08-25,2,0.0
2026-08-25,3,0.0
2026-08-25,4,0.0
2026-08-25,5,0.0
2026-08-25,6,0.0
2026-08-25,7,0.0
2026-08-25,8,0.0
2026-08-25,9,0.0
2026-08-25,10,0.0
2026-08-25,11,0.0
2026-08-25,12,0.0
2026-08-25,13,0.0
2026-08-25,14,0.0
2026-08-25,15,0.0
2026-08-25,16,0.0
2026-08-25,17,0.0
2026-08-25,18,0.0
2026-08-25,19,0.0
2026-08-25,20,-9.285134999998448
2026-08-25,21,-18.815561439997595
2026-08-25,22,-39.63784345999841
2026-08-25,23,9.912342800002392
2026-08-25,24,65.80052979000236
2026-08-25,25,117.61936144000231
2026-08-25,26,105.9942570700025
2026-08-25,27,77.0554194800018
2026-08-25,28,22.639644440002172
2026-08-25,29,22.631315660002628
2026-08-25,30,36.9684273500024
2026-08-25,31,35.42345444000175
2026-08-25,32,110.07043444000317
2026-08-25,33,163.028773740002
2026-08-25,34,200.70858265571647
2026-08-25,35,140.20163233571645
2026-08-25,36,172.3739392557168
2026-08-25,37,169.84562247571677
2026-08-25,38,158.07130913571567
2026-08-25,39,179.94144396571647
2026-08-25,40,131.96921387571732
2026-08-25,41,156.31896061571638
2026-08-25,42,123.12579359571674
2026-08-25,43,158.70839145571748
2026-08-25,44,213.94975095571755
2026-08-25,45,198.86295625000315
2026-08-25,46,240.9104045700035
2026-08-25,47,222.73641541000381
2026-08-25,48,211.09179517000348
2026-08-25,49,227.79618149000402
2026-08-25,50,175.03858235000368
2026-08-25,51,223.34876485000405
2026-08-25,52,316.22576885000296
2026-08-25,53,384.4928948800036
2026-08-25,54,341.3033174928604
2026-08-25,55,305.631132857147
2026-08-25,56,284.247094667148
2026-08-25,57,268.57672778714664
2026-08-25,58,260.3203022271472
2026-08-25,59,259.1130815171469
2026-08-25,60,313.15838550714733
2026-08-25,61,314.4633810557169
2026-08-25,62,254.210556375718
2026-08-25,63,265.008136025718
2026-08-25,64,306.8114139257175
2026-08-25,65,297.2527581557184
2026-08-25,66,274.0033334457179
2026-08-25,67,274.2701601257186
2026-08-25,68,256.6966029457187
2026-08-25,69,258.68430169571843
2026-08-25,70,285.77268194571764
2026-08-25,71,315.24582896571746
2026-08-25,72,361.00020394571754
2026-08-25,73,344.4785519457183
2026-08-25,74,331.8881930357177
2026-08-25,75,329.2551297557179
2026-08-25,76,344.118515945718
2026-08-25,77,316.1650208757169
2026-08-25,78,293.0865132557178
2026-08-25,79,279.2066254057176
2026-08-25,80,258.76998194571763
2026-08-25,81,249.20142518571754
2026-08-25,82,223.72047734571777
2026-08-25,83,216.4739527657178
2026-08-25,84,235.3172369057179
2026-08-25,85,235.59886506571763
2026-08-25,86,243.00680578571757
2026-08-25,87,237.32713787571754
2026-08-25,88,253.57586258571695
2026-08-25,89,251.91269628571752
2026-08-25,90,251.86269128571882
2026-08-25,91,261.0331082357178
2026-08-25,92,246.15229258786087
2026-08-25,93,242.98937632786038
2026-08-25,94,250.29410672786105
2026-08-25,95,239.16862019786143
2026-08-25,96,266.44368741786155
2026-08-25,97,262.00226954786126
2026-08-25,98,285.74439133786177
2026-08-25,99,272.06968393786167
2026-08-25,100,273.9739064378615
2026-08-25,101,289.3518365478619
2026-08-25,102,291.42873708786203
2026-08-25,103,293.7754574378615
2026-08-25,104,302.865596437862
2026-08-25,105,285.48770887786145
2026-08-25,106,287.372925437862
2026-08-25,107,274.67504993786133
2026-08-25,108,278.1196693378621
2026-08-25,109,269.59898132786077
2026-08-25,110,261.68359045786127
2026-08-25,111,256.344421437861
2026-08-25,112,268.50536299786114
2026-08-25,113,286.44687391786147
2026-08-25,114,278.271300437861
2026-08-25,115,277.07346278786144
2026-08-25,116,279.53440693786075
2026-08-25,117,278.4372644378618
2026-08-25,118,276.91033083786067
2026-08-25,119,274.68431843786124
2026-08-25,120,283.6775376978612
2026-08-25,121,278.8438967750043
2026-08-25,122,271.83395679500353
2026-08-25,123,256.32512716500406
2026-08-25,124,284.7681914075041
2026-08-25,125,270.6777600675044
2026-08-25,126,282.1773921775039
2026-08-25,127,292.51095954750417
2026-08-25,128,300.2115475975033
2026-08-25,129,306.81678504750397
2026-08-25,130,298.914221807504
2026-08-25,131,303.99336944750377
2026-08-25,132,297.716690967504
2026-08-25,133,293.4455690475041
2026-08-25,134,297.05182043750347
2026-08-25,135,306.60816519750387
2026-08-25,136,313.8835366575051
2026-08-25,137,316.8411113975033
2026-08-25,138,308.5977380975033
2026-08-25,139,288.7431608075037
2026-08-25,140,302.1892216575042
2026-08-25,141,308.93557804750435
2026-08-25,142,315.30157507750374
2026-08-25,143,311.85552330750386
2026-08-25,144,311.0144000475037
2026-08-25,145,303.67867754750415
2026-08-25,146,301.3239230064322
2026-08-25,147,302.1293382964323
2026-08-25,148,300.7805574164325
2026-08-25,149,304.65022638643137
2026-08-25,150,305.929993296432
2026-08-25,151,313.6096841964326
2026-08-25,152,288.42700624643214
2026-08-25,153,290.76271779643196
2026-08-25,154,300.93363579643284
2026-08-25,155,301.4140027964324
2026-08-25,156,310.03951329643263
2026-08-25,157,304.03314279643274
2026-08-25,158,302.26816025643194
2026-08-25,159,315.33986931643216
2026-08-25,160,312.43990729643275
2026-08-25,161,321.83057129643186
2026-08-25,162,318.4011393864328
2026-08-25,163,317.0498842964325
2026-08-25,164,317.8448097964329
2026-08-25,165,324.286927576433
2026-08-25,166,319.23743703643294
2026-08-25,167,317.8850997964325
2026-08-25,168,308.5000403964323
2026-08-25,169,307.50069939643294
2026-08-25,170,297.00913493928937
2026-08-25,171,303.52959491928954
2026-08-25,172,301.6355405192888
2026-08-25,173,302.7852734392896
2026-08-25,174,298.747985689289
2026-08-25,175,300.2047514392888
2026-08-25,176,297.4993709392897
2026-08-25,177,299.7041514392898
2026-08-25,178,305.21696876928985
2026-08-25,179,307.20576167928976
2026-08-25,180,301.29442043928935
2026-08-25,181,305.9045624392898
2026-08-25,182,301.8194069392894
2026-08-25,183,303.43540443928924
2026-08-25,184,306.026235439289
2026-08-25,185,312.99451468928856
2026-08-25,186,319.53267393928917
2026-08-25,187,315.5845361792895
2026-08-25,188,302.92921678928934
2026-08-25,189,302.4116380992892
2026-08-25,190,306.10019793928967
2026-08-25,191,310.66106093928937
2026-08-25,192,307.5605969392895
2026-08-25,193,310.63954576928944
2026-08-25,194,310.3866384392889
2026-08-25,195,315.2729679892888
2026-08-25,196,313.6668894392886
2026-08-25,197,322.0781484392897
2026-08-25,198,312.6773184392893
2026-08-25,199,313.21822055928914
2026-08-25,200,325.87415493928955
2026-08-25,201,328.02401793928874
2026-08-25,202,323.37299788928937
2026-08-25,203,327.87654718928985
2026-08-25,204,329.5115596092898
2026-08-25,205,330.7671538092897
2026-08-25,206,330.3131184392892
2026-08-25,207,328.63116123928967
2026-08-25,208,332.5330334392893
2026-08-25,209,326.6235184192892
2026-08-25,210,334.1568167292893
2026-08-25,211,327.27421043928973
2026-08-25,212,327.8800388792893
2026-08-25,213,327.48608029928937
2026-08-25,214,344.64622482928905
2026-08-25,215,329.12221577929046
2026-08-25,216,342.86098974928905
2026-08-25,217,337.7240953792893
2026-08-25,218,336.12226793929
2026-08-25,219,333.44638734928924
2026-08-25,220,320.5544237992892
2026-08-25,221,318.3173458392895
2026-08-25,222,323.9175953892895
2026-08-25,223,312.5216399392898
2026-08-25,224,317.3650071892894
2026-08-25,225,312.8295683692886
2026-08-25,226,308.5011168392894
2026-08-25,227,300.65373743928905
2026-08-25,228,309.99901002928937
2026-08-25,229,319.0572999392891
2026-08-25,230,311.28050699928957
2026-08-25,231,309.5746286892892
2026-08-25,232,311.4747984392894
2026-08-25,233,311.54069672928887
2026-08-25,234,308.67253538928986
2026-08-25,235,298.8253278792889
2026-08-25,236,301.48000793929015
2026-08-25,237,303.2015491892895
2026-08-25,238,294.13910393929064
2026-08-25,239,297.24682346928967
2026-08-25,240,275.6033322692893
2026-08-25,241,283.11143143928973
2026-08-25,242,269.33973956928935
2026-08-25,243,279.29245165964704
2026-08-25,244,275.5727688696467
2026-08-25,245,286.8244463696466
2026-08-25,246,288.39776226964716
2026-08-25,247,283.23099425964654
2026-08-25,248,274.9427717396474
2026-08-25,249,281.619657019647
2026-08-25,250,279.40002524964694
2026-08-25,251,293.03960930964695
2026-08-25,252,276.8207262196459
2026-08-25,253,281.71481271964683
2026-08-25,254,282.1121881096461
2026-08-25,255,284.66135425964615
2026-08-25,256,286.66689614964696
2026-08-25,257,280.49447160964706
2026-08-25,258,261.13723255964635
2026-08-25,259,261.4625617796466
2026-08-25,260,256.56837814964763
2026-08-25,261,253.1981543896464
2026-08-25,262,252.50006223964647
2026-08-25,263,242.25624963964697
2026-08-25,264,246.31340070964652
2026-08-25,265,244.7273522996472
2026-08-25,266,244.34186491964667
2026-08-25,267,239.68942705964645
2026-08-25,268,234.87963709964612
2026-08-25,269,236.58873022964633
2026-08-25,270,230.00742936964627
2026-08-25,271,230.26182037964662
2026-08-25,272,220.7276904496472
2026-08-25,273,214.87951117964664
2026-08-25,274,205.5234113096463
2026-08-25,275,214.78402444964726
2026-08-25,276,212.37266342964716
2026-08-25,277,226.7750815796467
2026-08-25,278,226.26288721964622
2026-08-25,279,222.28552410964733
2026-08-25,280,229.36646171964702
2026-08-25,281,230.98529671964576
2026-08-25,282,218.48554217964602
2026-08-25,283,211.29832134964659
2026-08-25,284,207.1007182196463
2026-08-25,285,215.83883323964707
2026-08-25,286,200.61057701964637
2026-08-25,287,209.4392337687533
2026-08-25,288,201.73212341875416
2026-08-25,289,191.68482116875379
2026-08-25,290,184.43164251875328
2026-08-25,291,198.76072358875368
2026-08-25,292,196.8208395387535
2026-08-25,293,198.7837671887533
2026-08-25,294,203.3486346487538
2026-08-25,295,191.76353628875304
2026-08-25,296,196.5281616087541
2026-08-25,297,194.0021462787536
2026-08-25,298,191.30637547875423
2026-08-25,299,178.7728268587542
2026-08-25,300,187.89392015875364
2026-08-25,301,192.48009546875437
2026-08-25,302,184.38445716875398
2026-08-25,303,184.06535196875407
2026-08-25,304,182.35929258875436
2026-08-25,305,189.4562669487537
2026-08-25,306,197.61256985875414
2026-08-25,307,191.89185091875396
2026-08-25,308,188.9636457487539
2026-08-25,309,176.8670685687535
2026-08-25,310,171.21967936875376
2026-08-25,311,168.99207800875317
2026-08-25,312,181.157031868754
2026-08-25,313,172.8891245019679
2026-08-25,314,171.04017189196765
2026-08-25,315,178.88457035196757
2026-08-25,316,174.39297445196763
2026-08-25,317,177.20818492196793
2026-08-25,318,172.73620315196882
2026-08-25,319,165.07295168196822
2026-08-25,320,164.16294975196723
2026-08-25,321,172.4670583519683
2026-08-25,322,167.12996309196808
2026-08-25,323,165.48121121196766
2026-08-25,324,152.78329710196806
2026-08-25,325,151.3104902519682
2026-08-25,326,141.75674563196762
2026-08-25,327,143.54008027196718
2026-08-25,328,136.28499182196813
2026-08-25,329,127.63012703196796
2026-08-25,330,125.30617675196825
2026-08-25,331,127.48638578196869
2026-08-25,332,126.28466597196817
2026-08-25,333,121.54143933196809
2026-08-25,334,121.89631273196738
2026-08-25,335,135.63754237196812
2026-08-25,336,124.8960616619676
2026-08-25,337,136.75321881196803
2026-08-25,338,131.78273084196726
2026-08-25,339,130.47610775196785
2026-08-25,340,121.90038361089717
2026-08-25,341,115.63673604089698
2026-08-25,342,112.72570078089637
2026-08-25,343,110.49209059089685
2026-08-25,344,112.99405327089679
2026-08-25,345,111.2549601908965
2026-08-25,346,104.95834289089609
2026-08-25,347,94.25250667089739
2026-08-25,348,100.90755667089658
2026-08-25,349,97.65701103089702
2026-08-25,350,90.37793415089709
2026-08-25,351,95.7893284308968
2026-08-25,352,97.05114611089735
2026-08-25,353,119.3780443008967
2026-08-25,354,121.01936309089658
2026-08-25,355,129.78480352089625
2026-08-25,356,119.64376073089693
2026-08-25,357,113.3580073908966
2026-08-25,358,124.35572739089687
2026-08-25,359,112.5622438908967
2026-08-25,360,97.92616167089685
2026-08-25,361,108.00819539089602
2026-08-25,362,91.36797064089723
2026-08-25,363,98.8696143808971
2026-08-25,364,100.36682713089692
2026-08-25,365,112.6234708908969
2026-08-25,366,113.32026613089678
2026-08-25,367,114.90912338089711
2026-08-25,368,100.46343839089735
2026-08-25,369,94.97621415089674
2026-08-25,370,100.54828802786116
2026-08-25,371,92.80295452786149
2026-08-25,372,84.45086882786083
2026-08-25,373,78.11918802786138
2026-08-25,374,71.07607946786152
2026-08-25,375,58.972288947861216
2026-08-25,376,55.55730052786154
2026-08-25,377,64.85352476786113
2026-08-25,378,75.05426552786153
2026-08-25,379,67.61047890786062
2026-08-25,380,76.41870202786103
2026-08-25,381,88.13147453786087
2026-08-25,382,98.05460602786118
2026-08-25,383,112.87101171786136
2026-08-25,384,105.16773072786131
2026-08-25,385,103.48962652786082
2026-08-25,386,103.48962652786082
2026-08-25,387,103.48962652786082
2026-08-25,388,103.48962652786082
2026-08-25,389,103.48962652786082
2026-08-25,390,103.48962652786082
2026-08-26,0,0.0
2026-08-26,1,0.0
2026-08-26,2,0.0
2026-08-26,3,0.0
2026-08-26,4,0.0
2026-08-26,5,0.0
2026-08-26,6,0.0
2026-08-26,7,0.0
2026-08-26,8,0.0
2026-08-26,9,0.0
2026-08-26,10,0.0
2026-08-26,11,0.0
2026-08-26,12,0.0
2026-08-26,13,0.0
2026-08-26,14,0.0
2026-08-26,15,0.0
2026-08-26,16,0.0
2026-08-26,17,0.0
2026-08-26,18,0.0
2026-08-26,19,0.0
2026-08-26,20,0.0
2026-08-26,21,0.0
2026-08-26,22,-2.458299999999582
2026-08-26,23,-1.1584299999996972
2026-08-26,24,8.479798280000352
2026-08-26,25,7.927653500000332
2026-08-26,26,16.136832500000594
2026-08-26,27,13.112135000000109
2026-08-26,28,3.1161347000002166
2026-08-26,29,-8.625690999999676
2026-08-26,30,-12.233830149999847
2026-08-26,31,-20.37301614999953
2026-08-26,32,-10.119241629999522
2026-08-26,33,-3.333720249999658
2026-08-26,34,-15.56999649999949
2026-08-26,35,-15.324758499999035
2026-08-26,36,-16.328785149998936
2026-08-26,37,-1.8750305499993658
2026-08-26,38,-14.329338999999067
2026-08-26,39,-10.618533999999329
2026-08-26,40,-11.168822999999584
2026-08-26,41,-18.308008785713852
2026-08-26,42,-28.07218023571406
2026-08-26,43,-16.11294828571379
2026-08-26,44,-9.423833285714174
2026-08-26,45,-22.926510945714597
2026-08-26,46,-28.825106945714253
2026-08-26,47,-15.075639945714208
2026-08-26,48,1.4964809042851819
2026-08-26,49,-10.517707445714972
2026-08-26,50,-18.448320445714817
2026-08-26,51,-24.482628945715273
2026-08-26,52,-33.17985393571422
2026-08-26,53,-37.90538844571498
2026-08-26,54,-24.746338445714635
2026-08-26,55,-17.525762745714648
2026-08-26,56,-23.393735945714813
2026-08-26,57,-23.240159445714998
2026-08-26,58,-20.3538319457148
2026-08-26,59,-5.355021945714604
2026-08-26,60,-11.404525295714873
2026-08-26,61,-18.35529670571455
2026-08-26,62,-0.22611624571458222
2026-08-26,63,2.003378814285316
2026-08-26,64,12.58202501428509
2026-08-26,65,-6.276826695714615
2026-08-26,66,-1.9882069457145022
2026-08-26,67,7.494040704285474
2026-08-26,68,12.788121974285783
2026-08-26,69,9.261229054285181
2026-08-26,70,20.611449054285412
2026-08-26,71,12.967539554286109
2026-08-26,72,1.4985545942847445
2026-08-26,73,7.138630554285097
2026-08-26,74,12.538642554285751
2026-08-26,75,26.53310605428525
2026-08-26,76,44.36114171428511
2026-08-26,77,53.85751833428546
2026-08-26,78,55.26529146428558
2026-08-26,79,45.61396236428501
2026-08-26,80,59.472940774284716
2026-08-26,81,41.997596054285225
2026-08-26,82,34.973012554285184
2026-08-26,83,18.936520834284803
2026-08-26,84,25.434237894285676
2026-08-26,85,21.45782691428569
2026-08-26,86,21.35102190428576
2026-08-26,87,20.378365054285577
2026-08-26,88,12.22790015428511
2026-08-26,89,20.396433774285164
2026-08-26,90,5.844026554285449
2026-08-26,91,-4.327318195714973
2026-08-26,92,20.174338074285792
2026-08-26,93,9.86652819428518
2026-08-26,94,13.14322019428542
2026-08-26,95,13.108335404285512
2026-08-26,96,40.848099454285496
2026-08-26,97,41.873756934285524
2026-08-26,98,51.4437950042855
2026-08-26,99,65.43107985428563
2026-08-26,100,66.28564543428521
2026-08-26,101,65.37037493428555
2026-08-26,102,57.75827996428539
2026-08-26,103,40.26488943428586
2026-08-26,104,31.61666567428565
2026-08-26,105,22.584715434286224
2026-08-26,106,19.432214044285743
2026-08-26,107,17.616500434285733
2026-08-26,108,23.069696694285348
2026-08-26,109,28.629563284285204
2026-08-26,110,31.16570771428588
2026-08-26,111,35.674739834285646
2026-08-26,112,10.391299284285083
2026-08-26,113,37.8480034342859
2026-08-26,114,33.8939659342856
2026-08-26,115,30.34502390428542
2026-08-26,116,24.555880761427957
2026-08-26,117,38.395653501427844
2026-08-26,118,54.87767062142799
2026-08-26,119,48.319858831427496
2026-08-26,120,30.333685091428308
2026-08-26,121,28.869633591428993
2026-08-26,122,8.938410131428846
2026-08-26,123,3.2355951414281634
2026-08-26,124,5.425182141428451
2026-08-26,125,-1.6251727085712702
2026-08-26,126,1.4234613114281913
2026-08-26,127,6.181186741428284
2026-08-26,128,8.982090791428298
2026-08-26,129,6.61646329142819
2026-08-26,130,-17.816231038571892
2026-08-26,131,-20.84305220857231
2026-08-26,132,-21.42518639142869
2026-08-26,133,-22.575287351428464
2026-08-26,134,-20.170775851428886
2026-08-26,135,-20.37040385142877
2026-08-26,136,-25.5098218514294
2026-08-26,137,-24.68924792142898
2026-08-26,138,-12.781026851428365
2026-08-26,139,-20.72165671142875
2026-08-26,140,-27.92411235142886
2026-08-26,141,-44.12190035142942
2026-08-26,142,-46.263294231428596
2026-08-26,143,-57.88683289357181
2026-08-26,144,-55.64071747357173
2026-08-26,145,-47.95579047767921
2026-08-26,146,-38.66537220767859
2026-08-26,147,-36.7035037876789
2026-08-26,148,-42.658640187678934
2026-08-26,149,-32.24532163767875
2026-08-26,150,-26.409045287678573
2026-08-26,151,-26.314126787678468
2026-08-26,152,-17.789731287679082
2026-08-26,153,-8.915730787679257
2026-08-26,154,-9.395890787677997
2026-08-26,155,-8.819124477679066
2026-08-26,156,-4.4837980376785875
2026-08-26,157,-4.760782287679332
2026-08-26,158,-6.067875537679319
2026-08-26,159,-8.970133287678598
2026-08-26,160,-12.043609887679265
2026-08-26,161,-12.839430287679226
2026-08-26,162,-16.669363287678813
2026-08-26,163,-18.489133287679024
2026-08-26,164,-21.58400378767856
2026-08-26,165,-16.39389483767915
2026-08-26,166,-17.119070287678
2026-08-26,167,-18.715454637678015
2026-08-26,168,-16.779368287678842
2026-08-26,169,-14.9170265376786
2026-08-26,170,-16.15303493767938
2026-08-26,171,-21.559382287678524
2026-08-26,172,-24.454188787678895
2026-08-26,173,-26.249053287679267
2026-08-26,174,-29.263769787679486
2026-08-26,175,-29.29877228767925
2026-08-26,176,-30.028443287679274
2026-08-26,177,-28.318690287678685
2026-08-26,178,-29.281886607678935
2026-08-26,179,-33.543259787679226
2026-08-26,180,-28.615264617678676
2026-08-26,181,-28.253684787678694
2026-08-26,182,-23.303795787678858
2026-08-26,183,-25.363613787679036
2026-08-26,184,-23.583783787678833
2026-08-26,185,-20.2590602876787
2026-08-26,186,-19.13553663767903
2026-08-26,187,-26.56846928767873
2026-08-26,188,-25.858524297678635
2026-08-26,189,-31.887581287678735
2026-08-26,190,-35.698233787678255
2026-08-26,191,-35.70330928767799
2026-08-26,192,-38.632960287679076
2026-08-26,193,-35.70028889767848
2026-08-26,194,-34.46502504767945
2026-08-26,195,-40.50702078767889
2026-08-26,196,-30.587740787678847
2026-08-26,197,-30.693142287679294
2026-08-26,198,-24.75768268767858
2026-08-26,199,-24.933594287679156
2026-08-26,200,-20.969078787678356
2026-08-26,201,-31.04311928767813
2026-08-26,202,-32.329668947678854
2026-08-26,203,-29.49031458767874
2026-08-26,204,-30.943803367678704
2026-08-26,205,-33.293326287679434
2026-08-26,206,-30.93397828767869
2026-08-26,207,-30.149376787678555
2026-08-26,208,-29.41253048767841
2026-08-26,209,-30.609266787678813
2026-08-26,210,-26.614970287678602
2026-08-26,211,-28.07116063767907
2026-08-26,212,-32.55266043767781
2026-08-26,213,-29.624361287678703
2026-08-26,214,-29.687183567677934
2026-08-26,215,-30.498829787678766
2026-08-26,216,-25.499225787679038
2026-08-26,217,-23.379577787678407
2026-08-26,218,-30.604091287679402
2026-08-26,219,-29.40431928767881
2026-08-26,220,-28.939025747679132
2026-08-26,221,-31.804007287678772
2026-08-26,222,-27.271412587679073
2026-08-26,223,-24.224769287678413
2026-08-26,224,-23.562239537678586
2026-08-26,225,-21.575106287678892
2026-08-26,226,-15.649642887678802
2026-08-26,227,-4.536398287678443
2026-08-26,228,-5.194696437678386
2026-08-26,229,-2.8370438276786114
2026-08-26,230,-2.992764687678891
2026-08-26,231,-6.3661472876791745
2026-08-26,232,-9.180993787678736
2026-08-26,233,-4.781585787678798
2026-08-26,234,-6.51661228767893
2026-08-26,235,-11.177742117678555
2026-08-26,236,-7.990680837678346
2026-08-26,237,-8.901269787678983
2026-08-26,238,-7.326395287678585
2026-08-26,239,-6.620449887678282
2026-08-26,240,-3.0767842876788887
2026-08-26,241,-1.3268032876786062
2026-08-26,242,-0.7709188876785031
2026-08-26,243,-4.0566902876787605
2026-08-26,244,-9.141397787679024
2026-08-26,245,-10.236240287678802
2026-08-26,246,-9.105685337679025
2026-08-26,247,-3.9637555876786177
2026-08-26,248,3.7525207123212656
2026-08-26,249,-3.601847787678734
2026-08-26,250,-5.062653697678931
2026-08-26,251,1.3426417123216172
2026-08-26,252,0.24304371232130428
2026-08-26,253,2.5073612623209645
2026-08-26,254,-0.04182778767878936
2026-08-26,255,0.07380521232142634
2026-08-26,256,-1.3159017876792358
2026-08-26,257,1.481432462321104
2026-08-26,258,-1.2535640376788262
2026-08-26,259,-5.465372787679385
2026-08-26,260,-11.62600478767854
2026-08-26,261,-8.154665957678837
2026-08-26,262,-4.415742687678444
2026-08-26,263,-7.804984647678793
2026-08-26,264,-10.701269287679168
2026-08-26,265,-10.300697287679192
2026-08-26,266,-13.325314787678508
2026-08-26,267,-14.021915867678501
2026-08-26,268,-6.484920787678192
2026-08-26,269,-8.539677287678934
2026-08-26,270,-11.249318287679095
2026-08-26,271,-20.70370078767919
2026-08-26,272,-24.99449471625043
2026-08-26,273,-24.69713241625073
2026-08-26,274,-34.45350671624966
2026-08-26,275,-31.948765216250365
2026-08-26,276,-37.922137886250695
2026-08-26,277,-36.143803716249984
2026-08-26,278,-36.68550583625071
2026-08-26,279,-34.08629756625047
2026-08-26,280,-35.959622216250054
2026-08-26,281,-37.01471271625108
2026-08-26,282,-36.08671463857195
2026-08-26,283,-33.52593659857219
2026-08-26,284,-32.67783348857189
2026-08-26,285,-32.15039905857187
2026-08-26,286,-34.79081213857188
2026-08-26,287,-35.0614051385719
2026-08-26,288,-33.03680763857199
2026-08-26,289,-32.246346638571794
2026-08-26,290,-28.416987638572138
2026-08-26,291,-29.45135423857144
2026-08-26,292,-30.547598588571844
2026-08-26,293,-29.670629038571796
2026-08-26,294,-28.161731138572264
2026-08-26,295,-30.65642163857165
2026-08-26,296,-26.86670063857231
2026-08-26,297,-24.022845088572026
2026-08-26,298,-22.183479038572116
2026-08-26,299,-23.432076138572185
2026-08-26,300,-23.31201613857199
2026-08-26,301,-31.18710058857151
2026-08-26,302,-30.23697563857222
2026-08-26,303,-36.83747563857206
2026-08-26,304,-36.7069246385719
2026-08-26,305,-40.8464106385714
2026-08-26,306,-44.081523138572464
2026-08-26,307,-42.10696463857225
2026-08-26,308,-41.850934238571746
2026-08-26,309,-43.79213613857212
2026-08-26,310,-44.85804179857241
2026-08-26,311,-48.13697763857209
2026-08-26,312,-48.104994788572256
2026-08-26,313,-47.000101238571915
2026-08-26,314,-49.41582563857148
2026-08-26,315,-52.33635763857227
2026-08-26,316,-47.52202713857183
2026-08-26,317,-46.59731163857137
2026-08-26,318,-45.30431293857208
2026-08-26,319,-43.052638088571626
2026-08-26,320,-45.62229515857179
2026-08-26,321,-49.81836985857248
2026-08-26,322,-55.97617763857164
2026-08-26,323,-54.19687563857214
2026-08-26,324,-54.97414635857129
2026-08-26,325,-59.81525063857187
2026-08-26,326,-62.81783896857127
2026-08-26,327,-62.4220820385724
2026-08-26,328,-55.029556138572254
2026-08-26,329,-47.433064788572125
2026-08-26,330,-50.16471868857218
2026-08-26,331,-44.615172578572185
2026-08-26,332,-53.26642467857174
2026-08-26,333,-54.68555063857231
2026-08-26,334,-56.00562263857208
2026-08-26,335,-50.01978717857237
2026-08-26,336,-51.34937213857174
2026-08-26,337,-53.30445463857225
2026-08-26,338,-52.54916813857189
2026-08-26,339,-52.18919613857225
2026-08-26,340,-54.05156689857236
2026-08-26,341,-46.72103239857195
2026-08-26,342,-46.31160378857257
2026-08-26,343,-43.28149478857236
2026-08-26,344,-43.3545378285721
2026-08-26,345,-47.59351358857203
2026-08-26,346,-40.33335863857151
2026-08-26,347,-46.69374557857203
2026-08-26,348,-50.1527404985719
2026-08-26,349,-43.66962213857167
2026-08-26,350,-38.28970813857195
2026-08-26,351,-40.264504638572554
2026-08-26,352,-45.42985908857305
2026-08-26,353,-46.14384463857213
2026-08-26,354,-45.823782638572304
2026-08-26,355,-48.43412763857242
2026-08-26,356,-57.56682469035813
2026-08-26,357,-69.24743769035825
2026-08-26,358,-64.68752169035814
2026-08-26,359,-61.97227012035795
2026-08-26,360,-62.04820269035775
2026-08-26,361,-66.73307119035815
2026-08-26,362,-63.59789269035792
2026-08-26,363,-70.2639341903579
2026-08-26,364,-73.5736051903578
2026-08-26,365,-85.60396819035824
2026-08-26,366,-87.61556437035873
2026-08-26,367,-79.08221524035825
2026-08-26,368,-71.44207219035805
2026-08-26,369,-66.87200519035842
2026-08-26,370,-66.66528984035776
2026-08-26,371,-70.55768869035768
2026-08-26,372,-69.61329909035818
2026-08-26,373,-61.38731169035812
2026-08-26,374,-59.99734674035798
2026-08-26,375,-65.5123941903577
2026-08-26,376,-73.1071486903576
2026-08-26,377,-69.85737869035826
2026-08-26,378,-69.98778169035829
2026-08-26,379,-55.272945190358534
2026-08-26,380,-43.070785090358115
2026-08-26,381,-52.152693190357716
2026-08-26,382,-49.01237919035762
2026-08-26,383,-36.00607869035778
2026-08-26,384,-47.862264190358026
2026-08-26,385,-46.84216219035813
2026-08-26,386,-46.84216219035813
2026-08-26,387,-46.84216219035813
2026-08-26,388,-46.84216219035813
2026-08-26,389,-46.84216219035813
2026-08-26,390,-46.84216219035813
2026-08-27,0,0.0
2026-08-27,1,0.0
2026-08-27,2,0.0
2026-08-27,3,0.0
2026-08-27,4,0.0
2026-08-27,5,0.0
2026-08-27,6,0.0
2026-08-27,7,0.0
2026-08-27,8,0.0
2026-08-27,9,0.0
2026-08-27,10,0.0
2026-08-27,11,0.0
2026-08-27,12,0.0
2026-08-27,13,0.0
2026-08-27,14,0.0
2026-08-27,15,0.0
2026-08-27,16,0.0
2026-08-27,17,0.0
2026-08-27,18,0.0
2026-08-27,19,0.0
2026-08-27,20,-96.14260483999955
2026-08-27,21,-99.19240227000054
2026-08-27,22,-80.59572267000006
2026-08-27,23,-63.17164569285734
2026-08-27,24,-110.02656489357136
2026-08-27,25,-48.72387252357221
2026-08-27,26,48.98065513642824
2026-08-27,27,107.44954553642785
2026-08-27,28,129.27078491642823
2026-08-27,29,95.93162006642783
2026-08-27,30,89.54276898642784
2026-08-27,31,59.85538199642738
2026-08-27,32,124.8145349864276
2026-08-27,33,100.63945263642817
2026-08-27,34,89.45078998642852
2026-08-27,35,65.59247591642793
2026-08-27,36,117.38641673642805
2026-08-27,37,72.18993683642864
2026-08-27,38,51.24395103642874
2026-08-27,39,29.419848166427613
2026-08-27,40,30.54222669642879
2026-08-27,41,16.81301354642767
2026-08-27,42,36.78557455642826
2026-08-27,43,12.400911336428031
2026-08-27,44,5.606050841963182
2026-08-27,45,-39.79668493803665
2026-08-27,46,-64.32399076803661
2026-08-27,47,-106.01348393803627
2026-08-27,48,-96.2748770580356
2026-08-27,49,-122.68370981517887
2026-08-27,50,-137.24238903518014
2026-08-27,51,-109.87702771518067
2026-08-27,52,-106.9531522451793
2026-08-27,53,-149.7394356151795
2026-08-27,54,-77.56910169517928
2026-08-27,55,-95.8561688651792
2026-08-27,56,-162.1873729451784
2026-08-27,57,-204.04617423053747
2026-08-27,58,-194.2647160305356
2026-08-27,59,-209.94951029053647
2026-08-27,60,-107.69358640053608
2026-08-27,61,-135.07013901053526
2026-08-27,62,-122.41245836053682
2026-08-27,63,-143.25270181053625
2026-08-27,64,-119.46453985053532
2026-08-27,65,-136.68466619053586
2026-08-27,66,-128.1778861105364
2026-08-27,67,-122.13873425053677
2026-08-27,68,-65.9484352705363
2026-08-27,69,-57.178156500535266
2026-08-27,70,-58.52228006053636
2026-08-27,71,-45.13241237053569
2026-08-27,72,-81.08713485910766
2026-08-27,73,-57.04960958910641
2026-08-27,74,-97.17328533910688
2026-08-27,75,-69.60939793910737
2026-08-27,76,-125.37690293910703
2026-08-27,77,-122.84682579910694
2026-08-27,78,-167.21186939910726
2026-08-27,79,-180.51728576410656
2026-08-27,80,-163.14576356410612
2026-08-27,81,-82.58820672410633
2026-08-27,82,-131.13384451410698
2026-08-27,83,-72.11954174410673
2026-08-27,84,-80.28854280410638
2026-08-27,85,5.23067952589318
2026-08-27,86,-7.153106324106318
2026-08-27,87,-5.1281509541070704
2026-08-27,88,-26.295469124106177
2026-08-27,89,-8.597451604106055
2026-08-27,90,-9.161066434106658
2026-08-27,91,26.80972093589307
2026-08-27,92,23.163389485894356
2026-08-27,93,38.96869302589363
2026-08-27,94,60.89840659589359
2026-08-27,95,50.69388302589374
2026-08-27,96,15.459853445893884
2026-08-27,97,1.5092749158942524
2026-08-27,98,-23.243250294105962
2026-08-27,99,-45.4896989141057
2026-08-27,100,9.381914185893606
2026-08-27,101,6.88028384589461
2026-08-27,102,6.9242399558929435
2026-08-27,103,-7.5897686341056385
2026-08-27,104,18.548001723036663
2026-08-27,105,17.043973593034906
2026-08-27,106,21.82789035303645
2026-08-27,107,89.61807650303726
2026-08-27,108,126.58077020303699
2026-08-27,109,104.97471114303744
2026-08-27,110,137.06535735303697
2026-08-27,111,150.75521222303692
2026-08-27,112,147.83902736303693
2026-08-27,113,127.3312820830366
2026-08-27,114,157.22647970303655
2026-08-27,115,145.9515792230369
2026-08-27,116,163.26007563303637
2026-08-27,117,154.7766020601792
2026-08-27,118,109.21398653875119
2026-08-27,119,118.28736456875129
2026-08-27,120,88.71848467875225
2026-08-27,121,104.95974080875101
2026-08-27,122,102.2355027187524
2026-08-27,123,109.07336937875147
2026-08-27,124,114.89204177875197
2026-08-27,125,123.84459972875288
2026-08-27,126,125.56369089875236
2026-08-27,127,180.24746032875095
2026-08-27,128,163.24282082875268
2026-08-27,129,141.34094287875155
2026-08-27,130,173.27884326875187
2026-08-27,131,163.532632658751
2026-08-27,132,160.48139137875282
2026-08-27,133,134.59491633875155
2026-08-27,134,142.1778583716096
2026-08-27,135,145.95754648160886
2026-08-27,136,125.37881194589659
2026-08-27,137,148.98988720018073
2026-08-27,138,155.3564938601816
2026-08-27,139,149.41234655018073
2026-08-27,140,167.90199638017978
2026-08-27,141,154.58946526018087
2026-08-27,142,160.8680055301803
2026-08-27,143,171.47101474018098
2026-08-27,144,184.49538295018064
2026-08-27,145,213.45753374018147
2026-08-27,146,204.19708583018055
2026-08-27,147,187.17606001018092
2026-08-27,148,184.5965241601818
2026-08-27,149,200.38057131018084
2026-08-27,150,175.5672672101809
2026-08-27,151,172.2749842301813
2026-08-27,152,187.0179848801809
2026-08-27,153,198.06345687018148
2026-08-27,154,211.5295900001816
2026-08-27,155,224.61736133018076
2026-08-27,156,196.9889624101806
2026-08-27,157,198.75616977018046
2026-08-27,158,173.27898345018073
2026-08-27,159,163.75154445018063
2026-08-27,160,150.88355245018144
2026-08-27,161,129.59876523018124
2026-08-27,162,125.54606245018093
2026-08-27,163,127.27366981018132
2026-08-27,164,129.26055914018156
2026-08-27,165,127.48743919018159
2026-08-27,166,154.73912977018244
2026-08-27,167,180.09337987018154
2026-08-27,168,178.31813570018073
2026-08-27,169,180.06208519018213
2026-08-27,170,167.67375202018036
2026-08-27,171,173.30986437017987
2026-08-27,172,170.51763951018162
2026-08-27,173,157.3089765601809
2026-08-27,174,149.48845477018065
2026-08-27,175,158.75138036018092
2026-08-27,176,179.18622470018136
2026-08-27,177,193.39903275018088
2026-08-27,178,169.75275546018088
2026-08-27,179,164.18911632018052
2026-08-27,180,151.61859363018135
2026-08-27,181,151.80632688018162
2026-08-27,182,150.17255065018216
2026-08-27,183,144.27320432017999
2026-08-27,184,164.46611268018148
2026-08-27,185,178.8440972801804
2026-08-27,186,192.26780598018138
2026-08-27,187,195.346467640181
2026-08-27,188,213.33608363018058
2026-08-27,189,219.91945314018153
2026-08-27,190,227.71807715018068
2026-08-27,191,224.1033105801801
2026-08-27,192,240.39673349018028
2026-08-27,193,243.02410915018095
2026-08-27,194,243.58920439018084
2026-08-27,195,252.36892815018098
2026-08-27,196,244.99757730018104
2026-08-27,197,233.3265764901805
2026-08-27,198,242.4940155401815
2026-08-27,199,251.73527545018152
2026-08-27,200,240.14844630732358
2026-08-27,201,236.8007284073234
2026-08-27,202,237.21570355732374
2026-08-27,203,226.7130078573241
2026-08-27,204,224.88465284732374
2026-08-27,205,231.9290015073243
2026-08-27,206,223.28637794732265
2026-08-27,207,239.89376357732388
2026-08-27,208,233.1172612273246
2026-08-27,209,247.24925196732397
2026-08-27,210,226.98098286732386
2026-08-27,211,242.55703300732398
2026-08-27,212,241.78864190732418
2026-08-27,213,226.40986386732428
2026-08-27,214,251.48397641732453
2026-08-27,215,244.2506598673246
2026-08-27,216,247.34351055732395
2026-08-27,217,247.67010071732392
2026-08-27,218,256.22575966732444
2026-08-27,219,271.7409983673254
2026-08-27,220,289.1182606373239
2026-08-27,221,280.0314854973244
2026-08-27,222,276.7740272073239
2026-08-27,223,286.12023056732403
2026-08-27,224,271.50987775732324
2026-08-27,225,274.19652738732486
2026-08-27,226,288.31702240607297
2026-08-27,227,272.935039346075
2026-08-27,228,267.36373442607385
2026-08-27,229,268.32193648607364
2026-08-27,230,268.7142154560737
2026-08-27,231,279.63070568607554
2026-08-27,232,269.43765908607514
2026-08-27,233,286.29886193607416
2026-08-27,234,280.43648019607355
2026-08-27,235,287.5846435660737
2026-08-27,236,270.28098319607375
2026-08-27,237,269.78770452607466
2026-08-27,238,273.962294806075
2026-08-27,239,292.1333638860752
2026-08-27,240,314.1791491160744
2026-08-27,241,301.5414676860741
2026-08-27,242,297.43396393607514
2026-08-27,243,296.6340731460741
2026-08-27,244,304.69190287607375
2026-08-27,245,298.74074230607465
2026-08-27,246,303.72303652607434
2026-08-27,247,318.98663742607505
2026-08-27,248,325.8304118760749
2026-08-27,249,318.3823120860748
2026-08-27,250,326.99778971607486
2026-08-27,251,350.6601398460738
2026-08-27,252,345.00332282607434
2026-08-27,253,371.33663774607396
2026-08-27,254,365.5691052360746
2026-08-27,255,362.7101298075026
2026-08-27,256,380.4483237475019
2026-08-27,257,384.5153549775025
2026-08-27,258,379.06807265750285
2026-08-27,259,361.7999397575024
2026-08-27,260,350.47876176750174
2026-08-27,261,358.75218894750293
2026-08-27,262,375.8210758075023
2026-08-27,263,382.5233347375032
2026-08-27,264,371.98319311750197
2026-08-27,265,375.0078584575025
2026-08-27,266,374.59375671750274
2026-08-27,267,371.15626112750414
2026-08-27,268,361.62615125750244
2026-08-27,269,353.0198590175032
2026-08-27,270,355.4797710075035
2026-08-27,271,355.6718651075025
2026-08-27,272,356.3022963375032
2026-08-27,273,363.35600508750235
2026-08-27,274,338.6568485175022
2026-08-27,275,338.2756553875033
2026-08-27,276,331.5765237775018
2026-08-27,277,323.05451958750274
2026-08-27,278,334.2902938875027
2026-08-27,279,349.49731829750317
2026-08-27,280,368.0448090175023
2026-08-27,281,370.9101478875024
2026-08-27,282,370.9188341075027
2026-08-27,283,391.5167818075032
2026-08-27,284,393.8423132275025
2026-08-27,285,390.80167269750257
2026-08-27,286,391.798579277503
2026-08-27,287,402.5926876575029
2026-08-27,288,410.31090569750256
2026-08-27,289,396.1598508775028
2026-08-27,290,418.6338531775026
2026-08-27,291,403.37271365750246
2026-08-27,292,406.7490835675028
2026-08-27,293,406.65218565750223
2026-08-27,294,416.1741867575025
2026-08-27,295,420.9385346675034
2026-08-27,296,431.069976663217
2026-08-27,297,424.2220037932164
2026-08-27,298,433.33592630321584
2026-08-27,299,447.2767856232163
2026-08-27,300,438.3802362232173
2026-08-27,301,451.50331115321694
2026-08-27,302,460.0942025632179
2026-08-27,303,460.1247109432158
2026-08-27,304,472.0188159732161
2026-08-27,305,475.86820339321605
2026-08-27,306,473.9732510032169
2026-08-27,307,469.7710027332171
2026-08-27,308,472.88836834321694
2026-08-27,309,457.2522279432164
2026-08-27,310,468.3459203432168
2026-08-27,311,463.36392051321707
2026-08-27,312,450.8901946132169
2026-08-27,313,451.15073794321665
2026-08-27,314,443.38834801321707
2026-08-27,315,457.4124151532168
2026-08-27,316,461.00803424321674
2026-08-27,317,464.8947185132158
2026-08-27,318,456.56884215321566
2026-08-27,319,447.85974144321636
2026-08-27,320,456.3840107332173
2026-08-27,321,463.7646836732159
2026-08-27,322,481.1652204432166
2026-08-27,323,476.2491479932169
2026-08-27,324,485.9174264332163
2026-08-27,325,488.6337477632162
2026-08-27,326,494.3332497432171
2026-08-27,327,487.2454596832172
2026-08-27,328,487.88820807321633
2026-08-27,329,479.88126703321603
2026-08-27,330,482.230982943217
2026-08-27,331,473.093742693217
2026-08-27,332,479.12229094321606
2026-08-27,333,502.40626824321544
2026-08-27,334,526.8923452132173
2026-08-27,335,520.6207765232172
2026-08-27,336,509.55556488321633
2026-08-27,337,503.3767499232164
2026-08-27,338,492.8304408632167
2026-08-27,339,509.2716034032167
2026-08-27,340,520.1289303432175
2026-08-27,341,506.00931354321574
2026-08-27,342,529.5250326832172
2026-08-27,343,520.7092026032167
2026-08-27,344,518.4831433732169
2026-08-27,345,507.1723394932169
2026-08-27,346,504.72475429321577
2026-08-27,347,500.46411444321615
2026-08-27,348,498.16216873321616
2026-08-27,349,524.6050746632167
2026-08-27,350,526.4571288832168
2026-08-27,351,514.8374329432169
2026-08-27,352,530.8079457332168
2026-08-27,353,558.6937178232168
2026-08-27,354,571.6519672032163
2026-08-27,355,579.464027943216
2026-08-27,356,573.3250097232162
2026-08-27,357,577.6282825632161
2026-08-27,358,592.3496751032171
2026-08-27,359,599.7863058932168
2026-08-27,360,592.7979230432162
2026-08-27,361,590.1890214132168
2026-08-27,362,578.6101775932167
2026-08-27,363,570.476314213217
2026-08-27,364,563.4134324432165
2026-08-27,365,590.6776689432164
2026-08-27,366,589.4141543932166
2026-08-27,367,600.7874189432163
2026-08-27,368,616.9695073632176
2026-08-27,369,621.2516096832167
2026-08-27,370,626.0917483432165
2026-08-27,371,631.7628742532165
2026-08-27,372,627.7233923032161
2026-08-27,373,619.4024564732171
2026-08-27,374,620.9845670032175
2026-08-27,375,622.8588146432169
2026-08-27,376,620.1859650032164
2026-08-27,377,658.3199926832177
2026-08-27,378,654.2608129632168
2026-08-27,379,661.9043274032166
2026-08-27,380,663.9052816632174
2026-08-27,381,679.6865732232177
2026-08-27,382,678.041310943218
2026-08-27,383,666.7133242746462
2026-08-27,384,672.4573220146461
2026-08-27,385,669.3127739375022
2026-08-27,386,669.3127739375022
2026-08-27,387,669.3127739375022
2026-08-27,388,669.3127739375022
2026-08-27,389,669.3127739375022
2026-08-27,390,669.3127739375022
2026-08-28,0,0.0
2026-08-28,1,0.0
2026-08-28,2,0.0
2026-08-28,3,0.0
2026-08-28,4,0.0
2026-08-28,5,0.0
2026-08-28,6,0.0
2026-08-28,7,0.0
2026-08-28,8,0.0
2026-08-28,9,0.0
2026-08-28,10,0.0
2026-08-28,11,0.0
2026-08-28,12,0.0
2026-08-28,13,0.0
2026-08-28,14,0.0
2026-08-28,15,0.0
2026-08-28,16,0.0
2026-08-28,17,0.0
2026-08-28,18,0.0
2026-08-28,19,0.0
2026-08-28,20,-10.59143742000039
2026-08-28,21,-7.804648919999956
2026-08-28,22,-28.925253919999612
2026-08-28,23,-27.52323741214221
2026-08-28,24,-22.67767491214265
2026-08-28,25,-21.216752912142127
2026-08-28,26,-24.02351721214214
2026-08-28,27,-17.227422912142572
2026-08-28,28,-10.763023412142154
2026-08-28,29,9.321818097856678
2026-08-28,30,-13.191584842142355
2026-08-28,31,10.575126539107075
2026-08-28,32,-8.191101038035622
2026-08-28,33,14.676282441964304
2026-08-28,34,-18.910163398036005
2026-08-28,35,0.4778089191068986
2026-08-28,36,25.029017069107088
2026-08-28,37,-1.9871792523226794
2026-08-28,38,8.78584419767823
2026-08-28,39,14.248875897678545
2026-08-28,40,10.274864287678586
2026-08-28,41,16.725750757679112
2026-08-28,42,1.3441521476792957
2026-08-28,43,-8.110784212322429
2026-08-28,44,-19.053642923750232
2026-08-28,45,-21.274999923751054
2026-08-28,46,-22.26160428375067
2026-08-28,47,-14.350718353750239
2026-08-28,48,-8.037489323751188
2026-08-28,49,-20.83598499375025
2026-08-28,50,-27.135086783750843
2026-08-28,51,-13.334696923749789
2026-08-28,52,-16.84574292375043
2026-08-28,53,-10.865493923750687
2026-08-28,54,14.662420576249673
2026-08-28,55,24.006440996249435
2026-08-28,56,26.372969446249805
2026-08-28,57,38.80462057624952
2026-08-28,58,35.902269716249286
2026-08-28,59,46.21558752624932
2026-08-28,60,52.11921957624933
2026-08-28,61,43.440011356249286
2026-08-28,62,32.88725650624936
2026-08-28,63,24.41164107624933
2026-08-28,64,10.707254766249957
2026-08-28,65,32.6842703062498
2026-08-28,66,28.065546386249636
2026-08-28,67,26.522540346249684
2026-08-28,68,42.15244319625013
2026-08-28,69,56.51326102624936
2026-08-28,70,40.07596977624988
2026-08-28,71,57.605347076249814
2026-08-28,72,51.81088057624986
2026-08-28,73,52.193840956248856
2026-08-28,74,66.82702216624989
2026-08-28,75,72.18741807625014
2026-08-28,76,79.22988085624911
2026-08-28,77,78.43894713624967
2026-08-28,78,69.17943176624902
2026-08-28,79,72.55143957625012
2026-08-28,80,68.26519011624927
2026-08-28,81,89.42032982624988
2026-08-28,82,104.78579440624968
2026-08-28,83,106.43920361624954
2026-08-28,84,111.33780307624961
2026-08-28,85,110.05682707624912
2026-08-28,86,108.77461715624986
2026-08-28,87,110.78797688624974
2026-08-28,88,111.03733120624977
2026-08-28,89,107.27487272625007
2026-08-28,90,104.30858407624928
2026-08-28,91,109.11339969625004
2026-08-28,92,116.6426183476782
2026-08-28,93,144.76123614767846
2026-08-28,94,139.67839941767838
2026-08-28,95,154.57971106767906
2026-08-28,96,154.52419564767928
2026-08-28,97,158.76832805767873
2026-08-28,98,168.91816689767774
2026-08-28,99,166.92071514767872
2026-08-28,100,167.98999421767874
2026-08-28,101,159.51192888767787
2026-08-28,102,162.77790914767905
2026-08-28,103,161.15140264767857
2026-08-28,104,169.481029707679
2026-08-28,105,155.549867647678
2026-08-28,106,150.52840882767788
2026-08-28,107,167.79002658767803
2026-08-28,108,151.8853789776786
2026-08-28,109,150.26514625767837
2026-08-28,110,133.74899464767836
2026-08-28,111,142.5841563876789
2026-08-28,112,151.6358671476785
2026-08-28,113,149.85665307767886
2026-08-28,114,145.26544814767868
2026-08-28,115,146.25072964767864
2026-08-28,116,147.6262351276788
2026-08-28,117,143.7875540476777
2026-08-28,118,145.55175744767797
2026-08-28,119,147.13086664767852
2026-08-28,120,148.03133864767793
2026-08-28,121,145.47935723767776
2026-08-28,122,142.7525367576784
2026-08-28,123,146.57097164767848
2026-08-28,124,148.09353047767826
2026-08-28,125,149.50790514767857
2026-08-28,126,160.4655678976791
2026-08-28,127,178.74229639767867
2026-08-28,128,197.42659470767853
2026-08-28,129,184.61292432767803
2026-08-28,130,201.98385914767857
2026-08-28,131,193.40728079767848
2026-08-28,132,193.52225264767876
2026-08-28,133,187.9945139176781
2026-08-28,134,188.07598949767876
2026-08-28,135,183.6039865576786
2026-08-28,136,177.96133464767894
2026-08-28,137,187.11954431767788
2026-08-28,138,191.43122639767827
2026-08-28,139,194.75855414767813
2026-08-28,140,189.7534229176775
2026-08-28,141,190.2871234076774
2026-08-28,142,190.85137777767738
2026-08-28,143,190.71317433839158
2026-08-28,144,190.2350362383922
2026-08-28,145,177.34767563839145
2026-08-28,146,173.88819141839141
2026-08-28,147,177.11735647839174
2026-08-28,148,179.8472784183929
2026-08-28,149,178.73154511839167
2026-08-28,150,181.1209465183931
2026-08-28,151,171.15374341839296
2026-08-28,152,195.54161752839283
2026-08-28,153,188.95601192839294
2026-08-28,154,174.8618496783928
2026-08-28,155,174.66695484839312
2026-08-28,156,177.06720776839305
2026-08-28,157,194.81157177839378
2026-08-28,158,171.0229990783921
2026-08-28,159,189.23465091839302
2026-08-28,160,177.8424506883928
2026-08-28,161,137.07388886839303
2026-08-28,162,129.16527133839278
2026-08-28,163,132.6903174183936
2026-08-28,164,80.61317446839442
2026-08-28,165,83.30044186750072
2026-08-28,166,83.63630441750041
2026-08-28,167,69.88045044750044
2026-08-28,168,36.871978079107
2026-08-28,169,48.763924080178796
2026-08-28,170,21.87245627017841
2026-08-28,171,25.42893775017852
2026-08-28,172,26.04136270607148
2026-08-28,173,20.638759740000417
2026-08-28,174,-1.7526476000005857
2026-08-28,175,23.40177537374972
2026-08-28,176,24.833851623749602
2026-08-28,177,34.399764823750374
2026-08-28,178,33.75995212374959
2026-08-28,179,31.880598123749827
2026-08-28,180,41.59382096375036
2026-08-28,181,42.810848123749494
2026-08-28,182,24.293976103750524
2026-08-28,183,36.327979123749365
2026-08-28,184,16.969472203750264
2026-08-28,185,49.7191137137505
2026-08-28,186,57.00163694374935
2026-08-28,187,55.22966392375014
2026-08-28,188,75.18802371375077
2026-08-28,189,62.1865534237501
2026-08-28,190,47.792583993750185
2026-08-28,191,44.27739462375032
2026-08-28,192,52.44895277375004
2026-08-28,193,23.843677123749792
2026-08-28,194,20.092574943749412
2026-08-28,195,40.6672723437511
2026-08-28,196,44.16648457374953
2026-08-28,197,51.37348791374989
2026-08-28,198,58.91143662374998
2026-08-28,199,57.003140773750005
2026-08-28,200,56.454419373750035
2026-08-28,201,59.617825893749554
2026-08-28,202,66.77611533375023
2026-08-28,203,49.662787623751136
2026-08-28,204,43.3073052837508
2026-08-28,205,49.25207367375016
2026-08-28,206,33.83419216375031
2026-08-28,207,47.33804413375055
2026-08-28,208,44.620508463749246
2026-08-28,209,42.50612062374996
2026-08-28,210,7.478809803750387
2026-08-28,211,-15.448583986250298
2026-08-28,212,0.32602173375037324
2026-08-28,213,-0.784231376250311
2026-08-28,214,-5.2139902762502786
2026-08-28,215,-1.637592876249613
2026-08-28,216,-10.288222796249919
2026-08-28,217,-8.742440426250262
2026-08-28,218,9.374461200893592
2026-08-28,219,0.6239756508930441
2026-08-28,220,-16.348380439106627
2026-08-28,221,-7.809874349106806
2026-08-28,222,-0.3963277291066021
2026-08-28,223,-4.959625519107696
2026-08-28,224,-0.47591801910636633
2026-08-28,225,-17.03537501910651
2026-08-28,226,-10.486952749106429
2026-08-28,227,-3.6721414691073946
2026-08-28,228,-19.42152866910679
2026-08-28,229,-8.126625069107114
2026-08-28,230,0.3942137408925248
2026-08-28,231,-5.9191295591077875
2026-08-28,232,-6.834095019107039
2026-08-28,233,-19.904380079106744
2026-08-28,234,-13.319986189107219
2026-08-28,235,-13.059656519106625
2026-08-28,236,-5.800085549106626
2026-08-28,237,-11.539101519107902
2026-08-28,238,17.10392998089356
2026-08-28,239,-10.47827053910644
2026-08-28,240,-3.139125609107083
2026-08-28,241,-13.439345139108212
2026-08-28,242,-3.846998019106408
2026-08-28,243,-3.185248999107557
2026-08-28,244,-10.238106969107932
2026-08-28,245,13.893430670892698
2026-08-28,246,-9.883221499107016
2026-08-28,247,-1.8383632491072746
2026-08-28,248,-25.921690569107447
2026-08-28,249,-50.344870019107105
2026-08-28,250,-53.17427619910714
2026-08-28,251,-47.24928982910798
2026-08-28,252,-47.87144563910742
2026-08-28,253,-36.43865387910725
2026-08-28,254,-25.05783587910777
2026-08-28,255,-18.514794069107147
2026-08-28,256,-15.767526759107646
2026-08-28,257,-4.484020519106714
2026-08-28,258,11.947613230892784
2026-08-28,259,12.669352980892548
2026-08-28,260,13.97880712089379
2026-08-28,261,13.694635400892615
2026-08-28,262,9.54469748089302
2026-08-28,263,7.301261070892899
2026-08-28,264,10.770156530893047
2026-08-28,265,15.138087770893478
2026-08-28,266,15.310767030893146
2026-08-28,267,18.485634480892955
2026-08-28,268,15.138899060893976
2026-08-28,269,21.924601480892846
2026-08-28,270,30.57994413089218
2026-08-28,271,6.218491330893542
2026-08-28,272,16.84947804089326
2026-08-28,273,4.907760470892832
2026-08-28,274,-7.520686839106709
2026-08-28,275,-16.249139519107267
2026-08-28,276,-19.402276749106868
2026-08-28,277,-7.931581749106506
2026-08-28,278,-5.828819219106705
2026-08-28,279,-29.018789019106293
2026-08-28,280,-26.57235949910649
2026-08-28,281,-28.93899311910701
2026-08-28,282,-42.9714429191069
2026-08-28,283,-45.89910981339296
2026-08-28,284,-53.706778073394
2026-08-28,285,-59.19850889339262
2026-08-28,286,-69.21609226339321
2026-08-28,287,-79.98782566339204
2026-08-28,288,-71.35535706339316
2026-08-28,289,-76.47094653339306
2026-08-28,290,-74.1385792633928
2026-08-28,291,-80.9382433333926
2026-08-28,292,-79.02718763339324
2026-08-28,293,-92.44827805339226
2026-08-28,294,-85.95351261339256
2026-08-28,295,-84.12805126339306
2026-08-28,296,-87.74491471339252
2026-08-28,297,-99.03322877339326
2026-08-28,298,-82.15336276339258
2026-08-28,299,-101.63707431339226
2026-08-28,300,-95.03891445339328
2026-08-28,301,-101.51567316339204
2026-08-28,302,-99.4328341033921
2026-08-28,303,-81.7405336633924
2026-08-28,304,-73.71486226339242
2026-08-28,305,-66.42485931339213
2026-08-28,306,-65.70866889339314
2026-08-28,307,-69.32649463339237
2026-08-28,308,-68.29660928339226
2026-08-28,309,-70.06223462339327
2026-08-28,310,-65.3542275633926
2026-08-28,311,-78.15712518339271
2026-08-28,312,-87.62223643339168
2026-08-28,313,-82.63311126339265
2026-08-28,314,-72.89837084339217
2026-08-28,315,-69.64071259339266
2026-08-28,316,-82.9978127933923
2026-08-28,317,-88.62791688339252
2026-08-28,318,-97.63734176339278
2026-08-28,319,-98.25569352946364
2026-08-28,320,-98.63386954946401
2026-08-28,321,-99.67440639732023
2026-08-28,322,-106.43759904732049
2026-08-28,323,-107.98962842732094
2026-08-28,324,-107.30091869732048
2026-08-28,325,-108.5437103973214
2026-08-28,326,-106.91394039732052
2026-08-28,327,-105.7109098073208
2026-08-28,328,-111.89928889732022
2026-08-28,329,-108.99691057732036
2026-08-28,330,-107.76006891732061
2026-08-28,331,-91.00039894732042
2026-08-28,332,-102.05014994731992
2026-08-28,333,-106.7211968073202
2026-08-28,334,-117.6061003973205
2026-08-28,335,-99.64520258732044
2026-08-28,336,-113.78510610732008
2026-08-28,337,-109.9525788973205
2026-08-28,338,-98.60895889732025
2026-08-28,339,-100.26354789732004
2026-08-28,340,-109.08952321732083
2026-08-28,341,-114.89896939732054
2026-08-28,342,-112.73049432732086
2026-08-28,343,-107.00882739731945
2026-08-28,344,-105.18210303732069
2026-08-28,345,-103.86323589732139
2026-08-28,346,-102.7585732973204
2026-08-28,347,-114.68969842428484
2026-08-28,348,-114.4947660142852
2026-08-28,349,-106.24674091428416
2026-08-28,350,-113.13749187428435
2026-08-28,351,-109.72777687428473
2026-08-28,352,-109.33035688428514
2026-08-28,353,-116.56852354428426
2026-08-28,354,-112.01124637428478
2026-08-28,355,-120.92218037428432
2026-08-28,356,-120.42292337428492
2026-08-28,357,-120.45307444571365
2026-08-28,358,-104.5411724457138
2026-08-28,359,-110.47514641571395
2026-08-28,360,-98.9167969457134
2026-08-28,361,-84.63996244571389
2026-08-28,362,-84.44933529571368
2026-08-28,363,-89.23043844571355
2026-08-28,364,-95.18544894571379
2026-08-28,365,-101.97572094571417
2026-08-28,366,-123.9462679457133
2026-08-28,367,-117.54184144571367
2026-08-28,368,-108.3420214457134
2026-08-28,369,-109.49748294571405
2026-08-28,370,-111.34653002571308
2026-08-28,371,-117.56932783571365
2026-08-28,372,-121.41493130571409
2026-08-28,373,-120.8742434857134
2026-08-28,374,-124.0312237857135
2026-08-28,375,-123.98656455571306
2026-08-28,376,-117.88077294571376
2026-08-28,377,-114.93676180571363
2026-08-28,378,-119.31124844571308
2026-08-28,379,-124.11094148571352
2026-08-28,380,-124.18071154571392
2026-08-28,381,-122.93044708857096
2026-08-28,382,-120.67067308857106
2026-08-28,383,-122.71046908857126
2026-08-28,384,-124.88525158857102
2026-08-28,385,-123.20541958857099
2026-08-28,386,-123.20541958857099
2026-08-28,387,-123.20541958857099
2026-08-28,388,-123.20541958857099
2026-08-28,389,-123.20541958857099
2026-08-28,390,-123.20541958857099
2026-08-31,0,0.0
2026-08-31,1,0.0
2026-08-31,2,0.0
2026-08-31,3,0.0
2026-08-31,4,0.0
2026-08-31,5,0.0
2026-08-31,6,0.0
2026-08-31,7,0.0
2026-08-31,8,0.0
2026-08-31,9,0.0
2026-08-31,10,0.0
2026-08-31,11,0.0
2026-08-31,12,0.0
2026-08-31,13,0.0
2026-08-31,14,0.0
2026-08-31,15,0.0
2026-08-31,16,0.0
2026-08-31,17,0.0
2026-08-31,18,0.0
2026-08-31,19,0.0
2026-08-31,20,0.0
2026-08-31,21,1.583802000000091
2026-08-31,22,5.41272935000034
2026-08-31,23,5.106795890000441
2026-08-31,24,1.3989678500000764
2026-08-31,25,-3.475661649999587
2026-08-31,26,-1.5252686499998802
2026-08-31,27,-2.420457149999862
2026-08-31,28,-1.8499051499997279
2026-08-31,29,-2.16424364999974
2026-08-31,30,-9.44787285999999
2026-08-31,31,-11.445622779999596
2026-08-31,32,-20.887924149999627
2026-08-31,33,-20.612830649999857
2026-08-31,34,-28.20853222999922
2026-08-31,35,-37.66232666999938
2026-08-31,36,-26.25217364999915
2026-08-31,37,-41.253013649999104
2026-08-31,38,-48.826046669999016
2026-08-31,39,-52.98070114999934
2026-08-31,40,-61.13184614999921
2026-08-31,41,-68.54341214999982
2026-08-31,42,-74.59565031000005
2026-08-31,43,-78.79933864999958
2026-08-31,44,-99.32176172999903
2026-08-31,45,-94.7371733499995
2026-08-31,46,-105.27152364999944
2026-08-31,47,-112.48651106999961
2026-08-31,48,-100.57569114999978
2026-08-31,49,-106.65393190999914
2026-08-31,50,-117.08628008999972
2026-08-31,51,-109.89841928999894
2026-08-31,52,-113.50237964999945
2026-08-31,53,-104.00066660999974
2026-08-31,54,-98.86525614999965
2026-08-31,55,-98.58370206999973
2026-08-31,56,-91.21176595999967
2026-08-31,57,-100.20053174999978
2026-08-31,58,-108.33797537999979
2026-08-31,59,-99.47952766999956
2026-08-31,60,-90.94213091999924
2026-08-31,61,-77.73123534999974
2026-08-31,62,-93.3640131499993
2026-08-31,63,-97.79125481999972
2026-08-31,64,-102.41867152859932
2026-08-31,65,-108.03435814999933
2026-08-31,66,-116.5802786499996
2026-08-31,67,-116.11716634999965
2026-08-31,68,-115.89002408874958
2026-08-31,69,-114.52272137874961
2026-08-31,70,-119.87562058874998
2026-08-31,71,-125.4954565887496
2026-08-31,72,-135.22039000134953
2026-08-31,73,-135.93544458874925
2026-08-31,74,-129.06982408874921
2026-08-31,75,-126.60828395934949
2026-08-31,76,-122.52917008874904
2026-08-31,77,-117.18363558874894
2026-08-31,78,-116.17853508874953
2026-08-31,79,-116.43656088874972
2026-08-31,80,-117.41365858874907
2026-08-31,81,-112.96821408874992
2026-08-31,82,-109.23652158874972
2026-08-31,83,-113.0820260887497
2026-08-31,84,-119.33220711874957
2026-08-31,85,-120.38232408874948
2026-08-31,86,-121.11746958874991
2026-08-31,87,-119.04955679654971
2026-08-31,88,-118.97739958874975
2026-08-31,89,-115.86168008875013
2026-08-31,90,-111.0771576987501
2026-08-31,91,-113.27558158875023
2026-08-31,92,-108.91574558875006
2026-08-31,93,-106.8910630687494
2026-08-31,94,-109.49049898874922
2026-08-31,95,-117.90547558874943
2026-08-31,96,-114.60029408874983
2026-08-31,97,-117.76525758874986
2026-08-31,98,-118.44549558874937
2026-08-31,99,-113.49813533874978
2026-08-31,100,-121.78507756874947
2026-08-31,101,-122.63506458874954
2026-08-31,102,-122.82015108874997
2026-08-31,103,-124.98056608874977
2026-08-31,104,-135.05586258874953
2026-08-31,105,-127.2885349137497
2026-08-31,106,-129.36065011374913
2026-08-31,107,-130.16793191374978
2026-08-31,108,-126.88749291374964
2026-08-31,109,-120.86806791374974
2026-08-31,110,-123.18804991374978
2026-08-31,111,-127.33874891375028
2026-08-31,112,-121.2528022937502
2026-08-31,113,-119.83406041375025
2026-08-31,114,-125.03356041374998
2026-08-31,115,-122.79870191375004
2026-08-31,116,-126.18390741374978
2026-08-31,117,-119.69894591374947
2026-08-31,118,-117.93312231375002
2026-08-31,119,-127.70880391375012
2026-08-31,120,-121.72935403374963
2026-08-31,121,-119.71187641375047
2026-08-31,122,-118.88693791374982
2026-08-31,123,-117.30678791375004
2026-08-31,124,-115.54235441375012
2026-08-31,125,-110.11769891374975
2026-08-31,126,-116.01753491375025
2026-08-31,127,-119.45697491374999
2026-08-31,128,-124.17692091375005
2026-08-31,129,-128.84605779374965
2026-08-31,130,-125.66700691375017
2026-08-31,131,-126.13662791374992
2026-08-31,132,-126.59161241374991
2026-08-31,133,-133.60159541374975
2026-08-31,134,-126.60132141375009
2026-08-31,135,-120.77623891374975
2026-08-31,136,-125.43622291374943
2026-08-31,137,-126.33560491375026
2026-08-31,138,-130.65063341375003
2026-08-31,139,-134.97740410605002
2026-08-31,140,-137.98507991374962
2026-08-31,141,-145.2750169337499
2026-08-31,142,-150.80100555375023
2026-08-31,143,-149.19548491375002
2026-08-31,144,-145.41523891374987
2026-08-31,145,-150.40527791374967
2026-08-31,146,-140.22008641374958
2026-08-31,147,-136.0243919137493
2026-08-31,148,-137.46893841375007
2026-08-31,149,-140.14353991375015
2026-08-31,150,-136.85390691374997
2026-08-31,151,-135.8091364137502
2026-08-31,152,-136.3432879137502
2026-08-31,153,-144.25808841375022
2026-08-31,154,-139.81261091375035
2026-08-31,155,-138.42309991374955
2026-08-31,156,-139.9433419137498
2026-08-31,157,-136.8571733137503
2026-08-31,158,-142.35679541374978
2026-08-31,159,-143.09222193375058
2026-08-31,160,-137.3415218137498
2026-08-31,161,-143.46302791374995
2026-08-31,162,-141.81791741375008
2026-08-31,163,-146.36224591375031
2026-08-31,164,-143.13310891374977
2026-08-31,165,-140.54070367374982
2026-08-31,166,-143.02218291375
2026-08-31,167,-140.65202291374953
2026-08-31,168,-132.08764441374962
2026-08-31,169,-137.6527449137501
2026-08-31,170,-134.84725641315023
2026-08-31,171,-134.23159219946507
2026-08-31,172,-126.46658969946395
2026-08-31,173,-129.39159019946433
2026-08-31,174,-129.75066709946435
2026-08-31,175,-128.16606069946403
2026-08-31,176,-129.9708151994646
2026-08-31,177,-129.06293639946392
2026-08-31,178,-124.88668569946404
2026-08-31,179,-121.98715769946415
2026-08-31,180,-125.29249819946413
2026-08-31,181,-125.29069299946376
2026-08-31,182,-120.29283819946421
2026-08-31,183,-120.49782469946402
2026-08-31,184,-115.99285819946432
2026-08-31,185,-116.60815370946418
2026-08-31,186,-117.88814769946441
2026-08-31,187,-115.92290319946464
2026-08-31,188,-115.53061443946413
2026-08-31,189,-118.67238219946418
2026-08-31,190,-113.1218580994639
2026-08-31,191,-109.13466419946418
2026-08-31,192,-110.57700739946378
2026-08-31,193,-105.67572819946446
2026-08-31,194,-103.96043569946374
2026-08-31,195,-113.36434919946407
2026-08-31,196,-113.79915469946403
2026-08-31,197,-108.47467819946432
2026-08-31,198,-103.61183644946401
2026-08-31,199,-104.26808269946453
2026-08-31,200,-104.51269819946448
2026-08-31,201,-106.27277419946421
2026-08-31,202,-116.6427271994646
2026-08-31,203,-112.29140325696409
2026-08-31,204,-109.56686369946414
2026-08-31,205,-110.55659769946419
2026-08-31,206,-108.69690569946425
2026-08-31,207,-110.92714169946447
2026-08-31,208,-110.28201719946368
2026-08-31,209,-108.27171819946373
2026-08-31,210,-117.31193319946408
2026-08-31,211,-115.88870784946427
2026-08-31,212,-114.94255519946397
2026-08-31,213,-117.55780669946468
2026-08-31,214,-118.53318819946406
2026-08-31,215,-110.63781169946387
2026-08-31,216,-112.88494944946393
2026-08-31,217,-106.43277719946472
2026-08-31,218,-99.4707144494643
2026-08-31,219,-101.54817769946376
2026-08-31,220,-103.69311619946416
2026-08-31,221,-103.6278287374639
2026-08-31,222,-96.23874969946377
2026-08-31,223,-102.8694826994641
2026-08-31,224,-112.7047721994641
2026-08-31,225,-118.80008569946406
2026-08-31,226,-113.9196286994641
2026-08-31,227,-120.40127889946385
2026-08-31,228,-121.02195542946431
2026-08-31,229,-127.25345619946393
2026-08-31,230,-128.2057293994638
2026-08-31,231,-124.55850069946416
2026-08-31,232,-115.20783369946396
2026-08-31,233,-111.65311719946418
2026-08-31,234,-120.62345319946384
2026-08-31,235,-121.01254719946445
2026-08-31,236,-122.73703172946438
2026-08-31,237,-117.69056979946394
2026-08-31,238,-115.42263920946426
2026-08-31,239,-113.64260119946417
2026-08-31,240,-111.10312119946411
2026-08-31,241,-111.5580126994642
2026-08-31,242,-116.24290919946398
2026-08-31,243,-118.78831869946417
2026-08-31,244,-122.92277219946392
2026-08-31,245,-121.12242119946434
2026-08-31,246,-117.96857459946403
2026-08-31,247,-118.45274219946415
2026-08-31,248,-117.95275619946412
2026-08-31,249,-115.85293019946407
2026-08-31,250,-116.6233571994641
2026-08-31,251,-115.47365919946385
2026-08-31,252,-115.24335119946413
2026-08-31,253,-113.7314259494639
2026-08-31,254,-112.55417019946434
2026-08-31,255,-113.40911569946421
2026-08-31,256,-119.01159049946364
2026-08-31,257,-117.8492836994642
2026-08-31,258,-116.31430219946398
2026-08-31,259,-118.19369619946411
2026-08-31,260,-112.26472119946419
2026-08-31,261,-109.09012369946412
2026-08-31,262,-109.44245344946391
2026-08-31,263,-112.39462219946392
2026-08-31,264,-110.53462519946456
2026-08-31,265,-107.12471518946418
2026-08-31,266,-107.764400199464
2026-08-31,267,-107.8990536994644
2026-08-31,268,-104.27380419946401
2026-08-31,269,-102.52175999946398
2026-08-31,270,-98.456948919464
2026-08-31,271,-95.82420119946399
2026-08-31,272,-95.8842241994638
2026-08-31,273,-100.90396319946412
2026-08-31,274,-104.35671286946422
2026-08-31,275,-105.69444130946363
2026-08-31,276,-102.97374919946425
2026-08-31,277,-98.31912469946386
2026-08-31,278,-98.76991278946444
2026-08-31,279,-102.81380619946387
2026-08-31,280,-100.41062751946365
2026-08-31,281,-103.52395519946413
2026-08-31,282,-101.57365610946445
2026-08-31,283,-98.45974369946461
2026-08-31,284,-101.6795216994645
2026-08-31,285,-99.00970969946425
2026-08-31,286,-99.54110684946444
2026-08-31,287,-96.37960169946412
2026-08-31,288,-95.36956969946424
2026-08-31,289,-93.14675399946407
2026-08-31,290,-95.50941869946416
2026-08-31,291,-97.50412019946452
2026-08-31,292,-92.21666249946429
2026-08-31,293,-87.35964362946436
2026-08-31,294,-85.3335781594641
2026-08-31,295,-89.36380519946428
2026-08-31,296,-86.97912069946382
2026-08-31,297,-85.90934469946407
2026-08-31,298,-85.0368174494642
2026-08-31,299,-87.18665394946413
2026-08-31,300,-88.79937769946402
2026-08-31,301,-87.18352109946426
2026-08-31,302,-84.24948869946448
2026-08-31,303,-84.95406219946415
2026-08-31,304,-87.51144243946392
2026-08-31,305,-85.83154644946426
2026-08-31,306,-85.84383319946394
2026-08-31,307,-83.19466629946388
2026-08-31,308,-79.98794669946456
2026-08-31,309,-82.03338619946429
2026-08-31,310,-89.7448771235638
2026-08-31,311,-88.79341219946437
2026-08-31,312,-89.64838969946429
2026-08-31,313,-90.85328719946435
2026-08-31,314,-84.04821869946443
2026-08-31,315,-87.51686569946406
2026-08-31,316,-81.37180519946403
2026-08-31,317,-80.14673869946414
2026-08-31,318,-80.65874554946423
2026-08-31,319,-88.35267319946426
2026-08-31,320,-94.63965944946382
2026-08-31,321,-98.9819591994638
2026-08-31,322,-101.45226220946469
2026-08-31,323,-102.98216219946434
2026-08-31,324,-110.38130719946437
2026-08-31,325,-119.54050819946427
2026-08-31,326,-123.75495169946427
2026-08-31,327,-121.6698001994638
2026-08-31,328,-123.70095569535734
2026-08-31,329,-127.90507819535712
2026-08-31,330,-139.10000769535642
2026-08-31,331,-137.7485245953571
2026-08-31,332,-141.55033270335664
2026-08-31,333,-143.04512819535643
2026-08-31,334,-142.30968669535727
2026-08-31,335,-136.89335703535627
2026-08-31,336,-133.05569329535643
2026-08-31,337,-136.45107071535654
2026-08-31,338,-133.03558119535663
2026-08-31,339,-142.344468035357
2026-08-31,340,-140.19851549535647
2026-08-31,341,-137.26514019535665
2026-08-31,342,-133.74670639535668
2026-08-31,343,-139.42456819535636
2026-08-31,344,-134.65458519535645
2026-08-31,345,-130.0431231453564
2026-08-31,346,-137.21453519535646
2026-08-31,347,-127.54884669535662
2026-08-31,348,-126.48373019535688
2026-08-31,349,-122.47424919535652
2026-08-31,350,-120.164092195357
2026-08-31,351,-119.78388219535654
2026-08-31,352,-122.66453219535634
2026-08-31,353,-129.55588719535695
2026-08-31,354,-133.49554719535683
2026-08-31,355,-129.21050469535655
2026-08-31,356,-128.3052141753566
2026-08-31,357,-134.23585519535652
2026-08-31,358,-137.33665519535666
2026-08-31,359,-138.7096724353565
2026-08-31,360,-139.99505019535582
2026-08-31,361,-137.9216053853559
2026-08-31,362,-139.46624135535683
2026-08-31,363,-136.17676643535646
2026-08-31,364,-149.51966457535605
2026-08-31,365,-150.43995660535634
2026-08-31,366,-149.8262892153553
2026-08-31,367,-145.99087769535657
2026-08-31,368,-150.51756335535586
2026-08-31,369,-144.249370495356
2026-08-31,370,-144.05700319535643
2026-08-31,371,-144.81089365535587
2026-08-31,372,-145.6916106953564
2026-08-31,373,-145.1752051153564
2026-08-31,374,-132.00834543535623
2026-08-31,375,-133.81237175535563
2026-08-31,376,-137.95217869535537
2026-08-31,377,-134.00897744535655
2026-08-31,378,-143.28773321535675
2026-08-31,379,-143.0262980153559
2026-08-31,380,-134.47357169535678
2026-08-31,381,-123.18071258642803
2026-08-31,382,-125.29807430642816
2026-08-31,383,-130.0252969864276
2026-08-31,384,-119.02633965642805
2026-08-31,385,-122.72481698642802
2026-08-31,386,-122.72481698642802
2026-08-31,387,-122.72481698642802
2026-08-31,388,-122.72481698642802
2026-08-31,389,-122.72481698642802
2026-08-31,390,-122.72481698642802
2026-09-01,0,0.0
2026-09-01,1,0.0
2026-09-01,2,0.0
2026-09-01,3,0.0
2026-09-01,4,0.0
2026-09-01,5,0.0
2026-09-01,6,0.0
2026-09-01,7,0.0
2026-09-01,8,0.0
2026-09-01,9,0.0
2026-09-01,10,0.0
2026-09-01,11,0.0
2026-09-01,12,0.0
2026-09-01,13,0.0
2026-09-01,14,0.0
2026-09-01,15,0.0
2026-09-01,16,0.0
2026-09-01,17,0.0
2026-09-01,18,0.0
2026-09-01,19,0.0
2026-09-01,20,-6.539044499999079
2026-09-01,21,0.9780613000011016
2026-09-01,22,8.768820750000884
2026-09-01,23,11.4003238700015
2026-09-01,24,10.16163800000114
2026-09-01,25,-36.82885449999935
2026-09-01,26,-58.71554121428488
2026-09-01,27,-33.24736034428493
2026-09-01,28,-67.81796671428518
2026-09-01,29,-61.552641414284594
2026-09-01,30,-93.49914845428454
2026-09-01,31,-99.56672271428538
2026-09-01,32,-97.61971071428495
2026-09-01,33,-95.87935271428474
2026-09-01,34,-94.6829987371417
2026-09-01,35,-94.03595741499966
2026-09-01,36,-95.5193457749992
2026-09-01,37,-91.07124902499886
2026-09-01,38,-87.3909610249996
2026-09-01,39,-82.70124402499965
2026-09-01,40,-77.80423852499938
2026-09-01,41,-69.40795089499873
2026-09-01,42,-60.758148024998974
2026-09-01,43,-46.44538272499841
2026-09-01,44,-49.490766044999376
2026-09-01,45,-41.86013092499897
2026-09-01,46,-41.13493566499952
2026-09-01,47,-44.84452252499912
2026-09-01,48,-35.55321752499883
2026-09-01,49,-38.39345352499973
2026-09-01,50,-43.55666177499856
2026-09-01,51,-47.335255694998736
2026-09-01,52,-44.654683524999356
2026-09-01,53,-34.058868024999256
2026-09-01,54,-41.25392552499872
2026-09-01,55,-37.11836752499916
2026-09-01,56,-42.82111777499895
2026-09-01,57,-41.65548282499904
2026-09-01,58,-40.50428202499846
2026-09-01,59,-38.103674024998725
2026-09-01,60,-46.710030524998686
2026-09-01,61,-57.18503802499875
2026-09-01,62,-55.46563403499849
2026-09-01,63,-52.01508102499946
2026-09-01,64,-54.4454800249993
2026-09-01,65,-61.24026307499878
2026-09-01,66,-57.99269672196323
2026-09-01,67,-55.058091221963466
2026-09-01,68,-54.374514891963074
2026-09-01,69,-57.48266972196289
2026-09-01,70,-52.95368072196304
2026-09-01,71,-46.70371972196327
2026-09-01,72,-50.034564721963434
2026-09-01,73,-53.65408962196311
2026-09-01,74,-58.32368577196354
2026-09-01,75,-56.18798822196307
2026-09-01,76,-56.4413615919632
2026-09-01,77,-53.51307272196341
2026-09-01,78,-52.39388519196346
2026-09-01,79,-52.48732332196329
2026-09-01,80,-51.39828522196338
2026-09-01,81,-48.982489721963034
2026-09-01,82,-52.28268572196322
2026-09-01,83,-53.561957721962955
2026-09-01,84,-59.05891502196337
2026-09-01,85,-64.6724127219632
2026-09-01,86,-62.41189872196348
2026-09-01,87,-67.19234472196338
2026-09-01,88,-68.72711822196352
2026-09-01,89,-68.44815022196353
2026-09-01,90,-69.61263472196322
2026-09-01,91,-76.1273182219632
2026-09-01,92,-75.8423937219633
2026-09-01,93,-73.27421652196328
2026-09-01,94,-77.93711522196399
2026-09-01,95,-82.3611899219635
2026-09-01,96,-80.11872167196307
2026-09-01,97,-81.73393472196332
2026-09-01,98,-84.5240857219633
2026-09-01,99,-83.18954422196323
2026-09-01,100,-80.35548472196318
2026-09-01,101,-83.21034622196319
2026-09-01,102,-83.48537372196303
2026-09-01,103,-80.72823402196302
2026-09-01,104,-82.79056822196308
2026-09-01,105,-82.76683522196379
2026-09-01,106,-77.85933402196355
2026-09-01,107,-75.99715022196341
2026-09-01,108,-72.33287372196318
2026-09-01,109,-67.34912812196346
2026-09-01,110,-69.90171672196304
2026-09-01,111,-76.70206517196227
2026-09-01,112,-71.86691722196255
2026-09-01,113,-77.88719722196277
2026-09-01,114,-92.64804122196269
2026-09-01,115,-92.23766022196321
2026-09-01,116,-95.5224147219635
2026-09-01,117,-100.60773022196294
2026-09-01,118,-97.61217572196288
2026-09-01,119,-95.33231972196353
2026-09-01,120,-106.66291672196286
2026-09-01,121,-106.18306872196244
2026-09-01,122,-110.47072792196248
2026-09-01,123,-106.88246872196275
2026-09-01,124,-107.16109292196242
2026-09-01,125,-104.81356572196347
2026-09-01,126,-108.34350672196275
2026-09-01,127,-105.20855722196295
2026-09-01,128,-112.11346172196292
2026-09-01,129,-108.84487568160547
2026-09-01,130,-129.7380493616053
2026-09-01,131,-153.388547061606
2026-09-01,132,-153.24950073160556
2026-09-01,133,-166.8213357216058
2026-09-01,134,-180.17994874160593
2026-09-01,135,-200.64915462160525
2026-09-01,136,-218.76373546553384
2026-09-01,137,-216.25862245553424
2026-09-01,138,-216.3663992655341
2026-09-01,139,-209.14297276553367
2026-09-01,140,-209.42151476553374
2026-09-01,141,-196.88823824553464
2026-09-01,142,-185.03284090553376
2026-09-01,143,-192.4643456055336
2026-09-01,144,-191.65939037553431
2026-09-01,145,-178.37961226553392
2026-09-01,146,-174.60981926553342
2026-09-01,147,-174.18996926553382
2026-09-01,148,-183.5886732655339
2026-09-01,149,-186.09438072553428
2026-09-01,150,-175.54296896553345
2026-09-01,151,-177.6695345055337
2026-09-01,152,-168.91559068553389
2026-09-01,153,-161.17857142553356
2026-09-01,154,-150.9344095355342
2026-09-01,155,-152.9017182655337
2026-09-01,156,-147.31384714553377
2026-09-01,157,-169.7962237655344
2026-09-01,158,-165.7867378655334
2026-09-01,159,-167.42062446553365
2026-09-01,160,-169.19961256553407
2026-09-01,161,-169.96724676553433
2026-09-01,162,-169.6906954855338
2026-09-01,163,-163.9684087655338
2026-09-01,164,-160.27713996553385
2026-09-01,165,-169.04220544553408
2026-09-01,166,-162.9689987655335
2026-09-01,167,-169.23789576553315
2026-09-01,168,-151.87234920553374
2026-09-01,169,-147.50908676553357
2026-09-01,170,-118.96527132553358
2026-09-01,171,-127.28770400553346
2026-09-01,172,-140.58854276553404
2026-09-01,173,-142.2123493355339
2026-09-01,174,-134.05931376553326
2026-09-01,175,-125.56637408553343
2026-09-01,176,-110.22070976553373
2026-09-01,177,-109.13572526553378
2026-09-01,178,-117.30064576553406
2026-09-01,179,-118.49577426553417
2026-09-01,180,-84.77824526553388
2026-09-01,181,-75.25630794839098
2026-09-01,182,-73.72149340839081
2026-09-01,183,-70.31645392839064
2026-09-01,184,-63.16224340839058
2026-09-01,185,-48.978868908390666
2026-09-01,186,-67.64167140839041
2026-09-01,187,-60.16208540839085
2026-09-01,188,-51.95295640839046
2026-09-01,189,-63.56684390839095
2026-09-01,190,-62.45446742839039
2026-09-01,191,-64.94740515839081
2026-09-01,192,-58.800699908391124
2026-09-01,193,-62.265893408390966
2026-09-01,194,-62.99636340839086
2026-09-01,195,-64.5366373483912
2026-09-01,196,-69.66271674839054
2026-09-01,197,-70.24052190839059
2026-09-01,198,-65.69946196839068
2026-09-01,199,-66.66993286839076
2026-09-01,200,-71.45538281839069
2026-09-01,201,-73.11446340839133
2026-09-01,202,-67.4450474083906
2026-09-01,203,-58.50052590839073
2026-09-01,204,-62.268490438391
2026-09-01,205,-77.61195787839152
2026-09-01,206,-80.34417825839068
2026-09-01,207,-82.89484208839093
2026-09-01,208,-76.76875907839096
2026-09-01,209,-76.34962466839063
2026-09-01,210,-77.94984564839078
2026-09-01,211,-75.7764047383911
2026-09-01,212,-78.7858910683913
2026-09-01,213,-78.81727290839066
2026-09-01,214,-72.4676799083908
2026-09-01,215,-73.99744390839057
2026-09-01,216,-76.83038756839072
2026-09-01,217,-67.653630308391
2026-09-01,218,-67.93856630839036
2026-09-01,219,-67.0277969083908
2026-09-01,220,-52.03340140839077
2026-09-01,221,-55.28676606839096
2026-09-01,222,-59.087854908390966
2026-09-01,223,-53.03202560839077
2026-09-01,224,-52.88953287839094
2026-09-01,225,-57.961683648390675
2026-09-01,226,-51.239413908391
2026-09-01,227,-56.195879248390725
2026-09-01,228,-59.52545020839118
2026-09-01,229,-54.908365908390806
2026-09-01,230,-65.03224861838999
2026-09-01,231,-60.516957158390554
2026-09-01,232,-64.08951087839041
2026-09-01,233,-50.09237165839042
2026-09-01,234,-51.93232065839045
2026-09-01,235,-57.10654045839011
2026-09-01,236,-45.359073298391074
2026-09-01,237,-49.69986915839113
2026-09-01,238,-50.66125936839066
2026-09-01,239,-57.11952315839101
2026-09-01,240,-55.12204131839058
2026-09-01,241,-54.3284191583905
2026-09-01,242,-46.2382841583895
2026-09-01,243,-50.20936815839031
2026-09-01,244,-50.09467465839005
2026-09-01,245,-49.643927658390595
2026-09-01,246,-40.94968613839033
2026-09-01,247,-47.46944215839038
2026-09-01,248,-42.438926158390245
2026-09-01,249,-43.0068808683909
2026-09-01,250,-48.624635658390524
2026-09-01,251,-45.80997175839024
2026-09-01,252,-47.4027983283903
2026-09-01,253,-45.83046115839092
2026-09-01,254,-40.60557065839051
2026-09-01,255,-37.68117215839098
2026-09-01,256,-32.55186708839084
2026-09-01,257,-38.05110509839045
2026-09-01,258,-26.311520158390827
2026-09-01,259,-34.110324258390236
2026-09-01,260,-32.306502658390535
2026-09-01,261,-42.18243904839042
2026-09-01,262,-39.206789658390335
2026-09-01,263,-30.352434158391056
2026-09-01,264,-37.56277605839074
2026-09-01,265,-31.307028658390443
2026-09-01,266,-28.33184015839077
2026-09-01,267,-35.40307995839057
2026-09-01,268,-34.16158515839054
2026-09-01,269,-36.94120215839048
2026-09-01,270,-31.436668648390473
2026-09-01,271,-25.12140515839048
2026-09-01,272,-20.035543008390718
2026-09-01,273,-14.397237924105362
2026-09-01,274,-3.4399479441047234
2026-09-01,275,3.4072758058960346
2026-09-01,276,-2.105397444104362
2026-09-01,277,2.62884905589501
2026-09-01,278,1.5769592158955632
2026-09-01,279,-0.5418368941049962
2026-09-01,280,1.660679555895534
2026-09-01,281,1.3205345558951436
2026-09-01,282,8.035218055895584
2026-09-01,283,16.221916475895277
2026-09-01,284,15.864478055895255
2026-09-01,285,30.848439555895304
2026-09-01,286,38.27744751589575
2026-09-01,287,29.931802055896036
2026-09-01,288,25.547145555895362
2026-09-01,289,27.649839805895276
2026-09-01,290,35.95953123589518
2026-09-01,291,29.64523147589525
2026-09-01,292,23.456978545895403
2026-09-01,293,28.817560445895616
2026-09-01,294,21.660825055895707
2026-09-01,295,19.161402115895704
2026-09-01,296,28.72652755589538
2026-09-01,297,36.1817790558949
2026-09-01,298,33.832374055895706
2026-09-01,299,35.217058395895116
2026-09-01,300,34.75553369589526
2026-09-01,301,25.77766255589534
2026-09-01,302,24.90749355589552
2026-09-01,303,30.83273605589553
2026-09-01,304,35.82768055589526
2026-09-01,305,29.544300855895507
2026-09-01,306,29.782586055895273
2026-09-01,307,31.94075821589555
2026-09-01,308,32.69132321589573
2026-09-01,309,38.319592865895665
2026-09-01,310,42.78728555589536
2026-09-01,311,58.46636851589604
2026-09-01,312,49.83514561732341
2026-09-01,313,51.68180329732332
2026-09-01,314,51.65799187732356
2026-09-01,315,47.52087112732338
2026-09-01,316,43.17069512732329
2026-09-01,317,42.03570362732385
2026-09-01,318,44.90595362732396
2026-09-01,319,44.177259517324025
2026-09-01,320,47.44918437732432
2026-09-01,321,47.19487572732357
2026-09-01,322,45.3161396273238
2026-09-01,323,45.966460627324274
2026-09-01,324,44.78138812732394
2026-09-01,325,44.996456627323774
2026-09-01,326,41.92136912732392
2026-09-01,327,45.21673162732444
2026-09-01,328,48.41671362732395
2026-09-01,329,42.841222127323455
2026-09-01,330,36.56607662732373
2026-09-01,331,39.79679562732347
2026-09-01,332,39.69043692732411
2026-09-01,333,33.76208012732315
2026-09-01,334,27.776185627323805
2026-09-01,335,24.02126912732397
2026-09-01,336,27.31829448732416
2026-09-01,337,31.554439307323413
2026-09-01,338,30.397403627324856
2026-09-01,339,33.40541637732401
2026-09-01,340,25.82578185732391
2026-09-01,341,28.625469337324212
2026-09-01,342,28.377580537323645
2026-09-01,343,26.764840555895525
2026-09-01,344,21.493031455895654
2026-09-01,345,19.243854555895645
2026-09-01,346,21.863990555895278
2026-09-01,347,19.949120055895214
2026-09-01,348,21.054033555895735
2026-09-01,349,14.776100805895233
2026-09-01,350,19.438964055895532
2026-09-01,351,13.53376055589542
2026-09-01,352,18.519212055895572
2026-09-01,353,18.68410655589546
2026-09-01,354,18.82170580589591
2026-09-01,355,19.108835055895277
2026-09-01,356,17.653646555895172
2026-09-01,357,15.873441555894665
2026-09-01,358,12.017956055895162
2026-09-01,359,8.710389775895273
2026-09-01,360,11.361157695895919
2026-09-01,361,28.171286545895818
2026-09-01,362,28.076819075896005
2026-09-01,363,22.34123759589628
2026-09-01,364,21.01560507589543
2026-09-01,365,16.000222575895556
2026-09-01,366,24.821953575895783
2026-09-01,367,18.53706207589571
2026-09-01,368,22.212790555895516
2026-09-01,369,16.92813207589598
2026-09-01,370,30.298253075895936
2026-09-01,371,32.204247575896126
2026-09-01,372,33.80961207589585
2026-09-01,373,26.799521095896047
2026-09-01,374,26.284389575895922
2026-09-01,375,20.633946565895634
2026-09-01,376,16.53333257589626
2026-09-01,377,17.276783935895516
2026-09-01,378,17.448989075895533
2026-09-01,379,19.69880400589549
2026-09-01,380,24.227806865895737
2026-09-01,381,24.99497657589564
2026-09-01,382,26.540153075895553
2026-09-01,383,30.115493575895535
2026-09-01,384,31.84056307589612
2026-09-01,385,31.91051807589617
2026-09-01,386,31.91051807589617
2026-09-01,387,31.91051807589617
2026-09-01,388,31.91051807589617
2026-09-01,389,31.91051807589617
2026-09-01,390,31.91051807589617
2026-09-02,0,0.0
2026-09-02,1,0.0
2026-09-02,2,0.0
2026-09-02,3,0.0
2026-09-02,4,0.0
2026-09-02,5,0.0
2026-09-02,6,0.0
2026-09-02,7,0.0
2026-09-02,8,0.0
2026-09-02,9,0.0
2026-09-02,10,0.0
2026-09-02,11,0.0
2026-09-02,12,0.0
2026-09-02,13,0.0
2026-09-02,14,0.0
2026-09-02,15,0.0
2026-09-02,16,0.0
2026-09-02,17,0.0
2026-09-02,18,0.0
2026-09-02,19,0.0
2026-09-02,20,0.0
2026-09-02,21,39.55723774000063
2026-09-02,22,31.647502890000446
2026-09-02,23,15.645769250000406
2026-09-02,24,26.25298787999985
2026-09-02,25,33.65659416000011
2026-09-02,26,51.16508577999913
2026-09-02,27,36.05586700000018
2026-09-02,28,39.45591649999995
2026-09-02,29,62.734393500000294
2026-09-02,30,29.99024275000059
2026-09-02,31,109.82485880000021
2026-09-02,32,78.62122899714298
2026-09-02,33,40.353267857142995
2026-09-02,34,27.285477057142593
2026-09-02,35,54.50776660714394
2026-09-02,36,64.10974475714345
2026-09-02,37,54.47830597714261
2026-09-02,38,66.85084863714275
2026-09-02,39,74.78073903714304
2026-09-02,40,57.48473217714401
2026-09-02,41,80.66958335714364
2026-09-02,42,85.85296617714371
2026-09-02,43,88.42783225714312
2026-09-02,44,91.87843710500047
2026-09-02,45,67.09069837500132
2026-09-02,46,59.656518875000785
2026-09-02,47,47.531754595000905
2026-09-02,48,21.395519265000104
2026-09-02,49,17.58867895803641
2026-09-02,50,18.37030913803725
2026-09-02,51,-27.911865651963744
2026-09-02,52,-10.295403061962503
2026-09-02,53,-14.863992141962939
2026-09-02,54,8.252635418036974
2026-09-02,55,27.268599798036433
2026-09-02,56,9.93230253803749
2026-09-02,57,14.737086868036641
2026-09-02,58,7.3327683580356435
2026-09-02,59,-17.13392296196369
2026-09-02,60,-5.598063181962933
2026-09-02,61,-26.595652141963846
2026-09-02,62,-33.634087861963415
2026-09-02,63,-38.34289464196319
2026-09-02,64,-92.45966555214224
2026-09-02,65,-78.43208496214254
2026-09-02,66,-97.01042784214225
2026-09-02,67,-79.58700652214162
2026-09-02,68,-52.705589842142054
2026-09-02,69,-76.42173128214208
2026-09-02,70,-87.3969630021422
2026-09-02,71,-52.50006397214207
2026-09-02,72,-70.60098855214267
2026-09-02,73,-56.410429442141776
2026-09-02,74,-58.14729202214184
2026-09-02,75,-37.70815452214262
2026-09-02,76,-30.420479682142208
2026-09-02,77,-25.65365902214146
2026-09-02,78,17.244215217857946
2026-09-02,79,13.175226297857936
2026-09-02,80,32.73064067785792
2026-09-02,81,44.74028154785805
2026-09-02,82,36.82717032785851
2026-09-02,83,16.54795049785807
2026-09-02,84,25.99020471785721
2026-09-02,85,46.917779737857956
2026-09-02,86,43.7184483478583
2026-09-02,87,54.97974232785816
2026-09-02,88,61.34520384785834
2026-09-02,89,69.70822039785834
2026-09-02,90,83.33347551785778
2026-09-02,91,80.14957721785811
2026-09-02,92,73.14150431785808
2026-09-02,93,69.99020139785806
2026-09-02,94,86.1712952778577
2026-09-02,95,67.06781212785825
2026-09-02,96,58.6789517178571
2026-09-02,97,52.99461427785843
2026-09-02,98,34.59448121785837
2026-09-02,99,24.763436217857787
2026-09-02,100,36.627500097858544
2026-09-02,101,28.097604937857668
2026-09-02,102,30.556282717858195
2026-09-02,103,47.0117761978575
2026-09-02,104,51.6038617978578
2026-09-02,105,44.364374907857155
2026-09-02,106,23.844870467858158
2026-09-02,107,16.104440467859177
2026-09-02,108,-5.912292962142249
2026-09-02,109,-13.44797554214173
2026-09-02,110,-36.04539578214243
2026-09-02,111,-34.61830628214142
2026-09-02,112,-32.77960228214198
2026-09-02,113,-10.377561102142693
2026-09-02,114,-53.33330374214209
2026-09-02,115,-56.40422540214121
2026-09-02,116,-47.26034390214102
2026-09-02,117,-65.06655260214173
2026-09-02,118,-73.8006173421424
2026-09-02,119,-89.54451896214204
2026-09-02,120,-117.20678182214151
2026-09-02,121,-125.9184855874984
2026-09-02,122,-135.34452332749896
2026-09-02,123,-153.82831044749904
2026-09-02,124,-151.90599898749895
2026-09-02,125,-149.8763044674993
2026-09-02,126,-156.1800065874991
2026-09-02,127,-131.51718058749924
2026-09-02,128,-150.59456678749885
2026-09-02,129,-136.78472549749935
2026-09-02,130,-144.08954258749904
2026-09-02,131,-133.85881476749867
2026-09-02,132,-149.3442120574996
2026-09-02,133,-141.32991971749857
2026-09-02,134,-159.64376315749828
2026-09-02,135,-146.58881018749872
2026-09-02,136,-161.2160665874987
2026-09-02,137,-170.62029322749962
2026-09-02,138,-153.94607268749832
2026-09-02,139,-157.81608571749928
2026-09-02,140,-159.1572395574992
2026-09-02,141,-163.19638653749857
2026-09-02,142,-156.95050093749907
2026-09-02,143,-146.55917787749982
2026-09-02,144,-150.5007462574993
2026-09-02,145,-163.75815358749927
2026-09-02,146,-180.459098687499
2026-09-02,147,-179.45938958749818
2026-09-02,148,-193.48158858749912
2026-09-02,149,-194.64293958749766
2026-09-02,150,-183.7916621374979
2026-09-02,151,-178.57222074749842
2026-09-02,152,-166.78567200749836
2026-09-02,153,-185.55511906749786
2026-09-02,154,-179.35196858749825
2026-09-02,155,-186.6873000874987
2026-09-02,156,-191.57937322749754
2026-09-02,157,-176.2772390874989
2026-09-02,158,-171.8623275874978
2026-09-02,159,-162.64304366749838
2026-09-02,160,-169.00785011749784
2026-09-02,161,-152.0656660874988
2026-09-02,162,-146.67941058749847
2026-09-02,163,-158.7536152074983
2026-09-02,164,-146.10672464749842
2026-09-02,165,-138.0520808174993
2026-09-02,166,-132.27863067749806
2026-09-02,167,-132.2161025874986
2026-09-02,168,-141.5964836974981
2026-09-02,169,-151.65553204749858
2026-09-02,170,-146.39661272749808
2026-09-02,171,-143.15520442749778
2026-09-02,172,-134.57805498749832
2026-09-02,173,-152.9760966474981
2026-09-02,174,-154.53195925749765
2026-09-02,175,-151.5116996174981
2026-09-02,176,-149.04513278749832
2026-09-02,177,-142.01734564749842
2026-09-02,178,-150.55794958749902
2026-09-02,179,-148.8621010874979
2026-09-02,180,-143.0041375174975
2026-09-02,181,-148.69597558749837
2026-09-02,182,-152.12968526749665
2026-09-02,183,-147.8956105874971
2026-09-02,184,-153.03345359749827
2026-09-02,185,-166.91192002749693
2026-09-02,186,-157.69312248749787
2026-09-02,187,-152.63067906749785
2026-09-02,188,-138.80526375749784
2026-09-02,189,-152.17116108749812
2026-09-02,190,-153.0875289274979
2026-09-02,191,-145.60756537749805
2026-09-02,192,-138.28956946749818
2026-09-02,193,-138.28134634749736
2026-09-02,194,-140.4496631374974
2026-09-02,195,-135.54904108749835
2026-09-02,196,-124.40125680749817
2026-09-02,197,-120.14283863749833
2026-09-02,198,-121.14781928749807
2026-09-02,199,-117.35165958749792
2026-09-02,200,-111.69144262749808
2026-09-02,201,-118.73316837749854
2026-09-02,202,-107.27430817178379
2026-09-02,203,-102.20113872178328
2026-09-02,204,-103.26742497035374
2026-09-02,205,-95.19799738035485
2026-09-02,206,-107.65172562035445
2026-09-02,207,-109.94777827035435
2026-09-02,208,-123.61632207035487
2026-09-02,209,-130.3270704303542
2026-09-02,210,-128.3300693503545
2026-09-02,211,-135.00042227035487
2026-09-02,212,-141.0955728303546
2026-09-02,213,-127.68449077035487
2026-09-02,214,-124.30631791035458
2026-09-02,215,-128.76835307035495
2026-09-02,216,-127.35994027035477
2026-09-02,217,-112.38281877035479
2026-09-02,218,-100.99319683035517
2026-09-02,219,-111.4382462703544
2026-09-02,220,-116.03713727035367
2026-09-02,221,-120.69757027035396
2026-09-02,222,-113.66553892035364
2026-09-02,223,-123.85159791035488
2026-09-02,224,-126.9283093303539
2026-09-02,225,-122.25605237035404
2026-09-02,226,-127.33979067035438
2026-09-02,227,-114.90126873035359
2026-09-02,228,-116.48733547035442
2026-09-02,229,-121.88459430035519
2026-09-02,230,-126.89846577035419
2026-09-02,231,-142.73727687035398
2026-09-02,232,-133.7804189303543
2026-09-02,233,-128.40862573035452
2026-09-02,234,-124.13150109035436
2026-09-02,235,-111.10294229035384
2026-09-02,236,-115.0351848703553
2026-09-02,237,-120.26992312749655
2026-09-02,238,-119.99257348749717
2026-09-02,239,-117.66506859749714
2026-09-02,240,-112.76836036749725
2026-09-02,241,-98.42707662749754
2026-09-02,242,-102.20775252749792
2026-09-02,243,-107.71058528749785
2026-09-02,244,-100.0776086274974
2026-09-02,245,-114.55843862749688
2026-09-02,246,-117.00224012749754
2026-09-02,247,-116.76709262749779
2026-09-02,248,-116.09211118749718
2026-09-02,249,-113.9169966274981
2026-09-02,250,-113.97163112749709
2026-09-02,251,-114.5356702274974
2026-09-02,252,-118.01604552749731
2026-09-02,253,-119.3623321274971
2026-09-02,254,-119.9761417674975
2026-09-02,255,-132.1660059974979
2026-09-02,256,-129.21319042749604
2026-09-02,257,-129.9069469474971
2026-09-02,258,-121.69460975749716
2026-09-02,259,-128.56702699749744
2026-09-02,260,-141.54850849749775
2026-09-02,261,-141.754047027498
2026-09-02,262,-138.23081425749817
2026-09-02,263,-135.8146830874983
2026-09-02,264,-138.15927143749832
2026-09-02,265,-156.1286340074979
2026-09-02,266,-151.02230578749825
2026-09-02,267,-154.0330857574978
2026-09-02,268,-154.68681909749876
2026-09-02,269,-154.98924129749795
2026-09-02,270,-159.9564960974976
2026-09-02,271,-145.49450689749787
2026-09-02,272,-161.10776489749753
2026-09-02,273,-160.42999023749812
2026-09-02,274,-170.72620094464037
2026-09-02,275,-187.31925428464046
2026-09-02,276,-168.59420388464062
2026-09-02,277,-157.95169788464057
2026-09-02,278,-159.51281789464042
2026-09-02,279,-163.26540743464034
2026-09-02,280,-178.10102970464018
2026-09-02,281,-176.09217782464034
2026-09-02,282,-176.52841224464015
2026-09-02,283,-181.4165629646401
2026-09-02,284,-188.3518061624983
2026-09-02,285,-190.2327291424976
2026-09-02,286,-194.6313060730327
2026-09-02,287,-192.66245125303266
2026-09-02,288,-189.641596593033
2026-09-02,289,-191.47894710303274
2026-09-02,290,-186.17374007303317
2026-09-02,291,-183.7457229130331
2026-09-02,292,-190.75089778303283
2026-09-02,293,-192.13420207303272
2026-09-02,294,-191.77018957303284
2026-09-02,295,-191.09612807303336
2026-09-02,296,-192.7806791330334
2026-09-02,297,-187.6391025330327
2026-09-02,298,-184.58909257303264
2026-09-02,299,-178.8098197330329
2026-09-02,300,-183.34351088303345
2026-09-02,301,-188.48687550303322
2026-09-02,302,-184.11363207303333
2026-09-02,303,-213.6466762887468
2026-09-02,304,-200.47166624874717
2026-09-02,305,-211.99201826874753
2026-09-02,306,-211.68860994874734
2026-09-02,307,-208.82169836874766
2026-09-02,308,-213.24243684874733
2026-09-02,309,-226.2678797487473
2026-09-02,310,-227.78043150874754
2026-09-02,311,-234.0587540801763
2026-09-02,312,-230.78904608017615
2026-09-02,313,-233.29360178017646
2026-09-02,314,-228.2717618801763
2026-09-02,315,-230.55120908017608
2026-09-02,316,-230.9758075801766
2026-09-02,317,-228.24737478017607
2026-09-02,318,-232.0368405801762
2026-09-02,319,-227.71578669017657
2026-09-02,320,-233.6040205801765
2026-09-02,321,-237.15422258017531
2026-09-02,322,-232.59122928017558
2026-09-02,323,-232.1839114901756
2026-09-02,324,-228.70822220017607
2026-09-02,325,-224.6580912601759
2026-09-02,326,-214.69558276392598
2026-09-02,327,-210.92369295392555
2026-09-02,328,-218.49897645392582
2026-09-02,329,-214.74931751392594
2026-09-02,330,-202.51345979392545
2026-09-02,331,-197.57545795392565
2026-09-02,332,-199.41313827392642
2026-09-02,333,-201.08474010392644
2026-09-02,334,-198.24561675392545
2026-09-02,335,-198.48546516392554
2026-09-02,336,-196.01433645392575
2026-09-02,337,-184.9957774939262
2026-09-02,338,-184.7066675939266
2026-09-02,339,-194.43430022392613
2026-09-02,340,-196.4207478139263
2026-09-02,341,-207.94160783535517
2026-09-02,342,-216.34398363535442
2026-09-02,343,-196.46511062535455
2026-09-02,344,-192.8125203453543
2026-09-02,345,-191.18978702535532
2026-09-02,346,-185.87741576535493
2026-09-02,347,-189.86940902535505
2026-09-02,348,-181.364872665355
2026-09-02,349,-174.77307252535485
2026-09-02,350,-172.55934374535434
2026-09-02,351,-179.08252952535497
2026-09-02,352,-186.297788025355
2026-09-02,353,-190.27840020535564
2026-09-02,354,-188.48930782535467
2026-09-02,355,-184.19666000535472
2026-09-02,356,-184.3818815253547
2026-09-02,357,-186.76321185535434
2026-09-02,358,-198.2675792153548
2026-09-02,359,-193.9444434453542
2026-09-02,360,-191.1283461653546
2026-09-02,361,-210.25843084535475
2026-09-02,362,-213.93708334535515
2026-09-02,363,-211.03546668535517
2026-09-02,364,-211.41133578535533
2026-09-02,365,-207.84053929535517
2026-09-02,366,-205.56041932535535
2026-09-02,367,-193.19763502535503
2026-09-02,368,-195.79862384535494
2026-09-02,369,-191.42756996535428
2026-09-02,370,-183.95832706535526
2026-09-02,371,-181.198417025355
2026-09-02,372,-182.97708257535487
2026-09-02,373,-189.18909402535482
2026-09-02,374,-194.520320965355
2026-09-02,375,-206.17905702535487
2026-09-02,376,-205.195526465355
2026-09-02,377,-206.92428652535557
2026-09-02,378,-218.8645555253547
2026-09-02,379,-210.14823796535464
2026-09-02,380,-216.62836802535548
2026-09-02,381,-222.438625025354
2026-09-02,382,-218.02514477535414
2026-09-02,383,-206.395339905355
2026-09-02,384,-234.66699774535428
2026-09-02,385,-232.54961202535512
2026-09-02,386,-232.54961202535512
2026-09-02,387,-232.54961202535512
2026-09-02,388,-232.54961202535512
2026-09-02,389,-232.54961202535512
2026-09-02,390,-232.54961202535512
2026-09-03,0,0.0
2026-09-03,1,0.0
2026-09-03,2,0.0
2026-09-03,3,0.0
2026-09-03,4,0.0
2026-09-03,5,0.0
2026-09-03,6,0.0
2026-09-03,7,0.0
2026-09-03,8,0.0
2026-09-03,9,0.0
2026-09-03,10,0.0
2026-09-03,11,0.0
2026-09-03,12,0.0
2026-09-03,13,0.0
2026-09-03,14,0.0
2026-09-03,15,0.0
2026-09-03,16,0.0
2026-09-03,17,0.0
2026-09-03,18,0.0
2026-09-03,19,0.0
2026-09-03,20,-5.397881500000032
2026-09-03,21,-40.05894724000001
2026-09-03,22,-42.14963955999936
2026-09-03,23,-5.297557358213503
2026-09-03,24,-47.39986719821381
2026-09-03,25,-27.966097728211544
2026-09-03,26,7.472115381788377
2026-09-03,27,31.781356538930822
2026-09-03,28,-28.646723791068744
2026-09-03,29,-36.62025899107043
2026-09-03,30,43.32718457893052
2026-09-03,31,112.34591057893209
2026-09-03,32,91.61813782036037
2026-09-03,33,91.80385752750327
2026-09-03,34,108.15436352750157
2026-09-03,35,101.42969044893171
2026-09-03,36,94.23149589893134
2026-09-03,37,98.49223891893084
2026-09-03,38,124.30487709893129
2026-09-03,39,99.93062519893148
2026-09-03,40,83.97754938893137
2026-09-03,41,21.59456844893183
2026-09-03,42,31.203971648931798
2026-09-03,43,40.11271542893136
2026-09-03,44,95.59688269893176
2026-09-03,45,57.29448559893245
2026-09-03,46,51.25669895893148
2026-09-03,47,62.84739899893145
2026-09-03,48,59.38298766893132
2026-09-03,49,50.48871553893096
2026-09-03,50,62.09652919893129
2026-09-03,51,82.98049491964602
2026-09-03,52,78.10367735964641
2026-09-03,53,65.9894901221462
2026-09-03,54,67.17945706214651
2026-09-03,55,83.57822897214524
2026-09-03,56,110.95092580214533
2026-09-03,57,92.25041338214544
2026-09-03,58,80.89803282214584
2026-09-03,59,77.51832306214598
2026-09-03,60,83.6366681221455
2026-09-03,61,100.31360544714587
2026-09-03,62,114.39286265714586
2026-09-03,63,117.26945811714617
2026-09-03,64,117.60332470893215
2026-09-03,65,99.48502339893125
2026-09-03,66,106.4427707689305
2026-09-03,67,101.59387774893158
2026-09-03,68,63.67269772893134
2026-09-03,69,37.82211562893114
2026-09-03,70,54.568289898931496
2026-09-03,71,44.97535296893126
2026-09-03,72,46.748269338930875
2026-09-03,73,41.50973229893113
2026-09-03,74,60.19405789893206
2026-09-03,75,50.43658629893149
2026-09-03,76,61.5883453989316
2026-09-03,77,47.25517539893241
2026-09-03,78,64.74522519893145
2026-09-03,79,81.06760846893079
2026-09-03,80,67.63038278893114
2026-09-03,81,66.66178883893207
2026-09-03,82,66.17987839893159
2026-09-03,83,58.54325605893117
2026-09-03,84,54.378484448931786
2026-09-03,85,61.127014338931346
2026-09-03,86,84.79939039893115
2026-09-03,87,63.01441105893093
2026-09-03,88,23.51211786071744
2026-09-03,89,21.024141097324808
2026-09-03,90,-13.16093773267616
2026-09-03,91,-15.60425700321143
2026-09-03,92,-34.172486813212146
2026-09-03,93,-44.76568762249722
2026-09-03,94,-43.41039982249707
2026-09-03,95,-31.074453212497737
2026-09-03,96,-12.765663882497371
2026-09-03,97,-13.264108632496686
2026-09-03,98,-16.75535200249761
2026-09-03,99,-10.284271552497458
2026-09-03,100,-19.943326872496527
2026-09-03,101,-27.81922227249712
2026-09-03,102,-19.40514970249727
2026-09-03,103,-29.206284362497364
2026-09-03,104,-34.02213132249684
2026-09-03,105,-18.122718412497
2026-09-03,106,-13.603769203926277
2026-09-03,107,-33.565777203926146
2026-09-03,108,-31.595133203926224
2026-09-03,109,-19.517629963925586
2026-09-03,110,-20.795463373925678
2026-09-03,111,-24.19344320392532
2026-09-03,112,-27.48646130392646
2026-09-03,113,-24.31905083392565
2026-09-03,114,5.6780812160739345
2026-09-03,115,-9.419391703926408
2026-09-03,116,-19.842837303925833
2026-09-03,117,-34.10699496392591
2026-09-03,118,-34.01542122392578
2026-09-03,119,-27.036798093925732
2026-09-03,120,-35.225680203926416
2026-09-03,121,-45.379931703926005
2026-09-03,122,-55.52001084392744
2026-09-03,123,-59.69592920392631
2026-09-03,124,-59.33248279392541
2026-09-03,125,-71.63510526392643
2026-09-03,126,-72.82847425392542
2026-09-03,127,-73.85695691892624
2026-09-03,128,-66.57682851892577
2026-09-03,129,-60.3492651589259
2026-09-03,130,-64.20382345892496
2026-09-03,131,-50.09642001892621
2026-09-03,132,-73.18661727892616
2026-09-03,133,-70.97266078892625
2026-09-03,134,-59.25094579892517
2026-09-03,135,-62.47666801892555
2026-09-03,136,-34.51474645892604
2026-09-03,137,-26.752508438925474
2026-09-03,138,-39.786546678925774
2026-09-03,139,-27.63989778892561
2026-09-03,140,-13.890167238925514
2026-09-03,141,-7.1804678103538535
2026-09-03,142,-20.53690865035402
2026-09-03,143,-6.456604950354283
2026-09-03,144,-1.8675269903534115
2026-09-03,145,-6.227291190353931
2026-09-03,146,6.435240349645433
2026-09-03,147,31.415768549645932
2026-09-03,148,37.199662139645866
2026-09-03,149,9.498491249646072
2026-09-03,150,14.982489079646385
2026-09-03,151,28.61169024964586
2026-09-03,152,11.021688099645772
2026-09-03,153,12.857144749646146
2026-09-03,154,32.26661396964591
2026-09-03,155,17.90398831964533
2026-09-03,156,20.351865209645958
2026-09-03,157,26.77217134964586
2026-09-03,158,30.449205969645973
2026-09-03,159,9.101836249645643
2026-09-03,160,23.690263949646173
2026-09-03,161,22.687716749645965
2026-09-03,162,23.112776749645704
2026-09-03,163,35.797423639646425
2026-09-03,164,43.42263199964619
2026-09-03,165,46.169234639646
2026-09-03,166,46.018057009645624
2026-09-03,167,31.892259569646356
2026-09-03,168,22.013430729645393
2026-09-03,169,2.072891589645785
2026-09-03,170,8.334240749646007
2026-09-03,171,13.913898749646727
2026-09-03,172,11.683363749646304
2026-09-03,173,1.6570320796462141
2026-09-03,174,12.70702373964587
2026-09-03,175,6.465159829645749
2026-09-03,176,-2.6274858903537677
2026-09-03,177,-2.7808995503545333
2026-09-03,178,2.714120649645409
2026-09-03,179,4.269357999645308
2026-09-03,180,15.569961749645074
2026-09-03,181,0.0037655796462843227
2026-09-03,182,3.9290624296450076
2026-09-03,183,0.7147406496457123
2026-09-03,184,7.767685039645805
2026-09-03,185,-10.06206175035365
2026-09-03,186,-26.908579980354332
2026-09-03,187,-34.435287250354044
2026-09-03,188,-51.565090490354194
2026-09-03,189,-61.7628187503541
2026-09-03,190,-63.26904644035368
2026-09-03,191,-66.46018125035432
2026-09-03,192,-68.6319418403542
2026-09-03,193,-59.7404747203546
2026-09-03,194,-69.77793401035349
2026-09-03,195,-66.09646525035365
2026-09-03,196,-61.37063231821088
2026-09-03,197,-38.4848211682113
2026-09-03,198,-48.62193008821062
2026-09-03,199,-44.3305980482116
2026-09-03,200,-46.67105706821167
2026-09-03,201,-33.64495678821042
2026-09-03,202,-26.152769898210646
2026-09-03,203,-21.384226848209796
2026-09-03,204,-7.734498048210813
2026-09-03,205,-15.400996348210565
2026-09-03,206,-15.646934078210638
2026-09-03,207,-25.627461228210453
2026-09-03,208,-24.298775128211506
2026-09-03,209,-15.211600538210998
2026-09-03,210,-12.568335298210922
2026-09-03,211,-35.24897130821057
2026-09-03,212,-32.380848958211345
2026-09-03,213,-23.21882172821144
2026-09-03,214,-24.251529728211427
2026-09-03,215,-31.462863218211055
2026-09-03,216,-11.482149338212029
2026-09-03,217,-2.754891568210816
2026-09-03,218,21.574268931789028
2026-09-03,219,28.77906475178788
2026-09-03,220,-2.9913453882102736
2026-09-03,221,-30.996754568210925
2026-09-03,222,-40.443214128210386
2026-09-03,223,-14.897238358210373
2026-09-03,224,-2.8387686382095225
2026-09-03,225,-13.970055548211171
2026-09-03,226,-10.867308448210565
2026-09-03,227,-23.686172808210266
2026-09-03,228,-26.05373147821068
2026-09-03,229,-23.612586008210798
2026-09-03,230,14.98470545178969
2026-09-03,231,-0.1966635182110359
2026-09-03,232,8.825644311788718
2026-09-03,233,4.56945198178925
2026-09-03,234,9.3537575517886
2026-09-03,235,4.643639571788462
2026-09-03,236,3.8582114517890425
2026-09-03,237,20.004261811788616
2026-09-03,238,-11.131162628210497
2026-09-03,239,2.8567669917889873
2026-09-03,240,-1.2007667982098624
2026-09-03,241,-6.339605608211251
2026-09-03,242,-1.7025932582113512
2026-09-03,243,-4.7172053982104245
2026-09-03,244,5.498140681790222
2026-09-03,245,18.582596311788915
2026-09-03,246,55.20500343178943
2026-09-03,247,77.02935293178888
2026-09-03,248,67.69313227178992
2026-09-03,249,70.19465757178907
2026-09-03,250,66.0052503517889
2026-09-03,251,66.48150430178916
2026-09-03,252,78.39696625178968
2026-09-03,253,89.0016910717899
2026-09-03,254,80.06427615178896
2026-09-03,255,82.39481276178901
2026-09-03,256,71.81251514178892
2026-09-03,257,80.6995173917897
2026-09-03,258,74.47452743178786
2026-09-03,259,56.76639429179034
2026-09-03,260,58.00578643179021
2026-09-03,261,43.432884291789506
2026-09-03,262,38.28135513178836
2026-09-03,263,53.90559360178912
2026-09-03,264,48.027391011790435
2026-09-03,265,36.93786820178944
2026-09-03,266,43.89480543178913
2026-09-03,267,46.03669491178928
2026-09-03,268,51.66827815178898
2026-09-03,269,43.70821393178925
2026-09-03,270,29.232103518753554
2026-09-03,271,-6.875407471246998
2026-09-03,272,-12.679993671247036
2026-09-03,273,-10.81488217124662
2026-09-03,274,-8.217924561247447
2026-09-03,275,13.200728878753658
2026-09-03,276,26.303593978753256
2026-09-03,277,29.063663138752784
2026-09-03,278,14.68531808875273
2026-09-03,279,2.171103898752971
2026-09-03,280,-2.060439671246126
2026-09-03,281,12.532380148752889
2026-09-03,282,7.565438838751977
2026-09-03,283,4.441021258752674
2026-09-03,284,-9.116840851246572
2026-09-03,285,-16.940722361247506
2026-09-03,286,-23.241683471245867
2026-09-03,287,-27.76411024124741
2026-09-03,288,-21.16084274124685
2026-09-03,289,-4.13671089124653
2026-09-03,290,-19.59905777124626
2026-09-03,291,-16.23312255124651
2026-09-03,292,-18.015147201246762
2026-09-03,293,-11.962117411246876
2026-09-03,294,-12.320300731247272
2026-09-03,295,-29.598772651246875
2026-09-03,296,-22.470154611246016
2026-09-03,297,-35.343481671246614
2026-09-03,298,-35.264061551246414
2026-09-03,299,-43.9985413603535
2026-09-03,300,-56.65817215035446
2026-09-03,301,-69.04461155035489
2026-09-03,302,-59.323524780353566
2026-09-03,303,-57.42831425035402
2026-09-03,304,-79.24453304035386
2026-09-03,305,-65.3926400203546
2026-09-03,306,-58.66611228035383
2026-09-03,307,-65.03702616035406
2026-09-03,308,-52.12284340035458
2026-09-03,309,-59.971174660353824
2026-09-03,310,-59.39434028035441
2026-09-03,311,-41.018885790353856
2026-09-03,312,-61.10351904035423
2026-09-03,313,-60.06119681035423
2026-09-03,314,-55.437975780354066
2026-09-03,315,-70.006238640354
2026-09-03,316,-66.25915936035369
2026-09-03,317,-72.49839128035299
2026-09-03,318,-72.67311486035464
2026-09-03,319,-75.61221599035338
2026-09-03,320,-89.77736498035352
2026-09-03,321,-70.23235665035428
2026-09-03,322,-69.14924650035387
2026-09-03,323,-76.42050983035386
2026-09-03,324,-83.62466017035375
2026-09-03,325,-79.8738793203537
2026-09-03,326,-70.22703478035434
2026-09-03,327,-74.13335709035441
2026-09-03,328,-60.06641847035456
2026-09-03,329,-63.27491717035332
2026-09-03,330,-43.434619280354056
2026-09-03,331,-50.618892960353875
2026-09-03,332,-55.50850164035312
2026-09-03,333,-34.42481737035489
2026-09-03,334,-37.314793540354245
2026-09-03,335,-48.419551840354345
2026-09-03,336,-38.73811008035419
2026-09-03,337,-45.650090590354125
2026-09-03,338,-41.90219841035437
2026-09-03,339,-39.10718440035451
2026-09-03,340,-40.15683136035376
2026-09-03,341,-8.13890528035365
2026-09-03,342,2.6447340496463276
2026-09-03,343,10.422533559645341
2026-09-03,344,-5.222692970354
2026-09-03,345,-1.9397411203535206
2026-09-03,346,13.99965738964524
2026-09-03,347,11.162824039646015
2026-09-03,348,6.809568719646794
2026-09-03,349,11.913407959646495
2026-09-03,350,19.962850399646815
2026-09-03,351,14.681413539646076
2026-09-03,352,15.435241079646051
2026-09-03,353,15.636503439645285
2026-09-03,354,36.959416509646005
2026-09-03,355,30.6565109053609
2026-09-03,356,39.22026138536002
2026-09-03,357,54.80164384535975
2026-09-03,358,48.709325238217914
2026-09-03,359,44.56678337821752
2026-09-03,360,11.497273528218347
2026-09-03,361,14.74111506821713
2026-09-03,362,28.345188648218514
2026-09-03,363,23.452331948218944
2026-09-03,364,27.05547664821754
2026-09-03,365,27.19285328821822
2026-09-03,366,33.11032518821803
2026-09-03,367,47.738389068217785
2026-09-03,368,53.54873014821793
2026-09-03,369,51.64231584821725
2026-09-03,370,40.69792004821794
2026-09-03,371,27.332369658218017
2026-09-03,372,16.983938648218032
2026-09-03,373,2.10914214821803
2026-09-03,374,-2.890237791781015
2026-09-03,375,-15.263086851782116
2026-09-03,376,-21.01732548178209
2026-09-03,377,1.126963988217728
2026-09-03,378,9.547219628218006
2026-09-03,379,32.07585063821725
2026-09-03,380,38.18682564821772
2026-09-03,381,43.36140914821897
2026-09-03,382,43.93873738821782
2026-09-03,383,51.81435790821865
2026-09-03,384,44.31673764821842
2026-09-03,385,43.831742148218375
2026-09-03,386,43.831742148218375
2026-09-03,387,43.831742148218375
2026-09-03,388,43.831742148218375
2026-09-03,389,43.831742148218375
2026-09-03,390,43.831742148218375
2026-09-04,0,0.0
2026-09-04,1,0.0
2026-09-04,2,0.0
2026-09-04,3,0.0
2026-09-04,4,0.0
2026-09-04,5,0.0
2026-09-04,6,0.0
2026-09-04,7,0.0
2026-09-04,8,0.0
2026-09-04,9,0.0
2026-09-04,10,0.0
2026-09-04,11,0.0
2026-09-04,12,0.0
2026-09-04,13,0.0
2026-09-04,14,0.0
2026-09-04,15,0.0
2026-09-04,16,0.0
2026-09-04,17,0.0
2026-09-04,18,0.0
2026-09-04,19,0.0
2026-09-04,20,3.303525200000138
2026-09-04,21,18.750556020000346
2026-09-04,22,25.956426700000435
2026-09-04,23,7.602813300000662
2026-09-04,24,13.334546980000958
2026-09-04,25,-28.763539239998842
2026-09-04,26,-12.399387539998642
2026-09-04,27,-40.67340693999852
2026-09-04,28,-30.226264299999016
2026-09-04,29,-40.552642519998635
2026-09-04,30,-50.58638526999768
2026-09-04,31,-49.270326739998715
2026-09-04,32,-40.48423073999794
2026-09-04,33,-55.48703009999855
2026-09-04,34,-64.79523275999892
2026-09-04,35,-12.605988489998595
2026-09-04,36,-30.8346534899988
2026-09-04,37,-25.613845489998084
2026-09-04,38,-24.21729798999877
2026-09-04,39,-17.580544489998232
2026-09-04,40,-22.267422669998425
2026-09-04,41,-0.844152929997918
2026-09-04,42,8.2911191671446
2026-09-04,43,4.583751402858567
2026-09-04,44,24.009208102859056
2026-09-04,45,0.7820456528596509
2026-09-04,46,-0.8229068471409349
2026-09-04,47,5.878265152860116
2026-09-04,48,12.609370272859458
2026-09-04,49,25.30382363285876
2026-09-04,50,19.701357152858684
2026-09-04,51,21.739468152859118
2026-09-04,52,13.033888652859197
2026-09-04,53,7.3029076528587495
2026-09-04,54,0.8865140528593827
2026-09-04,55,-13.961130527141037
2026-09-04,56,-23.33315720714033
2026-09-04,57,-21.582444897140867
2026-09-04,58,-28.825307076604993
2026-09-04,59,-23.95605717660486
2026-09-04,60,-22.440356726605046
2026-09-04,61,-33.86901767660483
2026-09-04,62,-36.69212007660491
2026-09-04,63,-48.958403676604156
2026-09-04,64,-28.13413933660496
2026-09-04,65,-29.212531016604082
2026-09-04,66,-20.70498027660419
2026-09-04,67,-9.96979577660403
2026-09-04,68,-22.508064516604676
2026-09-04,69,-22.83645927660511
2026-09-04,70,-29.090740776604882
2026-09-04,71,-49.54242877660557
2026-09-04,72,-34.99897845660443
2026-09-04,73,-38.68945377660446
2026-09-04,74,-29.524125276604842
2026-09-04,75,-42.50192253660423
2026-09-04,76,-25.008856776604134
2026-09-04,77,-32.55428727660525
2026-09-04,78,-27.993440266603898
2026-09-04,79,-31.386651259462027
2026-09-04,80,-41.25212769946221
2026-09-04,81,-17.128580419461713
2026-09-04,82,-22.744597919461576
2026-09-04,83,-7.814202919461529
2026-09-04,84,-4.586143169461501
2026-09-04,85,4.156211080537794
2026-09-04,86,7.908422200538375
2026-09-04,87,7.9570710805386895
2026-09-04,88,-4.825604029460891
2026-09-04,89,7.1123585805384195
2026-09-04,90,5.801768580538742
2026-09-04,91,11.347170080538639
2026-09-04,92,15.971993580538616
2026-09-04,93,24.05768808053756
2026-09-04,94,26.747951080538073
2026-09-04,95,20.096061520538676
2026-09-04,96,24.992761240538556
2026-09-04,97,18.377784460537413
2026-09-04,98,14.887145460538015
2026-09-04,99,17.136063580537744
2026-09-04,100,30.6945370805379
2026-09-04,101,8.883419320539367
2026-09-04,102,15.3591401305382
2026-09-04,103,9.791010960538415
2026-09-04,104,6.347153340538455
2026-09-04,105,10.371534080538076
2026-09-04,106,8.661755080537574
2026-09-04,107,8.881927080538524
2026-09-04,108,31.10906933053799
2026-09-04,109,34.48932624053798
2026-09-04,110,29.630240060538064
2026-09-04,111,31.17441482053823
2026-09-04,112,16.59067708053837
2026-09-04,113,17.860947080538587
2026-09-04,114,21.19193808053894
2026-09-04,115,21.443390720538332
2026-09-04,116,12.641318100538285
2026-09-04,117,20.776908620537917
2026-09-04,118,28.666023080537983
2026-09-04,119,33.64888149053857
2026-09-04,120,28.65780158053886
2026-09-04,121,27.82180577053817
2026-09-04,122,44.11064809053832
2026-09-04,123,56.44279708053814
2026-09-04,124,57.43216400053804
2026-09-04,125,61.085637580538176
2026-09-04,126,56.410023080537115
2026-09-04,127,56.78076902053755
2026-09-04,128,57.27627278053765
2026-09-04,129,53.73047582053812
2026-09-04,130,76.81687022053794
2026-09-04,131,86.32089278625241
2026-09-04,132,77.12639894625175
2026-09-04,133,79.54427454482344
2026-09-04,134,71.33360058482307
2026-09-04,135,81.15814224482402
2026-09-04,136,78.78652923482333
2026-09-04,137,88.9838307948235
2026-09-04,138,95.34722823482342
2026-09-04,139,98.06284179482368
2026-09-04,140,92.5526457948235
2026-09-04,141,99.2830137948231
2026-09-04,142,95.51386779482274
2026-09-04,143,96.37247679482364
2026-09-04,144,97.77267279482338
2026-09-04,145,99.64863615482302
2026-09-04,146,104.04150267482375
2026-09-04,147,106.44024975482289
2026-09-04,148,102.44218491482312
2026-09-04,149,89.35353753482337
2026-09-04,150,85.57639635482334
2026-09-04,151,85.89622029482358
2026-09-04,152,77.08874481482349
2026-09-04,153,75.41961879482386
2026-09-04,154,66.68330829482343
2026-09-04,155,59.744194294823416
2026-09-04,156,58.41385929482338
2026-09-04,157,61.02453129482318
2026-09-04,158,58.273621204822845
2026-09-04,159,60.84977379482363
2026-09-04,160,65.2803197748237
2026-09-04,161,79.07366511482353
2026-09-04,162,68.80241154482273
2026-09-04,163,64.34039079482262
2026-09-04,164,61.379639794823305
2026-09-04,165,60.11872875482345
2026-09-04,166,53.947851874822874
2026-09-04,167,56.09404029482269
2026-09-04,168,68.37913473482325
2026-09-04,169,63.3486057948232
2026-09-04,170,73.41780579482368
2026-09-04,171,70.09621095482348
2026-09-04,172,73.07326929482397
2026-09-04,173,71.7084837948229
2026-09-04,174,72.32013381482318
2026-09-04,175,71.9005287948232
2026-09-04,176,79.76018883482303
2026-09-04,177,77.23633329482321
2026-09-04,178,69.96178473482354
2026-09-04,179,84.35270991482378
2026-09-04,180,79.88864019482254
2026-09-04,181,84.83943537482314
2026-09-04,182,94.38963357482302
2026-09-04,183,93.43734129482354
2026-09-04,184,101.43248286482333
2026-09-04,185,101.33746329482342
2026-09-04,186,95.86857429482302
2026-09-04,187,99.67906929482334
2026-09-04,188,104.43005235482329
2026-09-04,189,100.10891823482339
2026-09-04,190,97.8241707948234
2026-09-04,191,87.84890229482292
2026-09-04,192,92.40365877482287
2026-09-04,193,86.46874929482352
2026-09-04,194,84.05881329482303
2026-09-04,195,86.60877429482393
2026-09-04,196,90.62405679482384
2026-09-04,197,96.42246369482416
2026-09-04,198,100.28385879482343
2026-09-04,199,99.95076849482349
2026-09-04,200,101.4950558148242
2026-09-04,201,104.88819429482268
2026-09-04,202,99.59255385482341
2026-09-04,203,108.55815933482354
2026-09-04,204,105.3315123948234
2026-09-04,205,102.70781529482284
2026-09-04,206,112.84843629482386
2026-09-04,207,111.47398779482289
2026-09-04,208,112.05847329482373
2026-09-04,209,112.74386979482335
2026-09-04,210,109.40516679482333
2026-09-04,211,107.47027029482403
2026-09-04,212,106.07429649482349
2026-09-04,213,100.42228329482329
2026-09-04,214,107.26362141482315
2026-09-04,215,102.43214829482342
2026-09-04,216,101.92195836482368
2026-09-04,217,96.75590508482271
2026-09-04,218,95.48867070482271
2026-09-04,219,98.4998307948227
2026-09-04,220,102.73753404482382
2026-09-04,221,100.7602417548232
2026-09-04,222,100.6447072548233
2026-09-04,223,94.19378874482364
2026-09-04,224,107.69509431482278
2026-09-04,225,111.03973377482343
2026-09-04,226,100.7305866948231
2026-09-04,227,100.95183639482363
2026-09-04,228,107.16562509482377
2026-09-04,229,100.48890279482346
2026-09-04,230,103.11969579482363
2026-09-04,231,95.36945379482324
2026-09-04,232,99.72623049482279
2026-09-04,233,96.84438129482406
2026-09-04,234,112.514362294823
2026-09-04,235,116.22426729482358
2026-09-04,236,118.84865079482243
2026-09-04,237,115.42921479482311
2026-09-04,238,105.81928779482358
2026-09-04,239,107.41977579482352
2026-09-04,240,108.47557629482274
2026-09-04,241,111.91073679482409
2026-09-04,242,113.94121179482363
2026-09-04,243,115.50239169482312
2026-09-04,244,119.04514398482313
2026-09-04,245,124.57850010053845
2026-09-04,246,128.083926480537
2026-09-04,247,127.7332855805371
2026-09-04,248,125.05802808053771
2026-09-04,249,122.44316058053701
2026-09-04,250,124.02780408053756
2026-09-04,251,127.97288358053773
2026-09-04,252,115.97264358053704
2026-09-04,253,112.38148800053716
2026-09-04,254,110.05723908053793
2026-09-04,255,108.25227762053757
2026-09-04,256,114.25780008053752
2026-09-04,257,119.91724308053763
2026-09-04,258,112.82255058053828
2026-09-04,259,116.94367152053759
2026-09-04,260,114.21332358053742
2026-09-04,261,106.20803208053752
2026-09-04,262,111.18275358053789
2026-09-04,263,111.76512438053754
2026-09-04,264,110.6465833205375
2026-09-04,265,114.25758708053813
2026-09-04,266,114.96734208053738
2026-09-04,267,115.72220256053701
2026-09-04,268,116.13146658053823
2026-09-04,269,115.99094358053708
2026-09-04,270,109.65010758053796
2026-09-04,271,117.8353780805369
2026-09-04,272,119.26148052053681
2026-09-04,273,119.04407724053765
2026-09-04,274,118.86137058053784
2026-09-04,275,121.0512325805377
2026-09-04,276,125.64109758053758
2026-09-04,277,122.15790792053781
2026-09-04,278,117.9805375805379
2026-09-04,279,119.62607508053755
2026-09-04,280,119.53625508053693
2026-09-04,281,120.41667108053771
2026-09-04,282,122.04108258053746
2026-09-04,283,119.10783984053727
2026-09-04,284,122.82017058053744
2026-09-04,285,132.29670345053637
2026-09-04,286,131.22416329053755
2026-09-04,287,135.23966579053754
2026-09-04,288,138.0674709105366
2026-09-04,289,143.93957779053756
2026-09-04,290,146.72414329053703
2026-09-04,291,154.77911016053798
2026-09-04,292,153.15742922053698
2026-09-04,293,160.1473816048226
2026-09-04,294,159.20257300482342
2026-09-04,295,160.07366890482297
2026-09-04,296,165.19276900482265
2026-09-04,297,164.56676950482307
2026-09-04,298,160.9277815048232
2026-09-04,299,165.0827320048229
2026-09-04,300,162.63305500482318
2026-09-04,301,158.87790850482293
2026-09-04,302,164.8674295048234
2026-09-04,303,170.16734650482294
2026-09-04,304,160.77131200482341
2026-09-04,305,166.10584750482337
2026-09-04,306,161.80330780482234
2026-09-04,307,166.52678350482307
2026-09-04,308,158.92683550482286
2026-09-04,309,155.25147400482308
2026-09-04,310,153.34151800482283
2026-09-04,311,156.47672650482332
2026-09-04,312,156.06139000482273
2026-09-04,313,154.55732062482235
2026-09-04,314,152.65140100482301
2026-09-04,315,154.24636150482314
2026-09-04,316,157.5869875048233
2026-09-04,317,156.87473572482344
2026-09-04,318,156.5113990048235
2026-09-04,319,151.0504909648226
2026-09-04,320,153.1978313248236
2026-09-04,321,153.39571252482284
2026-09-04,322,142.72543150482372
2026-09-04,323,139.61997400482375
2026-09-04,324,140.23478350482316
2026-09-04,325,140.94575650482363
2026-09-04,326,140.93554450482281
2026-09-04,327,137.67021100482296
2026-09-04,328,150.1762946248224
2026-09-04,329,147.0048215848235
2026-09-04,330,153.72847912482257
2026-09-04,331,150.0127196848225
2026-09-04,332,145.5636774448232
2026-09-04,333,141.12588850482322
2026-09-04,334,141.09610450482307
2026-09-04,335,143.9165564248225
2026-09-04,336,140.66694550482302
2026-09-04,337,134.33262196482303
2026-09-04,338,140.482798004823
2026-09-04,339,143.928221504823
2026-09-04,340,143.10786250482317
2026-09-04,341,138.02821750482252
2026-09-04,342,139.1704057048234
2026-09-04,343,133.73218300482256
2026-09-04,344,134.06669350482326
2026-09-04,345,135.2184797548229
2026-09-04,346,134.44734961482266
2026-09-04,347,137.54623150482297
2026-09-04,348,135.64632550482327
2026-09-04,349,148.63159600482254
2026-09-04,350,153.2655535048229
2026-09-04,351,163.3903690048234
2026-09-04,352,156.8161105048224
2026-09-04,353,162.50131300482263
2026-09-04,354,161.4306340048223
2026-09-04,355,156.69453058482276
2026-09-04,356,159.5400820048232
2026-09-04,357,161.2226876848227
2026-09-04,358,148.59956800482314
2026-09-04,359,144.7049755048228
2026-09-04,360,140.41697950482268
2026-09-04,361,157.9581325048228
2026-09-04,362,153.6928450948227
2026-09-04,363,152.21582950482303
2026-09-04,364,164.42091100482355
2026-09-04,365,163.1911180048237
2026-09-04,366,164.55685150482333
2026-09-04,367,158.37429376482288
2026-09-04,368,155.8574335048229
2026-09-04,369,156.72684550482347
2026-09-04,370,148.2813710548233
2026-09-04,371,149.85496564482287
2026-09-04,372,144.24368326482335
2026-09-04,373,123.9699970048231
2026-09-04,374,135.2455754848229
2026-09-04,375,137.5963576048228
2026-09-04,376,144.46701250482334
2026-09-04,377,145.00679650482243
2026-09-04,378,132.8464315048227
2026-09-04,379,146.7991232548228
2026-09-04,380,146.3811070048232
2026-09-04,381,145.20084700482377
2026-09-04,382,143.07116200482344
2026-09-04,383,138.5209390048237
2026-09-04,384,139.51059400482333
2026-09-04,385,139.26056500482386
2026-09-04,386,139.26056500482386
2026-09-04,387,139.26056500482386
2026-09-04,388,139.26056500482386
2026-09-04,389,139.26056500482386
2026-09-04,390,139.26056500482386
2026-09-08,0,0.0
2026-09-08,1,0.0
2026-09-08,2,0.0
2026-09-08,3,0.0
2026-09-08,4,0.0
2026-09-08,5,0.0
2026-09-08,6,0.0
2026-09-08,7,0.0
2026-09-08,8,0.0
2026-09-08,9,0.0
2026-09-08,10,0.0
2026-09-08,11,0.0
2026-09-08,12,0.0
2026-09-08,13,0.0
2026-09-08,14,0.0
2026-09-08,15,0.0
2026-09-08,16,0.0
2026-09-08,17,0.0
2026-09-08,18,0.0
2026-09-08,19,0.0
2026-09-08,20,43.25946828000184
2026-09-08,21,64.9490236100007
2026-09-08,22,136.40338590857365
2026-09-08,23,146.11412471428685
2026-09-08,24,137.36574996428686
2026-09-08,25,75.11726739428673
2026-09-08,26,65.41201638428691
2026-09-08,27,73.5365188442866
2026-09-08,28,53.955781044286155
2026-09-08,29,98.30689415428608
2026-09-08,30,156.84991285571616
2026-09-08,31,186.51826225571455
2026-09-08,32,169.8535506271432
2026-09-08,33,171.45855326714408
2026-09-08,34,168.95880454714333
2026-09-08,35,176.08276048714333
2026-09-08,36,196.4774739967865
2026-09-08,37,236.04473271678668
2026-09-08,38,266.84539353678656
2026-09-08,39,287.7167765367864
2026-09-08,40,264.9041358167866
2026-09-08,41,292.652372476786
2026-09-08,42,242.1826447967853
2026-09-08,43,230.66211293678612
2026-09-08,44,216.32887170678643
2026-09-08,45,191.8838863367863
2026-09-08,46,177.85885393678663
2026-09-08,47,197.08568956678656
2026-09-08,48,205.09827163678537
2026-09-08,49,202.7429861367863
2026-09-08,50,160.48325252678595
2026-09-08,51,115.29580225678566
2026-09-08,52,108.3206331867855
2026-09-08,53,109.06423078678563
2026-09-08,54,92.33618933678613
2026-09-08,55,125.19039223678601
2026-09-08,56,115.35732052678574
2026-09-08,57,117.57399223678607
2026-09-08,58,100.6000697367852
2026-09-08,59,77.04746483678542
2026-09-08,60,102.46383306678528
2026-09-08,61,96.69317008678578
2026-09-08,62,99.4695255367868
2026-09-08,63,98.53733603678577
2026-09-08,64,65.96847853678594
2026-09-08,65,101.9038256967859
2026-09-08,66,111.14498263678641
2026-09-08,67,101.76131045678565
2026-09-08,68,62.898590556786615
2026-09-08,69,112.34418993678662
2026-09-08,70,119.28590549678566
2026-09-08,71,85.5207062967869
2026-09-08,72,87.02025260678585
2026-09-08,73,91.86015055678607
2026-09-08,74,87.33208580678655
2026-09-08,75,110.86141844678534
2026-09-08,76,109.3849271367855
2026-09-08,77,112.56242985678637
2026-09-08,78,117.33161179678584
2026-09-08,79,104.59352603678644
2026-09-08,80,74.67242217678591
2026-09-08,81,75.62956091678544
2026-09-08,82,81.42316437678573
2026-09-08,83,76.21156920678567
2026-09-08,84,56.08942309678619
2026-09-08,85,66.16205742678565
2026-09-08,86,75.39828710678535
2026-09-08,87,107.35582262678528
2026-09-08,88,89.0053204067867
2026-09-08,89,82.43014696678554
2026-09-08,90,79.87569750678594
2026-09-08,91,119.59453271535733
2026-09-08,92,125.36386347535708
2026-09-08,93,143.9687839153571
2026-09-08,94,154.34161935535792
2026-09-08,95,142.3463314853571
2026-09-08,96,143.39200067535756
2026-09-08,97,145.37030996535648
2026-09-08,98,144.65708151535728
2026-09-08,99,113.51607356535737
2026-09-08,100,91.5856295353579
2026-09-08,101,73.94961478535855
2026-09-08,102,72.32247363535751
2026-09-08,103,47.20389591535732
2026-09-08,104,37.29299485535762
2026-09-08,105,47.290199855357244
2026-09-08,106,50.881243085357454
2026-09-08,107,43.10306318071406
2026-09-08,108,13.909407663572125
2026-09-08,109,7.927366742678728
2026-09-08,110,16.50099764267867
2026-09-08,111,42.78553480089259
2026-09-08,112,63.047407900893006
2026-09-08,113,46.3974809408935
2026-09-08,114,59.1884549108928
2026-09-08,115,42.96501119089238
2026-09-08,116,71.57979876089283
2026-09-08,117,80.86996280089268
2026-09-08,118,68.70318022089329
2026-09-08,119,75.29459962089382
2026-09-08,120,67.85320295089267
2026-09-08,121,68.90302088089311
2026-09-08,122,63.63335098089209
2026-09-08,123,66.06006548089226
2026-09-08,124,73.23796892089337
2026-09-08,125,73.55674351089269
2026-09-08,126,75.60227525089294
2026-09-08,127,68.7283280508923
2026-09-08,128,63.005670980892816
2026-09-08,129,62.082159880892306
2026-09-08,130,61.725119030892685
2026-09-08,131,46.921674110893335
2026-09-08,132,41.266871260893296
2026-09-08,133,40.38140281089332
2026-09-08,134,27.544277790893375
2026-09-08,135,18.73522819089206
2026-09-08,136,5.459539460892955
2026-09-08,137,10.962220690892877
2026-09-08,138,12.27487486089315
2026-09-08,139,2.849625880892603
2026-09-08,140,-6.623917559107554
2026-09-08,141,3.1473674908923215
2026-09-08,142,5.197132350893185
2026-09-08,143,-5.812753499107714
2026-09-08,144,-9.608804019107211
2026-09-08,145,21.213203400892333
2026-09-08,146,23.004419390893176
2026-09-08,147,18.365400630892076
2026-09-08,148,22.489109700892556
2026-09-08,149,15.103348650892414
2026-09-08,150,9.52924472089272
2026-09-08,151,-0.8407870891064917
2026-09-08,152,16.73052465089178
2026-09-08,153,16.996735120892836
2026-09-08,154,9.143897550892667
2026-09-08,155,28.389319420892313
2026-09-08,156,17.514906840891577
2026-09-08,157,29.430226900893388
2026-09-08,158,32.99774000089259
2026-09-08,159,55.142607660892416
2026-09-08,160,52.38868390089287
2026-09-08,161,52.588929980892985
2026-09-08,162,48.255935200893106
2026-09-08,163,31.32958964089312
2026-09-08,164,39.275018960892
2026-09-08,165,39.93672590089302
2026-09-08,166,39.97865190089328
2026-09-08,167,32.33016120089293
2026-09-08,168,20.5522733808928
2026-09-08,169,38.768847900893
2026-09-08,170,8.332363400892852
2026-09-08,171,25.402063600893484
2026-09-08,172,18.406517950892514
2026-09-08,173,19.329676750893114
2026-09-08,174,15.887527080893193
2026-09-08,175,21.669675440893286
2026-09-08,176,28.640694400893153
2026-09-08,177,35.404808350893134
2026-09-08,178,39.22652354089307
2026-09-08,179,45.24940290089305
2026-09-08,180,36.92272090089355
2026-09-08,181,29.325699400893853
2026-09-08,182,19.321200900893615
2026-09-08,183,35.57530940089329
2026-09-08,184,38.15914365089419
2026-09-08,185,31.032095900893133
2026-09-08,186,19.90785550089379
2026-09-08,187,14.377591210894046
2026-09-08,188,18.318937400893482
2026-09-08,189,33.37915040089319
2026-09-08,190,48.15094012089339
2026-09-08,191,38.1655726408943
2026-09-08,192,42.25638943089376
2026-09-08,193,25.664970680893326
2026-09-08,194,31.952622770893697
2026-09-08,195,37.54932738089411
2026-09-08,196,55.01987120089332
2026-09-08,197,49.29844061089329
2026-09-08,198,53.7652005408943
2026-09-08,199,50.98713441089354
2026-09-08,200,62.97714566089357
2026-09-08,201,69.20093610089413
2026-09-08,202,64.93262390089323
2026-09-08,203,64.21341147089332
2026-09-08,204,77.09629814089347
2026-09-08,205,71.14353974089386
2026-09-08,206,84.99978229089385
2026-09-08,207,89.00094419089396
2026-09-08,208,102.6439339008935
2026-09-08,209,99.34385690089402
2026-09-08,210,70.03567429089343
2026-09-08,211,69.36418774446562
2026-09-08,212,63.25897730446664
2026-09-08,213,65.37448373446483
2026-09-08,214,60.039247494465
2026-09-08,215,50.93355554446579
2026-09-08,216,51.30139392446574
2026-09-08,217,62.751794804464936
2026-09-08,218,65.36465546446448
2026-09-08,219,59.978555384464165
2026-09-08,220,62.34290856446553
2026-09-08,221,63.17447424446473
2026-09-08,222,56.525358554465996
2026-09-08,223,49.29320624446477
2026-09-08,224,41.56644988446456
2026-09-08,225,48.976906844465006
2026-09-08,226,53.947560644465156
2026-09-08,227,55.64998962446512
2026-09-08,228,49.11012375446583
2026-09-08,229,54.86045273446439
2026-09-08,230,63.377144224464956
2026-09-08,231,54.984494544463686
2026-09-08,232,59.22670542446596
2026-09-08,233,52.29267278446437
2026-09-08,234,57.10558665446534
2026-09-08,235,75.91848295446412
2026-09-08,236,74.50780944446475
2026-09-08,237,89.74381559446527
2026-09-08,238,104.11644859446481
2026-09-08,239,90.30651748446502
2026-09-08,240,96.07283764446555
2026-09-08,241,94.27336278446421
2026-09-08,242,92.48067550446494
2026-09-08,243,102.67237387446467
2026-09-08,244,100.03032143446498
2026-09-08,245,98.23101232446456
2026-09-08,246,102.34706374446549
2026-09-08,247,90.84612274446562
2026-09-08,248,101.84525480446611
2026-09-08,249,104.85519104446476
2026-09-08,250,118.62405121446503
2026-09-08,251,113.87561207446558
2026-09-08,252,118.26773162446574
2026-09-08,253,110.16507321446485
2026-09-08,254,114.48654837446631
2026-09-08,255,105.15780498446554
2026-09-08,256,106.46246468446543
2026-09-08,257,90.05571918446591
2026-09-08,258,88.37628174446613
2026-09-08,259,101.27995433446546
2026-09-08,260,100.63570124446566
2026-09-08,261,103.52022474446451
2026-09-08,262,107.35372424446494
2026-09-08,263,90.4811481344648
2026-09-08,264,89.97392237446502
2026-09-08,265,95.40116700446453
2026-09-08,266,90.71539524446457
2026-09-08,267,96.71981634446442
2026-09-08,268,83.34027074446479
2026-09-08,269,90.17120074446558
2026-09-08,270,84.40603521446448
2026-09-08,271,56.03548834446508
2026-09-08,272,40.335427914465946
2026-09-08,273,30.792224304465883
2026-09-08,274,11.083633704465782
2026-09-08,275,5.446960134466238
2026-09-08,276,7.905239064465064
2026-09-08,277,7.407509244464897
2026-09-08,278,13.405375054465026
2026-09-08,279,3.463761984465485
2026-09-08,280,1.6995448644650324
2026-09-08,281,6.296481244465703
2026-09-08,282,-15.085001144105796
2026-09-08,283,-17.11432345410612
2026-09-08,284,-12.16470128410679
2026-09-08,285,-3.3970495241069116
2026-09-08,286,-7.673791454105675
2026-09-08,287,-2.0130251841065316
2026-09-08,288,2.8769004358946617
2026-09-08,289,-12.991335164105635
2026-09-08,290,-3.7255324641061165
2026-09-08,291,6.076788345894251
2026-09-08,292,6.16974779589394
2026-09-08,293,-4.456665144106438
2026-09-08,294,5.588465415893026
2026-09-08,295,-2.692911144106489
2026-09-08,296,-2.340569654106055
2026-09-08,297,-1.2669861741059805
2026-09-08,298,4.517997195893216
2026-09-08,299,11.99401166589361
2026-09-08,300,13.946579915894588
2026-09-08,301,13.794711145892862
2026-09-08,302,5.578970875892935
2026-09-08,303,4.946669015893249
2026-09-08,304,9.3732244958939
2026-09-08,305,12.48242255589436
2026-09-08,306,6.3685959058928745
2026-09-08,307,-4.514071424105694
2026-09-08,308,-3.1151056941070507
2026-09-08,309,-11.70920564410671
2026-09-08,310,-14.133794164107371
2026-09-08,311,-4.12158414410672
2026-09-08,312,5.023693555894063
2026-09-08,313,14.541321555893568
2026-09-08,314,9.032780455894518
2026-09-08,315,6.7897124758939285
2026-09-08,316,8.78926591589341
2026-09-08,317,29.864611720178686
2026-09-08,318,72.42410474018017
2026-09-08,319,54.95153504017928
2026-09-08,320,20.93946280017891
2026-09-08,321,35.08139782017953
2026-09-08,322,60.54003077017904
2026-09-08,323,13.269859200178736
2026-09-08,324,20.18192790018
2026-09-08,325,11.64116970017875
2026-09-08,326,27.797583330178632
2026-09-08,327,32.18696200017913
2026-09-08,328,22.425533750179206
2026-09-08,329,23.096450200178992
2026-09-08,330,33.31270365017929
2026-09-08,331,11.496669670179713
2026-09-08,332,22.656816200179108
2026-09-08,333,37.33837720017921
2026-09-08,334,42.37856700017922
2026-09-08,335,34.509744200179
2026-09-08,336,39.15928120017991
2026-09-08,337,36.025731440179605
2026-09-08,338,59.500863100179316
2026-09-08,339,79.05159520017925
2026-09-08,340,52.07555596446426
2026-09-08,341,46.71205483446466
2026-09-08,342,46.46749350446603
2026-09-08,343,32.778134214464934
2026-09-08,344,34.971164464465616
2026-09-08,345,34.23621451446522
2026-09-08,346,21.882149784465845
2026-09-08,347,33.22333884446502
2026-09-08,348,44.58647391446497
2026-09-08,349,54.67893291446504
2026-09-08,350,62.544523464465136
2026-09-08,351,49.25101555732195
2026-09-08,352,58.36926022732151
2026-09-08,353,63.05303561732282
2026-09-08,354,69.56955405732228
2026-09-08,355,62.16295637732185
2026-09-08,356,58.67064336732219
2026-09-08,357,48.210896517321906
2026-09-08,358,41.474951107321395
2026-09-08,359,43.331372507321625
2026-09-08,360,61.23281024232269
2026-09-08,361,51.888832622322646
2026-09-08,362,80.50864082232354
2026-09-08,363,76.11452940232265
2026-09-08,364,58.35327495232344
2026-09-08,365,71.20344363232178
2026-09-08,366,58.59430840232284
2026-09-08,367,65.04347840232231
2026-09-08,368,41.757313772322554
2026-09-08,369,38.4300467423228
2026-09-08,370,39.06547336232366
2026-09-08,371,31.661601902322303
2026-09-08,372,44.98067170232342
2026-09-08,373,63.8813141723216
2026-09-08,374,42.58975731232245
2026-09-08,375,43.525961902323495
2026-09-08,376,54.06618090232374
2026-09-08,377,81.37537472232304
2026-09-08,378,62.45561074232291
2026-09-08,379,54.44132520089465
2026-09-08,380,86.26438733089475
2026-09-08,381,83.51954091089524
2026-09-08,382,98.69113371089509
2026-09-08,383,107.68842154518086
2026-09-08,384,87.08220004518117
2026-09-08,385,86.91498382803853
2026-09-08,386,86.91498382803853
2026-09-08,387,86.91498382803853
2026-09-08,388,86.91498382803853
2026-09-08,389,86.91498382803853
2026-09-08,390,86.91498382803853
2026-09-09,0,0.0
2026-09-09,1,0.0
2026-09-09,2,0.0
2026-09-09,3,0.0
2026-09-09,4,0.0
2026-09-09,5,0.0
2026-09-09,6,0.0
2026-09-09,7,0.0
2026-09-09,8,0.0
2026-09-09,9,0.0
2026-09-09,10,0.0
2026-09-09,11,0.0
2026-09-09,12,0.0
2026-09-09,13,0.0
2026-09-09,14,0.0
2026-09-09,15,0.0
2026-09-09,16,0.0
2026-09-09,17,0.0
2026-09-09,18,0.0
2026-09-09,19,0.0
2026-09-09,20,1.2657895000008068
2026-09-09,21,18.993750670001468
2026-09-09,22,30.570871670001367
2026-09-09,23,33.76653617000065
2026-09-09,24,44.43200267000104
2026-09-09,25,44.06155717000105
2026-09-09,26,68.91682267000091
2026-09-09,27,74.38340417000032
2026-09-09,28,94.41932259000082
2026-09-09,29,74.81505217000017
2026-09-09,30,39.69279351000055
2026-09-09,31,78.27281817000123
2026-09-09,32,80.7987156700008
2026-09-09,33,100.34746542000033
2026-09-09,34,85.48580417000096
2026-09-09,35,93.77472417000122
2026-09-09,36,91.90506202000063
2026-09-09,37,104.71304762000105
2026-09-09,38,113.10416167000032
2026-09-09,39,88.29904621000074
2026-09-09,40,88.49745105000041
2026-09-09,41,83.47115349000089
2026-09-09,42,104.15470171000064
2026-09-09,43,115.40078617000074
2026-09-09,44,123.9717693414297
2026-09-09,45,125.0617182414295
2026-09-09,46,123.68660070142883
2026-09-09,47,132.5322501614298
2026-09-09,48,130.11101302142947
2026-09-09,49,110.28220524142881
2026-09-09,50,110.36336161142893
2026-09-09,51,107.43456861142955
2026-09-09,52,116.90076530143054
2026-09-09,53,123.83567796857221
2026-09-09,54,110.99515896857261
2026-09-09,55,75.33512431607244
2026-09-09,56,79.06356771607201
2026-09-09,57,68.52236371607225
2026-09-09,58,65.27453896607254
2026-09-09,59,73.60247279464345
2026-09-09,60,88.6689792946436
2026-09-09,61,91.2441167946433
2026-09-09,62,91.67475979464302
2026-09-09,63,88.30511279464358
2026-09-09,64,98.6209642946437
2026-09-09,65,84.53081529464272
2026-09-09,66,80.90025329464245
2026-09-09,67,87.68321156464296
2026-09-09,68,68.45166929464247
2026-09-09,69,74.60438361464242
2026-09-09,70,65.97945215464273
2026-09-09,71,56.92433479464309
2026-09-09,72,80.95107429464358
2026-09-09,73,87.658873194643
2026-09-09,74,100.72904919464287
2026-09-09,75,93.75412979464326
2026-09-09,76,93.51077029464281
2026-09-09,77,98.67596004464322
2026-09-09,78,83.68455043464249
2026-09-09,79,87.43377729464328
2026-09-09,80,80.48363729464344
2026-09-09,81,88.80554329464255
2026-09-09,82,84.68318910464282
2026-09-09,83,94.04394029464254
2026-09-09,84,79.28783988464355
2026-09-09,85,75.38118519464251
2026-09-09,86,77.48221529464291
2026-09-09,87,76.72093929464253
2026-09-09,88,82.97568392464268
2026-09-09,89,84.19923329464271
2026-09-09,90,63.52019253464334
2026-09-09,91,92.73555779464347
2026-09-09,92,99.11221045464278
2026-09-09,93,98.4454477946422
2026-09-09,94,108.61099022321437
2026-09-09,95,120.8967112232142
2026-09-09,96,136.39987733321374
2026-09-09,97,141.53855122321335
2026-09-09,98,145.9998344532137
2026-09-09,99,135.71522973321268
2026-09-09,100,135.22879554321273
2026-09-09,101,107.13098402321295
2026-09-09,102,109.04424922321341
2026-09-09,103,126.7578249232136
2026-09-09,104,132.7191627232142
2026-09-09,105,145.35341722321417
2026-09-09,106,143.4693716232133
2026-09-09,107,148.386555843214
2026-09-09,108,156.74980178321354
2026-09-09,109,146.74193722321425
2026-09-09,110,127.65662671321334
2026-09-09,111,117.1683559532135
2026-09-09,112,117.52209340321392
2026-09-09,113,98.99007343035638
2026-09-09,114,90.17816058035746
2026-09-09,115,99.17716458035738
2026-09-09,116,98.21295926035685
2026-09-09,117,111.0605716903577
2026-09-09,118,131.3366439803573
2026-09-09,119,154.07713798035846
2026-09-09,120,172.04303299035774
2026-09-09,121,163.87115232035765
2026-09-09,122,149.0216713303579
2026-09-09,123,150.51239196321418
2026-09-09,124,162.6969812232144
2026-09-09,125,162.83481742321547
2026-09-09,126,165.67753707321398
2026-09-09,127,149.95709112321464
2026-09-09,128,141.71851022321437
2026-09-09,129,158.30948072321388
2026-09-09,130,137.2081111932146
2026-09-09,131,146.2323437232144
2026-09-09,132,166.4731867232148
2026-09-09,133,175.46160166321366
2026-09-09,134,170.83231322321421
2026-09-09,135,153.3529857232145
2026-09-09,136,155.93447536321398
2026-09-09,137,168.12210872321458
2026-09-09,138,158.13157587321402
2026-09-09,139,158.7484672232147
2026-09-09,140,150.2133677232151
2026-09-09,141,154.66928722321356
2026-09-09,142,148.64737994321393
2026-09-09,143,149.92516262321436
2026-09-09,144,164.3145476732141
2026-09-09,145,156.5672833932142
2026-09-09,146,155.0758122232145
2026-09-09,147,162.70859023321552
2026-09-09,148,175.40815723321467
2026-09-09,149,162.75903022321475
2026-09-09,150,163.9944353632139
2026-09-09,151,181.27618817321496
2026-09-09,152,187.399486723215
2026-09-09,153,203.6898277232149
2026-09-09,154,216.90514979321458
2026-09-09,155,217.69104858321393
2026-09-09,156,175.42124776321447
2026-09-09,157,156.53527702321503
2026-09-09,158,160.76887708321632
2026-09-09,159,140.5238317232143
2026-09-09,160,134.15810656321494
2026-09-09,161,120.17502272321548
2026-09-09,162,118.87579272321466
2026-09-09,163,100.25765266321454
2026-09-09,164,83.87582237321533
2026-09-09,165,88.37725802321509
2026-09-09,166,81.67064572321434
2026-09-09,167,90.55644422321424
2026-09-09,168,88.93952498321397
2026-09-09,169,81.73847722321463
2026-09-09,170,83.08675329321474
2026-09-09,171,80.75249081553562
2026-09-09,172,59.98076034553617
2026-09-09,173,59.79011674553635
2026-09-09,174,61.90910164553625
2026-09-09,175,74.13001740553617
2026-09-09,176,73.69977834553524
2026-09-09,177,92.88248405553566
2026-09-09,178,83.3213122955357
2026-09-09,179,87.50582979553593
2026-09-09,180,92.98713164553732
2026-09-09,181,92.4713501455349
2026-09-09,182,93.30000326553537
2026-09-09,183,112.33217685553677
2026-09-09,184,109.68410719553574
2026-09-09,185,129.83107578553512
2026-09-09,186,117.88446406553666
2026-09-09,187,105.41879608553623
2026-09-09,188,102.87274364553582
2026-09-09,189,101.12088880553625
2026-09-09,190,100.14533644553714
2026-09-09,191,95.20559534553524
2026-09-09,192,90.84882514553581
2026-09-09,193,74.40934614553649
2026-09-09,194,88.57401764553518
2026-09-09,195,87.37850423553576
2026-09-09,196,85.00998004553568
2026-09-09,197,84.63084500553623
2026-09-09,198,79.33819322553694
2026-09-09,199,64.68057404553639
2026-09-09,200,70.2179281455364
2026-09-09,201,72.1257364455368
2026-09-09,202,70.82870714553621
2026-09-09,203,81.23893119553605
2026-09-09,204,77.45454464553461
2026-09-09,205,87.63779122553609
2026-09-09,206,84.56915106553527
2026-09-09,207,93.36896103553482
2026-09-09,208,88.39411959553618
2026-09-09,209,86.31340479553643
2026-09-09,210,76.6386372455367
2026-09-09,211,77.9905710455362
2026-09-09,212,84.50845505553545
2026-09-09,213,77.07749986553634
2026-09-09,214,74.48209503553628
2026-09-09,215,75.67686264553643
2026-09-09,216,80.26041514553671
2026-09-09,217,97.83245885553598
2026-09-09,218,102.5667706455362
2026-09-09,219,108.21764362553648
2026-09-09,220,125.05181108553558
2026-09-09,221,121.79171314553625
2026-09-09,222,112.28454889553649
2026-09-09,223,111.64334709553566
2026-09-09,224,116.52018104553594
2026-09-09,225,120.0710331455353
2026-09-09,226,116.78433517553728
2026-09-09,227,116.97266344553597
2026-09-09,228,115.78310461910755
2026-09-09,229,114.7406221091085
2026-09-09,230,129.9339665491089
2026-09-09,231,131.37252077053577
2026-09-09,232,137.2967801705361
2026-09-09,233,128.27226167053635
2026-09-09,234,127.21204466053564
2026-09-09,235,114.91772227053701
2026-09-09,236,118.0421098705356
2026-09-09,237,118.35907607053659
2026-09-09,238,115.35665231053667
2026-09-09,239,120.68875932053683
2026-09-09,240,108.89539027053635
2026-09-09,241,102.38142767053671
2026-09-09,242,97.98263373053622
2026-09-09,243,95.72813513053617
2026-09-09,244,102.87148477053634
2026-09-09,245,98.59326677053582
2026-09-09,246,85.09422977053681
2026-09-09,247,89.87899527053642
2026-09-09,248,75.26439871053637
2026-09-09,249,77.96347615053557
2026-09-09,250,71.80514695053704
2026-09-09,251,77.19670633053705
2026-09-09,252,85.95572007053661
2026-09-09,253,83.91746716053657
2026-09-09,254,86.01754344053641
2026-09-09,255,87.5731945205358
2026-09-09,256,80.65756621053656
2026-09-09,257,80.61295067053645
2026-09-09,258,77.836978270537
2026-09-09,259,72.86674927053636
2026-09-09,260,64.54749743053563
2026-09-09,261,58.75391693053601
2026-09-09,262,70.51968127053642
2026-09-09,263,79.54791327053647
2026-09-09,264,70.8317079305354
2026-09-09,265,84.38541881053538
2026-09-09,266,78.34318180053567
2026-09-09,267,77.32856127053645
2026-09-09,268,78.98087042053513
2026-09-09,269,68.19731319053571
2026-09-09,270,73.6413232505354
2026-09-09,271,59.960114140536334
2026-09-09,272,76.14613510053603
2026-09-09,273,77.81473751053585
2026-09-09,274,74.27533269053609
2026-09-09,275,75.2594607405364
2026-09-09,276,77.554698770536
2026-09-09,277,88.92291327053661
2026-09-09,278,93.06868877053648
2026-09-09,279,106.40251717053606
2026-09-09,280,105.56712994053541
2026-09-09,281,107.14852195053598
2026-09-09,282,106.74380125053602
2026-09-09,283,107.41420827053489
2026-09-09,284,106.97807961053624
2026-09-09,285,101.43632717053627
2026-09-09,286,84.35659101053449
2026-09-09,287,76.34866976053516
2026-09-09,288,78.15826472910686
2026-09-09,289,71.0402500291074
2026-09-09,290,73.27371934910842
2026-09-09,291,70.30580402910672
2026-09-09,292,71.17204839910697
2026-09-09,293,73.30157834910796
2026-09-09,294,66.8807872491077
2026-09-09,295,69.81608195910756
2026-09-09,296,76.63157734910718
2026-09-09,297,80.77077528910674
2026-09-09,298,83.24811470910781
2026-09-09,299,87.1317854205365
2026-09-09,300,90.42730282053617
2026-09-09,301,87.6941727105354
2026-09-09,302,86.07996105053664
2026-09-09,303,71.83416432053667
2026-09-09,304,67.69667930053588
2026-09-09,305,82.03375150053641
2026-09-09,306,99.23266748053723
2026-09-09,307,86.86754562053721
2026-09-09,308,71.66760859053616
2026-09-09,309,61.461891920537
2026-09-09,310,59.06538829053662
2026-09-09,311,59.72718642053657
2026-09-09,312,67.41794132053685
2026-09-09,313,62.00739731053682
2026-09-09,314,51.49881813053696
2026-09-09,315,49.0358334905375
2026-09-09,316,47.706954420536434
2026-09-09,317,58.18167000053681
2026-09-09,318,46.90335092053529
2026-09-09,319,44.408453440536675
2026-09-09,320,48.047948840536336
2026-09-09,321,61.71517866053608
2026-09-09,322,71.18747542053652
2026-09-09,323,69.26880414053554
2026-09-09,324,58.09794619053699
2026-09-09,325,56.34371192053652
2026-09-09,326,50.1656357205359
2026-09-09,327,53.99238808053698
2026-09-09,328,52.46397192053621
2026-09-09,329,48.83006242053591
2026-09-09,330,53.1358217805366
2026-09-09,331,67.04332821053674
2026-09-09,332,70.5159944605357
2026-09-09,333,74.12642123053567
2026-09-09,334,59.604427420536055
2026-09-09,335,67.4849474205356
2026-09-09,336,95.88420542053602
2026-09-09,337,80.92951418053539
2026-09-09,338,83.22200662053625
2026-09-09,339,78.4043054005355
2026-09-09,340,74.60661865053578
2026-09-09,341,57.16096871053486
2026-09-09,342,65.08125081053575
2026-09-09,343,79.06454556053652
2026-09-09,344,78.08502332053634
2026-09-09,345,71.42181578053676
2026-09-09,346,68.73183540053614
2026-09-09,347,68.23079606053533
2026-09-09,348,74.2318899205361
2026-09-09,349,81.85418674053629
2026-09-09,350,76.61220092053613
2026-09-09,351,79.94811442053613
2026-09-09,352,85.8673964205357
2026-09-09,353,86.49756703625033
2026-09-09,354,82.92759900625083
2026-09-09,355,89.01461731625095
2026-09-09,356,93.3378247062509
2026-09-09,357,91.06371820625075
2026-09-09,358,100.37906970624955
2026-09-09,359,122.19680420625099
2026-09-09,360,118.38232320625164
2026-09-09,361,110.98002234625085
2026-09-09,362,117.37078020625071
2026-09-09,363,111.75930636625114
2026-09-09,364,113.40961220625081
2026-09-09,365,109.30078720625144
2026-09-09,366,118.48128820625098
2026-09-09,367,120.20114020625175
2026-09-09,368,127.40975422910802
2026-09-09,369,121.79482151910872
2026-09-09,370,120.54715496910919
2026-09-09,371,116.56160434910834
2026-09-09,372,117.00935061910843
2026-09-09,373,111.56739584910844
2026-09-09,374,119.89247834910756
2026-09-09,375,98.27006084910772
2026-09-09,376,70.3050147791088
2026-09-09,377,90.75637742910868
2026-09-09,378,93.26174684910893
2026-09-09,379,79.06060194910748
2026-09-09,380,72.25094084910833
2026-09-09,381,72.54087584910945
2026-09-09,382,54.39266084910901
2026-09-09,383,55.352504849108584
2026-09-09,384,60.66497282339462
2026-09-09,385,59.930061323394455
2026-09-09,386,59.930061323394455
2026-09-09,387,59.930061323394455
2026-09-09,388,59.930061323394455
2026-09-09,389,59.930061323394455
2026-09-09,390,59.930061323394455
2026-09-10,0,0.0
2026-09-10,1,0.0
2026-09-10,2,0.0
2026-09-10,3,0.0
2026-09-10,4,0.0
2026-09-10,5,0.0
2026-09-10,6,0.0
2026-09-10,7,0.0
2026-09-10,8,0.0
2026-09-10,9,0.0
2026-09-10,10,0.0
2026-09-10,11,0.0
2026-09-10,12,0.0
2026-09-10,13,0.0
2026-09-10,14,0.0
2026-09-10,15,0.0
2026-09-10,16,0.0
2026-09-10,17,0.0
2026-09-10,18,0.0
2026-09-10,19,0.0
2026-09-10,20,-0.9961459999994702
2026-09-10,21,3.9890000000010275
2026-09-10,22,4.484127000001074
2026-09-10,23,17.337946160001387
2026-09-10,24,18.73084942000107
2026-09-10,25,10.966037000001322
2026-09-10,26,-0.1876272999984394
2026-09-10,27,0.1342491000008863
2026-09-10,28,15.667245000000804
2026-09-10,29,10.261335500001536
2026-09-10,30,-23.99734358999907
2026-09-10,31,-49.721717879998735
2026-09-10,32,-48.9934269999997
2026-09-10,33,-51.82758949999907
2026-09-10,34,-47.212000779998874
2026-09-10,35,-43.407147729998975
2026-09-10,36,-35.43374399999916
2026-09-10,37,-21.91443045999869
2026-09-10,38,-26.39294399999833
2026-09-10,39,-35.19101913999928
2026-09-10,40,-29.427923589999303
2026-09-10,41,-29.154371999998965
2026-09-10,42,-22.879752499999682
2026-09-10,43,-25.72740527999975
2026-09-10,44,-6.32904076999926
2026-09-10,45,-20.48326897999982
2026-09-10,46,-16.656850289999348
2026-09-10,47,-15.557004499999024
2026-09-10,48,-29.819582499999555
2026-09-10,49,-19.58145869999894
2026-09-10,50,-40.35113635999896
2026-09-10,51,-38.735437999999604
2026-09-10,52,-43.1449336699992
2026-09-10,53,-45.73938849999962
2026-09-10,54,-56.119313219999924
2026-09-10,55,-80.90309399999933
2026-09-10,56,-56.669776214284745
2026-09-10,57,-70.83444971428494
2026-09-10,58,-73.41040821428524
2026-09-10,59,-69.73642595428444
2026-09-10,60,-60.967830214284795
2026-09-10,61,-56.16345871428457
2026-09-10,62,-36.91196171428492
2026-09-10,63,-26.88221191428407
2026-09-10,64,-62.50192071428498
2026-09-10,65,-77.16274471428369
2026-09-10,66,-79.16272671428386
2026-09-10,67,-83.4862281142843
2026-09-10,68,-85.42237247428417
2026-09-10,69,-82.88961221428525
2026-09-10,70,-68.59513771428448
2026-09-10,71,-63.005192714284696
2026-09-10,72,-51.674669714284676
2026-09-10,73,-47.63416571428406
2026-09-10,74,-44.55229396428504
2026-09-10,75,-49.21799425428511
2026-09-10,76,-49.03433571428516
2026-09-10,77,-34.79510185428424
2026-09-10,78,-28.144074714285146
2026-09-10,79,-26.499167214284803
2026-09-10,80,-27.819699254284906
2026-09-10,81,-40.567474214285156
2026-09-10,82,-28.413515714284458
2026-09-10,83,-25.573813714284427
2026-09-10,84,-39.57867821428465
2026-09-10,85,-25.676525054284774
2026-09-10,86,-29.94784511428484
2026-09-10,87,-42.30965215428426
2026-09-10,88,-35.03310971428475
2026-09-10,89,-28.36349471428447
2026-09-10,90,-28.49212771428477
2026-09-10,91,-25.83030571428457
2026-09-10,92,-17.108681714284685
2026-09-10,93,-21.83445321428517
2026-09-10,94,-23.89969871428456
2026-09-10,95,-26.191327714284398
2026-09-10,96,-33.85093771428492
2026-09-10,97,-20.15189771428409
2026-09-10,98,-20.41648321428476
2026-09-10,99,-18.960212714285056
2026-09-10,100,-26.191949714284675
2026-09-10,101,-34.58404439428463
2026-09-10,102,-39.60289857428467
2026-09-10,103,-32.132139714284875
2026-09-10,104,-29.382266714284675
2026-09-10,105,-22.978011214284557
2026-09-10,106,-23.061944714284827
2026-09-10,107,-19.192429714285417
2026-09-10,108,-11.332079714284568
2026-09-10,109,-15.153313714285296
2026-09-10,110,-18.393009774284742
2026-09-10,111,-19.217099214284985
2026-09-10,112,-17.83107403428469
2026-09-10,113,-18.932091714284454
2026-09-10,114,-23.832240614284792
2026-09-10,115,-30.41394371428448
2026-09-10,116,-27.63884121428515
2026-09-10,117,-38.04423671428465
2026-09-10,118,-32.65990321428443
2026-09-10,119,-26.29407971428524
2026-09-10,120,-28.08687201428524
2026-09-10,121,-28.408760214284264
2026-09-10,122,-29.01443971428496
2026-09-10,123,-34.21339759428479
2026-09-10,124,-37.488313194285496
2026-09-10,125,-42.216135914284656
2026-09-10,126,-45.50549471428456
2026-09-10,127,-51.376651574285034
2026-09-10,128,-55.18785715428495
2026-09-10,129,-53.64283471428495
2026-09-10,130,-50.35275971428449
2026-09-10,131,-53.603252714284764
2026-09-10,132,-57.87338269428442
2026-09-10,133,-61.963548714285196
2026-09-10,134,-59.50363071428477
2026-09-10,135,-55.067960214284874
2026-09-10,136,-52.10240871428425
2026-09-10,137,-49.27253371428454
2026-09-10,138,-49.22285671428444
2026-09-10,139,-50.797342154284685
2026-09-10,140,-46.28734521428494
2026-09-10,141,-43.26255071428515
2026-09-10,142,-46.27780921428475
2026-09-10,143,-39.25199771428484
2026-09-10,144,-44.58690621428504
2026-09-10,145,-45.451479714284844
2026-09-10,146,-37.581278714284174
2026-09-10,147,-38.641070714284815
2026-09-10,148,-36.76091671428444
2026-09-10,149,-41.87138571428426
2026-09-10,150,-43.07701521428446
2026-09-10,151,-41.03882539428428
2026-09-10,152,-36.19224771428452
2026-09-10,153,-32.35097771428456
2026-09-10,154,-35.396033214285424
2026-09-10,155,-33.78642221428436
2026-09-10,156,-30.981470714284498
2026-09-10,157,-26.051011714284805
2026-09-10,158,-18.275885214284223
2026-09-10,159,-23.52108271428417
2026-09-10,160,-19.08056871428444
2026-09-10,161,-15.080308714285316
2026-09-10,162,-8.529517714284538
2026-09-10,163,-2.2999867142846355
2026-09-10,164,-0.5998127142848944
2026-09-10,165,-3.460102714284538
2026-09-10,166,-3.769619714284282
2026-09-10,167,0.6711062857154957
2026-09-10,168,6.745338705715163
2026-09-10,169,1.4407912857150293
2026-09-10,170,-3.9696017142842663
2026-09-10,171,1.3409252857151515
2026-09-10,172,1.1956917857160008
2026-09-10,173,8.32057528571599
2026-09-10,174,8.41044628571516
2026-09-10,175,6.501189285714993
2026-09-10,176,5.542325365715421
2026-09-10,177,7.192276285715177
2026-09-10,178,5.947472785715483
2026-09-10,179,4.658143865715367
2026-09-10,180,-5.6875197142843135
2026-09-10,181,-8.08963693428474
2026-09-10,182,-9.627921714284547
2026-09-10,183,-11.903520274284435
2026-09-10,184,-3.366513714284668
2026-09-10,185,3.573890285715624
2026-09-10,186,-3.901966214284389
2026-09-10,187,-5.826657714284348
2026-09-10,188,-9.051469214284847
2026-09-10,189,-8.641368154284915
2026-09-10,190,-15.446519714284765
2026-09-10,191,-15.326683714284624
2026-09-10,192,-17.48653971428467
2026-09-10,193,-11.8264817142848
2026-09-10,194,-10.718428514284543
2026-09-10,195,-16.022874074284278
2026-09-10,196,-22.97637271428457
2026-09-10,197,-25.78937143428426
2026-09-10,198,-28.626111714284804
2026-09-10,199,-30.756216714284733
2026-09-10,200,-35.72110619428514
2026-09-10,201,-34.530793214285154
2026-09-10,202,-35.60633971428508
2026-09-10,203,-37.00370341428503
2026-09-10,204,-38.00684771428483
2026-09-10,205,-40.00218821428453
2026-09-10,206,-38.18182621428497
2026-09-10,207,-31.558816434285106
2026-09-10,208,-34.62095821428481
2026-09-10,209,-32.51571471428447
2026-09-10,210,-31.402763994285344
2026-09-10,211,-32.78047821428511
2026-09-10,212,-36.02136607428505
2026-09-10,213,-34.91384271428478
2026-09-10,214,-33.534388714285114
2026-09-10,215,-36.04471171428446
2026-09-10,216,-44.62882729428509
2026-09-10,217,-45.761507954284674
2026-09-10,218,-44.06065399428499
2026-09-10,219,-44.23359671428477
2026-09-10,220,-47.64477171428468
2026-09-10,221,-45.77472871428456
2026-09-10,222,-47.344669714284386
2026-09-10,223,-38.39435671428491
2026-09-10,224,-38.685563564285054
2026-09-10,225,-37.5444157142846
2026-09-10,226,-34.80264959428487
2026-09-10,227,-40.968683214285136
2026-09-10,228,-41.55337671428457
2026-09-10,229,-42.22346971428482
2026-09-10,230,-38.878568214284705
2026-09-10,231,-39.26331171428471
2026-09-10,232,-39.113344714284466
2026-09-10,233,-43.23073945428489
2026-09-10,234,-39.848577214284845
2026-09-10,235,-34.478360214285146
2026-09-10,236,-37.84328971428454
2026-09-10,237,-44.979986414285136
2026-09-10,238,-39.332558714284886
2026-09-10,239,-41.417360214284926
2026-09-10,240,-31.492408714284707
2026-09-10,241,-31.322527714284647
2026-09-10,242,-30.202091714284748
2026-09-10,243,-24.857554214285155
2026-09-10,244,-25.40244165428468
2026-09-10,245,-29.29524371428446
2026-09-10,246,-30.506803314284532
2026-09-10,247,-29.362609714284737
2026-09-10,248,-24.884413914284615
2026-09-10,249,-27.272238714285443
2026-09-10,250,-26.0926427142847
2026-09-10,251,-25.602953714285213
2026-09-10,252,-27.55239271428443
2026-09-10,253,-27.96297371428475
2026-09-10,254,-30.97302271428442
2026-09-10,255,-27.22224363428527
2026-09-10,256,-22.02245171428448
2026-09-10,257,-22.202433714284787
2026-09-10,258,-20.162157714285094
2026-09-10,259,-14.542063714284588
2026-09-10,260,-23.11308071428467
2026-09-10,261,-24.054370794285212
2026-09-10,262,-17.979747414284525
2026-09-10,263,-15.79267271428461
2026-09-10,264,-19.840257414284775
2026-09-10,265,-20.42279371428447
2026-09-10,266,-27.853266714284626
2026-09-10,267,-26.0321766342843
2026-09-10,268,-26.502987714284675
2026-09-10,269,-28.562905714284877
2026-09-10,270,-30.753412714284803
2026-09-10,271,-23.62609601428416
2026-09-10,272,-21.38294371428514
2026-09-10,273,-9.142547714284706
2026-09-10,274,-4.882373714284807
2026-09-10,275,-11.063159714284737
2026-09-10,276,-10.944875894285332
2026-09-10,277,-16.80516581428484
2026-09-10,278,-19.602773554284795
2026-09-10,279,-9.11267671428481
2026-09-10,280,-3.156409154285061
2026-09-10,281,-3.4509825942836407
2026-09-10,282,-2.8621957142848835
2026-09-10,283,-15.643329714284611
2026-09-10,284,-18.84484175428479
2026-09-10,285,-20.521713374284598
2026-09-10,286,-22.189035314284485
2026-09-10,287,-27.58308353428467
2026-09-10,288,-27.115052714284843
2026-09-10,289,-37.00771387428446
2026-09-10,290,-43.32836589428504
2026-09-10,291,-46.02991205428489
2026-09-10,292,-43.0262837142847
2026-09-10,293,-41.68671377428532
2026-09-10,294,-41.78493553428527
2026-09-10,295,-53.25116211428526
2026-09-10,296,-46.18764371428455
2026-09-10,297,-47.8246061196422
2026-09-10,298,-57.71541511964185
2026-09-10,299,-45.185530119642024
2026-09-10,300,-39.65497711964248
2026-09-10,301,-33.194619119641764
2026-09-10,302,-30.71451511964151
2026-09-10,303,-33.31430711964175
2026-09-10,304,-39.44481211964214
2026-09-10,305,-33.08464411964163
2026-09-10,306,-38.13475311964173
2026-09-10,307,-40.8544911596426
2026-09-10,308,-42.284484119642485
2026-09-10,309,-38.87707931964171
2026-09-10,310,-36.9048641196422
2026-09-10,311,-36.69511311964226
2026-09-10,312,-37.83551511964191
2026-09-10,313,-34.99526711964157
2026-09-10,314,-32.601495719641875
2026-09-10,315,-30.750606699641537
2026-09-10,316,-22.22355811964203
2026-09-10,317,-23.073067119641735
2026-09-10,318,-6.012009119641725
2026-09-10,319,-13.814085119642627
2026-09-10,320,-12.331807319641342
2026-09-10,321,-19.12932571964153
2026-09-10,322,-18.346366219641922
2026-09-10,323,-21.415133119641318
2026-09-10,324,-7.15428311964169
2026-09-10,325,-8.664002119641545
2026-09-10,326,-10.813557159641661
2026-09-10,327,-10.365136219641919
2026-09-10,328,-7.534573119642303
2026-09-10,329,-12.784054119641894
2026-09-10,330,-13.249988679641547
2026-09-10,331,-3.9356733196421345
2026-09-10,332,-3.5436341196422916
2026-09-10,333,-8.304362119641837
2026-09-10,334,1.6720234803585257
2026-09-10,335,0.6556698803580971
2026-09-10,336,13.839636080358233
2026-09-10,337,13.090666308929485
2026-09-10,338,9.230064308929457
2026-09-10,339,5.6297403089298825
2026-09-10,340,8.539743308929417
2026-09-10,341,7.989832308929465
2026-09-10,342,8.796208988929607
2026-09-10,343,6.769962308929763
2026-09-10,344,9.849766308930157
2026-09-10,345,1.9101963089296987
2026-09-10,346,2.3700263089301927
2026-09-10,347,2.151056388929618
2026-09-10,348,1.1699783089292453
2026-09-10,349,-5.139572691070413
2026-09-10,350,-10.030349691070597
2026-09-10,351,-11.970651691070714
2026-09-10,352,-17.13048369107031
2026-09-10,353,-14.60037469107067
2026-09-10,354,-22.171779691070867
2026-09-10,355,-17.090635771070424
2026-09-10,356,-15.071781611071032
2026-09-10,357,-19.962890691070555
2026-09-10,358,-16.352349691070657
2026-09-10,359,-7.972663691070494
2026-09-10,360,-9.955547691070535
2026-09-10,361,-15.2811881910703
2026-09-10,362,-11.553271451069605
2026-09-10,363,-10.335297691069798
2026-09-10,364,-14.650837191069854
2026-09-10,365,-2.345758691070614
2026-09-10,366,-2.5375058710706355
2026-09-10,367,1.2540613089302894
2026-09-10,368,-6.906790691069546
2026-09-10,369,-13.756755691069742
2026-09-10,370,-17.161880191069827
2026-09-10,371,-27.370773151070438
2026-09-10,372,-28.327276691070722
2026-09-10,373,-35.886664691070024
2026-09-10,374,-37.66478187106952
2026-09-10,375,-43.417345691069755
2026-09-10,376,-34.471811191069804
2026-09-10,377,-31.686640691069783
2026-09-10,378,-31.07603969107052
2026-09-10,379,-33.29604569107073
2026-09-10,380,-30.65578169107016
2026-09-10,381,-31.00581669107055
2026-09-10,382,-29.585674691070608
2026-09-10,383,-34.60617669107023
2026-09-10,384,-30.63577969107041
2026-09-10,385,-30.79579569107023
2026-09-10,386,-30.79579569107023
2026-09-10,387,-30.79579569107023
2026-09-10,388,-30.79579569107023
2026-09-10,389,-30.79579569107023
2026-09-10,390,-30.79579569107023
2026-09-11,0,0.0
2026-09-11,1,0.0
2026-09-11,2,0.0
2026-09-11,3,0.0
2026-09-11,4,0.0
2026-09-11,5,0.0
2026-09-11,6,0.0
2026-09-11,7,0.0
2026-09-11,8,0.0
2026-09-11,9,0.0
2026-09-11,10,0.0
2026-09-11,11,0.0
2026-09-11,12,0.0
2026-09-11,13,0.0
2026-09-11,14,0.0
2026-09-11,15,0.0
2026-09-11,16,0.0
2026-09-11,17,0.0
2026-09-11,18,0.0
2026-09-11,19,0.0
2026-09-11,20,29.043525300001864
2026-09-11,21,40.47715092000194
2026-09-11,22,65.22366446000254
2026-09-11,23,29.837069710002417
2026-09-11,24,30.54646221000172
2026-09-11,25,29.500635120001704
2026-09-11,26,26.32594935000258
2026-09-11,27,18.61236099000257
2026-09-11,28,19.944395320003586
2026-09-11,29,-0.7787495399971469
2026-09-11,30,35.88970511000359
2026-09-11,31,82.13859921000406
2026-09-11,32,68.32516508000256
2026-09-11,33,83.11330929000286
2026-09-11,34,98.157124450003
2026-09-11,35,127.3573064600028
2026-09-11,36,116.81475837000318
2026-09-11,37,123.53818576000381
2026-09-11,38,113.35162310000305
2026-09-11,39,110.93994043000325
2026-09-11,40,120.49875045000437
2026-09-11,41,135.41761426000397
2026-09-11,42,139.8764810300039
2026-09-11,43,136.0248479900034
2026-09-11,44,153.5749649700042
2026-09-11,45,153.6561832814325
2026-09-11,46,173.67037757286107
2026-09-11,47,189.6560309828605
2026-09-11,48,161.68630231286033
2026-09-11,49,151.43266652286013
2026-09-11,50,162.36923480286046
2026-09-11,51,194.29291381286095
2026-09-11,52,208.64244861286147
2026-09-11,53,207.35421133571816
2026-09-11,54,184.9085257057172
2026-09-11,55,189.05487844571755
2026-09-11,56,190.30443086571773
2026-09-11,57,209.5370108357181
2026-09-11,58,209.47298795571842
2026-09-11,59,218.03128344571843
2026-09-11,60,197.54221855571907
2026-09-11,61,219.8487059957177
2026-09-11,62,222.29468649571754
2026-09-11,63,216.94962599571778
2026-09-11,64,226.191302995718
2026-09-11,65,238.91832969571823
2026-09-11,66,261.9147520757187
2026-09-11,67,272.7471463928609
2026-09-11,68,283.22383383286103
2026-09-11,69,280.09802456286184
2026-09-11,70,272.00081377286136
2026-09-11,71,271.23664535286076
2026-09-11,72,273.477280352861
2026-09-11,73,310.2101681328606
2026-09-11,74,276.1252200928614
2026-09-11,75,265.33409795286167
2026-09-11,76,273.30481600286055
2026-09-11,77,298.38718193285956
2026-09-11,78,280.57428508143227
2026-09-11,79,255.47912549143186
2026-09-11,80,260.80775611143235
2026-09-11,81,247.40769026143192
2026-09-11,82,248.12565186143263
2026-09-11,83,251.22558170143247
2026-09-11,84,253.35005701143177
2026-09-11,85,257.7891298614329
2026-09-11,86,260.5517480614316
2026-09-11,87,266.5885277014331
2026-09-11,88,290.282580061432
2026-09-11,89,299.394094290003
2026-09-11,90,288.8144901900033
2026-09-11,91,290.79679146857484
2026-09-11,92,291.85388320857487
2026-09-11,93,289.758266718576
2026-09-11,94,295.8035462185755
2026-09-11,95,292.03406669857617
2026-09-11,96,278.97159546857523
2026-09-11,97,271.6085603385758
2026-09-11,98,275.73189131857515
2026-09-11,99,267.075787698575
2026-09-11,100,256.5977377985764
2026-09-11,101,260.40759771857506
2026-09-11,102,268.7986018085765
2026-09-11,103,259.80608266857513
2026-09-11,104,252.57786992857547
2026-09-11,105,245.1443111885751
2026-09-11,106,242.24376271857602
2026-09-11,107,249.41144672857553
2026-09-11,108,237.01607215857547
2026-09-11,109,240.72133791857584
2026-09-11,110,244.18300466857664
2026-09-11,111,253.63805221857479
2026-09-11,112,266.2164831685752
2026-09-11,113,270.7416117185752
2026-09-11,114,265.91795150857666
2026-09-11,115,277.1103156885752
2026-09-11,116,263.07882366857643
2026-09-11,117,259.6035501821475
2026-09-11,118,254.8321898421466
2026-09-11,119,253.72208975214704
2026-09-11,120,250.72375084214673
2026-09-11,121,249.15976334214776
2026-09-11,122,245.52270384214694
2026-09-11,123,244.175075892147
2026-09-11,124,239.090159152147
2026-09-11,125,245.14555576214687
2026-09-11,126,255.84590978214683
2026-09-11,127,259.6699483421472
2026-09-11,128,245.04158746214708
2026-09-11,129,238.81401184214704
2026-09-11,130,231.71648960214722
2026-09-11,131,238.91357395214658
2026-09-11,132,242.32142006214693
2026-09-11,133,235.08272184214667
2026-09-11,134,215.8808197421469
2026-09-11,135,205.09694144214725
2026-09-11,136,203.45763448214723
2026-09-11,137,213.4667824321466
2026-09-11,138,190.70822486214695
2026-09-11,139,183.7262343721472
2026-09-11,140,185.35894806214668
2026-09-11,141,189.97218992214732
2026-09-11,142,187.85790136214695
2026-09-11,143,196.88953144214685
2026-09-11,144,187.83347877214766
2026-09-11,145,191.06497784214702
2026-09-11,146,194.80770054214696
2026-09-11,147,179.8025960621473
2026-09-11,148,185.56347184214695
2026-09-11,149,195.06808232214775
2026-09-11,150,193.3331348421463
2026-09-11,151,192.36565012214726
2026-09-11,152,193.19865414214678
2026-09-11,153,191.84934565214678
2026-09-11,154,190.27078892214638
2026-09-11,155,189.46156984214764
2026-09-11,156,185.98728171214623
2026-09-11,157,179.02915034214664
2026-09-11,158,178.84862934214704
2026-09-11,159,182.1110935821477
2026-09-11,160,182.63392869214653
2026-09-11,161,185.28681205214667
2026-09-11,162,184.51444875214713
2026-09-11,163,188.71980634214736
2026-09-11,164,189.68954634214776
2026-09-11,165,186.34291830214613
2026-09-11,166,189.84732184214602
2026-09-11,167,183.68510126214693
2026-09-11,168,192.84464170214716
2026-09-11,169,198.124854842147
2026-09-11,170,192.66187890786068
2026-09-11,171,198.81008376786076
2026-09-11,172,188.8162539078607
2026-09-11,173,199.95993164786074
2026-09-11,174,200.8186244778605
2026-09-11,175,194.40912462786054
2026-09-11,176,205.9012209578608
2026-09-11,177,204.50480732786093
2026-09-11,178,201.0383104978614
2026-09-11,179,213.2546517378608
2026-09-11,180,210.69807184786066
2026-09-11,181,207.78787362786096
2026-09-11,182,207.88213912786102
2026-09-11,183,208.57671472786012
2026-09-11,184,217.6063963778613
2026-09-11,185,213.84010812786067
2026-09-11,186,214.37127407786062
2026-09-11,187,214.978441697861
2026-09-11,188,213.99497826786103
2026-09-11,189,228.38296725786142
2026-09-11,190,219.14792861786054
2026-09-11,191,220.61602762785998
2026-09-11,192,227.04000798786086
2026-09-11,193,237.76826577786113
2026-09-11,194,237.24683685786152
2026-09-11,195,237.55824184786104
2026-09-11,196,234.52484162785981
2026-09-11,197,234.35936239786014
2026-09-11,198,233.56719678786084
2026-09-11,199,232.77926704786148
2026-09-11,200,226.33529762786083
2026-09-11,201,232.65238788786058
2026-09-11,202,237.08309140786105
2026-09-11,203,236.11310262786083
2026-09-11,204,240.0530569478613
2026-09-11,205,247.6245836992896
2026-09-11,206,239.24334189928953
2026-09-11,207,236.7243625992893
2026-09-11,208,239.47191239928998
2026-09-11,209,236.62554069928933
2026-09-11,210,231.7735136992899
2026-09-11,211,227.89487348928938
2026-09-11,212,228.10435481928872
2026-09-11,213,232.90210669928982
2026-09-11,214,237.2464309092898
2026-09-11,215,228.8510696992897
2026-09-11,216,243.6299566492891
2026-09-11,217,247.96839111928864
2026-09-11,218,228.7855201992891
2026-09-11,219,227.47197602928978
2026-09-11,220,220.02045669928938
2026-09-11,221,226.37595019928946
2026-09-11,222,223.56164510928883
2026-09-11,223,222.7021488392882
2026-09-11,224,227.30154969928915
2026-09-11,225,213.24671119928888
2026-09-11,226,201.88328095928853
2026-09-11,227,197.37786047928992
2026-09-11,228,216.9199915392894
2026-09-11,229,218.871624719289
2026-09-11,230,220.26666819928903
2026-09-11,231,214.70896539928884
2026-09-11,232,215.02491369928882
2026-09-11,233,216.75757879928938
2026-09-11,234,224.8651711992889
2026-09-11,235,222.22074661928855
2026-09-11,236,224.619817839289
2026-09-11,237,223.24398717928887
2026-09-11,238,229.8620249992894
2026-09-11,239,222.79192345928956
2026-09-11,240,223.261443019289
2026-09-11,241,234.86320919928863
2026-09-11,242,238.23095469928975
2026-09-11,243,243.26979491928893
2026-09-11,244,243.2918844592891
2026-09-11,245,230.8221143992885
2026-09-11,246,236.81400617928878
2026-09-11,247,236.39247605928938
2026-09-11,248,249.75556893928967
2026-09-11,249,246.52129045928976
2026-09-11,250,239.62565469928848
2026-09-11,251,240.94012689928945
2026-09-11,252,241.48083108928898
2026-09-11,253,235.2614610392882
2026-09-11,254,234.6258284692894
2026-09-11,255,237.1750530192894
2026-09-11,256,242.53595273928957
2026-09-11,257,243.38086970928921
2026-09-11,258,249.49297454929052
2026-09-11,259,245.89548069928912
2026-09-11,260,237.99818722928913
2026-09-11,261,231.92627853928943
2026-09-11,262,240.30481631928805
2026-09-11,263,232.04937107928916
2026-09-11,264,227.2471846392886
2026-09-11,265,224.38407305928885
2026-09-11,266,228.95522236929008
2026-09-11,267,238.99866930928982
2026-09-11,268,233.55751046928916
2026-09-11,269,246.01122071928873
2026-09-11,270,249.9564891992894
2026-09-11,271,242.288082479288
2026-09-11,272,241.49593919928944
2026-09-11,273,235.14987068928875
2026-09-11,274,233.45012069928856
2026-09-11,275,237.94433212928817
2026-09-11,276,229.4564594592894
2026-09-11,277,228.84620431928812
2026-09-11,278,227.90916248928838
2026-09-11,279,216.75261069928928
2026-09-11,280,215.34006555928906
2026-09-11,281,221.32683019928942
2026-09-11,282,223.86793432928852
2026-09-11,283,218.6855146892886
2026-09-11,284,215.984216089289
2026-09-11,285,209.03748116928918
2026-09-11,286,202.04843049928826
2026-09-11,287,212.9381604692898
2026-09-11,288,217.20124981928865
2026-09-11,289,218.7246681992889
2026-09-11,290,217.78329113928922
2026-09-11,291,219.16873129928877
2026-09-11,292,216.06557783928827
2026-09-11,293,211.0436297392883
2026-09-11,294,222.49548694429032
2026-09-11,295,220.9460072942889
2026-09-11,296,220.92542584428963
2026-09-11,297,213.48313574428906
2026-09-11,298,215.80908923428882
2026-09-11,299,211.92843715428904
2026-09-11,300,215.2942766442889
2026-09-11,301,223.21950420428948
2026-09-11,302,225.53044714428876
2026-09-11,303,218.63774989428964
2026-09-11,304,225.22400466428962
2026-09-11,305,227.58982021429006
2026-09-11,306,225.6542716442894
2026-09-11,307,232.19916220428925
2026-09-11,308,227.22529664428885
2026-09-11,309,231.98850326428942
2026-09-11,310,229.92084208428957
2026-09-11,311,229.84470466428934
2026-09-11,312,234.46929154428906
2026-09-11,313,243.47636456429032
2026-09-11,314,234.42506187429063
2026-09-11,315,243.9891921242891
2026-09-11,316,235.2724959442898
2026-09-11,317,245.77910329428906
2026-09-11,318,245.468219144289
2026-09-11,319,241.912241794289
2026-09-11,320,249.8667828442898
2026-09-11,321,247.1361526042896
2026-09-11,322,257.19004514428934
2026-09-11,323,254.28671910428898
2026-09-11,324,259.51913304428825
2026-09-11,325,239.7729064742898
2026-09-11,326,228.888317164289
2026-09-11,327,224.41586832428925
2026-09-11,328,224.2870852442894
2026-09-11,329,222.92851814428923
2026-09-11,330,222.4927695042888
2026-09-11,331,222.90375672428894
2026-09-11,332,217.83679548428944
2026-09-11,333,226.66361849428938
2026-09-11,334,232.7128309242887
2026-09-11,335,230.3295932042886
2026-09-11,336,238.61511356428898
2026-09-11,337,240.94591064428835
2026-09-11,338,238.7503770542899
2026-09-11,339,235.36599560428957
2026-09-11,340,234.27380934428905
2026-09-11,341,239.8816670042885
2026-09-11,342,232.52474602428933
2026-09-11,343,224.84416216428954
2026-09-11,344,226.86083682428895
2026-09-11,345,223.57394114428922
2026-09-11,346,229.20248736428937
2026-09-11,347,217.35824562428948
2026-09-11,348,222.22170236428968
2026-09-11,349,224.28578754428875
2026-09-11,350,221.64444314428937
2026-09-11,351,232.4235061642891
2026-09-11,352,236.63288843428973
2026-09-11,353,236.3259024842891
2026-09-11,354,225.03072014428776
2026-09-11,355,226.88498276428984
2026-09-11,356,228.37815092428957
2026-09-11,357,234.85100018428892
2026-09-11,358,236.852238124289
2026-09-11,359,244.3976196642894
2026-09-11,360,233.70449987428955
2026-09-11,361,223.42850363428977
2026-09-11,362,220.85640712429029
2026-09-11,363,229.77289176428977
2026-09-11,364,214.92938834429043
2026-09-11,365,228.30954876428996
2026-09-11,366,227.44142076429023
2026-09-11,367,241.33588119429032
2026-09-11,368,224.93471236428974
2026-09-11,369,219.5930347842896
2026-09-11,370,217.77915164429115
2026-09-11,371,223.04634969250358
2026-09-11,372,220.71529684250407
2026-09-11,373,217.41071144250387
2026-09-11,374,226.0937379425033
2026-09-11,375,226.70870544250295
2026-09-11,376,225.730616302504
2026-09-11,377,227.9567648225035
2026-09-11,378,217.44493294250404
2026-09-11,379,215.21942689893308
2026-09-11,380,215.50334351893264
2026-09-11,381,219.44540857893293
2026-09-11,382,220.48467459893234
2026-09-11,383,222.25554351893228
2026-09-11,384,228.86428657893296
2026-09-11,385,229.20422257893316
2026-09-11,386,229.20422257893316
2026-09-11,387,229.20422257893316
2026-09-11,388,229.20422257893316
2026-09-11,389,229.20422257893316
2026-09-11,390,229.20422257893316
2026-09-14,0,0.0
2026-09-14,1,0.0
2026-09-14,2,0.0
2026-09-14,3,0.0
2026-09-14,4,0.0
2026-09-14,5,0.0
2026-09-14,6,0.0
2026-09-14,7,0.0
2026-09-14,8,0.0
2026-09-14,9,0.0
2026-09-14,10,0.0
2026-09-14,11,0.0
2026-09-14,12,0.0
2026-09-14,13,0.0
2026-09-14,14,0.0
2026-09-14,15,0.0
2026-09-14,16,0.0
2026-09-14,17,0.0
2026-09-14,18,0.0
2026-09-14,19,0.0
2026-09-14,20,-18.49718589999941
2026-09-14,21,-52.532841039997884
2026-09-14,22,-49.3120094199985
2026-09-14,23,-29.74911039999847
2026-09-14,24,-13.211039749998754
2026-09-14,25,-17.182555409998773
2026-09-14,26,11.719000640001902
2026-09-14,27,24.969225640001703
2026-09-14,28,33.78783448000141
2026-09-14,29,31.09340732000141
2026-09-14,30,17.273871180001365
2026-09-14,31,44.75844149000168
2026-09-14,32,30.314691140001983
2026-09-14,33,43.14467114000118
2026-09-14,34,53.82476804000164
2026-09-14,35,53.7311581400011
2026-09-14,36,87.97150774000076
2026-09-14,37,95.00226738000167
2026-09-14,38,136.28271993857288
2026-09-14,39,136.8190837585725
2026-09-14,40,156.49607206857286
2026-09-14,41,138.54719806857366
2026-09-14,42,150.86414773857305
2026-09-14,43,133.80175739714343
2026-09-14,44,143.55555099714417
2026-09-14,45,163.93940406714322
2026-09-14,46,140.18180763714378
2026-09-14,47,129.753220097143
2026-09-14,48,120.18938649714306
2026-09-14,49,148.01068059714356
2026-09-14,50,135.08718714714306
2026-09-14,51,131.40841024714382
2026-09-14,52,120.95119359714394
2026-09-14,53,121.43662883714345
2026-09-14,54,131.66662000714334
2026-09-14,55,143.01745125428616
2026-09-14,56,130.9265289042869
2026-09-14,57,147.39700165428525
2026-09-14,58,129.27517885428676
2026-09-14,59,129.06936425428643
2026-09-14,60,132.96028735428652
2026-09-14,61,131.53978440428673
2026-09-14,62,121.44131809428637
2026-09-14,63,105.68293974428646
2026-09-14,64,112.07901035428581
2026-09-14,65,96.62229667428655
2026-09-14,66,109.16462596428619
2026-09-14,67,111.14890748678692
2026-09-14,68,105.26905043678624
2026-09-14,69,108.32959439678652
2026-09-14,70,112.0773646667862
2026-09-14,71,100.4513423067865
2026-09-14,72,88.46976044678689
2026-09-14,73,99.44656819678673
2026-09-14,74,105.43942248678655
2026-09-14,75,96.94602170678655
2026-09-14,76,97.4481604867864
2026-09-14,77,88.85905848678588
2026-09-14,78,87.50467898678619
2026-09-14,79,90.08463098678659
2026-09-14,80,82.6202144367862
2026-09-14,81,82.68576798678653
2026-09-14,82,84.02010639678639
2026-09-14,83,82.93074046678657
2026-09-14,84,80.22605698678618
2026-09-14,85,83.49600599678664
2026-09-14,86,76.05171948678674
2026-09-14,87,74.82956177250061
2026-09-14,88,71.84475027250083
2026-09-14,89,71.3540582725004
2026-09-14,90,73.18177199250077
2026-09-14,91,72.70467427250068
2026-09-14,92,74.76452427250058
2026-09-14,93,76.07922477250105
2026-09-14,94,68.70991177250087
2026-09-14,95,72.71535827250082
2026-09-14,96,75.48906827250045
2026-09-14,97,61.32952727250111
2026-09-14,98,56.36972327250058
2026-09-14,99,52.600600501072364
2026-09-14,100,56.54904031107239
2026-09-14,101,59.10791940107231
2026-09-14,102,72.53700436107206
2026-09-14,103,75.0259617896439
2026-09-14,104,64.42653782964378
2026-09-14,105,71.72122132964373
2026-09-14,106,78.61555982964359
2026-09-14,107,76.1350219096441
2026-09-14,108,77.56574182964391
2026-09-14,109,79.18747003964393
2026-09-14,110,85.21875320964358
2026-09-14,111,88.61911832964384
2026-09-14,112,86.2788623296436
2026-09-14,113,89.15866532964382
2026-09-14,114,98.16228882964356
2026-09-14,115,100.45437366964332
2026-09-14,116,93.46830432964303
2026-09-14,117,91.47820232964354
2026-09-14,118,87.43824932964384
2026-09-14,119,90.28358782964415
2026-09-14,120,91.8435368296443
2026-09-14,121,93.792522759644
2026-09-14,122,101.33224482964405
2026-09-14,123,102.78175682964404
2026-09-14,124,100.2019518296436
2026-09-14,125,93.45285082964402
2026-09-14,126,90.2031618296436
2026-09-14,127,84.40860832964398
2026-09-14,128,82.15844832964387
2026-09-14,129,89.43800732964331
2026-09-14,130,94.00265582964443
2026-09-14,131,99.7381104596437
2026-09-14,132,95.52625732964418
2026-09-14,133,92.57073382964396
2026-09-14,134,93.56051582964426
2026-09-14,135,96.81875461964378
2026-09-14,136,89.47659632964383
2026-09-14,137,86.5663413296439
2026-09-14,138,94.32074082964388
2026-09-14,139,89.62137882964396
2026-09-14,140,90.87687336714416
2026-09-14,141,90.01145586714438
2026-09-14,142,93.59109786714407
2026-09-14,143,100.66028586714442
2026-09-14,144,104.71910094714403
2026-09-14,145,103.36417845714391
2026-09-14,146,105.3650043671438
2026-09-14,147,112.17928086714377
2026-09-14,148,108.62543628714391
2026-09-14,149,111.17484336714408
2026-09-14,150,109.05513936714402
2026-09-14,151,103.45557336714356
2026-09-14,152,104.64656427714377
2026-09-14,153,104.01468546714418
2026-09-14,154,99.92209977714398
2026-09-14,155,98.99597736714422
2026-09-14,156,103.42557636714419
2026-09-14,157,106.42351854714443
2026-09-14,158,101.15764518714414
2026-09-14,159,99.87909564714394
2026-09-14,160,100.67085186714421
2026-09-14,161,103.3812228071439
2026-09-14,162,107.400262867144
2026-09-14,163,109.04168407714354
2026-09-14,164,102.54023386714361
2026-09-14,165,110.36949286714366
2026-09-14,166,112.53923386714364
2026-09-14,167,111.3744133671438
2026-09-14,168,102.75008686714382
2026-09-14,169,103.27011886714357
2026-09-14,170,103.06648249714367
2026-09-14,171,103.80512836714422
2026-09-14,172,100.94541436714388
2026-09-14,173,105.17988586714354
2026-09-14,174,104.55969586714355
2026-09-14,175,105.29945386714355
2026-09-14,176,100.07470336714408
2026-09-14,177,99.24959686714381
2026-09-14,178,97.49479336714377
2026-09-14,179,97.6296748671435
2026-09-14,180,98.459633867144
2026-09-14,181,97.13959786714396
2026-09-14,182,98.39461936714359
2026-09-14,183,99.80945686714355
2026-09-14,184,97.71502336714403
2026-09-14,185,93.7601038671434
2026-09-14,186,98.18485036714348
2026-09-14,187,101.36946886714341
2026-09-14,188,103.42926286714365
2026-09-14,189,101.77963786714369
2026-09-14,190,98.71015486714393
2026-09-14,191,99.20006386714347
2026-09-14,192,99.60010786714359
2026-09-14,193,103.92359224714401
2026-09-14,194,96.39055486714376
2026-09-14,195,96.66559036714379
2026-09-14,196,96.10062586714399
2026-09-14,197,102.51989986714358
2026-09-14,198,107.60918086714304
2026-09-14,199,106.06244056714404
2026-09-14,200,105.4895608671435
2026-09-14,201,106.67956786714375
2026-09-14,202,107.11927186714338
2026-09-14,203,102.54573844714363
2026-09-14,204,95.10596734714402
2026-09-14,205,99.84058786714373
2026-09-14,206,96.80574436714355
2026-09-14,207,94.15103086714342
2026-09-14,208,88.34148586714383
2026-09-14,209,92.27130286714373
2026-09-14,210,99.12670752714291
2026-09-14,211,110.22924966714413
2026-09-14,212,111.18607336714417
2026-09-14,213,114.62485720714353
2026-09-14,214,116.41145986714317
2026-09-14,215,110.75312202714304
2026-09-14,216,104.46710550714374
2026-09-14,217,103.59625390714427
2026-09-14,218,112.78998897571537
2026-09-14,219,127.03655953571499
2026-09-14,220,107.3717250357159
2026-09-14,221,113.68187717571539
2026-09-14,222,108.9260905357158
2026-09-14,223,109.01866471571512
2026-09-14,224,103.55654853571508
2026-09-14,225,85.51277503571482
2026-09-14,226,84.57153719571627
2026-09-14,227,76.67515389571527
2026-09-14,228,79.35910971571568
2026-09-14,229,82.0877215357156
2026-09-14,230,65.00315817571544
2026-09-14,231,70.86499589571561
2026-09-14,232,74.37393049571544
2026-09-14,233,64.73970961571516
2026-09-14,234,64.43253503571495
2026-09-14,235,68.06743341571578
2026-09-14,236,63.8543281957163
2026-09-14,237,59.337365535715726
2026-09-14,238,61.32966205571584
2026-09-14,239,50.30777361571522
2026-09-14,240,43.97569045571573
2026-09-14,241,61.374644815716316
2026-09-14,242,65.668952605716
2026-09-14,243,79.1104005357162
2026-09-14,244,75.09610011571598
2026-09-14,245,64.50726834571513
2026-09-14,246,68.98904589571536
2026-09-14,247,86.90034238571721
2026-09-14,248,55.786670355715586
2026-09-14,249,55.71605161982316
2026-09-14,250,48.819773969822705
2026-09-14,251,67.46024192982233
2026-09-14,252,79.2439402698232
2026-09-14,253,63.22318231982331
2026-09-14,254,61.89712572982292
2026-09-14,255,75.71867274982318
2026-09-14,256,53.523964429823494
2026-09-14,257,41.09255164589424
2026-09-14,258,18.03020343589435
2026-09-14,259,17.814136635894577
2026-09-14,260,39.13336354589457
2026-09-14,261,40.2252839658936
2026-09-14,262,27.11215878589433
2026-09-14,263,38.37278145589352
2026-09-14,264,36.10570283589429
2026-09-14,265,3.6510895558936483
2026-09-14,266,-1.5938427841059664
2026-09-14,267,0.3367142358941848
2026-09-14,268,31.756805215894808
2026-09-14,269,39.57853413589433
2026-09-14,270,48.596383475894754
2026-09-14,271,48.600469325893805
2026-09-14,272,64.26691982589358
2026-09-14,273,49.18143654589409
2026-09-14,274,61.5070036958934
2026-09-14,275,88.90235490589352
2026-09-14,276,74.5520771558942
2026-09-14,277,71.028995695894
2026-09-14,278,71.05000249589446
2026-09-14,279,72.0134181058951
2026-09-14,280,99.67468148589367
2026-09-14,281,127.95883668589462
2026-09-14,282,131.6619985758948
2026-09-14,283,140.75778008589376
2026-09-14,284,155.92553683589432
2026-09-14,285,162.59131754018074
2026-09-14,286,186.7496451601805
2026-09-14,287,184.25592382017962
2026-09-14,288,181.4016463901794
2026-09-14,289,142.75510993018054
2026-09-14,290,126.10843975017963
2026-09-14,291,164.41472023017943
2026-09-14,292,189.23786240017876
2026-09-14,293,196.36785350589406
2026-09-14,294,185.70219605214382
2026-09-14,295,195.62075588214483
2026-09-14,296,193.7500006721446
2026-09-14,297,195.73960369214302
2026-09-14,298,195.97827150214357
2026-09-14,299,208.51862150214336
2026-09-14,300,214.1837198121444
2026-09-14,301,201.1622699021435
2026-09-14,302,201.06222788214302
2026-09-14,303,210.86469600214357
2026-09-14,304,219.04244166214494
2026-09-14,305,225.2114746221439
2026-09-14,306,230.13584700214412
2026-09-14,307,228.43675310214337
2026-09-14,308,249.45412666214312
2026-09-14,309,277.27417640214384
2026-09-14,310,280.184792602144
2026-09-14,311,288.1599712921435
2026-09-14,312,294.70667181928656
2026-09-14,313,293.32968957928665
2026-09-14,314,308.302820459287
2026-09-14,315,315.30784563928756
2026-09-14,316,334.7809288592871
2026-09-14,317,330.6517277792863
2026-09-14,318,327.7803408592878
2026-09-14,319,334.09107185928696
2026-09-14,320,338.90528922928684
2026-09-14,321,347.464141019287
2026-09-14,322,338.1320718592872
2026-09-14,323,337.3704086164299
2026-09-14,324,339.1600259664301
2026-09-14,325,342.88916170642995
2026-09-14,326,341.2281037164297
2026-09-14,327,347.3229452164305
2026-09-14,328,355.41885871642967
2026-09-14,329,352.14234200214435
2026-09-14,330,352.7574675021434
2026-09-14,331,355.0198858021438
2026-09-14,332,356.74705050214345
2026-09-14,333,350.45217304214407
2026-09-14,334,350.0576015021438
2026-09-14,335,352.437403502144
2026-09-14,336,360.72220400214377
2026-09-14,337,360.4145297021442
2026-09-14,338,367.90268090214397
2026-09-14,339,360.67136500214394
2026-09-14,340,358.8884823021442
2026-09-14,341,359.5305530021439
2026-09-14,342,355.1800060021437
2026-09-14,343,360.14092290214444
2026-09-14,344,353.5404540021443
2026-09-14,345,354.0625581821446
2026-09-14,346,359.67700840214417
2026-09-14,347,359.1006860021443
2026-09-14,348,351.8304590021442
2026-09-14,349,344.6561695021443
2026-09-14,350,352.5014489421449
2026-09-14,351,358.3824828121441
2026-09-14,352,358.87425585928725
2026-09-14,353,356.15100362928655
2026-09-14,354,352.87297985928643
2026-09-14,355,348.9536958592864
2026-09-14,356,352.617514359287
2026-09-14,357,352.81843121928694
2026-09-14,358,348.70772735928693
2026-09-14,359,347.1624368592868
2026-09-14,360,337.9081932592869
2026-09-14,361,331.1171073592871
2026-09-14,362,331.39811614500167
2026-09-14,363,333.9624765950017
2026-09-14,364,332.6118254450008
2026-09-14,365,340.2188781650019
2026-09-14,366,334.5459988450015
2026-09-14,367,330.9036626650014
2026-09-14,368,330.7448615450019
2026-09-14,369,329.0191541450012
2026-09-14,370,322.4980861450017
2026-09-14,371,322.6411403550014
2026-09-14,372,318.8957902651799
2026-09-14,373,317.29025776517943
2026-09-14,374,314.63698821517954
2026-09-14,375,313.9800707651793
2026-09-14,376,313.11692651517956
2026-09-14,377,319.35776251517973
2026-09-14,378,321.7682764151797
2026-09-14,379,320.7270222551797
2026-09-14,380,324.0061875151801
2026-09-14,381,325.89109601517976
2026-09-14,382,336.96278325517994
2026-09-14,383,345.7102780851804
2026-09-14,384,344.1667237451794
2026-09-14,385,346.12433951517966
2026-09-14,386,346.12433951517966
2026-09-14,387,346.12433951517966
2026-09-14,388,346.12433951517966
2026-09-14,389,346.12433951517966
2026-09-14,390,346.12433951517966
2026-09-15,0,0.0
2026-09-15,1,0.0
2026-09-15,2,0.0
2026-09-15,3,0.0
2026-09-15,4,0.0
2026-09-15,5,0.0
2026-09-15,6,0.0
2026-09-15,7,0.0
2026-09-15,8,0.0
2026-09-15,9,0.0
2026-09-15,10,0.0
2026-09-15,11,0.0
2026-09-15,12,0.0
2026-09-15,13,0.0
2026-09-15,14,0.0
2026-09-15,15,0.0
2026-09-15,16,0.0
2026-09-15,17,0.0
2026-09-15,18,0.0
2026-09-15,19,0.0
2026-09-15,20,-2.92541624999933
2026-09-15,21,26.280148499999918
2026-09-15,22,30.15835662000044
2026-09-15,23,28.669824500000125
2026-09-15,24,14.049636250000212
2026-09-15,25,36.00455842000016
2026-09-15,26,43.587608020000495
2026-09-15,27,56.91202961000029
2026-09-15,28,31.27275650000032
2026-09-15,29,39.72736100000039
2026-09-15,30,24.629902479999707
2026-09-15,31,31.090822500000847
2026-09-15,32,23.8438647500002
2026-09-15,33,30.74730604000053
2026-09-15,34,11.807781740001097
2026-09-15,35,30.433897000000123
2026-09-15,36,26.112835999999923
2026-09-15,37,43.26692549999985
2026-09-15,38,41.57323577000003
2026-09-15,39,33.668700500000234
2026-09-15,40,44.14380187999982
2026-09-15,41,48.8771560799997
2026-09-15,42,50.51455719999962
2026-09-15,43,54.40745099999972
2026-09-15,44,66.30582370999934
2026-09-15,45,48.274493340000014
2026-09-15,46,33.538554100000034
2026-09-15,47,29.487009060000283
2026-09-15,48,37.95722349999972
2026-09-15,49,36.92516726000013
2026-09-15,50,39.78830372639961
2026-09-15,51,37.99173382000074
2026-09-15,52,35.81407525000013
2026-09-15,53,35.824828230000264
2026-09-15,54,43.21753251999966
2026-09-15,55,56.53055923000091
2026-09-15,56,49.58655836999981
2026-09-15,57,42.34772250000004
2026-09-15,58,28.308791199999497
2026-09-15,59,1.239688500000483
2026-09-15,60,23.77271768999995
2026-09-15,61,12.96099100000017
2026-09-15,62,28.197398480000295
2026-09-15,63,26.49442399999976
2026-09-15,64,21.085776000000813
2026-09-15,65,29.709321719999984
2026-09-15,66,39.097949760000354
2026-09-15,67,34.2274649800003
2026-09-15,68,46.30843266000002
2026-09-15,69,51.17988503999997
2026-09-15,70,37.86991977999984
2026-09-15,71,46.05190800000002
2026-09-15,72,43.46118900000017
2026-09-15,73,36.13082980000049
2026-09-15,74,34.22458540000037
2026-09-15,75,44.855862500000406
2026-09-15,76,37.65813975000034
2026-09-15,77,41.08228699999989
2026-09-15,78,53.24710649999984
2026-09-15,79,49.80159986999963
2026-09-15,80,54.543977000000304
2026-09-15,81,73.67182073999976
2026-09-15,82,65.83035438000024
2026-09-15,83,64.26675074999987
2026-09-15,84,61.18953038000003
2026-09-15,85,60.523993040000214
2026-09-15,86,59.37459500000005
2026-09-15,87,60.07211802000027
2026-09-15,88,56.622380999999805
2026-09-15,89,56.10964738000067
2026-09-15,90,47.268183540000656
2026-09-15,91,54.32599750000018
2026-09-15,92,58.0110477600002
2026-09-15,93,48.00263407142861
2026-09-15,94,50.435733441428404
2026-09-15,95,42.96346757142824
2026-09-15,96,44.23948607142817
2026-09-15,97,63.01426241142859
2026-09-15,98,72.49257055142866
2026-09-15,99,77.77205655142883
2026-09-15,100,79.2020450914286
2026-09-15,101,80.19604669142883
2026-09-15,102,72.47260807142897
2026-09-15,103,77.2198515714282
2026-09-15,104,84.21175605142909
2026-09-15,105,84.32408447142859
2026-09-15,106,82.11085014142895
2026-09-15,107,84.09854897142918
2026-09-15,108,88.16431657142869
2026-09-15,109,85.34983207142935
2026-09-15,110,92.04850320143106
2026-09-15,111,84.62189445142994
2026-09-15,112,85.62267069143033
2026-09-15,113,101.53496808142941
2026-09-15,114,94.62642119143051
2026-09-15,115,100.41946082142984
2026-09-15,116,106.72029451143084
2026-09-15,117,104.33067172143015
2026-09-15,118,88.71140469143042
2026-09-15,119,99.20864290142954
2026-09-15,120,121.80533013423116
2026-09-15,121,127.81189879142957
2026-09-15,122,107.83517269142997
2026-09-15,123,105.72033518143037
2026-09-15,124,116.503894711431
2026-09-15,125,134.74866012183048
2026-09-15,126,158.32895428142965
2026-09-15,127,143.96848211143043
2026-09-15,128,145.66441513142982
2026-09-15,129,153.2826308114304
2026-09-15,130,142.0959409714303
2026-09-15,131,157.3394618514304
2026-09-15,132,149.81340050642984
2026-09-15,133,166.00044270142985
2026-09-15,134,148.00145482143094
2026-09-15,135,136.92293081143092
2026-09-15,136,121.22313113143005
2026-09-15,137,109.22860061143018
2026-09-15,138,112.77791166142995
2026-09-15,139,91.18655903143113
2026-09-15,140,114.9705873039297
2026-09-15,141,94.12004790696484
2026-09-15,142,104.26071126696527
2026-09-15,143,101.54417895696622
2026-09-15,144,89.47988255696562
2026-09-15,145,93.7248575269656
2026-09-15,146,60.63595830696651
2026-09-15,147,46.44537930696606
2026-09-15,148,19.44002202982317
2026-09-15,149,11.154054804644215
2026-09-15,150,28.975432384643863
2026-09-15,151,51.04819487464464
2026-09-15,152,50.759137754645096
2026-09-15,153,50.39669405464357
2026-09-15,154,47.54150322464466
2026-09-15,155,48.105413244644076
2026-09-15,156,56.243482344644605
2026-09-15,157,61.26400624464354
2026-09-15,158,48.86544926464449
2026-09-15,159,9.953188874644233
2026-09-15,160,0.945754764644235
2026-09-15,161,-5.55842971935602
2026-09-15,162,-9.402532295355186
2026-09-15,163,-15.8782366653557
2026-09-15,164,-4.188683745355114
2026-09-15,165,30.74197115464404
2026-09-15,166,20.87030738464394
2026-09-15,167,19.300944284645034
2026-09-15,168,37.17581166464504
2026-09-15,169,52.47508255464474
2026-09-15,170,50.8122748546441
2026-09-15,171,63.90863908464431
2026-09-15,172,83.62698503464443
2026-09-15,173,99.50807574464497
2026-09-15,174,107.6484656346438
2026-09-15,175,105.08718983464478
2026-09-15,176,96.13000763464467
2026-09-15,177,99.9321599689302
2026-09-15,178,99.33501567893043
2026-09-15,179,66.46316321893003
2026-09-15,180,26.67609639893031
2026-09-15,181,61.8065709689305
2026-09-15,182,62.05146846892997
2026-09-15,183,50.23449025893012
2026-09-15,184,55.27204246892994
2026-09-15,185,50.94070894893076
2026-09-15,186,64.33256160893016
2026-09-15,187,76.5874579889313
2026-09-15,188,78.2598037389304
2026-09-15,189,105.25659673893087
2026-09-15,190,100.29621882893088
2026-09-15,191,120.63438978893015
2026-09-15,192,107.2749648689302
2026-09-15,193,105.97883446893023
2026-09-15,194,111.13115818893155
2026-09-15,195,128.58969417893124
2026-09-15,196,118.77488875893052
2026-09-15,197,125.68276995893129
2026-09-15,198,112.4936582546445
2026-09-15,199,126.01096835464435
2026-09-15,200,126.111872234644
2026-09-15,201,144.74509475464455
2026-09-15,202,157.8464244646436
2026-09-15,203,157.6186772546432
2026-09-15,204,168.99239675464477
2026-09-15,205,163.0563823946436
2026-09-15,206,153.60924822984458
2026-09-15,207,143.67531972464457
2026-09-15,208,146.9175839846436
2026-09-15,209,148.87599339464418
2026-09-15,210,135.9724401546448
2026-09-15,211,153.23256141464464
2026-09-15,212,124.88215925464505
2026-09-15,213,122.90395308464453
2026-09-15,214,99.16699105464396
2026-09-15,215,97.88811869464391
2026-09-15,216,127.53147728464512
2026-09-15,217,129.3326501246445
2026-09-15,218,126.32580284464393
2026-09-15,219,97.7738633046444
2026-09-15,220,112.72808474464384
2026-09-15,221,109.75549406464529
2026-09-15,222,101.09472025464451
2026-09-15,223,108.54757088464494
2026-09-15,224,105.87382431464569
2026-09-15,225,105.11651041464405
2026-09-15,226,109.13191147464401
2026-09-15,227,103.78840286464495
2026-09-15,228,120.50359120464466
2026-09-15,229,135.80224915464385
2026-09-15,230,137.6890392146435
2026-09-15,231,123.68769475464416
2026-09-15,232,118.14011955464508
2026-09-15,233,120.1148619930451
2026-09-15,234,98.17938581464412
2026-09-15,235,111.5873798746439
2026-09-15,236,125.35374050357353
2026-09-15,237,127.5499180535736
2026-09-15,238,126.69482459357256
2026-09-15,239,134.51982500357298
2026-09-15,240,141.03997596357326
2026-09-15,241,150.034435483573
2026-09-15,242,168.5129494135729
2026-09-15,243,180.91952661357354
2026-09-15,244,166.01720800357296
2026-09-15,245,138.21090578677243
2026-09-15,246,166.63912596037363
2026-09-15,247,160.1410037035732
2026-09-15,248,162.0474278035731
2026-09-15,249,144.35030067357258
2026-09-15,250,143.8368928035731
2026-09-15,251,131.86317250357268
2026-09-15,252,133.28861663357216
2026-09-15,253,142.33282360357325
2026-09-15,254,128.99861900357186
2026-09-15,255,105.53403242357311
2026-09-15,256,80.19393559357331
2026-09-15,257,56.53974442357296
2026-09-15,258,58.09161332357356
2026-09-15,259,67.95194585357284
2026-09-15,260,54.842939453372495
2026-09-15,261,72.60048860357256
2026-09-15,262,95.0723218135733
2026-09-15,263,91.7289555035731
2026-09-15,264,92.342380043573
2026-09-15,265,111.02507779357262
2026-09-15,266,123.63505277357223
2026-09-15,267,116.93284753357358
2026-09-15,268,111.28796550357282
2026-09-15,269,115.75171390357195
2026-09-15,270,103.73136750357284
2026-09-15,271,108.64478965357279
2026-09-15,272,102.6306957735729
2026-09-15,273,99.80766679357163
2026-09-15,274,119.4053915035719
2026-09-15,275,117.51216759357258
2026-09-15,276,107.91372688357227
2026-09-15,277,135.2343610035731
2026-09-15,278,129.66649388537263
2026-09-15,279,124.86143935357266
2026-09-15,280,100.1054617335728
2026-09-15,281,123.77709778357276
2026-09-15,282,108.83941958357389
2026-09-15,283,99.6947232035733
2026-09-15,284,110.05740979357235
2026-09-15,285,116.2991806335727
2026-09-15,286,96.56144103357221
2026-09-15,287,123.58856924857278
2026-09-15,288,118.30228681857301
2026-09-15,289,105.81257783857326
2026-09-15,290,118.41820317857355
2026-09-15,291,106.987545988574
2026-09-15,292,108.32317566857319
2026-09-15,293,111.79465449857267
2026-09-15,294,101.70804033857345
2026-09-15,295,105.4823339385719
2026-09-15,296,110.18888816857293
2026-09-15,297,123.64953005857319
2026-09-15,298,123.14321036857342
2026-09-15,299,111.77628087857332
2026-09-15,300,119.46787687857312
2026-09-15,301,118.9386307785732
2026-09-15,302,106.75076572857346
2026-09-15,303,163.71855837857333
2026-09-15,304,148.38561534857314
2026-09-15,305,151.4138447949739
2026-09-15,306,155.78489967857328
2026-09-15,307,148.78951228142998
2026-09-15,308,160.97183307143078
2026-09-15,309,162.84556961143082
2026-09-15,310,146.53198218143064
2026-09-15,311,168.54835173143084
2026-09-15,312,164.34924827143112
2026-09-15,313,161.56687757143064
2026-09-15,314,169.96595957143012
2026-09-15,315,170.23337985143115
2026-09-15,316,156.19762257142983
2026-09-15,317,157.32752257143045
2026-09-15,318,130.28551307143013
2026-09-15,319,139.81484206143062
2026-09-15,320,131.61340627142965
2026-09-15,321,133.6972628714306
2026-09-15,322,141.79469108143007
2026-09-15,323,164.45916037143024
2026-09-15,324,167.55606462143055
2026-09-15,325,175.1895061814306
2026-09-15,326,179.20020908143078
2026-09-15,327,161.11289186143108
2026-09-15,328,168.40966612143046
2026-09-15,329,170.54298472143057
2026-09-15,330,164.66128285143128
2026-09-15,331,164.11093531423117
2026-09-15,332,158.42768837143066
2026-09-15,333,161.86566647143013
2026-09-15,334,163.46348404143163
2026-09-15,335,153.7115793614305
2026-09-15,336,163.99235667143125
2026-09-15,337,158.60256330203038
2026-09-15,338,169.12046260143165
2026-09-15,339,167.58260338143043
2026-09-15,340,165.79964142143064
2026-09-15,341,167.7152331514306
2026-09-15,342,144.09799798143067
2026-09-15,343,136.4789940714314
2026-09-15,344,132.62937807143038
2026-09-15,345,134.3870772714306
2026-09-15,346,133.51522833983034
2026-09-15,347,117.75716929143066
2026-09-15,348,125.13077191142982
2026-09-15,349,139.1399178759305
2026-09-15,350,130.4023047514297
2026-09-15,351,132.4852674314301
2026-09-15,352,129.72039097143013
2026-09-15,353,124.88524423143099
2026-09-15,354,116.97519757143006
2026-09-15,355,120.77569947143041
2026-09-15,356,128.44715719143062
2026-09-15,357,113.43598732142965
2026-09-15,358,107.54928820143027
2026-09-15,359,97.48219590143025
2026-09-15,360,94.15936402143059
2026-09-15,361,131.88672213143104
2026-09-15,362,123.3060193114306
2026-09-15,363,120.45126277143105
2026-09-15,364,133.94963908143106
2026-09-15,365,103.33112607143148
2026-09-15,366,111.9202910714315
2026-09-15,367,117.83518760143023
2026-09-15,368,129.46812450143088
2026-09-15,369,117.9443835814314
2026-09-15,370,138.223287421431
2026-09-15,371,142.92832388143148
2026-09-15,372,120.29479952793127
2026-09-15,373,142.4632005714309
2026-09-15,374,123.84783021143059
2026-09-15,375,135.01393557143143
2026-09-15,376,137.40825916143012
2026-09-15,377,142.63310264143053
2026-09-15,378,118.61169907143092
2026-09-15,379,133.1672284614296
2026-09-15,380,135.93177707143008
2026-09-15,381,138.0892796608311
2026-09-15,382,134.09505612143124
2026-09-15,383,139.3081512414309
2026-09-15,384,157.90326162373063
2026-09-15,385,158.36732157143268
2026-09-15,386,158.36732157143268
2026-09-15,387,158.36732157143268
2026-09-15,388,158.36732157143268
2026-09-15,389,158.36732157143268
2026-09-15,390,158.36732157143268
