symbol,strategy,side,date,signal_time,entry_time,entry,stop,target,exit_time,exit,exit_reason,r_multiple,mae_r,mfe_r,success,shares,pnl,meta,time_to_mfe_min,hold_min,extended,entry_hhmm,exit_hhmm
CDNS,heat_fade_short,-1,2026-07-15,2026-07-15 09:50:00-04:00,2026-07-15 09:50:00-04:00,381.99339584,385.3093589285714,378.6706410714286,2026-07-15 10:24:00-04:00,378.6706410714286,target,1.0020481772017908,-0.3035631378012878,1.0595400932263113,1,5,16.613773842857142,heat_score=-14.89,33.0,34,False,09:50,10:24
GS,heat_fade_short,-1,2026-07-15,2026-07-15 09:50:00-04:00,2026-07-15 09:50:00-04:00,1144.8755,1152.8239964285715,1135.7360035714285,2026-07-15 10:56:00-04:00,1135.7360035714285,target,1.1498396597020704,-0.6447131285836084,1.239920038785434,1,1,9.139496428571649,heat_score=-16.71,65.0,66,False,09:50,10:56
ALL,orb20_a,-1,2026-07-15,2026-07-15 09:50:00-04:00,2026-07-15 09:51:00-04:00,238.586138,241.2232,234.7152,2026-07-15 11:14:00-04:00,241.27732232,stop,-1.020523719199626,-1.0139549240783765,0.8972629388311665,0,8,-21.529474560000157,rv20=5.381;or_width=5.206,21.0,83,False,09:51,11:14
ON,heat_fade_short,-1,2026-07-15,2026-07-15 10:00:00-04:00,2026-07-15 10:00:00-04:00,94.570541,96.52732142857144,92.51267857142857,2026-07-15 10:32:00-04:00,92.51267857142857,target,1.0516573032539047,-0.1581470232845263,1.1961183614805224,1,21,43.21511100000024,heat_score=-21.44,31.0,32,False,10:00,10:32
PYPL,heat_fade_short,-1,2026-07-15,2026-07-15 10:00:00-04:00,2026-07-15 10:00:00-04:00,54.503048150000005,54.88991071428571,54.13008928571429,2026-07-15 10:07:00-04:00,54.92539970535714,stop,-1.0917353973935369,-1.0777777135656583,0.1371240199938935,0,36,-15.204655992857,heat_score=-23.89,0.0,7,False,10:00,10:07
UMC,heat_fade_short,-1,2026-07-15,2026-07-15 10:00:00-04:00,2026-07-15 10:00:00-04:00,25.4224565,25.866594642857144,25.013405357142855,2026-07-15 10:23:00-04:00,25.013405357142855,target,0.9209998047582916,-0.2421397525287369,0.99621369413055,1,78,31.905989142857003,heat_score=-23.24,22.0,23,False,10:00,10:23
XYZ,heat_fade_short,-1,2026-07-15,2026-07-15 10:05:00-04:00,2026-07-15 10:05:00-04:00,80.0469935,80.76551607142858,79.34448392857144,2026-07-15 10:15:00-04:00,80.80359262303573,stop,-1.0529928399207324,-1.1732498511827136,0.2602472176040566,0,24,-18.158378952857447,heat_score=-11.86,2.0,10,False,10:05,10:15
MA,heat_fade_short,-1,2026-07-15,2026-07-15 10:10:00-04:00,2026-07-15 10:10:00-04:00,537.896204,541.4494642857143,534.6205357142857,2026-07-15 15:55:00-04:00,536.053599,time,0.5185674146665158,-0.9396429564767595,0.8404123987218041,0,3,5.527815000000146,heat_score=-19.41,333.0,345,False,10:10,15:55
TXN,heat_fade_short,-1,2026-07-15,2026-07-15 10:10:00-04:00,2026-07-15 10:10:00-04:00,306.85931,310.8696410714286,303.35035892857144,2026-07-15 10:24:00-04:00,303.35035892857144,target,0.8749779030534169,-0.0375754513320809,1.0757989610227108,1,6,21.05370642857133,heat_score=-11.37,13.0,14,False,10:10,10:24
AEHR,heat_fade_short,-1,2026-07-15,2026-07-15 10:15:00-04:00,2026-07-15 10:15:00-04:00,96.50314772,98.85549464285714,94.14450535714286,2026-07-15 10:21:00-04:00,94.14450535714286,target,1.0026762379047205,-0.3642542142377851,1.2766602114761234,1,20,47.17284725714279,heat_score=-12.99,5.0,6,False,10:15,10:21
INTU,heat_fade_short,-1,2026-07-15,2026-07-15 10:20:00-04:00,2026-07-15 10:20:00-04:00,286.351361,289.5041035714286,283.0158964285714,2026-07-15 10:56:00-04:00,283.0158964285714,target,1.057956523839248,-0.998698412148914,1.0756859855079506,1,6,20.012787428571528,heat_score=-29.92,35.0,36,False,10:20,10:56
CTAS,orb20_a,1,2026-07-15,2026-07-15 09:50:00-04:00,2026-07-15 10:26:00-04:00,196.42964,191.205,204.1925,2026-07-15 11:57:00-04:00,191.1558795,stop,-1.0094017004042355,-1.0028518711337016,0.0498330985484206,0,10,-52.7376049999998,rv20=4.464;or_width=10.39,0.0,91,False,10:26,11:57
KBWB,orb20_a,1,2026-07-15,2026-07-15 09:50:00-04:00,2026-07-15 10:37:00-04:00,98.269825,97.675,99.08750000000002,2026-07-15 12:26:00-04:00,97.6352325,stop,-1.0668557979237543,-1.0084058336485686,0.1179758752574416,0,20,-12.691849999999649,rv20=6.103;or_width=1.13,14.0,109,False,10:37,12:26
AMD,heat_fade_long,1,2026-07-15,2026-07-15 11:05:00-04:00,2026-07-15 11:05:00-04:00,518.1618100000001,508.6485714285714,527.6714285714286,2026-07-15 13:35:00-04:00,527.6714285714286,target,0.9996194776391925,-0.9031424930101166,1.0120833118719943,1,3,28.528855714285555,heat_score=71.86,149.0,150,False,11:05,13:35
AMDL,heat_fade_long,1,2026-07-15,2026-07-15 11:05:00-04:00,2026-07-15 11:05:00-04:00,63.86138449999999,61.3621,66.2979,2026-07-15 13:35:00-04:00,66.2979,target,0.974885212147721,-0.9048127574111696,0.9997323233909594,1,31,75.53198050000017,heat_score=77.02,149.0,150,False,11:05,13:35
CBRS,heat_fade_long,1,2026-07-15,2026-07-15 11:05:00-04:00,2026-07-15 11:05:00-04:00,190.599057,184.63124642857144,196.13875357142857,2026-07-15 11:48:00-04:00,184.58278330392852,stop,-1.0081207545150457,-1.0052358278128024,0.1275079010790169,0,10,-60.16273696071437,heat_score=60.42,2.0,43,False,11:05,11:48
CDNS,heat_fade_long,1,2026-07-15,2026-07-15 11:05:00-04:00,2026-07-15 11:05:00-04:00,373.4623415,370.1006410714286,376.73935892857145,2026-07-15 12:34:00-04:00,370.0336310073215,stop,-1.019933383575054,-1.0269628639893744,0.5912658020050566,0,5,-17.143552463392666,heat_score=70.37,5.0,89,False,11:05,12:34
CRWD,heat_fade_long,1,2026-07-15,2026-07-15 11:05:00-04:00,2026-07-15 11:05:00-04:00,205.660563,202.9725,208.3475,2026-07-15 11:56:00-04:00,208.3475,target,0.9995811110081873,-0.2085378951311788,1.0786343177224664,1,9,24.182433000000003,heat_score=79.95,50.0,51,False,11:05,11:56
CSCO,heat_fade_long,1,2026-07-15,2026-07-15 11:05:00-04:00,2026-07-15 11:05:00-04:00,111.701168,110.70009821428572,112.63990178571429,2026-07-15 11:46:00-04:00,110.65902820446428,stop,-1.0410261206636262,-1.0800126179300875,0.5082882405015523,0,17,-17.716376524107204,heat_score=60.35,3.0,41,False,11:05,11:46
DELL,heat_fade_long,1,2026-07-15,2026-07-15 11:05:00-04:00,2026-07-15 11:05:00-04:00,406.260621,398.68859107142856,413.8514089285714,2026-07-15 11:32:00-04:00,398.6187222123215,stop,-1.009227229655215,-1.0909387677973,0.7579709871911299,0,4,-30.56759515071394,heat_score=79.49,3.0,27,False,11:05,11:32
DOCN,heat_fade_long,1,2026-07-15,2026-07-15 11:05:00-04:00,2026-07-15 11:05:00-04:00,116.681666,113.57256785714286,119.50743214285716,2026-07-15 12:23:00-04:00,113.53121060035714,stop,-1.0133020107071018,-1.0008259170424594,0.448147319891154,0,17,-53.55774179392871,heat_score=63.33,2.0,78,False,11:05,12:23
FTI,heat_fade_long,1,2026-07-15,2026-07-15 11:05:00-04:00,2026-07-15 11:05:00-04:00,71.98219650000001,71.45267857142858,72.47732142857143,2026-07-15 11:23:00-04:00,71.41553330357144,stop,-1.0701492165852706,-1.0239436112442597,0.2224731093011268,0,27,-15.299906303571618,heat_score=60.13,8.0,18,False,11:05,11:23
FTNT,heat_fade_long,1,2026-07-15,2026-07-15 11:05:00-04:00,2026-07-15 11:05:00-04:00,163.716369,161.93148035714285,165.43851964285716,2026-07-15 12:04:00-04:00,165.43851964285716,target,0.964850468262524,-0.2668900392785482,0.9936367779006424,1,12,20.665807714286075,heat_score=68.44,58.0,59,False,11:05,12:04
NTAP,heat_fade_long,1,2026-07-15,2026-07-15 11:05:00-04:00,2026-07-15 11:05:00-04:00,160.966094,159.22390714285714,162.67609285714283,2026-07-15 11:44:00-04:00,159.17798475214286,stop,-1.0263590501363289,-1.4155163608823993,0.5819731654173843,0,12,-21.457310974285637,heat_score=82.37,6.0,39,False,11:05,11:44
RBRK,heat_fade_long,1,2026-07-15,2026-07-15 11:05:00-04:00,2026-07-15 11:05:00-04:00,81.96819500000001,80.69774642857143,83.20225357142857,2026-07-15 11:28:00-04:00,80.65967665392857,stop,-1.0299656164751758,-1.069067281072832,0.9223553210676914,0,24,-31.404440305714505,heat_score=80.61,6.0,23,False,11:05,11:28
SNOW,heat_fade_long,1,2026-07-15,2026-07-15 11:05:00-04:00,2026-07-15 11:05:00-04:00,269.2119175,266.02808392857145,272.5021160714286,2026-07-15 14:35:00-04:00,272.5021160714286,target,1.0334078392019268,-0.8612000088841664,1.0390249445468425,1,7,23.03138999999993,heat_score=58.38,209.0,210,False,11:05,14:35
SOXL,heat_fade_long,1,2026-07-15,2026-07-15 11:05:00-04:00,2026-07-15 11:05:00-04:00,160.756073,151.78179821428571,169.47820178571428,2026-07-15 12:15:00-04:00,151.7366200344643,stop,-1.0050341872630577,-1.0202577053440705,0.2678686643099796,0,12,-108.2334355864283,heat_score=67.09,4.0,70,False,11:05,12:15
AEHR,heat_fade_long,1,2026-07-15,2026-07-15 11:10:00-04:00,2026-07-15 11:10:00-04:00,92.529251,90.18950535714286,94.90049464285714,2026-07-15 11:47:00-04:00,90.15048640660714,stop,-1.016676577924117,-1.0596241551164989,0.5089224136970439,0,21,-49.95405646125003,heat_score=82.44,27.0,37,False,11:10,11:47
ARM,heat_fade_long,1,2026-07-15,2026-07-15 11:15:00-04:00,2026-07-15 11:15:00-04:00,273.097306,266.01110892857145,280.6888910714286,2026-07-15 12:37:00-04:00,265.95450781767863,stop,-1.007987515775003,-1.05801545235441,0.066706301734944,0,7,-49.9995872762496,heat_score=68.84,4.0,82,False,11:15,12:37
COHR,heat_fade_long,1,2026-07-15,2026-07-15 11:15:00-04:00,2026-07-15 11:15:00-04:00,293.559352,286.24706785714284,300.89293214285715,2026-07-15 12:07:00-04:00,286.1884431503572,stop,-1.0080172905812126,-1.119944444172014,0.0,0,6,-44.225453097856985,heat_score=57.77,0.0,52,False,11:15,12:07
IBM,heat_fade_long,1,2026-07-15,2026-07-15 11:15:00-04:00,2026-07-15 11:15:00-04:00,214.861483,210.65913392857144,218.98086607142852,2026-07-15 15:55:00-04:00,211.788818,time,-0.7311779549421084,-0.7760856950637164,0.2066503722654296,0,9,-27.65398500000001,heat_score=70.8,36.0,280,False,11:15,15:55
LRCX,heat_fade_long,1,2026-07-15,2026-07-15 11:15:00-04:00,2026-07-15 11:15:00-04:00,330.233019,322.8179982142857,337.7020017857143,2026-07-15 12:22:00-04:00,322.7557164144643,stop,-1.008399410011282,-1.0226564724686114,0.4001311777461396,0,6,-44.86381551321426,heat_score=57.9,18.0,67,False,11:15,12:22
ANET,heat_fade_long,1,2026-07-15,2026-07-15 11:20:00-04:00,2026-07-15 11:20:00-04:00,171.37713499999998,168.74391071428573,173.9760892857143,2026-07-15 11:48:00-04:00,168.6970363232143,stop,-1.0178011388265495,-1.0698424039621242,0.0,0,11,-29.481085444642588,heat_score=66.84,0.0,28,False,11:20,11:48
HPE,heat_fade_long,1,2026-07-15,2026-07-15 11:20:00-04:00,2026-07-15 11:20:00-04:00,47.054704,46.3863375,47.7136625,2026-07-15 11:46:00-04:00,46.35169886625,stop,-1.0518258077716334,-1.0394057751248706,0.0,0,42,-29.526215617499872,heat_score=57.62,0.0,26,False,11:20,11:46
NBIS,heat_fade_long,1,2026-07-15,2026-07-15 11:20:00-04:00,2026-07-15 11:20:00-04:00,193.4943465,187.0797071428572,199.85029285714285,2026-07-15 14:10:00-04:00,199.85029285714285,target,0.9908501481171114,-0.974995810643002,1.0079371793209946,1,10,63.55946357142841,heat_score=58.68,169.0,170,False,11:20,14:10
IOT,heat_fade_long,1,2026-07-15,2026-07-15 11:35:00-04:00,2026-07-15 11:35:00-04:00,36.523651,36.00908928571429,37.11091071428572,2026-07-15 15:55:00-04:00,36.276371000000005,time,-0.4805643193708145,-0.8816260273653177,0.5176230423006517,0,54,-13.35311999999942,heat_score=59.05,25.0,260,False,11:35,15:55
CARR,heat_fade_long,1,2026-07-15,2026-07-15 11:40:00-04:00,2026-07-15 11:40:00-04:00,68.486847,67.87568035714285,69.05431964285715,2026-07-15 12:15:00-04:00,67.83889278910713,stop,-1.0601923689155253,-1.1238293320281023,0.1033318829456494,0,29,-18.790672115893017,heat_score=58.69,2.0,35,False,11:40,12:15
VIAV,heat_fade_long,1,2026-07-15,2026-07-15 11:40:00-04:00,2026-07-15 11:40:00-04:00,39.323931,38.47922678571429,40.08077321428571,2026-07-15 12:18:00-04:00,38.445378863035714,stop,-1.0400707396815785,-1.022761560069339,0.0,0,50,-43.9276068482144,heat_score=66.92,0.0,38,False,11:40,12:18
KTOS,heat_fade_long,1,2026-07-15,2026-07-15 11:45:00-04:00,2026-07-15 11:45:00-04:00,50.855084,50.05671607142857,51.66328392857143,2026-07-15 12:06:00-04:00,50.02171039982142,stop,-1.0438465403661477,-1.0710400172637864,0.031208668470173,0,39,-32.50157040696443,heat_score=59.46,4.0,21,False,11:45,12:06
CEG,heat_fade_long,1,2026-07-15,2026-07-15 11:55:00-04:00,2026-07-15 11:55:00-04:00,257.9207885,255.7361107142857,260.36688928571425,2026-07-15 12:36:00-04:00,255.68053710321428,stop,-1.0254378981810603,-1.1100897880037135,0.2147737771987391,0,7,-15.681759777499764,heat_score=59.67,0.0,41,False,11:55,12:36
RKLB,heat_fade_long,1,2026-07-15,2026-07-15 11:55:00-04:00,2026-07-15 11:55:00-04:00,76.907689,74.94741607142856,78.81258392857143,2026-07-15 12:38:00-04:00,74.90992132982142,stop,-1.0191273067442057,-1.034391165865713,0.0930028657452605,0,26,-51.94195942464333,heat_score=60.27,5.0,43,False,11:55,12:38
AMAT,heat_fade_long,1,2026-07-15,2026-07-15 12:05:00-04:00,2026-07-15 12:05:00-04:00,565.806574,552.4173428571429,579.0226571428572,2026-07-15 13:54:00-04:00,579.0226571428572,target,0.9870681148041702,-0.6457856995480131,0.9995664319485548,1,3,39.6482494285716,heat_score=63.69,108.0,109,False,12:05,13:54
CLSK,heat_fade_long,1,2026-07-15,2026-07-15 12:05:00-04:00,2026-07-15 12:05:00-04:00,13.241323,12.878389285714285,13.591610714285714,2026-07-15 12:54:00-04:00,13.591610714285714,target,0.9651561717684768,-0.3342841825504541,1.0433778541221197,1,151,52.89344485714294,heat_score=58.17,48.0,49,False,12:05,12:54
MPWR,heat_fade_long,1,2026-07-15,2026-07-15 12:05:00-04:00,2026-07-15 12:05:00-04:00,1318.561842,1296.7701607142858,1341.5898392857143,2026-07-15 13:21:00-04:00,1341.5898392857143,target,1.0567333921504471,-0.3873882831396906,1.0702780429929295,1,1,23.027997285714264,heat_score=59.22,75.0,76,False,12:05,13:21
AEM,heat_fade_long,1,2026-07-15,2026-07-15 12:10:00-04:00,2026-07-15 12:10:00-04:00,140.804078,139.3755375,142.3144625,2026-07-15 13:33:00-04:00,142.3144625,target,1.0572920403726669,-0.625868150045455,1.0751686774018676,1,14,21.14538299999981,heat_score=57.86,82.0,83,False,12:10,13:33
ASML,heat_fade_long,1,2026-07-15,2026-07-15 12:10:00-04:00,2026-07-15 12:10:00-04:00,1749.064888,1726.3392892857144,1771.4107107142856,2026-07-15 13:18:00-04:00,1771.4107107142856,target,0.9832886250974112,-0.5902985513674128,1.0690636715646753,1,1,22.34582271428553,heat_score=74.73,67.0,68,False,12:10,13:18
CIFR,heat_fade_long,1,2026-07-15,2026-07-15 12:10:00-04:00,2026-07-15 12:10:00-04:00,18.821881,18.182751785714284,19.437248214285717,2026-07-15 12:54:00-04:00,19.437248214285717,target,0.9628212895469642,-0.1437596622815714,1.0140656779776962,1,106,65.22892471428545,heat_score=59.25,43.0,44,False,12:10,12:54
INFQ,heat_fade_long,1,2026-07-15,2026-07-15 12:10:00-04:00,2026-07-15 12:10:00-04:00,9.620961,9.3350375,9.8851625,2026-07-15 13:10:00-04:00,9.8851625,target,0.924028630035655,-0.1782329888938789,0.9584346862010268,1,207,54.68971050000009,heat_score=57.92,59.0,60,False,12:10,13:10
QBTS,heat_fade_long,1,2026-07-15,2026-07-15 12:10:00-04:00,2026-07-15 12:10:00-04:00,17.991798000000003,17.56598214285714,18.404017857142858,2026-07-15 14:02:00-04:00,18.404017857142858,target,0.9680707052780204,-0.2860344394340826,1.08779885067688,1,111,45.75640414285688,heat_score=58.96,111.0,112,False,12:10,14:02
SPCH,heat_fade_long,1,2026-07-15,2026-07-15 12:10:00-04:00,2026-07-15 12:10:00-04:00,9.040902999999998,8.627494642857142,9.432505357142857,2026-07-15 13:50:00-04:00,9.432505357142857,target,0.9472531224315264,-0.2443177508506349,0.9653820323281234,1,221,86.54412092857166,heat_score=67.12,99.0,100,False,12:10,13:50
SPCX,heat_fade_long,1,2026-07-15,2026-07-15 12:10:00-04:00,2026-07-15 12:10:00-04:00,132.9282905,130.41554642857142,135.39445357142858,2026-07-15 13:49:00-04:00,135.39445357142858,target,0.9814620993320978,-0.3096974772912565,0.9916288444701644,1,15,36.99244607142873,heat_score=82.42,98.0,99,False,12:10,13:49
TER,heat_fade_long,1,2026-07-15,2026-07-15 12:10:00-04:00,2026-07-15 12:10:00-04:00,330.663062,321.4699125,340.1500875,2026-07-15 14:02:00-04:00,340.1500875,target,1.0319668466176983,-0.6007801787624593,1.0711169224431822,1,6,56.922153000000094,heat_score=59.3,111.0,112,False,12:10,14:02
TSM,heat_fade_long,1,2026-07-15,2026-07-15 12:10:00-04:00,2026-07-15 12:10:00-04:00,415.20271512,410.1440178571429,420.1159821428572,2026-07-15 13:55:00-04:00,420.1159821428572,target,0.9712514443060668,-0.8802098423033721,0.9720456917049686,1,4,19.653068091428626,heat_score=58.55,104.0,105,False,12:10,13:55
VSH,heat_fade_long,1,2026-07-15,2026-07-15 12:10:00-04:00,2026-07-15 12:10:00-04:00,39.223921,37.98531785714286,40.40468214285714,2026-07-15 14:10:00-04:00,40.40468214285714,target,0.9533006190614314,-0.439140658682096,0.9575940500716168,1,50,59.03805714285717,heat_score=71.75,119.0,120,False,12:10,14:10
AMKR,heat_fade_long,1,2026-07-15,2026-07-15 12:15:00-04:00,2026-07-15 12:15:00-04:00,64.61646,62.85051964285714,66.06948035714285,2026-07-15 13:18:00-04:00,66.06948035714285,target,0.8228026225606531,-0.1622138589456508,0.8740612296200662,1,30,43.59061071428542,heat_score=62.76,62.0,63,False,12:15,13:18
CRCL,heat_fade_long,1,2026-07-15,2026-07-15 12:15:00-04:00,2026-07-15 12:15:00-04:00,63.326331,61.89771964285715,64.80228035714286,2026-07-15 12:59:00-04:00,64.80228035714286,target,1.0331356738579285,-0.0534302066257224,1.0490389793605377,1,31,45.75443007142886,heat_score=70.04,43.0,44,False,12:15,12:59
CRDO,heat_fade_long,1,2026-07-15,2026-07-15 12:15:00-04:00,2026-07-15 12:15:00-04:00,218.7368705,211.971525,225.408475,2026-07-15 13:20:00-04:00,225.408475,target,0.9861439449027368,-0.1946494085187544,1.109053410502091,1,9,60.04444050000001,heat_score=64.47,64.0,65,False,12:15,13:20
FLEX,heat_fade_long,1,2026-07-15,2026-07-15 12:15:00-04:00,2026-07-15 12:15:00-04:00,124.482446,121.69371964285712,127.22628035714284,2026-07-15 13:47:00-04:00,127.22628035714284,target,0.9839023287871108,-0.2483018809738729,1.024680672838643,1,16,43.90134971428574,heat_score=61.37,91.0,92,False,12:15,13:47
FPS,heat_fade_long,1,2026-07-15,2026-07-15 12:15:00-04:00,2026-07-15 12:15:00-04:00,40.46904549999999,39.497532142857146,41.422467857142856,2026-07-15 13:01:00-04:00,41.422467857142856,target,0.9813785370350558,-0.0710700470480944,0.9891315368283842,1,49,46.71769550000027,heat_score=72.98,45.0,46,False,12:15,13:01
INTC,heat_fade_long,1,2026-07-15,2026-07-15 12:15:00-04:00,2026-07-15 12:15:00-04:00,99.40003801,97.02689107142858,101.81150892857144,2026-07-15 13:31:00-04:00,101.81150892857144,target,1.01614901267895,-0.0842922984450419,1.0450098768401035,1,20,48.229418371428494,heat_score=63.05,75.0,76,False,12:15,13:31
IONQ,heat_fade_long,1,2026-07-15,2026-07-15 12:15:00-04:00,2026-07-15 12:15:00-04:00,36.883687,35.95205535714286,37.80794464285714,2026-07-15 14:08:00-04:00,37.80794464285714,target,0.9920848545060472,-0.0254252849627905,1.0050249013961297,1,54,49.90991271428608,heat_score=73.69,112.0,113,False,12:15,14:08
KLAC,heat_fade_long,1,2026-07-15,2026-07-15 12:15:00-04:00,2026-07-15 12:15:00-04:00,217.201717,211.8467982142857,222.53320178571428,2026-07-15 13:47:00-04:00,222.53320178571428,target,0.9956238365253142,-0.1375776233927895,1.0090317362823091,1,9,47.98336307142878,heat_score=58.22,91.0,92,False,12:15,13:47
MSTR,heat_fade_long,1,2026-07-15,2026-07-15 12:15:00-04:00,2026-07-15 12:15:00-04:00,96.9346915,94.8425,98.9675,2026-07-15 13:06:00-04:00,98.9675,target,0.9716168429132682,-0.0118017399458974,0.9871507937968268,1,20,40.65616999999975,heat_score=59.3,50.0,51,False,12:15,13:06
MSTU,heat_fade_long,1,2026-07-15,2026-07-15 12:15:00-04:00,2026-07-15 12:15:00-04:00,19.551954,18.721071428571427,20.37892857142857,2026-07-15 13:05:00-04:00,20.37892857142857,target,0.9952965676084848,-0.0625286915221668,1.0206568643531806,1,102,84.35140628571433,heat_score=62.15,49.0,50,False,12:15,13:05
OKLO,heat_fade_long,1,2026-07-15,2026-07-15 12:15:00-04:00,2026-07-15 12:15:00-04:00,44.41534009,43.52505,45.24495,2026-07-15 13:18:00-04:00,45.24495,target,0.9318422380732042,-0.2868054950493766,0.9375145465226942,1,45,37.33244594999977,heat_score=61.09,62.0,63,False,12:15,13:18
ON,heat_fade_long,1,2026-07-15,2026-07-15 12:15:00-04:00,2026-07-15 12:15:00-04:00,90.749073,88.68267857142857,92.69732142857144,2026-07-15 13:47:00-04:00,92.69732142857144,target,0.942825049096894,-0.1447318071829901,0.9828360800430678,1,22,42.8614654285712,heat_score=59.34,91.0,92,False,12:15,13:47
RGTI,heat_fade_long,1,2026-07-15,2026-07-15 12:15:00-04:00,2026-07-15 12:15:00-04:00,14.9464935,14.600764285714286,15.269235714285715,2026-07-15 13:21:00-04:00,15.269235714285715,target,0.9335115487781608,-0.105555152680392,0.9646465679477833,1,133,42.92471450000001,heat_score=61.38,65.0,66,False,12:15,13:21
SMH,heat_fade_long,1,2026-07-15,2026-07-15 12:15:00-04:00,2026-07-15 12:15:00-04:00,576.417635,569.1199,583.7601000000001,2026-07-15 13:19:00-04:00,583.7601000000001,target,1.0061292990222408,-0.3696537350287445,1.0499648178510228,1,3,22.027395000000183,heat_score=58.64,63.0,64,False,12:15,13:19
SOXX,heat_fade_long,1,2026-07-15,2026-07-15 12:15:00-04:00,2026-07-15 12:15:00-04:00,540.8740809999999,532.3079303571428,549.3120696428571,2026-07-15 13:19:00-04:00,549.3120696428571,target,0.9850385540316358,-0.2736446156191023,1.004642500324943,1,3,25.31396592857141,heat_score=59.48,63.0,64,False,12:15,13:19
STX,heat_fade_long,1,2026-07-15,2026-07-15 12:15:00-04:00,2026-07-15 12:15:00-04:00,794.6494559999999,773.2685375000001,815.4774625,2026-07-15 13:47:00-04:00,815.4774625,target,0.974139932295254,-0.2656319933121631,0.985717428369617,1,2,41.65601300000026,heat_score=58.84,91.0,92,False,12:15,13:47
VRT,heat_fade_long,1,2026-07-15,2026-07-15 12:15:00-04:00,2026-07-15 12:15:00-04:00,291.2741235,285.74142857142857,296.35857142857145,2026-07-15 13:08:00-04:00,296.35857142857145,target,0.9189821586429552,-0.2700534765226606,0.9280968074858044,1,6,30.50668757142887,heat_score=62.11,52.0,53,False,12:15,13:08
ADI,heat_fade_long,1,2026-07-15,2026-07-15 12:20:00-04:00,2026-07-15 12:20:00-04:00,383.838379,379.6738392857143,387.78616071428576,2026-07-15 13:18:00-04:00,387.78616071428576,target,0.9479515108821088,-0.1340794033214844,0.9968979250596508,1,5,19.738908571428624,heat_score=61.54,57.0,58,False,12:20,13:18
ASX,heat_fade_long,1,2026-07-15,2026-07-15 12:20:00-04:00,2026-07-15 12:20:00-04:00,39.48394699999999,38.73332857142857,40.20667142857143,2026-07-15 13:25:00-04:00,40.20667142857143,target,0.9628386421939078,-0.5847804733963123,0.9672730809205328,1,50,36.1362214285716,heat_score=59.82,64.0,65,False,12:20,13:25
CAT,heat_fade_long,1,2026-07-15,2026-07-15 12:20:00-04:00,2026-07-15 12:20:00-04:00,893.6593559999999,882.0009232142856,905.1190767857142,2026-07-15 13:47:00-04:00,905.1190767857142,target,0.9829555135195032,-0.2795706815751249,1.0327840989703403,1,2,22.919441571428703,heat_score=67.96,86.0,87,False,12:20,13:47
IREN,heat_fade_long,1,2026-07-15,2026-07-15 12:20:00-04:00,2026-07-15 12:20:00-04:00,38.223821,37.15160892857143,39.28839107142857,2026-07-15 12:59:00-04:00,39.28839107142857,target,0.9928726786391966,-0.1807674108180485,0.9943732479895164,1,52,55.357643714285615,heat_score=59.96,38.0,39,False,12:20,12:59
MCHP,heat_fade_long,1,2026-07-15,2026-07-15 12:20:00-04:00,2026-07-15 12:20:00-04:00,83.978396,82.78236607142857,85.13763392857142,2026-07-15 13:21:00-04:00,85.13763392857142,target,0.969238227973137,-0.3330986879867285,1.038104457371728,1,23,26.662472357142533,heat_score=70.61,60.0,61,False,12:20,13:21
NVDA,heat_fade_long,1,2026-07-15,2026-07-15 12:20:00-04:00,2026-07-15 12:20:00-04:00,207.000697,205.23,208.7,2026-07-15 13:19:00-04:00,208.7,target,0.9596802840915516,-0.5425530172581704,1.0669826627593706,1,9,15.293727000000388,heat_score=66.84,58.0,59,False,12:20,13:19
NVDL,heat_fade_long,1,2026-07-15,2026-07-15 12:20:00-04:00,2026-07-15 12:20:00-04:00,31.663165,31.13723214285714,32.16276785714285,2026-07-15 13:18:00-04:00,32.16276785714285,target,0.9499365752825498,-0.5574190621833807,0.9636876516013734,1,63,31.4749799999998,heat_score=67.1,57.0,58,False,12:20,13:18
SPMO,heat_fade_long,1,2026-07-15,2026-07-15 12:20:00-04:00,2026-07-15 12:20:00-04:00,147.674765,146.34733392857143,148.8726660714286,2026-07-15 13:20:00-04:00,148.8726660714286,target,0.9024205453767264,-0.470657206575424,0.9229368110854206,1,13,15.57271392857166,heat_score=67.21,59.0,60,False,12:20,13:20
TSLA,heat_fade_long,1,2026-07-15,2026-07-15 12:20:00-04:00,2026-07-15 12:20:00-04:00,392.94929,388.2581678571429,397.5418321428571,2026-07-15 13:35:00-04:00,397.5418321428571,target,0.9789858381432104,-0.4880047737588104,1.1235499395438768,1,5,22.962710714285777,heat_score=58.24,74.0,75,False,12:20,13:35
TXN,heat_fade_long,1,2026-07-15,2026-07-15 12:20:00-04:00,2026-07-15 12:20:00-04:00,296.209617,292.4303589285714,299.9496410714286,2026-07-15 13:21:00-04:00,299.9496410714286,target,0.9896185972859126,-0.1851201973448546,1.0267578785730322,1,6,22.44014442857156,heat_score=61.49,60.0,61,False,12:20,13:21
U,heat_fade_long,1,2026-07-15,2026-07-15 12:20:00-04:00,2026-07-15 12:20:00-04:00,31.263125,30.86352142857143,31.69647857142857,2026-07-15 12:37:00-04:00,30.83043507642857,stop,-1.0827979390288656,-1.0088123050523368,0.0422293523045132,0,63,-27.25946518500014,heat_score=66.62,0.0,17,False,12:20,12:37
UAL,heat_fade_long,1,2026-07-15,2026-07-15 12:20:00-04:00,2026-07-15 12:20:00-04:00,120.642062,119.21535714285714,121.84464285714286,2026-07-15 13:50:00-04:00,121.84464285714286,target,0.8429079435189906,-0.1416284517350446,0.9903505920836082,1,16,19.241293714285572,heat_score=58.52,89.0,90,False,12:20,13:50
CRM,heat_fade_long,1,2026-07-15,2026-07-15 12:35:00-04:00,2026-07-15 12:35:00-04:00,167.956793,166.2785375,169.5814625,2026-07-15 15:55:00-04:00,167.233274,time,-0.4311137368535409,-0.8322886473483909,0.0614965957209717,0,11,-7.958709000000113,heat_score=58.15,11.0,200,False,12:35,15:55
NXT,heat_fade_long,1,2026-07-15,2026-07-15 12:40:00-04:00,2026-07-15 12:40:00-04:00,107.17071500000002,105.07014464285714,109.24985535714283,2026-07-15 13:10:00-04:00,109.24985535714283,target,0.9897980089421112,-0.0193828308876067,1.0660366563706942,1,18,37.424526428571,heat_score=63.36,29.0,30,False,12:40,13:10
QLD,heat_fade_long,1,2026-07-15,2026-07-15 12:40:00-04:00,2026-07-15 12:40:00-04:00,89.858984,88.90446428571428,90.81553571428572,2026-07-15 13:19:00-04:00,90.81553571428572,target,1.0021288193104594,-0.135129739144804,1.0277587621478317,1,22,21.0441377142856,heat_score=63.82,38.0,39,False,12:40,13:19
QQQ,heat_fade_long,1,2026-07-15,2026-07-15 12:40:00-04:00,2026-07-15 12:40:00-04:00,710.811073,707.0027160714286,714.4572839285714,2026-07-15 13:19:00-04:00,714.4572839285714,target,0.9574236335928944,-0.1525783982169777,1.0159045154024864,1,2,7.2924218571429265,heat_score=59.31,38.0,39,False,12:40,13:19
TQQQ,heat_fade_long,1,2026-07-15,2026-07-15 12:40:00-04:00,2026-07-15 12:40:00-04:00,72.22732101,71.04589285714286,73.38410714285715,2026-07-15 13:19:00-04:00,73.38410714285715,target,0.9791421764070936,-0.1416260562230126,1.04338040956525,1,27,31.23322558714304,heat_score=68.54,38.0,39,False,12:40,13:19
VGT,heat_fade_long,1,2026-07-15,2026-07-15 12:40:00-04:00,2026-07-15 12:40:00-04:00,114.58135599,113.7654125,115.3545875,2026-07-15 13:07:00-04:00,115.3545875,target,0.9476532621149945,-0.1303472499057628,0.9665424378837678,1,17,13.144935670000038,heat_score=60.37,26.0,27,False,12:40,13:07
XLK,heat_fade_long,1,2026-07-15,2026-07-15 12:40:00-04:00,2026-07-15 12:40:00-04:00,178.417839,177.0183035714286,179.78169642857142,2026-07-15 13:07:00-04:00,179.78169642857142,target,0.9745072548564344,-0.1413604800286732,1.0018760306991938,1,11,15.002431714285793,heat_score=65.54,26.0,27,False,12:40,13:07
BTDR,exhaustion_short,-1,2026-07-15,2026-07-15 13:05:00-04:00,2026-07-15 13:05:00-04:00,12.658733,13.108485714285717,12.241514285714286,2026-07-15 15:55:00-04:00,12.541253,time,0.2612102078951963,-0.6364986600573203,0.6308644528151802,0,157,18.444360000000074,layers=rsi5 > 90 (short-term overbought) + sma20_dist_pct > 1.0 (close > 1% above 5-min SMA20) + bear_div == 1 (price at 20-bar high while RSI(14) is >5 below its 20-bar max) + time window 13:00-15:00 ET (bar close),137.0,170,False,13:05,15:55
CIFR,exhaustion_short,-1,2026-07-15,2026-07-15 13:05:00-04:00,2026-07-15 13:05:00-04:00,19.618037,20.257248214285717,19.002751785714285,2026-07-15 14:01:00-04:00,20.289273939107144,stop,-1.0501019445618105,-1.051237814641416,0.0,0,101,-67.79493084982177,layers=rsi5 > 90 (short-term overbought) + sma20_dist_pct > 1.0 (close > 1% above 5-min SMA20) + bear_div == 1 (price at 20-bar high while RSI(14) is >5 below its 20-bar max) + time window 13:00-15:00 ET (bar close),0.0,56,False,13:05,14:01
INTU,heat_fade_long,1,2026-07-15,2026-07-15 13:05:00-04:00,2026-07-15 13:05:00-04:00,281.2431205,277.9608964285714,284.44910357142857,2026-07-15 15:55:00-04:00,279.66203,time,-0.4817131510804492,-0.7656760919756868,0.0386565625133587,0,7,-11.067633499999715,heat_score=62.68,0.0,170,False,13:05,15:55
MARA,exhaustion_short,-1,2026-07-15,2026-07-15 13:05:00-04:00,2026-07-15 13:05:00-04:00,12.0037985,12.352826785714289,11.677173214285714,2026-07-15 14:27:00-04:00,12.384062068392858,stop,-1.0894921241544877,-1.134869339284002,0.0862351311682505,0,166,-63.12375235321434,layers=rsi5 > 90 (short-term overbought) + sma20_dist_pct > 1.0 (close > 1% above 5-min SMA20) + bear_div == 1 (price at 20-bar high while RSI(14) is >5 below its 20-bar max) + time window 13:00-15:00 ET (bar close),9.0,82,False,13:05,14:27
NVTS,exhaustion_short,-1,2026-07-15,2026-07-15 13:05:00-04:00,2026-07-15 13:05:00-04:00,13.118687,13.535889285714283,12.734110714285714,2026-07-15 13:48:00-04:00,13.567242874642856,stop,-1.0751520065976894,-1.0218376423084945,0.0208220335733037,0,152,-68.18049294571394,layers=rsi5 > 90 (short-term overbought) + sma20_dist_pct > 1.0 (close > 1% above 5-min SMA20) + bear_div == 1 (price at 20-bar high while RSI(14) is >5 below its 20-bar max) + time window 13:00-15:00 ET (bar close),0.0,43,False,13:05,13:48
CRWV,exhaustion_short,-1,2026-07-15,2026-07-15 14:05:00-04:00,2026-07-15 14:05:00-04:00,78.042194,79.8486625,76.2497375,2026-07-15 15:55:00-04:00,77.067705,time,0.5394442250169249,-0.3087825777200083,0.7651359544879925,0,25,24.362224999999786,layers=rsi5 > 90 (short-term overbought) + sma20_dist_pct > 1.0 (close > 1% above 5-min SMA20) + bear_div == 1 (price at 20-bar high while RSI(14) is >5 below its 20-bar max) + time window 13:00-15:00 ET (bar close),80.0,110,False,14:05,15:55
QBTS,exhaustion_short,-1,2026-07-15,2026-07-15 14:05:00-04:00,2026-07-15 14:05:00-04:00,18.408158,18.83901785714286,18.000982142857143,2026-07-15 15:21:00-04:00,18.000982142857143,target,0.945030850269836,-0.1667409920162964,0.9846774837956906,1,108,43.97499257142853,layers=rsi5 > 90 (short-term overbought) + sma20_dist_pct > 1.0 (close > 1% above 5-min SMA20) + bear_div == 1 (price at 20-bar high while RSI(14) is >5 below its 20-bar max) + time window 13:00-15:00 ET (bar close),75.0,76,False,14:05,15:21
CLSK,exhaustion_short,-1,2026-07-15,2026-07-15 14:10:00-04:00,2026-07-15 14:10:00-04:00,14.118587000000002,14.491610714285716,13.778389285714283,2026-07-15 14:34:00-04:00,14.523059875357143,stop,-1.084308744637453,-1.062701873415938,0.2910994551859264,0,141,-57.03067542535697,layers=rsi5 > 90 (short-term overbought) + sma20_dist_pct > 1.0 (close > 1% above 5-min SMA20) + bear_div == 1 (price at 20-bar high while RSI(14) is >5 below its 20-bar max) + time window 13:00-15:00 ET (bar close),5.0,24,False,14:10,14:34
INFQ,exhaustion_short,-1,2026-07-15,2026-07-15 14:10:00-04:00,2026-07-15 14:10:00-04:00,9.9840005,10.2700625,9.7199375,2026-07-15 15:55:00-04:00,9.835982499999998,time,0.5174332836937441,-0.0908876397424368,0.7830487796351772,0,200,29.603600000000085,layers=rsi5 > 90 (short-term overbought) + sma20_dist_pct > 1.0 (close > 1% above 5-min SMA20) + bear_div == 1 (price at 20-bar high while RSI(14) is >5 below its 20-bar max) + time window 13:00-15:00 ET (bar close),72.0,105,False,14:10,15:55
NBIS,exhaustion_short,-1,2026-07-15,2026-07-15 14:10:00-04:00,2026-07-15 14:10:00-04:00,199.71002600000003,206.21519285714285,193.4446071428572,2026-07-15 15:55:00-04:00,200.760073,time,-0.1614173814537859,-0.4873009516303586,0.6010646745681422,0,10,-10.500469999999495,layers=rsi5 > 90 (short-term overbought) + sma20_dist_pct > 1.0 (close > 1% above 5-min SMA20) + bear_div == 1 (price at 20-bar high while RSI(14) is >5 below its 20-bar max) + time window 13:00-15:00 ET (bar close),48.0,105,False,14:10,15:55
OKLO,exhaustion_short,-1,2026-07-15,2026-07-15 14:10:00-04:00,2026-07-15 14:10:00-04:00,45.635435,46.51995,44.80005,2026-07-15 15:55:00-04:00,45.5595545,time,0.0857876915597862,-0.1295229589096847,0.7636218718732926,0,43,3.262861500000163,layers=rsi5 > 90 (short-term overbought) + sma20_dist_pct > 1.0 (close > 1% above 5-min SMA20) + bear_div == 1 (price at 20-bar high while RSI(14) is >5 below its 20-bar max) + time window 13:00-15:00 ET (bar close),70.0,105,False,14:10,15:55
RIOT,exhaustion_short,-1,2026-07-15,2026-07-15 14:10:00-04:00,2026-07-15 14:10:00-04:00,20.337965,20.903444642857146,19.816555357142857,2026-07-15 15:55:00-04:00,20.102009,time,0.4172670103698289,-0.3926489711957525,0.8629223105795778,0,98,23.12368799999981,layers=rsi5 > 90 (short-term overbought) + sma20_dist_pct > 1.0 (close > 1% above 5-min SMA20) + bear_div == 1 (price at 20-bar high while RSI(14) is >5 below its 20-bar max) + time window 13:00-15:00 ET (bar close),71.0,105,False,14:10,15:55
SPCH,exhaustion_short,-1,2026-07-15,2026-07-15 14:10:00-04:00,2026-07-15 14:10:00-04:00,9.459053,9.882505357142858,9.077494642857143,2026-07-15 15:55:00-04:00,9.470946,time,-0.0280858042218627,-0.0376594904503481,0.6117642176983015,0,211,-2.509423000000126,layers=rsi5 > 90 (short-term overbought) + sma20_dist_pct > 1.0 (close > 1% above 5-min SMA20) + bear_div == 1 (price at 20-bar high while RSI(14) is >5 below its 20-bar max) + time window 13:00-15:00 ET (bar close),56.0,105,False,14:10,15:55
SPCX,exhaustion_short,-1,2026-07-15,2026-07-15 14:10:00-04:00,2026-07-15 14:10:00-04:00,136.116386,138.58945357142858,133.6105464285714,2026-07-15 15:55:00-04:00,136.03360099999998,time,0.0334746211371041,-0.0095484653443334,0.8234251354578519,0,14,1.158990000000415,layers=rsi5 > 90 (short-term overbought) + sma20_dist_pct > 1.0 (close > 1% above 5-min SMA20) + bear_div == 1 (price at 20-bar high while RSI(14) is >5 below its 20-bar max) + time window 13:00-15:00 ET (bar close),68.0,105,False,14:10,15:55
GLXY,exhaustion_short,-1,2026-07-15,2026-07-15 14:25:00-04:00,2026-07-15 14:25:00-04:00,24.807518,25.383060714285715,24.256939285714285,2026-07-15 14:59:00-04:00,24.256939285714285,target,0.956625287089272,-0.4039352670609773,1.072931660278896,1,80,44.04629714285704,layers=rsi5 > 90 (short-term overbought) + sma20_dist_pct > 1.0 (close > 1% above 5-min SMA20) + bear_div == 1 (price at 20-bar high while RSI(14) is >5 below its 20-bar max) + time window 13:00-15:00 ET (bar close),33.0,34,False,14:25,14:59
PURR,exhaustion_short,-1,2026-07-15,2026-07-15 14:25:00-04:00,2026-07-15 14:25:00-04:00,7.6742315,7.869225,7.504975,2026-07-15 15:20:00-04:00,7.504975,target,0.8680109849815534,-0.234205242738859,0.9448084166908142,1,260,44.00669000000009,layers=rsi5 > 90 (short-term overbought) + sma20_dist_pct > 1.0 (close > 1% above 5-min SMA20) + bear_div == 1 (price at 20-bar high while RSI(14) is >5 below its 20-bar max) + time window 13:00-15:00 ET (bar close),54.0,55,False,14:25,15:20
BE,exhaustion_short,-1,2026-07-15,2026-07-15 14:30:00-04:00,2026-07-15 14:30:00-04:00,236.396357,245.03051607142856,227.76948392857145,2026-07-15 15:55:00-04:00,238.843881,time,-0.2834698758445517,-0.3722010416317574,0.3238713784245076,0,8,-19.58019199999967,layers=rsi5 > 90 (short-term overbought) + sma20_dist_pct > 1.0 (close > 1% above 5-min SMA20) + bear_div == 1 (price at 20-bar high while RSI(14) is >5 below its 20-bar max) + time window 13:00-15:00 ET (bar close),53.0,85,False,14:30,15:55
CLF,exhaustion_short,-1,2026-07-15,2026-07-15 14:30:00-04:00,2026-07-15 14:30:00-04:00,9.8540135,9.996248214285714,9.733751785714286,2026-07-15 15:55:00-04:00,9.8959885,time,-0.295110797745773,-0.3584673422100021,0.4149022290118119,0,202,-8.478949999999795,layers=rsi5 > 90 (short-term overbought) + sma20_dist_pct > 1.0 (close > 1% above 5-min SMA20) + bear_div == 1 (price at 20-bar high while RSI(14) is >5 below its 20-bar max) + time window 13:00-15:00 ET (bar close),31.0,85,False,14:30,15:55
COIN,exhaustion_short,-1,2026-07-15,2026-07-15 14:30:00-04:00,2026-07-15 14:30:00-04:00,167.70072725,170.0594625,165.22053749999998,2026-07-15 15:55:00-04:00,167.4517425,time,0.1055585827192796,-0.338856490994486,0.8736577155066546,0,11,2.7388322500000584,layers=rsi5 > 90 (short-term overbought) + sma20_dist_pct > 1.0 (close > 1% above 5-min SMA20) + bear_div == 1 (price at 20-bar high while RSI(14) is >5 below its 20-bar max) + time window 13:00-15:00 ET (bar close),28.0,85,False,14:30,15:55
CORZ,exhaustion_short,-1,2026-07-15,2026-07-15 14:30:00-04:00,2026-07-15 14:30:00-04:00,22.8027185,23.290264285714287,22.309735714285715,2026-07-15 15:55:00-04:00,22.722271000000003,time,0.165005015646146,-0.0969785841359084,0.6619244991056532,0,87,6.998932499999846,layers=rsi5 > 90 (short-term overbought) + sma20_dist_pct > 1.0 (close > 1% above 5-min SMA20) + bear_div == 1 (price at 20-bar high while RSI(14) is >5 below its 20-bar max) + time window 13:00-15:00 ET (bar close),28.0,85,False,14:30,15:55
GFI,exhaustion_short,-1,2026-07-15,2026-07-15 14:35:00-04:00,2026-07-15 14:35:00-04:00,33.336665,33.70606607142857,32.99393392857143,2026-07-15 15:55:00-04:00,33.123310999999994,time,0.5775673556519867,-0.0360989748850158,0.8978452572358996,0,59,12.587886000000566,layers=rsi5 > 90 (short-term overbought) + sma20_dist_pct > 1.0 (close > 1% above 5-min SMA20) + bear_div == 1 (price at 20-bar high while RSI(14) is >5 below its 20-bar max) + time window 13:00-15:00 ET (bar close),75.0,80,False,14:35,15:55
DIA,intraday_momentum,1,2026-07-15,2026-07-15 15:30:00-04:00,2026-07-15 15:30:00-04:00,525.7425679999999,524.3128571428571,,2026-07-15 15:55:00-04:00,525.6674270000001,time,-0.0525567807115679,-0.3305339661085769,0.1450866788650482,0,3,-0.2254229999994095,first_30m_ret=0.3088,15.0,25,False,15:30,15:55
IWM,intraday_momentum,1,2026-07-15,2026-07-15 15:30:00-04:00,2026-07-15 15:30:00-04:00,295.63115916000004,294.4850535714286,,2026-07-15 15:55:00-04:00,295.600436,time,-0.0268065702727535,-0.3151185751133248,0.217118599264593,0,6,-0.1843389600002183,first_30m_ret=0.4279,2.0,25,False,15:30,15:55
SPY,intraday_momentum,1,2026-07-15,2026-07-15 15:30:00-04:00,2026-07-15 15:30:00-04:00,753.715363,751.4124107142857,,2026-07-15 15:55:00-04:00,754.074584,time,0.1559828235383986,-0.27154839632555,0.2147838681106585,0,2,0.7184419999998681,first_30m_ret=0.3458,13.0,25,False,15:30,15:55
INTU,heat_fade_short,-1,2026-07-16,2026-07-16 09:50:00-04:00,2026-07-16 09:50:00-04:00,284.021594,287.1792839285714,280.8207160714286,2026-07-16 10:08:00-04:00,280.8207160714286,target,1.0136770870405016,-0.01216268882277,1.276754238445425,1,7,22.40614549999981,heat_score=-15.94,17.0,18,False,09:50,10:08
ABT,orb20_a,1,2026-07-16,2026-07-16 09:50:00-04:00,2026-07-16 09:51:00-04:00,100.82008000000002,97.9,105.15000000000002,2026-07-16 15:50:00-04:00,98.7051275,time,-0.7242789581107436,-0.9041122161036684,0.3595175474644455,0,19,-40.18409750000056,rv20=8.638;or_width=5.8,3.0,359,False,09:51,15:50
CFG,orb20_a,1,2026-07-16,2026-07-16 09:50:00-04:00,2026-07-16 09:51:00-04:00,74.667465,73.49535,76.38197500000001,2026-07-16 10:49:00-04:00,73.458000465,stop,-1.0318650772321862,-1.055753914931551,0.0277575152608708,0,26,-31.44607791000024,rv20=5.909;or_width=2.309,0.0,58,True,09:51,10:49
STT,orb20_a,-1,2026-07-16,2026-07-16 09:50:00-04:00,2026-07-16 09:51:00-04:00,185.7564215,189.14405,180.746425,2026-07-16 15:50:00-04:00,185.078505,time,0.2001153609376039,-0.8630162663940307,1.221037519314777,1,10,6.779165000000091,rv20=5.343;or_width=6.718,254.0,359,True,09:51,15:50
BNY,orb20_a,-1,2026-07-16,2026-07-16 09:50:00-04:00,2026-07-16 09:54:00-04:00,160.14398300000002,161.96500000000003,157.47750000000002,2026-07-16 15:50:00-04:00,160.406038,time,-0.1439058504121453,-0.5222449872790713,0.9714258570897516,0,12,-3.144659999999704,rv20=4.06;or_width=3.59,245.0,356,True,09:54,15:50
IR,orb20_a,1,2026-07-16,2026-07-16 09:50:00-04:00,2026-07-16 09:54:00-04:00,83.798378,82.39500000000001,85.8575,2026-07-16 15:50:00-04:00,84.00159799999999,time,0.144807742461396,-0.3551274139968036,0.9274920940758687,0,23,4.674059999999713,rv20=6.136;or_width=2.77,193.0,356,False,09:54,15:50
ASTS,orb20_a,-1,2026-07-16,2026-07-16 09:50:00-04:00,2026-07-16 09:56:00-04:00,57.5592425,59.5325,54.63875,2026-07-16 12:22:00-04:00,54.63875,target,1.4800361838229468,-0.2182976626213252,1.484470475850216,1,34,99.29674500000006,rv20=5.036;or_width=3.915,145.0,146,True,09:56,12:22
CI,orb20_a,-1,2026-07-16,2026-07-16 09:50:00-04:00,2026-07-16 10:08:00-04:00,282.9617,287.46500000000003,276.3025,2026-07-16 15:50:00-04:00,283.19831600000003,time,-0.0525428019452457,-0.8878600137676704,0.9108209535229658,0,7,-1.6563120000001843,rv20=3.786;or_width=8.93,12.0,342,False,10:08,15:50
PANW,heat_fade_short,-1,2026-07-16,2026-07-16 10:10:00-04:00,2026-07-16 10:10:00-04:00,355.9593995,360.8167392857143,351.4332607142857,2026-07-16 12:36:00-04:00,351.4332607142857,target,0.9318143233516322,-0.9224391740470178,0.9468968000812144,1,5,22.630693928571475,heat_score=-12.37,145.0,146,False,10:10,12:36
UNH,heat_fade_short,-1,2026-07-16,2026-07-16 10:10:00-04:00,2026-07-16 10:10:00-04:00,446.6803265,449.3445339285714,444.17546607142856,2026-07-16 10:15:00-04:00,444.17546607142856,target,0.9401897171027116,-0.6904768300966699,1.4264379189265557,1,4,10.019441714285904,heat_score=-19.21,4.0,5,False,10:10,10:15
CRWD,heat_fade_short,-1,2026-07-16,2026-07-16 10:15:00-04:00,2026-07-16 10:15:00-04:00,205.0844885,207.83785714285716,202.18214285714285,2026-07-16 12:36:00-04:00,202.18214285714285,target,1.054107175363728,-0.5613165908638484,1.0657811868428049,1,9,26.12111078571453,heat_score=-15.69,140.0,141,False,10:15,12:36
SE,heat_fade_short,-1,2026-07-16,2026-07-16 10:15:00-04:00,2026-07-16 10:15:00-04:00,110.9139065,112.14968214285716,109.72031785714286,2026-07-16 10:23:00-04:00,109.72031785714286,target,0.9658619262777546,-0.0534834137426417,0.9823033064427504,1,18,21.484595571428457,heat_score=-11.91,7.0,8,False,10:15,10:23
BRO,orb20_a,1,2026-07-16,2026-07-16 09:50:00-04:00,2026-07-16 10:17:00-04:00,68.78187650000001,68.155,69.68,2026-07-16 13:11:00-04:00,69.68,target,1.432696073309471,-0.3379876259518641,1.4805523895057016,1,29,26.045581499999912,rv20=5.219;or_width=1.22,173.0,174,True,10:17,13:11
HOOD,heat_fade_short,-1,2026-07-16,2026-07-16 10:20:00-04:00,2026-07-16 10:20:00-04:00,113.728625,115.35185714285714,112.13814285714288,2026-07-16 10:56:00-04:00,112.13814285714288,target,0.9798242043541744,-0.475209293627135,1.1573360029042543,1,17,27.038196428571155,heat_score=-16.57,35.0,36,False,10:20,10:56
APP,heat_fade_short,-1,2026-07-16,2026-07-16 10:30:00-04:00,2026-07-16 10:30:00-04:00,444.4405505,453.7863803571428,435.2136196428572,2026-07-16 15:51:00-04:00,435.2136196428572,target,0.9872778552769104,-0.0256209992756258,0.990875143411946,0,4,36.90772342857144,heat_score=-12.94,320.0,321,False,10:30,15:51
COIN,heat_fade_short,-1,2026-07-16,2026-07-16 10:30:00-04:00,2026-07-16 10:30:00-04:00,164.21357600000002,166.78928392857142,162.02071607142858,2026-07-16 12:47:00-04:00,162.02071607142858,target,0.8513620291519968,-0.4140314156626707,0.8555224664864166,1,12,26.314319142857244,heat_score=-18.58,136.0,137,False,10:30,12:47
GOOGL,heat_fade_short,-1,2026-07-16,2026-07-16 10:30:00-04:00,2026-07-16 10:30:00-04:00,372.532742,375.1727589285714,369.9672410714286,2026-07-16 14:08:00-04:00,369.9672410714286,target,0.9717744234161636,-0.6845630345930956,2.90480788854251,1,5,12.82750464285698,heat_score=-13.31,217.0,218,False,10:30,14:08
META,heat_fade_short,-1,2026-07-16,2026-07-16 10:30:00-04:00,2026-07-16 10:30:00-04:00,676.642328,683.8479357142858,669.4120642857142,2026-07-16 12:20:00-04:00,669.4120642857142,target,1.003421779394286,-0.7296639240540617,1.0467303104839685,1,2,14.460527428571597,heat_score=-17.86,109.0,110,False,10:30,12:20
CTAS,orb20_a,1,2026-07-16,2026-07-16 09:50:00-04:00,2026-07-16 11:13:00-04:00,205.040501,201.07,210.92,2026-07-16 15:50:00-04:00,206.3843585,time,0.3384604361011414,-0.113462003913354,0.5161814592163643,0,9,12.094717500000115,rv20=3.484;or_width=7.88,274.0,277,True,11:13,15:50
HLT,heat_fade_long,1,2026-07-16,2026-07-16 11:40:00-04:00,2026-07-16 11:40:00-04:00,326.82267799999994,324.6076232142857,328.4923767857143,2026-07-16 12:56:00-04:00,324.5451624519643,stop,-1.0281982923060085,-1.00795610763191,0.4051014926525831,0,6,-13.665093288213823,heat_score=58.46,5.0,76,False,11:40,12:56
RDDT,heat_fade_long,1,2026-07-16,2026-07-16 11:45:00-04:00,2026-07-16 11:45:00-04:00,190.879085,187.820125,193.919875,2026-07-16 13:47:00-04:00,187.7713429875,stop,-1.015947254132123,-1.032731712738977,0.4121711300572921,0,10,-31.07742012499955,heat_score=58.93,7.0,122,False,11:45,13:47
PGR,heat_fade_long,1,2026-07-16,2026-07-16 12:05:00-04:00,2026-07-16 12:05:00-04:00,203.990396,202.1066571428572,205.76334285714285,2026-07-16 15:46:00-04:00,205.76334285714285,target,0.941185053554585,-0.4832920426034168,1.0615080707274354,1,9,15.956521714285572,heat_score=57.94,220.0,221,False,12:05,15:46
CRWD,heat_fade_long,1,2026-07-16,2026-07-16 12:40:00-04:00,2026-07-16 12:40:00-04:00,201.6751645,198.7921428571429,204.44785714285717,2026-07-16 14:01:00-04:00,204.44785714285717,target,0.9617314700798985,-0.1121269765008187,0.9763143842411652,1,9,24.954233785714365,heat_score=58.81,80.0,81,False,12:40,14:01
PANW,heat_fade_long,1,2026-07-16,2026-07-16 12:40:00-04:00,2026-07-16 12:40:00-04:00,348.0297985,343.29326071428574,352.6767392857143,2026-07-16 13:20:00-04:00,352.6767392857143,target,0.9810838625060152,-0.2089708864954701,1.0049959939846935,1,5,23.23470392857132,heat_score=66.36,39.0,40,False,12:40,13:20
SNDQ,exhaustion_short,-1,2026-07-16,2026-07-16 13:25:00-04:00,2026-07-16 13:25:00-04:00,38.396159,40.10392857142857,36.69607142857143,2026-07-16 15:55:00-04:00,39.0139,time,-0.3617238591991389,-0.8805877708325832,0.4661981413183271,0,52,-32.12253200000012,layers=rsi5 > 90 (short-term overbought) + sma20_dist_pct > 1.0 (close > 1% above 5-min SMA20) + bear_div == 1 (price at 20-bar high while RSI(14) is >5 below its 20-bar max) + time window 13:00-15:00 ET (bar close),59.0,150,False,13:25,15:55
SOXS,exhaustion_short,-1,2026-07-16,2026-07-16 13:25:00-04:00,2026-07-16 13:25:00-04:00,52.664732,54.505,50.875,2026-07-16 15:55:00-04:00,52.575256,time,0.0486211790891315,-0.3655815348634001,0.5242345136686617,0,37,3.3106119999999137,layers=rsi5 > 90 (short-term overbought) + sma20_dist_pct > 1.0 (close > 1% above 5-min SMA20) + bear_div == 1 (price at 20-bar high while RSI(14) is >5 below its 20-bar max) + time window 13:00-15:00 ET (bar close),60.0,150,False,13:25,15:55
MSTU,exhaustion_short,-1,2026-07-16,2026-07-16 14:10:00-04:00,2026-07-16 14:10:00-04:00,18.738125,19.52357142857143,17.97642857142857,2026-07-16 15:55:00-04:00,18.461845,time,0.3517490053427299,-0.3334091167443441,0.6214618619984081,0,106,29.285679999999985,layers=rsi5 > 90 (short-term overbought) + sma20_dist_pct > 1.0 (close > 1% above 5-min SMA20) + bear_div == 1 (price at 20-bar high while RSI(14) is >5 below its 20-bar max) + time window 13:00-15:00 ET (bar close),100.0,105,False,14:10,15:55
WDAY,exhaustion_short,-1,2026-07-16,2026-07-16 14:15:00-04:00,2026-07-16 14:15:00-04:00,148.105187,150.07392678571426,146.2010732142857,2026-07-16 14:47:00-04:00,146.2010732142857,target,0.9671739249295817,-0.1599058454978964,1.008354183932828,1,13,24.753479214285733,layers=rsi5 > 90 (short-term overbought) + sma20_dist_pct > 1.0 (close > 1% above 5-min SMA20) + bear_div == 1 (price at 20-bar high while RSI(14) is >5 below its 20-bar max) + time window 13:00-15:00 ET (bar close),31.0,32,False,14:15,14:47
ARM,exhaustion_short,-1,2026-07-16,2026-07-16 14:25:00-04:00,2026-07-16 14:25:00-04:00,258.6491315,265.8282892857143,251.4055107142857,2026-07-16 15:55:00-04:00,260.766073,time,-0.2948732376675821,-0.2660853204537719,0.4386352263027611,0,7,-14.81859049999997,layers=rsi5 > 90 (short-term overbought) + sma20_dist_pct > 1.0 (close > 1% above 5-min SMA20) + bear_div == 1 (price at 20-bar high while RSI(14) is >5 below its 20-bar max) + time window 13:00-15:00 ET (bar close),42.0,90,False,14:25,15:55
IWM,intraday_momentum,1,2026-07-16,2026-07-16 15:30:00-04:00,2026-07-16 15:30:00-04:00,294.769473,293.6759464285714,,2026-07-16 15:55:00-04:00,295.280468,time,0.4672908856091314,-0.388168894191063,0.5674548897237356,0,6,3.0659699999998797,first_30m_ret=0.2536,24.0,25,False,15:30,15:55
QQQ,intraday_momentum,-1,2026-07-16,2026-07-16 15:30:00-04:00,2026-07-16 15:30:00-04:00,704.209571,707.9931767857142,,2026-07-16 15:55:00-04:00,705.0104929999999,time,-0.2116822008846529,-0.1983369945234371,0.4227636520801034,0,2,-1.6018439999998009,first_30m_ret=-1.188,18.0,25,False,15:30,15:55
SPY,intraday_momentum,-1,2026-07-16,2026-07-16 15:30:00-04:00,2026-07-16 15:30:00-04:00,748.9950920000001,751.2510714285714,,2026-07-16 15:55:00-04:00,750.074999,time,-0.4786865457739672,-0.467605327708107,0.494282875933088,0,2,-2.1598139999998693,first_30m_ret=-0.3756,19.0,25,False,15:30,15:55
AEP,heat_fade_short,-1,2026-07-17,2026-07-17 09:50:00-04:00,2026-07-17 09:50:00-04:00,135.206477,135.87969464285715,134.56030535714285,2026-07-17 10:20:00-04:00,134.56030535714285,target,0.9598257706301324,-0.1240653760134884,1.0345495359333776,1,14,9.046403000000169,heat_score=-28.96,29.0,30,False,09:50,10:20
COST,heat_fade_short,-1,2026-07-17,2026-07-17 09:50:00-04:00,2026-07-17 09:50:00-04:00,957.60172925,962.9110928571428,952.4689071428572,2026-07-17 10:07:00-04:00,952.4689071428572,target,0.9667490281203,-0.1503514939014685,1.152064485048796,1,2,10.26564421428543,heat_score=-19.07,16.0,17,False,09:50,10:07
MPC,heat_fade_short,-1,2026-07-17,2026-07-17 09:50:00-04:00,2026-07-17 09:50:00-04:00,310.628933,312.7069107142857,308.2330892857143,2026-07-17 11:34:00-04:00,308.2330892857143,target,1.152968916757243,-0.953362967456534,1.183329822593988,1,6,14.375062285714309,heat_score=-23.9,103.0,104,False,09:50,11:34
FTV,orb20_a,1,2026-07-17,2026-07-17 09:50:00-04:00,2026-07-17 09:51:00-04:00,62.976296,62.4125,63.78125000000001,2026-07-17 10:12:00-04:00,62.36376,stop,-1.0864497087598968,-1.0221711399158484,0.1484650476413524,0,31,-18.98861599999996,rv20=4.776;or_width=1.095,0.0,21,False,09:51,10:12
TRV,orb20_a,1,2026-07-17,2026-07-17 09:50:00-04:00,2026-07-17 09:52:00-04:00,364.986494,353.235,382.4975,2026-07-17 15:50:00-04:00,368.483147,time,0.2975496562394523,-0.2788151021478647,0.3594016216150894,0,5,17.483264999999903,rv20=8.043;or_width=23.41,356.0,358,True,09:52,15:50
COP,heat_fade_short,-1,2026-07-17,2026-07-17 09:55:00-04:00,2026-07-17 09:55:00-04:00,115.4134565,116.10107857142856,114.80892142857142,2026-07-17 10:16:00-04:00,114.80892142857142,target,0.8791676366243049,-0.3876308092412606,0.9066848286366362,1,17,10.27709621428572,heat_score=-18.15,20.0,21,False,09:55,10:16
MNST,orb20_a,-1,2026-07-17,2026-07-17 09:50:00-04:00,2026-07-17 09:56:00-04:00,49.295069000000005,49.735,48.6725,2026-07-17 12:52:00-04:00,48.6725,target,1.4151514669346188,-0.4658253226074033,1.4208341762685774,1,40,24.902760000000228,rv20=4.85;or_width=0.85,175.0,176,True,09:56,12:52
AMCR,orb20_a,-1,2026-07-17,2026-07-17 09:50:00-04:00,2026-07-17 09:58:00-04:00,44.56554200000001,44.81,44.235000000000014,2026-07-17 10:18:00-04:00,44.235000000000014,target,1.352142290291181,-0.3454908409624259,1.843024159569398,1,44,14.54384799999974,rv20=5.646;or_width=0.46,19.0,20,False,09:58,10:18
CVX,heat_fade_short,-1,2026-07-17,2026-07-17 10:00:00-04:00,2026-07-17 10:00:00-04:00,187.47125,188.36236785714289,186.5336321428572,2026-07-17 10:18:00-04:00,186.5336321428572,target,1.0521816498538934,-0.2567000517007021,1.1179778207949096,1,10,9.376178571428396,heat_score=-21.39,17.0,18,False,10:00,10:18
WDC,heat_fade_short,-1,2026-07-17,2026-07-17 10:05:00-04:00,2026-07-17 10:05:00-04:00,452.384756,466.52705357142855,438.3529464285714,2026-07-17 10:41:00-04:00,466.60370627678566,stop,-1.0054201027074954,-1.0758679007532077,0.0335699342770976,0,4,-56.87580110714248,heat_score=-28.17,0.0,36,False,10:05,10:41
USO,heat_fade_short,-1,2026-07-17,2026-07-17 10:10:00-04:00,2026-07-17 10:10:00-04:00,123.257672,124.19866071428572,122.18133928571427,2026-07-17 10:58:00-04:00,122.18133928571427,target,1.143831693138574,-0.1937621538196671,1.1452549681406523,1,16,17.221323428571395,heat_score=-34.37,47.0,48,False,10:10,10:58
FLEX,heat_fade_short,-1,2026-07-17,2026-07-17 10:25:00-04:00,2026-07-17 10:25:00-04:00,116.268371,118.98931785714284,113.54068214285716,2026-07-17 11:56:00-04:00,119.03121678892856,stop,-1.0153986586234565,-1.0737545249479348,0.4624754050953273,0,17,-46.96837841178549,heat_score=-15.26,8.0,91,False,10:25,11:56
ACN,heat_fade_long,1,2026-07-17,2026-07-17 11:05:00-04:00,2026-07-17 11:05:00-04:00,140.884086,139.13705535714286,142.57294464285712,2026-07-17 13:01:00-04:00,142.57294464285712,target,0.9667023585202392,-0.6663225998693533,1.033132422364494,1,14,23.644020999999785,heat_score=57.57,115.0,116,False,11:05,13:01
WDAY,heat_fade_long,1,2026-07-17,2026-07-17 11:05:00-04:00,2026-07-17 11:05:00-04:00,144.81447899999998,142.92268035714284,146.84231964285715,2026-07-17 11:59:00-04:00,142.87838808910712,stop,-1.0234127813776337,-1.0807064524119956,0.0874939838999091,0,13,-25.16918184160716,heat_score=58.17,0.0,54,False,11:05,11:59
ICE,heat_fade_long,1,2026-07-17,2026-07-17 11:15:00-04:00,2026-07-17 11:15:00-04:00,139.5689545,138.6641982142857,140.6558017857143,2026-07-17 15:55:00-04:00,139.3510625,time,-0.2408294956778961,-0.5404267510713765,0.8411607766827444,0,14,-3.050487999999689,heat_score=66.41,242.0,280,False,11:15,15:55
PAYX,heat_fade_long,1,2026-07-17,2026-07-17 11:15:00-04:00,2026-07-17 11:15:00-04:00,113.7563735,112.91089285714284,114.58910714285716,2026-07-17 11:56:00-04:00,112.8637095,stop,-1.0558065492586657,-1.1429871377472491,0.5247033196417544,0,17,-15.17528800000018,heat_score=58.84,1.0,41,False,11:15,11:56
SNDQ,heat_fade_long,1,2026-07-17,2026-07-17 11:55:00-04:00,2026-07-17 11:55:00-04:00,35.903589,34.27107142857143,37.42892857142857,2026-07-17 12:03:00-04:00,34.237644321428576,stop,-1.0204758023606475,-1.1047899462556665,0.0,0,55,-91.62695732142816,heat_score=60.03,0.0,8,False,11:55,12:03
SOXS,heat_fade_long,1,2026-07-17,2026-07-17 11:55:00-04:00,2026-07-17 11:55:00-04:00,54.005399,52.1771875,55.7928125,2026-07-17 12:52:00-04:00,52.141969781250005,stop,-1.0192634816868822,-1.020340917886143,0.0243959738793899,0,37,-68.94688109374971,heat_score=60.76,0.0,57,False,11:55,12:52
CTAS,heat_fade_long,1,2026-07-17,2026-07-17 12:05:00-04:00,2026-07-17 12:05:00-04:00,202.0752045,200.520625,203.339375,2026-07-17 14:18:00-04:00,203.339375,target,0.813191284202605,-0.3314108413239628,0.8393237528219182,1,9,11.377534500000309,heat_score=66.96,132.0,133,False,12:05,14:18
PEP,heat_fade_long,1,2026-07-17,2026-07-17 12:05:00-04:00,2026-07-17 12:05:00-04:00,137.993797,136.95365535714285,138.98634464285715,2026-07-17 12:52:00-04:00,136.90995999160714,stop,-1.0420090531282695,-1.0035142878548928,0.0059636108626132,0,14,-15.173718117500073,heat_score=59.42,0.0,47,False,12:05,12:52
HD,heat_fade_long,1,2026-07-17,2026-07-17 12:10:00-04:00,2026-07-17 12:10:00-04:00,344.604456,342.5363446428571,346.77365535714284,2026-07-17 12:51:00-04:00,342.47209100839285,stop,-1.0310687498728397,-1.119115753610778,0.0,0,5,-10.661824958035597,heat_score=57.98,0.0,41,False,12:10,12:51
WMT,heat_fade_long,1,2026-07-17,2026-07-17 12:10:00-04:00,2026-07-17 12:10:00-04:00,114.761474,114.03741071428573,115.4225892857143,2026-07-17 13:11:00-04:00,113.99600697321428,stop,-1.0571824892772874,-1.0931005833546912,0.0946408985954943,0,17,-13.012939455357142,heat_score=58.05,2.0,61,False,12:10,13:11
COST,heat_fade_long,1,2026-07-17,2026-07-17 12:15:00-04:00,2026-07-17 12:15:00-04:00,937.7487645,932.4589071428572,942.9010928571428,2026-07-17 15:55:00-04:00,939.826007,time,0.392684029030598,-0.7540400866601811,0.5389815466668837,0,2,4.154485000000022,heat_score=67.88,219.0,220,False,12:15,15:55
INTU,heat_fade_long,1,2026-07-17,2026-07-17 12:15:00-04:00,2026-07-17 12:15:00-04:00,290.799076,287.3411607142857,294.1188392857144,2026-07-17 15:55:00-04:00,291.270869,time,0.1364385651520079,-0.2281941386071227,0.8620581343664382,0,6,2.830758000000287,heat_score=59.84,122.0,220,False,12:15,15:55
MCD,heat_fade_long,1,2026-07-17,2026-07-17 12:15:00-04:00,2026-07-17 12:15:00-04:00,270.99709599999994,269.3667446428571,272.55325535714286,2026-07-17 12:46:00-04:00,269.3098079683928,stop,-1.0349229472621548,-1.0532061033820006,0.0079148583178184,0,7,-11.811016221249872,heat_score=58.83,0.0,31,False,12:15,12:46
CI,heat_fade_long,1,2026-07-17,2026-07-17 12:20:00-04:00,2026-07-17 12:20:00-04:00,284.428439,282.27875,286.77124999999995,2026-07-17 13:03:00-04:00,282.22052212500006,stop,-1.0270866506736296,-1.3576098682181577,0.1030665366013464,0,7,-15.455418124999367,heat_score=59.7,7.0,43,False,12:20,13:03
GILD,heat_fade_long,1,2026-07-17,2026-07-17 12:20:00-04:00,2026-07-17 12:20:00-04:00,136.16361399999997,135.10495535714284,137.17504464285713,2026-07-17 13:17:00-04:00,135.06144486160713,stop,-1.041099646075043,-1.0660792386807976,0.3460851167390704,0,14,-15.43036793749974,heat_score=59.02,6.0,57,False,12:20,13:17
ASTS,exhaustion_short,-1,2026-07-17,2026-07-17 13:00:00-04:00,2026-07-17 13:00:00-04:00,60.643934,62.50747142857143,58.75252857142858,2026-07-17 14:40:00-04:00,58.75252857142858,target,1.0149543548590605,-0.5506012298269611,1.068899378923128,1,32,60.52497371428558,layers=rsi5 > 90 (short-term overbought) + sma20_dist_pct > 1.0 (close > 1% above 5-min SMA20) + bear_div == 1 (price at 20-bar high while RSI(14) is >5 below its 20-bar max) + time window 13:00-15:00 ET (bar close),99.0,100,False,13:00,14:40
CORZ,exhaustion_short,-1,2026-07-17,2026-07-17 13:00:00-04:00,2026-07-17 13:00:00-04:00,21.137885,21.6283,20.6517,2026-07-17 15:55:00-04:00,20.922091,time,0.4400232456184953,-0.6364303701966716,0.9846456572494596,0,94,20.28463599999957,layers=rsi5 > 90 (short-term overbought) + sma20_dist_pct > 1.0 (close > 1% above 5-min SMA20) + bear_div == 1 (price at 20-bar high while RSI(14) is >5 below its 20-bar max) + time window 13:00-15:00 ET (bar close),146.0,175,False,13:00,15:55
CRDO,exhaustion_short,-1,2026-07-17,2026-07-17 13:00:00-04:00,2026-07-17 13:00:00-04:00,204.20957600000003,211.00535178571428,197.8746482142857,2026-07-17 15:55:00-04:00,203.860383,time,0.0513838318112363,-0.8476477420148633,0.5054722386840785,0,9,3.1427370000001247,layers=rsi5 > 90 (short-term overbought) + sma20_dist_pct > 1.0 (close > 1% above 5-min SMA20) + bear_div == 1 (price at 20-bar high while RSI(14) is >5 below its 20-bar max) + time window 13:00-15:00 ET (bar close),137.0,175,False,13:00,15:55
INIO,exhaustion_short,-1,2026-07-17,2026-07-17 13:00:00-04:00,2026-07-17 13:00:00-04:00,27.737225,28.51822142857143,27.02177857142857,2026-07-17 15:55:00-04:00,27.762775,time,-0.0327146182303774,-0.3684715953520902,0.7262837309480961,0,72,-1.839600000000189,layers=rsi5 > 90 (short-term overbought) + sma20_dist_pct > 1.0 (close > 1% above 5-min SMA20) + bear_div == 1 (price at 20-bar high while RSI(14) is >5 below its 20-bar max) + time window 13:00-15:00 ET (bar close),150.0,175,False,13:00,15:55
LUNR,exhaustion_short,-1,2026-07-17,2026-07-17 13:00:00-04:00,2026-07-17 13:00:00-04:00,13.948604,14.338939285714286,13.561060714285713,2026-07-17 15:23:00-04:00,13.561060714285713,target,0.9928471749744922,-0.3366234230132534,1.0852311218157926,1,143,55.41868985714328,layers=rsi5 > 90 (short-term overbought) + sma20_dist_pct > 1.0 (close > 1% above 5-min SMA20) + bear_div == 1 (price at 20-bar high while RSI(14) is >5 below its 20-bar max) + time window 13:00-15:00 ET (bar close),142.0,143,False,13:00,15:23
OKLO,exhaustion_short,-1,2026-07-17,2026-07-17 13:00:00-04:00,2026-07-17 13:00:00-04:00,42.1207865,42.961916071428575,41.29808392857143,2026-07-17 15:26:00-04:00,41.29808392857143,target,0.9780925547906892,-0.5578373605425501,1.0649803911644626,1,47,38.66702085714287,layers=rsi5 > 90 (short-term overbought) + sma20_dist_pct > 1.0 (close > 1% above 5-min SMA20) + bear_div == 1 (price at 20-bar high while RSI(14) is >5 below its 20-bar max) + time window 13:00-15:00 ET (bar close),145.0,146,False,13:00,15:26
RGTI,exhaustion_short,-1,2026-07-17,2026-07-17 13:00:00-04:00,2026-07-17 13:00:00-04:00,14.418557,14.731378571428571,14.11862142857143,2026-07-17 15:09:00-04:00,14.11862142857143,target,0.9588071885798832,-0.5160865322130238,0.970383847295878,1,138,41.39110885714264,layers=rsi5 > 90 (short-term overbought) + sma20_dist_pct > 1.0 (close > 1% above 5-min SMA20) + bear_div == 1 (price at 20-bar high while RSI(14) is >5 below its 20-bar max) + time window 13:00-15:00 ET (bar close),128.0,129,False,13:00,15:09
USAR,exhaustion_short,-1,2026-07-17,2026-07-17 13:00:00-04:00,2026-07-17 13:00:00-04:00,16.018397,16.347525,15.682475,2026-07-17 15:25:00-04:00,15.682475,target,1.0206424248316743,-0.5517701319851203,1.0281622955202832,1,124,41.65432800000001,layers=rsi5 > 90 (short-term overbought) + sma20_dist_pct > 1.0 (close > 1% above 5-min SMA20) + bear_div == 1 (price at 20-bar high while RSI(14) is >5 below its 20-bar max) + time window 13:00-15:00 ET (bar close),144.0,145,False,13:00,15:25
APLD,exhaustion_short,-1,2026-07-17,2026-07-17 13:05:00-04:00,2026-07-17 13:05:00-04:00,25.627436,26.341046428571428,24.95895357142857,2026-07-17 15:55:00-04:00,25.582557,time,0.0628900562591848,-0.8443878843058246,0.6760495372324997,0,78,3.500561999999853,layers=rsi5 > 90 (short-term overbought) + sma20_dist_pct > 1.0 (close > 1% above 5-min SMA20) + bear_div == 1 (price at 20-bar high while RSI(14) is >5 below its 20-bar max) + time window 13:00-15:00 ET (bar close),139.0,170,False,13:05,15:55
AUR,exhaustion_short,-1,2026-07-17,2026-07-17 13:05:00-04:00,2026-07-17 13:05:00-04:00,6.0043985,6.117051785714286,5.902948214285714,2026-07-17 15:55:00-04:00,6.040603,time,-0.3213798849313899,-0.5823309953549043,0.3941163341884619,0,333,-12.056098500000065,layers=rsi5 > 90 (short-term overbought) + sma20_dist_pct > 1.0 (close > 1% above 5-min SMA20) + bear_div == 1 (price at 20-bar high while RSI(14) is >5 below its 20-bar max) + time window 13:00-15:00 ET (bar close),140.0,170,False,13:05,15:55
CBRS,exhaustion_short,-1,2026-07-17,2026-07-17 13:05:00-04:00,2026-07-17 13:05:00-04:00,173.49264800000003,178.56545,168.47455000000002,2026-07-17 15:55:00-04:00,170.1920165,time,0.6506525387744403,-0.3809239942737746,0.8540936547493994,0,11,36.30694650000041,layers=rsi5 > 90 (short-term overbought) + sma20_dist_pct > 1.0 (close > 1% above 5-min SMA20) + bear_div == 1 (price at 20-bar high while RSI(14) is >5 below its 20-bar max) + time window 13:00-15:00 ET (bar close),130.0,170,False,13:05,15:55
CLS,exhaustion_short,-1,2026-07-17,2026-07-17 13:05:00-04:00,2026-07-17 13:05:00-04:00,304.289567,309.9629857142857,298.0270142857143,2026-07-17 15:55:00-04:00,302.100206,time,0.3858980114559723,-0.8002992954789582,0.8900395430510183,0,6,13.136165999999776,layers=rsi5 > 90 (short-term overbought) + sma20_dist_pct > 1.0 (close > 1% above 5-min SMA20) + bear_div == 1 (price at 20-bar high while RSI(14) is >5 below its 20-bar max) + time window 13:00-15:00 ET (bar close),131.0,170,False,13:05,15:55
COHR,exhaustion_short,-1,2026-07-17,2026-07-17 13:05:00-04:00,2026-07-17 13:05:00-04:00,283.151681,290.2716839285714,276.12831607142857,2026-07-17 15:15:00-04:00,276.12831607142857,target,0.9864272527737044,-0.3077553509433241,0.9889997336578144,1,7,49.163554499999975,layers=rsi5 > 90 (short-term overbought) + sma20_dist_pct > 1.0 (close > 1% above 5-min SMA20) + bear_div == 1 (price at 20-bar high while RSI(14) is >5 below its 20-bar max) + time window 13:00-15:00 ET (bar close),129.0,130,False,13:05,15:15
DRAM,exhaustion_short,-1,2026-07-17,2026-07-17 13:05:00-04:00,2026-07-17 13:05:00-04:00,54.9695015,56.3067625,53.6632375,2026-07-17 14:46:00-04:00,53.6632375,target,0.9768205309210398,-0.3219255627734596,0.994122688091558,1,36,47.02550399999996,layers=rsi5 > 90 (short-term overbought) + sma20_dist_pct > 1.0 (close > 1% above 5-min SMA20) + bear_div == 1 (price at 20-bar high while RSI(14) is >5 below its 20-bar max) + time window 13:00-15:00 ET (bar close),100.0,101,False,13:05,14:46
INTC,exhaustion_short,-1,2026-07-17,2026-07-17 13:05:00-04:00,2026-07-17 13:05:00-04:00,96.740324,99.06355892857142,94.47644107142855,2026-07-17 15:55:00-04:00,95.469545,time,0.5469868692019894,-0.563729472165489,0.8825297755232893,0,20,25.415579999999807,layers=rsi5 > 90 (short-term overbought) + sma20_dist_pct > 1.0 (close > 1% above 5-min SMA20) + bear_div == 1 (price at 20-bar high while RSI(14) is >5 below its 20-bar max) + time window 13:00-15:00 ET (bar close),140.0,170,False,13:05,15:55
JOBY,exhaustion_short,-1,2026-07-17,2026-07-17 13:05:00-04:00,2026-07-17 13:05:00-04:00,7.3542635,7.501655357142857,7.228344642857143,2026-07-17 15:25:00-04:00,7.228344642857143,target,0.8543135257520504,-0.6488587758773292,0.910928884421802,0,271,34.12401028571416,layers=rsi5 > 90 (short-term overbought) + sma20_dist_pct > 1.0 (close > 1% above 5-min SMA20) + bear_div == 1 (price at 20-bar high while RSI(14) is >5 below its 20-bar max) + time window 13:00-15:00 ET (bar close),139.0,140,False,13:05,15:25
KORU,exhaustion_short,-1,2026-07-17,2026-07-17 13:05:00-04:00,2026-07-17 13:05:00-04:00,20.077991,21.3320875,18.8671125,2026-07-17 15:07:00-04:00,18.8671125,target,0.9655385371061932,-0.3285305397152454,0.9672230167295708,1,99,119.87697149999995,layers=rsi5 > 90 (short-term overbought) + sma20_dist_pct > 1.0 (close > 1% above 5-min SMA20) + bear_div == 1 (price at 20-bar high while RSI(14) is >5 below its 20-bar max) + time window 13:00-15:00 ET (bar close),121.0,122,False,13:05,15:07
MPWR,exhaustion_short,-1,2026-07-17,2026-07-17 13:05:00-04:00,2026-07-17 13:05:00-04:00,1335.036482,1358.8917142857142,1315.0482857142858,2026-07-17 14:10:00-04:00,1315.0482857142858,target,0.8378956887241932,-0.3258621801245321,0.9732238915947712,1,1,19.98819628571414,layers=rsi5 > 90 (short-term overbought) + sma20_dist_pct > 1.0 (close > 1% above 5-min SMA20) + bear_div == 1 (price at 20-bar high while RSI(14) is >5 below its 20-bar max) + time window 13:00-15:00 ET (bar close),64.0,65,False,13:05,14:10
MRVL,exhaustion_short,-1,2026-07-17,2026-07-17 13:05:00-04:00,2026-07-17 13:05:00-04:00,193.030694,198.385925,187.734075,2026-07-17 15:14:00-04:00,187.734075,target,0.9890551873485977,-0.1903383812948507,1.019674781536042,1,10,52.966189999999926,layers=rsi5 > 90 (short-term overbought) + sma20_dist_pct > 1.0 (close > 1% above 5-min SMA20) + bear_div == 1 (price at 20-bar high while RSI(14) is >5 below its 20-bar max) + time window 13:00-15:00 ET (bar close),128.0,129,False,13:05,15:14
MU,exhaustion_short,-1,2026-07-17,2026-07-17 13:05:00-04:00,2026-07-17 13:05:00-04:00,895.850405,916.1059803571428,875.9140196428572,2026-07-17 14:12:00-04:00,875.9140196428572,target,0.9842418694916322,-0.4003635965413493,1.021960849544587,1,2,39.87277071428571,layers=rsi5 > 90 (short-term overbought) + sma20_dist_pct > 1.0 (close > 1% above 5-min SMA20) + bear_div == 1 (price at 20-bar high while RSI(14) is >5 below its 20-bar max) + time window 13:00-15:00 ET (bar close),66.0,67,False,13:05,14:12
MUU,exhaustion_short,-1,2026-07-17,2026-07-17 13:05:00-04:00,2026-07-17 13:05:00-04:00,30.256973,31.89357142857143,28.66642857142857,2026-07-17 14:26:00-04:00,28.66642857142857,target,0.9718599265427592,-0.3195206538579289,1.0001677695785187,1,66,104.97593228571417,layers=rsi5 > 90 (short-term overbought) + sma20_dist_pct > 1.0 (close > 1% above 5-min SMA20) + bear_div == 1 (price at 20-bar high while RSI(14) is >5 below its 20-bar max) + time window 13:00-15:00 ET (bar close),80.0,81,False,13:05,14:26
NVTS,exhaustion_short,-1,2026-07-17,2026-07-17 13:05:00-04:00,2026-07-17 13:05:00-04:00,11.84871401,12.192257142857144,11.517742857142858,2026-07-17 15:08:00-04:00,11.517742857142858,target,0.9634049445394433,-0.6295744822526805,0.9856520990067594,1,168,55.60315367999985,layers=rsi5 > 90 (short-term overbought) + sma20_dist_pct > 1.0 (close > 1% above 5-min SMA20) + bear_div == 1 (price at 20-bar high while RSI(14) is >5 below its 20-bar max) + time window 13:00-15:00 ET (bar close),122.0,123,False,13:05,15:08
QBTS,exhaustion_short,-1,2026-07-17,2026-07-17 13:05:00-04:00,2026-07-17 13:05:00-04:00,17.2732715,17.676517857142855,16.903482142857143,2026-07-17 14:43:00-04:00,16.903482142857143,target,0.9170308685810497,-0.3638681352005901,0.9504648788785476,1,115,42.5257760714285,layers=rsi5 > 90 (short-term overbought) + sma20_dist_pct > 1.0 (close > 1% above 5-min SMA20) + bear_div == 1 (price at 20-bar high while RSI(14) is >5 below its 20-bar max) + time window 13:00-15:00 ET (bar close),97.0,98,False,13:05,14:43
RAM,exhaustion_short,-1,2026-07-17,2026-07-17 13:05:00-04:00,2026-07-17 13:05:00-04:00,13.20837803,14.01443392857143,12.405566071428572,2026-07-17 15:17:00-04:00,12.405566071428572,target,0.99597553965457,-0.2377278924943183,1.0154110049322709,1,151,121.22460574428572,layers=rsi5 > 90 (short-term overbought) + sma20_dist_pct > 1.0 (close > 1% above 5-min SMA20) + bear_div == 1 (price at 20-bar high while RSI(14) is >5 below its 20-bar max) + time window 13:00-15:00 ET (bar close),131.0,132,False,13:05,15:17
SMCI,exhaustion_short,-1,2026-07-17,2026-07-17 13:05:00-04:00,2026-07-17 13:05:00-04:00,25.037495,25.4910375,24.6189625,2026-07-17 14:36:00-04:00,24.6189625,target,0.9228076751351864,-0.2921556414228028,0.964617428355661,1,79,33.06406750000011,layers=rsi5 > 90 (short-term overbought) + sma20_dist_pct > 1.0 (close > 1% above 5-min SMA20) + bear_div == 1 (price at 20-bar high while RSI(14) is >5 below its 20-bar max) + time window 13:00-15:00 ET (bar close),90.0,91,False,13:05,14:36
SMR,exhaustion_short,-1,2026-07-17,2026-07-17 13:05:00-04:00,2026-07-17 13:05:00-04:00,7.814217500000001,7.998235714285714,7.660764285714286,2026-07-17 15:55:00-04:00,7.7857775,time,0.1545499183892941,-0.4661630933273295,0.5043930045744749,0,255,7.252200000000175,layers=rsi5 > 90 (short-term overbought) + sma20_dist_pct > 1.0 (close > 1% above 5-min SMA20) + bear_div == 1 (price at 20-bar high while RSI(14) is >5 below its 20-bar max) + time window 13:00-15:00 ET (bar close),140.0,170,False,13:05,15:55
SOUN,exhaustion_short,-1,2026-07-17,2026-07-17 13:05:00-04:00,2026-07-17 13:05:00-04:00,6.359363,6.468283928571429,6.261716071428571,2026-07-17 15:55:00-04:00,6.305629499999999,time,0.4933257612173495,-0.6485163221288254,0.8204392045868153,0,314,16.87231900000024,layers=rsi5 > 90 (short-term overbought) + sma20_dist_pct > 1.0 (close > 1% above 5-min SMA20) + bear_div == 1 (price at 20-bar high while RSI(14) is >5 below its 20-bar max) + time window 13:00-15:00 ET (bar close),169.0,170,False,13:05,15:55
TER,exhaustion_short,-1,2026-07-17,2026-07-17 13:05:00-04:00,2026-07-17 13:05:00-04:00,326.907305,335.9972321428572,317.58276785714287,2026-07-17 15:55:00-04:00,324.24242,time,0.2931690164419068,-0.4144912209731676,0.7594125774071101,0,6,15.98931000000016,layers=rsi5 > 90 (short-term overbought) + sma20_dist_pct > 1.0 (close > 1% above 5-min SMA20) + bear_div == 1 (price at 20-bar high while RSI(14) is >5 below its 20-bar max) + time window 13:00-15:00 ET (bar close),131.0,170,False,13:05,15:55
VIAV,exhaustion_short,-1,2026-07-17,2026-07-17 13:05:00-04:00,2026-07-17 13:05:00-04:00,38.476151,39.3252375,37.6747625,2026-07-17 15:55:00-04:00,38.263825,time,0.2500640394117735,-0.2165256425582027,0.7874945603304319,0,51,10.828626000000227,layers=rsi5 > 90 (short-term overbought) + sma20_dist_pct > 1.0 (close > 1% above 5-min SMA20) + bear_div == 1 (price at 20-bar high while RSI(14) is >5 below its 20-bar max) + time window 13:00-15:00 ET (bar close),141.0,170,False,13:05,15:55
AAOI,exhaustion_short,-1,2026-07-17,2026-07-17 13:10:00-04:00,2026-07-17 13:10:00-04:00,104.719526,108.26388392857142,101.21611607142856,2026-07-17 15:55:00-04:00,102.190217,time,0.7136155690177244,-0.4120560139332966,0.8998882348447073,0,19,48.05687099999969,layers=rsi5 > 90 (short-term overbought) + sma20_dist_pct > 1.0 (close > 1% above 5-min SMA20) + bear_div == 1 (price at 20-bar high while RSI(14) is >5 below its 20-bar max) + time window 13:00-15:00 ET (bar close),124.0,165,False,13:10,15:55
AAOX,exhaustion_short,-1,2026-07-17,2026-07-17 13:10:00-04:00,2026-07-17 13:10:00-04:00,14.268572,15.550546428571428,13.02945357142857,2026-07-17 15:55:00-04:00,13.6263615,time,0.5009542200585451,-0.3364560090957913,0.6697263072218612,0,140,89.90946999999989,layers=rsi5 > 90 (short-term overbought) + sma20_dist_pct > 1.0 (close > 1% above 5-min SMA20) + bear_div == 1 (price at 20-bar high while RSI(14) is >5 below its 20-bar max) + time window 13:00-15:00 ET (bar close),164.0,165,False,13:10,15:55
BE,exhaustion_short,-1,2026-07-17,2026-07-17 13:10:00-04:00,2026-07-17 13:10:00-04:00,222.56774,230.87438392857143,214.35561607142856,2026-07-17 14:58:00-04:00,214.35561607142856,target,0.9886211566533052,-0.1423270348610345,1.0013358067980296,1,8,65.69699142857144,layers=rsi5 > 90 (short-term overbought) + sma20_dist_pct > 1.0 (close > 1% above 5-min SMA20) + bear_div == 1 (price at 20-bar high while RSI(14) is >5 below its 20-bar max) + time window 13:00-15:00 ET (bar close),107.0,108,False,13:10,14:58
EWY,exhaustion_short,-1,2026-07-17,2026-07-17 13:10:00-04:00,2026-07-17 13:10:00-04:00,168.7681205,171.40428571428572,166.1957142857143,2026-07-17 13:53:00-04:00,166.1957142857143,target,0.975813731379776,-0.0613692567989634,0.9855681601139716,1,11,28.29646835714277,layers=rsi5 > 90 (short-term overbought) + sma20_dist_pct > 1.0 (close > 1% above 5-min SMA20) + bear_div == 1 (price at 20-bar high while RSI(14) is >5 below its 20-bar max) + time window 13:00-15:00 ET (bar close),42.0,43,False,13:10,13:53
HOOD,exhaustion_short,-1,2026-07-17,2026-07-17 13:10:00-04:00,2026-07-17 13:10:00-04:00,103.939604,105.61739285714285,102.27260714285714,2026-07-17 14:08:00-04:00,102.27260714285714,target,0.993567724595342,-0.1015598591411447,1.0249227682488844,1,19,31.67294028571412,layers=rsi5 > 90 (short-term overbought) + sma20_dist_pct > 1.0 (close > 1% above 5-min SMA20) + bear_div == 1 (price at 20-bar high while RSI(14) is >5 below its 20-bar max) + time window 13:00-15:00 ET (bar close),57.0,58,False,13:10,14:08
HPE,exhaustion_short,-1,2026-07-17,2026-07-17 13:10:00-04:00,2026-07-17 13:10:00-04:00,46.450353500000006,47.17919821428571,45.760801785714285,2026-07-17 15:55:00-04:00,46.0796065,time,0.5086776273919386,-0.5140278754263368,0.8374259811956928,0,43,15.94212100000037,layers=rsi5 > 90 (short-term overbought) + sma20_dist_pct > 1.0 (close > 1% above 5-min SMA20) + bear_div == 1 (price at 20-bar high while RSI(14) is >5 below its 20-bar max) + time window 13:00-15:00 ET (bar close),150.0,165,False,13:10,15:55
HUT,exhaustion_short,-1,2026-07-17,2026-07-17 13:10:00-04:00,2026-07-17 13:10:00-04:00,95.420456,98.2379125,92.7478875,2026-07-17 14:08:00-04:00,92.7478875,target,0.9485748937028712,-0.2127961869153985,1.004613913293768,1,20,53.451369999999656,layers=rsi5 > 90 (short-term overbought) + sma20_dist_pct > 1.0 (close > 1% above 5-min SMA20) + bear_div == 1 (price at 20-bar high while RSI(14) is >5 below its 20-bar max) + time window 13:00-15:00 ET (bar close),57.0,58,False,13:10,14:08
INFQ,exhaustion_short,-1,2026-07-17,2026-07-17 13:10:00-04:00,2026-07-17 13:10:00-04:00,9.4040585,9.666526785714286,9.167473214285714,2026-07-17 14:39:00-04:00,9.167473214285714,target,0.9013861810787468,-0.1369365441702336,0.9203340485217792,1,212,50.1560805714286,layers=rsi5 > 90 (short-term overbought) + sma20_dist_pct > 1.0 (close > 1% above 5-min SMA20) + bear_div == 1 (price at 20-bar high while RSI(14) is >5 below its 20-bar max) + time window 13:00-15:00 ET (bar close),88.0,89,False,13:10,14:39
IONQ,exhaustion_short,-1,2026-07-17,2026-07-17 13:10:00-04:00,2026-07-17 13:10:00-04:00,35.856413,36.73050178571429,35.02949821428572,2026-07-17 14:40:00-04:00,35.02949821428572,target,0.9460306541269,-0.0269846729365499,1.031260227487505,1,55,45.48031321428539,layers=rsi5 > 90 (short-term overbought) + sma20_dist_pct > 1.0 (close > 1% above 5-min SMA20) + bear_div == 1 (price at 20-bar high while RSI(14) is >5 below its 20-bar max) + time window 13:00-15:00 ET (bar close),89.0,90,False,13:10,14:40
LITE,exhaustion_short,-1,2026-07-17,2026-07-17 13:10:00-04:00,2026-07-17 13:10:00-04:00,742.6457270000001,759.4495142857143,726.0104857142858,2026-07-17 15:55:00-04:00,735.7735690000001,time,0.4089648293657235,-0.2591245012784545,0.6564429085208604,0,2,13.744316000000026,layers=rsi5 > 90 (short-term overbought) + sma20_dist_pct > 1.0 (close > 1% above 5-min SMA20) + bear_div == 1 (price at 20-bar high while RSI(14) is >5 below its 20-bar max) + time window 13:00-15:00 ET (bar close),95.0,165,False,13:10,15:55
NBIS,exhaustion_short,-1,2026-07-17,2026-07-17 13:10:00-04:00,2026-07-17 13:10:00-04:00,183.851612,190.2972125,177.66278749999998,2026-07-17 15:44:00-04:00,177.66278749999998,target,0.9601625946255984,-0.4527565740383688,1.1498559366190997,1,10,61.88824500000038,layers=rsi5 > 90 (short-term overbought) + sma20_dist_pct > 1.0 (close > 1% above 5-min SMA20) + bear_div == 1 (price at 20-bar high while RSI(14) is >5 below its 20-bar max) + time window 13:00-15:00 ET (bar close),153.0,154,False,13:10,15:44
RDW,exhaustion_short,-1,2026-07-17,2026-07-17 13:10:00-04:00,2026-07-17 13:10:00-04:00,8.7141275,8.931939285714286,8.508260714285715,2026-07-17 15:16:00-04:00,8.508260714285715,target,0.9451590741023096,-0.2106061425903413,0.9601294039906628,1,229,47.14349392857128,layers=rsi5 > 90 (short-term overbought) + sma20_dist_pct > 1.0 (close > 1% above 5-min SMA20) + bear_div == 1 (price at 20-bar high while RSI(14) is >5 below its 20-bar max) + time window 13:00-15:00 ET (bar close),125.0,126,False,13:10,15:16
RIOT,exhaustion_short,-1,2026-07-17,2026-07-17 13:10:00-04:00,2026-07-17 13:10:00-04:00,19.0130975,19.530567857142856,18.51943214285714,2026-07-17 14:22:00-04:00,18.51943214285714,target,0.9539973649284204,-0.1099628205066325,0.9722247720193656,1,105,51.83486249999986,layers=rsi5 > 90 (short-term overbought) + sma20_dist_pct > 1.0 (close > 1% above 5-min SMA20) + bear_div == 1 (price at 20-bar high while RSI(14) is >5 below its 20-bar max) + time window 13:00-15:00 ET (bar close),71.0,72,False,13:10,14:22
RKLB,exhaustion_short,-1,2026-07-17,2026-07-17 13:10:00-04:00,2026-07-17 13:10:00-04:00,70.41945634999999,72.36383571428573,68.49616428571429,2026-07-17 14:35:00-04:00,68.49616428571429,target,0.9891547398684826,-0.1082832156457019,1.007754137896746,1,28,53.85217779999971,layers=rsi5 > 90 (short-term overbought) + sma20_dist_pct > 1.0 (close > 1% above 5-min SMA20) + bear_div == 1 (price at 20-bar high while RSI(14) is >5 below its 20-bar max) + time window 13:00-15:00 ET (bar close),84.0,85,False,13:10,14:35
SEI,exhaustion_short,-1,2026-07-17,2026-07-17 13:10:00-04:00,2026-07-17 13:10:00-04:00,61.923806,63.251485714285714,60.55851428571429,2026-07-17 15:26:00-04:00,60.55851428571429,target,1.0283291215458774,-0.3963260071975217,1.0724017130637562,1,32,43.68933485714274,layers=rsi5 > 90 (short-term overbought) + sma20_dist_pct > 1.0 (close > 1% above 5-min SMA20) + bear_div == 1 (price at 20-bar high while RSI(14) is >5 below its 20-bar max) + time window 13:00-15:00 ET (bar close),135.0,136,False,13:10,15:26
SOFI,exhaustion_short,-1,2026-07-17,2026-07-17 13:10:00-04:00,2026-07-17 13:10:00-04:00,17.438354989999997,17.68875,17.221249999999998,2026-07-17 15:55:00-04:00,17.2967285,time,0.5656122699889089,-0.5257493350207031,0.8321052004989837,0,114,16.145419859999613,layers=rsi5 > 90 (short-term overbought) + sma20_dist_pct > 1.0 (close > 1% above 5-min SMA20) + bear_div == 1 (price at 20-bar high while RSI(14) is >5 below its 20-bar max) + time window 13:00-15:00 ET (bar close),135.0,165,False,13:10,15:55
WDC,exhaustion_short,-1,2026-07-17,2026-07-17 13:10:00-04:00,2026-07-17 13:10:00-04:00,485.6764265000001,499.8170535714286,471.64294642857146,2026-07-17 15:55:00-04:00,477.75777,time,0.559993305813141,-0.5129598187803126,0.6510621101522311,0,4,31.674626000000217,layers=rsi5 > 90 (short-term overbought) + sma20_dist_pct > 1.0 (close > 1% above 5-min SMA20) + bear_div == 1 (price at 20-bar high while RSI(14) is >5 below its 20-bar max) + time window 13:00-15:00 ET (bar close),136.0,165,False,13:10,15:55
WULF,exhaustion_short,-1,2026-07-17,2026-07-17 13:10:00-04:00,2026-07-17 13:10:00-04:00,18.2131775,18.812498214285714,17.63750178571429,2026-07-17 15:55:00-04:00,18.046803500000003,time,0.2776042877114409,-0.1610531685277006,0.7553176274568001,0,109,18.134765999999736,layers=rsi5 > 90 (short-term overbought) + sma20_dist_pct > 1.0 (close > 1% above 5-min SMA20) + bear_div == 1 (price at 20-bar high while RSI(14) is >5 below its 20-bar max) + time window 13:00-15:00 ET (bar close),90.0,165,False,13:10,15:55
KTOS,exhaustion_short,-1,2026-07-17,2026-07-17 13:15:00-04:00,2026-07-17 13:15:00-04:00,46.93530500000001,47.85524821428572,46.12475178571429,2026-07-17 15:55:00-04:00,46.504649,time,0.4681332426962782,-0.3447984561158781,0.837339727102734,0,42,18.087552000000255,layers=rsi5 > 90 (short-term overbought) + sma20_dist_pct > 1.0 (close > 1% above 5-min SMA20) + bear_div == 1 (price at 20-bar high while RSI(14) is >5 below its 20-bar max) + time window 13:00-15:00 ET (bar close),145.0,160,False,13:15,15:55
MP,exhaustion_short,-1,2026-07-17,2026-07-17 13:15:00-04:00,2026-07-17 13:15:00-04:00,46.345364,47.1131625,45.6192375,2026-07-17 14:12:00-04:00,45.6192375,target,0.9457253433029742,-0.2144260505848799,0.951244369453709,1,43,31.22343950000028,layers=rsi5 > 90 (short-term overbought) + sma20_dist_pct > 1.0 (close > 1% above 5-min SMA20) + bear_div == 1 (price at 20-bar high while RSI(14) is >5 below its 20-bar max) + time window 13:00-15:00 ET (bar close),56.0,57,False,13:15,14:12
STX,exhaustion_short,-1,2026-07-17,2026-07-17 13:15:00-04:00,2026-07-17 13:15:00-04:00,797.590232,819.2567839285714,777.4432160714287,2026-07-17 15:55:00-04:00,791.649156,time,0.2742049597733016,-0.5104535339292082,0.7652455293606687,0,2,11.882152000000133,layers=rsi5 > 90 (short-term overbought) + sma20_dist_pct > 1.0 (close > 1% above 5-min SMA20) + bear_div == 1 (price at 20-bar high while RSI(14) is >5 below its 20-bar max) + time window 13:00-15:00 ET (bar close),43.0,160,False,13:15,15:55
FIX,exhaustion_short,-1,2026-07-17,2026-07-17 13:20:00-04:00,2026-07-17 13:20:00-04:00,1679.931989,1707.4715589285713,1652.7484410714285,2026-07-17 15:09:00-04:00,1652.7484410714285,target,0.9870723471381962,-0.1949199284492417,0.9968198149499564,1,1,27.183547928571443,layers=rsi5 > 90 (short-term overbought) + sma20_dist_pct > 1.0 (close > 1% above 5-min SMA20) + bear_div == 1 (price at 20-bar high while RSI(14) is >5 below its 20-bar max) + time window 13:00-15:00 ET (bar close),108.0,109,False,13:20,15:09
PG,heat_fade_long,1,2026-07-17,2026-07-17 13:20:00-04:00,2026-07-17 13:20:00-04:00,149.814979,148.91599107142858,150.56400892857144,2026-07-17 15:55:00-04:00,149.705027,time,-0.1223064253762759,-0.561719444667578,0.2614284269350425,0,13,-1.4293759999999054,heat_score=57.53,2.0,155,False,13:20,15:55
ANET,exhaustion_short,-1,2026-07-17,2026-07-17 13:30:00-04:00,2026-07-17 13:30:00-04:00,171.00289700000002,173.952875,168.287125,2026-07-17 14:43:00-04:00,168.287125,target,0.920607543513893,-0.1447817576944608,0.9433619504959128,1,11,29.87349200000017,layers=rsi5 > 90 (short-term overbought) + sma20_dist_pct > 1.0 (close > 1% above 5-min SMA20) + bear_div == 1 (price at 20-bar high while RSI(14) is >5 below its 20-bar max) + time window 13:00-15:00 ET (bar close),72.0,73,False,13:30,14:43
ZETA,exhaustion_short,-1,2026-07-17,2026-07-17 13:30:00-04:00,2026-07-17 13:30:00-04:00,22.357763,22.711194642857144,22.028805357142858,2026-07-17 15:04:00-04:00,22.028805357142858,target,0.9307532291049072,-0.3741515585050461,0.9556671193035198,1,89,29.27723021428553,layers=rsi5 > 90 (short-term overbought) + sma20_dist_pct > 1.0 (close > 1% above 5-min SMA20) + bear_div == 1 (price at 20-bar high while RSI(14) is >5 below its 20-bar max) + time window 13:00-15:00 ET (bar close),93.0,94,False,13:30,15:04
VG,exhaustion_short,-1,2026-07-17,2026-07-17 13:35:00-04:00,2026-07-17 13:35:00-04:00,13.6236365,13.786494642857145,13.483505357142857,2026-07-17 14:31:00-04:00,13.817873292321428,stop,-1.1926747346726785,-1.0209099593248072,0.6056590003394686,0,146,-28.358571678928502,layers=rsi5 > 90 (short-term overbought) + sma20_dist_pct > 1.0 (close > 1% above 5-min SMA20) + bear_div == 1 (price at 20-bar high while RSI(14) is >5 below its 20-bar max) + time window 13:00-15:00 ET (bar close),2.0,56,False,13:35,14:31
IWM,intraday_momentum,-1,2026-07-17,2026-07-17 15:30:00-04:00,2026-07-17 15:30:00-04:00,293.39065700000003,294.45557142857143,,2026-07-17 15:55:00-04:00,294.17941399999995,time,-0.7406764138392321,-0.7787883962775981,0.0757403579442842,0,6,-4.732541999999512,first_30m_ret=-0.318,3.0,25,False,15:30,15:55
QQQ,intraday_momentum,-1,2026-07-17,2026-07-17 15:30:00-04:00,2026-07-17 15:30:00-04:00,696.040388,699.6781767857143,,2026-07-17 15:55:00-04:00,697.189711,time,-0.3159400030351976,-0.4012360491439013,0.2640032328901115,0,2,-2.2986459999999624,first_30m_ret=-1.795,10.0,25,False,15:30,15:55
SPY,intraday_momentum,-1,2026-07-17,2026-07-17 15:30:00-04:00,2026-07-17 15:30:00-04:00,743.085683,745.2591071428571,,2026-07-17 15:55:00-04:00,744.0844,time,-0.4595131618842946,-0.5541104362707506,0.2234644358746874,0,2,-1.9974339999998847,first_30m_ret=-0.7925,10.0,25,False,15:30,15:55
ADI,heat_fade_short,-1,2026-07-20,2026-07-20 09:50:00-04:00,2026-07-20 09:50:00-04:00,381.331862,385.0058035714285,377.62419642857145,2026-07-20 10:13:00-04:00,377.62419642857145,target,1.0091792423326138,-0.1600836563580211,1.1817994150385307,1,5,18.538327857142747,heat_score=-30.91,22.0,23,False,09:50,10:13
APP,heat_fade_short,-1,2026-07-20,2026-07-20 09:50:00-04:00,2026-07-20 09:50:00-04:00,428.14718,437.27495,420.38505,2026-07-20 09:53:00-04:00,437.348677495,stop,-1.008077273529017,-1.0717645164152927,0.2571471454692636,0,4,-36.80598997999982,heat_score=-25.48,0.0,3,False,09:50,09:53
BABA,heat_fade_short,-1,2026-07-20,2026-07-20 09:50:00-04:00,2026-07-20 09:50:00-04:00,118.608137,119.62785714285717,117.64214285714286,2026-07-20 11:18:00-04:00,119.66981992857144,stop,-1.0411512766598037,-1.001218821802773,0.3414044553680486,0,16,-16.986926857143317,heat_score=-45.73,26.0,88,False,09:50,11:18
CBRS,heat_fade_short,-1,2026-07-20,2026-07-20 09:50:00-04:00,2026-07-20 09:50:00-04:00,173.73402386,178.31402321428573,168.4059767857143,2026-07-20 10:13:00-04:00,168.4059767857143,target,1.163329219533624,-0.0209554920373941,1.337123302052316,1,11,58.60851781714277,heat_score=-11.69,22.0,23,False,09:50,10:13
ETN,heat_fade_short,-1,2026-07-20,2026-07-20 09:50:00-04:00,2026-07-20 09:50:00-04:00,407.74922,412.22689464285713,403.53310535714286,2026-07-20 10:11:00-04:00,403.53310535714286,target,0.9415857513414546,-0.1866549194978248,1.0807439990575605,1,4,16.864458571428713,heat_score=-26.44,20.0,21,False,09:50,10:11
LRCX,heat_fade_short,-1,2026-07-20,2026-07-20 09:50:00-04:00,2026-07-20 09:50:00-04:00,321.187877,328.71293214285714,313.70246785714284,2026-07-20 10:13:00-04:00,313.70246785714284,target,0.994731467179004,-0.1464604549836627,1.0213715187583086,1,6,44.91245485714308,heat_score=-22.31,22.0,23,False,09:50,10:13
MAR,heat_fade_short,-1,2026-07-20,2026-07-20 09:50:00-04:00,2026-07-20 09:50:00-04:00,369.6680285,371.5799178571429,367.4500821428571,2026-07-20 10:03:00-04:00,367.4500821428571,target,1.1600809162185957,-0.189326593951501,1.3065758699201364,1,5,11.08973178571432,heat_score=-31.02,12.0,13,False,09:50,10:03
ON,heat_fade_short,-1,2026-07-20,2026-07-20 09:50:00-04:00,2026-07-20 09:50:00-04:00,89.451053,90.94749821428572,87.92250178571429,2026-07-20 10:11:00-04:00,87.92250178571429,target,1.0214548449174758,-0.1128988875684599,1.0765866899905112,1,22,33.628126714285685,heat_score=-18.06,20.0,21,False,09:50,10:11
QCOM,heat_fade_short,-1,2026-07-20,2026-07-20 09:50:00-04:00,2026-07-20 09:50:00-04:00,173.47265000000002,175.789375,171.22062499999998,2026-07-20 09:59:00-04:00,171.22062499999998,target,0.9720726456528248,-0.0420205246630384,1.02413967993613,1,11,24.77227500000035,heat_score=-15.45,8.0,9,False,09:50,09:59
TSM,heat_fade_short,-1,2026-07-20,2026-07-20 09:50:00-04:00,2026-07-20 09:50:00-04:00,406.409354,411.6091071428571,401.29089285714286,2026-07-20 10:22:00-04:00,401.29089285714286,target,0.9843661809000236,-0.1424194533191026,0.9993847510123616,1,4,20.47384457142857,heat_score=-21.31,31.0,32,False,09:50,10:22
IBN,orb20_a,1,2026-07-20,2026-07-20 09:50:00-04:00,2026-07-20 09:51:00-04:00,30.2180205,29.79,30.827500000000004,2026-07-20 15:41:00-04:00,29.757021,stop,-1.0770500478364955,-1.0934534677661445,0.2265767644306738,0,66,-30.42596700000022,rv20=3.566;or_width=0.83,107.0,350,False,09:51,15:41
MGY,orb20_a,-1,2026-07-20,2026-07-20 09:50:00-04:00,2026-07-20 09:52:00-04:00,26.237375,26.695,25.582500000000003,2026-07-20 10:42:00-04:00,26.7276695,stop,-1.0713892379131402,-1.0437039060366011,0.343895110625516,0,76,-37.26238200000007,rv20=7.434;or_width=0.89,17.0,50,False,09:52,10:42
PLNT,orb20_a,1,2026-07-20,2026-07-20 09:50:00-04:00,2026-07-20 09:52:00-04:00,55.865585,54.43,57.98,2026-07-20 13:31:00-04:00,54.394557,stop,-1.0246888898950608,-1.0417948083882198,0.2190152446563629,0,35,-51.48597999999989,rv20=4.844;or_width=2.84,27.0,219,True,09:52,13:31
HAS,orb20_a,-1,2026-07-20,2026-07-20 09:50:00-04:00,2026-07-20 09:53:00-04:00,81.54184399999998,82.4725,80.19124999999998,2026-07-20 11:09:00-04:00,82.51074725,stop,-1.0410970863562876,-1.072529484578629,0.582217274696532,0,24,-23.253678000000264,rv20=8.222;or_width=1.825,10.0,76,False,09:53,11:09
UPS,orb20_a,-1,2026-07-20,2026-07-20 09:50:00-04:00,2026-07-20 09:54:00-04:00,114.22167569,116.1564,111.37315,2026-07-20 15:50:00-04:00,113.451343,time,0.398161477590568,-0.0714956178950385,0.807182543749609,0,17,13.09565572999982,rv20=2.604;or_width=3.827,321.0,356,False,09:54,15:50
AMD,heat_fade_short,-1,2026-07-20,2026-07-20 09:55:00-04:00,2026-07-20 09:55:00-04:00,514.608533,524.9987410714286,504.65125892857145,2026-07-20 15:55:00-04:00,505.690563,time,0.8583052368819145,-0.4207294954969046,0.9247681022309664,0,3,26.753909999999905,heat_score=-13.02,359.0,360,False,09:55,15:55
SWKS,heat_fade_short,-1,2026-07-20,2026-07-20 09:55:00-04:00,2026-07-20 09:55:00-04:00,59.854013,60.71794642857142,59.24205357142857,2026-07-20 10:02:00-04:00,59.24205357142857,target,0.7083409535192453,-0.0185048980295058,0.8172076419909392,0,33,20.194661142857235,heat_score=-13.94,6.0,7,False,09:55,10:02
TEM,orb20_a,-1,2026-07-20,2026-07-20 09:50:00-04:00,2026-07-20 10:02:00-04:00,47.775221,48.84,46.215,2026-07-20 13:20:00-04:00,48.874884,stop,-1.0327617280205543,-1.112699442795169,0.3223401287966792,0,41,-45.086182999999984,rv20=3.05;or_width=2.1,120.0,198,True,10:02,13:20
AMAT,heat_fade_long,1,2026-07-20,2026-07-20 11:05:00-04:00,2026-07-20 11:05:00-04:00,530.3830320000001,517.294075,543.3559250000001,2026-07-20 15:55:00-04:00,523.73762,time,-0.507711347817863,-0.5671217347570174,0.5578724110713975,0,3,-19.936236000000235,heat_score=73.8,74.0,290,False,11:05,15:55
CAT,heat_fade_long,1,2026-07-20,2026-07-20 11:05:00-04:00,2026-07-20 11:05:00-04:00,868.206811,856.5177071428571,879.0522928571428,2026-07-20 15:55:00-04:00,863.40365,time,-0.4109092586310605,-0.5934424986532353,0.3073964474876529,0,2,-9.606322000000093,heat_score=70.36,11.0,290,False,11:05,15:55
DHI,heat_fade_long,1,2026-07-20,2026-07-20 11:05:00-04:00,2026-07-20 11:05:00-04:00,145.464544,144.1829482142857,146.6570517857143,2026-07-20 15:05:00-04:00,144.13852991946425,stop,-1.034658583709905,-1.0881309189252228,0.9171815428098122,0,13,-17.23818304696465,heat_score=67.82,94.0,240,False,11:05,15:05
FPS,heat_fade_long,1,2026-07-20,2026-07-20 11:05:00-04:00,2026-07-20 11:05:00-04:00,39.0489035,38.11628214285714,39.90371785714286,2026-07-20 15:55:00-04:00,38.316167,time,-0.7856741585296502,-0.8137316330873476,0.4193518591490888,0,51,-37.36956149999971,heat_score=71.43,67.0,290,False,11:05,15:55
GEV,heat_fade_long,1,2026-07-20,2026-07-20 11:05:00-04:00,2026-07-20 11:05:00-04:00,1058.405829,1041.5034714285714,1074.4965285714286,2026-07-20 12:48:00-04:00,1074.4965285714286,target,0.9519795983152026,-0.441111777957127,0.9693423494776464,1,1,16.09069957142856,heat_score=70.85,102.0,103,False,11:05,12:48
KLAC,heat_fade_long,1,2026-07-20,2026-07-20 11:05:00-04:00,2026-07-20 11:05:00-04:00,209.880985,204.61849642857143,215.32190357142855,2026-07-20 15:55:00-04:00,207.599237,time,-0.4335872599112485,-0.4752475879146796,0.5014766234986132,0,9,-20.535731999999683,heat_score=74.95,63.0,290,False,11:05,15:55
KORU,heat_fade_long,1,2026-07-20,2026-07-20 11:05:00-04:00,2026-07-20 11:05:00-04:00,18.581857000000003,17.35447857142857,19.76552142857143,2026-07-20 15:55:00-04:00,18.558143,time,-0.0193208544715963,-0.1481670165994938,0.7806418767805741,0,107,-2.537398000000572,heat_score=67.11,67.0,290,False,11:05,15:55
LRCX,heat_fade_long,1,2026-07-20,2026-07-20 11:05:00-04:00,2026-07-20 11:05:00-04:00,308.12580849999995,300.63476785714283,315.64523214285714,2026-07-20 15:55:00-04:00,305.709425,time,-0.32256980240843,-0.3264978280864192,0.6980594218222842,0,6,-14.498300999999628,heat_score=76.19,63.0,290,False,11:05,15:55
GE,heat_fade_long,1,2026-07-20,2026-07-20 11:10:00-04:00,2026-07-20 11:10:00-04:00,345.784574,343.22080535714286,348.1191946428572,2026-07-20 12:42:00-04:00,343.1564832766072,stop,-1.0250888787156789,-1.4371710217556046,0.0196687014409234,0,5,-13.140453616964294,heat_score=60.8,0.0,92,False,11:10,12:42
PSLV,orb20_a,1,2026-07-20,2026-07-20 09:50:00-04:00,2026-07-20 11:10:00-04:00,18.2968285,18.2125,18.39375,2026-07-20 12:42:00-04:00,18.18067875,stop,-1.3773487018030623,-1.6225653248901315,0.5653071025809657,0,109,-12.660322750000187,rv20=2.757;or_width=0.145,60.0,92,False,11:10,12:42
ETN,heat_fade_long,1,2026-07-20,2026-07-20 11:40:00-04:00,2026-07-20 11:40:00-04:00,401.0951045,396.65310535714286,405.34689464285714,2026-07-20 15:55:00-04:00,400.659929,time,-0.0979683890078613,-0.4108745727551149,0.6145646165622869,0,4,-1.7407020000000557,heat_score=59.6,49.0,255,False,11:40,15:55
PEP,heat_fade_long,1,2026-07-20,2026-07-20 12:05:00-04:00,2026-07-20 12:05:00-04:00,134.70846849999998,133.60704821428573,135.7529517857143,2026-07-20 15:55:00-04:00,135.31646600000002,time,0.5520122589768367,-0.6886276835805112,0.6006167750678663,0,14,8.511965000000544,heat_score=59.46,225.0,230,False,12:05,15:55
SMR,exhaustion_short,-1,2026-07-20,2026-07-20 13:10:00-04:00,2026-07-20 13:10:00-04:00,7.959203,8.141235714285713,7.798764285714285,2026-07-20 15:55:00-04:00,7.930791999999999,time,0.1560763410658595,-0.6636004988114415,0.3801679289986412,0,251,7.13116100000027,layers=rsi5 > 90 (short-term overbought) + sma20_dist_pct > 1.0 (close > 1% above 5-min SMA20) + bear_div == 1 (price at 20-bar high while RSI(14) is >5 below its 20-bar max) + time window 13:00-15:00 ET (bar close),147.0,165,False,13:10,15:55
GTLB,exhaustion_short,-1,2026-07-20,2026-07-20 13:15:00-04:00,2026-07-20 13:15:00-04:00,34.706528,35.1994625,34.2405375,2026-07-20 15:54:00-04:00,34.2405375,target,0.9453395937999868,-0.5649269831995984,1.1290100408877926,1,57,26.56145849999981,layers=rsi5 > 90 (short-term overbought) + sma20_dist_pct > 1.0 (close > 1% above 5-min SMA20) + bear_div == 1 (price at 20-bar high while RSI(14) is >5 below its 20-bar max) + time window 13:00-15:00 ET (bar close),158.0,159,False,13:15,15:54
NVDA,heat_fade_long,1,2026-07-20,2026-07-20 13:15:00-04:00,2026-07-20 13:15:00-04:00,203.23032,201.36473214285712,205.03526785714288,2026-07-20 15:55:00-04:00,203.2546715,time,0.0130529901911546,-0.5093943961746137,0.956631440951402,0,9,0.2191635000002065,heat_score=59.08,62.0,160,False,13:15,15:55
NVDL,heat_fade_long,1,2026-07-20,2026-07-20 13:15:00-04:00,2026-07-20 13:15:00-04:00,30.4680455,29.906339285714285,31.00366071428571,2026-07-20 15:55:00-04:00,30.476951,time,0.0158543732889298,-0.4950016448608645,0.929230417476752,0,65,0.5788574999998275,heat_score=60.46,62.0,160,False,13:15,15:55
NOW,exhaustion_short,-1,2026-07-20,2026-07-20 13:20:00-04:00,2026-07-20 13:20:00-04:00,104.6745305,106.1266375,103.2933625,2026-07-20 15:55:00-04:00,104.980496,time,-0.210704514199032,-0.451392011745698,0.1890566604251501,0,19,-5.813344500000255,layers=rsi5 > 90 (short-term overbought) + sma20_dist_pct > 1.0 (close > 1% above 5-min SMA20) + bear_div == 1 (price at 20-bar high while RSI(14) is >5 below its 20-bar max) + time window 13:00-15:00 ET (bar close),85.0,155,False,13:20,15:55
CIFR,exhaustion_short,-1,2026-07-20,2026-07-20 13:25:00-04:00,2026-07-20 13:25:00-04:00,20.6729315,21.26490357142857,20.10509642857143,2026-07-20 15:55:00-04:00,20.557054500000003,time,0.1957474103809573,-0.5778456729799929,0.3765912460397164,0,96,11.124191999999423,layers=rsi5 > 90 (short-term overbought) + sma20_dist_pct > 1.0 (close > 1% above 5-min SMA20) + bear_div == 1 (price at 20-bar high while RSI(14) is >5 below its 20-bar max) + time window 13:00-15:00 ET (bar close),148.0,150,False,13:25,15:55
CLSK,exhaustion_short,-1,2026-07-20,2026-07-20 13:25:00-04:00,2026-07-20 13:25:00-04:00,14.9395049,15.287592857142858,14.622407142857142,2026-07-20 15:05:00-04:00,14.622407142857142,target,0.9109702034670524,-0.517958453604313,0.9178855327904248,1,133,42.174001700000254,layers=rsi5 > 90 (short-term overbought) + sma20_dist_pct > 1.0 (close > 1% above 5-min SMA20) + bear_div == 1 (price at 20-bar high while RSI(14) is >5 below its 20-bar max) + time window 13:00-15:00 ET (bar close),99.0,100,False,13:25,15:05
IREN,exhaustion_short,-1,2026-07-20,2026-07-20 13:25:00-04:00,2026-07-20 13:25:00-04:00,40.605938,41.5867875,39.6432125,2026-07-20 15:13:00-04:00,39.6432125,target,0.9815221397370336,-0.4986106431210884,1.0765545580642155,1,49,47.173549499999886,layers=rsi5 > 90 (short-term overbought) + sma20_dist_pct > 1.0 (close > 1% above 5-min SMA20) + bear_div == 1 (price at 20-bar high while RSI(14) is >5 below its 20-bar max) + time window 13:00-15:00 ET (bar close),107.0,108,False,13:25,15:13
EQNR,exhaustion_short,-1,2026-07-20,2026-07-20 13:35:00-04:00,2026-07-20 13:35:00-04:00,37.7712215,38.0184125,37.5515875,2026-07-20 15:31:00-04:00,37.5515875,target,0.8885194040236032,-0.0759675716349029,0.915168837053102,1,52,11.42096799999996,layers=rsi5 > 90 (short-term overbought) + sma20_dist_pct > 1.0 (close > 1% above 5-min SMA20) + bear_div == 1 (price at 20-bar high while RSI(14) is >5 below its 20-bar max) + time window 13:00-15:00 ET (bar close),115.0,116,False,13:35,15:31
CBRS,exhaustion_short,-1,2026-07-20,2026-07-20 14:05:00-04:00,2026-07-20 14:05:00-04:00,179.22207500000002,184.2040232142857,174.2959767857143,2026-07-20 15:55:00-04:00,179.44794199999998,time,-0.0453370830616612,-0.5452334876165402,0.7611630705285672,0,11,-2.4845369999996194,layers=rsi5 > 90 (short-term overbought) + sma20_dist_pct > 1.0 (close > 1% above 5-min SMA20) + bear_div == 1 (price at 20-bar high while RSI(14) is >5 below its 20-bar max) + time window 13:00-15:00 ET (bar close),60.0,110,False,14:05,15:55
INFQ,exhaustion_short,-1,2026-07-20,2026-07-20 14:10:00-04:00,2026-07-20 14:10:00-04:00,9.269072,9.521430357142858,9.048569642857142,2026-07-20 15:55:00-04:00,9.1159105,time,0.6069206573305427,-0.1027427832925807,0.7852801161160502,0,215,32.9297224999999,layers=rsi5 > 90 (short-term overbought) + sma20_dist_pct > 1.0 (close > 1% above 5-min SMA20) + bear_div == 1 (price at 20-bar high while RSI(14) is >5 below its 20-bar max) + time window 13:00-15:00 ET (bar close),65.0,105,False,14:10,15:55
MSTU,exhaustion_short,-1,2026-07-20,2026-07-20 14:10:00-04:00,2026-07-20 14:10:00-04:00,20.68793,21.48089285714286,20.01910714285714,2026-07-20 14:45:00-04:00,20.01910714285714,target,0.8434479006402705,-0.267440017006741,0.8675437869545255,1,96,64.20699428571425,layers=rsi5 > 90 (short-term overbought) + sma20_dist_pct > 1.0 (close > 1% above 5-min SMA20) + bear_div == 1 (price at 20-bar high while RSI(14) is >5 below its 20-bar max) + time window 13:00-15:00 ET (bar close),34.0,35,False,14:10,14:45
CLF,exhaustion_short,-1,2026-07-20,2026-07-20 14:20:00-04:00,2026-07-20 14:20:00-04:00,9.0540935,9.173430357142855,8.946569642857144,2026-07-20 15:04:00-04:00,8.946569642857144,target,0.90101130293838,-0.2170871650238554,0.9141643463042234,0,220,23.65524857142848,layers=rsi5 > 90 (short-term overbought) + sma20_dist_pct > 1.0 (close > 1% above 5-min SMA20) + bear_div == 1 (price at 20-bar high while RSI(14) is >5 below its 20-bar max) + time window 13:00-15:00 ET (bar close),43.0,44,False,14:20,15:04
UVXY,exhaustion_short,-1,2026-07-20,2026-07-20 14:50:00-04:00,2026-07-20 14:50:00-04:00,24.6625325,24.99684642857143,24.32315357142857,2026-07-20 15:55:00-04:00,24.722471,time,-0.1792880729083795,-0.979520959235268,0.4861672999821617,0,81,-4.855018500000099,layers=rsi5 > 90 (short-term overbought) + sma20_dist_pct > 1.0 (close > 1% above 5-min SMA20) + bear_div == 1 (price at 20-bar high while RSI(14) is >5 below its 20-bar max) + time window 13:00-15:00 ET (bar close),59.0,65,False,14:50,15:55
SSPC,exhaustion_short,-1,2026-07-20,2026-07-20 15:00:00-04:00,2026-07-20 15:00:00-04:00,18.9881,19.3781125,18.5818875,2026-07-20 15:55:00-04:00,19.41005031125,stop,-1.0818891990641315,-1.0176596903945418,0.0464087689497141,0,105,-44.30478268125008,layers=rsi5 > 90 (short-term overbought) + sma20_dist_pct > 1.0 (close > 1% above 5-min SMA20) + bear_div == 1 (price at 20-bar high while RSI(14) is >5 below its 20-bar max) + time window 13:00-15:00 ET (bar close),0.0,55,False,15:00,15:55
QQQ,intraday_momentum,1,2026-07-20,2026-07-20 15:30:00-04:00,2026-07-20 15:30:00-04:00,697.789771,693.9880732142857,,2026-07-20 15:55:00-04:00,696.3403579999999,time,-0.3812541347832904,-0.4339563776477355,0.2129125053131868,0,2,-2.898826000000099,first_30m_ret=0.8327,12.0,25,False,15:30,15:55
SPY,intraday_momentum,1,2026-07-20,2026-07-20 15:30:00-04:00,2026-07-20 15:30:00-04:00,742.824274,740.8092857142857,,2026-07-20 15:55:00-04:00,742.095782,time,-0.3615365931230372,-0.528178752971113,0.255944912263982,0,2,-1.4569839999999203,first_30m_ret=0.331,12.0,25,False,15:30,15:55
ALAB,heat_fade_short,-1,2026-07-21,2026-07-21 09:50:00-04:00,2026-07-21 09:50:00-04:00,326.147381,337.0355535714286,315.9644464285714,2026-07-21 15:30:00-04:00,315.9644464285714,target,0.9352289839848232,-0.4668018408651248,0.9925798777619886,1,6,61.09760742857145,heat_score=-58.93,339.0,340,False,09:50,15:30
AMAT,heat_fade_short,-1,2026-07-21,2026-07-21 09:50:00-04:00,2026-07-21 09:50:00-04:00,561.853808,573.5875321428572,549.4224678571428,2026-07-21 15:55:00-04:00,567.236717,time,-0.4587553733549144,-0.9073156885557764,0.4809818205446299,0,3,-16.14872700000012,heat_score=-65.33,14.0,365,False,09:50,15:55
ARM,heat_fade_short,-1,2026-07-21,2026-07-21 09:50:00-04:00,2026-07-21 09:50:00-04:00,278.722124,285.2721071428571,272.24789285714286,2026-07-21 10:19:00-04:00,285.3306343535714,stop,-1.0089354750138686,-1.062273878916421,0.1010878937485609,0,7,-46.25957247499963,heat_score=-18.61,4.0,29,False,09:50,10:19
CAT,heat_fade_short,-1,2026-07-21,2026-07-21 09:50:00-04:00,2026-07-21 09:50:00-04:00,878.732117,889.8472910714286,867.8077089285714,2026-07-21 11:27:00-04:00,889.9662758005356,stop,-1.0107047112660987,-1.0137387797609003,0.2449009779340479,0,2,-22.46831760107125,heat_score=-12.23,2.0,97,False,09:50,11:27
CLS,heat_fade_short,-1,2026-07-21,2026-07-21 09:50:00-04:00,2026-07-21 09:50:00-04:00,314.738522,320.0817357142857,308.3182642857143,2026-07-21 10:36:00-04:00,320.14374388785706,stop,-1.0116050333913438,-1.2654328203123193,0.4264328776346937,0,6,-32.4313313271424,heat_score=-16.68,20.0,46,False,09:50,10:36
COHR,heat_fade_short,-1,2026-07-21,2026-07-21 09:50:00-04:00,2026-07-21 09:50:00-04:00,304.69952600000005,311.2461089285714,298.43389107142855,2026-07-21 10:46:00-04:00,311.3072335394642,stop,-1.0093368726188514,-1.0051769101221737,0.3375082885388911,0,6,-39.64624523678504,heat_score=-47.67,13.0,56,False,09:50,10:46
CRDO,heat_fade_short,-1,2026-07-21,2026-07-21 09:50:00-04:00,2026-07-21 09:50:00-04:00,219.838013,226.1208,213.5692,2026-07-21 15:55:00-04:00,223.462343,time,-0.5768666039450319,-0.843890935662785,0.5472114524971196,0,9,-32.61896999999988,heat_score=-16.89,15.0,365,False,09:50,15:55
EEM,heat_fade_short,-1,2026-07-21,2026-07-21 09:50:00-04:00,2026-07-21 09:50:00-04:00,64.933505,65.34385178571428,64.53614821428572,2026-07-21 11:22:00-04:00,65.38038617089285,stop,-1.0890329507881362,-1.0515374191341702,0.1791289771456323,0,30,-13.40643512678554,heat_score=-16.24,7.0,92,False,09:50,11:22
ETHA,heat_fade_short,-1,2026-07-21,2026-07-21 09:50:00-04:00,2026-07-21 09:50:00-04:00,43.75562300000001,44.17660714285714,43.36339285714286,2026-07-21 13:47:00-04:00,43.36339285714286,target,0.9316981399706782,-0.5804897978851515,0.987265214264965,1,45,17.6503564285715,heat_score=-17.35,236.0,237,False,09:50,13:47
ETN,heat_fade_short,-1,2026-07-21,2026-07-21 09:50:00-04:00,2026-07-21 09:50:00-04:00,406.009394,410.4043053571429,401.5756946428572,2026-07-21 15:55:00-04:00,402.510246,time,0.7961817009831463,-0.5735282910549107,0.8622230784794616,0,4,13.99659200000042,heat_score=-12.29,338.0,365,False,09:50,15:55
EWT,heat_fade_short,-1,2026-07-21,2026-07-21 09:50:00-04:00,2026-07-21 09:50:00-04:00,99.900008,100.69910714285714,99.10089285714288,2026-07-21 11:11:00-04:00,100.73917705357142,stop,-1.050143853954106,-1.0261455131439046,0.1126368371240865,0,20,-16.783381071428494,heat_score=-38.95,7.0,81,False,09:50,11:11
FCX,heat_fade_short,-1,2026-07-21,2026-07-21 09:50:00-04:00,2026-07-21 09:50:00-04:00,60.88391,61.5418375,60.2281625,2026-07-21 10:13:00-04:00,61.57799168375,stop,-1.054951622709189,-1.0884025975506446,0.2339315502088048,0,32,-22.210613879999983,heat_score=-38.17,2.0,23,False,09:50,10:13
FLEX,heat_fade_short,-1,2026-07-21,2026-07-21 09:50:00-04:00,2026-07-21 09:50:00-04:00,124.397558,126.79202142857145,122.05797857142856,2026-07-21 12:15:00-04:00,126.8347006307143,stop,-1.0178241194388702,-1.0576240045189982,0.3999050428476576,0,16,-38.99428209142866,heat_score=-40.86,20.0,145,False,09:50,12:15
GLD,heat_fade_short,-1,2026-07-21,2026-07-21 09:50:00-04:00,2026-07-21 09:50:00-04:00,371.56283900000005,373.3245392857143,369.9154607142857,2026-07-21 10:30:00-04:00,373.39187173964285,stop,-1.0382201526982464,-1.0314813562417064,0.1745694216513051,0,5,-9.145163698213992,heat_score=-22.78,2.0,40,False,09:50,10:30
GLW,heat_fade_short,-1,2026-07-21,2026-07-21 09:50:00-04:00,2026-07-21 09:50:00-04:00,157.534244,161.72049464285715,153.25750535714286,2026-07-21 10:44:00-04:00,161.76666669232142,stop,-1.0110294517465304,-1.011825703085249,0.2231696283150352,0,12,-50.789072307857055,heat_score=-15.02,13.0,54,False,09:50,10:44
GS,heat_fade_short,-1,2026-07-21,2026-07-21 09:50:00-04:00,2026-07-21 09:50:00-04:00,1068.4381445,1077.9637857142857,1059.3962142857144,2026-07-21 10:15:00-04:00,1078.1015820928571,stop,-1.014465837571629,-1.108781578311003,0.5708953736200546,0,1,-9.663437592857008,heat_score=-11.92,3.0,25,False,09:50,10:15
IEMG,heat_fade_short,-1,2026-07-21,2026-07-21 09:50:00-04:00,2026-07-21 09:50:00-04:00,78.792119,79.26546607142858,78.32953392857142,2026-07-21 11:22:00-04:00,79.30339261803572,stop,-1.0801241813806417,-1.0307045917228566,0.1946119571881548,0,25,-12.7818404508929,heat_score=-20.84,20.0,92,False,09:50,11:22
INTC,heat_fade_short,-1,2026-07-21,2026-07-21 09:50:00-04:00,2026-07-21 09:50:00-04:00,102.87971,105.0799875,100.7300125,2026-07-21 13:04:00-04:00,105.12049549875,stop,-1.0184104044830715,-1.0636340188907978,0.7543184893723656,0,19,-42.57492447625,heat_score=-43.1,20.0,194,False,09:50,13:04
KLAC,heat_fade_short,-1,2026-07-21,2026-07-21 09:50:00-04:00,2026-07-21 09:50:00-04:00,216.27836900000003,221.43563214285717,211.36436785714287,2026-07-21 15:55:00-04:00,218.371834,time,-0.405925573702678,-0.6343734863580192,0.3971814009213503,0,9,-18.84118499999957,heat_score=-46.03,20.0,365,False,09:50,15:55
KORU,heat_fade_short,-1,2026-07-21,2026-07-21 09:50:00-04:00,2026-07-21 09:50:00-04:00,20.7229265,21.898307142857146,19.598692857142854,2026-07-21 12:17:00-04:00,21.93049697357143,stop,-1.0273867286397025,-1.0269639093815752,0.2662341786056054,0,96,-115.92676546285723,heat_score=-34.31,20.0,147,False,09:50,12:17
LRCX,heat_fade_short,-1,2026-07-21,2026-07-21 09:50:00-04:00,2026-07-21 09:50:00-04:00,318.30816500000003,325.3191589285714,310.9208410714286,2026-07-21 15:55:00-04:00,322.962292,time,-0.6638326958226756,-0.866044823581412,0.7157565747632225,0,6,-27.92476199999976,heat_score=-23.77,21.0,365,False,09:50,15:55
MPWR,heat_fade_short,-1,2026-07-21,2026-07-21 09:50:00-04:00,2026-07-21 09:50:00-04:00,1375.9823870000002,1396.3540357142856,1353.6659642857144,2026-07-21 15:55:00-04:00,1387.628748,time,-0.5716945723608998,-0.9330424486787326,0.5577549053274528,0,1,-11.646360999999844,heat_score=-23.85,26.0,365,False,09:50,15:55
NVDA,heat_fade_short,-1,2026-07-21,2026-07-21 09:50:00-04:00,2026-07-21 09:50:00-04:00,206.139383,207.9688392857143,204.3311607142857,2026-07-21 10:06:00-04:00,204.3311607142857,target,0.9883932728178296,-0.3556887393709559,1.0272904658480204,1,9,16.274000571428644,heat_score=-12.59,15.0,16,False,09:50,10:06
ON,heat_fade_short,-1,2026-07-21,2026-07-21 09:50:00-04:00,2026-07-21 09:50:00-04:00,90.270971,91.75615892857142,88.75384107142857,2026-07-21 10:11:00-04:00,88.75384107142857,target,1.0215070425671582,-0.3424004398481356,1.1890555841634587,1,22,33.37685842857158,heat_score=-30.66,20.0,21,False,09:50,10:11
ORLY,heat_fade_short,-1,2026-07-21,2026-07-21 09:50:00-04:00,2026-07-21 09:50:00-04:00,88.68612949999999,89.48908214285714,88.03091785714287,2026-07-21 09:56:00-04:00,88.03091785714287,target,0.816002847348111,-0.5901599605100349,0.8295999844146538,1,22,14.414656142856757,heat_score=-22.59,5.0,6,False,09:50,09:56
QQQ,heat_fade_short,-1,2026-07-21,2026-07-21 09:50:00-04:00,2026-07-21 09:50:00-04:00,704.639528,708.2178553571428,701.1521446428571,2026-07-21 11:13:00-04:00,708.3186771426784,stop,-1.0281756741273085,-1.037292463639727,0.5140748222289384,0,2,-7.3582982853567955,heat_score=-15.76,20.0,83,False,09:50,11:13
SLV,heat_fade_short,-1,2026-07-21,2026-07-21 09:50:00-04:00,2026-07-21 09:50:00-04:00,52.804718,53.297489285714285,52.36251071428571,2026-07-21 10:19:00-04:00,53.33281903464286,stop,-1.0716960382084029,-1.0964153465574726,0.1516281531942324,0,37,-19.539738281785773,heat_score=-20.69,2.0,29,False,09:50,10:19
SMH,heat_fade_short,-1,2026-07-21,2026-07-21 09:50:00-04:00,2026-07-21 09:50:00-04:00,577.1672765000001,584.1550214285714,569.9451785714286,2026-07-21 12:23:00-04:00,584.2434369307143,stop,-1.0126529378285358,-1.0064367792311213,0.7323215933479029,0,3,-21.22848129214276,heat_score=-46.7,20.0,153,False,09:50,12:23
SOXL,heat_fade_short,-1,2026-07-21,2026-07-21 09:50:00-04:00,2026-07-21 09:50:00-04:00,153.234674,161.0669660714286,145.28303392857143,2026-07-21 15:55:00-04:00,159.455943,time,-0.7943101384963087,-0.9454864466831951,0.5572665013249316,0,13,-80.87649699999972,heat_score=-47.41,20.0,365,False,09:50,15:55
SOXX,heat_fade_short,-1,2026-07-21,2026-07-21 09:50:00-04:00,2026-07-21 09:50:00-04:00,545.7754160000001,553.6897142857143,537.5002857142857,2026-07-21 12:50:00-04:00,553.7750832571429,stop,-1.010786676006725,-1.0012996369247644,0.7107915063239737,0,3,-23.99900177142854,heat_score=-50.23,20.0,180,False,09:50,12:50
SPMO,heat_fade_short,-1,2026-07-21,2026-07-21 09:50:00-04:00,2026-07-21 09:50:00-04:00,148.095188,149.13615714285712,146.70384285714286,2026-07-21 11:14:00-04:00,149.1810707585714,stop,-1.0431459626084651,-1.0453835327080157,0.7638919995433046,0,13,-14.116475861428029,heat_score=-44.69,20.0,84,False,09:50,11:14
STM,heat_fade_short,-1,2026-07-21,2026-07-21 09:50:00-04:00,2026-07-21 09:50:00-04:00,64.59353899999999,65.58901428571428,63.59098571428572,2026-07-21 12:16:00-04:00,65.62557318714286,stop,-1.0367250718859835,-1.0261038266430331,0.5058277259376465,0,30,-30.961025614286086,heat_score=-40.87,21.0,146,False,09:50,12:16
TQQQ,heat_fade_short,-1,2026-07-21,2026-07-21 09:50:00-04:00,2026-07-21 09:50:00-04:00,70.15298299999999,71.26392857142856,69.05607142857143,2026-07-21 11:22:00-04:00,71.30105496428571,stop,-1.0334187324851618,-1.0684744874347154,0.4887575178879075,0,28,-32.14601500000015,heat_score=-13.63,20.0,92,False,09:50,11:22
TSM,heat_fade_short,-1,2026-07-21,2026-07-21 09:50:00-04:00,2026-07-21 09:50:00-04:00,417.218273,422.05875,412.22125,2026-07-21 11:26:00-04:00,422.1309558749999,stop,-1.014917099079275,-1.00852188740904,0.7557670452726116,0,4,-19.650731499999665,heat_score=-56.71,20.0,96,False,09:50,11:26
TXN,heat_fade_short,-1,2026-07-21,2026-07-21 09:50:00-04:00,2026-07-21 09:50:00-04:00,291.780818,294.96367678571426,288.0713232142857,2026-07-21 11:25:00-04:00,295.0231731533928,stop,-1.018692745008226,-1.0114121350431176,0.5375098661865715,0,6,-19.45413092035676,heat_score=-15,20.0,95,False,09:50,11:25
XLK,heat_fade_short,-1,2026-07-21,2026-07-21 09:50:00-04:00,2026-07-21 09:50:00-04:00,179.07209,180.4335714285714,177.76642857142858,2026-07-21 12:06:00-04:00,180.48161478571427,stop,-1.035287559664527,-1.0120666878620703,0.662579731951666,0,11,-15.504772642856947,heat_score=-23.66,20.0,136,False,09:50,12:06
EFX,orb20_a,1,2026-07-21,2026-07-21 09:50:00-04:00,2026-07-21 09:51:00-04:00,169.186916,162.08499999999998,179.7725,2026-07-21 15:50:00-04:00,171.74282300000002,time,0.3598897818560531,-0.4276192509176373,0.4425684561743631,0,11,28.11497700000021,rv20=20.55;or_width=14.15,321.0,359,True,09:51,15:50
MMM,orb20_a,1,2026-07-21,2026-07-21 09:50:00-04:00,2026-07-21 09:51:00-04:00,174.09240649999998,171.5375,177.85625,2026-07-21 13:04:00-04:00,171.49034625,stop,-1.018456154853419,-1.0107636032864622,0.8092638615150988,0,11,-28.62266274999993,rv20=13.34;or_width=5.055,21.0,193,True,09:51,13:04
DHR,orb20_a,1,2026-07-21,2026-07-21 09:50:00-04:00,2026-07-21 09:52:00-04:00,174.53745099999998,170.135,181.0725,2026-07-21 15:50:00-04:00,176.52234500000003,time,0.4508611225883174,-0.6717510314140915,1.0727090432125266,1,11,21.833834000000596,rv20=21.13;or_width=8.75,231.0,358,False,09:52,15:50
TMO,orb20_a,1,2026-07-21,2026-07-21 09:50:00-04:00,2026-07-21 09:52:00-04:00,515.8915830000001,505.44000000000005,531.4150000000001,2026-07-21 15:50:00-04:00,520.997894,time,0.4885681910577448,-0.4412329692066836,1.003524250824003,1,3,15.318932999999674,rv20=4.369;or_width=20.78,262.0,358,False,09:52,15:50
GM,orb20_a,1,2026-07-21,2026-07-21 09:50:00-04:00,2026-07-21 09:54:00-04:00,78.72497071000002,76.75855000000001,81.62992500000001,2026-07-21 15:50:00-04:00,79.89200899999999,time,0.5934835226587704,-0.43478524491334,0.699254886305569,0,25,29.17595724999913,rv20=5.62;or_width=3.897,179.0,356,False,09:54,15:50
HAS,orb20_a,1,2026-07-21,2026-07-21 09:50:00-04:00,2026-07-21 09:54:00-04:00,92.629261,88.265,99.1275,2026-07-21 10:58:00-04:00,88.2261735,stop,-1.0088964660912807,-1.085925200165618,0.0964055541132846,0,21,-92.46483749999996,rv20=19;or_width=8.69,0.0,64,False,09:54,10:58
ASML,heat_fade_short,-1,2026-07-21,2026-07-21 09:55:00-04:00,2026-07-21 09:55:00-04:00,1799.290052,1822.0026767857144,1777.0973232142856,2026-07-21 12:23:00-04:00,1822.214877053393,stop,-1.009342833322022,-1.0553579001171394,0.6053924691543601,0,1,-22.92482505339285,heat_score=-54.74,14.0,148,False,09:55,12:23
ASX,heat_fade_short,-1,2026-07-21,2026-07-21 09:55:00-04:00,2026-07-21 09:55:00-04:00,39.546044,40.262230357142855,38.83776964285714,2026-07-21 11:27:00-04:00,40.29625658017857,stop,-1.0475102921137185,-1.0525975431973116,0.5111016097266846,0,50,-37.51062900892848,heat_score=-34.52,15.0,92,False,09:55,11:27
EWY,heat_fade_short,-1,2026-07-21,2026-07-21 09:55:00-04:00,2026-07-21 09:55:00-04:00,169.633034,172.26160714285714,167.04839285714286,2026-07-21 11:13:00-04:00,172.30883330357142,stop,-1.0179664624675202,-1.0146059687352416,0.2788714485621009,0,11,-29.433792339285503,heat_score=-36.01,15.0,78,False,09:55,11:13
GE,heat_fade_short,-1,2026-07-21,2026-07-21 09:55:00-04:00,2026-07-21 09:55:00-04:00,342.95570000000004,345.7041053571429,340.49589464285714,2026-07-21 14:15:00-04:00,340.49589464285714,target,0.8949936554118819,-0.8893156876032492,0.9498962710194918,0,5,12.299026785714489,heat_score=-13.17,259.0,260,False,09:55,14:15
QQQM,heat_fade_short,-1,2026-07-21,2026-07-21 09:55:00-04:00,2026-07-21 09:55:00-04:00,290.02099400000003,291.6402196428571,288.7397803571429,2026-07-21 11:13:00-04:00,291.69938366482137,stop,-1.0365384665350632,-1.0060401446740932,0.3773371566188387,0,6,-10.070337988928031,heat_score=-20.36,15.0,78,False,09:55,11:13
DAL,heat_fade_short,-1,2026-07-21,2026-07-21 10:00:00-04:00,2026-07-21 10:00:00-04:00,84.97150099999999,85.68349642857143,84.29650357142856,2026-07-21 10:22:00-04:00,84.29650357142856,target,0.948036183217855,-0.0259819083910725,1.0344181583830063,1,23,15.524940857142894,heat_score=-16.93,21.0,22,False,10:00,10:22
AXTI,heat_fade_short,-1,2026-07-21,2026-07-21 10:05:00-04:00,2026-07-21 10:05:00-04:00,52.1297855,54.19017142857143,50.099828571428574,2026-07-21 11:02:00-04:00,54.22559044571429,stop,-1.0171904771099922,-1.1552275071351898,0.3544896564627667,0,38,-79.64058793714283,heat_score=-36.04,4.0,57,False,10:05,11:02
DRAM,heat_fade_short,-1,2026-07-21,2026-07-21 10:05:00-04:00,2026-07-21 10:05:00-04:00,56.934305,58.23667321428572,55.66332678571429,2026-07-21 11:09:00-04:00,58.27249688160715,stop,-1.0275065583822454,-1.0102327326236176,0.3718648802140928,0,35,-46.83671585625007,heat_score=-43.15,5.0,64,False,10:05,11:09
MRVL,heat_fade_short,-1,2026-07-21,2026-07-21 10:05:00-04:00,2026-07-21 10:05:00-04:00,204.4945475,209.5548535714286,199.54514642857143,2026-07-21 11:27:00-04:00,209.60580905678572,stop,-1.010069644926194,-1.0642543008232717,0.3269658942849099,0,9,-46.00135401107161,heat_score=-12.77,6.0,82,False,10:05,11:27
MU,heat_fade_short,-1,2026-07-21,2026-07-21 10:05:00-04:00,2026-07-21 10:05:00-04:00,924.29756,943.4066928571428,905.5933071428572,2026-07-21 10:55:00-04:00,943.5310335264284,stop,-1.006506871359113,-1.0273799521290974,0.4043856965027839,0,2,-38.466947052857,heat_score=-33.23,10.0,50,False,10:05,10:55
MULL,heat_fade_short,-1,2026-07-21,2026-07-21 10:05:00-04:00,2026-07-21 10:05:00-04:00,22.347764,23.381151785714284,21.378848214285718,2026-07-21 10:57:00-04:00,23.413489900892856,stop,-1.031293301145629,-1.0666237933498768,0.3026588898414479,0,89,-94.84960517946432,heat_score=-22.12,10.0,52,False,10:05,10:57
MUU,heat_fade_short,-1,2026-07-21,2026-07-21 10:05:00-04:00,2026-07-21 10:05:00-04:00,32.126786,33.58378571428571,30.713214285714283,2026-07-21 10:57:00-04:00,33.61714409285714,stop,-1.0228952540239735,-1.045445640836484,0.3615553214149101,0,62,-92.40220175714242,heat_score=-20.12,11.0,52,False,10:05,10:57
RAM,heat_fade_short,-1,2026-07-21,2026-07-21 10:05:00-04:00,2026-07-21 10:05:00-04:00,14.1165872,14.855683928571429,13.384316071428572,2026-07-21 12:05:00-04:00,14.887169496964283,stop,-1.0426000646136178,-1.039664728979706,0.3065731334489345,0,141,-108.65210387196396,heat_score=-30.49,5.0,120,False,10:05,12:05
SNDK,heat_fade_short,-1,2026-07-21,2026-07-21 10:05:00-04:00,2026-07-21 10:05:00-04:00,1511.928791,1564.9036999999998,1458.7563,2026-07-21 12:17:00-04:00,1565.0901903699998,stop,-1.0035203528145749,-1.0575045820276956,0.4139467422209282,0,1,-53.1613993699998,heat_score=-41.15,10.0,132,False,10:05,12:17
SNDU,heat_fade_short,-1,2026-07-21,2026-07-21 10:05:00-04:00,2026-07-21 10:05:00-04:00,25.9624025,28.42085357142857,23.61914642857143,2026-07-21 15:55:00-04:00,28.45369565678571,stop,-1.013358852546965,-1.0158825323087444,0.2856686912186137,0,77,-191.82957307249984,heat_score=-41.45,10.0,350,False,10:05,15:55
STX,heat_fade_short,-1,2026-07-21,2026-07-21 10:05:00-04:00,2026-07-21 10:05:00-04:00,862.8737030000001,882.2727660714286,843.9872339285714,2026-07-21 11:06:00-04:00,882.3909933480356,stop,-1.0060944838506756,-1.0251163639593,0.4053650926874914,0,2,-39.03458069607109,heat_score=-54.41,4.0,61,False,10:05,11:06
NEM,heat_fade_short,-1,2026-07-21,2026-07-21 10:10:00-04:00,2026-07-21 10:10:00-04:00,91.360862,92.22774821428573,90.59225178571428,2026-07-21 10:53:00-04:00,92.26697098910714,stop,-1.0452455860700745,-1.0025975562619234,0.0,0,21,-19.02828877124992,heat_score=-19.25,0.0,43,False,10:10,10:53
SNXX,heat_fade_short,-1,2026-07-21,2026-07-21 10:10:00-04:00,2026-07-21 10:10:00-04:00,16.0333955,17.549469642857144,14.54053035714286,2026-07-21 12:24:00-04:00,17.58122458982143,stop,-1.0209455105569198,-1.0003498226952523,0.101179418383138,0,124,-191.93080713785736,heat_score=-12.22,5.0,134,False,10:10,12:24
USO,heat_fade_short,-1,2026-07-21,2026-07-21 10:10:00-04:00,2026-07-21 10:10:00-04:00,128.56724099000002,129.58615892857142,127.53384107142855,2026-07-21 11:21:00-04:00,127.53384107142855,target,1.0142130974947272,-0.817297427472497,1.0474258520724082,1,15,15.500998778571711,heat_score=-14.25,70.0,71,False,10:10,11:21
WDC,heat_fade_short,-1,2026-07-21,2026-07-21 10:10:00-04:00,2026-07-21 10:10:00-04:00,526.83731,539.4448839285715,513.8151160714285,2026-07-21 10:32:00-04:00,539.5288284169643,stop,-1.0066582586680373,-1.079723194733823,0.0093047243398767,0,3,-38.0745552508929,heat_score=-34.07,0.0,22,False,10:10,10:32
SPY,heat_fade_short,-1,2026-07-21,2026-07-21 10:15:00-04:00,2026-07-21 10:15:00-04:00,745.635428,747.5719589285715,743.9180410714285,2026-07-21 11:22:00-04:00,747.6767161244643,stop,-1.0540952867559463,-1.2107072318899494,0.4365682920560213,0,2,-4.08257624892849,heat_score=-18.22,1.0,67,False,10:15,11:22
VRT,heat_fade_short,-1,2026-07-21,2026-07-21 10:15:00-04:00,2026-07-21 10:15:00-04:00,300.099986,305.30857321428573,294.9014267857143,2026-07-21 12:07:00-04:00,305.3691040716071,stop,-1.011621358120946,-1.029072525712717,0.5356512016056545,0,6,-31.614708429642747,heat_score=-16.43,6.0,112,False,10:15,12:07
MGY,orb20_a,1,2026-07-21,2026-07-21 09:50:00-04:00,2026-07-21 10:18:00-04:00,24.682467000000003,24.37,25.120000000000005,2026-07-21 15:05:00-04:00,25.120000000000005,target,1.4002534667660895,-0.631961135095873,1.4482585361014015,1,81,35.44017300000016,rv20=64.74;or_width=0.6,286.0,287,False,10:18,15:05
PANW,heat_fade_long,1,2026-07-21,2026-07-21 11:05:00-04:00,2026-07-21 11:05:00-04:00,335.263522,330.6069392857143,339.96306071428575,2026-07-21 11:51:00-04:00,339.96306071428575,target,1.0092247905031777,-0.2648985480738448,1.017157493083748,1,5,23.497693571428613,heat_score=60.98,45.0,46,False,11:05,11:51
CVX,heat_fade_short,-1,2026-07-22,2026-07-22 09:50:00-04:00,2026-07-22 09:50:00-04:00,192.640733,193.61615357142855,191.79384642857144,2026-07-22 15:55:00-04:00,192.659263,time,-0.0189969337768132,-0.8245335638370598,0.7183906312061281,0,10,-0.1852999999996996,heat_score=-18.54,121.0,365,False,09:50,15:55
FTAI,heat_fade_short,-1,2026-07-22,2026-07-22 09:50:00-04:00,2026-07-22 09:50:00-04:00,225.347462,229.32785714285717,221.43214285714285,2026-07-22 10:03:00-04:00,221.43214285714285,target,0.9836508694075872,-0.1262532944503757,1.0444847435462845,1,8,31.32255314285726,heat_score=-45.37,12.0,13,False,09:50,10:03
JNJ,heat_fade_short,-1,2026-07-22,2026-07-22 09:50:00-04:00,2026-07-22 09:50:00-04:00,252.714725,254.28706607142857,251.0529339285714,2026-07-22 10:20:00-04:00,254.3424947780357,stop,-1.0352523429008766,-1.033665678225489,0.4418411581456761,0,7,-11.394388446249792,heat_score=-38.95,9.0,30,False,09:50,10:20
OXY,heat_fade_short,-1,2026-07-22,2026-07-22 09:50:00-04:00,2026-07-22 09:50:00-04:00,57.404258000000006,57.83466607142857,57.03533392857143,2026-07-22 15:55:00-04:00,57.485747,time,-0.1893296278797019,-0.9659251942467216,0.7301396531829657,0,34,-2.7706259999996803,heat_score=-13.44,122.0,365,False,09:50,15:55
VLO,heat_fade_short,-1,2026-07-22,2026-07-22 09:50:00-04:00,2026-07-22 09:50:00-04:00,318.42815300000007,321.6129285714286,316.3376714285714,2026-07-22 09:54:00-04:00,316.3376714285714,target,0.6563983943430489,-0.0131397013891283,0.6996263786966436,1,6,12.542889428571923,heat_score=-48.29,3.0,4,False,09:50,09:54
XOM,heat_fade_short,-1,2026-07-22,2026-07-22 09:50:00-04:00,2026-07-22 09:50:00-04:00,153.67463,154.51051785714284,152.88948214285713,2026-07-22 10:56:00-04:00,154.55596890892855,stop,-1.054374580749458,-1.0352704523761376,0.3764021660458576,0,13,-11.45740581607103,heat_score=-34.28,5.0,66,False,09:50,10:56
SMCI,orb20_a,1,2026-07-22,2026-07-22 09:50:00-04:00,2026-07-22 09:51:00-04:00,31.053104000000005,29.775,32.9375,2026-07-22 15:50:00-04:00,30.78692,time,-0.2082647421493131,-0.6127075730926462,0.9633770021844784,0,64,-17.035776000000396,rv20=7.998;or_width=2.53,148.0,359,False,09:51,15:50
ARWR,orb20_a,1,2026-07-22,2026-07-22 09:50:00-04:00,2026-07-22 09:52:00-04:00,90.649063,87.49000000000001,95.34,2026-07-22 10:16:00-04:00,95.34,target,1.4849140393844589,-0.493520705348392,1.532364818302132,1,22,103.2006139999998,rv20=8.444;or_width=6.28,23.0,24,True,09:52,10:16
CB,orb20_a,-1,2026-07-22,2026-07-22 09:50:00-04:00,2026-07-22 09:54:00-04:00,341.04589100000004,345.52500000000003,334.4375,2026-07-22 15:50:00-04:00,342.5392495,time,-0.3334052598407283,-0.7577643232169528,0.6688586948877628,0,5,-7.466792499999713,rv20=6.885;or_width=8.87,223.0,356,True,09:54,15:50
CBRS,orb20_a,1,2026-07-22,2026-07-22 09:50:00-04:00,2026-07-22 09:55:00-04:00,239.93399,221.8,267.04999999999995,2026-07-22 10:14:00-04:00,221.74782,stop,-1.0028774693269376,-1.082717592763643,0.2242203729019392,0,8,-145.4893599999998,rv20=3.529;or_width=36.2,5.0,19,False,09:55,10:14
TEL,orb20_a,-1,2026-07-22,2026-07-22 09:50:00-04:00,2026-07-22 09:55:00-04:00,193.26067100000003,197.14,187.51500000000004,2026-07-22 10:38:00-04:00,197.189714,stop,-1.0128151028180374,-1.0309331845790797,0.6313388217395445,0,10,-39.29042999999979,rv20=10.44;or_width=7.7,19.0,43,True,09:55,10:38
RDDT,orb20_a,-1,2026-07-22,2026-07-22 09:50:00-04:00,2026-07-22 09:56:00-04:00,166.46335100000002,170.24,160.865,2026-07-22 10:07:00-04:00,170.287024,stop,-1.0124512497719522,-1.068764664124196,0.1226883938645127,0,12,-45.88407599999982,rv20=4.613;or_width=7.5,0.0,11,True,09:56,10:07
SHW,orb20_a,1,2026-07-22,2026-07-22 09:50:00-04:00,2026-07-22 09:57:00-04:00,322.6172575,320.4525,325.75875,2026-07-22 10:29:00-04:00,320.39045475,stop,-1.028661524443261,-1.0034645912994842,0.0817377928012698,0,6,-13.360816499999942,rv20=4.225;or_width=4.245,0.0,32,True,09:57,10:29
INTU,heat_fade_short,-1,2026-07-22,2026-07-22 10:00:00-04:00,2026-07-22 10:00:00-04:00,293.64063200000004,297.39553571428576,290.3044642857143,2026-07-22 10:30:00-04:00,290.3044642857143,target,0.8884828928084453,-0.7455232445374362,1.0441364941220126,1,6,20.0170062857145,heat_score=-38.87,29.0,30,False,10:00,10:30
PCVX,orb20_a,-1,2026-07-22,2026-07-22 09:50:00-04:00,2026-07-22 10:04:00-04:00,57.634235,58.11,56.96,2026-07-22 10:13:00-04:00,58.145811,stop,-1.0752703540613595,-1.2312065830819847,0.1770516956901149,0,34,-17.393583999999933,rv20=4.213;or_width=0.92,0.0,9,False,10:04,10:13
APP,heat_fade_short,-1,2026-07-22,2026-07-22 10:30:00-04:00,2026-07-22 10:30:00-04:00,416.608334,424.6678785714286,408.6521214285714,2026-07-22 15:55:00-04:00,412.671262,time,0.4884980739429214,-0.2955087572122988,0.721906051692534,0,4,15.748288000000002,heat_score=-13.22,205.0,325,False,10:30,15:55
SOXS,heat_fade_long,1,2026-07-22,2026-07-22 11:05:00-04:00,2026-07-22 11:05:00-04:00,44.06280484,42.13397142857143,45.911028571428574,2026-07-22 15:55:00-04:00,44.205578,time,0.0740204722471397,-0.4887953694776172,0.0970509733452603,0,45,6.424792200000198,heat_score=60.25,289.0,290,False,11:05,15:55
INTU,heat_fade_long,1,2026-07-22,2026-07-22 11:15:00-04:00,2026-07-22 11:15:00-04:00,288.0388,284.47946428571424,291.5705357142857,2026-07-22 14:39:00-04:00,284.4210163392857,stop,-1.0164210265960465,-1.0223255944628455,0.6184300039935261,0,6,-21.706701964285685,heat_score=68.09,16.0,204,False,11:15,14:39
META,heat_fade_long,1,2026-07-22,2026-07-22 11:15:00-04:00,2026-07-22 11:15:00-04:00,628.1428070000001,620.5728767857142,635.7471232142857,2026-07-22 15:55:00-04:00,626.0573870000001,time,-0.2754873480952885,-0.5472714916422664,0.3721557425567048,0,3,-6.2562599999999975,heat_score=64.58,30.0,280,False,11:15,15:55
TMUS,heat_fade_long,1,2026-07-22,2026-07-22 11:20:00-04:00,2026-07-22 11:20:00-04:00,190.669064,189.21659107142852,192.06340892857145,2026-07-22 14:24:00-04:00,192.06340892857145,target,0.9599799770057498,-0.7497998610350054,0.9714026142902265,0,10,13.943449285714564,heat_score=57.61,183.0,184,False,11:20,14:24
VLO,heat_fade_long,1,2026-07-22,2026-07-22 11:40:00-04:00,2026-07-22 11:40:00-04:00,309.710967,307.1223714285714,312.3976285714286,2026-07-22 12:05:00-04:00,312.3976285714286,target,1.0378838630037124,-0.5605228626730738,1.0735678569002358,1,6,16.119969428571608,heat_score=65.31,24.0,25,False,11:40,12:05
SNDQ,heat_fade_long,1,2026-07-22,2026-07-22 12:15:00-04:00,2026-07-22 12:15:00-04:00,27.782777,25.93615714285714,29.555442857142857,2026-07-22 15:55:00-04:00,28.177181,time,0.2135815871763852,-0.3155912126395569,0.6212014863605231,0,71,28.00268400000011,heat_score=61.73,136.0,220,False,12:15,15:55
ISRG,heat_fade_long,1,2026-07-22,2026-07-22 12:25:00-04:00,2026-07-22 12:25:00-04:00,341.904186,337.1721446428572,346.54785535714285,2026-07-22 15:55:00-04:00,341.085887,time,-0.1729272713909784,-0.2502484468383774,0.4872768063447871,0,5,-4.091494999999839,heat_score=58.3,113.0,210,False,12:25,15:55
SAP,heat_fade_long,1,2026-07-22,2026-07-22 12:35:00-04:00,2026-07-22 12:35:00-04:00,149.44494199999997,148.14148928571427,150.7585107142857,2026-07-22 13:37:00-04:00,148.0966751367857,stop,-1.0343811082959955,-1.0778618852851112,0.0,0,13,-17.527469221785424,heat_score=64.51,0.0,62,False,12:35,13:37
SPCH,heat_fade_long,1,2026-07-22,2026-07-22 12:35:00-04:00,2026-07-22 12:35:00-04:00,7.490647989999999,7.1379214285714285,7.802078571428571,2026-07-22 13:53:00-04:00,7.107207636428571,stop,-1.087075359503589,-1.0649835625607402,0.0,0,266,-101.99513404999996,heat_score=62.91,0.0,78,False,12:35,13:53
SNDU,exhaustion_short,-1,2026-07-22,2026-07-22 13:15:00-04:00,2026-07-22 13:15:00-04:00,29.257073,31.544425,26.955575,2026-07-22 15:55:00-04:00,28.772876000000004,time,0.2116845155446098,-0.222058957257126,0.5198032484724677,0,68,32.92539599999964,layers=rsi5 > 90 (short-term overbought) + sma20_dist_pct > 1.0 (close > 1% above 5-min SMA20) + bear_div == 1 (price at 20-bar high while RSI(14) is >5 below its 20-bar max) + time window 13:00-15:00 ET (bar close),76.0,160,False,13:15,15:55
SNXX,exhaustion_short,-1,2026-07-22,2026-07-22 13:15:00-04:00,2026-07-22 13:15:00-04:00,18.3931595,19.83903392857143,16.96116607142857,2026-07-22 15:55:00-04:00,18.146813500000004,time,0.1703785578692289,-0.2398828647538145,0.527818657636837,0,108,26.605367999999515,layers=rsi5 > 90 (short-term overbought) + sma20_dist_pct > 1.0 (close > 1% above 5-min SMA20) + bear_div == 1 (price at 20-bar high while RSI(14) is >5 below its 20-bar max) + time window 13:00-15:00 ET (bar close),76.0,160,False,13:15,15:55
WDAY,heat_fade_long,1,2026-07-22,2026-07-22 13:20:00-04:00,2026-07-22 13:20:00-04:00,133.36833449999995,131.3143767857143,135.3656232142857,2026-07-22 15:55:00-04:00,132.446753,time,-0.4486857220040102,-0.7002746405128369,0.2405918566692099,0,14,-12.90214099999963,heat_score=70.39,115.0,155,False,13:20,15:55
ARWR,exhaustion_short,-1,2026-07-22,2026-07-22 13:25:00-04:00,2026-07-22 13:25:00-04:00,92.42155592,93.39077678571428,91.36922321428573,2026-07-22 14:12:00-04:00,91.36922321428573,target,1.0857511873093395,-0.6587188767644786,1.1159024307662897,1,21,22.09898681999984,layers=rsi5 > 90 (short-term overbought) + sma20_dist_pct > 1.0 (close > 1% above 5-min SMA20) + bear_div == 1 (price at 20-bar high while RSI(14) is >5 below its 20-bar max) + time window 13:00-15:00 ET (bar close),46.0,47,False,13:25,14:12
MUU,exhaustion_short,-1,2026-07-22,2026-07-22 13:25:00-04:00,2026-07-22 13:25:00-04:00,35.866412000000004,37.396553571428576,34.39344642857143,2026-07-22 15:55:00-04:00,35.023501,time,0.5508712499151621,-0.0273752447369203,0.8014369538728998,0,55,46.36010500000044,layers=rsi5 > 90 (short-term overbought) + sma20_dist_pct > 1.0 (close > 1% above 5-min SMA20) + bear_div == 1 (price at 20-bar high while RSI(14) is >5 below its 20-bar max) + time window 13:00-15:00 ET (bar close),70.0,150,False,13:25,15:55
SNDK,exhaustion_short,-1,2026-07-22,2026-07-22 13:25:00-04:00,2026-07-22 13:25:00-04:00,1625.8274,1678.24315,1572.96685,2026-07-22 15:55:00-04:00,1601.510134,time,0.4639305170678717,-0.0490806675474446,0.873351998206651,0,1,24.317266000000245,layers=rsi5 > 90 (short-term overbought) + sma20_dist_pct > 1.0 (close > 1% above 5-min SMA20) + bear_div == 1 (price at 20-bar high while RSI(14) is >5 below its 20-bar max) + time window 13:00-15:00 ET (bar close),66.0,150,False,13:25,15:55
DIA,intraday_momentum,1,2026-07-22,2026-07-22 15:30:00-04:00,2026-07-22 15:30:00-04:00,521.642158,520.2634821428571,,2026-07-22 15:55:00-04:00,521.5178420000001,time,-0.090170578788213,-0.1901520206085926,0.1580081343061081,0,3,-0.3729479999997238,first_30m_ret=0.4046,15.0,25,False,15:30,15:55
SQQQ,heat_fade_short,-1,2026-07-23,2026-07-23 09:50:00-04:00,2026-07-23 09:50:00-04:00,42.625736,43.19888392857143,42.051116071428574,2026-07-23 10:44:00-04:00,43.23320381696429,stop,-1.059879634352689,-1.001947265920263,0.5334329668817843,0,46,-27.94351958035692,heat_score=-33.62,5.0,54,False,09:50,10:44
UVXY,heat_fade_short,-1,2026-07-23,2026-07-23 09:50:00-04:00,2026-07-23 09:50:00-04:00,25.607438,25.95500892857143,25.28499107142857,2026-07-23 10:52:00-04:00,25.987604429464287,stop,-1.093780860864368,-1.2589142647759626,0.625593172863162,0,78,-29.652981498214544,heat_score=-15.2,40.0,62,False,09:50,10:52
NOW,heat_fade_short,-1,2026-07-23,2026-07-23 09:55:00-04:00,2026-07-23 09:55:00-04:00,97.620236,99.10842321428572,96.18157678571428,2026-07-23 10:32:00-04:00,96.18157678571428,target,0.966719241017145,-0.2074765842872853,1.0013766989089898,1,20,28.773184285714137,heat_score=-23.63,36.0,37,False,09:55,10:32
ROL,orb20_a,1,2026-07-23,2026-07-23 09:50:00-04:00,2026-07-23 09:56:00-04:00,38.643863,37.61375,40.154375,2026-07-23 15:50:00-04:00,39.11608700000001,time,0.4584196102757768,-0.2804187501759508,1.112632303446324,1,51,24.083424000000576,rv20=10.72;or_width=2.032,66.0,354,True,09:56,15:50
LNG,heat_fade_short,-1,2026-07-23,2026-07-23 10:00:00-04:00,2026-07-23 10:00:00-04:00,270.03299300000003,272.25687500000004,268.568125,2026-07-23 10:07:00-04:00,272.3141006875,stop,-1.0257323398903202,-1.064358180874678,0.0867820324999518,0,7,-15.96775381249978,heat_score=-17.32,0.0,7,False,10:00,10:07
SNDQ,heat_fade_short,-1,2026-07-23,2026-07-23 10:00:00-04:00,2026-07-23 10:00:00-04:00,28.007198,29.872035714285715,26.270964285714285,2026-07-23 12:03:00-04:00,26.270964285714285,target,0.9310374307561332,-0.0229521312616718,1.1685188385599836,1,71,123.27259371428566,heat_score=-16.18,122.0,123,False,10:00,12:03
TMO,heat_fade_short,-1,2026-07-23,2026-07-23 10:10:00-04:00,2026-07-23 10:10:00-04:00,572.052788,575.8060571428571,568.8039428571428,2026-07-23 10:40:00-04:00,575.8936377485713,stop,-1.0233344858524045,-1.0490087041833922,0.440359573771955,0,3,-11.522549245714115,heat_score=-22.55,16.0,30,False,10:10,10:40
UNP,heat_fade_short,-1,2026-07-23,2026-07-23 10:10:00-04:00,2026-07-23 10:10:00-04:00,309.9140045,311.02964107142856,308.46035892857145,2026-07-23 10:14:00-04:00,308.46035892857145,target,1.3029741124093124,-0.2473883584208856,1.527383149351231,1,6,8.721873428571143,heat_score=-17.89,3.0,4,False,10:10,10:14
DUK,heat_fade_short,-1,2026-07-23,2026-07-23 10:15:00-04:00,2026-07-23 10:15:00-04:00,128.57214050000002,129.25268571428572,127.93731428571428,2026-07-23 10:55:00-04:00,129.29561098285714,stop,-1.063074822466392,-1.084218189344614,0.1794744822770186,0,15,-10.852057242856858,heat_score=-16.54,15.0,40,False,10:15,10:55
GGLL,orb20_a,-1,2026-07-23,2026-07-23 09:50:00-04:00,2026-07-23 10:23:00-04:00,88.72112599999998,90.5943,85.95854999999999,2026-07-23 12:19:00-04:00,90.63335943,stop,-1.0208520030707209,-1.029735625200863,1.0362763950385612,1,22,-42.069135460000325,rv20=7.978;or_width=3.709,52.0,116,True,10:23,12:19
GOOGM,orb20_a,-1,2026-07-23,2026-07-23 09:50:00-04:00,2026-07-23 10:27:00-04:00,46.43535500000001,46.715,46.0525,2026-07-23 11:55:00-04:00,46.749671500000005,stop,-1.123983979688542,-1.0536394357131138,0.6989397271541175,0,43,-13.51560949999986,rv20=9.842;or_width=0.53,49.0,88,True,10:27,11:55
MTDR,orb20_a,-1,2026-07-23,2026-07-23 09:50:00-04:00,2026-07-23 10:38:00-04:00,53.5596425,54.88250000000001,51.61375,2026-07-23 15:47:00-04:00,51.61375,target,1.470976654703921,-0.1287799328347866,1.473811427156739,1,37,71.99802249999998,rv20=6.344;or_width=2.615,308.0,309,False,10:38,15:47
ADBE,heat_fade_long,1,2026-07-23,2026-07-23 11:05:00-04:00,2026-07-23 11:05:00-04:00,214.141411,211.63453571428573,216.5854642857143,2026-07-23 15:37:00-04:00,211.5833722607143,stop,-1.0204092536485538,-1.0496776664541003,0.0632616233060115,0,9,-23.02234865357136,heat_score=66.68,1.0,272,False,11:05,15:37
APP,heat_fade_long,1,2026-07-23,2026-07-23 11:05:00-04:00,2026-07-23 11:05:00-04:00,398.639859,391.2698,405.9102,2026-07-23 15:55:00-04:00,397.8352115,time,-0.1091778912488941,-0.290344894118209,0.4396221251417512,0,5,-4.023237499999652,heat_score=70.43,117.0,290,False,11:05,15:55
CRM,heat_fade_long,1,2026-07-23,2026-07-23 11:05:00-04:00,2026-07-23 11:05:00-04:00,155.585556,153.8005982142857,157.3194017857143,2026-07-23 12:03:00-04:00,157.3194017857143,target,0.9713651491317842,-0.2468159210968062,1.0725430121216584,1,12,20.80614942857153,heat_score=69.6,57.0,58,False,11:05,12:03
FIG,heat_fade_long,1,2026-07-23,2026-07-23 11:05:00-04:00,2026-07-23 11:05:00-04:00,20.182017,19.67343035714286,20.666569642857144,2026-07-23 15:55:00-04:00,19.948004,time,-0.460124156398132,-0.5545112203806327,0.1926574387592042,0,99,-23.16728700000009,heat_score=63.6,58.0,290,False,11:05,15:55
IGV,heat_fade_long,1,2026-07-23,2026-07-23 11:05:00-04:00,2026-07-23 11:05:00-04:00,87.108709,86.42321428571428,87.73678571428572,2026-07-23 15:55:00-04:00,87.04629349999999,time,-0.0910517596989066,-0.4795208382350747,0.5416394791415414,0,22,-1.3731410000003166,heat_score=58.69,119.0,290,False,11:05,15:55
NOW,heat_fade_long,1,2026-07-23,2026-07-23 11:05:00-04:00,2026-07-23 11:05:00-04:00,94.569455,93.0915767857143,96.01842321428572,2026-07-23 14:52:00-04:00,93.05226762803572,stop,-1.0265983741411149,-1.0551985846504397,0.4807872483210113,0,21,-31.860934811249948,heat_score=59.2,110.0,227,False,11:05,14:52
PLTR,heat_fade_long,1,2026-07-23,2026-07-23 11:05:00-04:00,2026-07-23 11:05:00-04:00,121.302128,119.56305535714286,122.99674464285714,2026-07-23 15:55:00-04:00,122.867711,time,0.9002401403013655,-0.3289845322735037,0.9475578876870118,0,16,25.049327999999832,heat_score=65.34,289.0,290,False,11:05,15:55
RDDT,heat_fade_long,1,2026-07-23,2026-07-23 11:05:00-04:00,2026-07-23 11:05:00-04:00,168.9518925,165.7781607142857,172.06183928571429,2026-07-23 11:59:00-04:00,172.06183928571429,target,0.979902208407414,-0.0258032201613966,1.492913648635107,1,11,34.209414642856984,heat_score=84.45,53.0,54,False,11:05,11:59
SAP,heat_fade_long,1,2026-07-23,2026-07-23 11:05:00-04:00,2026-07-23 11:05:00-04:00,145.384536,143.9889,146.6511,2026-07-23 12:22:00-04:00,146.6511,target,0.9075174329123008,-0.2970230059986983,0.9855463745561148,1,13,16.465331999999847,heat_score=61.15,76.0,77,False,11:05,12:22
TEAM,heat_fade_long,1,2026-07-23,2026-07-23 11:05:00-04:00,2026-07-23 11:05:00-04:00,81.2631245,79.73839285714286,82.94160714285715,2026-07-23 15:55:00-04:00,80.441954,time,-0.5385672317137996,-0.6382267361989609,0.8833524943944412,0,24,-19.708092000000192,heat_score=69.52,80.0,290,False,11:05,15:55
LITE,heat_fade_long,1,2026-07-23,2026-07-23 11:10:00-04:00,2026-07-23 11:10:00-04:00,837.9337840000001,821.0907607142857,854.4092392857143,2026-07-23 12:39:00-04:00,854.4092392857143,target,0.9781768395278608,-0.8266736775107145,1.0019707099920518,1,2,32.950910571428494,heat_score=66.71,88.0,89,False,11:10,12:39
ZETA,heat_fade_long,1,2026-07-23,2026-07-23 11:15:00-04:00,2026-07-23 11:15:00-04:00,19.301929,18.93891964285714,19.641280357142858,2026-07-23 15:55:00-04:00,19.2030785,time,-0.2723084076345139,-0.404752651987912,0.5456360727419174,0,103,-10.18160150000011,heat_score=57.54,67.0,280,False,11:15,15:55
SNDQ,heat_fade_long,1,2026-07-23,2026-07-23 12:05:00-04:00,2026-07-23 12:05:00-04:00,25.802579,24.004464285714285,27.605535714285715,2026-07-23 15:09:00-04:00,27.605535714285715,target,1.0026928204088024,-0.5464495630860353,1.0107369599730749,1,77,138.8276669999999,heat_score=65.31,183.0,184,False,12:05,15:09
UNP,heat_fade_long,1,2026-07-23,2026-07-23 12:05:00-04:00,2026-07-23 12:05:00-04:00,305.1155075,303.60535892857143,306.17464107142854,2026-07-23 12:31:00-04:00,303.5449983926786,stop,-1.0399699321211244,-1.0167923402049517,0.4135305040942322,0,6,-9.42305464392814,heat_score=61.68,3.0,26,False,12:05,12:31
PSX,heat_fade_long,1,2026-07-23,2026-07-23 12:10:00-04:00,2026-07-23 12:10:00-04:00,210.501047,208.98860714285715,211.93139285714287,2026-07-23 14:10:00-04:00,208.9377082821429,stop,-1.0336534775078177,-1.164374895096181,0.2770047337891712,0,9,-14.07004846071422,heat_score=57.56,9.0,120,False,12:10,14:10
SSPC,heat_fade_long,1,2026-07-23,2026-07-23 12:20:00-04:00,2026-07-23 12:20:00-04:00,20.392038,19.955298214285715,20.82470178571429,2026-07-23 12:42:00-04:00,20.82470178571429,target,0.9906672116135894,-0.3710172631398518,1.071260314044474,1,98,42.40105100000006,heat_score=63.22,21.0,22,False,12:20,12:42
SOXS,heat_fade_long,1,2026-07-23,2026-07-23 12:30:00-04:00,2026-07-23 12:30:00-04:00,45.124511,43.233525,46.97647499999999,2026-07-23 14:56:00-04:00,46.97647499999999,target,0.9793642047059032,-0.3461215471716872,0.991804804477666,1,44,81.48641599999979,heat_score=63.56,145.0,146,False,12:30,14:56
CCI,heat_fade_long,1,2026-07-23,2026-07-23 12:50:00-04:00,2026-07-23 12:50:00-04:00,75.5825565,75.05357142857142,76.08642857142857,2026-07-23 13:08:00-04:00,75.01606607142855,stop,-1.07090059657369,-1.0067514732727223,0.0140712855655944,0,26,-14.728751142857476,heat_score=57.74,0.0,18,False,12:50,13:08
HOOD,exhaustion_short,-1,2026-07-23,2026-07-23 13:20:00-04:00,2026-07-23 13:20:00-04:00,102.859712,104.56285714285714,101.17714285714288,2026-07-23 15:55:00-04:00,101.370135,time,0.8746036744120976,-0.1645708242632856,0.9568838022025652,0,19,28.301962999999677,layers=rsi5 > 90 (short-term overbought) + sma20_dist_pct > 1.0 (close > 1% above 5-min SMA20) + bear_div == 1 (price at 20-bar high while RSI(14) is >5 below its 20-bar max) + time window 13:00-15:00 ET (bar close),154.0,155,False,13:20,15:55
SMR,exhaustion_short,-1,2026-07-23,2026-07-23 13:20:00-04:00,2026-07-23 13:20:00-04:00,8.829116,9.0088,8.6706,2026-07-23 15:55:00-04:00,8.750874,time,0.4354422207876119,-0.5057990694775222,0.7185726052403196,0,226,17.682692000000284,layers=rsi5 > 90 (short-term overbought) + sma20_dist_pct > 1.0 (close > 1% above 5-min SMA20) + bear_div == 1 (price at 20-bar high while RSI(14) is >5 below its 20-bar max) + time window 13:00-15:00 ET (bar close),77.0,155,False,13:20,15:55
APLD,exhaustion_short,-1,2026-07-23,2026-07-23 13:25:00-04:00,2026-07-23 13:25:00-04:00,30.246974,30.9230125,29.6169875,2026-07-23 15:55:00-04:00,29.772976000000003,time,0.7011405415519977,-0.152396646049005,0.9126314551612152,0,66,31.28386799999988,layers=rsi5 > 90 (short-term overbought) + sma20_dist_pct > 1.0 (close > 1% above 5-min SMA20) + bear_div == 1 (price at 20-bar high while RSI(14) is >5 below its 20-bar max) + time window 13:00-15:00 ET (bar close),100.0,150,False,13:25,15:55
HUT,exhaustion_short,-1,2026-07-23,2026-07-23 13:25:00-04:00,2026-07-23 13:25:00-04:00,118.828115,121.41632857142856,116.08367142857144,2026-07-23 15:04:00-04:00,116.08367142857144,target,1.0603620975195498,-0.3097831681476978,1.239509380297882,1,16,43.91109714285699,layers=rsi5 > 90 (short-term overbought) + sma20_dist_pct > 1.0 (close > 1% above 5-min SMA20) + bear_div == 1 (price at 20-bar high while RSI(14) is >5 below its 20-bar max) + time window 13:00-15:00 ET (bar close),98.0,99,False,13:25,15:04
CRDO,exhaustion_short,-1,2026-07-23,2026-07-23 13:30:00-04:00,2026-07-23 13:30:00-04:00,237.786218,243.96195892857145,232.07124107142857,2026-07-23 15:09:00-04:00,232.07124107142857,target,0.9253913003590613,-0.0054701128804987,0.9595962765508692,0,8,45.71981542857134,layers=rsi5 > 90 (short-term overbought) + sma20_dist_pct > 1.0 (close > 1% above 5-min SMA20) + bear_div == 1 (price at 20-bar high while RSI(14) is >5 below its 20-bar max) + time window 13:00-15:00 ET (bar close),98.0,99,False,13:30,15:09
KORU,exhaustion_short,-1,2026-07-23,2026-07-23 14:35:00-04:00,2026-07-23 14:35:00-04:00,21.907808,22.95255714285714,20.88544285714286,2026-07-23 15:55:00-04:00,21.632162,time,0.2638394124413172,-0.0212414627489528,0.637959843812131,0,91,25.083785999999844,layers=rsi5 > 90 (short-term overbought) + sma20_dist_pct > 1.0 (close > 1% above 5-min SMA20) + bear_div == 1 (price at 20-bar high while RSI(14) is >5 below its 20-bar max) + time window 13:00-15:00 ET (bar close),35.0,80,False,14:35,15:55
DKNG,exhaustion_short,-1,2026-07-23,2026-07-23 14:50:00-04:00,2026-07-23 14:50:00-04:00,22.9527035,23.243214285714284,22.696785714285717,2026-07-23 15:55:00-04:00,22.872286,time,0.2768141630345149,-0.4553927306854438,0.5600601010387831,0,87,6.996322499999945,layers=rsi5 > 90 (short-term overbought) + sma20_dist_pct > 1.0 (close > 1% above 5-min SMA20) + bear_div == 1 (price at 20-bar high while RSI(14) is >5 below its 20-bar max) + time window 13:00-15:00 ET (bar close),57.0,65,False,14:50,15:55
DIA,intraday_momentum,-1,2026-07-23,2026-07-23 15:30:00-04:00,2026-07-23 15:30:00-04:00,516.1683770000001,517.5347321428571,,2026-07-23 15:55:00-04:00,515.771571,time,0.2904120514161191,-0.1548814018860516,0.6940926046627864,0,3,1.1904180000002498,first_30m_ret=-1.028,20.0,25,False,15:30,15:55
IWM,intraday_momentum,-1,2026-07-23,2026-07-23 15:30:00-04:00,2026-07-23 15:30:00-04:00,291.700826,292.76057142857144,,2026-07-23 15:55:00-04:00,291.43913999999995,time,0.246932888734245,-0.3106161075341486,0.6613154264272132,0,6,1.5701160000003256,first_30m_ret=-0.7693,23.0,25,False,15:30,15:55
QQQ,intraday_momentum,-1,2026-07-23,2026-07-23 15:30:00-04:00,2026-07-23 15:30:00-04:00,691.230869,694.7483910714285,,2026-07-23 15:55:00-04:00,690.189011,time,0.2961908920096187,-0.1106264558112605,0.6541164357401227,0,2,2.083715999999868,first_30m_ret=-1.526,19.0,25,False,15:30,15:55
SPY,intraday_momentum,-1,2026-07-23,2026-07-23 15:30:00-04:00,2026-07-23 15:30:00-04:00,737.406251,739.2424946428572,,2026-07-23 15:55:00-04:00,736.813673,time,0.3227120770737977,-0.1817563814574724,0.9183155005379138,0,2,1.1851560000000063,first_30m_ret=-1.046,19.0,25,False,15:30,15:55
BA,heat_fade_short,-1,2026-07-24,2026-07-24 09:50:00-04:00,2026-07-24 09:50:00-04:00,209.8540115,211.40100357142856,208.3789964285714,2026-07-24 11:28:00-04:00,211.4521436717857,stop,-1.0330577650019372,-1.264381722521538,0.7976844372967457,0,9,-14.383189546071236,heat_score=-13.51,6.0,98,False,09:50,11:28
GDXJ,heat_fade_short,-1,2026-07-24,2026-07-24 09:50:00-04:00,2026-07-24 09:50:00-04:00,98.1551825,99.22794642857144,97.07205357142858,2026-07-24 11:16:00-04:00,99.26786922321428,stop,-1.0372148928385636,-1.3747828955844643,0.5687947587989416,0,20,-22.253734464285916,heat_score=-20.1,29.0,86,False,09:50,11:16
JPM,heat_fade_short,-1,2026-07-24,2026-07-24 09:50:00-04:00,2026-07-24 09:50:00-04:00,350.0119943,351.97161964285715,348.1983803571428,2026-07-24 11:11:00-04:00,352.0368168048214,stop,-1.0332702178005069,-1.0042765098815525,0.7460580693799536,0,5,-10.124112524106865,heat_score=-19.3,3.0,81,False,09:50,11:11
RNG,orb20_a,1,2026-07-24,2026-07-24 09:50:00-04:00,2026-07-24 09:51:00-04:00,48.844883,44.56999999999999,55.22,2026-07-24 15:50:00-04:00,48.445154,time,-0.0935064187721613,-0.8760199986759853,0.3029596365561359,0,40,-15.989159999999742,rv20=20.91;or_width=8.52,295.0,359,True,09:51,15:50
SLB,orb20_a,1,2026-07-24,2026-07-24 09:50:00-04:00,2026-07-24 09:51:00-04:00,51.405139,50.57,52.620000000000005,2026-07-24 15:50:00-04:00,52.074791000000005,time,0.8018449623356206,-0.6527524160648709,1.417561627465611,1,38,25.44677600000024,rv20=4.778;or_width=1.64,341.0,359,True,09:51,15:50
REXR,orb20_a,1,2026-07-24,2026-07-24 09:50:00-04:00,2026-07-24 09:52:00-04:00,37.883787,37.21,38.86,2026-07-24 12:25:00-04:00,38.86,target,1.4488451098047233,-0.5844384056088846,1.4636865953186882,1,52,50.76307600000007,rv20=9.039;or_width=1.32,152.0,153,True,09:52,12:25
INTW,orb20_a,-1,2026-07-24,2026-07-24 09:50:00-04:00,2026-07-24 09:53:00-04:00,22.927706,24.155,21.1175,2026-07-24 15:07:00-04:00,21.1175,target,1.4749571007435842,-0.5477856161604343,1.5462521612588305,1,87,157.48792199999977,rv20=4.801;or_width=2.43,313.0,314,False,09:53,15:07
AMKR,orb20_a,-1,2026-07-24,2026-07-24 09:50:00-04:00,2026-07-24 09:54:00-04:00,64.83351499999999,68.255,59.74249999999999,2026-07-24 15:50:00-04:00,64.226421,time,0.1774358209958508,-0.5309054401816791,0.5212692734295173,0,30,18.21281999999968,rv20=5.27;or_width=6.81,46.0,356,True,09:54,15:50
BAH,orb20_a,1,2026-07-24,2026-07-24 09:50:00-04:00,2026-07-24 09:54:00-04:00,74.847483,71.965,79.1275,2026-07-24 15:50:00-04:00,72.732725,time,-0.7336584465545849,-0.9670423034585116,0.4692194195074208,0,26,-54.983707999999865,rv20=6.074;or_width=5.73,42.0,356,True,09:54,15:50
DLR,orb20_a,1,2026-07-24,2026-07-24 09:50:00-04:00,2026-07-24 09:54:00-04:00,201.600157,195.2775,211.00875,2026-07-24 15:50:00-04:00,199.84001300000003,time,-0.2783867605027384,-0.4159891956814972,0.9283823240767266,0,9,-15.841295999999716,rv20=12.02;or_width=12.59,126.0,356,False,09:54,15:50
EW,heat_fade_short,-1,2026-07-24,2026-07-24 09:55:00-04:00,2026-07-24 09:55:00-04:00,87.68123,88.29388214285714,87.16611785714286,2026-07-24 09:59:00-04:00,87.16611785714286,target,0.8407905674741868,-0.1448946209279738,1.209870900872437,1,22,11.332467142856956,heat_score=-17,3.0,4,False,09:55,09:59
MSCI,heat_fade_short,-1,2026-07-24,2026-07-24 09:55:00-04:00,2026-07-24 09:55:00-04:00,559.354058,564.4491357142857,553.5308642857143,2026-07-24 10:32:00-04:00,553.5308642857143,target,1.1429057692208482,-0.0796733676626347,1.1479820972308776,1,3,17.469581142857123,heat_score=-14.69,36.0,37,False,09:55,10:32
HUT,heat_fade_short,-1,2026-07-24,2026-07-24 10:15:00-04:00,2026-07-24 10:15:00-04:00,116.018396,118.83094107142855,113.63905892857144,2026-07-24 10:20:00-04:00,113.63905892857144,target,0.8459729572333685,-0.1107907578674747,0.8954153395027477,1,17,40.44873021428562,heat_score=-25.49,4.0,5,False,10:15,10:20
PEP,heat_fade_short,-1,2026-07-24,2026-07-24 10:20:00-04:00,2026-07-24 10:20:00-04:00,135.486449,136.42705892857143,134.64294107142857,2026-07-24 11:45:00-04:00,136.4707016344643,stop,-1.0463983045119962,-1.024389569716114,0.3895865744863432,0,14,-13.779536882500167,heat_score=-12.38,9.0,85,False,10:20,11:45
PPG,orb20_a,1,2026-07-24,2026-07-24 09:50:00-04:00,2026-07-24 10:20:00-04:00,115.601558,114.50005,117.199925,2026-07-24 11:23:00-04:00,117.199925,target,1.4510716218130078,-0.5461222251676788,1.541924343717891,1,17,27.172238999999934,rv20=4.808;or_width=2.16,62.0,63,True,10:20,11:23
AXP,orb20_a,-1,2026-07-24,2026-07-24 09:50:00-04:00,2026-07-24 10:36:00-04:00,318.73812200000003,323.91,311.08500000000004,2026-07-24 11:15:00-04:00,323.972391,stop,-1.012063509618748,-1.0161450057406534,0.104047697954214,0,6,-31.4056139999999,rv20=7.029;or_width=10.26,20.0,39,True,10:36,11:15
EW,heat_fade_long,1,2026-07-24,2026-07-24 11:10:00-04:00,2026-07-24 11:10:00-04:00,85.458544,84.79611785714286,85.92388214285714,2026-07-24 11:23:00-04:00,85.92388214285714,target,0.7024755104773825,-0.3752025832313957,0.7720951316836762,0,23,10.702777285714106,heat_score=59.87,12.0,13,False,11:10,11:23
MGK,orb20_a,1,2026-07-24,2026-07-24 09:50:00-04:00,2026-07-24 11:15:00-04:00,85.38853700000001,85.18,85.655,2026-07-24 12:08:00-04:00,85.655,target,1.2777732488718008,-0.7602343948556107,1.373679490929543,1,23,6.128648999999712,rv20=7.65;or_width=0.38,52.0,53,True,11:15,12:08
INTC,heat_fade_long,1,2026-07-24,2026-07-24 12:30:00-04:00,2026-07-24 12:30:00-04:00,95.249523,93.34214464285714,97.07785535714284,2026-07-24 15:03:00-04:00,93.30281042839285,stop,-1.0206221352554352,-1.0063671912872751,0.6241430786617722,0,20,-38.9342514321433,heat_score=57.66,59.0,153,False,12:30,15:03
HON,heat_fade_long,1,2026-07-24,2026-07-24 12:45:00-04:00,2026-07-24 12:45:00-04:00,239.423939,237.5634232142857,241.27157678571427,2026-07-24 13:06:00-04:00,241.27157678571427,target,0.9930782635122872,-0.0827399590919643,1.2340991770293284,1,8,14.781102285714496,heat_score=61.63,20.0,21,False,12:45,13:06
THC,heat_fade_long,1,2026-07-24,2026-07-24 12:45:00-04:00,2026-07-24 12:45:00-04:00,233.863383,232.0075,235.7925,2026-07-24 13:25:00-04:00,231.95429925,stop,-1.0286660042685891,-1.1818541362790675,0.1921548933849811,0,8,-15.272670000000062,heat_score=61.95,1.0,40,False,12:45,13:25
ASTS,heat_fade_long,1,2026-07-24,2026-07-24 13:10:00-04:00,2026-07-24 13:10:00-04:00,56.055604,54.615364285714286,57.52463571428572,2026-07-24 15:55:00-04:00,56.214377,time,0.1102406762048965,-0.2260762543695599,0.5862885126860867,0,35,5.557055000000126,heat_score=69.15,52.0,165,False,13:10,15:55
ENPH,heat_fade_long,1,2026-07-24,2026-07-24 13:15:00-04:00,2026-07-24 13:15:00-04:00,37.263725,36.55377321428571,37.89622678571429,2026-07-24 15:55:00-04:00,36.696329000000006,time,-0.7992035676466863,-0.8081182575275496,0.7131118058821906,0,53,-30.07198799999974,heat_score=64.38,20.0,160,False,13:15,15:55
HIMS,heat_fade_long,1,2026-07-24,2026-07-24 13:25:00-04:00,2026-07-24 13:25:00-04:00,28.6678655,28.042435714285716,29.257564285714285,2026-07-24 15:44:00-04:00,28.00963147071428,stop,-1.0524507216009311,-1.0197235797966089,0.8508301205902107,0,69,-45.41814802071461,heat_score=57.78,92.0,139,False,13:25,15:44
SNDQ,exhaustion_short,-1,2026-07-24,2026-07-24 14:00:00-04:00,2026-07-24 14:00:00-04:00,32.376761,34.10821428571428,30.631785714285712,2026-07-24 14:32:00-04:00,34.14162510714286,stop,-1.0192964036074423,-1.006806833532822,0.015455802487308,0,61,-107.6567105357142,layers=rsi5 > 90 (short-term overbought) + sma20_dist_pct > 1.0 (close > 1% above 5-min SMA20) + bear_div == 1 (price at 20-bar high while RSI(14) is >5 below its 20-bar max) + time window 13:00-15:00 ET (bar close),0.0,32,False,14:00,14:32
CLF,exhaustion_short,-1,2026-07-24,2026-07-24 14:15:00-04:00,2026-07-24 14:15:00-04:00,12.0137975,12.158876785714286,11.891123214285717,2026-07-24 14:42:00-04:00,11.891123214285717,target,0.8455672021702473,-0.1116803127353914,0.9911649295213114,1,166,20.36393142857147,layers=rsi5 > 90 (short-term overbought) + sma20_dist_pct > 1.0 (close > 1% above 5-min SMA20) + bear_div == 1 (price at 20-bar high while RSI(14) is >5 below its 20-bar max) + time window 13:00-15:00 ET (bar close),26.0,27,False,14:15,14:42
SOXS,exhaustion_short,-1,2026-07-24,2026-07-24 14:15:00-04:00,2026-07-24 14:15:00-04:00,50.354963,52.10861785714285,48.611382142857146,2026-07-24 15:08:00-04:00,52.14382871892857,stop,-1.0200785585842596,-1.135250184431145,0.0185116243756712,0,39,-69.7657630382142,layers=rsi5 > 90 (short-term overbought) + sma20_dist_pct > 1.0 (close > 1% above 5-min SMA20) + bear_div == 1 (price at 20-bar high while RSI(14) is >5 below its 20-bar max) + time window 13:00-15:00 ET (bar close),1.0,53,False,14:15,15:08
UVXY,exhaustion_short,-1,2026-07-24,2026-07-24 14:30:00-04:00,2026-07-24 14:30:00-04:00,25.347464,25.707782142857145,24.992217857142855,2026-07-24 15:55:00-04:00,25.1475135,time,0.5549276492559798,-0.5759798780997882,0.7145463116523516,0,78,15.596138999999717,layers=rsi5 > 90 (short-term overbought) + sma20_dist_pct > 1.0 (close > 1% above 5-min SMA20) + bear_div == 1 (price at 20-bar high while RSI(14) is >5 below its 20-bar max) + time window 13:00-15:00 ET (bar close),84.0,85,False,14:30,15:55
QQQ,intraday_momentum,-1,2026-07-24,2026-07-24 15:30:00-04:00,2026-07-24 15:30:00-04:00,683.401652,686.8141053571429,,2026-07-24 15:55:00-04:00,683.998392,time,-0.1748712546505185,-0.3687517068521964,0.1880324601820339,0,2,-1.1934799999999086,first_30m_ret=-0.9783,23.0,25,False,15:30,15:55
AMZN,heat_fade_short,-1,2026-07-27,2026-07-27 09:50:00-04:00,2026-07-27 09:50:00-04:00,235.06649,236.7542125,233.3557875,2026-07-27 10:46:00-04:00,233.3557875,target,1.0136159824852833,-0.0228177321804824,1.0229703046561474,1,8,13.685619999999972,heat_score=-31.01,55.0,56,False,09:50,10:46
AVGO,heat_fade_short,-1,2026-07-27,2026-07-27 09:50:00-04:00,2026-07-27 09:50:00-04:00,386.34576056,390.3021142857143,382.6178857142857,2026-07-27 10:00:00-04:00,382.6178857142857,target,0.9422501384254636,-0.4484531877087603,1.217221940672327,1,5,18.639374228571626,heat_score=-34.71,9.0,10,False,09:50,10:00
CRWD,heat_fade_short,-1,2026-07-27,2026-07-27 09:50:00-04:00,2026-07-27 09:50:00-04:00,187.351262,189.98868392857145,184.77131607142857,2026-07-27 10:12:00-04:00,184.77131607142857,target,0.9782075065891772,-0.0336457352684727,1.0772876228943171,1,10,25.79945928571448,heat_score=-61.41,21.0,22,False,09:50,10:12
DIA,heat_fade_short,-1,2026-07-27,2026-07-27 09:50:00-04:00,2026-07-27 09:50:00-04:00,524.3475589999999,525.6541946428572,523.0858053571428,2026-07-27 10:01:00-04:00,523.0858053571428,target,0.9656507150669804,-0.0860538288655783,1.0772390969849308,1,3,3.785260928571347,heat_score=-35.92,10.0,11,False,09:50,10:01
HD,heat_fade_short,-1,2026-07-27,2026-07-27 09:50:00-04:00,2026-07-27 09:50:00-04:00,338.85611,341.0859142857143,336.5740857142857,2026-07-27 15:05:00-04:00,336.5740857142857,target,1.0234190957182172,-0.9121383491055808,1.0700984006924217,1,5,11.410121428571642,heat_score=-23.99,314.0,315,False,09:50,15:05
INTU,heat_fade_short,-1,2026-07-27,2026-07-27 09:50:00-04:00,2026-07-27 09:50:00-04:00,304.089587,307.5625,300.4175,2026-07-27 10:32:00-04:00,307.62325625,stop,-1.0174943196100787,-1.0943012393342375,0.4519511430318036,0,6,-21.202015500000016,heat_score=-61.67,10.0,42,False,09:50,10:32
JPM,heat_fade_short,-1,2026-07-27,2026-07-27 09:50:00-04:00,2026-07-27 09:50:00-04:00,357.674228,359.6918517857143,355.9091482142857,2026-07-27 10:32:00-04:00,355.9091482142857,target,0.8748309760282977,-0.2853713383420219,0.9685789857538744,1,5,8.82539892857153,heat_score=-42.1,41.0,42,False,09:50,10:32
META,heat_fade_short,-1,2026-07-27,2026-07-27 09:50:00-04:00,2026-07-27 09:50:00-04:00,605.6494280000001,612.2170874999999,598.8029125,2026-07-27 12:10:00-04:00,598.8029125,target,1.0424589612174835,-0.5983976483555624,1.08096773287352,1,3,20.53954650000003,heat_score=-18.17,139.0,140,False,09:50,12:10
PANW,heat_fade_short,-1,2026-07-27,2026-07-27 09:50:00-04:00,2026-07-27 09:50:00-04:00,331.226873,335.7764982142857,327.02350178571425,2026-07-27 10:09:00-04:00,327.02350178571425,target,0.923893950887932,-0.0457459659196712,0.9268616207680485,1,6,25.2202272857146,heat_score=-58.5,18.0,19,False,09:50,10:09
RCL,heat_fade_short,-1,2026-07-27,2026-07-27 09:50:00-04:00,2026-07-27 09:50:00-04:00,299.240072,301.92094107142856,297.2190589285714,2026-07-27 10:01:00-04:00,297.2190589285714,target,0.7538648914143458,-0.231241430850509,0.8355768000286288,1,6,12.126078428571418,heat_score=-16,10.0,11,False,09:50,10:01
SAP,heat_fade_short,-1,2026-07-27,2026-07-27 09:50:00-04:00,2026-07-27 09:50:00-04:00,169.8880085,171.47449285714285,168.35550714285714,2026-07-27 10:40:00-04:00,171.52164030642857,stop,-1.0297181936105737,-1.0475940040109482,0.5597335366100062,0,11,-17.96994987071409,heat_score=-54.33,10.0,50,False,09:50,10:40
SPY,heat_fade_short,-1,2026-07-27,2026-07-27 09:50:00-04:00,2026-07-27 09:50:00-04:00,743.765615,745.5574946428571,742.0425053571428,2026-07-27 09:59:00-04:00,742.0425053571428,target,0.961621306278023,-0.2256764295592705,1.0578919223489285,1,2,3.446219285714505,heat_score=-26.42,8.0,9,False,09:50,09:59
BZ,orb20_a,-1,2026-07-27,2026-07-27 09:50:00-04:00,2026-07-27 09:51:00-04:00,15.338465,15.62,14.945,2026-07-27 11:58:00-04:00,15.651562,stop,-1.1121068428436929,-1.017759781199492,0.6871792139520793,0,130,-40.70261000000011,rv20=3.722;or_width=0.54,46.0,127,False,09:51,11:58
QBTS,orb20_a,1,2026-07-27,2026-07-27 09:50:00-04:00,2026-07-27 09:51:00-04:00,19.271926000000004,18.51,20.385,2026-07-27 10:42:00-04:00,18.478149,stop,-1.0418032722337858,-1.131246341508232,0.1549678052724228,0,103,-81.75903100000022,rv20=4.272;or_width=1.5,16.0,51,False,09:51,10:42
GDXJ,heat_fade_short,-1,2026-07-27,2026-07-27 09:55:00-04:00,2026-07-27 09:55:00-04:00,98.970101,100.11241071428572,97.98758928571428,2026-07-27 10:12:00-04:00,97.98758928571428,target,0.8601097425666708,-0.0261741624238133,0.9105245162432491,1,20,19.65023428571413,heat_score=-11.9,16.0,17,False,09:55,10:12
MU,heat_fade_short,-1,2026-07-27,2026-07-27 09:55:00-04:00,2026-07-27 09:55:00-04:00,927.8972,947.1558,910.0042,2026-07-27 09:59:00-04:00,910.0042,target,0.9290914188985656,-0.0904115563955868,1.1494708857341658,1,2,35.78599999999983,heat_score=-28.1,3.0,4,False,09:55,09:59
MUU,heat_fade_short,-1,2026-07-27,2026-07-27 09:55:00-04:00,2026-07-27 09:55:00-04:00,31.78682,33.15012321428571,30.489876785714287,2026-07-27 09:59:00-04:00,30.489876785714287,target,0.951324108016006,-0.0683486982379196,1.1272767377763395,1,62,80.41047928571412,heat_score=-38,3.0,4,False,09:55,09:59
VT,orb20_a,-1,2026-07-27,2026-07-27 09:50:00-04:00,2026-07-27 09:56:00-04:00,155.17448000000002,155.46435000000002,154.80347500000002,2026-07-27 10:01:00-04:00,154.80347500000002,target,1.2799013350811983,-0.3205574912891638,1.3605409321420017,1,12,4.45205999999996,rv20=4.613;or_width=0.5287,4.0,5,False,09:56,10:01
AXP,heat_fade_short,-1,2026-07-27,2026-07-27 10:00:00-04:00,2026-07-27 10:00:00-04:00,331.596836,333.7867,328.91330000000005,2026-07-27 10:58:00-04:00,333.85007867,stop,-1.0289418292642665,-1.2161321433659784,0.4095395878465546,0,6,-13.51945601999978,heat_score=-13.13,25.0,58,False,10:00,10:58
SNOW,heat_fade_short,-1,2026-07-27,2026-07-27 10:00:00-04:00,2026-07-27 10:00:00-04:00,274.25257100000005,277.6184410714286,271.34155892857143,2026-07-27 10:12:00-04:00,271.34155892857143,target,0.8648616879596628,-0.2220611562949387,0.8763175456586108,1,7,20.377084500000308,heat_score=-12.75,11.0,12,False,10:00,10:12
SCO,orb20_a,1,2026-07-27,2026-07-27 09:50:00-04:00,2026-07-27 10:07:00-04:00,27.517750500000005,27.3575,27.726250000000004,2026-07-27 11:21:00-04:00,27.726250000000004,target,1.301084864009746,-0.3603764106820457,1.386888028430414,1,72,15.011963999999892,rv20=3.04;or_width=0.295,73.0,74,False,10:07,11:21
SIRI,orb20_a,1,2026-07-27,2026-07-27 09:50:00-04:00,2026-07-27 10:17:00-04:00,31.0131,30.695,31.4575,2026-07-27 10:23:00-04:00,31.4575,target,1.397044954416839,-0.3241119144923009,1.4341402074819156,1,64,28.44159999999988,rv20=3.399;or_width=0.61,5.0,6,False,10:17,10:23
CIFR,heat_fade_long,1,2026-07-27,2026-07-27 11:05:00-04:00,2026-07-27 11:05:00-04:00,21.352134,20.7234,21.9466,2026-07-27 12:34:00-04:00,21.9466,target,0.9454968237760366,-0.4487334866573148,0.9668094933628584,0,93,55.28533800000005,heat_score=65.62,88.0,89,False,11:05,12:34
GS,heat_fade_long,1,2026-07-27,2026-07-27 11:05:00-04:00,2026-07-27 11:05:00-04:00,1049.994988,1041.0449625,1059.8950375,2026-07-27 13:03:00-04:00,1040.91085800375,stop,-1.0149836999067852,-1.228486779171758,0.401676173995231,0,1,-9.084129996250113,heat_score=67.64,81.0,118,False,11:05,13:03
HOOD,heat_fade_long,1,2026-07-27,2026-07-27 11:05:00-04:00,2026-07-27 11:05:00-04:00,94.0143995,92.4049,95.6149,2026-07-27 12:32:00-04:00,95.6149,target,0.994408820878778,-0.5059954973580303,0.9944709519946866,1,21,33.610510499999904,heat_score=58.82,86.0,87,False,11:05,12:32
LRCX,heat_fade_long,1,2026-07-27,2026-07-27 11:05:00-04:00,2026-07-27 11:05:00-04:00,284.53845,278.6970910714286,290.0529089285714,2026-07-27 11:39:00-04:00,278.63922136232145,stop,-1.0099068914981553,-1.0337406199205754,0.1765941816987883,0,7,-41.29460046374993,heat_score=70.01,3.0,34,False,11:05,11:39
SNOW,heat_fade_long,1,2026-07-27,2026-07-27 11:05:00-04:00,2026-07-27 11:05:00-04:00,266.8816845,263.5515589285714,269.8284410714286,2026-07-27 11:58:00-04:00,269.8284410714286,target,0.8848785153060897,-0.1866850023115847,0.9499087743538076,1,7,20.627296000000054,heat_score=67.93,52.0,53,False,11:05,11:58
FIX,heat_fade_long,1,2026-07-27,2026-07-27 11:10:00-04:00,2026-07-27 11:10:00-04:00,1684.7784599999998,1659.5800892857144,1709.2599107142858,2026-07-27 11:24:00-04:00,1659.384131276786,stop,-1.0077766142561526,-1.0369106914197044,0.0724864325837048,0,1,-25.394328723213903,heat_score=62.4,0.0,14,False,11:10,11:24
NBIS,heat_fade_long,1,2026-07-27,2026-07-27 11:10:00-04:00,2026-07-27 11:10:00-04:00,185.0285,179.27501964285713,190.50498035714284,2026-07-27 15:19:00-04:00,190.50498035714284,target,0.9518552280001972,-0.7297322210872939,0.9874892495194744,1,10,54.764803571428615,heat_score=59.08,248.0,249,False,11:10,15:19
SOXL,heat_fade_long,1,2026-07-27,2026-07-27 11:15:00-04:00,2026-07-27 11:15:00-04:00,120.232021,113.98153392857142,126.39846607142856,2026-07-27 15:04:00-04:00,126.39846607142856,target,0.9865543278404376,-0.6522725274701158,0.9963989892033414,1,16,98.66312114285712,heat_score=61.53,228.0,229,False,11:15,15:04
TSN,orb20_a,1,2026-07-27,2026-07-27 09:50:00-04:00,2026-07-27 11:17:00-04:00,61.43614199999999,60.51,62.78499999999999,2026-07-27 15:50:00-04:00,61.01389700000001,time,-0.4559182069272166,-0.7354617326500614,0.3388875571996662,0,32,-13.511839999999438,rv20=9.708;or_width=1.82,41.0,273,False,11:17,15:50
AMAT,heat_fade_long,1,2026-07-27,2026-07-27 11:20:00-04:00,2026-07-27 11:20:00-04:00,502.090203,492.0490410714286,512.2109589285715,2026-07-27 15:00:00-04:00,512.2109589285715,target,1.0079267718782243,-0.8415562920019791,1.0397000938999217,1,3,30.362267785714494,heat_score=57.62,219.0,220,False,11:20,15:00
AMD,heat_fade_long,1,2026-07-27,2026-07-27 11:20:00-04:00,2026-07-27 11:20:00-04:00,481.4731415,472.3280464285714,490.5019535714286,2026-07-27 15:04:00-04:00,490.5019535714286,target,0.9872846592526688,-0.4125863613805608,0.9892580043551996,1,4,36.115248285714415,heat_score=57.65,223.0,224,False,11:20,15:04
BE,heat_fade_long,1,2026-07-27,2026-07-27 11:35:00-04:00,2026-07-27 11:35:00-04:00,177.7527725,171.1228642857143,184.2771357142857,2026-07-27 12:29:00-04:00,184.2771357142857,target,0.9840804734260749,-0.0381260934284631,0.9949500485974212,1,11,71.7679953571427,heat_score=58.14,53.0,54,False,11:35,12:29
KORU,heat_fade_long,1,2026-07-27,2026-07-27 11:35:00-04:00,2026-07-27 11:35:00-04:00,16.1566145,15.21751607142857,17.082483928571428,2026-07-27 15:30:00-04:00,17.082483928571428,target,0.98591308472305,-0.3477958114538114,1.0098893482791764,1,123,113.8819397142856,heat_score=60.75,234.0,235,False,11:35,15:30
LITE,heat_fade_long,1,2026-07-27,2026-07-27 11:35:00-04:00,2026-07-27 11:35:00-04:00,702.3202239999999,684.6256732142857,718.8943267857143,2026-07-27 15:10:00-04:00,718.8943267857143,target,0.93667835857667,-0.2324005876046308,0.9805151998550558,1,2,33.14820557142866,heat_score=58.35,214.0,215,False,11:35,15:10
ARM,heat_fade_long,1,2026-07-27,2026-07-27 11:40:00-04:00,2026-07-27 11:40:00-04:00,252.405237,246.5208142857143,258.1391857142857,2026-07-27 12:26:00-04:00,258.1391857142857,target,0.9744284176534947,-0.1351427384829741,1.1241141775795982,1,7,40.13764099999992,heat_score=57.94,45.0,46,False,11:40,12:26
RCL,heat_fade_long,1,2026-07-27,2026-07-27 12:10:00-04:00,2026-07-27 12:10:00-04:00,292.12420849999995,289.7290589285714,294.4309410714285,2026-07-27 14:05:00-04:00,289.6700860226786,stop,-1.0246218050831908,-1.0684963187804477,0.8833650830157305,0,6,-14.724734863928006,heat_score=70.64,27.0,115,False,12:10,14:05
META,heat_fade_long,1,2026-07-27,2026-07-27 12:15:00-04:00,2026-07-27 12:15:00-04:00,598.0247955,591.1929124999999,604.6070875,2026-07-27 15:55:00-04:00,593.770616,time,-0.6226950168789374,-0.7091449751115452,0.3432735162472778,0,3,-12.762538499999891,heat_score=65.89,22.0,220,False,12:15,15:55
AMZN,heat_fade_long,1,2026-07-27,2026-07-27 12:20:00-04:00,2026-07-27 12:20:00-04:00,231.403137,229.6407875,233.0392125,2026-07-27 15:55:00-04:00,231.306866,time,-0.0546265085330547,-0.2342537618105846,0.8998005219736724,0,8,-0.770167999999785,heat_score=59.33,155.0,215,False,12:20,15:55
SEI,heat_fade_long,1,2026-07-27,2026-07-27 13:00:00-04:00,2026-07-27 13:00:00-04:00,51.96769525,50.784019642857146,53.11598035714286,2026-07-27 15:55:00-04:00,52.304768,time,0.2847678434580806,-0.3444315719102195,0.6524631793876255,0,38,12.808764500000166,heat_score=63.59,150.0,175,False,13:00,15:55
SSPC,exhaustion_short,-1,2026-07-27,2026-07-27 13:00:00-04:00,2026-07-27 13:00:00-04:00,22.4827505,22.96640535714285,22.013594642857143,2026-07-27 14:56:00-04:00,22.013594642857143,target,0.9700220109735852,-0.3871552145804177,1.080627005562406,1,88,41.28571542857125,layers=rsi5 > 90 (short-term overbought) + sma20_dist_pct > 1.0 (close > 1% above 5-min SMA20) + bear_div == 1 (price at 20-bar high while RSI(14) is >5 below its 20-bar max) + time window 13:00-15:00 ET (bar close),115.0,116,False,13:00,14:56
SNDU,heat_fade_long,1,2026-07-27,2026-07-27 13:05:00-04:00,2026-07-27 13:05:00-04:00,17.261725000000002,15.348521428571429,19.07147857142857,2026-07-27 15:55:00-04:00,17.398259,time,0.0713640733474319,-0.6856170559103382,0.5635965853831534,0,115,15.701409999999711,heat_score=57.7,145.0,170,False,13:05,15:55
UVXY,exhaustion_short,-1,2026-07-27,2026-07-27 13:05:00-04:00,2026-07-27 13:05:00-04:00,25.5124475,25.882246428571428,25.15775357142857,2026-07-27 13:57:00-04:00,25.15775357142857,target,0.9591534781932508,-0.074506705864293,1.277579418158696,1,78,27.666126428571168,layers=rsi5 > 90 (short-term overbought) + sma20_dist_pct > 1.0 (close > 1% above 5-min SMA20) + bear_div == 1 (price at 20-bar high while RSI(14) is >5 below its 20-bar max) + time window 13:00-15:00 ET (bar close),51.0,52,False,13:05,13:57
C,heat_fade_long,1,2026-07-27,2026-07-27 13:20:00-04:00,2026-07-27 13:20:00-04:00,131.1381115,130.1340482142857,132.0459517857143,2026-07-27 15:08:00-04:00,132.0459517857143,target,0.904166399300662,-0.0279977371944196,0.9779149521451496,1,15,13.617604285714291,heat_score=58.41,107.0,108,False,13:20,15:08
CLS,exhaustion_short,-1,2026-07-27,2026-07-27 13:20:00-04:00,2026-07-27 13:20:00-04:00,301.589837,307.4892589285714,296.2307410714286,2026-07-27 15:05:00-04:00,307.55000785446424,stop,-1.0102974370418585,-1.1204763924387895,0.2118575370829032,0,6,-35.76102512678551,layers=rsi5 > 90 (short-term overbought) + sma20_dist_pct > 1.0 (close > 1% above 5-min SMA20) + bear_div == 1 (price at 20-bar high while RSI(14) is >5 below its 20-bar max) + time window 13:00-15:00 ET (bar close),6.0,105,False,13:20,15:05
MU,heat_fade_long,1,2026-07-27,2026-07-27 13:20:00-04:00,2026-07-27 13:20:00-04:00,866.756666,847.8042,884.9558,2026-07-27 14:05:00-04:00,884.9558,target,0.9602515050020404,-0.0525876685387541,0.9731363718051302,1,2,36.39826799999992,heat_score=57.58,44.0,45,False,13:20,14:05
PANW,heat_fade_long,1,2026-07-27,2026-07-27 13:20:00-04:00,2026-07-27 13:20:00-04:00,319.101906,314.56350178571427,323.31649821428573,2026-07-27 15:55:00-04:00,317.828213,time,-0.2806477651309076,-0.4234761623811111,0.6275540620720697,0,6,-7.642157999999881,heat_score=61.65,41.0,155,False,13:20,15:55
SNDK,heat_fade_long,1,2026-07-27,2026-07-27 13:20:00-04:00,2026-07-27 13:20:00-04:00,1254.9754839999998,1208.25685,1302.66315,2026-07-27 15:55:00-04:00,1266.353351,time,0.2435402327902008,-0.7056174630448302,0.9249952813260846,0,1,11.377867000000151,heat_score=63.65,131.0,155,False,13:20,15:55
SNXX,heat_fade_long,1,2026-07-27,2026-07-27 13:25:00-04:00,2026-07-27 13:25:00-04:00,10.801079,9.599791071428571,11.940408928571427,2026-07-27 15:55:00-04:00,10.938905,time,0.1147318612981511,-0.616903726720446,0.6317561193697415,0,185,25.497810000000083,heat_score=64.94,125.0,150,False,13:25,15:55
INIO,exhaustion_short,-1,2026-07-27,2026-07-27 13:35:00-04:00,2026-07-27 13:35:00-04:00,27.367262,28.05821607142857,26.671783928571426,2026-07-27 15:55:00-04:00,27.302729,time,0.093396945858605,-0.3947266703792734,0.8065109144632969,0,73,4.710908999999802,layers=rsi5 > 90 (short-term overbought) + sma20_dist_pct > 1.0 (close > 1% above 5-min SMA20) + bear_div == 1 (price at 20-bar high while RSI(14) is >5 below its 20-bar max) + time window 13:00-15:00 ET (bar close),44.0,140,False,13:35,15:55
DINO,exhaustion_short,-1,2026-07-27,2026-07-27 13:50:00-04:00,2026-07-27 13:50:00-04:00,90.88091,91.62752142857144,90.16247857142857,2026-07-27 14:29:00-04:00,91.66668418071428,stop,-1.0524539950021818,-1.003319760900675,0.3628527365544917,0,22,-17.287031975714257,layers=rsi5 > 90 (short-term overbought) + sma20_dist_pct > 1.0 (close > 1% above 5-min SMA20) + bear_div == 1 (price at 20-bar high while RSI(14) is >5 below its 20-bar max) + time window 13:00-15:00 ET (bar close),7.0,39,False,13:50,14:29
ANET,exhaustion_short,-1,2026-07-27,2026-07-27 14:00:00-04:00,2026-07-27 14:00:00-04:00,171.662831,174.09643214285714,169.28356785714286,2026-07-27 15:55:00-04:00,170.297027,time,0.5612275470895475,-0.2412757742670324,0.6832800045646726,0,11,15.02384400000028,layers=rsi5 > 90 (short-term overbought) + sma20_dist_pct > 1.0 (close > 1% above 5-min SMA20) + bear_div == 1 (price at 20-bar high while RSI(14) is >5 below its 20-bar max) + time window 13:00-15:00 ET (bar close),107.0,115,False,14:00,15:55
BE,exhaustion_short,-1,2026-07-27,2026-07-27 14:05:00-04:00,2026-07-27 14:05:00-04:00,185.781419,192.2121357142857,179.0578642857143,2026-07-27 15:55:00-04:00,188.198817,time,-0.3759142421294608,-0.4989460961438743,0.6371170091971761,0,10,-24.17397999999963,layers=rsi5 > 90 (short-term overbought) + sma20_dist_pct > 1.0 (close > 1% above 5-min SMA20) + bear_div == 1 (price at 20-bar high while RSI(14) is >5 below its 20-bar max) + time window 13:00-15:00 ET (bar close),66.0,110,False,14:05,15:55
SNDQ,exhaustion_short,-1,2026-07-27,2026-07-27 14:40:00-04:00,2026-07-27 14:40:00-04:00,43.18418015,44.91607142857143,41.34392857142858,2026-07-27 15:08:00-04:00,41.34392857142858,target,1.0625676111085816,-0.4479610582945737,1.1052542233360854,1,46,84.65157261428558,layers=rsi5 > 90 (short-term overbought) + sma20_dist_pct > 1.0 (close > 1% above 5-min SMA20) + bear_div == 1 (price at 20-bar high while RSI(14) is >5 below its 20-bar max) + time window 13:00-15:00 ET (bar close),27.0,28,False,14:40,15:08
AMAT,exhaustion_short,-1,2026-07-27,2026-07-27 15:00:00-04:00,2026-07-27 15:00:00-04:00,512.33876,522.2859589285715,502.1240410714286,2026-07-27 15:55:00-04:00,515.8215759999999,time,-0.3501303256332991,-0.8707215028265061,0.1013109325787536,0,3,-10.448447999999871,layers=rsi5 > 90 (short-term overbought) + sma20_dist_pct > 1.0 (close > 1% above 5-min SMA20) + bear_div == 1 (price at 20-bar high while RSI(14) is >5 below its 20-bar max) + time window 13:00-15:00 ET (bar close),0.0,55,False,15:00,15:55
DIA,intraday_momentum,1,2026-07-27,2026-07-27 15:30:00-04:00,2026-07-27 15:30:00-04:00,521.332127,520.0008053571428,,2026-07-27 15:55:00-04:00,521.047889,time,-0.2135006228772322,-0.2194263133686449,0.1260949980800305,0,3,-0.8527139999998781,first_30m_ret=0.8713,4.0,25,False,15:30,15:55
IWM,intraday_momentum,1,2026-07-27,2026-07-27 15:30:00-04:00,2026-07-27 15:30:00-04:00,293.24932099999995,292.23391428571426,,2026-07-27 15:55:00-04:00,293.110685,time,-0.1365324830430034,-0.3046276882436742,0.1779375667484702,0,6,-0.8318159999997761,first_30m_ret=1.092,4.0,25,False,15:30,15:55
SPY,intraday_momentum,1,2026-07-27,2026-07-27 15:30:00-04:00,2026-07-27 15:30:00-04:00,739.733965,737.8925053571428,,2026-07-27 15:55:00-04:00,738.686123,time,-0.569027946968321,-0.6253544596900488,0.0630125131713287,0,2,-2.09568400000012,first_30m_ret=0.3722,4.0,25,False,15:30,15:55
DIA,heat_fade_short,-1,2026-07-28,2026-07-28 09:50:00-04:00,2026-07-28 09:50:00-04:00,525.107483,526.4341946428572,523.8258053571428,2026-07-28 11:19:00-04:00,526.5168380623214,stop,-1.0622919229730157,-1.2907981996087918,0.5407979977132543,0,3,-4.2280651869642725,heat_score=-34.09,3.0,89,False,09:50,11:19
ITW,heat_fade_short,-1,2026-07-28,2026-07-28 09:50:00-04:00,2026-07-28 09:50:00-04:00,298.180178,299.8653142857143,296.8546857142857,2026-07-28 09:56:00-04:00,299.92530081714284,stop,-1.0355974362056468,-1.1986104727095217,0.2374751546165968,0,6,-10.47073690285697,heat_score=-47.95,0.0,6,False,09:50,09:56
TJX,heat_fade_short,-1,2026-07-28,2026-07-28 09:50:00-04:00,2026-07-28 09:50:00-04:00,159.54404300000002,160.42625892857143,158.85374107142854,2026-07-28 09:56:00-04:00,160.47230155446428,stop,-1.0521897467521468,-1.2762827824059506,0.089595979215665,0,12,-11.139102653571172,heat_score=-28.92,0.0,6,False,09:50,09:56
SCZ,orb20_a,1,2026-07-28,2026-07-28 09:50:00-04:00,2026-07-28 09:51:00-04:00,82.80827900000001,82.655,82.9925,2026-07-28 11:16:00-04:00,82.9925,target,1.2018671833713648,-0.7716582180207735,1.3512679492948834,1,24,4.42130399999985,rv20=32.29;or_width=0.27,84.0,85,True,09:51,11:16
GLW,orb20_a,-1,2026-07-28,2026-07-28 09:50:00-04:00,2026-07-28 09:52:00-04:00,116.46835099999998,120.74,110.115,2026-07-28 11:46:00-04:00,120.782074,stop,-1.0098495920427917,-1.0070230489443306,0.4607941804207179,0,17,-73.33329100000017,rv20=5.185;or_width=8.5,25.0,114,False,09:52,11:46
AMKR,orb20_a,-1,2026-07-28,2026-07-28 09:50:00-04:00,2026-07-28 09:53:00-04:00,46.615337,49.36,42.535,2026-07-28 15:50:00-04:00,46.234622,time,0.1387110184383328,-0.4061201684869854,0.566676856138624,0,42,15.990030000000388,rv20=7.124;or_width=5.46,299.0,357,False,09:53,15:50
CLS,heat_fade_short,-1,2026-07-28,2026-07-28 09:55:00-04:00,2026-07-28 09:55:00-04:00,327.2522705,333.26863392857143,321.50636607142854,2026-07-28 10:11:00-04:00,321.50636607142854,target,0.9550460999886472,-0.8107438252210433,1.0391942864203936,1,6,34.475426571428784,heat_score=-20.08,15.0,16,False,09:55,10:11
BRX,orb20_a,1,2026-07-28,2026-07-28 09:50:00-04:00,2026-07-28 10:00:00-04:00,32.483247,31.99,33.19,2026-07-28 15:50:00-04:00,32.066792,time,-0.8443132953672277,-0.9797261818115436,0.0947861821764804,0,61,-25.403754999999947,rv20=6.459;or_width=0.96,37.0,350,False,10:00,15:50
RTX,heat_fade_short,-1,2026-07-28,2026-07-28 10:05:00-04:00,2026-07-28 10:05:00-04:00,220.76792000000003,222.27230357142855,219.41769642857145,2026-07-28 10:50:00-04:00,219.41769642857145,target,0.8975261343398315,-0.303832086896511,1.0089979901592718,1,9,12.15201214285753,heat_score=-18.01,44.0,45,False,10:05,10:50
UAL,heat_fade_short,-1,2026-07-28,2026-07-28 10:05:00-04:00,2026-07-28 10:05:00-04:00,120.5029475,121.70380178571428,119.33619821428572,2026-07-28 11:22:00-04:00,121.74597216589284,stop,-1.0351169835343448,-1.0717807441845113,0.7269387388502159,0,16,-19.88839465428555,heat_score=-16.68,35.0,77,False,10:05,11:22
MA,heat_fade_short,-1,2026-07-28,2026-07-28 10:10:00-04:00,2026-07-28 10:10:00-04:00,558.72562085,561.8016678571429,556.1083321428572,2026-07-28 10:16:00-04:00,561.8878480239285,stop,-1.0280165311471297,-1.1782587007233178,0.0554675691248849,0,3,-9.4866815217855,heat_score=-11.57,1.0,6,False,10:10,10:16
TRU,orb20_a,1,2026-07-28,2026-07-28 09:50:00-04:00,2026-07-28 10:14:00-04:00,85.378536,81.135,91.6975,2026-07-28 15:50:00-04:00,83.97160099999999,time,-0.3315477941037868,-0.4073338838176451,0.2619193050324069,0,23,-32.3595050000001,rv20=8.228;or_width=8.45,216.0,336,True,10:14,15:50
UNP,heat_fade_short,-1,2026-07-28,2026-07-28 10:15:00-04:00,2026-07-28 10:15:00-04:00,301.369859,303.1949964285714,299.7150035714285,2026-07-28 11:25:00-04:00,299.7150035714285,target,0.9067018201839104,-0.9205558845588424,0.9587546519002116,1,6,9.929132571428797,heat_score=-26.67,69.0,70,False,10:15,11:25
ELV,heat_fade_short,-1,2026-07-28,2026-07-28 10:30:00-04:00,2026-07-28 10:30:00-04:00,374.142581,378.0023642857143,370.3576357142857,2026-07-28 11:13:00-04:00,378.0701645221428,stop,-1.0175658142982962,-1.0602717036333995,0.1250280039778648,0,5,-19.63791761071405,heat_score=-12.31,0.0,43,False,10:30,11:13
LMT,heat_fade_long,1,2026-07-28,2026-07-28 11:05:00-04:00,2026-07-28 11:05:00-04:00,582.308224,578.0440232142857,586.2359767857142,2026-07-28 13:13:00-04:00,577.9562188119644,stop,-1.0205910572071353,-1.0055164415251223,0.0801500720005927,0,3,-13.056015564106817,heat_score=61.89,2.0,128,False,11:05,13:13
DHR,heat_fade_long,1,2026-07-28,2026-07-28 11:10:00-04:00,2026-07-28 11:10:00-04:00,199.819979,197.78321607142857,201.63678392857145,2026-07-28 15:55:00-04:00,200.29996700000004,time,0.2356621839816726,-0.6664884660641951,0.8346680785241957,0,10,4.799880000000485,heat_score=62.81,89.0,285,False,11:10,15:55
RTX,heat_fade_long,1,2026-07-28,2026-07-28 11:15:00-04:00,2026-07-28 11:15:00-04:00,217.251722,215.82269642857145,218.67730357142855,2026-07-28 15:55:00-04:00,217.778219,time,0.3684307758563568,-0.945904696896846,0.8420269196422476,0,9,4.738473000000056,heat_score=63.36,260.0,280,False,11:15,15:55
SSPC,heat_fade_long,1,2026-07-28,2026-07-28 11:15:00-04:00,2026-07-28 11:15:00-04:00,21.09200799,20.5420625,21.517737500000003,2026-07-28 11:22:00-04:00,20.51000829375,stop,-1.0582861516875108,-1.1128520937593285,0.0,0,94,-54.70797144750013,heat_score=70.6,0.0,7,False,11:15,11:22
CVX,heat_fade_long,1,2026-07-28,2026-07-28 11:20:00-04:00,2026-07-28 11:20:00-04:00,188.918889,187.95435178571427,189.8256482142857,2026-07-28 11:38:00-04:00,187.9055563505357,stop,-1.0505894790329031,-1.0874531168574229,0.0,0,10,-10.133326494642745,heat_score=57.83,0.0,18,False,11:20,11:38
ISRG,heat_fade_long,1,2026-07-28,2026-07-28 11:20:00-04:00,2026-07-28 11:20:00-04:00,364.54645,360.0151821428572,368.84481785714286,2026-07-28 15:55:00-04:00,361.163879,time,-0.7464954857320759,-0.8629924611134508,0.3406441748012792,0,5,-16.912854999999922,heat_score=57.87,11.0,275,False,11:20,15:55
XOP,heat_fade_long,1,2026-07-28,2026-07-28 11:20:00-04:00,2026-07-28 11:20:00-04:00,167.08920625,166.0025,168.1975,2026-07-28 11:42:00-04:00,165.95589975,stop,-1.0428821036043658,-1.0575132424240683,0.4056236448442392,0,11,-12.466371500000037,heat_score=60.98,12.0,22,False,11:20,11:42
CLS,orb20_a,1,2026-07-28,2026-07-28 09:50:00-04:00,2026-07-28 11:26:00-04:00,336.053601,326.57,350.17,2026-07-28 15:31:00-04:00,350.17,target,1.4885062119336372,-0.5328778593700828,1.5486099636625483,1,5,70.581995,rv20=8.678;or_width=18.88,244.0,245,False,11:26,15:31
COP,heat_fade_long,1,2026-07-28,2026-07-28 11:40:00-04:00,2026-07-28 11:40:00-04:00,114.151413,113.39577857142856,114.86422142857144,2026-07-28 12:10:00-04:00,113.35443899357142,stop,-1.0547084361088448,-1.0804338303423728,0.5142526403073531,0,17,-13.548558109285937,heat_score=57.62,11.0,30,False,11:40,12:10
MRK,heat_fade_long,1,2026-07-28,2026-07-28 11:40:00-04:00,2026-07-28 11:40:00-04:00,131.5481525,130.69107321428572,132.3489267857143,2026-07-28 15:55:00-04:00,131.736824,time,0.2201330765365464,-0.4762132358150018,0.7488776250905603,0,15,2.830072500000398,heat_score=58.11,146.0,255,False,11:40,15:55
EXE,heat_fade_long,1,2026-07-28,2026-07-28 11:45:00-04:00,2026-07-28 11:45:00-04:00,89.01389950000001,88.37084464285714,89.56915535714286,2026-07-28 12:05:00-04:00,88.33200755839285,stop,-1.0603946677844034,-1.17237198603805,0.3205022055438736,0,22,-15.00162271535757,heat_score=57.79,6.0,20,False,11:45,12:05
SOXS,heat_fade_long,1,2026-07-28,2026-07-28 11:45:00-04:00,2026-07-28 11:45:00-04:00,61.386137,59.62656607142858,63.13343392857143,2026-07-28 12:32:00-04:00,63.13343392857143,target,0.9930244357867654,-0.4467776701893193,1.0308552900863528,1,32,55.91350171428576,heat_score=59.92,46.0,47,False,11:45,12:32
SBUX,heat_fade_long,1,2026-07-28,2026-07-28 11:50:00-04:00,2026-07-28 11:50:00-04:00,103.630361,102.91560535714284,104.27439464285716,2026-07-28 14:00:00-04:00,102.87531379660712,stop,-1.0563710982044994,-1.0638055223468326,0.2723154436695978,0,19,-14.345896864464663,heat_score=58.15,3.0,130,False,11:50,14:00
TSLQ,heat_fade_long,1,2026-07-28,2026-07-28 12:00:00-04:00,2026-07-28 12:00:00-04:00,27.542753,27.104814285714284,27.975185714285715,2026-07-28 12:11:00-04:00,27.975185714285715,target,0.987427464573475,-0.5771423985939326,1.146843116665697,1,72,31.13515542857138,heat_score=65.89,10.0,11,False,12:00,12:11
MCD,heat_fade_long,1,2026-07-28,2026-07-28 12:30:00-04:00,2026-07-28 12:30:00-04:00,273.157312,271.7354053571429,274.46459464285715,2026-07-28 13:00:00-04:00,271.6782318166072,stop,-1.0402090677492153,-1.031932727349569,0.2972684614164748,0,7,-10.35356128374957,heat_score=59.91,1.0,30,False,12:30,13:00
UNP,heat_fade_long,1,2026-07-28,2026-07-28 12:30:00-04:00,2026-07-28 12:30:00-04:00,297.429739,295.6300035714286,299.10999642857143,2026-07-28 15:42:00-04:00,295.57044057107146,stop,-1.033095420255407,-1.0833475682298623,0.6557969472973565,0,6,-11.155790573571151,heat_score=59.48,6.0,192,False,12:30,15:42
CBRS,exhaustion_short,-1,2026-07-28,2026-07-28 13:00:00-04:00,2026-07-28 13:00:00-04:00,191.750822,197.7451035714286,186.21229642857145,2026-07-28 15:55:00-04:00,190.509048,time,0.2071597713925999,-0.2484331078303185,0.8086243434248322,0,10,12.417740000000208,layers=rsi5 > 90 (short-term overbought) + sma20_dist_pct > 1.0 (close > 1% above 5-min SMA20) + bear_div == 1 (price at 20-bar high while RSI(14) is >5 below its 20-bar max) + time window 13:00-15:00 ET (bar close),101.0,175,False,13:00,15:55
CRCL,exhaustion_short,-1,2026-07-28,2026-07-28 13:00:00-04:00,2026-07-28 13:00:00-04:00,65.693429,66.92238392857142,64.48761607142858,2026-07-28 13:55:00-04:00,64.48761607142858,target,0.981169366376269,-0.0541687888240087,1.0361885292898945,1,30,36.17438785714256,layers=rsi5 > 90 (short-term overbought) + sma20_dist_pct > 1.0 (close > 1% above 5-min SMA20) + bear_div == 1 (price at 20-bar high while RSI(14) is >5 below its 20-bar max) + time window 13:00-15:00 ET (bar close),54.0,55,False,13:00,13:55
CRWV,exhaustion_short,-1,2026-07-28,2026-07-28 13:00:00-04:00,2026-07-28 13:00:00-04:00,67.823216,69.37301428571429,66.30698571428572,2026-07-28 13:55:00-04:00,66.30698571428572,target,0.9783404070649548,-0.2108558275049269,0.9860741324124376,1,29,43.9706782857143,layers=rsi5 > 90 (short-term overbought) + sma20_dist_pct > 1.0 (close > 1% above 5-min SMA20) + bear_div == 1 (price at 20-bar high while RSI(14) is >5 below its 20-bar max) + time window 13:00-15:00 ET (bar close),54.0,55,False,13:00,13:55
FTAI,exhaustion_short,-1,2026-07-28,2026-07-28 13:00:00-04:00,2026-07-28 13:00:00-04:00,208.429154,212.03638214285715,204.87361785714288,2026-07-28 15:53:00-04:00,212.08758578107145,stop,-1.01419473240573,-1.056447180238947,0.5694549716982966,0,9,-32.925886029642726,layers=rsi5 > 90 (short-term overbought) + sma20_dist_pct > 1.0 (close > 1% above 5-min SMA20) + bear_div == 1 (price at 20-bar high while RSI(14) is >5 below its 20-bar max) + time window 13:00-15:00 ET (bar close),55.0,173,False,13:00,15:53
IBM,exhaustion_short,-1,2026-07-28,2026-07-28 13:00:00-04:00,2026-07-28 13:00:00-04:00,228.437153,232.17844285714284,224.7615571428572,2026-07-28 15:55:00-04:00,226.212618,time,0.5945903912665256,-0.1450962156710661,0.694186523677542,0,8,17.79628000000025,layers=rsi5 > 90 (short-term overbought) + sma20_dist_pct > 1.0 (close > 1% above 5-min SMA20) + bear_div == 1 (price at 20-bar high while RSI(14) is >5 below its 20-bar max) + time window 13:00-15:00 ET (bar close),170.0,175,False,13:00,15:55
OSCR,exhaustion_short,-1,2026-07-28,2026-07-28 13:00:00-04:00,2026-07-28 13:00:00-04:00,30.876911,31.3040125,30.5059875,2026-07-28 13:57:00-04:00,31.337142901250004,stop,-1.0775703228623683,-1.0374325540884255,0.0,0,64,-29.4548416800003,layers=rsi5 > 90 (short-term overbought) + sma20_dist_pct > 1.0 (close > 1% above 5-min SMA20) + bear_div == 1 (price at 20-bar high while RSI(14) is >5 below its 20-bar max) + time window 13:00-15:00 ET (bar close),0.0,57,False,13:00,13:57
PATH,exhaustion_short,-1,2026-07-28,2026-07-28 13:00:00-04:00,2026-07-28 13:00:00-04:00,12.178781,12.396239285714286,12.003560714285712,2026-07-28 15:55:00-04:00,12.11121,time,0.3107308593832066,-0.2815206594631003,0.6381959627068015,0,164,11.081643999999862,layers=rsi5 > 90 (short-term overbought) + sma20_dist_pct > 1.0 (close > 1% above 5-min SMA20) + bear_div == 1 (price at 20-bar high while RSI(14) is >5 below its 20-bar max) + time window 13:00-15:00 ET (bar close),142.0,175,False,13:00,15:55
STX,exhaustion_short,-1,2026-07-28,2026-07-28 13:00:00-04:00,2026-07-28 13:00:00-04:00,752.254766,770.5685339285715,734.1314660714286,2026-07-28 15:55:00-04:00,745.1645080000001,time,0.3871545182648286,-0.3830579281861185,0.5828820175965096,0,2,14.180515999999898,layers=rsi5 > 90 (short-term overbought) + sma20_dist_pct > 1.0 (close > 1% above 5-min SMA20) + bear_div == 1 (price at 20-bar high while RSI(14) is >5 below its 20-bar max) + time window 13:00-15:00 ET (bar close),173.0,175,False,13:00,15:55
UPST,exhaustion_short,-1,2026-07-28,2026-07-28 13:00:00-04:00,2026-07-28 13:00:00-04:00,27.677231,28.10969642857143,27.27030357142857,2026-07-28 15:55:00-04:00,27.772776000000004,time,-0.2209309546791296,-0.3301281225452229,0.664171008879978,0,72,-6.879240000000351,layers=rsi5 > 90 (short-term overbought) + sma20_dist_pct > 1.0 (close > 1% above 5-min SMA20) + bear_div == 1 (price at 20-bar high while RSI(14) is >5 below its 20-bar max) + time window 13:00-15:00 ET (bar close),64.0,175,False,13:00,15:55
CNC,exhaustion_short,-1,2026-07-28,2026-07-28 13:40:00-04:00,2026-07-28 13:40:00-04:00,63.863612,64.47983571428571,63.26016428571428,2026-07-28 14:09:00-04:00,63.26016428571428,target,0.9792672698180768,-0.6270255282983958,1.0282174887320794,1,31,18.70687914285736,layers=rsi5 > 90 (short-term overbought) + sma20_dist_pct > 1.0 (close > 1% above 5-min SMA20) + bear_div == 1 (price at 20-bar high while RSI(14) is >5 below its 20-bar max) + time window 13:00-15:00 ET (bar close),28.0,29,False,13:40,14:09
INCY,exhaustion_short,-1,2026-07-28,2026-07-28 14:40:00-04:00,2026-07-28 14:40:00-04:00,131.136884,132.06841964285712,130.45158035714286,2026-07-28 14:48:00-04:00,132.1116264848214,stop,-1.0463823819255826,-1.216395753279628,0.1469444578418622,0,15,-14.62113727232108,layers=rsi5 > 90 (short-term overbought) + sma20_dist_pct > 1.0 (close > 1% above 5-min SMA20) + bear_div == 1 (price at 20-bar high while RSI(14) is >5 below its 20-bar max) + time window 13:00-15:00 ET (bar close),2.0,8,False,14:40,14:48
DIA,intraday_momentum,1,2026-07-28,2026-07-28 15:30:00-04:00,2026-07-28 15:30:00-04:00,527.2377174999999,525.8758053571428,,2026-07-28 15:55:00-04:00,527.207273,time,-0.0223542319962441,-0.1965747213606958,0.1411856858817972,0,3,-0.0913334999997914,first_30m_ret=0.6656,7.0,25,False,15:30,15:55
IWM,intraday_momentum,-1,2026-07-28,2026-07-28 15:30:00-04:00,2026-07-28 15:30:00-04:00,293.480648,294.4694625,,2026-07-28 15:55:00-04:00,293.679364,time,-0.2009638814964597,-0.2016070759480405,0.5164244658628312,0,6,-1.192295999999942,first_30m_ret=-0.5973,16.0,25,False,15:30,15:55
QQQ,intraday_momentum,-1,2026-07-28,2026-07-28 15:30:00-04:00,2026-07-28 15:30:00-04:00,677.872205,681.1925875,,2026-07-28 15:55:00-04:00,677.0977019999999,time,0.2332571623902095,-0.056558242913261,0.6210745298170021,0,2,1.5490060000001904,first_30m_ret=-1.859,16.0,25,False,15:30,15:55
SPY,intraday_momentum,-1,2026-07-28,2026-07-28 15:30:00-04:00,2026-07-28 15:30:00-04:00,741.6258290000001,743.5212446428571,,2026-07-28 15:55:00-04:00,741.714163,time,-0.0466040260524424,-0.0549594493389998,0.4093186647075417,0,2,-0.1766679999998359,first_30m_ret=-0.341,21.0,25,False,15:30,15:55
BE,heat_fade_short,-1,2026-07-29,2026-07-29 09:50:00-04:00,2026-07-29 09:50:00-04:00,173.0976875,179.44758392857142,166.88241607142857,2026-07-29 09:56:00-04:00,166.88241607142857,target,0.9787988667981692,-0.1247756571957557,1.0169752487526569,1,11,68.36798571428585,heat_score=-11.51,5.0,6,False,09:50,09:56
CCI,heat_fade_short,-1,2026-07-29,2026-07-29 09:50:00-04:00,2026-07-29 09:50:00-04:00,76.90730749999999,77.47598214285713,76.34401785714286,2026-07-29 09:53:00-04:00,77.51372974107142,stop,-1.0663781983044451,-1.1829127752562614,0.0,0,26,-15.766978267857128,heat_score=-11.91,0.0,3,False,09:50,09:53
COP,heat_fade_short,-1,2026-07-29,2026-07-29 09:50:00-04:00,2026-07-29 09:50:00-04:00,117.618236,118.39850714285714,116.89149285714284,2026-07-29 10:29:00-04:00,118.44034699357142,stop,-1.0536221941530173,-1.0147293120450045,0.1196199562862494,0,17,-13.975886890714278,heat_score=-19.56,0.0,39,False,09:50,10:29
CVX,heat_fade_short,-1,2026-07-29,2026-07-29 09:50:00-04:00,2026-07-29 09:50:00-04:00,192.05079200000003,193.05689821428567,191.1631017857143,2026-07-29 10:42:00-04:00,193.1062039041072,stop,-1.049006445961019,-1.0925367365714778,0.5772670834881745,0,10,-10.554119041071315,heat_score=-12.95,19.0,52,False,09:50,10:42
EXE,heat_fade_short,-1,2026-07-29,2026-07-29 09:50:00-04:00,2026-07-29 09:50:00-04:00,91.220876,91.89545,90.64455,2026-07-29 10:09:00-04:00,91.934639545,stop,-1.058095249742799,-1.1105141911784346,0.6387379294191285,0,21,-14.98903444500013,heat_score=-36.05,3.0,19,False,09:50,10:09
SAP,heat_fade_short,-1,2026-07-29,2026-07-29 09:50:00-04:00,2026-07-29 09:50:00-04:00,183.111686,184.8944928571429,181.3255071428572,2026-07-29 10:00:00-04:00,184.94298230642855,stop,-1.027198374906085,-1.0199164271299954,0.0009456997504934,0,10,-18.31296306428584,heat_score=-37.87,0.0,10,False,09:50,10:00
TER,heat_fade_short,-1,2026-07-29,2026-07-29 09:50:00-04:00,2026-07-29 09:50:00-04:00,354.9794975,362.0755178571428,347.97448214285714,2026-07-29 09:53:00-04:00,347.97448214285714,target,0.9871752059013768,-0.1663612053778503,1.4104381042150549,1,5,35.02507678571419,heat_score=-26.32,2.0,3,False,09:50,09:53
XOM,heat_fade_short,-1,2026-07-29,2026-07-29 09:50:00-04:00,2026-07-29 09:50:00-04:00,157.324265,158.22669642857142,156.48330357142856,2026-07-29 10:19:00-04:00,158.27251909821427,stop,-1.0507768991549846,-1.0309204340021354,0.3260801770455047,0,12,-11.379049178571336,heat_score=-11.42,11.0,29,False,09:50,10:19
MOD,orb20_a,-1,2026-07-29,2026-07-29 09:50:00-04:00,2026-07-29 09:51:00-04:00,193.47074999,199.31005,184.785175,2026-07-29 10:40:00-04:00,184.785175,target,1.4874342772465308,-0.1420118864555499,1.6013477598319217,1,10,86.85574989999992,rv20=6.926;or_width=11.62,48.0,49,False,09:51,10:40
SWKS,orb20_a,1,2026-07-29,2026-07-29 09:50:00-04:00,2026-07-29 09:51:00-04:00,60.666065,59.08,63.005,2026-07-29 10:31:00-04:00,63.005,target,1.474677897816295,-0.9179730969411728,1.4935926333410066,1,32,74.84591999999998,rv20=10.58;or_width=3.14,39.0,40,True,09:51,10:31
CSGP,orb20_a,1,2026-07-29,2026-07-29 09:50:00-04:00,2026-07-29 09:52:00-04:00,28.332832,27.112,30.132,2026-07-29 13:49:00-04:00,30.132,target,1.4737228381955951,-0.0965177845928024,1.480275746376245,1,70,125.94176000000012,rv20=7.186;or_width=2.416,236.0,237,False,09:52,13:49
VFC,orb20_a,-1,2026-07-29,2026-07-29 09:50:00-04:00,2026-07-29 09:54:00-04:00,14.9235065,15.5925,13.94875,2026-07-29 15:50:00-04:00,15.0565045,time,-0.1988031273846437,-0.6225673343612442,0.3340936795350039,0,134,-17.821731999999844,rv20=18.26;or_width=1.315,231.0,356,False,09:54,15:50
CAKE,orb20_a,1,2026-07-29,2026-07-29 09:50:00-04:00,2026-07-29 09:55:00-04:00,97.969795,95.245,102.0075,2026-07-29 15:50:00-04:00,100.459952,time,0.9138878337636396,-0.3907798568332676,1.409355566198557,1,20,49.80313999999993,rv20=8.174;or_width=5.41,295.0,355,True,09:55,15:50
RAL,orb20_a,1,2026-07-29,2026-07-29 09:50:00-04:00,2026-07-29 09:57:00-04:00,70.35203350000002,68.7425,72.72375000000001,2026-07-29 10:11:00-04:00,68.70562575000001,stop,-1.0229098990483867,-1.113386891294902,0.3341753992693998,0,28,-46.09941700000024,rv20=13.08;or_width=3.185,0.0,14,True,09:57,10:11
ITW,heat_fade_short,-1,2026-07-29,2026-07-29 10:00:00-04:00,2026-07-29 10:00:00-04:00,297.350261,299.0646,295.6904,2026-07-29 10:06:00-04:00,295.6904,target,0.968222154428023,-0.2185909554644878,1.1813655292214702,1,6,9.959165999999868,heat_score=-24.42,5.0,6,False,10:00,10:06
MAS,orb20_a,-1,2026-07-29,2026-07-29 09:50:00-04:00,2026-07-29 10:04:00-04:00,71.79281899999998,73.88499999999999,68.69749999999999,2026-07-29 14:01:00-04:00,73.9223885,stop,-1.0178705857667216,-1.025332416268005,0.1973151462516783,0,27,-57.49837650000045,rv20=11.89;or_width=4.15,11.0,237,False,10:04,14:01
EQNR,heat_fade_short,-1,2026-07-29,2026-07-29 10:05:00-04:00,2026-07-29 10:05:00-04:00,40.715927,41.04719107142857,40.41040892857143,2026-07-29 11:55:00-04:00,41.08129579053571,stop,-1.1029532691549224,-1.0084794241624588,0.0933605623653244,0,49,-17.903070736249873,heat_score=-11.87,2.0,110,False,10:05,11:55
STX,heat_fade_short,-1,2026-07-29,2026-07-29 10:05:00-04:00,2026-07-29 10:05:00-04:00,787.541237,805.7935339285714,766.9564660714286,2026-07-29 10:13:00-04:00,766.9564660714286,target,1.1277907108967142,-0.2979769078535201,1.2349808403957614,1,2,41.1695418571428,heat_score=-40.17,7.0,8,False,10:05,10:13
AEP,heat_fade_long,1,2026-07-29,2026-07-29 11:05:00-04:00,2026-07-29 11:05:00-04:00,130.74307199999998,130.1343767857143,131.3656232142857,2026-07-29 11:30:00-04:00,131.3656232142857,target,1.0227634449472265,-0.1939755681150585,1.1449539665230777,1,15,9.33826821428582,heat_score=60.04,24.0,25,False,11:05,11:30
DINO,heat_fade_long,1,2026-07-29,2026-07-29 11:05:00-04:00,2026-07-29 11:05:00-04:00,89.15891400000001,88.2453357142857,89.89466428571428,2026-07-29 11:37:00-04:00,89.89466428571428,target,0.8053500145737444,-0.0973249927131277,0.8221364405708567,1,22,16.186506285714046,heat_score=57.99,31.0,32,False,11:05,11:37
FROG,heat_fade_long,1,2026-07-29,2026-07-29 11:05:00-04:00,2026-07-29 11:05:00-04:00,74.737472,73.37677142857143,76.21322857142857,2026-07-29 11:27:00-04:00,73.33943375142857,stop,-1.0274400392906855,-1.0711188270243992,0.0680002654095005,0,26,-36.34899446285704,heat_score=66.54,5.0,22,False,11:05,11:27
APLD,heat_fade_long,1,2026-07-29,2026-07-29 11:15:00-04:00,2026-07-29 11:15:00-04:00,23.87218598,23.265025,24.474975,2026-07-29 14:01:00-04:00,24.474975,target,0.992799339641358,-0.6129939048454683,1.3304774954411578,1,83,50.03148865999995,heat_score=63.49,165.0,166,False,11:15,14:01
AXTI,heat_fade_long,1,2026-07-29,2026-07-29 11:15:00-04:00,2026-07-29 11:15:00-04:00,39.183917,37.404741071428575,40.95525892857143,2026-07-29 15:45:00-04:00,37.37100059732144,stop,-1.018964102180852,-1.0982146108332775,0.835264785306104,0,51,-92.45873653660692,heat_score=77.63,227.0,270,False,11:15,15:45
BE,heat_fade_long,1,2026-07-29,2026-07-29 11:15:00-04:00,2026-07-29 11:15:00-04:00,161.146112,154.83741607142858,167.40258392857143,2026-07-29 13:02:00-04:00,167.40258392857143,target,0.991721902499144,-0.60427892597183,1.005578343262548,1,12,75.07766314285732,heat_score=73.51,106.0,107,False,11:15,13:02
COHR,heat_fade_long,1,2026-07-29,2026-07-29 11:15:00-04:00,2026-07-29 11:15:00-04:00,226.902687,220.7709357142857,233.4790642857143,2026-07-29 14:59:00-04:00,233.4790642857143,target,1.0725120735141225,-0.9544886488849506,1.123221193926446,1,8,52.61101828571441,heat_score=58.43,223.0,224,False,11:15,14:59
GEV,heat_fade_long,1,2026-07-29,2026-07-29 11:15:00-04:00,2026-07-29 11:15:00-04:00,915.491539,898.4806142857143,929.7793857142856,2026-07-29 12:07:00-04:00,898.3607662242857,stop,-1.007045358405938,-1.027077557125833,0.163198711805984,0,2,-34.261545551428526,heat_score=64.89,1.0,52,False,11:15,12:07
LITE,heat_fade_long,1,2026-07-29,2026-07-29 11:15:00-04:00,2026-07-29 11:15:00-04:00,607.160709,588.2929053571429,625.9270946428571,2026-07-29 14:11:00-04:00,625.9270946428571,target,0.9946248115615534,-0.6530017607356378,1.1023694858025597,1,3,56.29915692857139,heat_score=74.63,175.0,176,False,11:15,14:11
AAOI,heat_fade_long,1,2026-07-29,2026-07-29 11:20:00-04:00,2026-07-29 11:20:00-04:00,80.43804200000001,77.23395535714286,83.66684464285714,2026-07-29 15:41:00-04:00,77.19623196160714,stop,-1.0117735254194258,-1.0647471121311096,0.9462784056601948,0,24,-77.80344092142889,heat_score=66.26,222.0,261,False,11:20,15:41
ASTS,heat_fade_long,1,2026-07-29,2026-07-29 11:20:00-04:00,2026-07-29 11:20:00-04:00,55.7165701,54.378921428571424,57.02247857142857,2026-07-29 12:08:00-04:00,54.343483536428565,stop,-1.026492675468374,-1.044048508274222,0.0714162859355132,0,35,-48.05802972500018,heat_score=76.46,3.0,48,False,11:20,12:08
CLS,heat_fade_long,1,2026-07-29,2026-07-29 11:20:00-04:00,2026-07-29 11:20:00-04:00,328.782874,322.6331517857143,334.8468482142857,2026-07-29 11:56:00-04:00,322.5708884705357,stop,-1.0101245736000732,-1.063930007245042,0.3588984872963692,0,6,-37.27191317678546,heat_score=59.26,3.0,36,False,11:20,11:56
FCEL,heat_fade_long,1,2026-07-29,2026-07-29 11:20:00-04:00,2026-07-29 11:20:00-04:00,19.081907,18.446003571428573,19.75399642857143,2026-07-29 14:01:00-04:00,19.75399642857143,target,1.0569048669564394,-0.9308127199907312,1.1764254859902323,1,104,69.89730057142859,heat_score=67.42,160.0,161,False,11:20,14:01
FORM,heat_fade_long,1,2026-07-29,2026-07-29 11:20:00-04:00,2026-07-29 11:20:00-04:00,84.908489,82.57651964285715,87.22348035714286,2026-07-29 12:14:00-04:00,82.53826199089286,stop,-1.016405726707816,-1.0285250930306584,0.0220890552623309,0,23,-54.515221209464215,heat_score=59.04,3.0,54,False,11:20,12:14
GD,heat_fade_long,1,2026-07-29,2026-07-29 11:20:00-04:00,2026-07-29 11:20:00-04:00,388.788874,386.8668267857143,390.7531732142857,2026-07-29 13:17:00-04:00,390.7531732142857,target,1.0219828106645463,-0.4149606700979991,1.202429359082558,1,5,9.821496071428442,heat_score=58.2,116.0,117,False,11:20,13:17
ITW,heat_fade_long,1,2026-07-29,2026-07-29 11:20:00-04:00,2026-07-29 11:20:00-04:00,292.3042265,290.54290000000003,293.9171,2026-07-29 14:36:00-04:00,290.4838457100001,stop,-1.0335283038096297,-1.0924871112766663,0.8350373993692017,0,6,-10.922284739999329,heat_score=58.63,161.0,196,False,11:20,14:36
MU,heat_fade_long,1,2026-07-29,2026-07-29 11:20:00-04:00,2026-07-29 11:20:00-04:00,780.8980809999999,761.2546571428571,799.8655428571429,2026-07-29 12:14:00-04:00,761.1485316771428,stop,-1.0054025951120378,-1.000746160290778,0.3355738311171838,0,2,-39.49909864571418,heat_score=60.91,6.0,54,False,11:20,12:14
MUU,heat_fade_long,1,2026-07-29,2026-07-29 11:20:00-04:00,2026-07-29 11:20:00-04:00,22.192218,20.8166625,23.5333375,2026-07-29 15:23:00-04:00,20.78458083375,stop,-1.0233226985388817,-1.0048434977723553,0.6090499438226957,0,90,-126.68734496250012,heat_score=64.05,207.0,243,False,11:20,15:23
SEI,heat_fade_long,1,2026-07-29,2026-07-29 11:20:00-04:00,2026-07-29 11:20:00-04:00,44.10690925,42.81151785714286,45.24848214285714,2026-07-29 14:02:00-04:00,45.24848214285714,target,0.8812571236398794,-0.7232634516225507,0.9210272328338476,1,45,51.37078017857135,heat_score=73.98,161.0,162,False,11:20,14:02
NBIS,heat_fade_long,1,2026-07-29,2026-07-29 11:25:00-04:00,2026-07-29 11:25:00-04:00,152.37523499999998,146.53609285714285,157.78390714285715,2026-07-29 12:18:00-04:00,146.49143924785713,stop,-1.0076472893094992,-1.0524208607453225,0.1275469892287313,0,13,-76.48934477785699,heat_score=58.71,1.0,53,False,11:25,12:18
INIO,heat_fade_long,1,2026-07-29,2026-07-29 11:45:00-04:00,2026-07-29 11:45:00-04:00,23.2773265,22.56982142857143,23.96017857142857,2026-07-29 12:36:00-04:00,22.53756444642857,stop,-1.045592580810376,-1.0562843012432728,0.1027179916226756,0,85,-62.87977455357145,heat_score=71.15,0.0,51,False,11:45,12:36
MULL,heat_fade_long,1,2026-07-29,2026-07-29 11:55:00-04:00,2026-07-29 11:55:00-04:00,15.0865075,14.149008928571428,16.03099107142857,2026-07-29 14:48:00-04:00,16.03099107142857,target,1.0074506780200791,-0.5776088801659123,1.0277268993933713,1,132,124.67183142857128,heat_score=59.04,172.0,173,False,11:55,14:48
NXT,heat_fade_long,1,2026-07-29,2026-07-29 11:55:00-04:00,2026-07-29 11:55:00-04:00,92.379236,90.64339285714286,94.05660714285712,2026-07-29 14:01:00-04:00,94.05660714285712,target,0.9663149287188588,-0.7369536845906624,1.8324028948632696,1,21,35.22479399999965,heat_score=60.01,125.0,126,False,11:55,14:01
SNDU,heat_fade_long,1,2026-07-29,2026-07-29 11:55:00-04:00,2026-07-29 11:55:00-04:00,10.631061999999998,8.811012499999999,12.4289875,2026-07-29 14:42:00-04:00,12.4289875,target,0.9878442866526442,-0.1324480460558889,1.0048287148234163,1,137,246.3157935000002,heat_score=57.58,166.0,167,False,11:55,14:42
TER,heat_fade_long,1,2026-07-29,2026-07-29 11:55:00-04:00,2026-07-29 11:55:00-04:00,329.002896,321.90948214285714,336.0105178571428,2026-07-29 13:04:00-04:00,336.0105178571428,target,0.9879054004562866,-0.3655357000478667,1.0963837944079262,1,6,42.04573114285711,heat_score=58.23,68.0,69,False,11:55,13:04
WULF,heat_fade_long,1,2026-07-29,2026-07-29 11:55:00-04:00,2026-07-29 11:55:00-04:00,15.5265515,15.080810714285716,15.939189285714283,2026-07-29 13:18:00-04:00,15.939189285714283,target,0.92573486416112,-0.373651021710089,0.9275536662804176,1,128,52.81763657142847,heat_score=66.05,82.0,83,False,11:55,13:18
AMKR,heat_fade_long,1,2026-07-29,2026-07-29 12:05:00-04:00,2026-07-29 12:05:00-04:00,44.2434229,42.670133928571424,45.70986607142857,2026-07-29 14:01:00-04:00,45.70986607142857,target,0.9320876190322596,-0.1610784189060222,1.1037241927802046,1,45,65.98994271428577,heat_score=60.82,115.0,116,False,12:05,14:01
CORZ,heat_fade_long,1,2026-07-29,2026-07-29 12:05:00-04:00,2026-07-29 12:05:00-04:00,18.591858,18.171951785714285,18.988048214285712,2026-07-29 13:05:00-04:00,18.988048214285712,target,0.943520721548876,-0.4330919472324313,1.0672430765577448,1,107,42.39235292857134,heat_score=59.96,59.0,60,False,12:05,13:05
MS,heat_fade_long,1,2026-07-29,2026-07-29 12:05:00-04:00,2026-07-29 12:05:00-04:00,203.6153585,201.70170178571428,205.4982982142857,2026-07-29 13:02:00-04:00,205.4982982142857,target,0.9839485317451794,-0.0916352962842877,1.0188042011117635,1,9,16.946457428571534,heat_score=66.69,56.0,57,False,12:05,13:02
MXL,heat_fade_long,1,2026-07-29,2026-07-29 12:05:00-04:00,2026-07-29 12:05:00-04:00,56.505649,53.87383928571429,59.24616071428572,2026-07-29 14:45:00-04:00,59.24616071428572,target,1.0413031380688214,-0.1047374354246634,1.1149556079499474,1,35,95.91791000000008,heat_score=69.41,159.0,160,False,12:05,14:45
GFS,heat_fade_long,1,2026-07-29,2026-07-29 12:10:00-04:00,2026-07-29 12:10:00-04:00,46.684667,45.75653571428572,47.583464285714285,2026-07-29 13:11:00-04:00,47.583464285714285,target,0.9683945574817936,-0.3174841798089206,1.104728410497356,1,42,37.74948600000009,heat_score=57.72,60.0,61,False,12:10,13:11
MTUM,heat_fade_long,1,2026-07-29,2026-07-29 12:10:00-04:00,2026-07-29 12:10:00-04:00,283.788375,281.1049571428572,286.29504285714285,2026-07-29 13:05:00-04:00,286.29504285714285,target,0.9341325095793452,-0.308701456165311,0.9434330151978478,1,7,17.546675000000107,heat_score=59.18,54.0,55,False,12:10,13:05
SNDK,heat_fade_long,1,2026-07-29,2026-07-29 12:10:00-04:00,2026-07-29 12:10:00-04:00,1007.13080201,959.1556,1055.9444,2026-07-29 13:14:00-04:00,1055.9444,target,1.0174756112506878,-0.1863629882816591,1.0273890661205825,1,1,48.81359798999995,heat_score=60.88,63.0,64,False,12:10,13:14
SNXX,heat_fade_long,1,2026-07-29,2026-07-29 12:10:00-04:00,2026-07-29 12:10:00-04:00,6.71067,5.556366071428572,7.824433928571429,2026-07-29 14:42:00-04:00,7.824433928571429,target,0.9648792670660225,-0.1305288808870899,0.9913593566438172,1,216,240.5730085714287,heat_score=60.41,151.0,152,False,12:10,14:42
SOLS,heat_fade_long,1,2026-07-29,2026-07-29 12:10:00-04:00,2026-07-29 12:10:00-04:00,54.085407,53.29812678571429,54.82187321428572,2026-07-29 13:05:00-04:00,54.82187321428572,target,0.9354562720135278,-0.2736090607782334,0.9965867117743517,1,36,26.51278371428592,heat_score=62.17,54.0,55,False,12:10,13:05
AVGO,heat_fade_long,1,2026-07-29,2026-07-29 12:15:00-04:00,2026-07-29 12:15:00-04:00,370.677063,366.8816357142857,374.3783642857143,2026-07-29 12:50:00-04:00,374.3783642857143,target,0.9752001572117468,-0.1098856514969429,1.0836558548969906,1,5,18.50650642857147,heat_score=59.19,34.0,35,False,12:15,12:50
CIFR,heat_fade_long,1,2026-07-29,2026-07-29 12:15:00-04:00,2026-07-29 12:15:00-04:00,17.596758500000004,16.93754285714286,18.232457142857143,2026-07-29 13:02:00-04:00,18.232457142857143,target,0.964325785871708,-0.0556092689808168,0.9909374983408228,1,113,71.83394664285677,heat_score=64.23,46.0,47,False,12:15,13:02
GLXY,heat_fade_long,1,2026-07-29,2026-07-29 12:15:00-04:00,2026-07-29 12:15:00-04:00,18.9468935,18.46429285714286,19.415707142857144,2026-07-29 13:14:00-04:00,19.415707142857144,target,0.9714318656552602,-0.1386104660034695,0.9803271234763904,1,105,49.22543249999997,heat_score=60.92,58.0,59,False,12:15,13:14
INTC,heat_fade_long,1,2026-07-29,2026-07-29 12:15:00-04:00,2026-07-29 12:15:00-04:00,81.9331915,80.04964285714286,83.78035714285716,2026-07-29 13:05:00-04:00,83.78035714285716,target,0.980683801218528,-0.0600948111583216,1.022967209956002,1,24,44.33197542857158,heat_score=71.7,49.0,50,False,12:15,13:05
IREN,heat_fade_long,1,2026-07-29,2026-07-29 12:15:00-04:00,2026-07-29 12:15:00-04:00,30.168015500000003,29.247855357142857,31.05854464285714,2026-07-29 13:48:00-04:00,31.05854464285714,target,0.9677979966530572,-0.1173877186905859,0.9856811415279974,1,66,58.77492342857102,heat_score=70.24,92.0,93,False,12:15,13:48
KTOS,heat_fade_long,1,2026-07-29,2026-07-29 12:15:00-04:00,2026-07-29 12:15:00-04:00,44.52445099999999,43.843089285714285,45.23691071428571,2026-07-29 13:01:00-04:00,45.23691071428571,target,1.0456409559680284,-0.0505619838591989,1.0501749437890602,1,44,31.34822742857173,heat_score=68.6,45.0,46,False,12:15,13:01
RAM,heat_fade_long,1,2026-07-29,2026-07-29 12:15:00-04:00,2026-07-29 12:15:00-04:00,8.345833500000001,7.734466071428571,8.945533928571429,2026-07-29 13:11:00-04:00,8.945533928571429,target,0.9809165495988807,-0.0913256045230722,0.9882216025340792,1,239,143.3284024285712,heat_score=64.06,55.0,56,False,12:15,13:11
SPMO,heat_fade_long,1,2026-07-29,2026-07-29 12:15:00-04:00,2026-07-29 12:15:00-04:00,136.84368199999997,135.70291428571431,138.0170857142857,2026-07-29 13:02:00-04:00,138.0170857142857,target,1.02860880404607,-0.0645898363683107,1.0530785408423593,1,14,16.427652000000364,heat_score=64.91,46.0,47,False,12:15,13:02
WDC,heat_fade_long,1,2026-07-29,2026-07-29 12:15:00-04:00,2026-07-29 12:15:00-04:00,458.55585,446.2281196428571,471.0318803571429,2026-07-29 12:56:00-04:00,471.0318803571429,target,1.0120297894019183,-0.0740971755170398,1.0256673072569138,1,4,49.90412142857167,heat_score=59.19,40.0,41,False,12:15,12:56
CNC,heat_fade_long,1,2026-07-29,2026-07-29 12:45:00-04:00,2026-07-29 12:45:00-04:00,62.3312315,61.615342857142856,63.02465714285714,2026-07-29 13:47:00-04:00,61.57918132285714,stop,-1.050512792242933,-1.028416231135709,0.3754333899296717,0,32,-24.06560566857138,heat_score=64.75,29.0,62,False,12:45,13:47
SSPC,heat_fade_long,1,2026-07-29,2026-07-29 12:55:00-04:00,2026-07-29 12:55:00-04:00,20.502049,19.941716071428573,21.018283928571428,2026-07-29 14:01:00-04:00,19.909721899821427,stop,-1.0570985033642677,-1.110141789428509,0.2997343033688821,0,97,-57.4557287173215,heat_score=67.65,40.0,66,False,12:55,14:01
SOFI,exhaustion_short,-1,2026-07-29,2026-07-29 13:05:00-04:00,2026-07-29 13:05:00-04:00,15.40855799,15.632396428571427,15.217603571428572,2026-07-29 14:01:00-04:00,15.663959668214286,stop,-1.141009023491668,-1.302019491647756,0.1052455072075698,0,129,-32.94681648964284,layers=rsi5 > 90 (short-term overbought) + sma20_dist_pct > 1.0 (close > 1% above 5-min SMA20) + bear_div == 1 (price at 20-bar high while RSI(14) is >5 below its 20-bar max) + time window 13:00-15:00 ET (bar close),3.0,56,False,13:05,14:01
VRSK,heat_fade_long,1,2026-07-29,2026-07-29 13:05:00-04:00,2026-07-29 13:05:00-04:00,216.391636,214.38524107142857,217.97475892857145,2026-07-29 14:01:00-04:00,214.33380254732143,stop,-1.0256372877416338,-1.0125803106203648,0.1387383889562452,0,9,-18.520501074107216,heat_score=65.99,0.0,56,False,13:05,14:01
NXPI,exhaustion_short,-1,2026-07-29,2026-07-29 13:55:00-04:00,2026-07-29 13:55:00-04:00,248.0101955,251.11430357142856,245.24569642857145,2026-07-29 14:53:00-04:00,251.1694150017857,stop,-1.0177543529699875,-1.2676119546923923,0.8569919083956874,0,8,-25.27375601428548,layers=rsi5 > 90 (short-term overbought) + sma20_dist_pct > 1.0 (close > 1% above 5-min SMA20) + bear_div == 1 (price at 20-bar high while RSI(14) is >5 below its 20-bar max) + time window 13:00-15:00 ET (bar close),40.0,58,False,13:55,14:53
AG,exhaustion_short,-1,2026-07-29,2026-07-29 14:05:00-04:00,2026-07-29 14:05:00-04:00,15.5734415,15.806426785714288,15.353573214285714,2026-07-29 14:26:00-04:00,15.353573214285714,target,0.943700307254239,-0.371519170125393,0.959036959415594,1,128,28.14314057142883,layers=rsi5 > 90 (short-term overbought) + sma20_dist_pct > 1.0 (close > 1% above 5-min SMA20) + bear_div == 1 (price at 20-bar high while RSI(14) is >5 below its 20-bar max) + time window 13:00-15:00 ET (bar close),20.0,21,False,14:05,14:26
B,exhaustion_short,-1,2026-07-29,2026-07-29 14:05:00-04:00,2026-07-29 14:05:00-04:00,36.806318000000005,37.07527142857143,36.484728571428576,2026-07-29 14:21:00-04:00,36.484728571428576,target,1.1957067447683758,-0.4970451602348448,1.3902704344990635,1,54,17.365829142857137,layers=rsi5 > 90 (short-term overbought) + sma20_dist_pct > 1.0 (close > 1% above 5-min SMA20) + bear_div == 1 (price at 20-bar high while RSI(14) is >5 below its 20-bar max) + time window 13:00-15:00 ET (bar close),15.0,16,False,14:05,14:21
BB,exhaustion_short,-1,2026-07-29,2026-07-29 14:05:00-04:00,2026-07-29 14:05:00-04:00,7.959203,8.129014285714286,7.810985714285714,2026-07-29 15:03:00-04:00,8.159827187142856,stop,-1.181453790299981,-1.0052158740921595,0.1425288071884894,0,251,-50.35667097285669,layers=rsi5 > 90 (short-term overbought) + sma20_dist_pct > 1.0 (close > 1% above 5-min SMA20) + bear_div == 1 (price at 20-bar high while RSI(14) is >5 below its 20-bar max) + time window 13:00-15:00 ET (bar close),17.0,58,False,14:05,15:03
BE,exhaustion_short,-1,2026-07-29,2026-07-29 14:05:00-04:00,2026-07-29 14:05:00-04:00,171.822815,178.08258392857144,165.51741607142858,2026-07-29 14:59:00-04:00,178.1303921869643,stop,-1.007637383893619,-1.1018274122738307,0.7384961094809906,0,11,-69.38334905660724,layers=rsi5 > 90 (short-term overbought) + sma20_dist_pct > 1.0 (close > 1% above 5-min SMA20) + bear_div == 1 (price at 20-bar high while RSI(14) is >5 below its 20-bar max) + time window 13:00-15:00 ET (bar close),27.0,54,False,14:05,14:59
CDE,exhaustion_short,-1,2026-07-29,2026-07-29 14:05:00-04:00,2026-07-29 14:05:00-04:00,14.7935195,15.015621428571428,14.594378571428573,2026-07-29 14:24:00-04:00,14.594378571428573,target,0.8966195379405972,-0.4343973986203907,0.901025494407812,1,135,26.884025357142967,layers=rsi5 > 90 (short-term overbought) + sma20_dist_pct > 1.0 (close > 1% above 5-min SMA20) + bear_div == 1 (price at 20-bar high while RSI(14) is >5 below its 20-bar max) + time window 13:00-15:00 ET (bar close),18.0,19,False,14:05,14:24
CORZ,exhaustion_short,-1,2026-07-29,2026-07-29 14:05:00-04:00,2026-07-29 14:05:00-04:00,19.168082,19.588048214285717,18.77195178571429,2026-07-29 14:35:00-04:00,18.77195178571429,target,0.9432430533952748,-0.5522301368800583,1.0074191342262655,1,104,41.197542285714064,layers=rsi5 > 90 (short-term overbought) + sma20_dist_pct > 1.0 (close > 1% above 5-min SMA20) + bear_div == 1 (price at 20-bar high while RSI(14) is >5 below its 20-bar max) + time window 13:00-15:00 ET (bar close),29.0,30,False,14:05,14:35
DRAM,exhaustion_short,-1,2026-07-29,2026-07-29 14:05:00-04:00,2026-07-29 14:05:00-04:00,46.795319000000006,48.018457142857145,45.60154285714286,2026-07-29 14:55:00-04:00,48.05325898857143,stop,-1.0284529150836472,-1.0503155408097202,0.6134376598274733,0,42,-52.83347951999974,layers=rsi5 > 90 (short-term overbought) + sma20_dist_pct > 1.0 (close > 1% above 5-min SMA20) + bear_div == 1 (price at 20-bar high while RSI(14) is >5 below its 20-bar max) + time window 13:00-15:00 ET (bar close),27.0,50,False,14:05,14:55
FCEL,exhaustion_short,-1,2026-07-29,2026-07-29 14:05:00-04:00,2026-07-29 14:05:00-04:00,19.568042,20.24399642857143,18.93600357142857,2026-07-29 15:26:00-04:00,18.93600357142857,target,0.9350311231885624,-0.868339602775422,0.9439127447518084,1,102,64.46791971428554,layers=rsi5 > 90 (short-term overbought) + sma20_dist_pct > 1.0 (close > 1% above 5-min SMA20) + bear_div == 1 (price at 20-bar high while RSI(14) is >5 below its 20-bar max) + time window 13:00-15:00 ET (bar close),80.0,81,False,14:05,15:26
INFQ,exhaustion_short,-1,2026-07-29,2026-07-29 14:05:00-04:00,2026-07-29 14:05:00-04:00,9.179081,9.397589285714286,8.982410714285713,2026-07-29 15:03:00-04:00,9.43083999,stop,-1.1521713658455524,-1.0110325989599611,0.5449724691708298,0,217,-54.63170082999979,layers=rsi5 > 90 (short-term overbought) + sma20_dist_pct > 1.0 (close > 1% above 5-min SMA20) + bear_div == 1 (price at 20-bar high while RSI(14) is >5 below its 20-bar max) + time window 13:00-15:00 ET (bar close),30.0,58,False,14:05,15:03
KRMN,exhaustion_short,-1,2026-07-29,2026-07-29 14:05:00-04:00,2026-07-29 14:05:00-04:00,47.4902495,48.27158035714286,46.738419642857146,2026-07-29 15:27:00-04:00,46.738419642857146,target,0.9622426277801512,-0.8891886115192463,0.998616006096565,1,42,31.57685400000007,layers=rsi5 > 90 (short-term overbought) + sma20_dist_pct > 1.0 (close > 1% above 5-min SMA20) + bear_div == 1 (price at 20-bar high while RSI(14) is >5 below its 20-bar max) + time window 13:00-15:00 ET (bar close),81.0,82,False,14:05,15:27
LYFT,exhaustion_short,-1,2026-07-29,2026-07-29 14:05:00-04:00,2026-07-29 14:05:00-04:00,15.8234165,16.0185,15.6615,2026-07-29 15:21:00-04:00,15.6615,target,0.8299856215415502,-0.3413076964479335,0.8633046874799861,1,126,20.40147900000003,layers=rsi5 > 90 (short-term overbought) + sma20_dist_pct > 1.0 (close > 1% above 5-min SMA20) + bear_div == 1 (price at 20-bar high while RSI(14) is >5 below its 20-bar max) + time window 13:00-15:00 ET (bar close),75.0,76,False,14:05,15:21
NXT,exhaustion_short,-1,2026-07-29,2026-07-29 14:05:00-04:00,2026-07-29 14:05:00-04:00,94.940504,96.66660714285712,93.25339285714286,2026-07-29 14:20:00-04:00,93.25339285714286,target,0.9774103881559096,-0.3415184095107114,1.037309970385804,1,21,35.42933399999981,layers=rsi5 > 90 (short-term overbought) + sma20_dist_pct > 1.0 (close > 1% above 5-min SMA20) + bear_div == 1 (price at 20-bar high while RSI(14) is >5 below its 20-bar max) + time window 13:00-15:00 ET (bar close),14.0,15,False,14:05,14:20
PAAS,exhaustion_short,-1,2026-07-29,2026-07-29 14:05:00-04:00,2026-07-29 14:05:00-04:00,43.22567600000001,43.66505357142857,42.84494642857143,2026-07-29 14:20:00-04:00,42.84494642857143,target,0.866520269094969,-0.3512332218010944,0.9958997191807022,1,46,17.51356028571442,layers=rsi5 > 90 (short-term overbought) + sma20_dist_pct > 1.0 (close > 1% above 5-min SMA20) + bear_div == 1 (price at 20-bar high while RSI(14) is >5 below its 20-bar max) + time window 13:00-15:00 ET (bar close),14.0,15,False,14:05,14:20
QBTS,exhaustion_short,-1,2026-07-29,2026-07-29 14:05:00-04:00,2026-07-29 14:05:00-04:00,16.843314499999998,17.20991607142857,16.51008392857143,2026-07-29 14:54:00-04:00,17.241637063035714,stop,-1.0865271566718455,-1.082061646528677,0.6086021375483093,0,118,-47.0020624382145,layers=rsi5 > 90 (short-term overbought) + sma20_dist_pct > 1.0 (close > 1% above 5-min SMA20) + bear_div == 1 (price at 20-bar high while RSI(14) is >5 below its 20-bar max) + time window 13:00-15:00 ET (bar close),27.0,49,False,14:05,14:54
RAM,exhaustion_short,-1,2026-07-29,2026-07-29 14:05:00-04:00,2026-07-29 14:05:00-04:00,9.259073,9.87053392857143,8.659466071428572,2026-07-29 15:46:00-04:00,8.659466071428572,target,0.9806136427593266,-0.990949661191994,0.9960947160156132,1,216,129.5150965714287,layers=rsi5 > 90 (short-term overbought) + sma20_dist_pct > 1.0 (close > 1% above 5-min SMA20) + bear_div == 1 (price at 20-bar high while RSI(14) is >5 below its 20-bar max) + time window 13:00-15:00 ET (bar close),100.0,101,False,14:05,15:46
TECK,exhaustion_short,-1,2026-07-29,2026-07-29 14:05:00-04:00,2026-07-29 14:05:00-04:00,58.634135,59.21044642857143,58.079553571428576,2026-07-29 14:55:00-04:00,59.246367473214285,stop,-1.0623292248982403,-1.1710074909894876,0.5971337421731321,0,34,-20.815904089285667,layers=rsi5 > 90 (short-term overbought) + sma20_dist_pct > 1.0 (close > 1% above 5-min SMA20) + bear_div == 1 (price at 20-bar high while RSI(14) is >5 below its 20-bar max) + time window 13:00-15:00 ET (bar close),27.0,50,False,14:05,14:55
TSLL,exhaustion_short,-1,2026-07-29,2026-07-29 14:05:00-04:00,2026-07-29 14:05:00-04:00,6.9942995,7.242007142857143,6.767992857142857,2026-07-29 15:41:00-04:00,6.767992857142857,target,0.9136037961802356,-0.7496761014640797,0.986241268869092,1,285,64.49739321428594,layers=rsi5 > 90 (short-term overbought) + sma20_dist_pct > 1.0 (close > 1% above 5-min SMA20) + bear_div == 1 (price at 20-bar high while RSI(14) is >5 below its 20-bar max) + time window 13:00-15:00 ET (bar close),95.0,96,False,14:05,15:41
TXN,exhaustion_short,-1,2026-07-29,2026-07-29 14:05:00-04:00,2026-07-29 14:05:00-04:00,276.422354,279.26840892857143,273.0515910714286,2026-07-29 14:45:00-04:00,279.32633576946427,stop,-1.0203533812054388,-1.132320380625112,0.4084088428270169,0,7,-20.327872386249965,layers=rsi5 > 90 (short-term overbought) + sma20_dist_pct > 1.0 (close > 1% above 5-min SMA20) + bear_div == 1 (price at 20-bar high while RSI(14) is >5 below its 20-bar max) + time window 13:00-15:00 ET (bar close),23.0,40,False,14:05,14:45
AVGO,exhaustion_short,-1,2026-07-29,2026-07-29 14:10:00-04:00,2026-07-29 14:10:00-04:00,380.44315088,384.1383642857143,376.6416357142857,2026-07-29 14:54:00-04:00,384.2067781221428,stop,-1.0185141773740969,-1.030210897728696,1.0210914677255825,1,5,-18.818136210713877,layers=rsi5 > 90 (short-term overbought) + sma20_dist_pct > 1.0 (close > 1% above 5-min SMA20) + bear_div == 1 (price at 20-bar high while RSI(14) is >5 below its 20-bar max) + time window 13:00-15:00 ET (bar close),17.0,44,False,14:10,14:54
CMI,exhaustion_short,-1,2026-07-29,2026-07-29 14:10:00-04:00,2026-07-29 14:10:00-04:00,615.6834245,621.4023375,610.1076625,2026-07-29 14:30:00-04:00,610.1076625,target,0.974968844603863,-0.0571044707272146,0.9902973694476512,1,3,16.727286000000163,layers=rsi5 > 90 (short-term overbought) + sma20_dist_pct > 1.0 (close > 1% above 5-min SMA20) + bear_div == 1 (price at 20-bar high while RSI(14) is >5 below its 20-bar max) + time window 13:00-15:00 ET (bar close),19.0,20,False,14:10,14:30
SNDK,exhaustion_short,-1,2026-07-29,2026-07-29 14:10:00-04:00,2026-07-29 14:10:00-04:00,1073.502638,1121.8744,1025.0856,2026-07-29 15:03:00-04:00,1122.01658744,stop,-1.0029394720002145,-1.060479500415967,0.5208108400103353,0,1,-48.51394944000003,layers=rsi5 > 90 (short-term overbought) + sma20_dist_pct > 1.0 (close > 1% above 5-min SMA20) + bear_div == 1 (price at 20-bar high while RSI(14) is >5 below its 20-bar max) + time window 13:00-15:00 ET (bar close),22.0,53,False,14:10,15:03
DDOG,exhaustion_short,-1,2026-07-29,2026-07-29 14:15:00-04:00,2026-07-29 14:15:00-04:00,268.1381825,271.498125,264.851875,2026-07-29 14:44:00-04:00,271.5552748125,stop,-1.0170091638472898,-1.015439252308632,0.0054115509417268,0,7,-23.919646187499723,layers=rsi5 > 90 (short-term overbought) + sma20_dist_pct > 1.0 (close > 1% above 5-min SMA20) + bear_div == 1 (price at 20-bar high while RSI(14) is >5 below its 20-bar max) + time window 13:00-15:00 ET (bar close),5.0,29,False,14:15,14:44
SOUN,exhaustion_short,-1,2026-07-29,2026-07-29 14:15:00-04:00,2026-07-29 14:15:00-04:00,5.919407,6.024807142857143,5.834992857142857,2026-07-29 14:36:00-04:00,5.834992857142857,target,0.8008921104742287,-0.3376940394496643,0.8482626073968371,1,337,28.447566142857116,layers=rsi5 > 90 (short-term overbought) + sma20_dist_pct > 1.0 (close > 1% above 5-min SMA20) + bear_div == 1 (price at 20-bar high while RSI(14) is >5 below its 20-bar max) + time window 13:00-15:00 ET (bar close),20.0,21,False,14:15,14:36
AMD,exhaustion_short,-1,2026-07-29,2026-07-29 14:45:00-04:00,2026-07-29 14:45:00-04:00,447.715223,457.356775,438.103225,2026-07-29 15:34:00-04:00,438.103225,target,0.9969347258615548,-0.5718764987213654,1.107199650014845,1,4,38.447991999999886,layers=rsi5 > 90 (short-term overbought) + sma20_dist_pct > 1.0 (close > 1% above 5-min SMA20) + bear_div == 1 (price at 20-bar high while RSI(14) is >5 below its 20-bar max) + time window 13:00-15:00 ET (bar close),48.0,49,False,14:45,15:34
ARM,exhaustion_short,-1,2026-07-29,2026-07-29 14:45:00-04:00,2026-07-29 14:45:00-04:00,236.806316,242.594275,231.205725,2026-07-29 15:33:00-04:00,231.205725,target,0.96762796695692,-0.6692659709579831,0.9876220615937336,1,8,44.80472800000007,layers=rsi5 > 90 (short-term overbought) + sma20_dist_pct > 1.0 (close > 1% above 5-min SMA20) + bear_div == 1 (price at 20-bar high while RSI(14) is >5 below its 20-bar max) + time window 13:00-15:00 ET (bar close),47.0,48,False,14:45,15:33
ASML,exhaustion_short,-1,2026-07-29,2026-07-29 14:45:00-04:00,2026-07-29 14:45:00-04:00,1595.1254705,1614.5499535714284,1575.0700464285717,2026-07-29 15:01:00-04:00,1614.7414085667856,stop,-1.0098563753101248,-1.0231690298741358,0.1418555381817743,0,1,-19.615938066785475,layers=rsi5 > 90 (short-term overbought) + sma20_dist_pct > 1.0 (close > 1% above 5-min SMA20) + bear_div == 1 (price at 20-bar high while RSI(14) is >5 below its 20-bar max) + time window 13:00-15:00 ET (bar close),0.0,16,False,14:45,15:01
MU,exhaustion_short,-1,2026-07-29,2026-07-29 14:45:00-04:00,2026-07-29 14:45:00-04:00,787.4272483999999,806.7854428571429,768.1745571428571,2026-07-29 15:19:00-04:00,768.1745571428571,target,0.9945499462651988,-0.408238052236533,1.0242302526661444,1,2,38.50538251428566,layers=rsi5 > 90 (short-term overbought) + sma20_dist_pct > 1.0 (close > 1% above 5-min SMA20) + bear_div == 1 (price at 20-bar high while RSI(14) is >5 below its 20-bar max) + time window 13:00-15:00 ET (bar close),33.0,34,False,14:45,15:19
ONDS,exhaustion_short,-1,2026-07-29,2026-07-29 14:45:00-04:00,2026-07-29 14:45:00-04:00,7.309268,7.472241071428572,7.167958928571428,2026-07-29 15:22:00-04:00,7.167958928571428,target,0.8670700637221871,-0.6487697573174863,1.1613452353872666,1,273,38.57737650000018,layers=rsi5 > 90 (short-term overbought) + sma20_dist_pct > 1.0 (close > 1% above 5-min SMA20) + bear_div == 1 (price at 20-bar high while RSI(14) is >5 below its 20-bar max) + time window 13:00-15:00 ET (bar close),36.0,37,False,14:45,15:22
STM,exhaustion_short,-1,2026-07-29,2026-07-29 14:45:00-04:00,2026-07-29 14:45:00-04:00,50.28497,51.40733214285714,49.272667857142864,2026-07-29 15:39:00-04:00,49.272667857142864,target,0.9019389590958315,-0.7707227168210905,0.9934137631920436,1,39,39.47978357142837,layers=rsi5 > 90 (short-term overbought) + sma20_dist_pct > 1.0 (close > 1% above 5-min SMA20) + bear_div == 1 (price at 20-bar high while RSI(14) is >5 below its 20-bar max) + time window 13:00-15:00 ET (bar close),53.0,54,False,14:45,15:39
AA,exhaustion_short,-1,2026-07-29,2026-07-29 14:50:00-04:00,2026-07-29 14:50:00-04:00,43.575641000000005,44.03093571428572,43.08906428571429,2026-07-29 15:23:00-04:00,43.08906428571429,target,1.06870714510508,-0.4708137241089884,1.176470938917757,1,45,21.89595214285731,layers=rsi5 > 90 (short-term overbought) + sma20_dist_pct > 1.0 (close > 1% above 5-min SMA20) + bear_div == 1 (price at 20-bar high while RSI(14) is >5 below its 20-bar max) + time window 13:00-15:00 ET (bar close),32.0,33,False,14:50,15:23
ARKG,exhaustion_short,-1,2026-07-29,2026-07-29 14:50:00-04:00,2026-07-29 14:50:00-04:00,38.226176,38.6273,37.8727,2026-07-29 15:24:00-04:00,37.8727,target,0.8812137892522119,-0.6577118297583848,0.8879448749015483,1,52,18.38075200000003,layers=rsi5 > 90 (short-term overbought) + sma20_dist_pct > 1.0 (close > 1% above 5-min SMA20) + bear_div == 1 (price at 20-bar high while RSI(14) is >5 below its 20-bar max) + time window 13:00-15:00 ET (bar close),33.0,34,False,14:50,15:24
BABA,exhaustion_short,-1,2026-07-29,2026-07-29 14:50:00-04:00,2026-07-29 14:50:00-04:00,117.258272,118.17689821428571,116.36310178571428,2026-07-29 15:19:00-04:00,116.36310178571428,target,0.9744662196274811,-0.4373138864890425,0.9778427678535628,1,17,15.21789364285712,layers=rsi5 > 90 (short-term overbought) + sma20_dist_pct > 1.0 (close > 1% above 5-min SMA20) + bear_div == 1 (price at 20-bar high while RSI(14) is >5 below its 20-bar max) + time window 13:00-15:00 ET (bar close),28.0,29,False,14:50,15:19
EWT,exhaustion_short,-1,2026-07-29,2026-07-29 14:50:00-04:00,2026-07-29 14:50:00-04:00,92.510747,93.27116071428571,91.76883928571428,2026-07-29 15:09:00-04:00,91.76883928571428,target,0.9756632479762868,-0.2488816238378597,1.0924934471761023,1,21,15.58006200000004,layers=rsi5 > 90 (short-term overbought) + sma20_dist_pct > 1.0 (close > 1% above 5-min SMA20) + bear_div == 1 (price at 20-bar high while RSI(14) is >5 below its 20-bar max) + time window 13:00-15:00 ET (bar close),18.0,19,False,14:50,15:09
FCX,exhaustion_short,-1,2026-07-29,2026-07-29 14:50:00-04:00,2026-07-29 14:50:00-04:00,60.963902,61.70740892857143,60.29259107142857,2026-07-29 15:26:00-04:00,60.29259107142857,target,0.9028980131513747,-0.8003933482414403,1.054330457291336,1,32,21.481949714285747,layers=rsi5 > 90 (short-term overbought) + sma20_dist_pct > 1.0 (close > 1% above 5-min SMA20) + bear_div == 1 (price at 20-bar high while RSI(14) is >5 below its 20-bar max) + time window 13:00-15:00 ET (bar close),35.0,36,False,14:50,15:26
FLEX,exhaustion_short,-1,2026-07-29,2026-07-29 14:50:00-04:00,2026-07-29 14:50:00-04:00,105.539444,108.00495,103.73505,2026-07-29 15:35:00-04:00,103.73505,target,0.7318554487395279,-0.9493207479519368,0.7339037098267032,1,18,32.47909200000004,layers=rsi5 > 90 (short-term overbought) + sma20_dist_pct > 1.0 (close > 1% above 5-min SMA20) + bear_div == 1 (price at 20-bar high while RSI(14) is >5 below its 20-bar max) + time window 13:00-15:00 ET (bar close),44.0,45,False,14:50,15:35
LUNR,exhaustion_short,-1,2026-07-29,2026-07-29 14:50:00-04:00,2026-07-29 14:50:00-04:00,11.918807,12.1888375,11.6811625,2026-07-29 15:22:00-04:00,11.6811625,target,0.8800654000196186,-0.6713797145137296,0.9399197498060384,1,167,39.686631499999706,layers=rsi5 > 90 (short-term overbought) + sma20_dist_pct > 1.0 (close > 1% above 5-min SMA20) + bear_div == 1 (price at 20-bar high while RSI(14) is >5 below its 20-bar max) + time window 13:00-15:00 ET (bar close),31.0,32,False,14:50,15:22
MP,exhaustion_short,-1,2026-07-29,2026-07-29 14:50:00-04:00,2026-07-29 14:50:00-04:00,39.836015,40.56105178571429,39.183948214285714,2026-07-29 15:21:00-04:00,39.183948214285714,target,0.8993568306632748,-0.5020228037690679,0.932387174443865,1,50,32.60333928571448,layers=rsi5 > 90 (short-term overbought) + sma20_dist_pct > 1.0 (close > 1% above 5-min SMA20) + bear_div == 1 (price at 20-bar high while RSI(14) is >5 below its 20-bar max) + time window 13:00-15:00 ET (bar close),30.0,31,False,14:50,15:21
NCLH,exhaustion_short,-1,2026-07-29,2026-07-29 14:50:00-04:00,2026-07-29 14:50:00-04:00,21.2228765,21.43294642857143,21.02705357142857,2026-07-29 15:24:00-04:00,21.02705357142857,target,0.9321797265468198,-0.1291165288837559,1.0014593779826158,1,94,18.407355285714186,layers=rsi5 > 90 (short-term overbought) + sma20_dist_pct > 1.0 (close > 1% above 5-min SMA20) + bear_div == 1 (price at 20-bar high while RSI(14) is >5 below its 20-bar max) + time window 13:00-15:00 ET (bar close),33.0,34,False,14:50,15:24
ORCL,exhaustion_short,-1,2026-07-29,2026-07-29 14:50:00-04:00,2026-07-29 14:50:00-04:00,121.317866,123.061875,119.588125,2026-07-29 15:27:00-04:00,119.588125,target,0.9918188495586804,-0.3452585393768064,1.116832539281618,1,16,27.67585599999984,layers=rsi5 > 90 (short-term overbought) + sma20_dist_pct > 1.0 (close > 1% above 5-min SMA20) + bear_div == 1 (price at 20-bar high while RSI(14) is >5 below its 20-bar max) + time window 13:00-15:00 ET (bar close),36.0,37,False,14:50,15:27
OWL,exhaustion_short,-1,2026-07-29,2026-07-29 14:50:00-04:00,2026-07-29 14:50:00-04:00,9.7340255,9.827855357142855,9.672144642857145,2026-07-29 15:25:00-04:00,9.672144642857145,target,0.6595007072071098,-0.5965531836500346,0.682357428110753,1,205,12.685575714285608,layers=rsi5 > 90 (short-term overbought) + sma20_dist_pct > 1.0 (close > 1% above 5-min SMA20) + bear_div == 1 (price at 20-bar high while RSI(14) is >5 below its 20-bar max) + time window 13:00-15:00 ET (bar close),34.0,35,False,14:50,15:25
PL,exhaustion_short,-1,2026-07-29,2026-07-29 14:50:00-04:00,2026-07-29 14:50:00-04:00,20.507948,20.98065,20.10815,2026-07-29 15:23:00-04:00,20.10815,target,0.8457717547207313,-0.7024552466458777,0.8841680382143455,1,97,38.780406000000056,layers=rsi5 > 90 (short-term overbought) + sma20_dist_pct > 1.0 (close > 1% above 5-min SMA20) + bear_div == 1 (price at 20-bar high while RSI(14) is >5 below its 20-bar max) + time window 13:00-15:00 ET (bar close),32.0,33,False,14:50,15:23
RIO,exhaustion_short,-1,2026-07-29,2026-07-29 14:50:00-04:00,2026-07-29 14:50:00-04:00,94.940504,95.45234464285714,94.50765535714288,2026-07-29 15:09:00-04:00,94.50765535714288,target,0.8456707158714757,-0.311612612686792,0.9778512257372196,1,21,9.0898214999996,layers=rsi5 > 90 (short-term overbought) + sma20_dist_pct > 1.0 (close > 1% above 5-min SMA20) + bear_div == 1 (price at 20-bar high while RSI(14) is >5 below its 20-bar max) + time window 13:00-15:00 ET (bar close),18.0,19,False,14:50,15:09
RIVN,exhaustion_short,-1,2026-07-29,2026-07-29 14:50:00-04:00,2026-07-29 14:50:00-04:00,16.667132119999998,16.931808928571428,16.418191071428573,2026-07-29 15:23:00-04:00,16.418191071428573,target,0.9405472656069196,-0.3697637149557452,1.0092766398454849,1,119,29.62398477999952,layers=rsi5 > 90 (short-term overbought) + sma20_dist_pct > 1.0 (close > 1% above 5-min SMA20) + bear_div == 1 (price at 20-bar high while RSI(14) is >5 below its 20-bar max) + time window 13:00-15:00 ET (bar close),32.0,33,False,14:50,15:23
SMR,exhaustion_short,-1,2026-07-29,2026-07-29 14:50:00-04:00,2026-07-29 14:50:00-04:00,7.9742015,8.141517857142857,7.828482142857143,2026-07-29 15:22:00-04:00,7.828482142857143,target,0.8709211677280349,-0.8415106711879031,0.951499917393446,1,250,36.42983928571431,layers=rsi5 > 90 (short-term overbought) + sma20_dist_pct > 1.0 (close > 1% above 5-min SMA20) + bear_div == 1 (price at 20-bar high while RSI(14) is >5 below its 20-bar max) + time window 13:00-15:00 ET (bar close),31.0,32,False,14:50,15:22
USAR,exhaustion_short,-1,2026-07-29,2026-07-29 14:50:00-04:00,2026-07-29 14:50:00-04:00,13.568642,13.86603392857143,13.29396607142857,2026-07-29 15:27:00-04:00,13.29396607142857,target,0.9236159498036174,-0.7443308937916651,1.004203447735038,1,147,40.37736150000018,layers=rsi5 > 90 (short-term overbought) + sma20_dist_pct > 1.0 (close > 1% above 5-min SMA20) + bear_div == 1 (price at 20-bar high while RSI(14) is >5 below its 20-bar max) + time window 13:00-15:00 ET (bar close),36.0,37,False,14:50,15:27
WDC,exhaustion_short,-1,2026-07-29,2026-07-29 14:50:00-04:00,2026-07-29 14:50:00-04:00,492.010793,504.4118803571429,479.6081196428571,2026-07-29 15:22:00-04:00,479.6081196428571,target,1.000127892010951,-0.5789175411190735,1.0491654985807364,1,4,49.61069342857172,layers=rsi5 > 90 (short-term overbought) + sma20_dist_pct > 1.0 (close > 1% above 5-min SMA20) + bear_div == 1 (price at 20-bar high while RSI(14) is >5 below its 20-bar max) + time window 13:00-15:00 ET (bar close),31.0,32,False,14:50,15:22
XBI,exhaustion_short,-1,2026-07-29,2026-07-29 14:50:00-04:00,2026-07-29 14:50:00-04:00,150.17498,151.2886607142857,149.11133928571428,2026-07-29 15:26:00-04:00,149.11133928571428,target,0.9550679118726928,-0.8216178912525088,1.06402129874363,1,13,13.827329285714429,layers=rsi5 > 90 (short-term overbought) + sma20_dist_pct > 1.0 (close > 1% above 5-min SMA20) + bear_div == 1 (price at 20-bar high while RSI(14) is >5 below its 20-bar max) + time window 13:00-15:00 ET (bar close),35.0,36,False,14:50,15:26
AEHR,exhaustion_short,-1,2026-07-29,2026-07-29 14:55:00-04:00,2026-07-29 14:55:00-04:00,69.87301099999999,72.93251607142857,66.84748392857144,2026-07-29 15:35:00-04:00,66.84748392857144,target,0.9888942821774264,-0.2049315119151768,1.0109514211577268,1,28,84.71475799999956,layers=rsi5 > 90 (short-term overbought) + sma20_dist_pct > 1.0 (close > 1% above 5-min SMA20) + bear_div == 1 (price at 20-bar high while RSI(14) is >5 below its 20-bar max) + time window 13:00-15:00 ET (bar close),39.0,40,False,14:55,15:35
AEM,exhaustion_short,-1,2026-07-29,2026-07-29 14:55:00-04:00,2026-07-29 14:55:00-04:00,146.59533800000003,147.8021410714286,145.48785892857143,2026-07-29 15:22:00-04:00,145.48785892857143,target,0.9176965966100904,-0.4596126850616908,1.1645131117676424,1,13,14.397227928571796,layers=rsi5 > 90 (short-term overbought) + sma20_dist_pct > 1.0 (close > 1% above 5-min SMA20) + bear_div == 1 (price at 20-bar high while RSI(14) is >5 below its 20-bar max) + time window 13:00-15:00 ET (bar close),26.0,27,False,14:55,15:22
CAT,exhaustion_short,-1,2026-07-29,2026-07-29 14:55:00-04:00,2026-07-29 14:55:00-04:00,794.770514,804.2705321428572,784.8994678571429,2026-07-29 15:34:00-04:00,784.8994678571429,target,1.0390555043601672,-0.4936291625428018,1.1253151140598596,1,2,19.742092285714307,layers=rsi5 > 90 (short-term overbought) + sma20_dist_pct > 1.0 (close > 1% above 5-min SMA20) + bear_div == 1 (price at 20-bar high while RSI(14) is >5 below its 20-bar max) + time window 13:00-15:00 ET (bar close),38.0,39,False,14:55,15:34
CIEN,exhaustion_short,-1,2026-07-29,2026-07-29 14:55:00-04:00,2026-07-29 14:55:00-04:00,344.24557100000004,351.8227678571429,337.53723214285714,2026-07-29 15:22:00-04:00,337.53723214285714,target,0.8853325291158457,-0.3846315537193182,1.0077039232261944,1,5,33.54169428571453,layers=rsi5 > 90 (short-term overbought) + sma20_dist_pct > 1.0 (close > 1% above 5-min SMA20) + bear_div == 1 (price at 20-bar high while RSI(14) is >5 below its 20-bar max) + time window 13:00-15:00 ET (bar close),26.0,27,False,14:55,15:22
CRWV,exhaustion_short,-1,2026-07-29,2026-07-29 14:55:00-04:00,2026-07-29 14:55:00-04:00,64.95800255,66.48697857142857,63.46302142857142,2026-07-29 15:18:00-04:00,63.46302142857142,target,0.977766230782207,-0.1975161452943112,1.032064942735748,1,30,44.849433642857406,layers=rsi5 > 90 (short-term overbought) + sma20_dist_pct > 1.0 (close > 1% above 5-min SMA20) + bear_div == 1 (price at 20-bar high while RSI(14) is >5 below its 20-bar max) + time window 13:00-15:00 ET (bar close),22.0,23,False,14:55,15:18
ENTG,exhaustion_short,-1,2026-07-29,2026-07-29 14:55:00-04:00,2026-07-29 14:55:00-04:00,113.9136065,116.2015875,111.6384125,2026-07-29 15:19:00-04:00,111.6384125,target,0.994411229813533,-0.1688796803819597,1.076760034283499,1,17,38.678297999999984,layers=rsi5 > 90 (short-term overbought) + sma20_dist_pct > 1.0 (close > 1% above 5-min SMA20) + bear_div == 1 (price at 20-bar high while RSI(14) is >5 below its 20-bar max) + time window 13:00-15:00 ET (bar close),23.0,24,False,14:55,15:19
ETN,exhaustion_short,-1,2026-07-29,2026-07-29 14:55:00-04:00,2026-07-29 14:55:00-04:00,370.35296,374.0933678571429,366.1266321428572,2026-07-29 15:21:00-04:00,366.1266321428572,target,1.1299109665466096,-0.3828566441665789,1.1931746938979666,1,5,21.131639285714243,layers=rsi5 > 90 (short-term overbought) + sma20_dist_pct > 1.0 (close > 1% above 5-min SMA20) + bear_div == 1 (price at 20-bar high while RSI(14) is >5 below its 20-bar max) + time window 13:00-15:00 ET (bar close),25.0,26,False,14:55,15:21
FORM,exhaustion_short,-1,2026-07-29,2026-07-29 14:55:00-04:00,2026-07-29 14:55:00-04:00,88.10618749999999,90.52348035714286,85.87651964285715,2026-07-29 15:22:00-04:00,85.87651964285715,target,0.9223821807748236,-0.1629146831904672,1.0409113205149696,1,22,49.05269285714255,layers=rsi5 > 90 (short-term overbought) + sma20_dist_pct > 1.0 (close > 1% above 5-min SMA20) + bear_div == 1 (price at 20-bar high while RSI(14) is >5 below its 20-bar max) + time window 13:00-15:00 ET (bar close),26.0,27,False,14:55,15:22
HL,exhaustion_short,-1,2026-07-29,2026-07-29 14:55:00-04:00,2026-07-29 14:55:00-04:00,14.508548,14.726860714285714,14.333139285714283,2026-07-29 15:22:00-04:00,14.333139285714283,target,0.8034745702265882,-0.6479329454668288,0.8178543360801546,1,137,24.03099385714284,layers=rsi5 > 90 (short-term overbought) + sma20_dist_pct > 1.0 (close > 1% above 5-min SMA20) + bear_div == 1 (price at 20-bar high while RSI(14) is >5 below its 20-bar max) + time window 13:00-15:00 ET (bar close),26.0,27,False,14:55,15:22
KTOS,exhaustion_short,-1,2026-07-29,2026-07-29 14:55:00-04:00,2026-07-29 14:55:00-04:00,46.2503735,46.96691071428572,45.57308928571429,2026-07-29 15:19:00-04:00,45.57308928571429,target,0.9452184768391524,-0.1809068634756389,1.047221951686092,1,43,29.123221214285657,layers=rsi5 > 90 (short-term overbought) + sma20_dist_pct > 1.0 (close > 1% above 5-min SMA20) + bear_div == 1 (price at 20-bar high while RSI(14) is >5 below its 20-bar max) + time window 13:00-15:00 ET (bar close),23.0,24,False,14:55,15:19
LITE,exhaustion_short,-1,2026-07-29,2026-07-29 14:55:00-04:00,2026-07-29 14:55:00-04:00,632.22677,650.6970946428571,613.0629053571429,2026-07-29 15:27:00-04:00,613.0629053571429,target,1.0375488798064083,-0.5464511423140149,1.085079465982783,1,3,57.49159392857132,layers=rsi5 > 90 (short-term overbought) + sma20_dist_pct > 1.0 (close > 1% above 5-min SMA20) + bear_div == 1 (price at 20-bar high while RSI(14) is >5 below its 20-bar max) + time window 13:00-15:00 ET (bar close),31.0,32,False,14:55,15:27
MRNA,exhaustion_short,-1,2026-07-29,2026-07-29 14:55:00-04:00,2026-07-29 14:55:00-04:00,55.7294255,56.58101964285714,54.858980357142855,2026-07-29 15:33:00-04:00,54.858980357142855,target,1.0221361315811213,-0.4116685194942789,1.1266229436255508,1,35,30.46558000000001,layers=rsi5 > 90 (short-term overbought) + sma20_dist_pct > 1.0 (close > 1% above 5-min SMA20) + bear_div == 1 (price at 20-bar high while RSI(14) is >5 below its 20-bar max) + time window 13:00-15:00 ET (bar close),37.0,38,False,14:55,15:33
MSTR,exhaustion_short,-1,2026-07-29,2026-07-29 14:55:00-04:00,2026-07-29 14:55:00-04:00,99.7750205,101.2006875,98.4193125,2026-07-29 15:08:00-04:00,98.4193125,target,0.9509289336149248,-0.1928777898345124,1.0872247867138662,1,20,27.114159999999856,layers=rsi5 > 90 (short-term overbought) + sma20_dist_pct > 1.0 (close > 1% above 5-min SMA20) + bear_div == 1 (price at 20-bar high while RSI(14) is >5 below its 20-bar max) + time window 13:00-15:00 ET (bar close),12.0,13,False,14:55,15:08
MSTU,exhaustion_short,-1,2026-07-29,2026-07-29 14:55:00-04:00,2026-07-29 14:55:00-04:00,20.137985,20.70625,19.59375,2026-07-29 15:09:00-04:00,19.59375,target,0.9577133907595868,-0.2851046606776833,1.1226892382955076,1,99,53.87926499999969,layers=rsi5 > 90 (short-term overbought) + sma20_dist_pct > 1.0 (close > 1% above 5-min SMA20) + bear_div == 1 (price at 20-bar high while RSI(14) is >5 below its 20-bar max) + time window 13:00-15:00 ET (bar close),13.0,14,False,14:55,15:09
MTZ,exhaustion_short,-1,2026-07-29,2026-07-29 14:55:00-04:00,2026-07-29 14:55:00-04:00,297.320264,301.9751678571428,292.2048321428572,2026-07-29 15:22:00-04:00,292.2048321428572,target,1.098933944531078,-0.6659076309908214,1.211682168546872,1,6,30.69259114285728,layers=rsi5 > 90 (short-term overbought) + sma20_dist_pct > 1.0 (close > 1% above 5-min SMA20) + bear_div == 1 (price at 20-bar high while RSI(14) is >5 below its 20-bar max) + time window 13:00-15:00 ET (bar close),26.0,27,False,14:55,15:22
NEM,exhaustion_short,-1,2026-07-29,2026-07-29 14:55:00-04:00,2026-07-29 14:55:00-04:00,92.68073,93.44401785714284,91.93598214285714,2026-07-29 15:27:00-04:00,91.93598214285714,target,0.9757103433173946,-0.7982178601407763,1.0752561989812848,1,21,15.63970499999995,layers=rsi5 > 90 (short-term overbought) + sma20_dist_pct > 1.0 (close > 1% above 5-min SMA20) + bear_div == 1 (price at 20-bar high while RSI(14) is >5 below its 20-bar max) + time window 13:00-15:00 ET (bar close),31.0,32,False,14:55,15:27
NVT,exhaustion_short,-1,2026-07-29,2026-07-29 14:55:00-04:00,2026-07-29 14:55:00-04:00,136.766321,138.691875,134.848125,2026-07-29 15:26:00-04:00,134.848125,target,0.99617876206016,-0.4796951942142314,1.067911364729315,1,14,26.85474399999993,layers=rsi5 > 90 (short-term overbought) + sma20_dist_pct > 1.0 (close > 1% above 5-min SMA20) + bear_div == 1 (price at 20-bar high while RSI(14) is >5 below its 20-bar max) + time window 13:00-15:00 ET (bar close),30.0,31,False,14:55,15:26
QCOM,exhaustion_short,-1,2026-07-29,2026-07-29 14:55:00-04:00,2026-07-29 14:55:00-04:00,163.87361,165.7464464285714,162.03355357142857,2026-07-29 15:11:00-04:00,162.03355357142857,target,0.9824971366960484,-0.3664975699578692,1.0297802683554031,1,12,22.08067714285733,layers=rsi5 > 90 (short-term overbought) + sma20_dist_pct > 1.0 (close > 1% above 5-min SMA20) + bear_div == 1 (price at 20-bar high while RSI(14) is >5 below its 20-bar max) + time window 13:00-15:00 ET (bar close),15.0,16,False,14:55,15:11
RKLB,exhaustion_short,-1,2026-07-29,2026-07-29 14:55:00-04:00,2026-07-29 14:55:00-04:00,62.433755000000005,63.7954625,61.104537500000006,2026-07-29 15:19:00-04:00,61.104537500000006,target,0.9761402503841716,-0.3717722051174682,1.0822845581742118,1,32,42.53495999999996,layers=rsi5 > 90 (short-term overbought) + sma20_dist_pct > 1.0 (close > 1% above 5-min SMA20) + bear_div == 1 (price at 20-bar high while RSI(14) is >5 below its 20-bar max) + time window 13:00-15:00 ET (bar close),23.0,24,False,14:55,15:19
SOLS,exhaustion_short,-1,2026-07-29,2026-07-29 14:55:00-04:00,2026-07-29 14:55:00-04:00,56.809317500000006,57.59187321428571,56.06812678571429,2026-07-29 15:12:00-04:00,57.62763240160714,stop,-1.0456953884159823,-1.368186929638976,0.8936328586371932,0,35,-28.64102155624984,layers=rsi5 > 90 (short-term overbought) + sma20_dist_pct > 1.0 (close > 1% above 5-min SMA20) + bear_div == 1 (price at 20-bar high while RSI(14) is >5 below its 20-bar max) + time window 13:00-15:00 ET (bar close),13.0,17,False,14:55,15:12
STX,exhaustion_short,-1,2026-07-29,2026-07-29 14:55:00-04:00,2026-07-29 14:55:00-04:00,811.638827,830.9735339285713,792.1364660714286,2026-07-29 15:19:00-04:00,792.1364660714286,target,1.0086711425531016,-0.1722898108725654,1.0555539877277056,1,2,39.00472185714284,layers=rsi5 > 90 (short-term overbought) + sma20_dist_pct > 1.0 (close > 1% above 5-min SMA20) + bear_div == 1 (price at 20-bar high while RSI(14) is >5 below its 20-bar max) + time window 13:00-15:00 ET (bar close),23.0,24,False,14:55,15:19
TSLA,exhaustion_short,-1,2026-07-29,2026-07-29 14:55:00-04:00,2026-07-29 14:55:00-04:00,306.649331,310.7992571428572,302.66074285714285,2026-07-29 15:22:00-04:00,302.66074285714285,target,0.9611226815981544,-0.3230585205251288,1.014314678164839,1,6,23.931528857143007,layers=rsi5 > 90 (short-term overbought) + sma20_dist_pct > 1.0 (close > 1% above 5-min SMA20) + bear_div == 1 (price at 20-bar high while RSI(14) is >5 below its 20-bar max) + time window 13:00-15:00 ET (bar close),26.0,27,False,14:55,15:22
AGI,exhaustion_short,-1,2026-07-29,2026-07-29 15:00:00-04:00,2026-07-29 15:00:00-04:00,29.377061,29.663282142857145,29.126717857142857,2026-07-29 15:09:00-04:00,29.126717857142857,target,0.8746493720140343,-0.3945865035427162,0.9330582546562292,1,68,17.023333714285542,layers=rsi5 > 90 (short-term overbought) + sma20_dist_pct > 1.0 (close > 1% above 5-min SMA20) + bear_div == 1 (price at 20-bar high while RSI(14) is >5 below its 20-bar max) + time window 13:00-15:00 ET (bar close),8.0,9,False,15:00,15:09
APLD,exhaustion_short,-1,2026-07-29,2026-07-29 15:00:00-04:00,2026-07-29 15:00:00-04:00,25.007498,25.629975,24.420025,2026-07-29 15:10:00-04:00,24.420025,target,0.9437665969987636,-0.2931867362167647,0.9598716097140908,1,79,46.41036699999994,layers=rsi5 > 90 (short-term overbought) + sma20_dist_pct > 1.0 (close > 1% above 5-min SMA20) + bear_div == 1 (price at 20-bar high while RSI(14) is >5 below its 20-bar max) + time window 13:00-15:00 ET (bar close),9.0,10,False,15:00,15:10
CLSK,exhaustion_short,-1,2026-07-29,2026-07-29 15:00:00-04:00,2026-07-29 15:00:00-04:00,12.7637225,13.102666071428573,12.447333928571428,2026-07-29 15:19:00-04:00,12.447333928571428,target,0.9334549998840922,-0.1365345263960928,0.9843010109141628,1,156,49.35661714285722,layers=rsi5 > 90 (short-term overbought) + sma20_dist_pct > 1.0 (close > 1% above 5-min SMA20) + bear_div == 1 (price at 20-bar high while RSI(14) is >5 below its 20-bar max) + time window 13:00-15:00 ET (bar close),18.0,19,False,15:00,15:19
COMP,exhaustion_short,-1,2026-07-29,2026-07-29 15:00:00-04:00,2026-07-29 15:00:00-04:00,11.978801,12.1398875,11.8401125,2026-07-29 15:24:00-04:00,11.8401125,target,0.8609566909703851,-0.7213453641366605,0.9547727463195346,1,166,23.02229100000011,layers=rsi5 > 90 (short-term overbought) + sma20_dist_pct > 1.0 (close > 1% above 5-min SMA20) + bear_div == 1 (price at 20-bar high while RSI(14) is >5 below its 20-bar max) + time window 13:00-15:00 ET (bar close),23.0,24,False,15:00,15:24
GDX,exhaustion_short,-1,2026-07-29,2026-07-29 15:00:00-04:00,2026-07-29 15:00:00-04:00,75.7474235,76.40053571428572,75.11946428571429,2026-07-29 15:11:00-04:00,75.11946428571429,target,0.9614874757356578,-0.4326614842275504,1.1444028815437366,1,26,16.326939571428454,layers=rsi5 > 90 (short-term overbought) + sma20_dist_pct > 1.0 (close > 1% above 5-min SMA20) + bear_div == 1 (price at 20-bar high while RSI(14) is >5 below its 20-bar max) + time window 13:00-15:00 ET (bar close),10.0,11,False,15:00,15:11
IREN,exhaustion_short,-1,2026-07-29,2026-07-29 15:00:00-04:00,2026-07-29 15:00:00-04:00,31.736825,32.66534464285714,30.85465535714286,2026-07-29 15:18:00-04:00,30.85465535714286,target,0.9500818314867518,-0.369485990564861,1.0800256168132427,1,63,55.57668749999978,layers=rsi5 > 90 (short-term overbought) + sma20_dist_pct > 1.0 (close > 1% above 5-min SMA20) + bear_div == 1 (price at 20-bar high while RSI(14) is >5 below its 20-bar max) + time window 13:00-15:00 ET (bar close),17.0,18,False,15:00,15:18
NVTS,exhaustion_short,-1,2026-07-29,2026-07-29 15:00:00-04:00,2026-07-29 15:00:00-04:00,10.4939495,10.795553571428572,10.21444642857143,2026-07-29 15:21:00-04:00,10.21444642857143,target,0.9267218114950632,-0.434511707283221,0.9414644127814712,1,190,53.1055835714286,layers=rsi5 > 90 (short-term overbought) + sma20_dist_pct > 1.0 (close > 1% above 5-min SMA20) + bear_div == 1 (price at 20-bar high while RSI(14) is >5 below its 20-bar max) + time window 13:00-15:00 ET (bar close),20.0,21,False,15:00,15:21
OKLO,exhaustion_short,-1,2026-07-29,2026-07-29 15:00:00-04:00,2026-07-29 15:00:00-04:00,39.14858375000001,39.90245178571429,38.33754821428571,2026-07-29 15:19:00-04:00,38.33754821428571,target,1.0758322375956086,-0.3467665925804932,1.0858448842766166,1,51,41.36281232142912,layers=rsi5 > 90 (short-term overbought) + sma20_dist_pct > 1.0 (close > 1% above 5-min SMA20) + bear_div == 1 (price at 20-bar high while RSI(14) is >5 below its 20-bar max) + time window 13:00-15:00 ET (bar close),18.0,19,False,15:00,15:19
VRT,exhaustion_short,-1,2026-07-29,2026-07-29 15:00:00-04:00,2026-07-29 15:00:00-04:00,231.876809,236.26393035714287,227.55606964285712,2026-07-29 15:19:00-04:00,227.55606964285712,target,0.9848688936101808,-0.5569007103079382,1.111619351960681,1,8,34.56591485714307,layers=rsi5 > 90 (short-term overbought) + sma20_dist_pct > 1.0 (close > 1% above 5-min SMA20) + bear_div == 1 (price at 20-bar high while RSI(14) is >5 below its 20-bar max) + time window 13:00-15:00 ET (bar close),18.0,19,False,15:00,15:19
DIA,intraday_momentum,-1,2026-07-29,2026-07-29 15:30:00-04:00,2026-07-29 15:30:00-04:00,517.698224,519.0806232142857,,2026-07-29 15:55:00-04:00,515.8886823928572,scaled+time,1.3089862815625717,-0.1821297331467049,2.082049794485165,1,3,5.428624821428457,first_30m_ret=-1.186,17.0,25,False,15:30,15:55
IWM,intraday_momentum,-1,2026-07-29,2026-07-29 15:30:00-04:00,2026-07-29 15:30:00-04:00,290.62093400000003,291.57151607142856,,2026-07-29 15:55:00-04:00,289.10960146428573,scaled+time,1.589902209541027,-0.3987725114889959,2.4205527004545897,1,6,9.067995214285816,first_30m_ret=-0.5284,17.0,25,False,15:30,15:55
QQQ,intraday_momentum,-1,2026-07-29,2026-07-29 15:30:00-04:00,2026-07-29 15:30:00-04:00,670.692923,674.083125,,2026-07-29 15:55:00-04:00,665.6995615,scaled+time,1.4728802295556211,-0.2581194276919255,2.245566193400809,1,2,9.986722999999984,first_30m_ret=-0.6381,22.0,25,False,15:30,15:55
SPY,intraday_momentum,-1,2026-07-29,2026-07-29 15:30:00-04:00,2026-07-29 15:30:00-04:00,735.126479,736.9467821428572,,2026-07-29 15:55:00-04:00,732.1046289285714,scaled+time,1.6600806757304885,-0.3370433119381483,2.7228865804298863,1,2,6.043700142857233,first_30m_ret=-0.459,22.0,25,False,15:30,15:55
CAT,heat_fade_short,-1,2026-07-30,2026-07-30 09:50:00-04:00,2026-07-30 09:50:00-04:00,807.8992010000001,817.0321392857143,797.0778607142856,2026-07-30 10:02:00-04:00,817.1438424996428,stop,-1.0122308079211773,-1.105974734965599,0.0973510355797359,0,2,-18.48928299928548,heat_score=-29.24,2.0,12,False,09:50,10:02
COPX,heat_fade_short,-1,2026-07-30,2026-07-30 09:50:00-04:00,2026-07-30 09:50:00-04:00,78.822116,79.50526785714285,78.12473214285714,2026-07-30 15:17:00-04:00,79.54321838392858,stop,-1.0555521095184333,-1.0508410282340617,0.9472505903832628,0,25,-18.027559598214538,heat_score=-20.55,96.0,327,False,09:50,15:17
JCI,heat_fade_short,-1,2026-07-30,2026-07-30 09:50:00-04:00,2026-07-30 09:50:00-04:00,143.60313725,144.78655892857142,142.41344107142857,2026-07-30 09:53:00-04:00,144.83103758446427,stop,-1.0375847905258406,-1.0451580974020112,0.0005384809248892,0,13,-15.96270434803546,heat_score=-14.18,0.0,3,False,09:50,09:53
KLAC,heat_fade_short,-1,2026-07-30,2026-07-30 09:50:00-04:00,2026-07-30 09:50:00-04:00,183.53234393,187.10396607142857,180.11603392857143,2026-07-30 14:20:00-04:00,180.11603392857143,target,0.9565149576718904,-0.9008948714583246,1.0002020898468065,1,10,34.16310001428542,heat_score=-34.81,269.0,270,False,09:50,14:20
LRCX,heat_fade_short,-1,2026-07-30,2026-07-30 09:50:00-04:00,2026-07-30 09:50:00-04:00,303.23717225,308.93790892857146,297.6370910714286,2026-07-30 10:29:00-04:00,308.99880271946427,stop,-1.0106817406812878,-1.0073834442462102,0.4152397108426349,0,6,-34.569782816785505,heat_score=-32.47,18.0,39,False,09:50,10:29
PWR,heat_fade_short,-1,2026-07-30,2026-07-30 09:50:00-04:00,2026-07-30 09:50:00-04:00,646.915301,652.76995,640.00005,2026-07-30 09:52:00-04:00,652.865226995,stop,-1.0162737330623832,-1.3330771836193829,0.0,0,3,-17.849777984999832,heat_score=-35.05,0.0,2,False,09:50,09:52
ALNY,orb20_a,-1,2026-07-30,2026-07-30 09:50:00-04:00,2026-07-30 09:53:00-04:00,213.9686,221.995,202.0075,2026-07-30 12:11:00-04:00,202.0075,target,1.49021977474335,-0.2481062493770557,1.491154191169144,1,9,107.64990000000014,rv20=11.36;or_width=15.99,137.0,138,True,09:53,12:11
VTR,orb20_a,-1,2026-07-30,2026-07-30 09:50:00-04:00,2026-07-30 09:53:00-04:00,92.110787,94.8625,88.03125,2026-07-30 15:50:00-04:00,91.5841565,time,0.1913827859227979,-0.1741507926153687,0.4545484939744748,0,21,11.059240499999618,rv20=7.775;or_width=5.465,160.0,357,False,09:53,15:50
APH,heat_fade_short,-1,2026-07-30,2026-07-30 09:55:00-04:00,2026-07-30 09:55:00-04:00,78.732125,79.62839285714286,77.91160714285714,2026-07-30 10:09:00-04:00,77.91160714285714,target,0.9154828554920216,-0.6447570281524624,1.084636687852391,1,25,20.51294642857151,heat_score=-12.14,13.0,14,False,09:55,10:09
VRT,heat_fade_short,-1,2026-07-30,2026-07-30 09:55:00-04:00,2026-07-30 09:55:00-04:00,235.716425,240.51339464285712,230.82660535714285,2026-07-30 10:19:00-04:00,230.82660535714285,target,1.019355969896185,-0.5344155145566241,1.0731827347845837,1,8,39.1185571428573,heat_score=-17.67,23.0,24,False,09:55,10:19
GFL,orb20_a,-1,2026-07-30,2026-07-30 09:50:00-04:00,2026-07-30 09:56:00-04:00,41.345864,42.1925,40.11125,2026-07-30 15:50:00-04:00,41.664165,time,-0.3759596804293692,-0.7490066569340313,1.2589400875937262,1,48,-15.278447999999912,rv20=7.771;or_width=1.665,35.0,354,True,09:56,15:50
MRNA,heat_fade_short,-1,2026-07-30,2026-07-30 10:00:00-04:00,2026-07-30 10:00:00-04:00,55.82441600000001,56.61036785714286,54.94583214285714,2026-07-30 10:42:00-04:00,56.64602889392857,stop,-1.0453730549290243,-1.0122553853262095,0.4000448591635047,0,35,-28.75645128749984,heat_score=-12.39,13.0,42,False,10:00,10:42
TT,heat_fade_short,-1,2026-07-30,2026-07-30 10:00:00-04:00,2026-07-30 10:00:00-04:00,456.914303,461.2056071428572,453.75939285714287,2026-07-30 10:14:00-04:00,453.75939285714287,target,0.7351867958621581,-0.8169304442881811,0.9727352946884732,1,4,12.61964057142859,heat_score=-22.58,13.0,14,False,10:00,10:14
MA,heat_fade_short,-1,2026-07-30,2026-07-30 10:05:00-04:00,2026-07-30 10:05:00-04:00,576.852308,579.8340053571428,573.9531946428572,2026-07-30 10:22:00-04:00,573.9531946428572,target,0.9723030240469702,-0.887981469231716,1.0203275636650484,1,3,8.69734007142847,heat_score=-11.77,16.0,17,False,10:05,10:22
COHR,heat_fade_short,-1,2026-07-30,2026-07-30 10:10:00-04:00,2026-07-30 10:10:00-04:00,241.26587000000004,247.6612964285714,234.92870357142857,2026-07-30 10:28:00-04:00,247.71606255821425,stop,-1.008563327286227,-1.0529602795390542,0.0415718956303318,0,8,-51.6015404657137,heat_score=-16.6,6.0,18,False,10:10,10:28
STX,heat_fade_short,-1,2026-07-30,2026-07-30 10:10:00-04:00,2026-07-30 10:10:00-04:00,877.862204,897.2021946428572,858.7378053571429,2026-07-30 10:55:00-04:00,858.7378053571429,target,0.9888525282156928,-0.6539711540486796,0.9928755579358044,1,2,38.24879728571432,heat_score=-34.84,44.0,45,False,10:10,10:55
SIMO,heat_fade_short,-1,2026-07-30,2026-07-30 10:15:00-04:00,2026-07-30 10:15:00-04:00,255.5094455,261.7957142857143,248.86428571428573,2026-07-30 10:30:00-04:00,261.85189385714284,stop,-1.0089368707167254,-1.1502140214608054,0.2592070997191451,0,7,-44.3971384999999,heat_score=-12.82,1.0,15,False,10:15,10:30
TENB,orb20_a,1,2026-07-30,2026-07-30 09:50:00-04:00,2026-07-30 10:17:00-04:00,31.023101000000004,29.26,33.635000000000005,2026-07-30 13:50:00-04:00,33.635000000000005,target,1.481423355780524,-0.5061542135135774,1.4842592681871276,1,64,167.16153600000007,rv20=7.996;or_width=3.5,212.0,213,False,10:17,13:50
GE,heat_fade_short,-1,2026-07-30,2026-07-30 10:20:00-04:00,2026-07-30 10:20:00-04:00,353.634632,356.3674964285714,350.9425035714285,2026-07-30 10:56:00-04:00,350.9425035714285,target,0.985094028238635,-0.3020157133924946,1.0319326383395468,1,5,13.460642142857466,heat_score=-13.55,35.0,36,False,10:20,10:56
RCL,heat_fade_short,-1,2026-07-30,2026-07-30 10:20:00-04:00,2026-07-30 10:20:00-04:00,319.118084,321.7351785714286,315.7448214285714,2026-07-30 12:36:00-04:00,321.7973520892857,stop,-1.0237566951289672,-1.0247684700732929,1.137935186795476,1,6,-16.075608535714196,heat_score=-14.01,52.0,136,False,10:20,12:36
DIA,heat_fade_short,-1,2026-07-30,2026-07-30 10:30:00-04:00,2026-07-30 10:30:00-04:00,518.4381500000001,519.9082125,517.0217875000001,2026-07-30 10:55:00-04:00,517.0217875000001,target,0.9634709408614002,-0.2597508609327868,1.0463160579908433,1,3,4.249087499999973,heat_score=-19.49,24.0,25,False,10:30,10:55
MSFT,orb20_a,1,2026-07-30,2026-07-30 09:50:00-04:00,2026-07-30 10:43:00-04:00,451.795174,442.095,466.2075,2026-07-30 15:50:00-04:00,455.3144630000001,time,0.3628067908885027,-0.8396935972488784,0.7107940537973918,0,4,14.077156000000286,rv20=7.88;or_width=19.29,210.0,307,True,10:43,15:50
STX,heat_fade_long,1,2026-07-30,2026-07-30 11:05:00-04:00,2026-07-30 11:05:00-04:00,856.675658,837.1378053571428,875.6021946428572,2026-07-30 12:35:00-04:00,837.0240915766071,stop,-1.0058201780213178,-1.0065414229229317,0.1491638847560603,0,2,-39.30313284678573,heat_score=59.28,1.0,90,False,11:05,12:35
TT,heat_fade_long,1,2026-07-30,2026-07-30 11:05:00-04:00,2026-07-30 11:05:00-04:00,447.5997545,443.63689285714287,451.0831071428572,2026-07-30 11:13:00-04:00,443.5625291678572,stop,-1.018765149022986,-1.0118330795695114,0.1514676902944322,0,4,-16.148901328571355,heat_score=59.12,4.0,8,False,11:05,11:13
SIMO,heat_fade_long,1,2026-07-30,2026-07-30 11:10:00-04:00,2026-07-30 11:10:00-04:00,249.494946,243.9742857142857,256.9057142857143,2026-07-30 12:41:00-04:00,243.91988828571428,stop,-1.0098534279879885,-1.5170189011034954,0.8305263795826519,0,8,-44.60046171428576,heat_score=70.55,15.0,91,False,11:10,12:41
CRH,heat_fade_long,1,2026-07-30,2026-07-30 11:15:00-04:00,2026-07-30 11:15:00-04:00,96.04880292,95.34267857142856,96.85732142857142,2026-07-30 11:37:00-04:00,96.85732142857142,target,1.1450086804217174,-0.2107318920541946,1.1629638344313904,1,20,16.170370171428488,heat_score=69.5,21.0,22,False,11:15,11:37
PWR,heat_fade_long,1,2026-07-30,2026-07-30 11:15:00-04:00,2026-07-30 11:15:00-04:00,636.3886315000001,629.99005,642.75995,2026-07-30 11:37:00-04:00,642.75995,target,0.9957392118862322,-0.1349723372281963,1.0457581106062113,1,3,19.113955499999747,heat_score=59.65,21.0,22,False,11:15,11:37
VRT,heat_fade_long,1,2026-07-30,2026-07-30 11:20:00-04:00,2026-07-30 11:20:00-04:00,229.1779145,224.30160535714288,233.98839464285717,2026-07-30 15:55:00-04:00,227.507246,time,-0.342609225759855,-0.9388072753151404,0.2895807994594562,0,8,-13.365347999999813,heat_score=58.26,234.0,275,False,11:20,15:55
ARM,heat_fade_long,1,2026-07-30,2026-07-30 11:30:00-04:00,2026-07-30 11:30:00-04:00,234.693466,229.32983214285716,240.11016785714287,2026-07-30 12:07:00-04:00,240.11016785714287,target,1.0098940385219213,-0.3772565491779981,1.1757950240398134,1,8,43.333614857143175,heat_score=67.77,36.0,37,False,11:30,12:07
LRCX,heat_fade_long,1,2026-07-30,2026-07-30 11:30:00-04:00,2026-07-30 11:30:00-04:00,300.34003,294.7395910714285,306.0404089285714,2026-07-30 12:44:00-04:00,294.68011711232145,stop,-1.0106195174816888,-1.0874201250424906,0.1696242048375165,0,6,-33.95947732607135,heat_score=61.85,5.0,74,False,11:30,12:44
FTNT,heat_fade_long,1,2026-07-30,2026-07-30 12:10:00-04:00,2026-07-30 12:10:00-04:00,153.605358,152.0499482142857,155.31005178571428,2026-07-30 15:55:00-04:00,153.884609,time,0.1795353241086761,-0.8842415758419744,0.9352146382003246,0,13,3.630263000000213,heat_score=71.51,122.0,225,False,12:10,15:55
INIO,heat_fade_long,1,2026-07-30,2026-07-30 12:30:00-04:00,2026-07-30 12:30:00-04:00,23.862385000000003,23.111875,24.598125,2026-07-30 15:55:00-04:00,24.117587,time,0.3400381074202779,-0.8226206179797746,0.4831581191456438,0,83,21.18176599999946,heat_score=69.04,138.0,205,False,12:30,15:55
SPCX,heat_fade_long,1,2026-07-30,2026-07-30 12:45:00-04:00,2026-07-30 12:45:00-04:00,112.52125,110.51896071428573,114.50323928571429,2026-07-30 15:55:00-04:00,112.038794,time,-0.2409521957901811,-0.584905492106359,0.3789412476076428,0,17,-8.201752000000226,heat_score=70.3,60.0,190,False,12:45,15:55
GLXY,exhaustion_short,-1,2026-07-30,2026-07-30 13:10:00-04:00,2026-07-30 13:10:00-04:00,21.4028585,21.920885714285717,20.909114285714285,2026-07-30 15:55:00-04:00,21.402139,time,0.0013889231688095,-0.7762941577393706,0.3443033398272875,0,93,0.0669134999995648,layers=rsi5 > 90 (short-term overbought) + sma20_dist_pct > 1.0 (close > 1% above 5-min SMA20) + bear_div == 1 (price at 20-bar high while RSI(14) is >5 below its 20-bar max) + time window 13:00-15:00 ET (bar close),25.0,165,False,13:10,15:55
MU,exhaustion_short,-1,2026-07-30,2026-07-30 13:10:00-04:00,2026-07-30 13:10:00-04:00,865.583432,885.1881214285714,845.9418785714287,2026-07-30 15:55:00-04:00,875.557546,time,-0.5087616427865439,-0.8628837534832952,0.15932065699791,0,2,-19.94822799999997,layers=rsi5 > 90 (short-term overbought) + sma20_dist_pct > 1.0 (close > 1% above 5-min SMA20) + bear_div == 1 (price at 20-bar high while RSI(14) is >5 below its 20-bar max) + time window 13:00-15:00 ET (bar close),106.0,165,False,13:10,15:55
MULL,exhaustion_short,-1,2026-07-30,2026-07-30 13:10:00-04:00,2026-07-30 13:10:00-04:00,18.428156,19.359562500000003,17.4804375,2026-07-30 15:55:00-04:00,18.721871000000004,time,-0.315345662715476,-0.6354303947846589,0.1590669594854662,0,108,-31.721220000000255,layers=rsi5 > 90 (short-term overbought) + sma20_dist_pct > 1.0 (close > 1% above 5-min SMA20) + bear_div == 1 (price at 20-bar high while RSI(14) is >5 below its 20-bar max) + time window 13:00-15:00 ET (bar close),106.0,165,False,13:10,15:55
MUU,exhaustion_short,-1,2026-07-30,2026-07-30 13:10:00-04:00,2026-07-30 13:10:00-04:00,26.3623625,27.740076785714287,25.02992321428572,2026-07-30 15:55:00-04:00,26.902689,time,-0.3921905329738712,-0.6587995126503519,0.1105181978432178,0,75,-40.52448750000019,layers=rsi5 > 90 (short-term overbought) + sma20_dist_pct > 1.0 (close > 1% above 5-min SMA20) + bear_div == 1 (price at 20-bar high while RSI(14) is >5 below its 20-bar max) + time window 13:00-15:00 ET (bar close),106.0,165,False,13:10,15:55
SMR,exhaustion_short,-1,2026-07-30,2026-07-30 13:10:00-04:00,2026-07-30 13:10:00-04:00,8.4541535,8.626785714285715,8.303214285714285,2026-07-30 15:11:00-04:00,8.657648392857142,stop,-1.1787770532813082,-1.014564406328731,0.3136929003898039,0,236,-48.02479471428553,layers=rsi5 > 90 (short-term overbought) + sma20_dist_pct > 1.0 (close > 1% above 5-min SMA20) + bear_div == 1 (price at 20-bar high while RSI(14) is >5 below its 20-bar max) + time window 13:00-15:00 ET (bar close),70.0,121,False,13:10,15:11
SOUN,exhaustion_short,-1,2026-07-30,2026-07-30 13:10:00-04:00,2026-07-30 13:10:00-04:00,6.1243865,6.238326785714285,6.041473214285714,2026-07-30 15:55:00-04:00,6.120611,time,0.033135777888666,-0.5758586577931848,0.3017940475085962,0,326,1.2308129999999051,layers=rsi5 > 90 (short-term overbought) + sma20_dist_pct > 1.0 (close > 1% above 5-min SMA20) + bear_div == 1 (price at 20-bar high while RSI(14) is >5 below its 20-bar max) + time window 13:00-15:00 ET (bar close),162.0,165,False,13:10,15:55
TOST,exhaustion_short,-1,2026-07-30,2026-07-30 13:15:00-04:00,2026-07-30 13:15:00-04:00,31.88681,32.213026785714284,31.586973214285717,2026-07-30 14:29:00-04:00,32.24624808839285,stop,-1.1018381154293695,-1.0980121676317318,0.2048024593636681,0,62,-22.285161480357104,layers=rsi5 > 90 (short-term overbought) + sma20_dist_pct > 1.0 (close > 1% above 5-min SMA20) + bear_div == 1 (price at 20-bar high while RSI(14) is >5 below its 20-bar max) + time window 13:00-15:00 ET (bar close),24.0,74,False,13:15,14:29
AXTI,exhaustion_short,-1,2026-07-30,2026-07-30 13:20:00-04:00,2026-07-30 13:20:00-04:00,45.8004185,47.65337321428572,44.06642678571429,2026-07-30 14:20:00-04:00,47.688138551607146,stop,-1.0187621084602885,-1.0197666923168178,0.0595905011324392,0,43,-81.17196221910731,layers=rsi5 > 90 (short-term overbought) + sma20_dist_pct > 1.0 (close > 1% above 5-min SMA20) + bear_div == 1 (price at 20-bar high while RSI(14) is >5 below its 20-bar max) + time window 13:00-15:00 ET (bar close),3.0,60,False,13:20,14:20
DRAM,exhaustion_short,-1,2026-07-30,2026-07-30 13:20:00-04:00,2026-07-30 13:20:00-04:00,51.8298155,53.05595535714286,50.63404464285714,2026-07-30 15:55:00-04:00,51.875186,time,-0.0370027119954482,-0.2529764432605501,0.529968499282129,0,38,-1.7240789999998896,layers=rsi5 > 90 (short-term overbought) + sma20_dist_pct > 1.0 (close > 1% above 5-min SMA20) + bear_div == 1 (price at 20-bar high while RSI(14) is >5 below its 20-bar max) + time window 13:00-15:00 ET (bar close),79.0,155,False,13:20,15:55
KORU,exhaustion_short,-1,2026-07-30,2026-07-30 13:20:00-04:00,2026-07-30 13:20:00-04:00,15.908408,16.843180357142856,15.016819642857142,2026-07-30 15:55:00-04:00,16.021601000000004,time,-0.1210915140301968,-0.2905434653952802,0.3566729348084984,0,125,-14.14912500000054,layers=rsi5 > 90 (short-term overbought) + sma20_dist_pct > 1.0 (close > 1% above 5-min SMA20) + bear_div == 1 (price at 20-bar high while RSI(14) is >5 below its 20-bar max) + time window 13:00-15:00 ET (bar close),60.0,155,False,13:20,15:55
RAM,exhaustion_short,-1,2026-07-30,2026-07-30 13:20:00-04:00,2026-07-30 13:20:00-04:00,11.08889,11.7000875,10.5099125,2026-07-30 15:55:00-04:00,11.11111,time,-0.0363548607446868,-0.1947161105861868,0.3867653254471748,0,180,-3.999600000000143,layers=rsi5 > 90 (short-term overbought) + sma20_dist_pct > 1.0 (close > 1% above 5-min SMA20) + bear_div == 1 (price at 20-bar high while RSI(14) is >5 below its 20-bar max) + time window 13:00-15:00 ET (bar close),79.0,155,False,13:20,15:55
SKHY,exhaustion_short,-1,2026-07-30,2026-07-30 13:20:00-04:00,2026-07-30 13:20:00-04:00,149.215076,154.06481250000002,144.5551875,2026-07-30 15:55:00-04:00,148.19481699999997,time,0.2103741100160879,-0.2352548432270459,0.3557050986172134,0,13,13.2633670000005,layers=rsi5 > 90 (short-term overbought) + sma20_dist_pct > 1.0 (close > 1% above 5-min SMA20) + bear_div == 1 (price at 20-bar high while RSI(14) is >5 below its 20-bar max) + time window 13:00-15:00 ET (bar close),59.0,155,False,13:20,15:55
SNDK,exhaustion_short,-1,2026-07-30,2026-07-30 13:20:00-04:00,2026-07-30 13:20:00-04:00,1270.9578905,1318.1697553571428,1224.8302446428572,2026-07-30 15:55:00-04:00,1276.417628,time,-0.1156433349227009,-0.2127030891574843,0.5450746454915096,0,1,-5.459737499999847,layers=rsi5 > 90 (short-term overbought) + sma20_dist_pct > 1.0 (close > 1% above 5-min SMA20) + bear_div == 1 (price at 20-bar high while RSI(14) is >5 below its 20-bar max) + time window 13:00-15:00 ET (bar close),60.0,155,False,13:20,15:55
SNDU,exhaustion_short,-1,2026-07-30,2026-07-30 13:20:00-04:00,2026-07-30 13:20:00-04:00,16.187180119999997,17.891794642857143,14.507805357142855,2026-07-30 15:55:00-04:00,16.301629000000002,time,-0.0671406223902012,-0.1248492706980396,0.3209993301493494,0,123,-14.077212240000584,layers=rsi5 > 90 (short-term overbought) + sma20_dist_pct > 1.0 (close > 1% above 5-min SMA20) + bear_div == 1 (price at 20-bar high while RSI(14) is >5 below its 20-bar max) + time window 13:00-15:00 ET (bar close),59.0,155,False,13:20,15:55
SNXX,exhaustion_short,-1,2026-07-30,2026-07-30 13:20:00-04:00,2026-07-30 13:20:00-04:00,10.27907099,11.355641071428572,9.234358928571428,2026-07-30 15:55:00-04:00,10.401039,time,-0.1132931446860872,-0.1494830785065579,0.3149548699607797,0,194,-23.66179393999996,layers=rsi5 > 90 (short-term overbought) + sma20_dist_pct > 1.0 (close > 1% above 5-min SMA20) + bear_div == 1 (price at 20-bar high while RSI(14) is >5 below its 20-bar max) + time window 13:00-15:00 ET (bar close),59.0,155,False,13:20,15:55
BB,exhaustion_short,-1,2026-07-30,2026-07-30 13:30:00-04:00,2026-07-30 13:30:00-04:00,8.449154000000002,8.613301785714286,8.296698214285714,2026-07-30 15:55:00-04:00,8.51085,time,-0.3758564255468284,-0.8580438620424304,0.0,0,236,-14.56025599999947,layers=rsi5 > 90 (short-term overbought) + sma20_dist_pct > 1.0 (close > 1% above 5-min SMA20) + bear_div == 1 (price at 20-bar high while RSI(14) is >5 below its 20-bar max) + time window 13:00-15:00 ET (bar close),0.0,145,False,13:30,15:55
WDAY,exhaustion_short,-1,2026-07-30,2026-07-30 14:05:00-04:00,2026-07-30 14:05:00-04:00,157.07429000000002,159.46973214285717,154.75026785714286,2026-07-30 15:55:00-04:00,157.41573899999997,time,-0.1425411175210825,-0.5283826218780289,0.1687746878819695,0,12,-4.097387999999455,layers=rsi5 > 90 (short-term overbought) + sma20_dist_pct > 1.0 (close > 1% above 5-min SMA20) + bear_div == 1 (price at 20-bar high while RSI(14) is >5 below its 20-bar max) + time window 13:00-15:00 ET (bar close),3.0,110,False,14:05,15:55
DIA,intraday_momentum,1,2026-07-30,2026-07-30 15:30:00-04:00,2026-07-30 15:30:00-04:00,521.7421679999999,520.2267875,,2026-07-30 15:55:00-04:00,521.1578780000001,time,-0.3855731283330025,-0.384172819961691,0.0447623550653266,0,3,-1.7528699999993478,first_30m_ret=0.6422,2.0,25,False,15:30,15:55
IWM,intraday_momentum,1,2026-07-30,2026-07-30 15:30:00-04:00,2026-07-30 15:30:00-04:00,292.1442105,291.15571607142857,,2026-07-30 15:55:00-04:00,292.540742,time,0.4011469245943148,-0.0497832851431221,0.592607791271645,0,6,2.379189000000224,first_30m_ret=0.9009,21.0,25,False,15:30,15:55
QQQ,intraday_momentum,1,2026-07-30,2026-07-30 15:30:00-04:00,2026-07-30 15:30:00-04:00,683.8983820000001,680.4200892857143,,2026-07-30 15:55:00-04:00,683.3416579999999,time,-0.1600566846239281,-0.2582824603318516,0.0722820132323366,0,2,-1.1134480000002895,first_30m_ret=3.021,4.0,25,False,15:30,15:55
SPY,intraday_momentum,1,2026-07-30,2026-07-30 15:30:00-04:00,2026-07-30 15:30:00-04:00,741.8541769999999,739.8591107142856,,2026-07-30 15:55:00-04:00,741.325859,time,-0.2648122540002441,-0.3579715647113198,0.068079442258453,0,2,-1.0566359999997983,first_30m_ret=1.249,0.0,25,False,15:30,15:55
AEHR,heat_fade_short,-1,2026-07-31,2026-07-31 09:50:00-04:00,2026-07-31 09:50:00-04:00,79.91080711999999,83.18220357142857,76.96779642857143,2026-07-31 10:10:00-04:00,76.96779642857143,target,0.8996190877884492,-0.2718083525497829,0.9081158961038388,1,25,73.57526728571386,heat_score=-11.65,19.0,20,False,09:50,10:10
ALAB,heat_fade_short,-1,2026-07-31,2026-07-31 09:50:00-04:00,2026-07-31 09:50:00-04:00,314.89480637,323.63838928571425,306.7616107142857,2026-07-31 10:09:00-04:00,306.7616107142857,target,0.9301902588579656,-0.4786588827879933,0.9372366510383388,1,6,48.79917393428582,heat_score=-12.78,18.0,19,False,09:50,10:09
ARM,heat_fade_short,-1,2026-07-31,2026-07-31 09:50:00-04:00,2026-07-31 09:50:00-04:00,252.3797585,258.36578214285714,246.39421785714285,2026-07-31 10:01:00-04:00,258.4216187210714,stop,-1.0093278245368935,-1.0107279658374708,0.2722606186069327,0,7,-42.29302154749982,heat_score=-16.61,1.0,11,False,09:50,10:01
BABA,heat_fade_short,-1,2026-07-31,2026-07-31 09:50:00-04:00,2026-07-31 09:50:00-04:00,119.818016,120.7607375,118.9692625,2026-07-31 10:02:00-04:00,120.80281357375,stop,-1.044632559828111,-1.094685970352861,0.1039713213287298,0,16,-15.756761179999785,heat_score=-41.49,0.0,12,False,09:50,10:02
CARR,heat_fade_short,-1,2026-07-31,2026-07-31 09:50:00-04:00,2026-07-31 09:50:00-04:00,62.183780000000006,62.84456964285714,61.615430357142856,2026-07-31 15:55:00-04:00,62.1112095,time,0.1098239065706757,-0.7055497994553057,0.3840556563548852,0,32,2.32225600000038,heat_score=-12.49,360.0,365,False,09:50,15:55
CRDO,heat_fade_short,-1,2026-07-31,2026-07-31 09:50:00-04:00,2026-07-31 09:50:00-04:00,206.9543015,212.21009464285717,201.75990535714288,2026-07-31 10:08:00-04:00,201.75990535714288,target,0.9883182236569868,-0.3892273619596667,1.0837377623472526,1,9,46.74956528571417,heat_score=-11.42,17.0,18,False,09:50,10:08
LITE,heat_fade_short,-1,2026-07-31,2026-07-31 09:50:00-04:00,2026-07-31 09:50:00-04:00,720.9179,741.188075,703.0479250000001,2026-07-31 10:07:00-04:00,703.0479250000001,target,0.8815895768043422,-0.1559976665223665,0.9051673209530744,1,2,35.73994999999991,heat_score=-11.73,16.0,17,False,09:50,10:07
MPWR,heat_fade_short,-1,2026-07-31,2026-07-31 09:50:00-04:00,2026-07-31 09:50:00-04:00,1464.033581,1482.2104464285717,1441.7495535714286,2026-07-31 09:52:00-04:00,1482.3886674732144,stop,-1.0098048283045964,-1.253044376078104,0.558599118197801,0,1,-18.35508647321421,heat_score=-18.35,0.0,2,False,09:50,09:52
MRVL,heat_fade_short,-1,2026-07-31,2026-07-31 09:50:00-04:00,2026-07-31 09:50:00-04:00,191.77082,196.3407125,187.7592875,2026-07-31 10:11:00-04:00,187.7592875,target,0.8778176948363682,-0.4593280914157133,1.0177088410723012,1,10,40.11532500000016,heat_score=-14.7,20.0,21,False,09:50,10:11
NVT,heat_fade_short,-1,2026-07-31,2026-07-31 09:50:00-04:00,2026-07-31 09:50:00-04:00,158.224175,160.64633928571428,156.42366071428572,2026-07-31 10:03:00-04:00,156.42366071428572,target,0.7433493658269058,-0.396680359654738,0.8522027230664495,1,12,21.60617142857143,heat_score=-11.95,12.0,13,False,09:50,10:03
PANW,heat_fade_short,-1,2026-07-31,2026-07-31 09:50:00-04:00,2026-07-31 09:50:00-04:00,329.037092,332.6230160714286,324.95698392857145,2026-07-31 10:09:00-04:00,324.95698392857145,target,1.1378121762079092,-0.3818842710337849,1.3201874623390806,1,6,24.48064842857116,heat_score=-11.48,18.0,19,False,09:50,10:09
PWR,heat_fade_short,-1,2026-07-31,2026-07-31 09:50:00-04:00,2026-07-31 09:50:00-04:00,678.882104,687.1740571428571,670.7659428571429,2026-07-31 10:14:00-04:00,670.7659428571429,target,0.978799687242392,-0.4206362409325168,1.032579882265205,1,2,16.23232228571419,heat_score=-38.87,23.0,24,False,09:50,10:14
VRT,heat_fade_short,-1,2026-07-31,2026-07-31 09:50:00-04:00,2026-07-31 09:50:00-04:00,241.385858,246.44196607142857,236.3980339285714,2026-07-31 10:03:00-04:00,236.3980339285714,target,0.986494750698504,-0.2599117703646468,1.1542193951465791,1,8,39.90259257142884,heat_score=-14.7,12.0,13,False,09:50,10:03
WDC,heat_fade_short,-1,2026-07-31,2026-07-31 09:50:00-04:00,2026-07-31 09:50:00-04:00,551.7548180000001,565.2473267857143,538.5026732142857,2026-07-31 10:02:00-04:00,538.5026732142857,target,0.9821853738383874,-0.2694222444271282,1.0468637244806085,1,3,39.75643435714335,heat_score=-12.45,11.0,12,False,09:50,10:02
BTSG,orb20_a,-1,2026-07-31,2026-07-31 09:50:00-04:00,2026-07-31 09:52:00-04:00,62.47375100000001,66.265,56.8275,2026-07-31 15:50:00-04:00,60.186017,time,0.6034248871546056,-0.1889216456107187,0.8476760560965567,0,32,73.20748800000024,rv20=5.68;or_width=7.55,333.0,358,True,09:52,15:50
TMF,orb20_a,-1,2026-07-31,2026-07-31 09:50:00-04:00,2026-07-31 09:52:00-04:00,30.4389548,30.64895,30.156575,2026-07-31 15:50:00-04:00,30.443043,time,-0.019468064031948,-0.8145195699711254,1.11409594124055,1,65,-0.2657330000001145,rv20=6.483;or_width=0.3939,238.0,358,False,09:52,15:50
RBLX,orb20_a,-1,2026-07-31,2026-07-31 09:50:00-04:00,2026-07-31 09:53:00-04:00,35.42645600000001,37.715,32.0275,2026-07-31 15:50:00-04:00,35.543553,time,-0.0511665932575415,-0.1413754771592733,0.6757379364346981,0,56,-6.557431999999267,rv20=21.63;or_width=4.55,91.0,357,True,09:53,15:50
AXTI,orb20_a,-1,2026-07-31,2026-07-31 09:50:00-04:00,2026-07-31 09:54:00-04:00,57.58424,63.25495,49.117575,2026-07-31 15:50:00-04:00,60.61606,time,-0.5346455734819796,-0.7786961421056621,0.3481468810783838,0,34,-103.08187999999988,rv20=5.845;or_width=11.31,7.0,356,False,09:54,15:50
AXTX,orb20_a,-1,2026-07-31,2026-07-31 09:50:00-04:00,2026-07-31 09:54:00-04:00,27.017297,31.51,20.309999999999995,2026-07-31 15:50:00-04:00,29.41294,time,-0.5332297728116019,-0.7974493306145551,0.34217641362004,0,55,-131.76036500000018,rv20=7.375;or_width=8.96,16.0,356,False,09:54,15:50
DXCM,orb20_a,1,2026-07-31,2026-07-31 09:50:00-04:00,2026-07-31 09:55:00-04:00,83.51835,81.505,86.49249999999999,2026-07-31 10:32:00-04:00,81.4668495,stop,-1.018948766980406,-1.0372513472570537,0.5869073931507205,0,23,-47.18451150000007,rv20=7.238;or_width=3.99,6.0,37,False,09:55,10:32
RDDT,orb20_a,-1,2026-07-31,2026-07-31 09:50:00-04:00,2026-07-31 09:59:00-04:00,143.815616,147.60500000000002,138.1925,2026-07-31 10:10:00-04:00,138.1925,target,1.4839129526065429,-0.0856033592794975,1.5874917928613133,1,13,73.10050800000013,rv20=7.646;or_width=7.53,10.0,11,True,09:59,10:10
COHR,heat_fade_short,-1,2026-07-31,2026-07-31 10:00:00-04:00,2026-07-31 10:00:00-04:00,268.593137,274.9479035714285,261.7320964285714,2026-07-31 10:08:00-04:00,261.7320964285714,target,1.0796683866054688,-0.1096598894966738,1.1508112717909151,1,7,48.02728400000012,heat_score=-12.96,7.0,8,False,10:00,10:08
MP,heat_fade_short,-1,2026-07-31,2026-07-31 10:00:00-04:00,2026-07-31 10:00:00-04:00,42.235775,42.940694642857146,41.48930535714286,2026-07-31 10:09:00-04:00,41.48930535714286,target,1.0589428886271244,-0.0769236615115638,1.1147015237299112,1,47,35.08407321428572,heat_score=-11.33,8.0,9,False,10:00,10:09
JEF,orb20_a,1,2026-07-31,2026-07-31 09:50:00-04:00,2026-07-31 10:04:00-04:00,54.335432,52.89,56.465,2026-07-31 15:50:00-04:00,54.894509,time,0.3867888631218925,-0.2977877893944489,0.8160660619109069,0,36,20.126772000000077,rv20=6.273;or_width=2.86,96.0,346,True,10:04,15:50
EGO,orb20_a,-1,2026-07-31,2026-07-31 09:50:00-04:00,2026-07-31 10:17:00-04:00,29.717026999999995,30.735,28.2225,2026-07-31 11:09:00-04:00,30.7680735,stop,-1.0324895650474033,-1.058940659526335,0.0167263768292431,0,67,-70.42011550000035,rv20=7.011;or_width=2.01,0.0,52,True,10:17,11:09
ALNY,heat_fade_short,-1,2026-07-31,2026-07-31 10:20:00-04:00,2026-07-31 10:20:00-04:00,204.9695,208.8400982142857,200.56010178571427,2026-07-31 13:09:00-04:00,200.56010178571427,target,1.1392032885282228,-0.3773318539262339,1.1418131656466928,1,9,39.6845839285717,heat_score=-11.59,168.0,169,False,10:20,13:09
AMAT,heat_fade_short,-1,2026-07-31,2026-07-31 10:30:00-04:00,2026-07-31 10:30:00-04:00,518.048189,528.5021553571429,507.4978446428572,2026-07-31 11:27:00-04:00,507.4978446428572,target,1.009219275890825,-0.1938796176262036,1.1496295845440805,1,3,31.651033071428454,heat_score=-15.23,56.0,57,False,10:30,11:27
AMKR,heat_fade_short,-1,2026-07-31,2026-07-31 10:30:00-04:00,2026-07-31 10:30:00-04:00,50.814917,52.364510714285714,49.23548928571428,2026-07-31 15:55:00-04:00,50.285027,time,0.3419541490875595,-0.44210491671734,0.6807700562248785,0,39,20.665710000000068,heat_score=-12.74,58.0,325,False,10:30,15:55
KLAC,heat_fade_short,-1,2026-07-31,2026-07-31 10:30:00-04:00,2026-07-31 10:30:00-04:00,186.52134500000005,190.10718035714285,182.85281964285716,2026-07-31 11:27:00-04:00,182.85281964285716,target,1.0230601775498018,-0.3398524691247959,1.2162702872881268,1,10,36.68525357142897,heat_score=-35.47,56.0,57,False,10:30,11:27
BA,heat_fade_long,1,2026-07-31,2026-07-31 11:10:00-04:00,2026-07-31 11:10:00-04:00,211.741171,209.97935,213.44065,2026-07-31 11:45:00-04:00,213.44065,target,0.9646150204816488,-0.12553545450985,1.1004687763399352,1,9,15.29531099999997,heat_score=66,34.0,35,False,11:10,11:45
MU,heat_fade_long,1,2026-07-31,2026-07-31 11:25:00-04:00,2026-07-31 11:25:00-04:00,827.932784,806.3283071428572,849.1516928571428,2026-07-31 13:28:00-04:00,849.1516928571428,target,0.9821533285647486,-0.4597558212438745,1.018178599993609,1,2,42.43781771428576,heat_score=62.82,122.0,123,False,11:25,13:28
MUU,heat_fade_long,1,2026-07-31,2026-07-31 11:25:00-04:00,2026-07-31 11:25:00-04:00,23.987397500000004,22.549210714285717,25.410789285714287,2026-07-31 13:36:00-04:00,25.410789285714287,target,0.9897127409687202,-0.4223356145622869,0.996186666593819,1,83,118.14151821428553,heat_score=58.87,130.0,131,False,11:25,13:36
NBIS,heat_fade_long,1,2026-07-31,2026-07-31 11:30:00-04:00,2026-07-31 11:30:00-04:00,186.42864,180.07181964285712,192.70818035714285,2026-07-31 15:55:00-04:00,191.350862,time,0.7743213939448707,-0.6180196669527653,0.8449758996200748,0,10,49.22222000000005,heat_score=62.65,200.0,265,False,11:30,15:55
BE,heat_fade_long,1,2026-07-31,2026-07-31 11:35:00-04:00,2026-07-31 11:35:00-04:00,209.0309,201.91623928571428,215.5637607142857,2026-07-31 12:52:00-04:00,215.5637607142857,target,0.9182251939531318,-0.3401286578769709,0.9556323587361112,1,9,58.79574642857159,heat_score=58.14,76.0,77,False,11:35,12:52
NXT,heat_fade_long,1,2026-07-31,2026-07-31 11:35:00-04:00,2026-07-31 11:35:00-04:00,90.849083,89.00535714285715,92.49464285714284,2026-07-31 13:03:00-04:00,92.49464285714284,target,0.8925187281871156,-0.2164546309604001,0.9062719349119164,1,22,36.20231685714253,heat_score=59.28,87.0,88,False,11:35,13:03
CBRS,heat_fade_long,1,2026-07-31,2026-07-31 11:40:00-04:00,2026-07-31 11:40:00-04:00,199.54245125,193.36449642857144,205.49550357142857,2026-07-31 15:55:00-04:00,199.1550815,time,-0.0627019395895123,-0.6462415743397724,0.7474235217751738,0,10,-3.87369749999948,heat_score=58.08,71.0,255,False,11:40,15:55
CLS,heat_fade_long,1,2026-07-31,2026-07-31 11:45:00-04:00,2026-07-31 11:45:00-04:00,341.624158,334.4505142857143,347.5494857142857,2026-07-31 13:35:00-04:00,347.5494857142857,target,0.8259857821606026,-0.6445480405992493,0.8344214235340089,0,5,29.626638571428717,heat_score=57.97,109.0,110,False,11:45,13:35
APLD,heat_fade_long,1,2026-07-31,2026-07-31 11:50:00-04:00,2026-07-31 11:50:00-04:00,27.162715,26.4445875,27.8554125,2026-07-31 14:06:00-04:00,27.8554125,target,0.964588460962712,-0.3101329499288036,1.0963025368057888,1,73,50.566917500000095,heat_score=58.85,135.0,136,False,11:50,14:06
ARM,heat_fade_long,1,2026-07-31,2026-07-31 12:00:00-04:00,2026-07-31 12:00:00-04:00,245.83458,239.55421785714285,251.52578214285717,2026-07-31 15:55:00-04:00,241.425854,time,-0.7019859523569287,-0.8244078736587833,0.3344902654043987,0,8,-35.269807999999784,heat_score=57.86,98.0,235,False,12:00,15:55
IREN,heat_fade_long,1,2026-07-31,2026-07-31 12:00:00-04:00,2026-07-31 12:00:00-04:00,35.723571,34.65689821428571,36.74330178571429,2026-07-31 13:02:00-04:00,36.74330178571429,target,0.9559921274558748,-0.5283447815935535,1.056021129521644,1,55,56.08519321428581,heat_score=58.43,61.0,62,False,12:00,13:02
INIO,heat_fade_long,1,2026-07-31,2026-07-31 12:05:00-04:00,2026-07-31 12:05:00-04:00,24.262425,23.486696428571427,25.043303571428574,2026-07-31 15:55:00-04:00,24.537545,time,0.3546601351724608,-0.4800970516196743,0.4416170972910252,0,82,22.5598399999998,heat_score=72.38,229.0,230,False,12:05,15:55
CIFR,heat_fade_long,1,2026-07-31,2026-07-31 12:10:00-04:00,2026-07-31 12:10:00-04:00,22.032202,21.2924,22.7476,2026-07-31 13:47:00-04:00,22.7476,target,0.967012795315498,-0.3002181664823869,1.085152513780712,1,90,64.38581999999971,heat_score=64.34,96.0,97,False,12:10,13:47
CORZ,heat_fade_long,1,2026-07-31,2026-07-31 12:10:00-04:00,2026-07-31 12:10:00-04:00,20.882087,20.35554107142857,21.35445892857143,2026-07-31 14:07:00-04:00,21.35445892857143,target,0.8971143882035465,-0.3078306966303222,0.9171336702007856,0,95,44.87533321428554,heat_score=60.98,116.0,117,False,12:10,14:07
GLW,heat_fade_long,1,2026-07-31,2026-07-31 12:10:00-04:00,2026-07-31 12:10:00-04:00,139.38143574999998,136.15469107142857,142.72530892857142,2026-07-31 15:55:00-04:00,138.786119,time,-0.1844945321994097,-0.2080845610311009,0.8394107745764376,0,14,-8.334434499999531,heat_score=64.47,116.0,225,False,12:10,15:55
MPWR,heat_fade_long,1,2026-07-31,2026-07-31 12:10:00-04:00,2026-07-31 12:10:00-04:00,1421.432128,1401.9795535714286,1442.4404464285717,2026-07-31 13:11:00-04:00,1442.4404464285717,target,1.0799762522802745,-0.0952124875193715,1.3133414342564445,1,1,21.00831842857156,heat_score=61.47,60.0,61,False,12:10,13:11
RIOT,heat_fade_long,1,2026-07-31,2026-07-31 12:10:00-04:00,2026-07-31 12:10:00-04:00,20.5370525,19.992985714285712,21.047014285714287,2026-07-31 15:55:00-04:00,20.317967,time,-0.4026812622137459,-0.5092251673409284,0.8509019704119752,0,97,-21.251293500000543,heat_score=63.71,116.0,225,False,12:10,15:55
GEV,heat_fade_long,1,2026-07-31,2026-07-31 12:15:00-04:00,2026-07-31 12:15:00-04:00,991.439133,974.0002571428572,1006.8597428571428,2026-07-31 15:55:00-04:00,990.920897,time,-0.0297172824811259,-0.1972107048741515,0.5482501898815885,0,2,-1.0364720000000034,heat_score=62.62,47.0,220,False,12:15,15:55
HUT,heat_fade_long,1,2026-07-31,2026-07-31 12:15:00-04:00,2026-07-31 12:15:00-04:00,106.070605,102.965,108.835,2026-07-31 13:02:00-04:00,108.835,target,0.8901309084703335,-0.2159337713585583,0.8917409007262693,1,18,49.759110000000135,heat_score=60.07,46.0,47,False,12:15,13:02
WULF,heat_fade_long,1,2026-07-31,2026-07-31 12:15:00-04:00,2026-07-31 12:15:00-04:00,17.601759,17.11741607142857,18.04258392857143,2026-07-31 13:47:00-04:00,18.04258392857143,target,0.9101504379792184,-0.1791272152065809,0.9874016358834152,1,113,49.81321692857125,heat_score=60.41,91.0,92,False,12:15,13:47
CRWD,exhaustion_short,-1,2026-07-31,2026-07-31 13:15:00-04:00,2026-07-31 13:15:00-04:00,190.7859185,193.31775892857144,188.31224107142856,2026-07-31 15:55:00-04:00,191.1441115,time,-0.1414753457436919,-0.3393110759688486,0.4920999309198235,0,10,-3.58193,layers=rsi5 > 90 (short-term overbought) + sma20_dist_pct > 1.0 (close > 1% above 5-min SMA20) + bear_div == 1 (price at 20-bar high while RSI(14) is >5 below its 20-bar max) + time window 13:00-15:00 ET (bar close),64.0,160,False,13:15,15:55
HOOD,exhaustion_short,-1,2026-07-31,2026-07-31 13:15:00-04:00,2026-07-31 13:15:00-04:00,86.771321,88.33268035714285,85.20911964285715,2026-07-31 15:03:00-04:00,88.37151362517857,stop,-1.0248714479841323,-1.0299224151335975,0.1161302163851623,0,23,-36.80443037910699,layers=rsi5 > 90 (short-term overbought) + sma20_dist_pct > 1.0 (close > 1% above 5-min SMA20) + bear_div == 1 (price at 20-bar high while RSI(14) is >5 below its 20-bar max) + time window 13:00-15:00 ET (bar close),7.0,108,False,13:15,15:03
FICO,exhaustion_short,-1,2026-07-31,2026-07-31 13:20:00-04:00,2026-07-31 13:20:00-04:00,1122.38694908,1140.8919017857145,1104.1302982142856,2026-07-31 15:55:00-04:00,1129.1178994999998,time,-0.3637377802063385,-0.577307658651894,0.4030352953940312,0,1,-6.730950419999772,layers=rsi5 > 90 (short-term overbought) + sma20_dist_pct > 1.0 (close > 1% above 5-min SMA20) + bear_div == 1 (price at 20-bar high while RSI(14) is >5 below its 20-bar max) + time window 13:00-15:00 ET (bar close),50.0,155,False,13:20,15:55
BSX,exhaustion_short,-1,2026-07-31,2026-07-31 13:25:00-04:00,2026-07-31 13:25:00-04:00,46.0303955,46.46124821428571,45.61875178571429,2026-07-31 15:19:00-04:00,46.49589433910714,stop,-1.0804129199438066,-1.043522496418235,0.3258549739735542,0,43,-20.01645008160677,layers=rsi5 > 90 (short-term overbought) + sma20_dist_pct > 1.0 (close > 1% above 5-min SMA20) + bear_div == 1 (price at 20-bar high while RSI(14) is >5 below its 20-bar max) + time window 13:00-15:00 ET (bar close),22.0,114,False,13:25,15:19
CTSH,exhaustion_short,-1,2026-07-31,2026-07-31 13:25:00-04:00,2026-07-31 13:25:00-04:00,55.094489,55.739489285714285,54.480510714285714,2026-07-31 15:55:00-04:00,55.445543,time,-0.5442695263479282,-0.6674586190659465,0.2240138542574303,0,36,-12.637943999999663,layers=rsi5 > 90 (short-term overbought) + sma20_dist_pct > 1.0 (close > 1% above 5-min SMA20) + bear_div == 1 (price at 20-bar high while RSI(14) is >5 below its 20-bar max) + time window 13:00-15:00 ET (bar close),90.0,150,False,13:25,15:55
HIMS,exhaustion_short,-1,2026-07-31,2026-07-31 13:35:00-04:00,2026-07-31 13:35:00-04:00,27.647234,28.41525892857143,26.92474107142857,2026-07-31 15:55:00-04:00,27.772776000000004,time,-0.1634608400452853,-0.3291117131707686,0.1012128605572549,0,72,-9.039024000000468,layers=rsi5 > 90 (short-term overbought) + sma20_dist_pct > 1.0 (close > 1% above 5-min SMA20) + bear_div == 1 (price at 20-bar high while RSI(14) is >5 below its 20-bar max) + time window 13:00-15:00 ET (bar close),15.0,140,False,13:35,15:55
USAR,exhaustion_short,-1,2026-07-31,2026-07-31 13:40:00-04:00,2026-07-31 13:40:00-04:00,14.8135175,15.134246428571428,14.525753571428572,2026-07-31 15:55:00-04:00,14.951494,time,-0.4301966168582467,-0.6740349271358448,0.104504137338942,0,135,-18.62682749999984,layers=rsi5 > 90 (short-term overbought) + sma20_dist_pct > 1.0 (close > 1% above 5-min SMA20) + bear_div == 1 (price at 20-bar high while RSI(14) is >5 below its 20-bar max) + time window 13:00-15:00 ET (bar close),42.0,135,False,13:40,15:55
VSH,exhaustion_short,-1,2026-07-31,2026-07-31 13:40:00-04:00,2026-07-31 13:40:00-04:00,34.78652,35.70164821428571,33.89835178571428,2026-07-31 15:55:00-04:00,34.353434,time,0.4732517184360256,-0.2332787872425352,0.553496211889128,0,57,24.68590200000017,layers=rsi5 > 90 (short-term overbought) + sma20_dist_pct > 1.0 (close > 1% above 5-min SMA20) + bear_div == 1 (price at 20-bar high while RSI(14) is >5 below its 20-bar max) + time window 13:00-15:00 ET (bar close),133.0,135,False,13:40,15:55
OKLO,exhaustion_short,-1,2026-07-31,2026-07-31 13:45:00-04:00,2026-07-31 13:45:00-04:00,39.826016,40.63298392857143,39.00701607142857,2026-07-31 15:55:00-04:00,39.123911,time,0.8700531646194909,-0.2651703895826595,0.8996838341336163,0,50,35.105250000000154,layers=rsi5 > 90 (short-term overbought) + sma20_dist_pct > 1.0 (close > 1% above 5-min SMA20) + bear_div == 1 (price at 20-bar high while RSI(14) is >5 below its 20-bar max) + time window 13:00-15:00 ET (bar close),128.0,130,False,13:45,15:55
TER,exhaustion_short,-1,2026-07-31,2026-07-31 13:45:00-04:00,2026-07-31 13:45:00-04:00,379.9969955,388.0789107142857,372.1410892857143,2026-07-31 15:55:00-04:00,372.407236,time,0.9391040735720992,-0.1315287864095626,0.944330062571012,0,5,37.94879750000007,layers=rsi5 > 90 (short-term overbought) + sma20_dist_pct > 1.0 (close > 1% above 5-min SMA20) + bear_div == 1 (price at 20-bar high while RSI(14) is >5 below its 20-bar max) + time window 13:00-15:00 ET (bar close),129.0,130,False,13:45,15:55
CRCL,exhaustion_short,-1,2026-07-31,2026-07-31 14:05:00-04:00,2026-07-31 14:05:00-04:00,61.9838,63.14499464285714,60.85500535714286,2026-07-31 15:55:00-04:00,62.51625,time,-0.4585363903246182,-0.8234622902214296,0.2957299210019268,0,32,-17.03839999999991,layers=rsi5 > 90 (short-term overbought) + sma20_dist_pct > 1.0 (close > 1% above 5-min SMA20) + bear_div == 1 (price at 20-bar high while RSI(14) is >5 below its 20-bar max) + time window 13:00-15:00 ET (bar close),7.0,110,False,14:05,15:55
PBF,exhaustion_short,-1,2026-07-31,2026-07-31 14:10:00-04:00,2026-07-31 14:10:00-04:00,72.032795,73.13320178571428,70.96679821428572,2026-07-31 15:55:00-04:00,71.82718100000001,time,0.1868527190756252,-0.0474415467786432,0.5477928778935204,0,27,5.551577999999537,layers=rsi5 > 90 (short-term overbought) + sma20_dist_pct > 1.0 (close > 1% above 5-min SMA20) + bear_div == 1 (price at 20-bar high while RSI(14) is >5 below its 20-bar max) + time window 13:00-15:00 ET (bar close),93.0,105,False,14:10,15:55
RDDT,exhaustion_short,-1,2026-07-31,2026-07-31 14:15:00-04:00,2026-07-31 14:15:00-04:00,141.05589200000003,143.98125000000002,138.18375,2026-07-31 15:55:00-04:00,140.87408499999998,time,0.0621486327485557,-0.938041771297733,0.4976799420788976,0,14,2.5452980000006846,layers=rsi5 > 90 (short-term overbought) + sma20_dist_pct > 1.0 (close > 1% above 5-min SMA20) + bear_div == 1 (price at 20-bar high while RSI(14) is >5 below its 20-bar max) + time window 13:00-15:00 ET (bar close),23.0,100,False,14:15,15:55
ASTS,exhaustion_short,-1,2026-07-31,2026-07-31 14:55:00-04:00,2026-07-31 14:55:00-04:00,59.344064,60.78015357142857,57.93984642857143,2026-07-31 15:55:00-04:00,59.225921,time,0.0822671526557213,-0.2027979353058648,0.3231441890761501,0,33,3.8987190000001135,layers=rsi5 > 90 (short-term overbought) + sma20_dist_pct > 1.0 (close > 1% above 5-min SMA20) + bear_div == 1 (price at 20-bar high while RSI(14) is >5 below its 20-bar max) + time window 13:00-15:00 ET (bar close),17.0,60,False,14:55,15:55
IWM,intraday_momentum,-1,2026-07-31,2026-07-31 15:30:00-04:00,2026-07-31 15:30:00-04:00,291.63583250000005,292.6231125,,2026-07-31 15:55:00-04:00,291.529149,time,0.1080579977311779,-0.156153776031096,0.5528649420631497,0,6,0.6401010000001861,first_30m_ret=-0.8614,21.0,25,False,15:30,15:55
QQQ,intraday_momentum,1,2026-07-31,2026-07-31 15:30:00-04:00,2026-07-31 15:30:00-04:00,689.758968,686.026517857143,,2026-07-31 15:55:00-04:00,690.4109510000001,time,0.1746796273348265,-0.2810400567593394,0.3003474814380001,0,2,1.3039660000001732,first_30m_ret=0.4666,24.0,25,False,15:30,15:55
APP,heat_fade_short,-1,2026-08-03,2026-08-03 09:50:00-04:00,2026-08-03 09:50:00-04:00,406.44935,411.72605535714285,401.2739446428572,2026-08-03 10:12:00-04:00,401.2739446428572,target,0.9808024149268068,-0.972320729080474,0.983445094764573,0,4,20.70162142857157,heat_score=-26.47,21.0,22,False,09:50,10:12
IBM,heat_fade_short,-1,2026-08-03,2026-08-03 09:50:00-04:00,2026-08-03 09:50:00-04:00,226.8123155,230.22099642857145,223.29900357142856,2026-08-03 15:55:00-04:00,226.582655,time,0.0673751826036337,-0.5097820935467456,0.5698144064232012,0,8,1.837284000000181,heat_score=-41.51,24.0,365,False,09:50,15:55
ICE,heat_fade_short,-1,2026-08-03,2026-08-03 09:50:00-04:00,2026-08-03 09:50:00-04:00,154.00459700000002,155.074375,152.96562500000002,2026-08-03 10:09:00-04:00,152.96562500000002,target,0.9712033711667424,-0.5098282073476934,1.0465694751621764,1,12,12.467664000000012,heat_score=-14.93,18.0,19,False,09:50,10:09
PLTR,heat_fade_short,-1,2026-08-03,2026-08-03 09:50:00-04:00,2026-08-03 09:50:00-04:00,125.6724305,127.3391,124.0509,2026-08-03 15:55:00-04:00,125.512549,time,0.0959287369211457,-0.7755403815813604,0.90745675732351,0,15,2.39822249999996,heat_score=-40.22,26.0,365,False,09:50,15:55
SHOP,heat_fade_short,-1,2026-08-03,2026-08-03 09:50:00-04:00,2026-08-03 09:50:00-04:00,120.1029875,121.7101607142857,118.48983928571428,2026-08-03 10:13:00-04:00,118.48983928571428,target,1.003717707554417,-0.4107289084539508,1.022284023524006,1,16,25.810371428571443,heat_score=-19.29,22.0,23,False,09:50,10:13
APTV,orb20_a,1,2026-08-03,2026-08-03 09:50:00-04:00,2026-08-03 09:51:00-04:00,57.395738,56.99249999999999,57.96124999999999,2026-08-03 10:12:00-04:00,56.934303,stop,-1.1443241956363053,-1.4277870637191723,0.4073574415109865,0,34,-15.688789999999813,rv20=10.01;or_width=0.775,1.0,21,False,09:51,10:12
GDDY,orb20_a,1,2026-08-03,2026-08-03 09:50:00-04:00,2026-08-03 09:51:00-04:00,88.81888000000002,85.98000000000002,93.03000000000002,2026-08-03 15:50:00-04:00,88.73112499999999,time,-0.0309118384715203,-0.7393338217888816,0.2082229611677755,0,22,-1.9306100000006552,rv20=4.036;or_width=5.64,346.0,359,False,09:51,15:50
MAR,orb20_a,-1,2026-08-03,2026-08-03 09:50:00-04:00,2026-08-03 09:51:00-04:00,350.95499999000003,358.23005,340.15517500000004,2026-08-03 15:50:00-04:00,348.794875,time,0.2969223561392468,-0.5862502668899193,0.938137879549788,0,5,10.800624950000213,rv20=5.243;or_width=14.46,159.0,359,False,09:51,15:50
TGTX,orb20_a,-1,2026-08-03,2026-08-03 09:50:00-04:00,2026-08-03 09:51:00-04:00,47.47525100000001,49.92,43.845,2026-08-03 15:50:00-04:00,45.994598,time,0.6056462238045763,-0.2132934710270833,0.6402501851928415,0,42,62.18742600000046,rv20=5.009;or_width=4.86,188.0,359,False,09:51,15:50
TWST,orb20_a,1,2026-08-03,2026-08-03 09:50:00-04:00,2026-08-03 09:51:00-04:00,93.5943575,87.0875,103.30625,2026-08-03 15:50:00-04:00,102.119786,time,1.3102221002995678,-0.304779611356174,1.3440654724650123,1,21,179.03399849999977,rv20=7.731;or_width=12.97,358.0,359,False,09:51,15:50
TSN,orb20_a,1,2026-08-03,2026-08-03 09:50:00-04:00,2026-08-03 09:52:00-04:00,57.595758,56.06,59.86,2026-08-03 10:56:00-04:00,59.86,target,1.4743481720427385,-0.2121154504811269,1.4808596146007442,1,34,76.9842280000001,rv20=5.827;or_width=3.04,63.0,64,True,09:52,10:56
TDG,heat_fade_short,-1,2026-08-03,2026-08-03 09:55:00-04:00,2026-08-03 09:55:00-04:00,1281.201866,1287.9560642857143,1271.5639357142857,2026-08-03 10:01:00-04:00,1288.114859892143,stop,-1.0235106521471948,-1.0331550399933302,0.2119964412398712,0,1,-6.912993892143049,heat_score=-12.98,0.0,6,False,09:55,10:01
AZN,orb20_a,-1,2026-08-03,2026-08-03 09:50:00-04:00,2026-08-03 09:56:00-04:00,155.56444100000002,157.3675,152.92374999999998,2026-08-03 13:07:00-04:00,157.41323675,stop,-1.0253661971127974,-1.00693266276921,1.1929953484606062,1,12,-22.185548999999924,rv20=6.692;or_width=3.555,85.0,191,False,09:56,13:07
SQQQ,orb20_a,-1,2026-08-03,2026-08-03 09:50:00-04:00,2026-08-03 09:56:00-04:00,43.08569000000001,43.625,42.3125,2026-08-03 10:38:00-04:00,42.3125,target,1.4336652389164235,-0.2490404405629301,1.5031985314568952,1,46,35.56674000000031,rv20=11.62;or_width=1.05,41.0,42,False,09:56,10:38
ALHC,orb20_a,-1,2026-08-03,2026-08-03 09:50:00-04:00,2026-08-03 09:57:00-04:00,14.078591,14.49,13.489999999999998,2026-08-03 11:41:00-04:00,14.521449,stop,-1.076442177978601,-1.0,0.9202302331742848,0,142,-62.8858359999999,rv20=4.694;or_width=0.8,8.0,104,False,09:57,11:41
VWO,orb20_a,1,2026-08-03,2026-08-03 09:50:00-04:00,2026-08-03 09:59:00-04:00,58.8308815,58.6975,58.99125,2026-08-03 10:54:00-04:00,58.99125,target,1.2023294085011682,-0.6063921908210471,1.2679307100310382,1,33,5.292160499999902,rv20=6.629;or_width=0.235,54.0,55,False,09:59,10:54
SOXS,heat_fade_short,-1,2026-08-03,2026-08-03 10:00:00-04:00,2026-08-03 10:00:00-04:00,57.539944430000006,59.8798625,55.2401375,2026-08-03 10:34:00-04:00,55.2401375,target,0.9828578869857638,-0.6325245268096076,1.0213795348826085,1,34,78.19343562000009,heat_score=-13.79,33.0,34,False,10:00,10:34
CELH,orb20_a,-1,2026-08-03,2026-08-03 09:50:00-04:00,2026-08-03 10:07:00-04:00,28.857112999999995,29.31,28.209999999999997,2026-08-03 13:07:00-04:00,28.209999999999997,target,1.4288619456950524,-0.7129526791451337,1.5613453245511348,1,69,44.65079700000007,rv20=3.865;or_width=0.88,179.0,180,False,10:07,13:07
RCL,heat_fade_short,-1,2026-08-03,2026-08-03 10:10:00-04:00,2026-08-03 10:10:00-04:00,325.56743900000004,328.69607142857143,322.8239285714285,2026-08-03 12:12:00-04:00,322.8239285714285,target,0.8769040439257462,-0.3428210326675246,0.9164831808987256,0,6,16.461062571428897,heat_score=-15.79,121.0,122,False,10:10,12:12
EWY,heat_fade_short,-1,2026-08-03,2026-08-03 10:20:00-04:00,2026-08-03 10:20:00-04:00,155.58943850000003,158.17491071428572,153.01508928571428,2026-08-03 10:53:00-04:00,158.22072820535715,stop,-1.0177211307158025,-1.0058361817353552,0.0500637753075917,0,12,-31.57547646428543,heat_score=-11.82,0.0,33,False,10:20,10:53
KORU,heat_fade_short,-1,2026-08-03,2026-08-03 10:20:00-04:00,2026-08-03 10:20:00-04:00,14.548544,15.434151785714286,13.705648214285716,2026-08-03 11:00:00-04:00,15.465695200892856,stop,-1.0356178160212637,-1.0404786575547107,0.0322309722886862,0,137,-125.64971452232112,heat_score=-12.33,0.0,40,False,10:20,11:00
STX,heat_fade_short,-1,2026-08-03,2026-08-03 10:25:00-04:00,2026-08-03 10:25:00-04:00,809.909,830.5234232142857,789.0437767857143,2026-08-03 10:52:00-04:00,830.636475556607,stop,-1.00548413803026,-1.0003190380660143,0.0916348704188309,0,2,-41.45495111321407,heat_score=-13.12,3.0,27,False,10:25,10:52
SKHY,heat_fade_short,-1,2026-08-03,2026-08-03 10:30:00-04:00,2026-08-03 10:30:00-04:00,138.82111550000002,143.86509821428572,133.82490178571427,2026-08-03 14:07:00-04:00,143.90948472410716,stop,-1.0087998933255111,-1.0029543689101208,0.2202853504737595,0,14,-71.23716913749996,heat_score=-13.93,58.0,217,False,10:30,14:07
WDC,heat_fade_short,-1,2026-08-03,2026-08-03 10:30:00-04:00,2026-08-03 10:30:00-04:00,520.9379,534.1362535714286,507.4237464285714,2026-08-03 14:01:00-04:00,534.2196671967857,stop,-1.0063200023325416,-1.019225612285512,0.4605044081526398,0,3,-39.84530159035717,heat_score=-20.67,67.0,211,False,10:30,14:01
ACN,heat_fade_long,1,2026-08-03,2026-08-03 11:05:00-04:00,2026-08-03 11:05:00-04:00,165.65656299999998,163.56330357142858,167.6966964285714,2026-08-03 14:39:00-04:00,167.6966964285714,target,0.9746204415588274,-0.1034573149625216,0.9809758752174604,1,12,24.481601142857244,heat_score=67.53,213.0,214,False,11:05,14:39
ADBE,heat_fade_long,1,2026-08-03,2026-08-03 11:05:00-04:00,2026-08-03 11:05:00-04:00,251.805177,248.397,255.063,2026-08-03 15:55:00-04:00,251.66483,time,-0.0411794927317423,-0.0367284328249324,0.8816510996934785,0,7,-0.9824289999999394,heat_score=71.05,30.0,290,False,11:05,15:55
MA,heat_fade_long,1,2026-08-03,2026-08-03 11:05:00-04:00,2026-08-03 11:05:00-04:00,571.817175,568.7179,574.9821000000001,2026-08-03 13:28:00-04:00,574.9821000000001,target,1.0211823732969822,-0.334650845762327,1.0818094554371271,1,3,9.494775000000118,heat_score=62,142.0,143,False,11:05,13:28
SHOP,heat_fade_long,1,2026-08-03,2026-08-03 11:05:00-04:00,2026-08-03 11:05:00-04:00,117.431741,115.77983928571427,119.00016071428573,2026-08-03 15:55:00-04:00,116.668331,time,-0.4621400858162483,-0.4792906219256225,0.6043089557732277,0,17,-12.977970000000129,heat_score=65.39,129.0,290,False,11:05,15:55
SNDQ,heat_fade_long,1,2026-08-03,2026-08-03 11:05:00-04:00,2026-08-03 11:05:00-04:00,29.752974,27.14067857142857,32.345321428571424,2026-08-03 13:56:00-04:00,27.107964503571427,stop,-1.0125231118576177,-1.053852473916207,0.4851771304798824,0,67,-177.21563626071426,heat_score=59.8,25.0,171,False,11:05,13:56
SOXS,heat_fade_long,1,2026-08-03,2026-08-03 11:05:00-04:00,2026-08-03 11:05:00-04:00,53.5303515,51.1951375,55.8348625,2026-08-03 11:29:00-04:00,55.8348625,target,0.9868521685807004,-0.0386908865739916,1.083219139659154,1,37,85.26690700000019,heat_score=83.55,23.0,24,False,11:05,11:29
SPGI,heat_fade_long,1,2026-08-03,2026-08-03 11:05:00-04:00,2026-08-03 11:05:00-04:00,411.561151,408.2023964285714,415.0376035714286,2026-08-03 14:20:00-04:00,415.0376035714286,target,1.0350421555064555,-0.5689760771020457,1.0446875249082568,1,4,13.905810285714324,heat_score=60.21,194.0,195,False,11:05,14:20
TJX,heat_fade_long,1,2026-08-03,2026-08-03 11:05:00-04:00,2026-08-03 11:05:00-04:00,156.55565299999998,155.71765000000002,157.44235,2026-08-03 15:55:00-04:00,157.17428,time,0.738215734311289,-0.985262582592222,0.9240384580962996,0,12,7.423524000000384,heat_score=57.63,288.0,290,False,11:05,15:55
WMT,heat_fade_long,1,2026-08-03,2026-08-03 11:05:00-04:00,2026-08-03 11:05:00-04:00,110.261024,109.56518214285714,110.93481785714286,2026-08-03 15:55:00-04:00,110.538944,time,0.3994010954459634,-0.0876980873938159,0.9470197764557956,0,18,5.002560000000159,heat_score=58.16,46.0,290,False,11:05,15:55
HD,heat_fade_long,1,2026-08-03,2026-08-03 11:10:00-04:00,2026-08-03 11:10:00-04:00,334.633459,332.32773571428567,336.7322642857143,2026-08-03 13:04:00-04:00,336.7322642857143,target,0.9102589624340496,-0.3961702627802322,0.917951001802176,1,5,10.4940264285716,heat_score=60.7,113.0,114,False,11:10,13:04
MCD,heat_fade_long,1,2026-08-03,2026-08-03 11:20:00-04:00,2026-08-03 11:20:00-04:00,270.127009,268.74719285714286,271.4728071428572,2026-08-03 12:09:00-04:00,268.6903181378572,stop,-1.0412190563069756,-1.1066757030672616,0.1688565546983548,0,7,-10.056836034999776,heat_score=58.42,13.0,49,False,11:20,12:09
TSLQ,heat_fade_long,1,2026-08-03,2026-08-03 11:20:00-04:00,2026-08-03 11:20:00-04:00,25.092508,24.55386607142857,25.56613392857143,2026-08-03 12:53:00-04:00,25.56613392857143,target,0.8792964369252994,-0.4130907532395907,0.932886901940023,1,79,37.41644835714295,heat_score=63.87,92.0,93,False,11:20,12:53
ECL,heat_fade_long,1,2026-08-03,2026-08-03 11:25:00-04:00,2026-08-03 11:25:00-04:00,275.8725835,274.19080535714284,277.4791946428571,2026-08-03 12:38:00-04:00,277.4791946428571,target,0.9553050440575558,-0.066943134252361,0.9974065289909956,1,7,11.246278000000132,heat_score=58.11,72.0,73,False,11:25,12:38
SYY,heat_fade_long,1,2026-08-03,2026-08-03 11:30:00-04:00,2026-08-03 11:30:00-04:00,83.21832,82.69634107142858,83.64365892857143,2026-08-03 12:06:00-04:00,82.65807143732144,stop,-1.0733164348451305,-1.0504638597206724,0.3863757499789531,0,24,-13.445965504285596,heat_score=60.75,25.0,36,False,11:30,12:06
AAPL,heat_fade_long,1,2026-08-03,2026-08-03 11:35:00-04:00,2026-08-03 11:35:00-04:00,303.6653625,301.1388696428572,306.10113035714284,2026-08-03 12:29:00-04:00,306.10113035714284,target,0.964090537701888,-0.437508658247324,0.9952680027932472,1,6,14.614607142856926,heat_score=60.49,53.0,54,False,11:35,12:29
SPOT,heat_fade_long,1,2026-08-03,2026-08-03 12:10:00-04:00,2026-08-03 12:10:00-04:00,491.429137,486.2503964285714,495.0496035714286,2026-08-03 15:55:00-04:00,486.17177138892856,stop,-1.0151822703914914,-1.0327099661075765,0.5437350956592253,0,4,-21.029462444285627,heat_score=68.43,45.0,225,False,12:10,15:55
SBUX,heat_fade_long,1,2026-08-03,2026-08-03 12:45:00-04:00,2026-08-03 12:45:00-04:00,104.3154295,103.5515875,105.0030125,2026-08-03 15:54:00-04:00,103.51123234125,stop,-1.0528318143673727,-1.1199037235449236,0.6409316324580112,0,19,-15.279746016250272,heat_score=59.72,76.0,189,False,12:45,15:54
CHTR,heat_fade_long,1,2026-08-03,2026-08-03 12:50:00-04:00,2026-08-03 12:50:00-04:00,144.4194395,142.67205535714288,146.30794464285714,2026-08-03 13:02:00-04:00,142.62778815160718,stop,-1.0253334137869208,-1.0068990880981514,0.0,0,13,-23.291467529106825,heat_score=69.58,0.0,12,False,12:50,13:02
CRDO,exhaustion_short,-1,2026-08-03,2026-08-03 13:20:00-04:00,2026-08-03 13:20:00-04:00,214.608536,219.69920178571428,209.41079821428573,2026-08-03 14:18:00-04:00,219.7511717058929,stop,-1.0102088650809524,-1.0178362159504784,0.0272137291724699,0,9,-46.28372135303584,layers=rsi5 > 90 (short-term overbought) + sma20_dist_pct > 1.0 (close > 1% above 5-min SMA20) + bear_div == 1 (price at 20-bar high while RSI(14) is >5 below its 20-bar max) + time window 13:00-15:00 ET (bar close),3.0,58,False,13:20,14:18
AAOI,exhaustion_short,-1,2026-08-03,2026-08-03 13:25:00-04:00,2026-08-03 13:25:00-04:00,107.759222,111.1755107142857,104.5924892857143,2026-08-03 15:55:00-04:00,109.690967,time,-0.5654513308322364,-0.933989562023052,0.0173351859145703,0,18,-34.77141000000012,layers=rsi5 > 90 (short-term overbought) + sma20_dist_pct > 1.0 (close > 1% above 5-min SMA20) + bear_div == 1 (price at 20-bar high while RSI(14) is >5 below its 20-bar max) + time window 13:00-15:00 ET (bar close),7.0,150,False,13:25,15:55
IREN,exhaustion_short,-1,2026-08-03,2026-08-03 13:30:00-04:00,2026-08-03 13:30:00-04:00,39.821016500000006,40.91114821428572,38.76885178571429,2026-08-03 15:55:00-04:00,39.753974,time,0.061499449214662,-0.3568224783322345,0.3219945768021292,0,50,3.352125000000328,layers=rsi5 > 90 (short-term overbought) + sma20_dist_pct > 1.0 (close > 1% above 5-min SMA20) + bear_div == 1 (price at 20-bar high while RSI(14) is >5 below its 20-bar max) + time window 13:00-15:00 ET (bar close),76.0,145,False,13:30,15:55
RAM,exhaustion_short,-1,2026-08-03,2026-08-03 13:30:00-04:00,2026-08-03 13:30:00-04:00,10.578941,11.16844642857143,10.001553571428571,2026-08-03 15:55:00-04:00,10.791078,time,-0.3598558888831233,-0.5531060176835856,0.023648637186912,0,189,-40.09389299999971,layers=rsi5 > 90 (short-term overbought) + sma20_dist_pct > 1.0 (close > 1% above 5-min SMA20) + bear_div == 1 (price at 20-bar high while RSI(14) is >5 below its 20-bar max) + time window 13:00-15:00 ET (bar close),104.0,145,False,13:30,15:55
SNDK,exhaustion_short,-1,2026-08-03,2026-08-03 13:30:00-04:00,2026-08-03 13:30:00-04:00,1289.841002,1337.4368107142857,1242.5031892857144,2026-08-03 15:55:00-04:00,1298.299816,time,-0.1777218252720011,-0.5590617896574035,0.1626404132865757,0,1,-8.458813999999848,layers=rsi5 > 90 (short-term overbought) + sma20_dist_pct > 1.0 (close > 1% above 5-min SMA20) + bear_div == 1 (price at 20-bar high while RSI(14) is >5 below its 20-bar max) + time window 13:00-15:00 ET (bar close),105.0,145,False,13:30,15:55
SNXX,exhaustion_short,-1,2026-08-03,2026-08-03 13:30:00-04:00,2026-08-03 13:30:00-04:00,10.468952000000002,11.434926785714286,9.515073214285714,2026-08-03 15:55:00-04:00,10.621061,time,-0.1574668430786437,-0.4255266349380459,0.1127896934902273,0,191,-29.052818999999545,layers=rsi5 > 90 (short-term overbought) + sma20_dist_pct > 1.0 (close > 1% above 5-min SMA20) + bear_div == 1 (price at 20-bar high while RSI(14) is >5 below its 20-bar max) + time window 13:00-15:00 ET (bar close),104.0,145,False,13:30,15:55
SMR,exhaustion_short,-1,2026-08-03,2026-08-03 13:35:00-04:00,2026-08-03 13:35:00-04:00,9.069092,9.256846428571428,8.91595357142857,2026-08-03 14:59:00-04:00,8.91595357142857,target,0.8156315125913141,-0.324402467965374,0.8473408654618121,0,220,33.69045428571482,layers=rsi5 > 90 (short-term overbought) + sma20_dist_pct > 1.0 (close > 1% above 5-min SMA20) + bear_div == 1 (price at 20-bar high while RSI(14) is >5 below its 20-bar max) + time window 13:00-15:00 ET (bar close),83.0,84,False,13:35,14:59
SNDU,exhaustion_short,-1,2026-08-03,2026-08-03 13:35:00-04:00,2026-08-03 13:35:00-04:00,16.538345,18.113180357142856,15.05601964285714,2026-08-03 15:55:00-04:00,16.671666000000002,time,-0.0846571036110592,-0.3669304206176654,0.1513459797044538,0,120,-15.99852000000027,layers=rsi5 > 90 (short-term overbought) + sma20_dist_pct > 1.0 (close > 1% above 5-min SMA20) + bear_div == 1 (price at 20-bar high while RSI(14) is >5 below its 20-bar max) + time window 13:00-15:00 ET (bar close),100.0,140,False,13:35,15:55
MULL,exhaustion_short,-1,2026-08-03,2026-08-03 13:55:00-04:00,2026-08-03 13:55:00-04:00,16.80661817,17.84775535714286,15.832244642857145,2026-08-03 15:55:00-04:00,16.861685,time,-0.0528910413344454,-0.2145556154929176,0.390455912073979,0,119,-6.552952770000147,layers=rsi5 > 90 (short-term overbought) + sma20_dist_pct > 1.0 (close > 1% above 5-min SMA20) + bear_div == 1 (price at 20-bar high while RSI(14) is >5 below its 20-bar max) + time window 13:00-15:00 ET (bar close),79.0,120,False,13:55,15:55
SYY,exhaustion_short,-1,2026-08-03,2026-08-03 14:00:00-04:00,2026-08-03 14:00:00-04:00,84.6165365,85.10865892857143,84.16134107142858,2026-08-03 14:03:00-04:00,85.14716979446429,stop,-1.0782546448952794,-1.4396082333751428,0.0234423373742182,0,23,-12.204565772678777,layers=rsi5 > 90 (short-term overbought) + sma20_dist_pct > 1.0 (close > 1% above 5-min SMA20) + bear_div == 1 (price at 20-bar high while RSI(14) is >5 below its 20-bar max) + time window 13:00-15:00 ET (bar close),0.0,3,False,14:00,14:03
APLD,exhaustion_short,-1,2026-08-03,2026-08-03 14:05:00-04:00,2026-08-03 14:05:00-04:00,29.8720115,30.60193035714286,29.168069642857144,2026-08-03 15:55:00-04:00,29.562955,time,0.4234121326988933,-0.3054976560995414,0.7014635873419957,0,66,20.3977289999998,layers=rsi5 > 90 (short-term overbought) + sma20_dist_pct > 1.0 (close > 1% above 5-min SMA20) + bear_div == 1 (price at 20-bar high while RSI(14) is >5 below its 20-bar max) + time window 13:00-15:00 ET (bar close),105.0,110,False,14:05,15:55
CORZ,exhaustion_short,-1,2026-08-03,2026-08-03 14:05:00-04:00,2026-08-03 14:05:00-04:00,22.827716,23.35704821428571,22.33295178571429,2026-08-03 15:55:00-04:00,22.942293,time,-0.2164557472751061,-0.2876907845208239,0.4868700469095075,0,87,-9.968199000000052,layers=rsi5 > 90 (short-term overbought) + sma20_dist_pct > 1.0 (close > 1% above 5-min SMA20) + bear_div == 1 (price at 20-bar high while RSI(14) is >5 below its 20-bar max) + time window 13:00-15:00 ET (bar close),41.0,110,False,14:05,15:55
KKR,exhaustion_short,-1,2026-08-03,2026-08-03 14:35:00-04:00,2026-08-03 14:35:00-04:00,106.309367,107.18913392857142,105.45086607142856,2026-08-03 15:36:00-04:00,107.22985284196427,stop,-1.046283750923635,-1.0237177265374748,0.0504304021430284,0,18,-16.56874515535702,layers=rsi5 > 90 (short-term overbought) + sma20_dist_pct > 1.0 (close > 1% above 5-min SMA20) + bear_div == 1 (price at 20-bar high while RSI(14) is >5 below its 20-bar max) + time window 13:00-15:00 ET (bar close),5.0,61,False,14:35,15:36
OWL,exhaustion_short,-1,2026-08-03,2026-08-03 14:35:00-04:00,2026-08-03 14:35:00-04:00,11.1738815,11.277010714285716,11.092989285714284,2026-08-03 15:18:00-04:00,11.308138415357144,stop,-1.3018320394179488,-1.0289858284578994,0.0376372498024349,0,178,-23.897730933571555,layers=rsi5 > 90 (short-term overbought) + sma20_dist_pct > 1.0 (close > 1% above 5-min SMA20) + bear_div == 1 (price at 20-bar high while RSI(14) is >5 below its 20-bar max) + time window 13:00-15:00 ET (bar close),4.0,43,False,14:35,15:18
DIA,intraday_momentum,1,2026-08-03,2026-08-03 15:30:00-04:00,2026-08-03 15:30:00-04:00,531.343128,529.7583946428572,,2026-08-03 15:55:00-04:00,531.23687,time,-0.06705102755684,-0.1975903382033695,0.1557814119879147,0,3,-0.3187740000000758,first_30m_ret=1.215,22.0,25,False,15:30,15:55
IWM,intraday_momentum,1,2026-08-03,2026-08-03 15:30:00-04:00,2026-08-03 15:30:00-04:00,296.3846345,295.3526803571429,,2026-08-03 15:55:00-04:00,296.430353,time,0.0443028406993387,-0.2661305271178313,0.2668388919275372,0,6,0.2743110000001252,first_30m_ret=1.243,20.0,25,False,15:30,15:55
QQQ,intraday_momentum,1,2026-08-03,2026-08-03 15:30:00-04:00,2026-08-03 15:30:00-04:00,700.4600379999999,696.6818964285715,,2026-08-03 15:55:00-04:00,699.989993,time,-0.124411695833355,-0.158818294300459,0.1270365313014581,0,2,-0.9400899999998272,first_30m_ret=0.7828,22.0,25,False,15:30,15:55
SPY,intraday_momentum,1,2026-08-03,2026-08-03 15:30:00-04:00,2026-08-03 15:30:00-04:00,758.435835,756.2417,,2026-08-03 15:55:00-04:00,757.684223,time,-0.3425550387738386,-0.3627101340619539,0.0338014752966407,0,2,-1.5032240000000456,first_30m_ret=0.9119,0.0,25,False,15:30,15:55
AAOI,heat_fade_short,-1,2026-08-04,2026-08-04 09:50:00-04:00,2026-08-04 09:50:00-04:00,127.997198,131.36454642857143,124.55545357142856,2026-08-04 09:52:00-04:00,131.40768288321428,stop,-1.0128102141960844,-1.0342861969521642,0.0,0,15,-51.157273248214,heat_score=-56,0.0,2,False,09:50,09:52
AMAT,heat_fade_short,-1,2026-08-04,2026-08-04 09:50:00-04:00,2026-08-04 09:50:00-04:00,544.33556,554.2802660714286,533.6697339285714,2026-08-04 15:55:00-04:00,547.484742,time,-0.3166691883481268,-0.5364100217427176,0.8829682784921683,0,3,-9.447545999999988,heat_score=-65.09,34.0,365,False,09:50,15:55
ASX,heat_fade_short,-1,2026-08-04,2026-08-04 09:50:00-04:00,2026-08-04 09:50:00-04:00,37.766222000000006,38.424107142857146,37.11589285714286,2026-08-04 12:01:00-04:00,38.45794955357143,stop,-1.0514412144455958,-1.0925584926244132,0.3590626761597211,0,52,-35.96983278571412,heat_score=-40.76,10.0,131,False,09:50,12:01
CAT,heat_fade_short,-1,2026-08-04,2026-08-04 09:50:00-04:00,2026-08-04 09:50:00-04:00,905.0444855,915.065025,894.674975,2026-08-04 09:56:00-04:00,894.674975,target,1.0348255700204456,-0.3148547540778598,1.7897724468827116,1,2,20.739020999999862,heat_score=-35.79,5.0,6,False,09:50,09:56
CIEN,heat_fade_short,-1,2026-08-04,2026-08-04 09:50:00-04:00,2026-08-04 09:50:00-04:00,407.619233,415.4208928571428,399.88910714285714,2026-08-04 11:20:00-04:00,415.4924349464285,stop,-1.0091701113090934,-1.0293664613751925,0.3344458804636476,0,4,-31.49280778571392,heat_score=-14.54,44.0,90,False,09:50,11:20
COHR,heat_fade_short,-1,2026-08-04,2026-08-04 09:50:00-04:00,2026-08-04 09:50:00-04:00,320.107985,327.52775,312.73225,2026-08-04 11:02:00-04:00,327.59050277499995,stop,-1.008457515163887,-1.021867269381177,0.3676646093238796,0,6,-44.895106649999775,heat_score=-19.2,18.0,72,False,09:50,11:02
DIA,heat_fade_short,-1,2026-08-04,2026-08-04 09:50:00-04:00,2026-08-04 09:50:00-04:00,536.4263510000001,538.0642839285714,534.9457160714286,2026-08-04 10:18:00-04:00,538.1480903569642,stop,-1.0511659707982608,-1.1988580031251277,0.2572455762078067,0,3,-5.165218070892365,heat_score=-16.36,6.0,28,False,09:50,10:18
ENTG,heat_fade_short,-1,2026-08-04,2026-08-04 09:50:00-04:00,2026-08-04 09:50:00-04:00,135.266471,137.9545517857143,133.14544821428572,2026-08-04 10:51:00-04:00,137.99834724089288,stop,-1.0162924624182916,-1.1043302774887358,0.0849940973553267,0,14,-38.24626737250043,heat_score=-26.31,10.0,61,False,09:50,10:51
FLEX,heat_fade_short,-1,2026-08-04,2026-08-04 09:50:00-04:00,2026-08-04 09:50:00-04:00,123.757622,125.79228392857142,121.18771607142855,2026-08-04 11:00:00-04:00,125.83486315696427,stop,-1.0209269303145356,-1.0283664183312733,0.1905092902938181,0,16,-33.23585851142843,heat_score=-55.75,11.0,70,False,09:50,11:00
FN,heat_fade_short,-1,2026-08-04,2026-08-04 09:50:00-04:00,2026-08-04 09:50:00-04:00,510.198974,517.8946928571428,500.7853071428571,2026-08-04 09:55:00-04:00,517.9764823264285,stop,-1.0106279180417022,-1.0123844366753034,0.0,0,3,-23.33252497928538,heat_score=-18.38,0.0,5,False,09:50,09:55
FPS,heat_fade_short,-1,2026-08-04,2026-08-04 09:50:00-04:00,2026-08-04 09:50:00-04:00,37.3312655,38.1787875,36.5112125,2026-08-04 11:10:00-04:00,38.21260537875,stop,-1.0399020659640692,-1.001430641328486,0.2551739069900241,0,53,-46.71101357374988,heat_score=-26.83,31.0,80,False,09:50,11:10
GFS,heat_fade_short,-1,2026-08-04,2026-08-04 09:50:00-04:00,2026-08-04 09:50:00-04:00,52.304768,53.146528571428576,51.39347142857143,2026-08-04 13:34:00-04:00,53.18184322428572,stop,-1.0419533226618258,-1.0278837348387466,1.0013156099359115,1,38,-33.3288585228573,heat_score=-20.48,10.0,224,False,09:50,13:34
GS,heat_fade_short,-1,2026-08-04,2026-08-04 09:50:00-04:00,2026-08-04 09:50:00-04:00,1046.8853,1057.0818178571428,1036.9781821428571,2026-08-04 10:39:00-04:00,1057.2175260389286,stop,-1.0133092673093946,-1.1606609399217225,0.0,0,1,-10.332226038928638,heat_score=-38.47,0.0,49,False,09:50,10:39
HPE,heat_fade_short,-1,2026-08-04,2026-08-04 09:50:00-04:00,2026-08-04 09:50:00-04:00,51.9848,52.74113571428572,51.238864285714286,2026-08-04 10:01:00-04:00,51.238864285714286,target,0.9862494923833844,-0.4828543636140406,1.2491807304012708,1,38,28.345557142857142,heat_score=-35.76,10.0,11,False,09:50,10:01
LITE,heat_fade_short,-1,2026-08-04,2026-08-04 09:50:00-04:00,2026-08-04 09:50:00-04:00,827.897201,847.1494232142858,806.2669767857143,2026-08-04 11:07:00-04:00,847.2641381566071,stop,-1.0059585299320015,-1.0317146134569934,0.7602863106960568,0,2,-38.7338743132143,heat_score=-16.72,30.0,77,False,09:50,11:07
MTUM,heat_fade_short,-1,2026-08-04,2026-08-04 09:50:00-04:00,2026-08-04 09:50:00-04:00,309.769019,312.34026785714286,306.6197321428572,2026-08-04 11:34:00-04:00,312.4015018839285,stop,-1.023814897035559,-1.011563308146758,0.4585394357005786,0,6,-15.79489730357102,heat_score=-55.81,11.0,104,False,09:50,11:34
NEM,heat_fade_short,-1,2026-08-04,2026-08-04 09:50:00-04:00,2026-08-04 09:50:00-04:00,97.5352445,98.37660535714286,96.74339464285714,2026-08-04 10:43:00-04:00,96.74339464285714,target,0.941153668393693,-0.6711216658182666,0.9749021398326436,1,20,15.836997142857284,heat_score=-39.03,52.0,53,False,09:50,10:43
NVDA,heat_fade_short,-1,2026-08-04,2026-08-04 09:50:00-04:00,2026-08-04 09:50:00-04:00,210.73892300000003,212.73444642857143,208.81555357142855,2026-08-04 14:33:00-04:00,212.78571987321428,stop,-1.0256942333568853,-1.0077942314311508,0.8463558862895028,0,9,-18.421171858928236,heat_score=-15.95,67.0,283,False,09:50,14:33
ON,heat_fade_short,-1,2026-08-04,2026-08-04 09:50:00-04:00,2026-08-04 09:50:00-04:00,82.741724,84.0239,81.43610000000001,2026-08-04 09:57:00-04:00,81.43610000000001,target,1.0182876609763418,-0.505606094639113,1.1556323000898538,1,24,31.33497599999987,heat_score=-18.36,6.0,7,False,09:50,09:57
SKHY,heat_fade_short,-1,2026-08-04,2026-08-04 09:50:00-04:00,2026-08-04 09:50:00-04:00,148.565141,153.0090267857143,144.10097321428572,2026-08-04 13:26:00-04:00,153.05432768839287,stop,-1.010193984468324,-1.0204715464511145,0.4197094817323775,0,13,-58.35942694910722,heat_score=-17.25,11.0,216,False,09:50,13:26
STX,heat_fade_short,-1,2026-08-04,2026-08-04 09:50:00-04:00,2026-08-04 09:50:00-04:00,862.6287275000001,883.2385732142857,840.7614267857143,2026-08-04 10:40:00-04:00,840.7614267857143,target,1.061012344169494,-0.2722617421687201,1.133862321143054,1,2,43.73460142857152,heat_score=-48.74,49.0,50,False,09:50,10:40
TSM,heat_fade_short,-1,2026-08-04,2026-08-04 09:50:00-04:00,2026-08-04 09:50:00-04:00,415.838411,420.2890160714285,411.4909839285714,2026-08-04 15:55:00-04:00,416.391634,time,-0.1243028736814825,-0.991233535485095,0.5737222150740967,0,4,-2.212891999999784,heat_score=-58.84,47.0,365,False,09:50,15:55
VIAV,heat_fade_short,-1,2026-08-04,2026-08-04 09:50:00-04:00,2026-08-04 09:50:00-04:00,39.556043,40.39604642857143,38.74395357142857,2026-08-04 11:06:00-04:00,40.46394299000001,stop,-1.0808289098820056,-1.0880396066410571,0.1321935080537113,0,50,-45.39499950000021,heat_score=-12.05,20.0,76,False,09:50,11:06
VRT,heat_fade_short,-1,2026-08-04,2026-08-04 09:50:00-04:00,2026-08-04 09:50:00-04:00,271.522844,276.9203410714286,266.1796589285714,2026-08-04 15:55:00-04:00,271.987195,time,-0.0860308016576771,-0.8220765924057392,0.6304485125175572,0,7,-3.250456999999756,heat_score=-24.82,32.0,365,False,09:50,15:55
WDC,heat_fade_short,-1,2026-08-04,2026-08-04 09:50:00-04:00,2026-08-04 09:50:00-04:00,549.695024,562.5978607142857,535.5721392857143,2026-08-04 15:55:00-04:00,548.144808,time,0.1201453629405084,-0.786600359652912,0.7506119944366149,0,3,4.650647999999933,heat_score=-52.62,47.0,365,False,09:50,15:55
FIS,orb20_a,1,2026-08-04,2026-08-04 09:50:00-04:00,2026-08-04 09:51:00-04:00,40.934092,39.965,42.35249999999999,2026-08-04 10:21:00-04:00,42.35249999999999,target,1.4636463823867985,-0.0919334799998354,1.522980274318632,1,48,68.08358399999963,rv20=5.946;or_width=1.91,29.0,30,False,09:51,10:21
PCOR,orb20_a,1,2026-08-04,2026-08-04 09:50:00-04:00,2026-08-04 09:51:00-04:00,55.805579,54.97,57.02,2026-08-04 15:50:00-04:00,56.134385,time,0.3935067779348319,-0.5691610248701783,1.13025937703079,1,35,11.508210000000254,rv20=6.709;or_width=1.64,198.0,359,True,09:51,15:50
PLTR,orb20_a,1,2026-08-04,2026-08-04 09:50:00-04:00,2026-08-04 09:54:00-04:00,152.31512898999998,147.78994999999998,159.03982499999998,2026-08-04 10:42:00-04:00,159.03982499999998,target,1.4860618828251038,-0.0917375845060155,1.5965934222637268,1,13,87.42104813000003,rv20=6.459;or_width=9,47.0,48,False,09:54,10:42
APH,heat_fade_short,-1,2026-08-04,2026-08-04 09:55:00-04:00,2026-08-04 09:55:00-04:00,83.68163,84.66107142857143,82.73892857142857,2026-08-04 11:49:00-04:00,84.69953753571428,stop,-1.0392735144958665,-1.019325883995108,0.9001354999715545,0,23,-23.411873321428587,heat_score=-12.43,5.0,114,False,09:55,11:49
RIO,heat_fade_short,-1,2026-08-04,2026-08-04 09:55:00-04:00,2026-08-04 09:55:00-04:00,99.06139187,99.59435714285716,98.52564285714286,2026-08-04 10:24:00-04:00,98.52564285714286,target,1.0052231170429935,-0.0912031842889567,1.0908625751228167,1,20,10.71498025714277,heat_score=-17.96,28.0,29,False,09:55,10:24
APTV,orb20_a,-1,2026-08-04,2026-08-04 09:50:00-04:00,2026-08-04 09:56:00-04:00,48.015197,49.510000000000005,45.81,2026-08-04 15:50:00-04:00,47.644763,time,0.2478145949666959,-0.6212878887719625,1.0705069497452149,1,41,15.187794000000125,rv20=9.33;or_width=2.96,269.0,354,False,09:56,15:50
KLAC,heat_fade_short,-1,2026-08-04,2026-08-04 10:00:00-04:00,2026-08-04 10:00:00-04:00,191.590838,195.0881625,188.1518375,2026-08-04 11:20:00-04:00,195.13767131625,stop,-1.0141561974732431,-1.0262593591186626,0.5921206339303129,0,10,-35.468333162500016,heat_score=-61.04,24.0,80,False,10:00,11:20
LIN,heat_fade_short,-1,2026-08-04,2026-08-04 10:00:00-04:00,2026-08-04 10:00:00-04:00,481.511843,484.92277678571423,478.8772232142857,2026-08-04 12:31:00-04:00,485.0012690633928,stop,-1.0230119617118612,-1.0182422814967516,0.1031515186467624,0,4,-13.957704253571135,heat_score=-14.27,29.0,151,False,10:00,12:31
LRCX,heat_fade_short,-1,2026-08-04,2026-08-04 10:00:00-04:00,2026-08-04 10:00:00-04:00,309.74402150000003,316.035,303.005,2026-08-04 13:27:00-04:00,316.0966035,stop,-1.009792355831448,-1.0086155118794378,0.5220207794383789,0,6,-38.11549199999956,heat_score=-53.7,24.0,207,False,10:00,13:27
TECK,heat_fade_short,-1,2026-08-04,2026-08-04 10:00:00-04:00,2026-08-04 10:00:00-04:00,63.343664,63.99053571428571,62.78946428571429,2026-08-04 10:53:00-04:00,64.02693476785714,stop,-1.0562693541355754,-1.0223603620236426,0.1293363091202554,0,31,-21.18139380357128,heat_score=-20.22,0.0,53,False,10:00,10:53
GE,heat_fade_short,-1,2026-08-04,2026-08-04 10:05:00-04:00,2026-08-04 10:05:00-04:00,372.6927260000001,375.6080321428571,369.9519678571429,2026-08-04 10:22:00-04:00,369.9519678571429,target,0.9401270427713004,-0.2014450528425067,0.9648132519089528,1,5,13.703790714286017,heat_score=-17.34,16.0,17,False,10:05,10:22
ALAB,heat_fade_short,-1,2026-08-04,2026-08-04 10:10:00-04:00,2026-08-04 10:10:00-04:00,344.67552800000004,353.6827642857143,337.0572357142857,2026-08-04 12:00:00-04:00,353.74813256214287,stop,-1.0072573067204014,-1.0130157254197536,0.5168653127690076,0,5,-45.36302281071414,heat_score=-13.08,10.0,110,False,10:10,12:00
ASML,heat_fade_short,-1,2026-08-04,2026-08-04 10:10:00-04:00,2026-08-04 10:10:00-04:00,1696.4653355,1717.5732142857144,1675.6617857142858,2026-08-04 15:55:00-04:00,1711.471129,time,-0.7109095922114073,-0.9993739642979494,0.4953285740429849,0,1,-15.005793499999982,heat_score=-23.26,14.0,345,False,10:10,15:55
JCI,heat_fade_short,-1,2026-08-04,2026-08-04 10:10:00-04:00,2026-08-04 10:10:00-04:00,148.3901585,149.78800714285714,147.31199285714288,2026-08-04 10:45:00-04:00,149.83298594357143,stop,-1.0321771609137564,-1.0729641636553573,0.2290365996604844,0,13,-18.756756766428424,heat_score=-14.27,20.0,35,False,10:10,10:45
GLW,heat_fade_short,-1,2026-08-04,2026-08-04 10:15:00-04:00,2026-08-04 10:15:00-04:00,153.07469,156.39263035714285,149.67736964285714,2026-08-04 11:46:00-04:00,156.43826962017857,stop,-1.0137552994096088,-1.1499031294478823,0.5860834706729136,0,13,-43.7265350623214,heat_score=-19.56,9.0,91,False,10:15,11:46
KMB,heat_fade_short,-1,2026-08-04,2026-08-04 10:20:00-04:00,2026-08-04 10:20:00-04:00,108.87911,109.64910535714286,108.15089464285715,2026-08-04 10:34:00-04:00,108.15089464285715,target,0.9457399325691448,-0.5076524116332759,1.1871630023743047,1,18,13.107876428571188,heat_score=-15.5,13.0,14,False,10:20,10:34
W,orb20_a,1,2026-08-04,2026-08-04 09:50:00-04:00,2026-08-04 10:25:00-04:00,114.0214,111.005,118.4925,2026-08-04 15:50:00-04:00,115.668431,time,0.5460253945100106,-0.2723113645405104,1.4201034345577512,1,17,27.99952699999997,rv20=7.197;or_width=5.99,150.0,325,False,10:25,15:50
MPWR,heat_fade_long,1,2026-08-04,2026-08-04 11:05:00-04:00,2026-08-04 11:05:00-04:00,1355.795565,1332.034017857143,1379.115982142857,2026-08-04 15:55:00-04:00,1344.445541,time,-0.4776635095249665,-0.6647532210354565,0.5068876587701667,0,1,-11.350024000000076,heat_score=63.74,14.0,290,False,11:05,15:55
NRG,heat_fade_long,1,2026-08-04,2026-08-04 11:05:00-04:00,2026-08-04 11:05:00-04:00,123.92239,122.19630357142856,125.53369642857142,2026-08-04 11:13:00-04:00,122.15408394107143,stop,-1.0244597429527793,-1.2585059264951532,0.1318647758492464,0,16,-28.29289694285717,heat_score=70.24,1.0,8,False,11:05,11:13
GLXY,exhaustion_short,-1,2026-08-04,2026-08-04 13:00:00-04:00,2026-08-04 13:00:00-04:00,22.557743,23.1156875,22.0239125,2026-08-04 15:55:00-04:00,22.182217,time,0.6730526064868391,-0.1474286420961257,0.9279471345268178,0,88,33.04628799999975,layers=rsi5 > 90 (short-term overbought) + sma20_dist_pct > 1.0 (close > 1% above 5-min SMA20) + bear_div == 1 (price at 20-bar high while RSI(14) is >5 below its 20-bar max) + time window 13:00-15:00 ET (bar close),170.0,175,False,13:00,15:55
KTOS,exhaustion_short,-1,2026-08-04,2026-08-04 13:00:00-04:00,2026-08-04 13:00:00-04:00,52.134785,52.90036607142857,51.35963392857144,2026-08-04 15:55:00-04:00,51.755174,time,0.4958468987375194,-0.0851836630160031,0.8487474733244196,0,38,14.425218000000156,layers=rsi5 > 90 (short-term overbought) + sma20_dist_pct > 1.0 (close > 1% above 5-min SMA20) + bear_div == 1 (price at 20-bar high while RSI(14) is >5 below its 20-bar max) + time window 13:00-15:00 ET (bar close),170.0,175,False,13:00,15:55
NVO,heat_fade_long,1,2026-08-04,2026-08-04 13:00:00-04:00,2026-08-04 13:00:00-04:00,44.31443,43.90866071428572,44.67133928571428,2026-08-04 13:01:00-04:00,43.87426984821429,stop,-1.0847547295525035,-1.1938557625110804,0.0,0,45,-19.807206830356705,heat_score=66.02,0.0,1,False,13:00,13:01
PLTR,exhaustion_short,-1,2026-08-04,2026-08-04 13:00:00-04:00,2026-08-04 13:00:00-04:00,162.593738,164.0897339285714,161.13206607142857,2026-08-04 13:48:00-04:00,164.13614290196426,stop,-1.0310221254660603,-1.1739082750559555,0.7043053927333711,0,12,-18.50885882357113,layers=rsi5 > 90 (short-term overbought) + sma20_dist_pct > 1.0 (close > 1% above 5-min SMA20) + bear_div == 1 (price at 20-bar high while RSI(14) is >5 below its 20-bar max) + time window 13:00-15:00 ET (bar close),33.0,48,False,13:00,13:48
QBTS,exhaustion_short,-1,2026-08-04,2026-08-04 13:00:00-04:00,2026-08-04 13:00:00-04:00,21.58784,21.97884107142857,21.21115892857143,2026-08-04 15:55:00-04:00,21.7871775,time,-0.5098131810015132,-0.798360983665556,0.2630171820866431,0,92,-18.339049999999872,layers=rsi5 > 90 (short-term overbought) + sma20_dist_pct > 1.0 (close > 1% above 5-min SMA20) + bear_div == 1 (price at 20-bar high while RSI(14) is >5 below its 20-bar max) + time window 13:00-15:00 ET (bar close),20.0,175,False,13:00,15:55
RIOT,exhaustion_short,-1,2026-08-04,2026-08-04 13:00:00-04:00,2026-08-04 13:00:00-04:00,22.207778,22.780585714285717,21.659414285714284,2026-08-04 14:39:00-04:00,21.659414285714284,target,0.9573259937141664,-0.2046445902813583,1.017405990641579,1,90,49.352734285714206,layers=rsi5 > 90 (short-term overbought) + sma20_dist_pct > 1.0 (close > 1% above 5-min SMA20) + bear_div == 1 (price at 20-bar high while RSI(14) is >5 below its 20-bar max) + time window 13:00-15:00 ET (bar close),98.0,99,False,13:00,14:39
AUR,exhaustion_short,-1,2026-08-04,2026-08-04 13:10:00-04:00,2026-08-04 13:10:00-04:00,7.0342955,7.1532125,6.9367875,2026-08-04 15:04:00-04:00,7.183927821249999,stop,-1.2582920965883753,-1.015031492553636,0.3724908970121993,0,284,-42.49557923499985,layers=rsi5 > 90 (short-term overbought) + sma20_dist_pct > 1.0 (close > 1% above 5-min SMA20) + bear_div == 1 (price at 20-bar high while RSI(14) is >5 below its 20-bar max) + time window 13:00-15:00 ET (bar close),10.0,114,False,13:10,15:04
ELF,exhaustion_short,-1,2026-08-04,2026-08-04 13:10:00-04:00,2026-08-04 13:10:00-04:00,88.2861695,89.34229464285714,87.26270535714285,2026-08-04 15:45:00-04:00,89.38122887232143,stop,-1.036865166715906,-1.0451701746383977,0.5455504055525954,0,22,-24.091306191071453,layers=rsi5 > 90 (short-term overbought) + sma20_dist_pct > 1.0 (close > 1% above 5-min SMA20) + bear_div == 1 (price at 20-bar high while RSI(14) is >5 below its 20-bar max) + time window 13:00-15:00 ET (bar close),91.0,155,False,13:10,15:45
CRWV,exhaustion_short,-1,2026-08-04,2026-08-04 13:20:00-04:00,2026-08-04 13:20:00-04:00,93.120686,95.07164107142856,91.19835892857144,2026-08-04 15:55:00-04:00,91.849183,time,0.6517336142799749,-0.6044803477388416,0.9639822195509968,0,21,26.701562999999908,layers=rsi5 > 90 (short-term overbought) + sma20_dist_pct > 1.0 (close > 1% above 5-min SMA20) + bear_div == 1 (price at 20-bar high while RSI(14) is >5 below its 20-bar max) + time window 13:00-15:00 ET (bar close),150.0,155,False,13:20,15:55
GLW,exhaustion_short,-1,2026-08-04,2026-08-04 13:35:00-04:00,2026-08-04 13:35:00-04:00,161.813816,165.14763035714284,158.43236964285714,2026-08-04 15:55:00-04:00,160.876085,time,0.2812787094730948,-0.2027959350980248,0.634053301579637,0,12,11.252772000000164,layers=rsi5 > 90 (short-term overbought) + sma20_dist_pct > 1.0 (close > 1% above 5-min SMA20) + bear_div == 1 (price at 20-bar high while RSI(14) is >5 below its 20-bar max) + time window 13:00-15:00 ET (bar close),68.0,140,False,13:35,15:55
SMCI,exhaustion_short,-1,2026-08-04,2026-08-04 14:00:00-04:00,2026-08-04 14:00:00-04:00,31.6718315,32.295164285714286,31.08463571428572,2026-08-04 15:55:00-04:00,31.6681655,time,0.0058812885893601,-0.1574897105524622,0.5804788522159433,0,63,0.2309579999997169,layers=rsi5 > 90 (short-term overbought) + sma20_dist_pct > 1.0 (close > 1% above 5-min SMA20) + bear_div == 1 (price at 20-bar high while RSI(14) is >5 below its 20-bar max) + time window 13:00-15:00 ET (bar close),99.0,115,False,14:00,15:55
HPQ,exhaustion_short,-1,2026-08-04,2026-08-04 14:05:00-04:00,2026-08-04 14:05:00-04:00,28.727126,29.046933928571427,28.43306607142857,2026-08-04 15:55:00-04:00,28.8578845,time,-0.4088657231985971,-0.4623837834807594,0.2396000635202611,0,69,-9.022336500000169,layers=rsi5 > 90 (short-term overbought) + sma20_dist_pct > 1.0 (close > 1% above 5-min SMA20) + bear_div == 1 (price at 20-bar high while RSI(14) is >5 below its 20-bar max) + time window 13:00-15:00 ET (bar close),55.0,110,False,14:05,15:55
NBIS,exhaustion_short,-1,2026-08-04,2026-08-04 14:35:00-04:00,2026-08-04 14:35:00-04:00,228.497147,235.25525,221.80475,2026-08-04 15:55:00-04:00,225.852582,time,0.3913176523056895,-0.0320582565847221,0.5825816800957345,0,8,21.156520000000228,layers=rsi5 > 90 (short-term overbought) + sma20_dist_pct > 1.0 (close > 1% above 5-min SMA20) + bear_div == 1 (price at 20-bar high while RSI(14) is >5 below its 20-bar max) + time window 13:00-15:00 ET (bar close),75.0,80,False,14:35,15:55
NVDL,exhaustion_short,-1,2026-08-04,2026-08-04 14:35:00-04:00,2026-08-04 14:35:00-04:00,32.956703000000005,33.55547142857143,32.38452857142857,2026-08-04 15:55:00-04:00,32.763275,time,0.323043084388226,-0.1725157758341558,0.3953164340423638,0,60,11.605680000000262,layers=rsi5 > 90 (short-term overbought) + sma20_dist_pct > 1.0 (close > 1% above 5-min SMA20) + bear_div == 1 (price at 20-bar high while RSI(14) is >5 below its 20-bar max) + time window 13:00-15:00 ET (bar close),79.0,80,False,14:35,15:55
TSLL,exhaustion_short,-1,2026-08-04,2026-08-04 14:55:00-04:00,2026-08-04 14:55:00-04:00,8.109088009999999,8.34255357142857,7.897246428571428,2026-08-04 15:55:00-04:00,8.070806000000001,time,0.163972835075764,-0.2823199687212428,0.3387566436611092,0,246,9.417374459999476,layers=rsi5 > 90 (short-term overbought) + sma20_dist_pct > 1.0 (close > 1% above 5-min SMA20) + bear_div == 1 (price at 20-bar high while RSI(14) is >5 below its 20-bar max) + time window 13:00-15:00 ET (bar close),59.0,60,False,14:55,15:55
SPCX,exhaustion_short,-1,2026-08-04,2026-08-04 15:00:00-04:00,2026-08-04 15:00:00-04:00,125.417456,127.41668928571428,123.42331071428572,2026-08-04 15:49:00-04:00,123.42331071428572,target,0.9974550243653976,-0.64651984800173,1.6593641290914751,1,15,29.912179285714014,layers=rsi5 > 90 (short-term overbought) + sma20_dist_pct > 1.0 (close > 1% above 5-min SMA20) + bear_div == 1 (price at 20-bar high while RSI(14) is >5 below its 20-bar max) + time window 13:00-15:00 ET (bar close),48.0,49,False,15:00,15:49
DIA,intraday_momentum,1,2026-08-04,2026-08-04 15:30:00-04:00,2026-08-04 15:30:00-04:00,541.274121,539.6507160714286,,2026-08-04 15:55:00-04:00,540.825911,time,-0.2760925460503819,-0.2612539807756037,0.2500171047017129,0,3,-1.344630000000052,first_30m_ret=0.9939,8.0,25,False,15:30,15:55
IWM,intraday_momentum,1,2026-08-04,2026-08-04 15:30:00-04:00,2026-08-04 15:30:00-04:00,302.170213,301.07651964285714,,2026-08-04 15:55:00-04:00,301.76981900000004,time,-0.3660934734448158,-0.3247829912105752,0.2009585214764076,0,6,-2.402363999999693,first_30m_ret=0.6616,16.0,25,False,15:30,15:55
QQQ,intraday_momentum,1,2026-08-04,2026-08-04 15:30:00-04:00,2026-08-04 15:30:00-04:00,724.3674285,720.5225464285714,,2026-08-04 15:55:00-04:00,723.527639,time,-0.2184174922399961,-0.19959740916444,0.3361797516769533,0,2,-1.679578999999876,first_30m_ret=1.941,16.0,25,False,15:30,15:55
SPY,intraday_momentum,1,2026-08-04,2026-08-04 15:30:00-04:00,2026-08-04 15:30:00-04:00,772.3972309999999,770.095092857143,,2026-08-04 15:55:00-04:00,771.662825,time,-0.3190103957395543,-0.2847053301443134,0.4399253811690026,0,2,-1.4688119999998437,first_30m_ret=0.7549,16.0,25,False,15:30,15:55
BKNG,heat_fade_short,-1,2026-08-05,2026-08-05 09:50:00-04:00,2026-08-05 09:50:00-04:00,205.289468,207.23309642857143,203.6869035714286,2026-08-05 09:59:00-04:00,203.6869035714286,target,0.8245220151206062,-0.7565911150418989,0.884669093497371,0,9,14.42307985714271,heat_score=-15.4,8.0,9,False,09:50,09:59
CDNS,heat_fade_short,-1,2026-08-05,2026-08-05 09:50:00-04:00,2026-08-05 09:50:00-04:00,344.265569,348.12419642857145,340.0958035714286,2026-08-05 10:03:00-04:00,340.0958035714286,target,1.080634372133518,-0.0115147162617936,1.268733271253531,1,5,20.84882714285726,heat_score=-16.79,12.0,13,False,09:50,10:03
GLD,heat_fade_short,-1,2026-08-05,2026-08-05 09:50:00-04:00,2026-08-05 09:50:00-04:00,384.631532,386.23008035714287,383.0999196428572,2026-08-05 10:04:00-04:00,386.29870336517854,stop,-1.0429283278976458,-1.0062054068072557,0.1948843140140024,0,5,-8.335856825892733,heat_score=-48.18,0.0,14,False,09:50,10:04
ISRG,heat_fade_short,-1,2026-08-05,2026-08-05 09:50:00-04:00,2026-08-05 09:50:00-04:00,371.7578195,376.1348732142857,367.5851267857143,2026-08-05 15:49:00-04:00,376.2024867016072,stop,-1.0154472601285962,-1.021733063362648,0.520377324264058,0,5,-22.22333600803552,heat_score=-11.41,97.0,359,False,09:50,15:49
META,heat_fade_short,-1,2026-08-05,2026-08-05 09:50:00-04:00,2026-08-05 09:50:00-04:00,596.9303,602.9816875,590.5583124999999,2026-08-05 10:55:00-04:00,590.5583124999999,target,1.0529795852604071,-0.4246298885999323,1.1022761308873317,1,3,19.115962500000137,heat_score=-19.09,64.0,65,False,09:50,10:55
MSTR,heat_fade_short,-1,2026-08-05,2026-08-05 09:50:00-04:00,2026-08-05 09:50:00-04:00,97.710227,99.19801964285712,96.31198035714286,2026-08-05 11:55:00-04:00,96.31198035714286,target,0.9398128493040389,-0.833296901925232,0.9478652867188748,1,20,27.964932857142912,heat_score=-13.66,124.0,125,False,09:50,11:55
NEM,heat_fade_short,-1,2026-08-05,2026-08-05 09:50:00-04:00,2026-08-05 09:50:00-04:00,103.669631,104.45803392857142,102.80196607142857,2026-08-05 10:07:00-04:00,104.49847973196428,stop,-1.0513009299269642,-1.053229218091081,0.1644222710269202,0,19,-15.748125907321423,heat_score=-41.28,0.0,17,False,09:50,10:07
SHOP,heat_fade_short,-1,2026-08-05,2026-08-05 09:50:00-04:00,2026-08-05 09:50:00-04:00,145.33546400000003,146.9420357142857,143.75796428571428,2026-08-05 10:00:00-04:00,146.98672991785713,stop,-1.0278196131389608,-1.3223412195729785,0.2399295322907066,0,13,-21.466456932142336,heat_score=-27.97,0.0,10,False,09:50,10:00
SLV,heat_fade_short,-1,2026-08-05,2026-08-05 09:50:00-04:00,2026-08-05 09:50:00-04:00,55.9794005,56.42440535714286,55.56279464285714,2026-08-05 10:04:00-04:00,56.46004779767858,stop,-1.0800944977647176,-1.121110235072863,0.1671903099612925,0,35,-16.822655418750294,heat_score=-21.76,0.0,14,False,09:50,10:04
SPXL,heat_fade_short,-1,2026-08-05,2026-08-05 09:50:00-04:00,2026-08-05 09:50:00-04:00,299.230073,301.9299410714286,296.7700589285715,2026-08-05 10:54:00-04:00,296.7700589285715,target,0.9111608442878012,-0.5629634336894705,1.196381791459496,1,6,14.76008442857119,heat_score=-12.23,63.0,64,False,09:50,10:54
CDW,orb20_a,1,2026-08-05,2026-08-05 09:50:00-04:00,2026-08-05 09:51:00-04:00,132.98329599999997,122.985,147.92249999999996,2026-08-05 15:50:00-04:00,140.695928,time,0.7713946456476239,-0.1793601629717676,1.068852532471537,1,15,115.68948000000064,rv20=19.18;or_width=19.95,300.0,359,False,09:51,15:50
CVS,orb20_a,1,2026-08-05,2026-08-05 09:50:00-04:00,2026-08-05 09:51:00-04:00,98.22982100000002,95.86,101.735,2026-08-05 15:50:00-04:00,100.07999,time,0.7807209911634585,-0.3796999857795236,0.979052426322486,0,20,37.0033799999996,rv20=7.716;or_width=4.7,354.0,359,False,09:51,15:50
MDLN,orb20_a,-1,2026-08-05,2026-08-05 09:50:00-04:00,2026-08-05 09:54:00-04:00,36.536345,37.260000000000005,35.48500000000001,2026-08-05 11:05:00-04:00,35.48500000000001,target,1.4528262777152048,-0.461069155882282,1.459735647511599,1,54,56.77262999999988,rv20=11.13;or_width=1.42,70.0,71,True,09:54,11:05
DIS,heat_fade_short,-1,2026-08-05,2026-08-05 09:55:00-04:00,2026-08-05 09:55:00-04:00,101.08398959,101.70407142857144,100.53592857142856,2026-08-05 10:04:00-04:00,100.53592857142856,target,0.8838527182703342,-0.2677233869362439,1.2619134142079051,1,19,10.413159352857193,heat_score=-12.17,8.0,9,False,09:55,10:04
MCD,heat_fade_short,-1,2026-08-05,2026-08-05 10:00:00-04:00,2026-08-05 10:00:00-04:00,271.442852,272.8808910714285,269.9191089285714,2026-08-05 10:02:00-04:00,272.93817916053564,stop,-1.0398376443625972,-1.1384586361576678,0.0,0,7,-10.467290123749365,heat_score=-30.94,0.0,2,False,10:00,10:02
MP,heat_fade_short,-1,2026-08-05,2026-08-05 10:00:00-04:00,2026-08-05 10:00:00-04:00,48.625136000000005,49.511944642857145,47.988055357142855,2026-08-05 10:05:00-04:00,47.988055357142855,target,0.7183969709683804,-0.0956959550220206,0.7611969114612589,1,41,26.120306357143143,heat_score=-17.68,4.0,5,False,10:00,10:05
SSPC,heat_fade_short,-1,2026-08-05,2026-08-05 10:00:00-04:00,2026-08-05 10:00:00-04:00,19.898009,20.688435714285717,19.251364285714285,2026-08-05 10:08:00-04:00,19.251364285714285,target,0.8180957229792858,-0.2049412008378118,0.8830787059503281,1,100,64.66447142857135,heat_score=-13.1,7.0,8,False,10:00,10:08
SOXS,heat_fade_short,-1,2026-08-05,2026-08-05 10:05:00-04:00,2026-08-05 10:05:00-04:00,43.095689,45.53005,40.73675,2026-08-05 10:54:00-04:00,45.564603005,stop,-1.0141938705886264,-1.0246265857857568,0.3022103130965374,0,46,-113.5700442300001,heat_score=-28.96,4.0,49,False,10:05,10:54
SPY,heat_fade_short,-1,2026-08-05,2026-08-05 10:05:00-04:00,2026-08-05 10:05:00-04:00,775.722419,778.1999071428571,773.3800928571428,2026-08-05 10:54:00-04:00,773.3800928571428,target,0.9454439366784776,-0.3339999839699495,1.2845345028896282,1,2,4.6846522857142645,heat_score=-13.65,48.0,49,False,10:05,10:54
NYT,orb20_a,-1,2026-08-05,2026-08-05 09:50:00-04:00,2026-08-05 10:10:00-04:00,64.453553,67.76499999999999,59.5275,2026-08-05 15:50:00-04:00,65.63656200000001,time,-0.3572483569871471,-0.4337822710132479,0.4238488491586934,0,31,-36.67327900000039,rv20=18.56;or_width=6.59,205.0,340,True,10:10,15:50
PODD,orb20_a,1,2026-08-05,2026-08-05 09:50:00-04:00,2026-08-05 10:11:00-04:00,136.52365,131.45499999999998,144.0675,2026-08-05 14:42:00-04:00,131.41185449999998,stop,-1.0085122271216218,-1.0197291191934723,0.3721602399060866,0,14,-71.56513700000039,rv20=19.53;or_width=10.09,11.0,271,True,10:11,14:42
PANW,heat_fade_short,-1,2026-08-05,2026-08-05 10:15:00-04:00,2026-08-05 10:15:00-04:00,371.612834,375.6717660714286,367.8482339285714,2026-08-05 10:36:00-04:00,367.8482339285714,target,0.9274853594935012,-0.5807355133120995,1.0231346390920095,1,5,18.823000357143087,heat_score=-15.98,20.0,21,False,10:15,10:36
ZETA,orb20_a,1,2026-08-05,2026-08-05 09:50:00-04:00,2026-08-05 10:16:00-04:00,28.352834,26.4,31.25,2026-08-05 15:50:00-04:00,27.527246,time,-0.4227640444605133,-0.8310148225604422,0.0753602200699078,0,70,-57.79116000000023,rv20=14.5;or_width=3.88,12.0,334,True,10:16,15:50
TVTX,orb20_a,1,2026-08-05,2026-08-05 09:50:00-04:00,2026-08-05 10:27:00-04:00,65.52645099,63.25995,68.884825,2026-08-05 11:53:00-04:00,63.223624005000005,stop,-1.016027345745831,-1.0793513882383092,0.3148240451463447,0,30,-69.08480954999987,rv20=13.21;or_width=4.5,1.0,86,False,10:27,11:53
ADM,heat_fade_long,1,2026-08-05,2026-08-05 11:05:00-04:00,2026-08-05 11:05:00-04:00,77.737772,77.16154464285714,78.28845535714285,2026-08-05 11:56:00-04:00,78.28845535714285,target,0.955670275485217,-0.3432186923241915,1.0624764555359218,1,25,13.767083928571113,heat_score=68.89,50.0,51,False,11:05,11:56
CDNS,heat_fade_long,1,2026-08-05,2026-08-05 11:05:00-04:00,2026-08-05 11:05:00-04:00,337.50124574999995,333.30580357142856,341.33419642857143,2026-08-05 15:55:00-04:00,336.9563,time,-0.1298899440882093,-0.4388681029628433,0.297645443995909,0,5,-2.7247287499997697,heat_score=65.9,34.0,290,False,11:05,15:55
HUT,heat_fade_long,1,2026-08-05,2026-08-05 11:05:00-04:00,2026-08-05 11:05:00-04:00,99.799978,96.50419642857145,102.74580357142855,2026-08-05 12:39:00-04:00,96.46454600892858,stop,-1.0120306576098934,-1.040717634243358,0.2791513879365493,0,20,-66.70863982142862,heat_score=59.45,6.0,94,False,11:05,12:39
LRCX,heat_fade_long,1,2026-08-05,2026-08-05 11:05:00-04:00,2026-08-05 11:05:00-04:00,307.870783,301.21464285714285,313.8253571428571,2026-08-05 12:28:00-04:00,313.8253571428571,target,0.8945986735641636,-0.0331698244420095,0.8983009479475167,0,6,35.72744485714293,heat_score=73.7,82.0,83,False,11:05,12:28
TSM,heat_fade_long,1,2026-08-05,2026-08-05 11:05:00-04:00,2026-08-05 11:05:00-04:00,414.431438,409.8375910714286,418.4924089285714,2026-08-05 15:28:00-04:00,418.4924089285714,target,0.8840022298771728,-0.2027577353975156,0.8856546731445716,0,4,16.243883714285857,heat_score=60.84,262.0,263,False,11:05,15:28
AEP,heat_fade_long,1,2026-08-05,2026-08-05 11:10:00-04:00,2026-08-05 11:10:00-04:00,125.0174995,124.29826964285714,125.70173035714286,2026-08-05 11:49:00-04:00,125.70173035714286,target,0.9513382270598996,-0.7195189338437189,1.067114347906605,1,15,10.263462857142756,heat_score=61.61,38.0,39,False,11:10,11:49
HUBS,heat_fade_long,1,2026-08-05,2026-08-05 11:10:00-04:00,2026-08-05 11:10:00-04:00,242.774274,238.5951785714286,247.51482142857145,2026-08-05 13:15:00-04:00,247.51482142857145,target,1.1343477337611216,-0.8839889069637361,1.2025870396833782,1,8,37.924379428571456,heat_score=60.47,124.0,125,False,11:10,13:15
LLY,heat_fade_long,1,2026-08-05,2026-08-05 11:10:00-04:00,2026-08-05 11:10:00-04:00,1144.044392,1135.057325,1153.292675,2026-08-05 12:09:00-04:00,1153.292675,target,1.0290657675078951,-0.5601818702364199,1.1906674335464336,1,1,9.2482829999999,heat_score=74.96,58.0,59,False,11:10,12:09
APP,heat_fade_long,1,2026-08-05,2026-08-05 11:15:00-04:00,2026-08-05 11:15:00-04:00,428.082803,422.9796589285714,433.1903410714286,2026-08-05 11:57:00-04:00,422.9073609626786,stop,-1.014167337798198,-1.1273056216869717,0.2972867273126661,0,4,-20.7017681492855,heat_score=64.15,11.0,42,False,11:15,11:57
FISV,heat_fade_long,1,2026-08-05,2026-08-05 11:15:00-04:00,2026-08-05 11:15:00-04:00,54.42544099999999,53.97562678571429,54.86437321428571,2026-08-05 11:26:00-04:00,53.94022922303572,stop,-1.078693739669357,-1.0792033345830727,0.165755099843624,0,36,-17.467623970713987,heat_score=64.25,0.0,11,False,11:15,11:26
SYK,heat_fade_long,1,2026-08-05,2026-08-05 11:20:00-04:00,2026-08-05 11:20:00-04:00,331.6181575,328.45010178571425,334.6998982142857,2026-08-05 12:28:00-04:00,334.6998982142857,target,0.9727545826890632,-0.460268894080583,0.977521476669542,1,6,18.49044428571437,heat_score=64.42,67.0,68,False,11:20,12:28
ACN,heat_fade_long,1,2026-08-05,2026-08-05 11:25:00-04:00,2026-08-05 11:25:00-04:00,167.866784,165.73200714285716,169.98799285714287,2026-08-05 13:15:00-04:00,169.98799285714287,target,0.9936443005953683,-0.1624450812456891,1.0648494677061644,1,11,23.333297428571623,heat_score=67.09,109.0,110,False,11:25,13:15
KKR,heat_fade_long,1,2026-08-05,2026-08-05 11:25:00-04:00,2026-08-05 11:25:00-04:00,105.290527,104.32836607142858,106.14163392857142,2026-08-05 11:50:00-04:00,104.28793323482144,stop,-1.042022945857063,-1.0294816288899775,0.0,0,18,-18.046687773214074,heat_score=66.89,0.0,25,False,11:25,11:50
META,heat_fade_long,1,2026-08-05,2026-08-05 11:25:00-04:00,2026-08-05 11:25:00-04:00,587.948788,581.7883125,594.2116875,2026-08-05 12:01:00-04:00,581.70013366875,stop,-1.0143136404405688,-1.032191102780934,0.0326617645017724,0,3,-18.745962993750027,heat_score=65.87,0.0,36,False,11:25,12:01
SPXL,heat_fade_long,1,2026-08-05,2026-08-05 11:25:00-04:00,2026-08-05 11:25:00-04:00,295.53955,292.8300589285715,297.9899410714286,2026-08-05 15:55:00-04:00,294.75052100000005,time,-0.2912093006395939,-0.96311444887846,0.1477214685151222,0,6,-4.734173999999484,heat_score=61.33,7.0,270,False,11:25,15:55
DDOG,heat_fade_long,1,2026-08-05,2026-08-05 11:30:00-04:00,2026-08-05 11:30:00-04:00,284.9034865,281.7780660714285,288.2419339285714,2026-08-05 13:13:00-04:00,288.2419339285714,target,1.0681594700196484,-0.2602806625833182,1.1027359610544851,1,7,23.369132000000093,heat_score=62.24,102.0,103,False,11:30,13:13
GILD,heat_fade_long,1,2026-08-05,2026-08-05 11:30:00-04:00,2026-08-05 11:30:00-04:00,130.16301399999998,129.08453035714288,131.01546964285714,2026-08-05 12:14:00-04:00,131.01546964285714,target,0.7904205580706443,-0.5220422244962913,0.8409826203735934,1,15,12.786834642857484,heat_score=64.08,43.0,44,False,11:30,12:14
PANW,heat_fade_long,1,2026-08-05,2026-08-05 11:30:00-04:00,2026-08-05 11:30:00-04:00,363.58145351,359.8232339285714,367.6467660714286,2026-08-05 15:55:00-04:00,363.533642,time,-0.0127218511223339,-0.1972885016255894,0.8670452642262618,0,5,-0.2390575499998704,heat_score=67.24,163.0,265,False,11:30,15:55
SPGI,heat_fade_long,1,2026-08-05,2026-08-05 11:30:00-04:00,2026-08-05 11:30:00-04:00,411.021097,407.6691839285714,414.2808160714286,2026-08-05 15:55:00-04:00,409.15157975,time,-0.5577463407197579,-0.7208113541471588,0.4546367902526018,0,4,-7.478069000000005,heat_score=64.01,125.0,265,False,11:30,15:55
SSPC,heat_fade_long,1,2026-08-05,2026-08-05 11:30:00-04:00,2026-08-05 11:30:00-04:00,18.801879,18.081464285714286,19.518535714285715,2026-08-05 11:46:00-04:00,19.518535714285715,target,0.9947835601834928,-0.0164891135125944,1.107863268438838,1,106,75.96561171428584,heat_score=59.19,15.0,16,False,11:30,11:46
ZTS,heat_fade_long,1,2026-08-05,2026-08-05 11:35:00-04:00,2026-08-05 11:35:00-04:00,73.207319,72.59625,73.74375,2026-08-05 12:19:00-04:00,73.74375,target,0.8778566741235555,-0.3720021797865611,0.8880846516514522,1,27,14.4836370000002,heat_score=62.9,43.0,44,False,11:35,12:19
AMZN,heat_fade_long,1,2026-08-05,2026-08-05 11:45:00-04:00,2026-08-05 11:45:00-04:00,274.187415,271.6881517857143,276.6618482142857,2026-08-05 13:18:00-04:00,271.63098297053574,stop,-1.022874267444814,-1.0512758260041537,0.0,0,7,-17.89502420624973,heat_score=62.25,1.0,93,False,11:45,13:18
GOOG,heat_fade_long,1,2026-08-05,2026-08-05 11:45:00-04:00,2026-08-05 11:45:00-04:00,374.937489,371.49951071428575,378.3204892857143,2026-08-05 12:01:00-04:00,371.4323607632144,stop,-1.019531813609876,-1.5350559431772484,0.0792648985400429,0,5,-17.525641183927974,heat_score=60.21,0.0,16,False,11:45,12:01
GOOGL,heat_fade_long,1,2026-08-05,2026-08-05 11:45:00-04:00,2026-08-05 11:45:00-04:00,377.44774,373.9561946428572,380.8838053571429,2026-08-05 12:01:00-04:00,373.8887990233929,stop,-1.0193025186759754,-1.6175473672269869,0.0708167801670426,0,5,-17.79470488303531,heat_score=60.84,0.0,16,False,11:45,12:01
NOW,heat_fade_long,1,2026-08-05,2026-08-05 11:45:00-04:00,2026-08-05 11:45:00-04:00,116.461644,114.6460232142857,118.17397678571427,2026-08-05 15:55:00-04:00,116.858312,time,0.2184751370556346,-0.4139873292452428,0.5223315394171848,0,17,6.743355999999849,heat_score=69.99,151.0,250,False,11:45,15:55
CRM,heat_fade_long,1,2026-08-05,2026-08-05 11:50:00-04:00,2026-08-05 11:50:00-04:00,190.62906,188.3671767857143,192.8728232142857,2026-08-05 14:14:00-04:00,192.8728232142857,target,0.991988976316058,-0.0902168594342802,0.999582996027502,1,10,22.437632142857357,heat_score=59.93,143.0,144,False,11:50,14:14
CTSH,heat_fade_long,1,2026-08-05,2026-08-05 11:50:00-04:00,2026-08-05 11:50:00-04:00,55.365535,54.66193928571428,56.02806071428572,2026-08-05 13:34:00-04:00,56.02806071428572,target,0.941628410795966,-0.05192612640782,0.958597368212662,1,36,23.85092571428569,heat_score=57.98,103.0,104,False,11:50,13:34
SPOT,heat_fade_long,1,2026-08-05,2026-08-05 11:55:00-04:00,2026-08-05 11:55:00-04:00,488.268821,482.81664642857146,493.28335357142856,2026-08-05 15:55:00-04:00,484.3465595,time,-0.7193939681524705,-0.76094793841367,0.8604234766406115,0,4,-15.689045999999736,heat_score=59.96,173.0,240,False,11:55,15:55
RBLX,heat_fade_long,1,2026-08-05,2026-08-05 12:00:00-04:00,2026-08-05 12:00:00-04:00,35.933592,35.02312678571429,36.84687321428572,2026-08-05 15:55:00-04:00,36.0313955,time,0.1074214571467567,-0.4432810761656923,0.4463740004815534,0,55,5.379192500000265,heat_score=68.56,213.0,235,False,12:00,15:55
XLC,heat_fade_long,1,2026-08-05,2026-08-05 12:10:00-04:00,2026-08-05 12:10:00-04:00,110.101008,109.51763392857144,110.64236607142855,2026-08-05 15:34:00-04:00,110.64236607142855,target,0.927977601237696,-0.2759944397352621,0.9324925920479272,1,18,9.744445285714107,heat_score=59.24,203.0,204,False,12:10,15:34
SHOP,heat_fade_long,1,2026-08-05,2026-08-05 12:20:00-04:00,2026-08-05 12:20:00-04:00,143.094307,141.4679642857143,144.65203571428572,2026-08-05 12:54:00-04:00,144.65203571428572,target,0.957810860283465,-0.0579871629587043,1.3562289058913275,1,13,20.25047328571449,heat_score=70.43,33.0,34,False,12:20,12:54
SNDQ,heat_fade_long,1,2026-08-05,2026-08-05 12:30:00-04:00,2026-08-05 12:30:00-04:00,22.132212000000003,19.46285357142857,24.800346428571427,2026-08-05 15:55:00-04:00,23.83921484,time,0.6394805664646316,-0.0120673191187892,0.7783847900530818,0,90,153.6302555999998,heat_score=64.56,203.0,205,False,12:30,15:55
DINO,heat_fade_long,1,2026-08-05,2026-08-05 13:15:00-04:00,2026-08-05 13:15:00-04:00,84.87348550000002,83.92178928571428,85.7782107142857,2026-08-05 15:46:00-04:00,83.88339710678571,stop,-1.0403407918958565,-1.0071338790807025,0.0384728860432261,0,23,-22.77203304392907,heat_score=63.53,1.0,151,False,13:15,15:46
HPQ,exhaustion_short,-1,2026-08-05,2026-08-05 13:20:00-04:00,2026-08-05 13:20:00-04:00,28.7621225,29.09925535714285,28.450744642857146,2026-08-05 13:47:00-04:00,29.13216528267857,stop,-1.097617081332925,-1.195011080837146,0.0359576343366017,0,69,-25.532952004821617,layers=rsi5 > 90 (short-term overbought) + sma20_dist_pct > 1.0 (close > 1% above 5-min SMA20) + bear_div == 1 (price at 20-bar high while RSI(14) is >5 below its 20-bar max) + time window 13:00-15:00 ET (bar close),2.0,27,False,13:20,13:47
UCO,heat_fade_long,1,2026-08-05,2026-08-05 13:25:00-04:00,2026-08-05 13:25:00-04:00,34.95349399999999,34.3718,35.508199999999995,2026-08-05 14:20:00-04:00,35.508199999999995,target,0.9536044724546084,-0.1521315330740756,1.0770370675991416,1,57,31.618242000000173,heat_score=57.89,54.0,55,False,13:25,14:20
XOP,heat_fade_long,1,2026-08-05,2026-08-05 13:25:00-04:00,2026-08-05 13:25:00-04:00,166.596657,165.4675,167.7925,2026-08-05 15:52:00-04:00,165.42095325,stop,-1.0412225669238244,-1.0774914383030936,0.8575804781797493,0,12,-14.10844499999996,heat_score=61.09,57.0,147,False,13:25,15:52
BMNR,exhaustion_short,-1,2026-08-05,2026-08-05 13:40:00-04:00,2026-08-05 13:40:00-04:00,18.3631625,18.69481785714286,18.05518214285714,2026-08-05 15:55:00-04:00,18.5768565,time,-0.644325488485793,-0.7141072649641711,0.2793939491834742,0,108,-23.078952000000413,layers=rsi5 > 90 (short-term overbought) + sma20_dist_pct > 1.0 (close > 1% above 5-min SMA20) + bear_div == 1 (price at 20-bar high while RSI(14) is >5 below its 20-bar max) + time window 13:00-15:00 ET (bar close),8.0,135,False,13:40,15:55
HPE,exhaustion_short,-1,2026-08-05,2026-08-05 13:40:00-04:00,2026-08-05 13:40:00-04:00,54.404558,55.14104642857143,53.698953571428575,2026-08-05 15:44:00-04:00,53.698953571428575,target,0.958065872046481,-0.3059681473028647,0.9702229828458246,1,36,25.401759428571356,layers=rsi5 > 90 (short-term overbought) + sma20_dist_pct > 1.0 (close > 1% above 5-min SMA20) + bear_div == 1 (price at 20-bar high while RSI(14) is >5 below its 20-bar max) + time window 13:00-15:00 ET (bar close),123.0,124,False,13:40,15:44
SSPC,exhaustion_short,-1,2026-08-05,2026-08-05 14:20:00-04:00,2026-08-05 14:20:00-04:00,20.6629325,21.398435714285714,19.96136428571429,2026-08-05 15:55:00-04:00,21.042103,time,-0.5155252793398506,-0.7438002844505401,0.0311793334883934,0,96,-36.40036800000007,layers=rsi5 > 90 (short-term overbought) + sma20_dist_pct > 1.0 (close > 1% above 5-min SMA20) + bear_div == 1 (price at 20-bar high while RSI(14) is >5 below its 20-bar max) + time window 13:00-15:00 ET (bar close),63.0,95,False,14:20,15:55
DIA,intraday_momentum,1,2026-08-05,2026-08-05 15:30:00-04:00,2026-08-05 15:30:00-04:00,544.2044139999999,542.4139303571429,,2026-08-05 15:55:00-04:00,543.885605,time,-0.1780574769681581,-0.2928895787973767,0.0,0,3,-0.9564269999996212,first_30m_ret=1.179,20.0,25,False,15:30,15:55
IWM,intraday_momentum,1,2026-08-05,2026-08-05 15:30:00-04:00,2026-08-05 15:30:00-04:00,300.5550515,299.4099125,,2026-08-05 15:55:00-04:00,300.17997800000006,time,-0.3275353472372675,-0.4847022937826797,0.0305190024966273,0,6,-2.2504409999995687,first_30m_ret=0.4475,0.0,25,False,15:30,15:55
QQQ,intraday_momentum,1,2026-08-05,2026-08-05 15:30:00-04:00,2026-08-05 15:30:00-04:00,720.972089,716.912125,,2026-08-05 15:55:00-04:00,719.698022,time,-0.3138123884842166,-0.4217005372461372,0.0142639195815503,0,2,-2.548133999999891,first_30m_ret=0.5956,0.0,25,False,15:30,15:55
SPY,intraday_momentum,1,2026-08-05,2026-08-05 15:30:00-04:00,2026-08-05 15:30:00-04:00,771.867178,769.3899928571428,,2026-08-05 15:55:00-04:00,771.422849,time,-0.1793685067428769,-0.269329081810337,0.0092128761815908,0,2,-0.8886579999998503,first_30m_ret=0.7071,0.0,25,False,15:30,15:55
OKE,heat_fade_short,-1,2026-08-06,2026-08-06 09:50:00-04:00,2026-08-06 09:50:00-04:00,88.47115099999999,89.20392857142856,87.95607142857143,2026-08-06 10:02:00-04:00,87.95607142857143,target,0.702913942118064,-0.2986567937298538,0.7657862656822526,1,22,11.331750571428271,heat_score=-12.68,11.0,12,False,09:50,10:02
SNDQ,heat_fade_short,-1,2026-08-06,2026-08-06 09:50:00-04:00,2026-08-06 09:50:00-04:00,27.817217,30.46803214285714,25.331967857142857,2026-08-06 15:55:00-04:00,27.242723,time,0.2167235242895073,-0.2085332134492772,0.8816974681534595,0,71,40.7890739999996,heat_score=-19.41,83.0,365,False,09:50,15:55
TJX,heat_fade_short,-1,2026-08-06,2026-08-06 09:50:00-04:00,2026-08-06 09:50:00-04:00,160.88390900000002,161.8061375,160.0538625,2026-08-06 09:59:00-04:00,160.0538625,target,0.9000442948792182,-0.0282912531980739,0.9476057181056938,1,12,9.960558000000104,heat_score=-15.51,8.0,9,False,09:50,09:59
CHYM,orb20_a,1,2026-08-06,2026-08-06 09:50:00-04:00,2026-08-06 09:53:00-04:00,30.912989990000003,29.334950000000003,33.247325000000004,2026-08-06 11:48:00-04:00,33.247325000000004,target,1.479262265083662,-0.1793300498043805,1.480894036151766,1,64,149.39744064,rv20=26.47;or_width=3.13,114.0,115,True,09:53,11:48
LNG,heat_fade_short,-1,2026-08-06,2026-08-06 09:55:00-04:00,2026-08-06 09:55:00-04:00,266.4683495,268.0943732142857,264.2656267857143,2026-08-06 10:03:00-04:00,264.2656267857143,target,1.3546682590993384,-0.0225399541704143,1.4442283217447067,1,7,15.41905899999989,heat_score=-38,7.0,8,False,09:55,10:03
USO,heat_fade_short,-1,2026-08-06,2026-08-06 09:55:00-04:00,2026-08-06 09:55:00-04:00,116.388359,117.91576785714284,114.83423214285716,2026-08-06 11:54:00-04:00,117.95755943392857,stop,-1.0273610936523483,-1.1991818637389835,0.1298663413351175,0,17,-26.67640737678572,heat_score=-12.99,8.0,119,False,09:55,11:54
VEA,orb20_a,1,2026-08-06,2026-08-06 09:50:00-04:00,2026-08-06 09:57:00-04:00,72.33713199,72.16995,72.544825,2026-08-06 12:01:00-04:00,72.132733005,stop,-1.222613661914143,-1.059515980160323,1.1536410710268157,1,27,-5.51877259499993,rv20=7.664;or_width=0.2999,39.0,124,False,09:57,12:01
INSM,orb20_a,1,2026-08-06,2026-08-06 09:50:00-04:00,2026-08-06 09:58:00-04:00,135.93359099999998,131.035,143.2225,2026-08-06 10:21:00-04:00,130.9918965,stop,-1.0087991628613209,-1.0028579646678015,0.3605953222059193,0,14,-69.18372299999976,rv20=18.88;or_width=9.75,12.0,23,False,09:58,10:21
AVGO,heat_fade_short,-1,2026-08-06,2026-08-06 10:00:00-04:00,2026-08-06 10:00:00-04:00,419.458049,423.2653267857143,414.9746732142857,2026-08-06 10:10:00-04:00,423.3376533183928,stop,-1.0189969150530338,-1.0879035450319594,0.3488185193586717,0,4,-15.518417273571233,heat_score=-12.06,1.0,10,False,10:00,10:10
HONA,orb20_a,1,2026-08-06,2026-08-06 09:50:00-04:00,2026-08-06 10:09:00-04:00,165.53655099999995,157.77499999999998,177.11249999999998,2026-08-06 14:50:00-04:00,157.7292225,stop,-1.0058979835344748,-1.0547570968740634,0.2284915733981556,0,12,-93.6879419999998,rv20=21.11;or_width=15.47,197.0,281,False,10:09,14:50
ALB,heat_fade_short,-1,2026-08-06,2026-08-06 10:10:00-04:00,2026-08-06 10:10:00-04:00,126.217376,127.36898392857142,125.11101607142857,2026-08-06 10:13:00-04:00,127.41172082696428,stop,-1.0371106323016333,-1.0008823067325012,0.1310133390512023,0,15,-17.915172404464457,heat_score=-13.02,0.0,3,False,10:10,10:13
TDG,heat_fade_short,-1,2026-08-06,2026-08-06 10:10:00-04:00,2026-08-06 10:10:00-04:00,1262.303756,1272.6763482142858,1252.3036517857142,2026-08-06 11:15:00-04:00,1252.3036517857142,target,0.9640892081453888,-0.1354573640777064,1.006860752282959,1,1,10.000104214285784,heat_score=-12.93,64.0,65,False,10:10,11:15
VST,heat_fade_short,-1,2026-08-06,2026-08-06 10:10:00-04:00,2026-08-06 10:10:00-04:00,142.045793,143.9947232142857,139.96527678571428,2026-08-06 15:55:00-04:00,141.22411999999997,time,0.421602063520363,-0.5012529401202956,0.6879635762080922,0,14,11.503422000000455,heat_score=-11.4,329.0,345,False,10:10,15:55
CEG,heat_fade_short,-1,2026-08-06,2026-08-06 10:15:00-04:00,2026-08-06 10:15:00-04:00,270.87290900000005,273.3012178571429,268.2687821428572,2026-08-06 10:18:00-04:00,268.2687821428572,target,1.072403475152217,-0.0399829699234451,1.183090442366681,1,7,18.22888800000021,heat_score=-25.11,2.0,3,False,10:15,10:18
IONQ,heat_fade_short,-1,2026-08-06,2026-08-06 10:15:00-04:00,2026-08-06 10:15:00-04:00,41.155883,41.899055357142856,40.520944642857145,2026-08-06 11:45:00-04:00,40.520944642857145,target,0.8543621826623039,-0.9743594376732302,0.8825449354999735,1,48,30.47704114285716,heat_score=-26.39,89.0,90,False,10:15,11:45
CNC,heat_fade_long,1,2026-08-06,2026-08-06 11:05:00-04:00,2026-08-06 11:05:00-04:00,64.086407,63.35289285714285,64.78710714285714,2026-08-06 12:08:00-04:00,63.31655756785713,stop,-1.0495359082569085,-1.0175768351140784,0.0866963515554143,0,31,-23.86533239642874,heat_score=67.3,6.0,63,False,11:05,12:08
EMR,heat_fade_long,1,2026-08-06,2026-08-06 11:05:00-04:00,2026-08-06 11:05:00-04:00,159.29092649999998,157.98695892857145,160.54304107142855,2026-08-06 11:24:00-04:00,157.8892065,stop,-1.074965383122475,-1.0551845997923086,0.1526675236117499,0,12,-16.8206399999998,heat_score=63.79,2.0,19,False,11:05,11:24
NVDA,heat_fade_long,1,2026-08-06,2026-08-06 11:05:00-04:00,2026-08-06 11:05:00-04:00,217.861783,215.82867857142855,219.83132142857144,2026-08-06 14:05:00-04:00,219.83132142857144,target,0.9687345130399202,-0.2910735876050471,0.9877589029753354,1,9,17.725845857142957,heat_score=63.86,179.0,180,False,11:05,14:05
NVDL,heat_fade_long,1,2026-08-06,2026-08-06 11:05:00-04:00,2026-08-06 11:05:00-04:00,34.533452000000004,33.924082142857145,35.11591785714286,2026-08-06 13:10:00-04:00,35.11591785714286,target,0.9558494735428068,-0.3174623715505644,0.962548431177955,1,57,33.20055385714286,heat_score=68.55,124.0,125,False,11:05,13:10
GE,heat_fade_long,1,2026-08-06,2026-08-06 11:10:00-04:00,2026-08-06 11:10:00-04:00,376.84768,374.216075,379.383925,2026-08-06 15:33:00-04:00,374.1486533925,stop,-1.0256199572124105,-1.0004084959558954,0.5271763809538169,0,5,-13.495133037500011,heat_score=59.16,82.0,263,False,11:10,15:33
SOXS,heat_fade_long,1,2026-08-06,2026-08-06 11:10:00-04:00,2026-08-06 11:10:00-04:00,42.4492435,40.08695535714286,44.77284464285714,2026-08-06 12:25:00-04:00,44.77284464285714,target,0.9836230816647096,-0.1181665754213985,0.9993516274203172,0,47,109.20925371428572,heat_score=61.01,74.0,75,False,11:10,12:25
MRNA,heat_fade_long,1,2026-08-06,2026-08-06 11:15:00-04:00,2026-08-06 11:15:00-04:00,55.31553,54.52670535714286,56.093294642857146,2026-08-06 12:02:00-04:00,54.49125268660715,stop,-1.0449436650550132,-1.079492137714842,0.1260990017245425,0,36,-29.67398328214253,heat_score=59.7,1.0,47,False,11:15,12:02
RTX,heat_fade_long,1,2026-08-06,2026-08-06 11:15:00-04:00,2026-08-06 11:15:00-04:00,220.63206,219.0211625,222.0888375,2026-08-06 11:50:00-04:00,222.0888375,target,0.9043266253749984,-0.0323173882881954,0.9099523712713072,1,9,13.110997500000138,heat_score=63.99,34.0,35,False,11:15,11:50
U,orb20_a,1,2026-08-06,2026-08-06 09:50:00-04:00,2026-08-06 11:17:00-04:00,40.734072,37.765,45.1525,2026-08-06 15:50:00-04:00,40.765922,time,0.0107272575404051,-0.1495659249758843,0.3118577117698728,0,49,1.5606500000002796,rv20=8.387;or_width=5.91,244.0,273,False,11:17,15:50
C,heat_fade_long,1,2026-08-06,2026-08-06 11:25:00-04:00,2026-08-06 11:25:00-04:00,134.763474,133.84421607142858,135.59578392857142,2026-08-06 12:32:00-04:00,135.59578392857142,target,0.9054150121553716,-0.1995892494341797,1.0187847946608368,1,14,11.65233899999987,heat_score=59.5,66.0,67,False,11:25,12:32
JPM,heat_fade_long,1,2026-08-06,2026-08-06 11:25:00-04:00,2026-08-06 11:25:00-04:00,355.985594,354.2473232142857,357.7726767857143,2026-08-06 15:55:00-04:00,355.824413,time,-0.0927249087568174,-0.5986374554252184,0.871214089568736,0,5,-0.8059049999999957,heat_score=58.79,74.0,270,False,11:25,15:55
CEG,heat_fade_long,1,2026-08-06,2026-08-06 11:30:00-04:00,2026-08-06 11:30:00-04:00,263.9213885,261.3687821428571,266.40121785714285,2026-08-06 11:49:00-04:00,266.40121785714285,target,0.9714891409729804,-0.4588989981640261,1.0885389720294087,1,7,17.35880550000013,heat_score=58.23,18.0,19,False,11:30,11:49
AAPL,heat_fade_long,1,2026-08-06,2026-08-06 12:00:00-04:00,2026-08-06 12:00:00-04:00,309.590955,307.10940535714286,311.9705946428572,2026-08-06 13:57:00-04:00,311.9705946428572,target,0.9589329190760656,-0.1373960021236761,0.9627230335192366,1,6,14.277837857143028,heat_score=60.04,116.0,117,False,12:00,13:57
EBAY,heat_fade_long,1,2026-08-06,2026-08-06 12:15:00-04:00,2026-08-06 12:15:00-04:00,108.5658545,107.64462857142856,109.44537142857143,2026-08-06 12:22:00-04:00,107.60386410857144,stop,-1.0442502339467965,-1.0358528460871612,0.0370652832719811,0,18,-17.315827045714286,heat_score=64.86,1.0,7,False,12:15,12:22
KKR,heat_fade_long,1,2026-08-06,2026-08-06 12:15:00-04:00,2026-08-06 12:15:00-04:00,103.10780875,102.13408035714284,104.03591964285714,2026-08-06 15:55:00-04:00,103.4646515,time,0.3664705195182156,-0.788524557394351,0.4120155609541224,0,19,6.78001224999997,heat_score=63.86,219.0,220,False,12:15,15:55
AEP,heat_fade_long,1,2026-08-06,2026-08-06 12:55:00-04:00,2026-08-06 12:55:00-04:00,124.42244,123.66148392857144,125.13851607142858,2026-08-06 14:45:00-04:00,125.13851607142858,target,0.941021562630086,-0.1543321676631425,0.9626836916153664,1,16,11.45721714285719,heat_score=58.66,109.0,110,False,12:55,14:45
AMD,exhaustion_short,-1,2026-08-06,2026-08-06 13:00:00-04:00,2026-08-06 13:00:00-04:00,495.770417,506.3013607142857,485.2376392857143,2026-08-06 14:17:00-04:00,485.2376392857143,target,1.0001741534329485,-0.0901707411760132,1.402572969786487,1,4,42.13111085714286,layers=rsi5 > 90 (short-term overbought) + sma20_dist_pct > 1.0 (close > 1% above 5-min SMA20) + bear_div == 1 (price at 20-bar high while RSI(14) is >5 below its 20-bar max) + time window 13:00-15:00 ET (bar close),76.0,77,False,13:00,14:17
NEE,heat_fade_long,1,2026-08-06,2026-08-06 13:00:00-04:00,2026-08-06 13:00:00-04:00,84.088407,83.60345178571428,84.55654821428571,2026-08-06 15:44:00-04:00,84.55654821428571,target,0.9653287571620902,-0.3060220730250145,1.2198920283213133,1,23,10.767247928571294,heat_score=57.59,163.0,164,False,13:00,15:44
ETSY,exhaustion_short,-1,2026-08-06,2026-08-06 13:10:00-04:00,2026-08-06 13:10:00-04:00,80.45195299999999,81.13530714285714,79.65469285714285,2026-08-06 13:14:00-04:00,81.17342067357143,stop,-1.05577420011669,-1.1239369923020408,0.1052938666606345,0,24,-17.31522416571454,layers=rsi5 > 90 (short-term overbought) + sma20_dist_pct > 1.0 (close > 1% above 5-min SMA20) + bear_div == 1 (price at 20-bar high while RSI(14) is >5 below its 20-bar max) + time window 13:00-15:00 ET (bar close),1.0,4,False,13:10,13:14
GILD,heat_fade_long,1,2026-08-06,2026-08-06 13:30:00-04:00,2026-08-06 13:30:00-04:00,129.1179095,128.04970892857142,130.09029107142857,2026-08-06 14:08:00-04:00,130.09029107142857,target,0.9102986812000478,-0.0916583482716592,0.9193877313570264,1,15,14.58572357142856,heat_score=61.28,37.0,38,False,13:30,14:08
EQX,exhaustion_short,-1,2026-08-06,2026-08-06 13:55:00-04:00,2026-08-06 13:55:00-04:00,10.7139275,10.8417875,10.6082125,2026-08-06 15:40:00-04:00,10.6082125,target,0.8268027530111168,-0.1648091662756078,0.8519278898795676,0,186,19.66299,layers=rsi5 > 90 (short-term overbought) + sma20_dist_pct > 1.0 (close > 1% above 5-min SMA20) + bear_div == 1 (price at 20-bar high while RSI(14) is >5 below its 20-bar max) + time window 13:00-15:00 ET (bar close),104.0,105,False,13:55,15:40
AAOI,heat_fade_short,-1,2026-08-07,2026-08-07 09:50:00-04:00,2026-08-07 09:50:00-04:00,141.615836,145.19510357142855,138.08489642857143,2026-08-07 09:59:00-04:00,145.23962308178568,stop,-1.012438162129177,-1.006955732723138,0.5436128931884897,0,14,-50.7330191449995,heat_score=-52.37,0.0,9,False,09:50,09:59
ASML,heat_fade_short,-1,2026-08-07,2026-08-07 09:50:00-04:00,2026-08-07 09:50:00-04:00,1749.635018,1770.2530357142855,1730.486964285714,2026-08-07 10:02:00-04:00,1730.486964285714,target,0.9287048822845184,-0.177756273701357,0.9566883816543058,1,1,19.14805371428588,heat_score=-38.42,11.0,12,False,09:50,10:02
DT,heat_fade_short,-1,2026-08-07,2026-08-07 09:50:00-04:00,2026-08-07 09:50:00-04:00,50.11878662,50.63131428571429,49.568685714285714,2026-08-07 11:17:00-04:00,49.568685714285714,target,1.0733096816298415,-0.96816896568588,1.090256502000224,1,39,21.453935322857237,heat_score=-18.21,86.0,87,False,09:50,11:17
FTNT,heat_fade_short,-1,2026-08-07,2026-08-07 09:50:00-04:00,2026-08-07 09:50:00-04:00,163.15368200000003,164.98425,161.39575,2026-08-07 10:28:00-04:00,161.39575,target,0.9603205125404066,-0.3858463602553922,0.9833461526695868,1,12,21.095184000000472,heat_score=-38.02,37.0,38,False,09:50,10:28
GLD,heat_fade_short,-1,2026-08-07,2026-08-07 09:50:00-04:00,2026-08-07 09:50:00-04:00,399.280067,401.0449017857143,397.6150982142857,2026-08-07 10:05:00-04:00,397.6150982142857,target,0.9434134000483222,-0.2946071803483857,1.008630957644859,1,5,8.324843928571397,heat_score=-49.6,14.0,15,False,09:50,10:05
GLDM,heat_fade_short,-1,2026-08-07,2026-08-07 09:50:00-04:00,2026-08-07 09:50:00-04:00,86.09138899999999,86.48776785714286,85.75223214285715,2026-08-07 10:05:00-04:00,85.75223214285715,target,0.8556381124551247,-0.2992364447865879,0.9369546162905876,1,23,7.800607714285306,heat_score=-15.28,14.0,15,False,09:50,10:05
HUBS,heat_fade_short,-1,2026-08-07,2026-08-07 09:50:00-04:00,2026-08-07 09:50:00-04:00,204.059591,209.8066071428572,198.81339285714284,2026-08-07 10:10:00-04:00,209.85758780357145,stop,-1.008870805205176,-1.1528432903802748,0.3009546096629071,0,9,-52.18197123214293,heat_score=-13.17,1.0,20,False,09:50,10:10
IAU,heat_fade_short,-1,2026-08-07,2026-08-07 09:50:00-04:00,2026-08-07 09:50:00-04:00,81.8368145,82.20359107142858,81.50640892857143,2026-08-07 10:05:00-04:00,81.50640892857143,target,0.9008360870533806,-0.2540661188828174,0.9864711330681832,1,24,7.929733714285703,heat_score=-13.1,14.0,15,False,09:50,10:05
MRVL,heat_fade_short,-1,2026-08-07,2026-08-07 09:50:00-04:00,2026-08-07 09:50:00-04:00,218.5031465,222.87575535714288,214.28424464285715,2026-08-07 09:56:00-04:00,214.28424464285715,target,0.9648477590789056,-0.1273504029728937,1.0870275973199668,1,9,37.97011671428581,heat_score=-23.96,5.0,6,False,09:50,09:56
NET,heat_fade_short,-1,2026-08-07,2026-08-07 09:50:00-04:00,2026-08-07 09:50:00-04:00,318.15818,321.1502553571429,314.04974464285715,2026-08-07 09:52:00-04:00,321.21237038267856,stop,-1.0207598466353385,-1.2906827332342328,0.1765263026344286,0,6,-18.32514229607125,heat_score=-54.15,0.0,2,False,09:50,09:52
SLV,heat_fade_short,-1,2026-08-07,2026-08-07 09:50:00-04:00,2026-08-07 09:50:00-04:00,57.9792005,58.435716071428565,57.55428392857143,2026-08-07 10:03:00-04:00,57.55428392857143,target,0.9307822077106426,-0.2427069456870497,0.983976293720539,1,34,14.447163428571317,heat_score=-23.55,12.0,13,False,09:50,10:03
SMH,heat_fade_short,-1,2026-08-07,2026-08-07 09:50:00-04:00,2026-08-07 09:50:00-04:00,583.3316599999999,589.7235464285714,577.0964535714286,2026-08-07 10:01:00-04:00,577.0964535714286,target,0.9754876746089074,-0.1358503486730719,1.023431826128682,1,3,18.70561928571408,heat_score=-29.53,10.0,11,False,09:50,10:01
SOXL,heat_fade_short,-1,2026-08-07,2026-08-07 09:50:00-04:00,2026-08-07 09:50:00-04:00,141.18937865,146.3783,135.98170000000002,2026-08-07 09:59:00-04:00,135.98170000000002,target,1.003614874602022,-0.1234594449962139,1.0945008156656737,1,14,72.90750109999988,heat_score=-21.6,8.0,9,False,09:50,09:59
SOXX,heat_fade_short,-1,2026-08-07,2026-08-07 09:50:00-04:00,2026-08-07 09:50:00-04:00,544.1858749700001,551.3746428571429,537.0253571428572,2026-08-07 09:59:00-04:00,537.0253571428572,target,0.9960702500841044,-0.1480260660388126,1.0232455805335017,1,3,21.48155348142882,heat_score=-19.64,8.0,9,False,09:50,09:59
TEAM,heat_fade_short,-1,2026-08-07,2026-08-07 09:50:00-04:00,2026-08-07 09:50:00-04:00,144.69052850000003,146.63176607142856,142.99823392857144,2026-08-07 09:55:00-04:00,142.99823392857144,target,0.8717606728491524,-0.159419694196541,1.1181158514270642,1,13,21.999829428571672,heat_score=-39.19,4.0,5,False,09:50,09:55
ABNB,orb20_a,1,2026-08-07,2026-08-07 09:50:00-04:00,2026-08-07 09:51:00-04:00,174.85748299999997,169.14499999999998,183.3575,2026-08-07 15:50:00-04:00,177.19227800000002,time,0.4087180653316685,-0.3702388260936566,0.4284506404658074,0,11,25.682745000000462,rv20=13.53;or_width=11.37,357.0,359,False,09:51,15:50
HALO,orb20_a,1,2026-08-07,2026-08-07 09:50:00-04:00,2026-08-07 09:51:00-04:00,97.779776,93.885,103.5725,2026-08-07 15:50:00-04:00,102.249773,time,1.147690393491171,-0.0638999521410241,1.250450346823536,1,20,89.39993999999956,rv20=16.91;or_width=7.75,350.0,359,False,09:51,15:50
PBR,orb20_a,-1,2026-08-07,2026-08-07 09:50:00-04:00,2026-08-07 09:52:00-04:00,18.358163,18.565,18.0775,2026-08-07 12:33:00-04:00,18.0775,target,1.356928402558538,-0.6615692550172518,1.4415360888042208,1,108,30.31160400000006,rv20=5.284;or_width=0.39,160.0,161,False,09:52,12:33
LLY,heat_fade_short,-1,2026-08-07,2026-08-07 09:55:00-04:00,2026-08-07 09:55:00-04:00,1182.201767,1193.4527660714286,1172.4272339285717,2026-08-07 10:16:00-04:00,1193.6021113480358,stop,-1.013273956886764,-1.0353065470941176,0.061484939746972,0,1,-11.400344348035787,heat_score=-15.88,2.0,21,False,09:55,10:16
STM,heat_fade_short,-1,2026-08-07,2026-08-07 09:55:00-04:00,2026-08-07 09:55:00-04:00,55.78442,56.674732142857145,54.88526785714286,2026-08-07 15:55:00-04:00,55.885587,time,-0.1136309336131665,-0.3769239841243461,0.90352580996873,0,35,-3.540844999999884,heat_score=-20.66,20.0,360,False,09:55,15:55
TEAM,orb20_a,-1,2026-08-07,2026-08-07 09:50:00-04:00,2026-08-07 09:55:00-04:00,142.58573900000002,146.985,136.0475,2026-08-07 10:04:00-04:00,147.02969850000002,stop,-1.0101604564948543,-1.1102457890086508,0.2445272058193474,0,14,-62.21543300000008,rv20=10.28;or_width=8.75,1.0,9,True,09:55,10:04
JHX,orb20_a,1,2026-08-07,2026-08-07 09:50:00-04:00,2026-08-07 09:56:00-04:00,30.563055,30.075000000000003,31.2625,2026-08-07 11:27:00-04:00,30.041992500000003,stop,-1.067630697359929,-1.0614684820358389,0.3523066047883899,0,65,-33.86906249999996,rv20=5.248;or_width=0.95,41.0,91,False,09:56,11:27
TTD,orb20_a,1,2026-08-07,2026-08-07 09:50:00-04:00,2026-08-07 10:00:00-04:00,13.7663755,13.2975,14.441249999999998,2026-08-07 10:54:00-04:00,14.441249999999998,target,1.4393469055218295,-0.4614775137536475,1.4793361990549796,1,145,97.85680249999994,rv20=17.04;or_width=0.915,53.0,54,True,10:00,10:54
TWLO,orb20_a,1,2026-08-07,2026-08-07 09:50:00-04:00,2026-08-07 10:04:00-04:00,240.044001,233.52,249.745,2026-08-07 11:13:00-04:00,249.745,target,1.486970802119742,-0.1423974337220321,1.5245244444321868,1,8,77.60799199999997,rv20=5.359;or_width=12.98,68.0,69,False,10:04,11:13
AFRM,heat_fade_short,-1,2026-08-07,2026-08-07 10:05:00-04:00,2026-08-07 10:05:00-04:00,77.8672115,78.69515,77.09485,2026-08-07 11:25:00-04:00,77.09485,target,0.93287303344391,-0.7884504706569369,1.1561384088310875,1,25,19.30903750000006,heat_score=-12.2,79.0,80,False,10:05,11:25
AU,heat_fade_short,-1,2026-08-07,2026-08-07 10:05:00-04:00,2026-08-07 10:05:00-04:00,95.900408,96.9492982142857,94.97070178571428,2026-08-07 10:27:00-04:00,96.98899314410713,stop,-1.0378446945931843,-1.0102029607756204,0.6200915893213158,0,20,-21.771702882142563,heat_score=-34.38,7.0,22,False,10:05,10:27
AKAM,orb20_a,-1,2026-08-07,2026-08-07 09:50:00-04:00,2026-08-07 10:06:00-04:00,116.618336,121.09,109.965,2026-08-07 15:50:00-04:00,110.591057,time,1.3478828015700646,-0.1186278754396561,1.4755885057553513,1,17,102.46374300000012,rv20=4.967;or_width=8.9,293.0,344,True,10:06,15:50
CYTK,orb20_a,-1,2026-08-07,2026-08-07 09:50:00-04:00,2026-08-07 10:11:00-04:00,77.20227799999999,79.35499999999999,74.0175,2026-08-07 15:50:00-04:00,78.157814,time,-0.4438733844871797,-0.4866963778880918,0.6188806543529494,0,25,-23.88840000000023,rv20=8.102;or_width=4.27,27.0,339,False,10:11,15:50
CRWD,heat_fade_short,-1,2026-08-07,2026-08-07 10:15:00-04:00,2026-08-07 10:15:00-04:00,214.06859,216.3555267857143,211.8344732142857,2026-08-07 10:32:00-04:00,211.8344732142857,target,0.9769036029636038,-0.2279512067217794,0.978859588067188,1,9,20.10705107142863,heat_score=-45.25,16.0,17,False,10:15,10:32
CBRS,heat_fade_short,-1,2026-08-07,2026-08-07 10:20:00-04:00,2026-08-07 10:20:00-04:00,211.958801,218.35988035714288,205.6201196428572,2026-08-07 11:21:00-04:00,218.41171634517855,stop,-1.0080980074052477,-1.0187655293982716,0.1341650293776954,0,9,-58.07623810660698,heat_score=-17.5,14.0,61,False,10:20,11:21
RBLX,heat_fade_short,-1,2026-08-07,2026-08-07 10:20:00-04:00,2026-08-07 10:20:00-04:00,36.7613225,37.628748214285714,35.92125178571428,2026-08-07 15:41:00-04:00,37.66251108910714,stop,-1.0389230734867356,-1.0533207454569973,0.209035191156756,0,54,-48.66418381178572,heat_score=-16.21,16.0,321,False,10:20,15:41
SPSM,orb20_a,1,2026-08-07,2026-08-07 09:50:00-04:00,2026-08-07 10:21:00-04:00,57.91579,57.775,58.0875,2026-08-07 15:50:00-04:00,57.934205000000006,time,0.1307976418780609,-0.5738333688471896,1.024291497975799,1,34,0.626110000000395,rv20=6.793;or_width=0.25,296.0,329,True,10:21,15:50
IREN,heat_fade_short,-1,2026-08-07,2026-08-07 10:30:00-04:00,2026-08-07 10:30:00-04:00,39.036095,40.1502875,37.9775125,2026-08-07 15:08:00-04:00,40.18430252875,stop,-1.0305288617092632,-1.0625677340315984,0.6696284528930214,0,51,-58.558583966249614,heat_score=-19.24,24.0,278,False,10:30,15:08
MP,heat_fade_short,-1,2026-08-07,2026-08-07 10:30:00-04:00,2026-08-07 10:30:00-04:00,50.16488201000001,50.792437500000005,49.3875625,2026-08-07 10:44:00-04:00,50.82751674375,stop,-1.055898234194394,-1.0917249564655964,0.6878786288683584,0,39,-25.842754616249863,heat_score=-14.51,1.0,14,False,10:30,10:44
NET,heat_fade_long,1,2026-08-07,2026-08-07 11:05:00-04:00,2026-08-07 11:05:00-04:00,304.390435,300.93474464285714,308.0352553571429,2026-08-07 11:50:00-04:00,308.0352553571429,target,1.0547300193169933,-0.7467205488090922,1.1834292362297143,1,6,21.868922142857173,heat_score=64.16,44.0,45,False,11:05,11:50
FTNT,heat_fade_long,1,2026-08-07,2026-08-07 11:10:00-04:00,2026-08-07 11:10:00-04:00,160.456043,158.63575,162.22425,2026-08-07 14:19:00-04:00,158.589886425,stop,-1.0251957102510412,-1.0196396953677278,0.3372847118568284,0,12,-22.39387889999989,heat_score=64.99,21.0,189,False,11:10,14:19
TEAM,heat_fade_long,1,2026-08-07,2026-08-07 11:25:00-04:00,2026-08-07 11:25:00-04:00,143.2393215,141.50323392857143,145.13676607142855,2026-08-07 12:24:00-04:00,145.13676607142855,target,1.0929428921994042,-0.2357723808040178,1.1005657384136436,1,13,24.666779428571346,heat_score=67.39,58.0,59,False,11:25,12:24
ZTS,heat_fade_long,1,2026-08-07,2026-08-07 11:35:00-04:00,2026-08-07 11:35:00-04:00,74.9454928,74.30964464285714,75.61035535714285,2026-08-07 12:02:00-04:00,74.27221367839284,stop,-1.0588677721934203,-1.078076254998059,0.2585636179850735,0,26,-17.50525716178595,heat_score=57.96,4.0,27,False,11:35,12:02
HUBS,heat_fade_long,1,2026-08-07,2026-08-07 11:45:00-04:00,2026-08-07 11:45:00-04:00,205.650562,200.07339285714284,211.06660714285715,2026-08-07 14:04:00-04:00,211.06660714285715,target,0.9711100746861284,-0.2295899527522667,1.0631626633726987,1,9,48.74440628571455,heat_score=68.06,138.0,139,False,11:45,14:04
AFRM,heat_fade_long,1,2026-08-07,2026-08-07 12:25:00-04:00,2026-08-07 12:25:00-04:00,75.9925975,75.17484999999999,76.77515,2026-08-07 13:52:00-04:00,75.137332515,stop,-1.0458790580221824,-1.0793032078972935,0.0,0,26,-22.236889610000134,heat_score=60.45,0.0,87,False,12:25,13:52
DELL,exhaustion_short,-1,2026-08-07,2026-08-07 13:00:00-04:00,2026-08-07 13:00:00-04:00,447.885206,456.8292375,439.0609625,2026-08-07 15:55:00-04:00,455.505545,time,-0.8520027014663297,-0.8938579878659849,0.1548637211306853,0,4,-30.481355999999774,layers=rsi5 > 90 (short-term overbought) + sma20_dist_pct > 1.0 (close > 1% above 5-min SMA20) + bear_div == 1 (price at 20-bar high while RSI(14) is >5 below its 20-bar max) + time window 13:00-15:00 ET (bar close),74.0,175,False,13:00,15:55
SOUN,exhaustion_short,-1,2026-08-07,2026-08-07 13:00:00-04:00,2026-08-07 13:00:00-04:00,7.8942095,8.022419642857143,7.787580357142858,2026-08-07 14:24:00-04:00,8.053221884821427,stop,-1.240248090188979,-1.0591244731027476,0.7348053586132678,0,253,-40.230133359821,layers=rsi5 > 90 (short-term overbought) + sma20_dist_pct > 1.0 (close > 1% above 5-min SMA20) + bear_div == 1 (price at 20-bar high while RSI(14) is >5 below its 20-bar max) + time window 13:00-15:00 ET (bar close),32.0,84,False,13:00,14:24
MSTR,heat_fade_long,1,2026-08-07,2026-08-07 13:05:00-04:00,2026-08-07 13:05:00-04:00,99.279926,97.88037142857142,100.62962857142855,2026-08-07 13:15:00-04:00,97.84058339142857,stop,-1.0284290716168665,-1.143167999777878,0.1214486404960237,0,20,-28.78685217142873,heat_score=63.33,0.0,10,False,13:05,13:15
MSTU,heat_fade_long,1,2026-08-07,2026-08-07 13:05:00-04:00,2026-08-07 13:05:00-04:00,19.71197,19.15625,20.24375,2026-08-07 13:15:00-04:00,19.124334375,stop,-1.057431125386885,-1.1012200388684923,0.1584071114949969,0,101,-59.35119812500008,heat_score=62.2,0.0,10,False,13:05,13:15
VRT,heat_fade_long,1,2026-08-07,2026-08-07 13:10:00-04:00,2026-08-07 13:10:00-04:00,275.36503274999995,270.2888178571428,280.3611821428572,2026-08-07 15:55:00-04:00,271.922804,time,-0.6781093438033152,-0.8037549308129253,0.1053673379258769,0,7,-24.09560124999979,heat_score=62.9,10.0,165,False,13:10,15:55
BE,heat_fade_long,1,2026-08-07,2026-08-07 13:15:00-04:00,2026-08-07 13:15:00-04:00,214.23142,207.29956785714285,220.98043214285715,2026-08-07 15:54:00-04:00,220.98043214285715,target,0.9736232111949468,-0.2916132598244945,0.9937574919422208,1,9,60.74110928571426,heat_score=76.23,158.0,159,False,13:15,15:54
TEAM,exhaustion_short,-1,2026-08-07,2026-08-07 13:25:00-04:00,2026-08-07 13:25:00-04:00,147.005297,149.01676607142855,145.38323392857143,2026-08-07 13:40:00-04:00,149.0616677480357,stop,-1.0223228272534417,-1.036408180275645,0.0175478711064378,0,13,-26.73281972446378,layers=rsi5 > 90 (short-term overbought) + sma20_dist_pct > 1.0 (close > 1% above 5-min SMA20) + bear_div == 1 (price at 20-bar high while RSI(14) is >5 below its 20-bar max) + time window 13:00-15:00 ET (bar close),0.0,15,False,13:25,13:40
HUT,heat_fade_long,1,2026-08-07,2026-08-07 13:30:00-04:00,2026-08-07 13:30:00-04:00,85.078506,82.12848214285714,88.19151785714286,2026-08-07 15:53:00-04:00,88.19151785714286,target,1.0552497226777822,-0.006273169606813,1.0954128361286333,1,23,71.59927271428558,heat_score=60.49,142.0,143,False,13:30,15:53
IWM,intraday_momentum,1,2026-08-07,2026-08-07 15:30:00-04:00,2026-08-07 15:30:00-04:00,301.990195,300.8666089285714,,2026-08-07 15:55:00-04:00,301.449851,time,-0.4809101979280775,-0.4496273252636809,0.0,0,6,-3.2420639999996865,first_30m_ret=0.7695,0.0,25,False,15:30,15:55
QQQ,intraday_momentum,1,2026-08-07,2026-08-07 15:30:00-04:00,2026-08-07 15:30:00-04:00,722.5072425,718.6560035714285,,2026-08-07 15:55:00-04:00,722.7777140000001,time,0.0702297377588117,-0.2614853346358234,0.1227546534422418,0,2,0.5409430000001976,first_30m_ret=0.6633,24.0,25,False,15:30,15:55
SPY,intraday_momentum,1,2026-08-07,2026-08-07 15:30:00-04:00,2026-08-07 15:30:00-04:00,773.167308,770.7565214285714,,2026-08-07 15:55:00-04:00,772.7727140000001,time,-0.1636785291060211,-0.2685048969791116,0.0,0,2,-0.7891879999999674,first_30m_ret=0.3266,8.0,25,False,15:30,15:55
ASML,heat_fade_short,-1,2026-08-10,2026-08-10 09:50:00-04:00,2026-08-10 09:50:00-04:00,1763.31365,1783.1592857142855,1743.8407142857145,2026-08-10 11:04:00-04:00,1743.8407142857145,target,0.9812200523396885,-0.3777329236474762,0.991333826904728,1,1,19.472935714285768,heat_score=-15.73,73.0,74,False,09:50,11:04
ORCL,heat_fade_short,-1,2026-08-10,2026-08-10 09:50:00-04:00,2026-08-10 09:50:00-04:00,148.16518100000002,150.0194625,146.44053749999998,2026-08-10 10:32:00-04:00,150.06446444625,stop,-1.0242692095294117,-1.0056827941172892,0.4045669441236578,0,13,-24.690684801249944,heat_score=-22.06,2.0,42,False,09:50,10:32
SPCX,heat_fade_short,-1,2026-08-10,2026-08-10 09:50:00-04:00,2026-08-10 09:50:00-04:00,133.7716205,136.4133267857143,131.2838732142857,2026-08-10 09:54:00-04:00,131.2838732142857,target,0.9417198646069932,-0.0258845960165108,1.006781304334475,1,14,34.828462000000286,heat_score=-35.84,3.0,4,False,09:50,09:54
UMC,heat_fade_short,-1,2026-08-10,2026-08-10 09:50:00-04:00,2026-08-10 09:50:00-04:00,19.2230765,19.581607142857145,18.868392857142855,2026-08-10 13:04:00-04:00,18.868392857142855,target,0.989270094267674,-0.1866604747273065,1.0126791314310684,1,104,36.88709885714252,heat_score=-19.67,193.0,194,False,09:50,13:04
VRTX,heat_fade_short,-1,2026-08-10,2026-08-10 09:50:00-04:00,2026-08-10 09:50:00-04:00,527.277266,530.6810714285714,524.0589285714286,2026-08-10 09:53:00-04:00,524.0589285714286,target,0.9455115740626376,-0.3856665804046759,0.9922030124435186,0,3,9.655012285714292,heat_score=-30.91,2.0,3,False,09:50,09:53
P,orb20_a,1,2026-08-10,2026-08-10 09:50:00-04:00,2026-08-10 09:51:00-04:00,99.909989,96.445,105.0575,2026-08-10 15:50:00-04:00,99.150083,time,-0.2193097871306406,-0.686607951713554,0.6608999335928575,0,20,-15.1981200000003,rv20=6.716;or_width=6.89,20.0,359,False,09:51,15:50
LTH,orb20_a,1,2026-08-10,2026-08-10 09:50:00-04:00,2026-08-10 09:53:00-04:00,43.274326,42.896,43.806,2026-08-10 10:06:00-04:00,42.825714,stop,-1.1857815746208404,-1.3330461030962704,0.2132393755649972,0,46,-20.636151999999868,rv20=5.855;or_width=0.728,0.0,13,False,09:53,10:06
BBIO,orb20_a,1,2026-08-10,2026-08-10 09:50:00-04:00,2026-08-10 09:54:00-04:00,85.94859300000002,84.67000000000002,87.69500000000001,2026-08-10 10:08:00-04:00,84.59153699999999,stop,-1.0613666741488712,-1.0664793253208973,0.0402059138443455,0,23,-31.21228800000065,rv20=3.198;or_width=2.42,0.0,14,False,09:54,10:08
ANET,heat_fade_short,-1,2026-08-10,2026-08-10 10:00:00-04:00,2026-08-10 10:00:00-04:00,191.6858285,194.4997875,188.9702125,2026-08-10 10:07:00-04:00,194.54923747875003,stop,-1.0175730985241804,-1.0782571814301392,0.0198398413054412,0,10,-28.63408978750016,heat_score=-29.24,0.0,7,False,10:00,10:07
BE,heat_fade_short,-1,2026-08-10,2026-08-10 10:00:00-04:00,2026-08-10 10:00:00-04:00,217.06829,224.365175,210.574825,2026-08-10 15:55:00-04:00,211.641161,time,0.7437597002008428,-0.3853164740844871,0.7754391086059382,0,9,48.84416100000007,heat_score=-20.56,354.0,355,False,10:00,15:55
KTOS,heat_fade_short,-1,2026-08-10,2026-08-10 10:00:00-04:00,2026-08-10 10:00:00-04:00,60.6089375,61.658164285714285,59.701835714285714,2026-08-10 10:27:00-04:00,61.69433010214286,stop,-1.0344690174907714,-1.0398728996012403,0.0,0,32,-34.73256326857131,heat_score=-12.28,0.0,27,False,10:00,10:27
ASX,heat_fade_short,-1,2026-08-10,2026-08-10 10:05:00-04:00,2026-08-10 10:05:00-04:00,38.506148,39.16339285714286,37.91660714285714,2026-08-10 12:53:00-04:00,37.91660714285714,target,0.8969881631416462,-0.5840319567788791,0.8994334357667161,1,51,30.066583714286097,heat_score=-12.46,167.0,168,False,10:05,12:53
CRWV,heat_fade_short,-1,2026-08-10,2026-08-10 10:10:00-04:00,2026-08-10 10:10:00-04:00,91.530845,93.49530178571428,89.6046982142857,2026-08-10 11:23:00-04:00,89.6046982142857,target,0.9804984256825656,-0.411897582010586,0.9981105281921802,1,21,40.44908250000019,heat_score=-15.29,72.0,73,False,10:10,11:23
SOXL,heat_fade_short,-1,2026-08-10,2026-08-10 10:10:00-04:00,2026-08-10 10:10:00-04:00,139.786019,144.9642357142857,134.60656428571428,2026-08-10 10:55:00-04:00,134.60656428571428,target,1.0002390784450148,-0.2634074769866291,1.0262643093594517,1,14,72.51236600000016,heat_score=-12.89,44.0,45,False,10:10,10:55
APH,heat_fade_short,-1,2026-08-10,2026-08-10 10:15:00-04:00,2026-08-10 10:15:00-04:00,85.341464,86.34464285714284,84.35535714285714,2026-08-10 12:53:00-04:00,84.35535714285714,target,0.982982097480994,-0.1879385701339134,0.9883222647094062,1,23,22.680457714285723,heat_score=-12.49,157.0,158,False,10:15,12:53
META,heat_fade_short,-1,2026-08-10,2026-08-10 10:15:00-04:00,2026-08-10 10:15:00-04:00,598.840109,604.4949982142857,593.2950017857142,2026-08-10 10:36:00-04:00,604.5854477141071,stop,-1.0159949198638367,-1.0804616621957643,0.3766844794445724,0,3,-17.23601614232132,heat_score=-13.56,2.0,21,False,10:15,10:36
VRT,heat_fade_short,-1,2026-08-10,2026-08-10 10:15:00-04:00,2026-08-10 10:15:00-04:00,273.12268400000005,278.0962482142857,267.8637517857143,2026-08-10 15:55:00-04:00,272.4022365,time,0.1448553731206847,-0.2125871818369228,0.8007705999975887,0,7,5.04313250000024,heat_score=-11.47,40.0,340,False,10:15,15:55
BOIL,orb20_a,1,2026-08-10,2026-08-10 09:50:00-04:00,2026-08-10 10:26:00-04:00,20.95199399,20.8225,21.103750000000005,2026-08-10 10:59:00-04:00,20.79041775,stop,-1.2477508801759982,-1.0193059152783943,0.2548844930949885,0,95,-15.349742800000216,rv20=2.894;or_width=0.225,18.0,33,True,10:26,10:59
MNDY,orb20_a,1,2026-08-10,2026-08-10 09:50:00-04:00,2026-08-10 10:29:00-04:00,86.14751289,83.17945,90.553075,2026-08-10 15:50:00-04:00,87.361262,time,0.4089364528256324,-0.4540041568997903,0.9408113013400448,0,23,27.91622952999988,rv20=6.377;or_width=5.899,41.0,321,True,10:29,15:50
AEM,heat_fade_short,-1,2026-08-10,2026-08-10 10:30:00-04:00,2026-08-10 10:30:00-04:00,177.952202,179.728475,176.25152500000002,2026-08-10 11:12:00-04:00,179.7764478475,stop,-1.027007586953135,-1.05152642639954,0.0,0,11,-20.0667043225001,heat_score=-18.92,0.0,42,False,10:30,11:12
HONA,heat_fade_short,-1,2026-08-10,2026-08-10 10:30:00-04:00,2026-08-10 10:30:00-04:00,163.30366700000002,166.6303375,159.45966249999998,2026-08-10 15:55:00-04:00,163.266324,time,0.0112253377664008,-0.4948891090957103,0.842784700198002,0,12,0.4481160000002546,heat_score=-18.37,190.0,325,False,10:30,15:55
MSTR,heat_fade_short,-1,2026-08-10,2026-08-10 10:30:00-04:00,2026-08-10 10:30:00-04:00,99.4650515,100.93205714285716,98.08794285714286,2026-08-10 11:24:00-04:00,98.08794285714286,target,0.9387207537764314,-0.8895320248792447,1.100917033185044,1,20,27.54217285714276,heat_score=-18.58,53.0,54,False,10:30,11:24
BZ,orb20_a,1,2026-08-10,2026-08-10 09:50:00-04:00,2026-08-10 10:34:00-04:00,16.821681000000005,16.635,17.072500000000005,2026-08-10 11:53:00-04:00,17.072500000000005,target,1.3435700472999126,-0.0893556387634798,1.383745533825017,1,118,29.59664199999999,rv20=3.138;or_width=0.35,78.0,79,False,10:34,11:53
AAOI,heat_fade_long,1,2026-08-10,2026-08-10 11:05:00-04:00,2026-08-10 11:05:00-04:00,130.87308499999995,126.97561071428572,134.78438928571427,2026-08-10 11:51:00-04:00,134.78438928571427,target,1.003548451891195,-0.2137499670115997,1.161191753487251,1,15,58.669564285714415,heat_score=69.4,45.0,46,False,11:05,11:51
AMAT,heat_fade_long,1,2026-08-10,2026-08-10 11:05:00-04:00,2026-08-10 11:05:00-04:00,530.3080245,521.1234482142858,539.3765517857142,2026-08-10 15:55:00-04:00,523.957598,time,-0.6914229140736231,-0.7423232480092373,0.4389941761680845,0,3,-19.05127950000008,heat_score=58.73,57.0,290,False,11:05,15:55
AXTI,heat_fade_long,1,2026-08-10,2026-08-10 11:05:00-04:00,2026-08-10 11:05:00-04:00,78.8528835,76.2466375,81.4633625,2026-08-10 12:08:00-04:00,76.20901283625001,stop,-1.0144363439790391,-1.0294053209098466,0.1216755824277514,0,25,-66.09676659374983,heat_score=72.94,15.0,63,False,11:05,12:08
COHR,heat_fade_long,1,2026-08-10,2026-08-10 11:05:00-04:00,2026-08-10 11:05:00-04:00,331.7381695,323.0940857142857,340.2959142857143,2026-08-10 15:55:00-04:00,327.927203,time,-0.4408757011701096,-0.5296303938615342,0.8967787323870217,0,6,-22.865798999999697,heat_score=70.99,47.0,290,False,11:05,15:55
GFS,heat_fade_long,1,2026-08-10,2026-08-10 11:05:00-04:00,2026-08-10 11:05:00-04:00,51.9601945,51.057391071428576,52.81260892857143,2026-08-10 15:34:00-04:00,51.02228533232143,stop,-1.0388852523108996,-1.0192634087091317,0.1770102936503797,0,38,-35.64054837178563,heat_score=62.44,125.0,269,False,11:05,15:34
KLAC,heat_fade_long,1,2026-08-10,2026-08-10 11:05:00-04:00,2026-08-10 11:05:00-04:00,194.359433,191.1915892857143,197.5684107142857,2026-08-10 15:55:00-04:00,193.340663,time,-0.3215973046289322,-0.5080531570235287,0.2732353859808921,0,10,-10.187699999999891,heat_score=58.45,58.0,290,False,11:05,15:55
LITE,heat_fade_long,1,2026-08-10,2026-08-10 11:05:00-04:00,2026-08-10 11:05:00-04:00,832.0431950000001,811.0039571428571,851.7960428571429,2026-08-10 15:55:00-04:00,817.428248,time,-0.6946519212927728,-0.7839254973012505,0.6372286435008973,0,2,-29.22989400000006,heat_score=65.36,51.0,290,False,11:05,15:55
MXL,heat_fade_long,1,2026-08-10,2026-08-10 11:10:00-04:00,2026-08-10 11:10:00-04:00,70.91709000000002,68.55364821428572,73.11635178571427,2026-08-10 15:55:00-04:00,69.163082,time,-0.7421414018327094,-0.8196055480226551,0.1154714288498967,0,28,-49.11222400000037,heat_score=76.29,9.0,285,False,11:10,15:55
SOXL,heat_fade_long,1,2026-08-10,2026-08-10 11:10:00-04:00,2026-08-10 11:10:00-04:00,134.02339999999998,128.85116428571428,139.20883571428573,2026-08-10 15:55:00-04:00,131.68682900000002,time,-0.4517526131971053,-0.4492061321920743,0.4768924187247081,0,14,-32.71199399999949,heat_score=63.02,52.0,285,False,11:10,15:55
VSH,heat_fade_long,1,2026-08-10,2026-08-10 11:10:00-04:00,2026-08-10 11:10:00-04:00,33.763375,32.88436607142857,34.67563392857143,2026-08-10 15:55:00-04:00,33.40665800000001,time,-0.4058172657924308,-0.3906388079106912,0.2578187691088867,0,59,-21.046302999999355,heat_score=60.59,54.0,285,False,11:10,15:55
MCHP,heat_fade_long,1,2026-08-10,2026-08-10 11:20:00-04:00,2026-08-10 11:20:00-04:00,82.07820600000001,80.93699285714287,83.26280714285714,2026-08-10 15:55:00-04:00,81.851813,time,-0.1983792435418368,-0.8221128593481816,0.5536161267983879,0,24,-5.433432000000039,heat_score=58.33,248.0,275,False,11:20,15:55
RKLB,heat_fade_long,1,2026-08-10,2026-08-10 11:25:00-04:00,2026-08-10 11:25:00-04:00,81.068105,79.570925,82.459075,2026-08-10 15:55:00-04:00,80.071991,time,-0.6653268144110966,-0.8669665638066253,0.5356036014373701,0,24,-23.906736000000137,heat_score=57.9,32.0,270,False,11:25,15:55
SPCX,heat_fade_long,1,2026-08-10,2026-08-10 11:25:00-04:00,2026-08-10 11:25:00-04:00,130.96809449999998,128.3752732142857,133.5047267857143,2026-08-10 14:57:00-04:00,133.5047267857143,target,0.9783290116023244,-0.3078092980789953,1.003465034144556,1,15,38.04948428571478,heat_score=59.61,211.0,212,False,11:25,14:57
STM,heat_fade_long,1,2026-08-10,2026-08-10 11:30:00-04:00,2026-08-10 11:30:00-04:00,55.3805365,54.453125,56.286875,2026-08-10 15:55:00-04:00,54.774521,time,-0.6534483344232839,-0.6691058931229571,0.0641177082665028,0,36,-21.81655799999993,heat_score=58.25,24.0,265,False,11:30,15:55
TXN,heat_fade_long,1,2026-08-10,2026-08-10 11:35:00-04:00,2026-08-10 11:35:00-04:00,281.188115,278.2233964285714,284.0566035714286,2026-08-10 15:55:00-04:00,281.18187800000004,time,-0.0021037409958735,-0.1241652423766507,0.8877351885483689,0,7,-0.0436589999995931,heat_score=59.28,231.0,260,False,11:35,15:55
QCOM,heat_fade_long,1,2026-08-10,2026-08-10 11:40:00-04:00,2026-08-10 11:40:00-04:00,163.72136949999998,161.75866071428572,165.62133928571427,2026-08-10 15:55:00-04:00,162.753722,time,-0.4930163389714639,-0.5305776932266625,0.5291821729029655,0,12,-11.611769999999638,heat_score=58.46,44.0,255,False,11:40,15:55
SNDQ,heat_fade_long,1,2026-08-10,2026-08-10 12:20:00-04:00,2026-08-10 12:20:00-04:00,27.932792000000003,25.41759285714286,30.422407142857143,2026-08-10 15:55:00-04:00,28.357163,time,0.16872262429206,-0.2237564375760313,0.16872262429206,0,71,30.1303409999998,heat_score=61.49,213.0,215,False,12:20,15:55
META,heat_fade_long,1,2026-08-10,2026-08-10 12:45:00-04:00,2026-08-10 12:45:00-04:00,592.999293,587.3300017857142,598.5299982142857,2026-08-10 15:55:00-04:00,593.940599,time,0.1660359230847247,-0.170954880137009,0.38818027101071,0,3,2.8239180000001625,heat_score=63.07,138.0,190,False,12:45,15:55
KTOS,exhaustion_short,-1,2026-08-10,2026-08-10 13:00:00-04:00,2026-08-10 13:00:00-04:00,62.903708,63.95816428571428,62.00183571428571,2026-08-10 14:52:00-04:00,62.00183571428571,target,0.8552960401799578,-0.2525396297672176,0.9613561166391292,1,31,27.958040857143004,layers=rsi5 > 90 (short-term overbought) + sma20_dist_pct > 1.0 (close > 1% above 5-min SMA20) + bear_div == 1 (price at 20-bar high while RSI(14) is >5 below its 20-bar max) + time window 13:00-15:00 ET (bar close),111.0,112,False,13:00,14:52
PBF,exhaustion_short,-1,2026-08-10,2026-08-10 13:00:00-04:00,2026-08-10 13:00:00-04:00,66.603338,67.84785535714285,65.47214464285715,2026-08-10 15:55:00-04:00,66.24662300000001,time,0.2866291883778313,-0.0857055141801101,0.7097835919524258,0,30,10.701449999999396,layers=rsi5 > 90 (short-term overbought) + sma20_dist_pct > 1.0 (close > 1% above 5-min SMA20) + bear_div == 1 (price at 20-bar high while RSI(14) is >5 below its 20-bar max) + time window 13:00-15:00 ET (bar close),99.0,175,False,13:00,15:55
FPS,heat_fade_long,1,2026-08-10,2026-08-10 13:05:00-04:00,2026-08-10 13:05:00-04:00,37.803779,37.01514107142857,38.56485892857143,2026-08-10 15:55:00-04:00,37.806218,time,0.0030926739783117,-0.2266933830127179,0.3375706269697761,0,52,0.1268280000001311,heat_score=59.28,165.0,170,False,13:05,15:55
GLW,heat_fade_long,1,2026-08-10,2026-08-10 13:05:00-04:00,2026-08-10 13:05:00-04:00,160.1810155,156.96187678571428,163.2981232142857,2026-08-10 15:55:00-04:00,159.1190855,time,-0.3298801618232275,-0.314063974787226,0.4809002150575189,0,12,-12.743159999999875,heat_score=68.42,103.0,170,False,13:05,15:55
TEAM,exhaustion_short,-1,2026-08-10,2026-08-10 13:05:00-04:00,2026-08-10 13:05:00-04:00,151.614836,154.08248035714286,149.1775196428571,2026-08-10 15:55:00-04:00,152.4202395,time,-0.3263855659218821,-0.9544179221704818,0.208634602676741,0,13,-10.470245500000146,layers=rsi5 > 90 (short-term overbought) + sma20_dist_pct > 1.0 (close > 1% above 5-min SMA20) + bear_div == 1 (price at 20-bar high while RSI(14) is >5 below its 20-bar max) + time window 13:00-15:00 ET (bar close),16.0,170,False,13:05,15:55
CELH,exhaustion_short,-1,2026-08-10,2026-08-10 13:15:00-04:00,2026-08-10 13:15:00-04:00,26.9523035,27.4268625,26.5131375,2026-08-10 14:31:00-04:00,26.5131375,target,0.9254191786479676,-0.1321152901957424,1.0795359481118234,1,74,32.49828400000001,layers=rsi5 > 90 (short-term overbought) + sma20_dist_pct > 1.0 (close > 1% above 5-min SMA20) + bear_div == 1 (price at 20-bar high while RSI(14) is >5 below its 20-bar max) + time window 13:00-15:00 ET (bar close),75.0,76,False,13:15,14:31
TXG,exhaustion_short,-1,2026-08-10,2026-08-10 13:30:00-04:00,2026-08-10 13:30:00-04:00,58.0091975,58.84856964285714,57.216430357142855,2026-08-10 14:04:00-04:00,58.88445449982143,stop,-1.042752022770423,-1.1804090812775871,0.1875181364302079,0,34,-29.758737993928666,layers=rsi5 > 90 (short-term overbought) + sma20_dist_pct > 1.0 (close > 1% above 5-min SMA20) + bear_div == 1 (price at 20-bar high while RSI(14) is >5 below its 20-bar max) + time window 13:00-15:00 ET (bar close),23.0,34,False,13:30,14:04
CIFR,exhaustion_short,-1,2026-08-10,2026-08-10 14:10:00-04:00,2026-08-10 14:10:00-04:00,16.69822901,17.492155357142856,15.927844642857144,2026-08-10 15:55:00-04:00,16.521651000000002,time,0.2224110720540471,-0.2919300900317605,0.3126599978616574,0,119,21.012783189999585,layers=rsi5 > 90 (short-term overbought) + sma20_dist_pct > 1.0 (close > 1% above 5-min SMA20) + bear_div == 1 (price at 20-bar high while RSI(14) is >5 below its 20-bar max) + time window 13:00-15:00 ET (bar close),20.0,105,False,14:10,15:55
IWM,intraday_momentum,-1,2026-08-10,2026-08-10 15:30:00-04:00,2026-08-10 15:30:00-04:00,299.920004,301.0329446428571,,2026-08-10 15:55:00-04:00,299.83497950000003,time,0.0763962575593456,-0.1527448935313946,0.1168112610805947,0,6,0.5101469999998471,first_30m_ret=-0.3101,23.0,25,False,15:30,15:55
EWY,heat_fade_short,-1,2026-08-11,2026-08-11 09:50:00-04:00,2026-08-11 09:50:00-04:00,166.783319,169.066875,164.493125,2026-08-11 15:55:00-04:00,166.936691,time,-0.0671636692947271,-0.8721839972393916,0.4306086647316696,0,11,-1.6870919999998932,heat_score=-18.39,205.0,365,False,09:50,15:55
LRCX,heat_fade_short,-1,2026-08-11,2026-08-11 09:50:00-04:00,2026-08-11 09:50:00-04:00,312.018794,318.14000357142857,306.2599964285714,2026-08-11 15:55:00-04:00,312.3862345,time,-0.0600274334201948,-0.7908904185533665,0.4359912806215448,0,6,-2.204642999999919,heat_score=-13.74,201.0,365,False,09:50,15:55
RCL,heat_fade_short,-1,2026-08-11,2026-08-11 09:50:00-04:00,2026-08-11 09:50:00-04:00,310.538942,313.7360821428572,307.78391785714285,2026-08-11 10:23:00-04:00,307.78391785714285,target,0.8617151641013625,-0.2067654123566874,0.8973463382296993,1,6,16.530144857143,heat_score=-12.03,32.0,33,False,09:50,10:23
SE,heat_fade_short,-1,2026-08-11,2026-08-11 09:50:00-04:00,2026-08-11 09:50:00-04:00,127.5022475,128.30431071428572,126.35208928571429,2026-08-11 09:52:00-04:00,128.34714114535714,stop,-1.0534003184643808,-1.2564502174525578,0.3643696591424686,0,15,-12.673404680357194,heat_score=-38.33,0.0,2,False,09:50,09:52
TSLA,heat_fade_short,-1,2026-08-11,2026-08-11 09:50:00-04:00,2026-08-11 09:50:00-04:00,332.246771,335.96286428571426,328.79713571428573,2026-08-11 10:19:00-04:00,336.0264605721428,stop,-1.0171137486437791,-1.0638131758417766,0.316695763404069,0,6,-22.678137432856715,heat_score=-14.81,5.0,29,False,09:50,10:19
AMCR,orb20_a,1,2026-08-11,2026-08-11 09:50:00-04:00,2026-08-11 09:51:00-04:00,47.24472299999999,46.895,47.7325,2026-08-11 11:19:00-04:00,46.855311,stop,-1.1134869596795065,-1.071485146816191,0.3725148188709568,0,42,-16.355303999999705,rv20=4.939;or_width=0.67,50.0,88,False,09:51,11:19
FWONK,orb20_a,-1,2026-08-11,2026-08-11 09:50:00-04:00,2026-08-11 09:51:00-04:00,101.6848295,102.1975,100.96625,2026-08-11 10:01:00-04:00,100.96625,target,1.4016400397526123,-0.6147623083442652,1.9209794595163792,1,19,13.653010499999809,rv20=7.766;or_width=0.985,9.0,10,False,09:51,10:01
P,orb20_a,-1,2026-08-11,2026-08-11 09:50:00-04:00,2026-08-11 09:51:00-04:00,99.39755825,102.90875,94.180625,2026-08-11 10:29:00-04:00,102.949040875,stop,-1.0114749856654786,-1.0231118109684576,0.0,0,20,-71.02965250000011,rv20=4.018;or_width=6.983,2.0,38,True,09:51,10:29
RIOT,orb20_a,-1,2026-08-11,2026-08-11 09:50:00-04:00,2026-08-11 09:51:00-04:00,21.197879,22.43,19.379999999999995,2026-08-11 14:29:00-04:00,19.379999999999995,target,1.4754062303945774,-0.2370879158783925,1.4794642733952206,1,94,170.88062600000012,rv20=8.37;or_width=2.44,277.0,278,False,09:51,14:29
SIMO,orb20_a,-1,2026-08-11,2026-08-11 09:50:00-04:00,2026-08-11 09:51:00-04:00,226.25737100000003,229.7525,221.09625000000003,2026-08-11 15:50:00-04:00,222.872284,time,0.968515611297921,-0.8819786050815296,1.112225328449986,1,8,27.080696000000444,rv20=4;or_width=6.925,354.0,359,False,09:51,15:50
PANW,heat_fade_short,-1,2026-08-11,2026-08-11 09:55:00-04:00,2026-08-11 09:55:00-04:00,383.9516,387.4378857142857,380.0077142857143,2026-08-11 15:55:00-04:00,384.508446,time,-0.1597247172594677,-0.9317652843796111,0.8982625799049314,0,5,-2.7842300000000364,heat_score=-33.13,273.0,360,False,09:55,15:55
PFGC,orb20_a,1,2026-08-11,2026-08-11 09:50:00-04:00,2026-08-11 09:55:00-04:00,114.011399,112.93,115.58,2026-08-11 15:50:00-04:00,113.888609,time,-0.1135473585605523,-0.7133343012153823,0.2345119608950886,0,17,-2.087430000000396,rv20=5.531;or_width=2.12,350.0,355,False,09:55,15:50
CRBG,orb20_a,1,2026-08-11,2026-08-11 09:50:00-04:00,2026-08-11 10:00:00-04:00,33.403338999999995,32.974999999999994,34.0125,2026-08-11 15:50:00-04:00,33.366662000000005,time,-0.0856261045573487,-0.9883270026777796,0.2256647188325235,0,59,-2.163942999999428,rv20=11.12;or_width=0.83,322.0,350,True,10:00,15:50
SKHY,heat_fade_short,-1,2026-08-11,2026-08-11 10:00:00-04:00,2026-08-11 10:00:00-04:00,139.02609500000003,142.39036964285714,135.74463035714285,2026-08-11 15:55:00-04:00,140.92409,time,-0.5641617291946496,-0.6075321479295697,0.2425470826921048,0,14,-26.571929999999725,heat_score=-20.59,21.0,355,False,10:00,15:55
SOXX,heat_fade_short,-1,2026-08-11,2026-08-11 10:05:00-04:00,2026-08-11 10:05:00-04:00,536.2663670000001,543.3961392857143,529.5838607142857,2026-08-11 15:55:00-04:00,534.423436,time,0.2584838513977031,-0.3904238296049646,0.8648757285496262,0,3,5.528793000000064,heat_score=-16.12,190.0,350,False,10:05,15:55
TSM,heat_fade_short,-1,2026-08-11,2026-08-11 10:05:00-04:00,2026-08-11 10:05:00-04:00,423.277667,427.32999642857146,419.53000357142855,2026-08-11 15:55:00-04:00,422.292224,time,0.2431793903654631,-0.4003457834798691,0.877931338680465,0,4,3.941772000000128,heat_score=-19.01,304.0,350,False,10:05,15:55
ARMK,orb20_a,1,2026-08-11,2026-08-11 09:50:00-04:00,2026-08-11 10:08:00-04:00,60.6010585,59.3025,62.508750000000006,2026-08-11 15:50:00-04:00,60.723926000000006,time,0.0946183787638405,-0.5090710199039935,0.7076627660594409,0,33,4.054627500000173,rv20=6.494;or_width=2.565,112.0,342,True,10:08,15:50
SMH,heat_fade_short,-1,2026-08-11,2026-08-11 10:10:00-04:00,2026-08-11 10:10:00-04:00,577.3922540000001,583.4014035714287,571.2385964285714,2026-08-11 13:03:00-04:00,571.2385964285714,target,1.0240479951917278,-0.20098451297374,1.0521046156115303,1,3,18.46097271428596,heat_score=-22.47,172.0,173,False,10:10,13:03
SOXL,heat_fade_short,-1,2026-08-11,2026-08-11 10:10:00-04:00,2026-08-11 10:10:00-04:00,135.8514125,140.91377142857144,130.92502857142856,2026-08-11 13:04:00-04:00,130.92502857142856,target,0.9731399922608124,-0.1399718016833612,0.9859855001250468,1,14,68.96937500000035,heat_score=-43.8,173.0,174,False,10:10,13:04
AHR,orb20_a,-1,2026-08-11,2026-08-11 09:50:00-04:00,2026-08-11 10:12:00-04:00,52.68473000000001,53.0,52.25,2026-08-11 10:47:00-04:00,53.0353,stop,-1.111967519903576,-1.0,0.3639102991087383,0,37,-12.971089999999649,rv20=25.5;or_width=0.6,13.0,35,True,10:12,10:47
AMAT,heat_fade_short,-1,2026-08-11,2026-08-11 10:15:00-04:00,2026-08-11 10:15:00-04:00,533.096684,542.0885160714287,524.3014839285714,2026-08-11 12:32:00-04:00,524.3014839285714,target,0.9781321538883128,-0.3529109501592148,0.9838577866806576,1,3,26.38560021428566,heat_score=-17.74,136.0,137,False,10:15,12:32
AXTI,heat_fade_short,-1,2026-08-11,2026-08-11 10:25:00-04:00,2026-08-11 10:25:00-04:00,74.3075675,77.25696607142856,71.70863392857143,2026-08-11 15:55:00-04:00,73.00229850000001,time,0.4425542931512916,-0.4042629272117936,0.7044037791724154,0,26,33.936993999999885,heat_score=-29.08,322.0,330,False,10:25,15:55
MRVL,heat_fade_short,-1,2026-08-11,2026-08-11 10:25:00-04:00,2026-08-11 10:25:00-04:00,210.8839085,215.4548625,206.5451375,2026-08-11 15:55:00-04:00,212.301227,time,-0.3100706110803174,-0.3316794480977091,0.5696641226317282,0,9,-12.755866500000195,heat_score=-11.79,170.0,330,False,10:25,15:55
P,heat_fade_short,-1,2026-08-11,2026-08-11 10:30:00-04:00,2026-08-11 10:30:00-04:00,102.789719,104.03151785714286,101.52848214285714,2026-08-11 10:43:00-04:00,104.07192100892856,stop,-1.032535987252131,-1.183992875772845,0.0883548888524838,0,19,-24.361838169642724,heat_score=-17.46,0.0,13,False,10:30,10:43
BBIO,orb20_a,-1,2026-08-11,2026-08-11 09:50:00-04:00,2026-08-11 10:39:00-04:00,84.43155499999999,86.96499999999999,80.67749999999998,2026-08-11 15:50:00-04:00,84.55845400000001,time,-0.0500895026337745,-0.3033201825972199,0.4269107874850231,0,23,-2.918677000000528,rv20=4.068;or_width=5.03,262.0,311,False,10:39,15:50
CORZ,heat_fade_long,1,2026-08-11,2026-08-11 11:05:00-04:00,2026-08-11 11:05:00-04:00,19.611960000000003,19.115089285714287,20.08491071428572,2026-08-11 15:55:00-04:00,19.708028,time,0.1933460701907121,-0.2857081247062049,0.5797081448321447,0,101,9.702867999999532,heat_score=67.07,39.0,290,False,11:05,15:55
RCL,heat_fade_long,1,2026-08-11,2026-08-11 11:10:00-04:00,2026-08-11 11:10:00-04:00,305.74057,302.8139178571429,308.7660821428572,2026-08-11 15:55:00-04:00,306.7443215,time,0.3429691849268158,-0.9398349601311934,0.4029963051395034,0,6,6.022509000000127,heat_score=57.91,281.0,285,False,11:10,15:55
FCX,heat_fade_long,1,2026-08-11,2026-08-11 11:20:00-04:00,2026-08-11 11:20:00-04:00,68.686867,67.97553571428571,69.39446428571429,2026-08-11 15:55:00-04:00,68.80311799999998,time,0.1634273682806482,-0.5719796221129844,0.4331779104732915,0,29,3.3712789999993333,heat_score=59.31,248.0,275,False,11:20,15:55
MSTU,heat_fade_long,1,2026-08-11,2026-08-11 11:25:00-04:00,2026-08-11 11:25:00-04:00,18.431842000000003,17.904464285714283,18.995535714285715,2026-08-11 15:55:00-04:00,18.338165,time,-0.1776279077830947,-0.8188476461977346,0.3188568561865595,0,108,-10.117116000000337,heat_score=60.73,39.0,270,False,11:25,15:55
COIN,heat_fade_long,1,2026-08-11,2026-08-11 11:40:00-04:00,2026-08-11 11:40:00-04:00,147.93979149999998,145.478875,150.161125,2026-08-11 15:55:00-04:00,147.955202,time,0.0062620978810252,-0.6582066071725691,0.3779927112520972,0,13,0.2003365000003896,heat_score=61.83,38.0,255,False,11:40,15:55
MSTR,heat_fade_long,1,2026-08-11,2026-08-11 11:40:00-04:00,2026-08-11 11:40:00-04:00,95.709569,94.30830178571428,97.07169821428572,2026-08-11 15:55:00-04:00,95.920406,time,0.1504616663050017,-0.4064670850736567,0.6211741708691059,0,20,4.216739999999959,heat_score=64.27,105.0,255,False,11:40,15:55
AMZN,heat_fade_long,1,2026-08-11,2026-08-11 11:55:00-04:00,2026-08-11 11:55:00-04:00,272.12720899999994,269.5505375,274.6294625,2026-08-11 15:55:00-04:00,272.572739,time,0.1729091193813726,-0.297751964113365,0.5056100476914045,0,7,3.118710000000533,heat_score=60.31,229.0,240,False,11:55,15:55
CSCO,heat_fade_long,1,2026-08-11,2026-08-11 12:15:00-04:00,2026-08-11 12:15:00-04:00,120.2070185,119.34949642857144,121.01050357142856,2026-08-11 13:43:00-04:00,121.01050357142856,target,0.9369847123468524,-0.0548306586694359,1.029689531523106,1,16,12.85576114285709,heat_score=58.39,87.0,88,False,12:15,13:43
CI,heat_fade_long,1,2026-08-11,2026-08-11 13:00:00-04:00,2026-08-11 13:00:00-04:00,271.087105,268.8806267857143,273.3493732142857,2026-08-11 15:55:00-04:00,272.9627,time,0.8500401172586021,-0.080265918264376,0.8760091024174006,0,7,13.12916499999983,heat_score=66.08,174.0,175,False,13:00,15:55
SOXL,heat_fade_long,1,2026-08-11,2026-08-11 13:15:00-04:00,2026-08-11 13:15:00-04:00,130.243022,125.23562857142856,135.22437142857143,2026-08-11 15:55:00-04:00,133.28666900000002,time,0.6078306095609404,-0.0365503535144049,0.6404485778372154,0,15,45.65470500000032,heat_score=60.07,159.0,160,False,13:15,15:55
MCHP,heat_fade_long,1,2026-08-11,2026-08-11 13:25:00-04:00,2026-08-11 13:25:00-04:00,81.04810300000001,79.83619999999999,82.2038,2026-08-11 15:55:00-04:00,81.211877,time,0.1351378781965113,-0.3080304281778332,0.2161039291098264,0,24,3.9305759999997454,heat_score=57.51,145.0,150,False,13:25,15:55
OSCR,exhaustion_short,-1,2026-08-11,2026-08-11 13:40:00-04:00,2026-08-11 13:40:00-04:00,28.127186,28.606069642857143,27.673930357142854,2026-08-11 15:55:00-04:00,27.8177805,time,0.6460974489627642,-0.2564589578947849,0.8293998049928837,0,71,21.96779049999978,layers=rsi5 > 90 (short-term overbought) + sma20_dist_pct > 1.0 (close > 1% above 5-min SMA20) + bear_div == 1 (price at 20-bar high while RSI(14) is >5 below its 20-bar max) + time window 13:00-15:00 ET (bar close),88.0,135,False,13:40,15:55
FCEL,exhaustion_short,-1,2026-08-11,2026-08-11 13:45:00-04:00,2026-08-11 13:45:00-04:00,19.878011,20.5548625,19.2451375,2026-08-11 15:55:00-04:00,19.281927,time,0.8806717573943517,-0.032487185150654,0.9278416314361462,0,100,59.60840000000012,layers=rsi5 > 90 (short-term overbought) + sma20_dist_pct > 1.0 (close > 1% above 5-min SMA20) + bear_div == 1 (price at 20-bar high while RSI(14) is >5 below its 20-bar max) + time window 13:00-15:00 ET (bar close),129.0,130,False,13:45,15:55
SSPC,exhaustion_short,-1,2026-08-11,2026-08-11 14:00:00-04:00,2026-08-11 14:00:00-04:00,12.9637025,13.84292857142857,12.127071428571428,2026-08-11 15:55:00-04:00,12.821281,time,0.1619850737235216,-0.0185361882792215,0.4477830137137655,0,154,21.93291099999989,layers=rsi5 > 90 (short-term overbought) + sma20_dist_pct > 1.0 (close > 1% above 5-min SMA20) + bear_div == 1 (price at 20-bar high while RSI(14) is >5 below its 20-bar max) + time window 13:00-15:00 ET (bar close),77.0,115,False,14:00,15:55
HIMS,exhaustion_short,-1,2026-08-11,2026-08-11 14:55:00-04:00,2026-08-11 14:55:00-04:00,31.506848,32.24488928571429,30.77511071428572,2026-08-11 15:55:00-04:00,31.333132000000003,time,0.2353743663972268,-0.1668632939427128,0.957735039599984,0,63,10.944107999999703,layers=rsi5 > 90 (short-term overbought) + sma20_dist_pct > 1.0 (close > 1% above 5-min SMA20) + bear_div == 1 (price at 20-bar high while RSI(14) is >5 below its 20-bar max) + time window 13:00-15:00 ET (bar close),55.0,60,False,14:55,15:55
DIA,intraday_momentum,1,2026-08-11,2026-08-11 15:30:00-04:00,2026-08-11 15:30:00-04:00,537.583752,535.8885732142858,,2026-08-11 15:55:00-04:00,537.196274,time,-0.2285764801125271,-0.2853693097605401,0.1482132752706514,0,3,-1.162433999999962,first_30m_ret=0.384,12.0,25,False,15:30,15:55
IWM,intraday_momentum,1,2026-08-11,2026-08-11 15:30:00-04:00,2026-08-11 15:30:00-04:00,301.32012799999995,300.2275910714285,,2026-08-11 15:55:00-04:00,300.969899,time,-0.3205649080053646,-0.3479314886838741,0.0548008936213529,0,6,-2.101373999999737,first_30m_ret=0.6434,0.0,25,False,15:30,15:55
AAOI,heat_fade_short,-1,2026-08-12,2026-08-12 09:50:00-04:00,2026-08-12 09:50:00-04:00,135.256472,139.1233178571429,131.19668214285713,2026-08-12 10:24:00-04:00,131.19668214285713,target,1.0498969979999602,-0.3215871658558472,1.2042041943302555,1,14,56.83705800000024,heat_score=-12.94,33.0,34,False,09:50,10:24
ADI,heat_fade_short,-1,2026-08-12,2026-08-12 09:50:00-04:00,2026-08-12 09:50:00-04:00,393.760619,397.17285714285714,390.44714285714286,2026-08-12 09:59:00-04:00,390.44714285714286,target,0.9710565336107314,-0.0144717331946342,0.9731498391901848,1,5,16.567380714285775,heat_score=-45.3,8.0,9,False,09:50,09:59
AMD,heat_fade_short,-1,2026-08-12,2026-08-12 09:50:00-04:00,2026-08-12 09:50:00-04:00,487.261268,496.5147285714286,478.1452714285714,2026-08-12 15:55:00-04:00,483.148309,time,0.4444779299864773,-0.4785919781918195,0.6766406958422276,0,4,16.451836000000185,heat_score=-65.02,361.0,365,False,09:50,15:55
AMKR,heat_fade_short,-1,2026-08-12,2026-08-12 09:50:00-04:00,2026-08-12 09:50:00-04:00,56.744324,58.07546785714285,55.38453214285714,2026-08-12 15:55:00-04:00,55.855584,time,0.6676513550590806,-0.2822204361941339,0.701895587758196,0,35,31.10589999999995,heat_score=-53.93,354.0,365,False,09:50,15:55
APLD,heat_fade_short,-1,2026-08-12,2026-08-12 09:50:00-04:00,2026-08-12 09:50:00-04:00,31.516847,32.239017857142855,30.880982142857142,2026-08-12 10:21:00-04:00,30.880982142857142,target,0.8804908850220637,-0.1151431121562885,0.9510865651895606,1,63,40.05948599999993,heat_score=-25,30.0,31,False,09:50,10:21
ASML,heat_fade_short,-1,2026-08-12,2026-08-12 09:50:00-04:00,2026-08-12 09:50:00-04:00,1832.00678,1852.061875,1812.318125,2026-08-12 10:32:00-04:00,1812.318125,target,0.981728333872276,-0.1203295222485816,1.1047955644189331,1,1,19.688655000000157,heat_score=-48.33,41.0,42,False,09:50,10:32
AVGO,heat_fade_short,-1,2026-08-12,2026-08-12 09:50:00-04:00,2026-08-12 09:50:00-04:00,422.7427205,426.7428553571429,418.7971446428571,2026-08-12 11:23:00-04:00,418.7971446428571,target,0.9863607098389436,-0.4393050641435506,1.053144618981437,1,4,15.782303428571597,heat_score=-34.2,92.0,93,False,09:50,11:23
AXTI,heat_fade_short,-1,2026-08-12,2026-08-12 09:50:00-04:00,2026-08-12 09:50:00-04:00,76.702328,79.5177375,73.9822625,2026-08-12 12:01:00-04:00,79.55568927374999,stop,-1.0134800190700484,-1.0434261872029649,0.4732270740721693,0,26,-74.18739311749991,heat_score=-14.5,41.0,131,False,09:50,12:01
CBRS,heat_fade_short,-1,2026-08-12,2026-08-12 09:50:00-04:00,2026-08-12 09:50:00-04:00,247.975199,254.1431232142857,242.8568767857143,2026-08-12 11:13:00-04:00,254.19853752660717,stop,-1.0089842725682467,-1.0513749479898558,0.4450766424207645,0,8,-49.78670821285709,heat_score=-66.3,14.0,83,False,09:50,11:13
CIFR,heat_fade_short,-1,2026-08-12,2026-08-12 09:50:00-04:00,2026-08-12 09:50:00-04:00,18.508148,19.252780357142857,17.79721964285714,2026-08-12 10:35:00-04:00,17.79721964285714,target,0.9547373953378526,-0.0562049172300108,0.9778624216571632,1,108,76.78026257142871,heat_score=-35.5,44.0,45,False,09:50,10:35
COHR,heat_fade_short,-1,2026-08-12,2026-08-12 09:50:00-04:00,2026-08-12 09:50:00-04:00,343.9556,353.4944839285714,335.2355160714286,2026-08-12 11:14:00-04:00,353.56535,stop,-1.0074291785033984,-1.0863744729046072,0.3748446911373109,0,5,-48.04874999999981,heat_score=-12.18,32.0,84,False,09:50,11:14
CORZ,heat_fade_short,-1,2026-08-12,2026-08-12 09:50:00-04:00,2026-08-12 09:50:00-04:00,21.337865,21.84464285714286,20.87535714285714,2026-08-12 10:31:00-04:00,20.87535714285714,target,0.91264417066368,-0.0318384076426806,0.9232151590792796,1,93,43.013230714286,heat_score=-35.11,40.0,41,False,09:50,10:31
CRDO,heat_fade_short,-1,2026-08-12,2026-08-12 09:50:00-04:00,2026-08-12 09:50:00-04:00,258.86411,264.16499821428573,253.29060178571427,2026-08-12 10:27:00-04:00,264.22141471410714,stop,-1.0106428389999564,-1.1462022503371525,0.3837300312272437,0,7,-37.50113299875011,heat_score=-35.81,6.0,37,False,09:50,10:27
CRWV,heat_fade_short,-1,2026-08-12,2026-08-12 09:50:00-04:00,2026-08-12 09:50:00-04:00,107.319266,109.2679,105.4221,2026-08-12 10:15:00-04:00,109.30882679,stop,-1.021002810173691,-1.334644679298424,0.7026799286063967,0,18,-35.81209421999998,heat_score=-39.68,0.0,25,False,09:50,10:15
ETN,heat_fade_short,-1,2026-08-12,2026-08-12 09:50:00-04:00,2026-08-12 09:50:00-04:00,471.182876,476.171425,466.428575,2026-08-12 10:09:00-04:00,466.428575,target,0.9530428587551248,-0.1176943435856724,1.0389546138566634,1,4,19.017203999999992,heat_score=-31.06,18.0,19,False,09:50,10:09
GDX,heat_fade_short,-1,2026-08-12,2026-08-12 09:50:00-04:00,2026-08-12 09:50:00-04:00,91.690829,92.513625,90.862375,2026-08-12 12:46:00-04:00,90.862375,target,1.006876552632709,-0.4486786518164936,1.0097630518378593,1,21,17.397533999999865,heat_score=-12,175.0,176,False,09:50,12:46
GFS,heat_fade_short,-1,2026-08-12,2026-08-12 09:50:00-04:00,2026-08-12 09:50:00-04:00,52.974701,53.93443928571429,52.10556071428572,2026-08-12 15:55:00-04:00,53.30532899999999,time,-0.3444980834060605,-0.4743991219034668,0.5258735714855632,0,37,-12.233235999999636,heat_score=-38.9,116.0,365,False,09:50,15:55
GLW,heat_fade_short,-1,2026-08-12,2026-08-12 09:50:00-04:00,2026-08-12 09:50:00-04:00,166.913306,170.05748035714285,163.92051964285716,2026-08-12 15:55:00-04:00,167.82678,time,-0.2905290534937428,-0.5809773226634752,0.6021631706584075,0,11,-10.048214000000089,heat_score=-46.87,41.0,365,False,09:50,15:55
IREN,heat_fade_short,-1,2026-08-12,2026-08-12 09:50:00-04:00,2026-08-12 09:50:00-04:00,43.525646,44.5539625,42.5420375,2026-08-12 10:32:00-04:00,42.5420375,target,0.9565231132632804,-0.4515671974533123,0.9974030369054656,1,45,44.26238250000012,heat_score=-42.52,41.0,42,False,09:50,10:32
IWF,heat_fade_short,-1,2026-08-12,2026-08-12 09:50:00-04:00,2026-08-12 09:50:00-04:00,124.87181057,125.50532678571427,124.29467321428572,2026-08-12 15:55:00-04:00,124.45244300000002,time,0.6619681700288239,-0.0354993754574227,0.8394584965759239,0,16,6.709881119999636,heat_score=-23.5,353.0,365,False,09:50,15:55
KLAC,heat_fade_short,-1,2026-08-12,2026-08-12 09:50:00-04:00,2026-08-12 09:50:00-04:00,207.919205,211.168125,204.741875,2026-08-12 15:55:00-04:00,208.540851,time,-0.191339275820879,-0.489638095120836,0.8308006968469546,0,9,-5.5948139999997295,heat_score=-55.95,41.0,365,False,09:50,15:55
LITE,heat_fade_short,-1,2026-08-12,2026-08-12 09:50:00-04:00,2026-08-12 09:50:00-04:00,873.9026,894.862125,852.857875,2026-08-12 10:42:00-04:00,894.9816112125,stop,-1.0057008072702012,-1.148756949406059,0.5402126240933406,0,2,-42.1580224249999,heat_score=-28.56,28.0,52,False,09:50,10:42
MCHP,heat_fade_short,-1,2026-08-12,2026-08-12 09:50:00-04:00,2026-08-12 09:50:00-04:00,82.461752,83.63505357142857,81.30494642857143,2026-08-12 10:32:00-04:00,81.30494642857143,target,0.9859405285037636,-0.1093052315985986,1.2117532564700542,1,24,27.763333714285864,heat_score=-19.19,41.0,42,False,09:50,10:32
MPWR,heat_fade_short,-1,2026-08-12,2026-08-12 09:50:00-04:00,2026-08-12 09:50:00-04:00,1445.825402,1468.468308928571,1423.4916910714287,2026-08-12 15:55:00-04:00,1427.7077555,time,0.8001466665544855,-0.2280890000692998,0.9532964149917926,0,1,18.117646499999864,heat_score=-48.14,116.0,365,False,09:50,15:55
MRVL,heat_fade_short,-1,2026-08-12,2026-08-12 09:50:00-04:00,2026-08-12 09:50:00-04:00,223.50914585000004,228.0379392857143,219.41786071428567,2026-08-12 15:44:00-04:00,219.41786071428567,target,0.9033940703610536,-0.2806164970956624,0.9205864451935436,1,8,32.73028108571452,heat_score=-58.2,353.0,354,False,09:50,15:44
MSTR,heat_fade_short,-1,2026-08-12,2026-08-12 09:50:00-04:00,2026-08-12 09:50:00-04:00,97.140284,98.52687678571428,95.75312321428572,2026-08-12 10:35:00-04:00,95.75312321428572,target,1.0004096372098852,-0.2161528626774218,1.1036289931450127,1,20,27.74321571428544,heat_score=-26.67,44.0,45,False,09:50,10:35
NEM,heat_fade_short,-1,2026-08-12,2026-08-12 09:50:00-04:00,2026-08-12 09:50:00-04:00,118.968101,120.02477321428572,118.01522678571428,2026-08-12 10:19:00-04:00,120.06677569160716,stop,-1.0397497698468623,-1.052264822494281,0.4826482546858029,0,16,-17.57879506571453,heat_score=-12.55,6.0,29,False,09:50,10:19
ORCL,heat_fade_short,-1,2026-08-12,2026-08-12 09:50:00-04:00,2026-08-12 09:50:00-04:00,150.36746075000002,152.26178392857142,148.57821607142856,2026-08-12 10:03:00-04:00,148.57821607142856,target,0.9445297923878128,-0.2758448272770638,0.9594248597911608,1,13,23.26018082142903,heat_score=-19.31,12.0,13,False,09:50,10:03
QBTS,heat_fade_short,-1,2026-08-12,2026-08-12 09:50:00-04:00,2026-08-12 09:50:00-04:00,20.547944,20.99445714285714,20.165542857142857,2026-08-12 11:34:00-04:00,20.165542857142857,target,0.8564163204922425,-0.197208080901158,0.857632090176834,0,97,37.09291085714268,heat_score=-13.69,103.0,104,False,09:50,11:34
QCOM,heat_fade_short,-1,2026-08-12,2026-08-12 09:50:00-04:00,2026-08-12 09:50:00-04:00,164.93850350000002,166.82830357142856,163.10169642857144,2026-08-12 10:03:00-04:00,163.10169642857144,target,0.971958409357081,-0.1701219641488005,1.0786344708195212,1,12,22.041684857142968,heat_score=-15.75,12.0,13,False,09:50,10:03
QQQ,heat_fade_short,-1,2026-08-12,2026-08-12 09:50:00-04:00,2026-08-12 09:50:00-04:00,726.227369,729.9268535714286,722.7331464285714,2026-08-12 15:55:00-04:00,723.8823799999999,time,0.6338691119596849,-0.029093512331778,0.8940080533226117,0,2,4.68997800000011,heat_score=-46.42,104.0,365,False,09:50,15:55
SMH,heat_fade_short,-1,2026-08-12,2026-08-12 09:50:00-04:00,2026-08-12 09:50:00-04:00,590.280965,596.0959035714286,584.3340964285715,2026-08-12 15:43:00-04:00,584.3340964285715,target,1.0226881158552978,-0.0497055981674806,1.050907920167209,1,3,17.840605714285743,heat_score=-62.35,352.0,353,False,09:50,15:43
SMTC,heat_fade_short,-1,2026-08-12,2026-08-12 09:50:00-04:00,2026-08-12 09:50:00-04:00,139.896008,142.40544642857142,136.9545535714286,2026-08-12 15:55:00-04:00,140.7590735,time,-0.3439277450179681,-0.9858747566117422,0.6718666538313102,0,14,-12.082917000000066,heat_score=-60.01,7.0,365,False,09:50,15:55
SNXX,heat_fade_short,-1,2026-08-12,2026-08-12 09:50:00-04:00,2026-08-12 09:50:00-04:00,11.29896899,12.025446428571428,10.604553571428571,2026-08-12 15:55:00-04:00,11.071106,time,0.3136545994436917,-0.6759067576352826,0.4390624857218317,0,177,40.33174923000004,heat_score=-49.48,348.0,365,False,09:50,15:55
SOXL,heat_fade_short,-1,2026-08-12,2026-08-12 09:50:00-04:00,2026-08-12 09:50:00-04:00,146.67533,151.50240714285712,141.9475928571429,2026-08-12 15:55:00-04:00,143.02429999999998,time,0.7563645435836136,-0.087976634189159,0.9064139375676638,0,13,47.46339000000026,heat_score=-68.65,353.0,365,False,09:50,15:55
SOXQ,heat_fade_short,-1,2026-08-12,2026-08-12 09:50:00-04:00,2026-08-12 09:50:00-04:00,98.460152,99.54934642857144,97.27065357142855,2026-08-12 15:55:00-04:00,97.729771,time,0.6705699008743087,-0.1329863578075683,0.8264383074201133,0,20,14.607619999999883,heat_score=-49.92,353.0,365,False,09:50,15:55
SOXX,heat_fade_short,-1,2026-08-12,2026-08-12 09:50:00-04:00,2026-08-12 09:50:00-04:00,552.794714,559.4661392857142,546.1138607142857,2026-08-12 15:55:00-04:00,548.024796,time,0.7149773542715017,-0.0817195691552404,0.8640903185027369,0,3,14.309753999999884,heat_score=-62.68,353.0,365,False,09:50,15:55
SPY,heat_fade_short,-1,2026-08-12,2026-08-12 09:50:00-04:00,2026-08-12 09:50:00-04:00,773.452646,775.7944660714286,771.2855339285713,2026-08-12 10:32:00-04:00,771.2855339285713,target,0.9253964887689134,-0.0373017556155432,0.927759577478795,0,2,4.334224142857238,heat_score=-26.26,41.0,42,False,09:50,10:32
STM,heat_fade_short,-1,2026-08-12,2026-08-12 09:50:00-04:00,2026-08-12 09:50:00-04:00,56.614337000000006,57.49839285714285,55.74160714285714,2026-08-12 10:56:00-04:00,55.74160714285714,target,0.9871885923174732,-0.051651713668373,1.0229410197255,1,35,30.545545000000267,heat_score=-43.86,65.0,66,False,09:50,10:56
TQQQ,heat_fade_short,-1,2026-08-12,2026-08-12 09:50:00-04:00,2026-08-12 09:50:00-04:00,75.3974585,76.43936428571429,74.39063571428572,2026-08-12 11:41:00-04:00,74.39063571428572,target,0.9663280495405226,-0.0216348736220415,0.9765359919778852,0,26,26.17739242857121,heat_score=-50.19,110.0,111,False,09:50,11:41
TSM,heat_fade_short,-1,2026-08-12,2026-08-12 09:50:00-04:00,2026-08-12 09:50:00-04:00,430.686926,434.470175,426.819825,2026-08-12 15:55:00-04:00,428.642859,time,0.5402940699911809,-0.4395888296012274,0.7340056126361326,0,4,8.176268000000164,heat_score=-55.92,174.0,365,False,09:50,15:55
TXN,heat_fade_short,-1,2026-08-12,2026-08-12 09:50:00-04:00,2026-08-12 09:50:00-04:00,286.781318,289.6033892857143,284.0666107142857,2026-08-12 10:00:00-04:00,284.0666107142857,target,0.9619556031261672,-0.1164683548795695,0.9855590870717592,1,6,16.288243714285954,heat_score=-44.66,9.0,10,False,09:50,10:00
UMC,heat_fade_short,-1,2026-08-12,2026-08-12 09:50:00-04:00,2026-08-12 09:50:00-04:00,19.5630425,19.922832142857143,19.227167857142856,2026-08-12 15:55:00-04:00,19.3669355,time,0.5450601591604531,-0.061028716184365,0.6338217470327298,0,102,20.002913999999777,heat_score=-18.2,41.0,365,False,09:50,15:55
VGT,heat_fade_short,-1,2026-08-12,2026-08-12 09:50:00-04:00,2026-08-12 09:50:00-04:00,121.93770401,122.73897857142858,121.19102142857145,2026-08-12 15:55:00-04:00,121.602158,time,0.4187653348207708,-0.0839861805671339,0.783381927014987,0,16,5.368736160000026,heat_score=-34.12,353.0,365,False,09:50,15:55
VRT,heat_fade_short,-1,2026-08-12,2026-08-12 09:50:00-04:00,2026-08-12 09:50:00-04:00,297.130283,302.2733910714286,292.06660892857144,2026-08-12 11:10:00-04:00,292.06660892857144,target,0.9845552535749208,-0.1146615999138834,1.0888713443745477,1,6,30.38204442857148,heat_score=-66.37,79.0,80,False,09:50,11:10
WULF,heat_fade_short,-1,2026-08-12,2026-08-12 09:50:00-04:00,2026-08-12 09:50:00-04:00,17.768222,18.212730357142856,17.367269642857142,2026-08-12 10:02:00-04:00,17.367269642857142,target,0.9020130908674966,-0.0602418370086894,0.9408642003677632,1,112,44.90666400000026,heat_score=-16.93,11.0,12,False,09:50,10:02
XLK,heat_fade_short,-1,2026-08-12,2026-08-12 09:50:00-04:00,2026-08-12 09:50:00-04:00,189.381059,190.73567857142856,188.09432142857145,2026-08-12 15:55:00-04:00,188.808878,time,0.4223923912428219,-0.0656575483448703,0.7463785562567823,0,10,5.721810000000289,heat_score=-45,115.0,365,False,09:50,15:55
CIEN,orb20_a,1,2026-08-12,2026-08-12 09:50:00-04:00,2026-08-12 09:51:00-04:00,426.042599,417.62,438.545,2026-08-12 12:00:00-04:00,438.545,target,1.4843875388107677,-0.2923799411559323,1.538408868806412,1,4,50.00960400000008,rv20=3.151;or_width=16.74,128.0,129,False,09:51,12:00
SMCI,orb20_a,1,2026-08-12,2026-08-12 09:50:00-04:00,2026-08-12 09:51:00-04:00,37.153714,35.54505,39.532425,2026-08-12 10:05:00-04:00,35.511495495000005,stop,-1.0208586162181772,-1.0124637587463914,0.0163402674517481,0,53,-87.03758076499975,rv20=6.642;or_width=3.19,0.0,14,True,09:51,10:05
TPG,orb20_a,-1,2026-08-12,2026-08-12 09:50:00-04:00,2026-08-12 09:51:00-04:00,49.985,50.6375,49.18125,2026-08-12 12:18:00-04:00,50.67256375,stop,-1.053737547892719,-1.0038314176245176,0.2988505747126425,0,40,-27.5025500000001,rv20=2.869;or_width=1.165,40.0,147,True,09:51,12:18
QNT,orb20_a,1,2026-08-12,2026-08-12 09:50:00-04:00,2026-08-12 09:52:00-04:00,62.726271,60.120000000000005,66.595,2026-08-12 10:47:00-04:00,66.595,target,1.4843924518977547,-0.2748259870136302,1.5734085212167166,1,31,119.93059900000006,rv20=3.927;or_width=5.18,54.0,55,True,09:52,10:47
AMAT,heat_fade_short,-1,2026-08-12,2026-08-12 09:55:00-04:00,2026-08-12 09:55:00-04:00,548.4801454999999,557.0509982142858,539.3890017857143,2026-08-12 15:55:00-04:00,548.454839,time,0.0029526233670731,-0.5156843370593767,0.4060442544064793,0,3,0.0759194999998271,heat_score=-51.6,36.0,360,False,09:55,15:55
ASX,heat_fade_short,-1,2026-08-12,2026-08-12 09:55:00-04:00,2026-08-12 09:55:00-04:00,39.446054,40.0796875,38.8803125,2026-08-12 15:55:00-04:00,39.373936,time,0.1138165832456835,-0.5112513779653413,0.396213268395698,0,50,3.6059000000001618,heat_score=-31.09,10.0,360,False,09:55,15:55
CAT,heat_fade_short,-1,2026-08-12,2026-08-12 09:55:00-04:00,2026-08-12 09:55:00-04:00,865.2984605,875.1090964285714,854.8909035714286,2026-08-12 15:55:00-04:00,856.215612,time,0.925816487955505,-0.399723272635094,0.9630833891698468,0,2,18.165697000000137,heat_score=-30.34,359.0,360,False,09:55,15:55
KORU,heat_fade_short,-1,2026-08-12,2026-08-12 09:55:00-04:00,2026-08-12 09:55:00-04:00,20.017997,20.726319642857145,19.313680357142857,2026-08-12 15:55:00-04:00,20.202019000000004,time,-0.2597996857162692,-0.3981278910730457,0.434825856699486,0,99,-18.218178000000236,heat_score=-39.65,161.0,360,False,09:55,15:55
LRCX,heat_fade_short,-1,2026-08-12,2026-08-12 09:55:00-04:00,2026-08-12 09:55:00-04:00,326.187377,331.8294678571429,319.99053214285715,2026-08-12 15:55:00-04:00,325.922588,time,0.0469310060232089,-0.5853367277520821,0.4763087068330019,0,6,1.588734000000386,heat_score=-52.93,36.0,360,False,09:55,15:55
NBIS,heat_fade_short,-1,2026-08-12,2026-08-12 09:55:00-04:00,2026-08-12 09:55:00-04:00,224.9924975,231.09077142857143,218.97922857142856,2026-08-12 10:04:00-04:00,231.1438805057143,stop,-1.0087088703729818,-1.116299887433021,0.3890441012963467,0,8,-49.21106404571424,heat_score=-60.53,2.0,9,False,09:55,10:04
ON,heat_fade_short,-1,2026-08-12,2026-08-12 09:55:00-04:00,2026-08-12 09:55:00-04:00,84.021596,85.19086607142857,82.87913392857142,2026-08-12 11:39:00-04:00,82.87913392857142,target,0.977072875929138,-0.152577239732163,1.0704079669728082,1,23,26.27662764285739,heat_score=-35.05,103.0,104,False,09:55,11:39
CAVA,heat_fade_short,-1,2026-08-12,2026-08-12 10:00:00-04:00,2026-08-12 10:00:00-04:00,68.673131,69.45984821428571,67.96035178571428,2026-08-12 10:05:00-04:00,67.96035178571428,target,0.9060170558653292,-0.3355322537840594,1.1098409748066116,1,29,20.67059721428581,heat_score=-16.48,4.0,5,False,10:00,10:05
CEG,heat_fade_short,-1,2026-08-12,2026-08-12 10:00:00-04:00,2026-08-12 10:00:00-04:00,282.051791,284.92549285714284,279.65430714285714,2026-08-12 11:49:00-04:00,279.65430714285714,target,0.834284131175149,-0.5805087246102282,0.8810207620205932,1,7,16.782386999999915,heat_score=-17.13,108.0,109,False,10:00,11:49
EWY,heat_fade_short,-1,2026-08-12,2026-08-12 10:00:00-04:00,2026-08-12 10:00:00-04:00,174.67253,176.9677714285714,172.37062857142857,2026-08-12 15:55:00-04:00,175.397537,time,-0.3158739603490242,-0.4825069756122816,0.3540063323559426,0,11,-7.975077000000056,heat_score=-48.67,156.0,355,False,10:00,15:55
LNT,orb20_a,1,2026-08-12,2026-08-12 09:50:00-04:00,2026-08-12 10:03:00-04:00,70.167015,69.48250000000002,71.15125,2026-08-12 11:04:00-04:00,69.44555175000002,stop,-1.0539772685770146,-1.0182611045777188,0.4280183779756346,0,28,-20.200970999999583,rv20=6.73;or_width=1.335,17.0,61,False,10:03,11:04
ALC,orb20_a,-1,2026-08-12,2026-08-12 09:50:00-04:00,2026-08-12 10:04:00-04:00,72.08278999999999,72.42999999999999,71.60499999999999,2026-08-12 10:09:00-04:00,72.467243,stop,-1.1072636156792812,-1.0000000000000409,0.0,0,27,-10.380231000000208,rv20=2.863;or_width=0.66,0.0,5,False,10:04,10:09
DRAM,heat_fade_short,-1,2026-08-12,2026-08-12 10:05:00-04:00,2026-08-12 10:05:00-04:00,54.454553,55.50935892857143,53.43064107142857,2026-08-12 15:55:00-04:00,54.825481,time,-0.3516552096956429,-0.7161004498931817,0.1086010202418424,0,36,-13.353407999999718,heat_score=-42.33,10.0,350,False,10:05,15:55
BE,heat_fade_short,-1,2026-08-12,2026-08-12 10:15:00-04:00,2026-08-12 10:15:00-04:00,236.626334,242.97115714285715,230.08884285714285,2026-08-12 15:55:00-04:00,237.183715,time,-0.0878481539122929,-0.6956326284632198,0.8583901989658089,0,8,-4.459047999999939,heat_score=-14.19,46.0,340,False,10:15,15:55
ONON,orb20_a,-1,2026-08-12,2026-08-12 09:50:00-04:00,2026-08-12 10:20:00-04:00,31.036895,31.525,30.3375,2026-08-12 15:50:00-04:00,31.0131,time,0.048749756712175,-0.5185462144415669,0.8743917804570691,0,64,1.522879999999759,rv20=2.972;or_width=0.95,22.0,330,False,10:20,15:50
CVNA,heat_fade_long,1,2026-08-12,2026-08-12 11:05:00-04:00,2026-08-12 11:05:00-04:00,70.51705,69.5025,71.5875,2026-08-12 13:38:00-04:00,71.5875,target,1.0550983194519818,-0.2040806268789072,1.0575624661179892,1,28,29.972600000000227,heat_score=61.53,152.0,153,False,11:05,13:38
FSLR,heat_fade_long,1,2026-08-12,2026-08-12 11:05:00-04:00,2026-08-12 11:05:00-04:00,228.342831,224.64442678571427,231.85557321428573,2026-08-12 15:55:00-04:00,227.46725,time,-0.2367456203456349,-0.9417118298067442,0.2412307980165794,0,8,-7.004647999999861,heat_score=69.4,14.0,290,False,11:05,15:55
MCHP,heat_fade_long,1,2026-08-12,2026-08-12 11:05:00-04:00,2026-08-12 11:05:00-04:00,80.66806500000001,79.50494642857143,81.83505357142857,2026-08-12 15:51:00-04:00,79.46699593392857,stop,-1.032628225165595,-1.0042527294232384,0.3110903814007255,0,24,-28.825657585714566,heat_score=60.49,2.0,286,False,11:05,15:51
QCOM,heat_fade_long,1,2026-08-12,2026-08-12 11:05:00-04:00,2026-08-12 11:05:00-04:00,161.266124,159.35669642857144,163.08330357142856,2026-08-12 12:51:00-04:00,163.08330357142856,target,0.9516881386964744,-0.0555789607251751,0.9682881025001482,1,12,21.80615485714281,heat_score=63.3,105.0,106,False,11:05,12:51
TXN,heat_fade_long,1,2026-08-12,2026-08-12 11:05:00-04:00,2026-08-12 11:05:00-04:00,279.717968,276.6816107142857,282.2183892857143,2026-08-12 11:47:00-04:00,276.6239425532143,stop,-1.0189925478607864,-1.0449916467104854,0.2048612667970848,0,7,-21.658178127499752,heat_score=69.9,2.0,42,False,11:05,11:47
MSTR,heat_fade_long,1,2026-08-12,2026-08-12 11:10:00-04:00,2026-08-12 11:10:00-04:00,94.969495,93.54312321428571,96.3168767857143,2026-08-12 15:55:00-04:00,94.88051,time,-0.062385558163187,-0.2590453651009228,0.6874119425385148,0,21,-1.8686850000001696,heat_score=59.91,237.0,285,False,11:10,15:55
MSTU,heat_fade_long,1,2026-08-12,2026-08-12 11:10:00-04:00,2026-08-12 11:10:00-04:00,17.961795000000002,17.404464285714283,18.495535714285715,2026-08-12 15:55:00-04:00,17.938204999999996,time,-0.0423267539278522,-0.2903033977005191,0.7862566852458592,0,111,-2.618490000000641,heat_score=60.37,237.0,285,False,11:10,15:55
IONQ,heat_fade_long,1,2026-08-12,2026-08-12 11:30:00-04:00,2026-08-12 11:30:00-04:00,43.0993085,42.3305875,43.8294125,2026-08-12 11:58:00-04:00,43.8294125,target,0.9497646090063856,-0.3373245950091075,0.9830504175116828,1,46,33.58478399999987,heat_score=63.85,27.0,28,False,11:30,11:58
META,heat_fade_long,1,2026-08-12,2026-08-12 11:35:00-04:00,2026-08-12 11:35:00-04:00,583.158309,577.534075,588.645925,2026-08-12 15:55:00-04:00,579.782015,time,-0.6003117935704718,-0.8798191895998626,0.0924554348201025,0,3,-10.12888200000009,heat_score=58.83,188.0,260,False,11:35,15:55
OKLO,heat_fade_long,1,2026-08-12,2026-08-12 11:35:00-04:00,2026-08-12 11:35:00-04:00,45.004499,44.08497321428571,45.87502678571428,2026-08-12 12:22:00-04:00,45.87502678571428,target,0.9467138379790516,-0.0266430810104742,0.9628887125902738,1,44,38.303222571428336,heat_score=61.11,46.0,47,False,11:35,12:22
RBLX,heat_fade_long,1,2026-08-12,2026-08-12 11:35:00-04:00,2026-08-12 11:35:00-04:00,35.263524999999994,34.427369642857144,36.05183035714286,2026-08-12 15:55:00-04:00,35.666432,time,0.4818566269511717,-0.1238107238273799,0.7013947766883862,0,56,22.562792000000343,heat_score=63.45,255.0,260,False,11:35,15:55
AA,heat_fade_long,1,2026-08-12,2026-08-12 11:50:00-04:00,2026-08-12 11:50:00-04:00,52.335232,51.87303571428571,52.76696428571429,2026-08-12 12:38:00-04:00,51.83784841071429,stop,-1.0761306498104963,-1.2661979727845971,0.6377550168852312,0,38,-18.90057639285702,heat_score=58.47,5.0,48,False,11:50,12:38
APTV,heat_fade_long,1,2026-08-12,2026-08-12 11:50:00-04:00,2026-08-12 11:50:00-04:00,48.964895,48.33807142857143,49.60192857142857,2026-08-12 12:47:00-04:00,48.303237621428565,stop,-1.055571948360958,-1.0288301675226388,0.0719580469783581,0,40,-26.466295142857348,heat_score=59.94,3.0,57,False,11:50,12:47
STM,heat_fade_long,1,2026-08-12,2026-08-12 11:50:00-04:00,2026-08-12 11:50:00-04:00,55.005499,54.12160714285714,55.878392857142856,2026-08-12 15:55:00-04:00,54.36456200000001,time,-0.7251305629987316,-0.7416054291063073,0.4576363010148422,0,36,-23.07373199999978,heat_score=63.77,13.0,245,False,11:50,15:55
APP,heat_fade_long,1,2026-08-12,2026-08-12 12:00:00-04:00,2026-08-12 12:00:00-04:00,310.81107699999995,304.72130000000004,317.0521,2026-08-12 15:40:00-04:00,304.66082787000005,stop,-1.0099301058150396,-1.0084239537835338,0.3266003007992058,0,6,-36.90149477999944,heat_score=60.41,53.0,220,False,12:00,15:40
AMZN,heat_fade_long,1,2026-08-12,2026-08-12 12:05:00-04:00,2026-08-12 12:05:00-04:00,267.94339066000003,265.34910892857147,270.4808910714286,2026-08-12 15:55:00-04:00,267.78321800000003,time,-0.0617406575621993,-0.1497102860089741,0.5807423772630607,0,7,-1.1212086200000044,heat_score=57.98,63.0,230,False,12:05,15:55
CEG,heat_fade_long,1,2026-08-12,2026-08-12 12:10:00-04:00,2026-08-12 12:10:00-04:00,279.13791000000003,276.3344071428572,281.6055928571429,2026-08-12 15:55:00-04:00,278.76212000000004,time,-0.1340430237274574,-0.3862703393509843,0.3431742534339652,0,7,-2.6305299999999647,heat_score=63.56,101.0,225,False,12:10,15:55
TXG,heat_fade_long,1,2026-08-12,2026-08-12 12:40:00-04:00,2026-08-12 12:40:00-04:00,57.275726,56.32964464285715,58.15035535714286,2026-08-12 15:55:00-04:00,57.604238,time,0.3472344080345306,-0.7564106348751842,0.4061743708389923,0,34,11.169408000000118,heat_score=62.66,192.0,195,False,12:40,15:55
FCEL,exhaustion_short,-1,2026-08-12,2026-08-12 13:10:00-04:00,2026-08-12 13:10:00-04:00,22.027796,22.696798214285717,21.376001785714287,2026-08-12 15:55:00-04:00,21.872186,time,0.2326001269908233,-0.9898382783486436,0.4600821842250991,0,90,14.004899999999942,layers=rsi5 > 90 (short-term overbought) + sma20_dist_pct > 1.0 (close > 1% above 5-min SMA20) + bear_div == 1 (price at 20-bar high while RSI(14) is >5 below its 20-bar max) + time window 13:00-15:00 ET (bar close),161.0,165,False,13:10,15:55
FLEX,heat_fade_long,1,2026-08-12,2026-08-12 13:10:00-04:00,2026-08-12 13:10:00-04:00,126.962694,124.64526964285714,129.13473035714287,2026-08-12 15:52:00-04:00,124.60280511589286,stop,-1.018324018574067,-1.015219328625953,0.3138423904790109,0,15,-35.39833326160704,heat_score=59.66,30.0,162,False,13:10,15:52
ETN,heat_fade_long,1,2026-08-12,2026-08-12 13:15:00-04:00,2026-08-12 13:15:00-04:00,462.016196,457.118675,466.861525,2026-08-12 15:55:00-04:00,459.184076,time,-0.5782762340375844,-0.5934014371760684,0.4030210386030067,0,4,-11.3284799999999,heat_score=57.72,42.0,160,False,13:15,15:55
CRDO,exhaustion_short,-1,2026-08-12,2026-08-12 13:35:00-04:00,2026-08-12 13:35:00-04:00,273.442652,279.00009821428574,268.1257017857143,2026-08-12 15:32:00-04:00,268.1257017857143,target,0.9567254471340094,-0.6814907160530702,1.0135324360892517,1,7,37.21865150000008,layers=rsi5 > 90 (short-term overbought) + sma20_dist_pct > 1.0 (close > 1% above 5-min SMA20) + bear_div == 1 (price at 20-bar high while RSI(14) is >5 below its 20-bar max) + time window 13:00-15:00 ET (bar close),116.0,117,False,13:35,15:32
CBRS,exhaustion_short,-1,2026-08-12,2026-08-12 13:40:00-04:00,2026-08-12 13:40:00-04:00,262.903706,268.49312321428573,257.2068767857143,2026-08-12 15:55:00-04:00,262.90378675,time,-1.4446944448643527e-05,-0.4877599748739435,0.8021777276779927,0,7,-0.0005652499999655,layers=rsi5 > 90 (short-term overbought) + sma20_dist_pct > 1.0 (close > 1% above 5-min SMA20) + bear_div == 1 (price at 20-bar high while RSI(14) is >5 below its 20-bar max) + time window 13:00-15:00 ET (bar close),109.0,135,False,13:40,15:55
LITE,exhaustion_short,-1,2026-08-12,2026-08-12 13:45:00-04:00,2026-08-12 13:45:00-04:00,956.44424501,976.002225,933.997975,2026-08-12 14:56:00-04:00,933.997975,target,1.147678340067681,-0.5192588904985406,1.173139814118407,1,2,44.89254002000007,layers=rsi5 > 90 (short-term overbought) + sma20_dist_pct > 1.0 (close > 1% above 5-min SMA20) + bear_div == 1 (price at 20-bar high while RSI(14) is >5 below its 20-bar max) + time window 13:00-15:00 ET (bar close),70.0,71,False,13:45,14:56
CIEN,exhaustion_short,-1,2026-08-12,2026-08-12 13:50:00-04:00,2026-08-12 13:50:00-04:00,444.8505095,452.4473303571429,437.5526696428572,2026-08-12 14:51:00-04:00,437.5526696428572,target,0.960643931767996,-0.1987002890269208,1.0294450332663607,1,4,29.19135942857133,layers=rsi5 > 90 (short-term overbought) + sma20_dist_pct > 1.0 (close > 1% above 5-min SMA20) + bear_div == 1 (price at 20-bar high while RSI(14) is >5 below its 20-bar max) + time window 13:00-15:00 ET (bar close),60.0,61,False,13:50,14:51
IREN,exhaustion_short,-1,2026-08-12,2026-08-12 13:50:00-04:00,2026-08-12 13:50:00-04:00,43.380660500000005,44.3960625,42.3841375,2026-08-12 15:55:00-04:00,43.73437199999999,time,-0.3483462707380825,-0.8856979797164091,0.0301954299873384,0,46,-16.270728999999477,layers=rsi5 > 90 (short-term overbought) + sma20_dist_pct > 1.0 (close > 1% above 5-min SMA20) + bear_div == 1 (price at 20-bar high while RSI(14) is >5 below its 20-bar max) + time window 13:00-15:00 ET (bar close),112.0,125,False,13:50,15:55
NBIS,exhaustion_short,-1,2026-08-12,2026-08-12 13:50:00-04:00,2026-08-12 13:50:00-04:00,250.1899775,256.2807714285714,244.16922857142856,2026-08-12 15:55:00-04:00,256.33639950571427,stop,-1.0091331405716906,-1.1049499587287002,0.5943359014362608,0,7,-43.0249540399999,layers=rsi5 > 90 (short-term overbought) + sma20_dist_pct > 1.0 (close > 1% above 5-min SMA20) + bear_div == 1 (price at 20-bar high while RSI(14) is >5 below its 20-bar max) + time window 13:00-15:00 ET (bar close),67.0,125,False,13:50,15:55
CIFR,exhaustion_short,-1,2026-08-12,2026-08-12 14:05:00-04:00,2026-08-12 14:05:00-04:00,17.953203499999997,18.69278035714286,17.23721964285714,2026-08-12 15:55:00-04:00,17.841783,time,0.1506543896336051,-0.2660933723105764,0.2206714534449969,0,111,12.367675499999743,layers=rsi5 > 90 (short-term overbought) + sma20_dist_pct > 1.0 (close > 1% above 5-min SMA20) + bear_div == 1 (price at 20-bar high while RSI(14) is >5 below its 20-bar max) + time window 13:00-15:00 ET (bar close),54.0,110,False,14:05,15:55
INIO,exhaustion_short,-1,2026-08-12,2026-08-12 14:05:00-04:00,2026-08-12 14:05:00-04:00,28.68713,29.31861428571429,28.041385714285717,2026-08-12 15:55:00-04:00,28.192818000000003,time,0.782777990177332,-0.337094690739955,1.008940387612855,1,69,34.1075279999998,layers=rsi5 > 90 (short-term overbought) + sma20_dist_pct > 1.0 (close > 1% above 5-min SMA20) + bear_div == 1 (price at 20-bar high while RSI(14) is >5 below its 20-bar max) + time window 13:00-15:00 ET (bar close),100.0,110,False,14:05,15:55
APLD,exhaustion_short,-1,2026-08-12,2026-08-12 14:10:00-04:00,2026-08-12 14:10:00-04:00,31.14638405,31.83671785714285,30.478682142857146,2026-08-12 15:55:00-04:00,31.103109,time,0.0626871370809844,-0.5484534381519123,0.2917198142641861,0,64,2.76960320000012,layers=rsi5 > 90 (short-term overbought) + sma20_dist_pct > 1.0 (close > 1% above 5-min SMA20) + bear_div == 1 (price at 20-bar high while RSI(14) is >5 below its 20-bar max) + time window 13:00-15:00 ET (bar close),49.0,105,False,14:10,15:55
IONQ,exhaustion_short,-1,2026-08-12,2026-08-12 14:10:00-04:00,2026-08-12 14:10:00-04:00,45.2304755,45.9944125,44.4955875,2026-08-12 15:55:00-04:00,45.0995085,time,0.1714369116825059,-0.405039289889096,0.4653204387272744,0,44,5.762547999999924,layers=rsi5 > 90 (short-term overbought) + sma20_dist_pct > 1.0 (close > 1% above 5-min SMA20) + bear_div == 1 (price at 20-bar high while RSI(14) is >5 below its 20-bar max) + time window 13:00-15:00 ET (bar close),93.0,105,False,14:10,15:55
SMCI,exhaustion_short,-1,2026-08-12,2026-08-12 14:15:00-04:00,2026-08-12 14:15:00-04:00,37.646234,38.202151785714285,37.11784821428571,2026-08-12 15:55:00-04:00,37.833782,time,-0.337366432266641,-0.9061879525094196,0.2810379592357463,0,53,-9.94004399999998,layers=rsi5 > 90 (short-term overbought) + sma20_dist_pct > 1.0 (close > 1% above 5-min SMA20) + bear_div == 1 (price at 20-bar high while RSI(14) is >5 below its 20-bar max) + time window 13:00-15:00 ET (bar close),41.0,100,False,14:15,15:55
SPCH,exhaustion_short,-1,2026-08-12,2026-08-12 14:35:00-04:00,2026-08-12 14:35:00-04:00,10.1039885,10.40735,9.82785,2026-08-12 15:46:00-04:00,9.82785,target,0.910262178951517,-0.6296497742792032,1.0350308130728565,1,197,54.399284500000014,layers=rsi5 > 90 (short-term overbought) + sma20_dist_pct > 1.0 (close > 1% above 5-min SMA20) + bear_div == 1 (price at 20-bar high while RSI(14) is >5 below its 20-bar max) + time window 13:00-15:00 ET (bar close),70.0,71,False,14:35,15:46
SPCX,exhaustion_short,-1,2026-08-12,2026-08-12 14:35:00-04:00,2026-08-12 14:35:00-04:00,148.12518500000002,150.67597678571428,145.5840232142857,2026-08-12 15:46:00-04:00,145.5840232142857,target,0.9962247016577788,-0.5781792964285416,1.0291647537452444,1,13,33.03510321428601,layers=rsi5 > 90 (short-term overbought) + sma20_dist_pct > 1.0 (close > 1% above 5-min SMA20) + bear_div == 1 (price at 20-bar high while RSI(14) is >5 below its 20-bar max) + time window 13:00-15:00 ET (bar close),70.0,71,False,14:35,15:46
HIMS,exhaustion_short,-1,2026-08-12,2026-08-12 14:45:00-04:00,2026-08-12 14:45:00-04:00,30.336965,31.091851785714287,29.628148214285712,2026-08-12 15:55:00-04:00,29.9679955,time,0.4887746175751017,-0.864944270261905,0.6715775260528659,0,65,23.98301749999991,layers=rsi5 > 90 (short-term overbought) + sma20_dist_pct > 1.0 (close > 1% above 5-min SMA20) + bear_div == 1 (price at 20-bar high while RSI(14) is >5 below its 20-bar max) + time window 13:00-15:00 ET (bar close),66.0,70,False,14:45,15:55
CLF,exhaustion_short,-1,2026-08-12,2026-08-12 15:00:00-04:00,2026-08-12 15:00:00-04:00,12.248774,12.458698214285716,12.061301785714283,2026-08-12 15:55:00-04:00,12.241223,time,0.0359701239120706,-0.4345663520066217,0.422885946254759,0,163,1.230813000000195,layers=rsi5 > 90 (short-term overbought) + sma20_dist_pct > 1.0 (close > 1% above 5-min SMA20) + bear_div == 1 (price at 20-bar high while RSI(14) is >5 below its 20-bar max) + time window 13:00-15:00 ET (bar close),43.0,55,False,15:00,15:55
IWM,intraday_momentum,1,2026-08-12,2026-08-12 15:30:00-04:00,2026-08-12 15:30:00-04:00,303.1353095,302.0670553571428,,2026-08-12 15:55:00-04:00,302.64973100000003,time,-0.4545533506673089,-0.4636626062364171,0.0,0,6,-2.913470999999845,first_30m_ret=0.2957,0.0,25,False,15:30,15:55
SPY,intraday_momentum,1,2026-08-12,2026-08-12 15:30:00-04:00,2026-08-12 15:30:00-04:00,773.067298,770.7255339285714,,2026-08-12 15:55:00-04:00,772.172774,time,-0.3819872424015448,-0.3831718194620139,0.0,0,2,-1.7890480000000937,first_30m_ret=0.2817,2.0,25,False,15:30,15:55
ADBE,heat_fade_short,-1,2026-08-13,2026-08-13 09:50:00-04:00,2026-08-13 09:50:00-04:00,261.43385300000006,264.4951785714286,258.20482142857145,2026-08-13 11:14:00-04:00,258.20482142857145,target,1.0547821510933932,-0.8611129193847236,1.1951858482966604,1,7,22.603221000000246,heat_score=-47.28,83.0,84,False,09:50,11:14
DELL,heat_fade_short,-1,2026-08-13,2026-08-13 09:50:00-04:00,2026-08-13 09:50:00-04:00,494.580536,503.8794035714286,485.4605964285714,2026-08-13 10:23:00-04:00,503.95979151178574,stop,-1.0086449172159548,-1.0022149394443094,0.104360664623479,0,4,-37.51702204714297,heat_score=-18.04,0.0,33,False,09:50,10:23
SHOP,heat_fade_short,-1,2026-08-13,2026-08-13 09:50:00-04:00,2026-08-13 09:50:00-04:00,151.764821,153.77948392857144,149.70051607142858,2026-08-13 10:12:00-04:00,153.8248618769643,stop,-1.0225238414572069,-1.0796739092937897,0.2060002167679289,0,13,-26.78053140053564,heat_score=-14.28,8.0,22,False,09:50,10:12
SSPC,heat_fade_short,-1,2026-08-13,2026-08-13 09:50:00-04:00,2026-08-13 09:50:00-04:00,10.378961,11.235966071428573,9.554033928571428,2026-08-13 15:55:00-04:00,10.851084,time,-0.5508987236364916,-0.7246619894147988,0.1038045199099103,0,192,-90.64761599999996,heat_score=-27.47,352.0,365,False,09:50,15:55
HPQ,orb20_a,-1,2026-08-13,2026-08-13 09:50:00-04:00,2026-08-13 09:52:00-04:00,29.48705,30.84,27.49,2026-08-13 14:54:00-04:00,30.873084,stop,-1.0244532318267507,-1.0000000000000029,0.0,0,67,-92.86427799999991,rv20=4.593;or_width=2.68,0.0,302,True,09:52,14:54
JD,orb20_a,-1,2026-08-13,2026-08-13 09:50:00-04:00,2026-08-13 09:52:00-04:00,29.987,30.68,28.98,2026-08-13 12:04:00-04:00,28.98,target,1.4531024531024472,-0.0620490620490659,1.4747474747474696,1,66,66.46199999999986,rv20=3.37;or_width=1.36,131.0,132,False,09:52,12:04
CRM,heat_fade_short,-1,2026-08-13,2026-08-13 09:55:00-04:00,2026-08-13 09:55:00-04:00,195.52104494,197.6953107142857,193.4646892857143,2026-08-13 11:13:00-04:00,193.4646892857143,target,0.945770143928834,-0.4916395560479031,0.9893201491002988,1,10,20.563556542857384,heat_score=-21.05,77.0,78,False,09:55,11:13
LITE,heat_fade_short,-1,2026-08-13,2026-08-13 09:55:00-04:00,2026-08-13 09:55:00-04:00,928.467143,950.8731964285714,906.2468035714284,2026-08-13 14:09:00-04:00,906.2468035714284,target,0.9917114363494768,-0.8235656966018614,1.0250418742067828,1,2,44.44067885714321,heat_score=-11.99,253.0,254,False,09:55,14:09
INFQ,orb20_a,1,2026-08-13,2026-08-13 09:50:00-04:00,2026-08-13 09:56:00-04:00,12.84798367,12.19835,13.794225,2026-08-13 15:50:00-04:00,12.238775,time,-0.9377726219147492,-0.9743701708071896,0.541868973632479,0,155,-94.42734384999989,rv20=3.906;or_width=1.277,33.0,354,False,09:56,15:50
LUNR,orb20_a,1,2026-08-13,2026-08-13 09:50:00-04:00,2026-08-13 09:56:00-04:00,17.200818910000002,15.68955,19.438425,2026-08-13 15:50:00-04:00,17.558242999999997,time,0.236505950486333,-0.5894509601206596,0.2972211543741713,0,116,41.46119443999942,rv20=3.994;or_width=2.999,353.0,354,False,09:56,15:50
VMRK,orb20_a,1,2026-08-13,2026-08-13 09:50:00-04:00,2026-08-13 09:56:00-04:00,66.126611,65.435,67.1225,2026-08-13 15:50:00-04:00,66.033395,time,-0.1347809679140426,-0.7180495972447016,0.7567678940907718,0,30,-2.7964799999999457,rv20=2.915;or_width=1.35,50.0,354,False,09:56,15:50
CRWD,heat_fade_short,-1,2026-08-13,2026-08-13 10:00:00-04:00,2026-08-13 10:00:00-04:00,224.357561,226.63380714285717,222.20619285714284,2026-08-13 11:17:00-04:00,222.20619285714284,target,0.9451386220282748,-0.6073328248520499,1.013757236773855,1,8,17.210945142857327,heat_score=-12.72,76.0,77,False,10:00,11:17
BKNG,heat_fade_short,-1,2026-08-13,2026-08-13 10:05:00-04:00,2026-08-13 10:05:00-04:00,212.6337335,214.74461428571428,210.5753857142857,2026-08-13 15:55:00-04:00,213.491346,time,-0.4062818259581589,-0.8272691247265747,0.8023823569112114,0,9,-7.718512499999889,heat_score=-16.31,84.0,350,False,10:05,15:55
IBM,heat_fade_short,-1,2026-08-13,2026-08-13 10:05:00-04:00,2026-08-13 10:05:00-04:00,238.6611305,240.5571,236.8329,2026-08-13 10:39:00-04:00,236.8329,target,0.9642721045882008,-0.5532101122934767,1.10820901918519,1,8,14.625844000000145,heat_score=-26.53,33.0,34,False,10:05,10:39
ABT,heat_fade_short,-1,2026-08-13,2026-08-13 10:10:00-04:00,2026-08-13 10:10:00-04:00,112.198778,112.94578571428572,111.46421428571428,2026-08-13 10:38:00-04:00,111.46421428571428,target,0.9833415374941408,-0.2091303704264815,1.0425300637552817,1,17,12.48758314285712,heat_score=-12.28,27.0,28,False,10:10,10:38
MA,heat_fade_short,-1,2026-08-13,2026-08-13 10:10:00-04:00,2026-08-13 10:10:00-04:00,563.9136020000001,566.9044732142858,561.0255267857143,2026-08-13 10:30:00-04:00,561.0255267857143,target,0.9656300814595756,-0.0723528311638106,0.967477966346068,1,3,8.664225642857332,heat_score=-14.43,19.0,20,False,10:10,10:30
V,heat_fade_short,-1,2026-08-13,2026-08-13 10:10:00-04:00,2026-08-13 10:10:00-04:00,362.913704,365.020875,361.119125,2026-08-13 10:34:00-04:00,361.119125,target,0.8516532355466186,-0.0646819835694474,0.8607293855126035,1,5,8.972894999999994,heat_score=-25.92,23.0,24,False,10:10,10:34
CSCO,orb20_a,1,2026-08-13,2026-08-13 09:50:00-04:00,2026-08-13 10:16:00-04:00,115.501548,113.485,118.4725,2026-08-13 11:23:00-04:00,113.44365150000002,stop,-1.0205045949811251,-1.0421016509401309,0.2218900814659428,0,17,-34.98424049999997,rv20=8.464;or_width=3.99,2.0,67,True,10:16,11:23
ONDS,orb20_a,1,2026-08-13,2026-08-13 09:50:00-04:00,2026-08-13 10:22:00-04:00,9.400939,9.095,9.8325,2026-08-13 11:16:00-04:00,9.0640905,stop,-1.1010315781904223,-1.0490293816741203,0.487224577448441,0,212,-71.41188200000045,rv20=3.164;or_width=0.59,2.0,54,False,10:22,11:16
GEV,heat_fade_short,-1,2026-08-13,2026-08-13 10:25:00-04:00,2026-08-13 10:25:00-04:00,1040.105978,1052.9699214285715,1026.9900785714285,2026-08-13 13:05:00-04:00,1053.1052184207144,stop,-1.0105175363133525,-1.0000061078804443,0.7475140149203753,0,1,-12.999240420714386,heat_score=-17.39,43.0,160,False,10:25,13:05
FIGR,orb20_a,-1,2026-08-13,2026-08-13 09:50:00-04:00,2026-08-13 10:30:00-04:00,30.576941,31.76,28.835,2026-08-13 12:52:00-04:00,31.793176,stop,-1.0280425574717753,-1.000000000000003,0.5637428057265088,0,65,-79.05527500000007,rv20=7.785;or_width=2.34,11.0,142,True,10:30,12:52
JPM,heat_fade_short,-1,2026-08-13,2026-08-13 10:30:00-04:00,2026-08-13 10:30:00-04:00,365.893406,367.5824875,364.3975125,2026-08-13 10:46:00-04:00,364.3975125,target,0.8856254123913113,-0.0808688035479321,0.9019138508118378,1,5,7.479467500000112,heat_score=-16.67,15.0,16,False,10:30,10:46
PFGC,heat_fade_long,1,2026-08-13,2026-08-13 11:05:00-04:00,2026-08-13 11:05:00-04:00,104.6954675,104.0131875,105.5868125,2026-08-13 12:16:00-04:00,105.5868125,target,1.306421117429764,-0.3597753121885467,1.3623915401301308,1,19,16.935554999999752,heat_score=60.79,70.0,71,False,11:05,12:16
SNDQ,heat_fade_long,1,2026-08-13,2026-08-13 11:05:00-04:00,2026-08-13 11:05:00-04:00,20.9910979,18.631164285714284,23.308835714285717,2026-08-13 11:16:00-04:00,18.599301169285717,stop,-1.0135017003171995,-1.085241501920456,0.0,0,95,-227.22068941785724,heat_score=63.89,0.0,11,False,11:05,11:16
SOXS,heat_fade_long,1,2026-08-13,2026-08-13 11:10:00-04:00,2026-08-13 11:10:00-04:00,38.03500212,35.90004642857143,40.14995357142857,2026-08-13 15:46:00-04:00,40.14995357142857,target,0.9906301380959244,-0.2224880459613467,0.9906518849507264,1,52,109.97747547428548,heat_score=58.27,275.0,276,False,11:10,15:46
ACN,heat_fade_long,1,2026-08-13,2026-08-13 11:15:00-04:00,2026-08-13 11:15:00-04:00,179.117909,176.82605714285717,181.3339428571429,2026-08-13 15:55:00-04:00,179.00209700000002,time,-0.0505320619389228,-0.924060162701873,0.917201953280088,0,11,-1.2739319999997465,heat_score=58.87,258.0,280,False,11:15,15:55
IBM,heat_fade_long,1,2026-08-13,2026-08-13 11:15:00-04:00,2026-08-13 11:15:00-04:00,234.783475,232.8829,236.6071,2026-08-13 14:45:00-04:00,236.6071,target,0.9595122528708656,-0.6174315667626814,1.0557462873078078,1,8,14.58900000000017,heat_score=63.9,209.0,210,False,11:15,14:45
HD,heat_fade_long,1,2026-08-13,2026-08-13 11:20:00-04:00,2026-08-13 11:20:00-04:00,341.894185,339.58224107142854,344.05775892857145,2026-08-13 15:55:00-04:00,341.25587,time,-0.2760944987080165,-0.5987104543903402,0.2187834201984849,0,5,-3.1915749999998866,heat_score=58.1,108.0,275,False,11:20,15:55
NOW,heat_fade_long,1,2026-08-13,2026-08-13 11:20:00-04:00,2026-08-13 11:20:00-04:00,122.952293,121.25404107142856,124.65595892857142,2026-08-13 14:34:00-04:00,124.65595892857142,target,1.0031879840139664,-0.7668432333802733,1.1468893202661616,1,16,27.258654857142574,heat_score=58.28,193.0,194,False,11:20,14:34
ADBE,heat_fade_long,1,2026-08-13,2026-08-13 11:25:00-04:00,2026-08-13 11:25:00-04:00,257.1007065,253.95482142857145,260.2451785714286,2026-08-13 14:34:00-04:00,260.2451785714286,target,0.9995508418242008,-0.397569037521151,1.0137984788337342,1,7,22.011304500000165,heat_score=57.95,188.0,189,False,11:25,14:34
SAP,heat_fade_long,1,2026-08-13,2026-08-13 11:25:00-04:00,2026-08-13 11:25:00-04:00,202.120209,200.02347857142857,204.07652142857145,2026-08-13 14:37:00-04:00,204.07652142857145,target,0.9330300175518385,-0.3490715783138029,1.0706149772097695,1,9,17.606811857143185,heat_score=61.19,191.0,192,False,11:25,14:37
CRM,heat_fade_long,1,2026-08-13,2026-08-13 11:30:00-04:00,2026-08-13 11:30:00-04:00,192.119209,190.01468928571427,194.2453107142857,2026-08-13 14:34:00-04:00,194.2453107142857,target,1.0102550714319865,-0.3464966353368159,1.124432802380845,1,10,21.261017142857384,heat_score=68.68,183.0,184,False,11:30,14:34
CAVA,heat_fade_long,1,2026-08-13,2026-08-13 12:00:00-04:00,2026-08-13 12:00:00-04:00,70.11701,69.17912321428571,70.98087678571429,2026-08-13 12:26:00-04:00,70.98087678571429,target,0.921077894339222,-0.0356226364513117,1.042759120713253,1,28,24.188270000000216,heat_score=58.49,25.0,26,False,12:00,12:26
IREN,heat_fade_long,1,2026-08-13,2026-08-13 12:15:00-04:00,2026-08-13 12:15:00-04:00,44.76657521,43.71089464285714,45.78910535714286,2026-08-13 15:55:00-04:00,44.635535,time,-0.1241286560333757,-0.7356157100644146,0.6947412056517961,0,44,-5.76576923999977,heat_score=77.68,54.0,220,False,12:15,15:55
SOXL,exhaustion_short,-1,2026-08-13,2026-08-13 13:20:00-04:00,2026-08-13 13:20:00-04:00,153.43515395,158.27949464285714,148.64050535714287,2026-08-13 15:14:00-04:00,148.64050535714287,target,0.9897422367354788,-0.0266178739637622,0.99913574557972,1,13,62.33043170714268,layers=rsi5 > 90 (short-term overbought) + sma20_dist_pct > 1.0 (close > 1% above 5-min SMA20) + bear_div == 1 (price at 20-bar high while RSI(14) is >5 below its 20-bar max) + time window 13:00-15:00 ET (bar close),113.0,114,False,13:20,15:14
UPST,exhaustion_short,-1,2026-08-13,2026-08-13 13:55:00-04:00,2026-08-13 13:55:00-04:00,30.1919795,30.64880357142857,29.761196428571427,2026-08-13 15:09:00-04:00,30.681868451785714,stop,-1.072379899451763,-1.002619013852943,0.3764676836362592,0,66,-32.332670817857235,layers=rsi5 > 90 (short-term overbought) + sma20_dist_pct > 1.0 (close > 1% above 5-min SMA20) + bear_div == 1 (price at 20-bar high while RSI(14) is >5 below its 20-bar max) + time window 13:00-15:00 ET (bar close),37.0,74,False,13:55,15:09
OKLO,exhaustion_short,-1,2026-08-13,2026-08-13 14:05:00-04:00,2026-08-13 14:05:00-04:00,46.465352,47.39877678571428,45.56122321428571,2026-08-13 14:52:00-04:00,47.43351666339286,stop,-1.0372176507526436,-1.02809354828268,0.0434443145507153,0,43,-41.63108052589277,layers=rsi5 > 90 (short-term overbought) + sma20_dist_pct > 1.0 (close > 1% above 5-min SMA20) + bear_div == 1 (price at 20-bar high while RSI(14) is >5 below its 20-bar max) + time window 13:00-15:00 ET (bar close),3.0,47,False,14:05,14:52
FISV,exhaustion_short,-1,2026-08-13,2026-08-13 14:15:00-04:00,2026-08-13 14:15:00-04:00,53.714627,54.30642678571429,53.17357321428572,2026-08-13 14:55:00-04:00,54.341857428392856,stop,-1.0598693063665203,-1.0060378769509064,0.4809515090588673,0,37,-23.20752585053568,layers=rsi5 > 90 (short-term overbought) + sma20_dist_pct > 1.0 (close > 1% above 5-min SMA20) + bear_div == 1 (price at 20-bar high while RSI(14) is >5 below its 20-bar max) + time window 13:00-15:00 ET (bar close),17.0,40,False,14:15,14:55
RBLX,exhaustion_short,-1,2026-08-13,2026-08-13 14:15:00-04:00,2026-08-13 14:15:00-04:00,37.00629800000001,37.81276607142858,36.22723392857143,2026-08-13 14:55:00-04:00,37.84654734803572,stop,-1.0418879281200852,-1.0647687495909153,0.0822078422553925,0,54,-45.37346479392846,layers=rsi5 > 90 (short-term overbought) + sma20_dist_pct > 1.0 (close > 1% above 5-min SMA20) + bear_div == 1 (price at 20-bar high while RSI(14) is >5 below its 20-bar max) + time window 13:00-15:00 ET (bar close),3.0,40,False,14:15,14:55
BB,exhaustion_short,-1,2026-08-13,2026-08-13 14:20:00-04:00,2026-08-13 14:20:00-04:00,8.9741015,9.11507142857143,8.864928571428571,2026-08-13 15:55:00-04:00,9.0109,time,-0.2610379417292099,-0.7512134046825556,0.1000319723709984,0,222,-8.169266999999941,layers=rsi5 > 90 (short-term overbought) + sma20_dist_pct > 1.0 (close > 1% above 5-min SMA20) + bear_div == 1 (price at 20-bar high while RSI(14) is >5 below its 20-bar max) + time window 13:00-15:00 ET (bar close),10.0,95,False,14:20,15:55
MDB,exhaustion_short,-1,2026-08-13,2026-08-13 14:40:00-04:00,2026-08-13 14:40:00-04:00,465.203474,470.07030714285713,460.0896928571429,2026-08-13 15:42:00-04:00,470.1473141735714,stop,-1.0158228212173788,-1.0862353084282017,0.5760365966346351,0,4,-19.775360694285386,layers=rsi5 > 90 (short-term overbought) + sma20_dist_pct > 1.0 (close > 1% above 5-min SMA20) + bear_div == 1 (price at 20-bar high while RSI(14) is >5 below its 20-bar max) + time window 13:00-15:00 ET (bar close),32.0,62,False,14:40,15:42
Z,exhaustion_short,-1,2026-08-13,2026-08-13 14:40:00-04:00,2026-08-13 14:40:00-04:00,35.236475000000006,35.769107142857145,34.730892857142855,2026-08-13 14:54:00-04:00,35.80268405357143,stop,-1.0630395877615932,-1.133099096803614,0.0,0,56,-31.707706999999917,layers=rsi5 > 90 (short-term overbought) + sma20_dist_pct > 1.0 (close > 1% above 5-min SMA20) + bear_div == 1 (price at 20-bar high while RSI(14) is >5 below its 20-bar max) + time window 13:00-15:00 ET (bar close),0.0,14,False,14:40,14:54
AFRM,exhaustion_short,-1,2026-08-13,2026-08-13 14:50:00-04:00,2026-08-13 14:50:00-04:00,77.94220399999999,78.85339107142858,77.14660892857142,2026-08-13 15:18:00-04:00,78.89127641053572,stop,-1.0415780033486988,-1.0292024869598972,0.0,0,25,-23.72681026339336,layers=rsi5 > 90 (short-term overbought) + sma20_dist_pct > 1.0 (close > 1% above 5-min SMA20) + bear_div == 1 (price at 20-bar high while RSI(14) is >5 below its 20-bar max) + time window 13:00-15:00 ET (bar close),0.0,28,False,14:50,15:18
DIA,intraday_momentum,1,2026-08-13,2026-08-13 15:30:00-04:00,2026-08-13 15:30:00-04:00,537.8337769999999,536.1623232142857,,2026-08-13 15:55:00-04:00,537.656228,time,-0.1062242949924085,-0.1697785499218736,0.0575684477922268,0,3,-0.5326469999996561,first_30m_ret=0.2607,1.0,25,False,15:30,15:55
IWM,intraday_momentum,1,2026-08-13,2026-08-13 15:30:00-04:00,2026-08-13 15:30:00-04:00,303.580354,302.54330535714286,,2026-08-13 15:55:00-04:00,303.31966400000005,time,-0.2513768296169159,-0.2269459601736281,0.134657135865192,0,6,-1.5641399999997248,first_30m_ret=0.5517,12.0,25,False,15:30,15:55
QQQ,intraday_momentum,1,2026-08-13,2026-08-13 15:30:00-04:00,2026-08-13 15:30:00-04:00,732.823274,729.3251107142858,,2026-08-13 15:55:00-04:00,731.926799,time,-0.2562701986099479,-0.3096693640413616,0.0116421094939678,0,2,-1.792950000000019,first_30m_ret=1.093,2.0,25,False,15:30,15:55
SPY,intraday_momentum,1,2026-08-13,2026-08-13 15:30:00-04:00,2026-08-13 15:30:00-04:00,778.117803,775.9131339285714,,2026-08-13 15:55:00-04:00,777.442247,time,-0.306420591078675,-0.3482622448649069,0.0554264590471373,0,2,-1.3511120000000574,first_30m_ret=0.6589,1.0,25,False,15:30,15:55
DRAM,heat_fade_short,-1,2026-08-14,2026-08-14 09:50:00-04:00,2026-08-14 09:50:00-04:00,57.854213,58.905160714285714,56.814839285714285,2026-08-14 11:41:00-04:00,56.814839285714285,target,0.9889870829512556,-0.8999372539125887,1.0221374340493243,1,34,35.33870628571435,heat_score=-12.59,110.0,111,False,09:50,11:41
EWY,heat_fade_short,-1,2026-08-14,2026-08-14 09:50:00-04:00,2026-08-14 09:50:00-04:00,181.591838,183.90964285714287,179.39035714285714,2026-08-14 11:41:00-04:00,179.39035714285714,target,0.9498128586444696,-0.8448347124502147,1.044884340688384,1,11,24.216289428571717,heat_score=-23.39,110.0,111,False,09:50,11:41
KORU,heat_fade_short,-1,2026-08-14,2026-08-14 09:50:00-04:00,2026-08-14 09:50:00-04:00,22.277771,22.96739285714285,21.612607142857144,2026-08-14 10:07:00-04:00,22.99968959642857,stop,-1.0468325343102132,-1.018281240257346,0.0257691948361707,0,89,-64.25075508214297,heat_score=-16.26,0.0,17,False,09:50,10:07
MU,heat_fade_short,-1,2026-08-14,2026-08-14 09:50:00-04:00,2026-08-14 09:50:00-04:00,974.0975795,993.9916196428572,954.748980357143,2026-08-14 15:55:00-04:00,970.637053,time,0.173947899730293,-0.4821755878201615,0.894618658261343,0,2,6.921053000000256,heat_score=-37.85,121.0,365,False,09:50,15:55
MUU,heat_fade_short,-1,2026-08-14,2026-08-14 09:50:00-04:00,2026-08-14 09:50:00-04:00,32.496749,33.6844125,31.3171875,2026-08-14 15:55:00-04:00,32.283227000000004,time,0.1797832466856122,-0.5332747870082712,0.9823902140631616,0,61,13.02484199999985,heat_score=-28.41,121.0,365,False,09:50,15:55
SNDK,heat_fade_short,-1,2026-08-14,2026-08-14 09:50:00-04:00,2026-08-14 09:50:00-04:00,1622.7527075,1664.8689392857143,1581.0210607142856,2026-08-14 10:07:00-04:00,1665.0654261796428,stop,-1.004665348384638,-1.055110835321052,0.3265417373988556,0,1,-42.31271867964279,heat_score=-55.29,9.0,17,False,09:50,10:07
SNXX,heat_fade_short,-1,2026-08-14,2026-08-14 09:50:00-04:00,2026-08-14 09:50:00-04:00,15.843414500000002,16.535089285714285,15.174910714285716,2026-08-14 10:06:00-04:00,16.566742794642856,stop,-1.0457635721040237,-1.050328152774525,0.3519204473365771,0,126,-91.13936512499969,heat_score=-34.89,9.0,16,False,09:50,10:06
DOCU,orb20_a,-1,2026-08-14,2026-08-14 09:50:00-04:00,2026-08-14 09:51:00-04:00,62.113787,63.685,59.7975,2026-08-14 15:50:00-04:00,61.656164,time,0.291254591198014,-0.0707816190421027,1.062101064591498,1,32,14.643936000000169,rv20=3.95;or_width=3.11,59.0,359,False,09:51,15:50
RDDT,orb20_a,1,2026-08-14,2026-08-14 09:50:00-04:00,2026-08-14 09:53:00-04:00,181.738171,178.36,186.735,2026-08-14 10:33:00-04:00,178.312164,stop,-1.0141603252174,-1.0266416353701384,0.7536116436971488,0,11,-37.68607699999967,rv20=5.212;or_width=6.7,5.0,40,False,09:53,10:33
SKHY,heat_fade_short,-1,2026-08-14,2026-08-14 09:55:00-04:00,2026-08-14 09:55:00-04:00,169.163081,172.47492321428572,165.96507678571427,2026-08-14 11:23:00-04:00,165.96507678571427,target,0.965626985636893,-0.6995559722037243,1.0086171936546935,1,11,35.178046357143046,heat_score=-15.37,87.0,88,False,09:55,11:23
CIEN,heat_fade_short,-1,2026-08-14,2026-08-14 10:00:00-04:00,2026-08-14 10:00:00-04:00,438.076187,447.9089375,431.2110625,2026-08-14 11:25:00-04:00,431.2110625,target,0.6981896367654195,-0.6222890533020241,0.7196548920874197,1,4,27.46049799999992,heat_score=-19.13,84.0,85,False,10:00,11:25
BBIO,orb20_a,-1,2026-08-14,2026-08-14 09:50:00-04:00,2026-08-14 10:01:00-04:00,78.82211599999998,79.55499999999999,77.76749999999998,2026-08-14 10:12:00-04:00,79.59295549999999,stop,-1.0517892326752865,-1.2250015009196544,0.3030711545073731,0,25,-19.270987500000203,rv20=3.174;or_width=1.43,2.0,11,False,10:01,10:12
PBF,heat_fade_short,-1,2026-08-14,2026-08-14 10:15:00-04:00,2026-08-14 10:15:00-04:00,74.132585,75.36773392857143,72.95226607142857,2026-08-14 11:52:00-04:00,72.95226607142857,target,0.9556085920234751,-0.1517347387547447,1.0222127638165175,1,26,30.688292142857392,heat_score=-20.71,96.0,97,False,10:15,11:52
SUI,orb20_a,-1,2026-08-14,2026-08-14 09:50:00-04:00,2026-08-14 10:15:00-04:00,123.22267549999998,124.39,121.5275,2026-08-14 15:50:00-04:00,123.282326,time,-0.0511001867947016,-0.8329513344404301,0.0965245739295112,0,16,-0.9544080000005124,rv20=3.327;or_width=2.29,231.0,335,True,10:15,15:50
TSLA,heat_fade_long,1,2026-08-14,2026-08-14 11:05:00-04:00,2026-08-14 11:05:00-04:00,340.4690425,337.6833142857143,343.16668571428573,2026-08-14 11:20:00-04:00,337.61954595428574,stop,-1.0228910814420205,-1.062215073540021,0.0398306982824001,0,5,-14.2474827285713,heat_score=60.73,0.0,15,False,11:05,11:20
CLS,heat_fade_long,1,2026-08-14,2026-08-14 11:10:00-04:00,2026-08-14 11:10:00-04:00,335.0435,327.6251589285714,342.3548410714286,2026-08-14 15:55:00-04:00,334.63653200000005,time,-0.0548597046268698,-0.2175014581378998,0.7503699204986879,0,5,-2.034839999999747,heat_score=70.7,100.0,285,False,11:10,15:55
COHR,heat_fade_long,1,2026-08-14,2026-08-14 11:25:00-04:00,2026-08-14 11:25:00-04:00,324.302426,314.7896232142857,333.65037678571434,2026-08-14 15:55:00-04:00,326.227373,time,0.2023532962220975,-0.3460942136784501,0.4181285042483252,0,6,11.549682000000187,heat_score=68.16,80.0,270,False,11:25,15:55
KORU,heat_fade_long,1,2026-08-14,2026-08-14 11:25:00-04:00,2026-08-14 11:25:00-04:00,21.662165,20.972607142857143,22.32739285714285,2026-08-14 15:55:00-04:00,21.437855,time,-0.325295401504694,-0.7137399638070342,0.2723991874710597,0,92,-20.63652000000025,heat_score=69.82,5.0,270,False,11:25,15:55
QCOM,heat_fade_long,1,2026-08-14,2026-08-14 11:25:00-04:00,2026-08-14 11:25:00-04:00,163.296327,161.44205357142857,165.0779464285714,2026-08-14 15:10:00-04:00,165.0779464285714,target,0.9608180762985022,-0.0627345450824938,0.9619255566716564,1,12,21.37943314285701,heat_score=64.66,224.0,225,False,11:25,15:10
TQQQ,heat_fade_long,1,2026-08-14,2026-08-14 11:25:00-04:00,2026-08-14 11:25:00-04:00,76.0826065,75.08168392857142,77.04831607142857,2026-08-14 15:55:00-04:00,76.6373345,time,0.5542166955114792,-0.1424750565835109,0.5968428698209642,0,26,14.422927999999928,heat_score=61.13,269.0,270,False,11:25,15:55
PAAS,heat_fade_long,1,2026-08-14,2026-08-14 11:35:00-04:00,2026-08-14 11:35:00-04:00,47.324731,46.743114285714285,47.87688571428572,2026-08-14 15:55:00-04:00,47.435255000000005,time,0.1900289267576154,-0.4379705633336814,0.5944963263730079,0,42,4.642008000000217,heat_score=58.78,109.0,260,False,11:35,15:55
PANW,heat_fade_long,1,2026-08-14,2026-08-14 11:40:00-04:00,2026-08-14 11:40:00-04:00,384.14841,380.7024142857143,388.0475857142857,2026-08-14 15:55:00-04:00,381.9468005,time,-0.6388892159305394,-0.9584776865239358,0.9609675329170771,0,5,-11.008047500000089,heat_score=58.47,26.0,255,False,11:40,15:55
ANET,heat_fade_long,1,2026-08-14,2026-08-14 11:50:00-04:00,2026-08-14 11:50:00-04:00,198.879885,195.91634107142855,201.7836589285714,2026-08-14 15:55:00-04:00,199.290068,time,0.1384096237094585,-0.1180630381843663,0.2902319050201027,0,10,4.101830000000177,heat_score=59.61,142.0,245,False,11:50,15:55
AXTI,heat_fade_long,1,2026-08-14,2026-08-14 11:50:00-04:00,2026-08-14 11:50:00-04:00,78.01900012,75.10266964285715,80.75793035714285,2026-08-14 15:13:00-04:00,80.75793035714285,target,0.9391700490083698,-0.0408047445008978,0.9655969726582044,1,25,68.47325592857132,heat_score=72.74,202.0,203,False,11:50,15:13
EWY,heat_fade_long,1,2026-08-14,2026-08-14 11:50:00-04:00,2026-08-14 11:50:00-04:00,178.877885,176.60035714285715,181.11964285714288,2026-08-14 15:55:00-04:00,179.282069,time,0.1774661059500995,-0.1439653082493191,0.4487826556300638,0,11,4.446024000000165,heat_score=65.59,138.0,245,False,11:50,15:55
INTU,heat_fade_long,1,2026-08-14,2026-08-14 12:35:00-04:00,2026-08-14 12:35:00-04:00,346.494645,342.6474982142857,350.2865017857143,2026-08-14 15:55:00-04:00,346.515344,time,0.0053803509855402,-0.2715375986897893,0.7915879402648259,0,5,0.1034950000001799,heat_score=59,87.0,200,False,12:35,15:55
BMNR,exhaustion_short,-1,2026-08-14,2026-08-14 13:00:00-04:00,2026-08-14 13:00:00-04:00,18.0631925,18.3669625,17.7830375,2026-08-14 15:00:00-04:00,17.7830375,target,0.922260262698754,-0.5326645159166535,0.9322596043058836,1,110,30.817050000000062,layers=rsi5 > 90 (short-term overbought) + sma20_dist_pct > 1.0 (close > 1% above 5-min SMA20) + bear_div == 1 (price at 20-bar high while RSI(14) is >5 below its 20-bar max) + time window 13:00-15:00 ET (bar close),119.0,120,False,13:00,15:00
OKLO,heat_fade_long,1,2026-08-14,2026-08-14 13:05:00-04:00,2026-08-14 13:05:00-04:00,45.164515,44.22545357142857,46.04454642857143,2026-08-14 15:55:00-04:00,44.595539,time,-0.6058985947975332,-0.8780203029468545,0.2827131345431591,0,44,-25.03494399999965,heat_score=64.94,18.0,170,False,13:05,15:55
CRWD,heat_fade_long,1,2026-08-14,2026-08-14 13:10:00-04:00,2026-08-14 13:10:00-04:00,218.791876,216.48244285714287,220.99755714285715,2026-08-14 15:55:00-04:00,216.728324,time,-0.893531820300737,-0.9447669038388632,0.271981893887144,0,9,-18.57196799999963,heat_score=58.27,49.0,165,False,13:10,15:55
RDW,exhaustion_short,-1,2026-08-14,2026-08-14 13:20:00-04:00,2026-08-14 13:20:00-04:00,13.6936295,13.962473214285716,13.457526785714286,2026-08-14 14:33:00-04:00,13.457526785714286,target,0.8782154900404116,-0.2096775821959213,0.9062123719250584,1,146,34.47099628571424,layers=rsi5 > 90 (short-term overbought) + sma20_dist_pct > 1.0 (close > 1% above 5-min SMA20) + bear_div == 1 (price at 20-bar high while RSI(14) is >5 below its 20-bar max) + time window 13:00-15:00 ET (bar close),72.0,73,False,13:20,14:33
CLSK,exhaustion_short,-1,2026-08-14,2026-08-14 13:25:00-04:00,2026-08-14 13:25:00-04:00,12.093789500000002,12.429207142857145,11.770992857142856,2026-08-14 15:55:00-04:00,12.141213,time,-0.1413864208097044,-0.227210767301401,0.6075694118654262,0,165,-7.824877499999827,layers=rsi5 > 90 (short-term overbought) + sma20_dist_pct > 1.0 (close > 1% above 5-min SMA20) + bear_div == 1 (price at 20-bar high while RSI(14) is >5 below its 20-bar max) + time window 13:00-15:00 ET (bar close),115.0,150,False,13:25,15:55
LUNR,exhaustion_short,-1,2026-08-14,2026-08-14 13:30:00-04:00,2026-08-14 13:30:00-04:00,19.5730415,19.92601785714286,19.243982142857146,2026-08-14 14:05:00-04:00,19.243982142857146,target,0.9322419206952028,-0.0622095490410223,0.9435235342553198,1,102,33.564054428571374,layers=rsi5 > 90 (short-term overbought) + sma20_dist_pct > 1.0 (close > 1% above 5-min SMA20) + bear_div == 1 (price at 20-bar high while RSI(14) is >5 below its 20-bar max) + time window 13:00-15:00 ET (bar close),34.0,35,False,13:30,14:05
SMCI,exhaustion_short,-1,2026-08-14,2026-08-14 13:55:00-04:00,2026-08-14 13:55:00-04:00,40.005998000000005,40.68786607142857,39.362133928571424,2026-08-14 15:55:00-04:00,40.024001,time,-0.0264024680936818,-0.5411633356389695,0.6247513527177001,0,49,-0.8821469999996623,layers=rsi5 > 90 (short-term overbought) + sma20_dist_pct > 1.0 (close > 1% above 5-min SMA20) + bear_div == 1 (price at 20-bar high while RSI(14) is >5 below its 20-bar max) + time window 13:00-15:00 ET (bar close),65.0,120,False,13:55,15:55
STX,exhaustion_short,-1,2026-08-14,2026-08-14 14:10:00-04:00,2026-08-14 14:10:00-04:00,978.412148,998.5860303571428,959.3139696428572,2026-08-14 15:55:00-04:00,973.527342,time,0.2421351484817433,-0.0782126103477221,0.8338577425105179,0,2,9.769612000000052,layers=rsi5 > 90 (short-term overbought) + sma20_dist_pct > 1.0 (close > 1% above 5-min SMA20) + bear_div == 1 (price at 20-bar high while RSI(14) is >5 below its 20-bar max) + time window 13:00-15:00 ET (bar close),75.0,105,False,14:10,15:55
GLXY,exhaustion_short,-1,2026-08-14,2026-08-14 14:30:00-04:00,2026-08-14 14:30:00-04:00,21.8228165,22.327948214285712,21.292051785714285,2026-08-14 15:55:00-04:00,21.692168,time,0.2586424417733119,-0.0835099020849445,0.6885659525294905,0,91,11.889013499999631,layers=rsi5 > 90 (short-term overbought) + sma20_dist_pct > 1.0 (close > 1% above 5-min SMA20) + bear_div == 1 (price at 20-bar high while RSI(14) is >5 below its 20-bar max) + time window 13:00-15:00 ET (bar close),31.0,85,False,14:30,15:55
AAOI,heat_fade_short,-1,2026-08-17,2026-08-17 09:50:00-04:00,2026-08-17 09:50:00-04:00,151.37486,155.60264642857143,147.06735357142858,2026-08-17 10:24:00-04:00,155.6482066932143,stop,-1.0107763874577396,-1.0112005590226971,0.273159493628973,0,13,-55.553507011785626,heat_score=-11.58,1.0,34,False,09:50,10:24
AAOX,heat_fade_short,-1,2026-08-17,2026-08-17 09:50:00-04:00,2026-08-17 09:50:00-04:00,24.48755,25.58693392857143,23.37306607142857,2026-08-17 10:24:00-04:00,25.619492621964287,stop,-1.0296153987216872,-1.2392849891578883,0.3343236065653626,0,81,-91.68735237910737,heat_score=-11.8,1.0,34,False,09:50,10:24
ALAB,heat_fade_short,-1,2026-08-17,2026-08-17 09:50:00-04:00,2026-08-17 09:50:00-04:00,339.416054,347.64785,331.35215,2026-08-17 10:04:00-04:00,331.35215,target,0.9796044508391544,-0.1814848181368981,0.9859396418472872,1,5,40.3195199999999,heat_score=-17.74,13.0,14,False,09:50,10:04
AMD,heat_fade_short,-1,2026-08-17,2026-08-17 09:50:00-04:00,2026-08-17 09:50:00-04:00,513.9286010000001,522.3350839285714,505.6649160714286,2026-08-17 15:15:00-04:00,505.6649160714286,target,0.983013348006153,-0.4069120260000623,1.0406969328714109,1,3,24.79105478571444,heat_score=-30.45,324.0,325,False,09:50,15:15
ARM,heat_fade_short,-1,2026-08-17,2026-08-17 09:50:00-04:00,2026-08-17 09:50:00-04:00,280.56194000000005,286.3252517857143,275.0547482142857,2026-08-17 13:23:00-04:00,275.0547482142857,target,0.9555602734117644,-0.559636563129347,1.044874930231413,1,7,38.55034250000028,heat_score=-19.31,212.0,213,False,09:50,13:23
ASML,heat_fade_short,-1,2026-08-17,2026-08-17 09:50:00-04:00,2026-08-17 09:50:00-04:00,1867.573223,1885.630044642857,1849.7999553571428,2026-08-17 11:16:00-04:00,1885.8486076473207,stop,-1.012104179173228,-1.0470656117644732,0.1724125685890917,0,1,-18.27538464732106,heat_score=-40.58,29.0,86,False,09:50,11:16
BE,heat_fade_short,-1,2026-08-17,2026-08-17 09:50:00-04:00,2026-08-17 09:50:00-04:00,239.9010065,246.52795892857145,233.34204107142855,2026-08-17 12:08:00-04:00,233.34204107142855,target,0.9897408347603582,-0.6849292414459757,1.0881331317410003,1,8,52.47172342857152,heat_score=-54.33,137.0,138,False,09:50,12:08
CIEN,heat_fade_short,-1,2026-08-17,2026-08-17 09:50:00-04:00,2026-08-17 09:50:00-04:00,437.6612285,445.9319732142857,429.4880267857143,2026-08-17 10:26:00-04:00,446.0065664116071,stop,-1.0090189214996037,-1.008224989171389,0.2746099146400947,0,4,-33.38135164642836,heat_score=-42.44,1.0,36,False,09:50,10:26
CRDO,heat_fade_short,-1,2026-08-17,2026-08-17 09:50:00-04:00,2026-08-17 09:50:00-04:00,274.26257000000004,279.8215446428572,269.00845535714285,2026-08-17 10:48:00-04:00,279.87952679732143,stop,-1.010430368582225,-1.2047959255589724,0.2073349986370216,0,7,-39.31869758124975,heat_score=-26.3,2.0,58,False,09:50,10:48
GLW,heat_fade_short,-1,2026-08-17,2026-08-17 09:50:00-04:00,2026-08-17 09:50:00-04:00,169.143083,172.26109642857142,166.19890357142856,2026-08-17 10:40:00-04:00,172.30832253821427,stop,-1.015146217527513,-1.0028555269669477,0.1998333279422262,0,11,-34.81763492035708,heat_score=-27.63,13.0,50,False,09:50,10:40
FIGR,orb20_a,1,2026-08-17,2026-08-17 09:50:00-04:00,2026-08-17 09:51:00-04:00,33.343332999999994,32.395,34.7325,2026-08-17 11:56:00-04:00,34.7325,target,1.4648514814943805,-0.7891036165566281,1.4938497342178398,1,59,81.96085300000044,rv20=2.918;or_width=1.87,124.0,125,True,09:51,11:56
SMTC,orb20_a,1,2026-08-17,2026-08-17 09:50:00-04:00,2026-08-17 09:51:00-04:00,151.71516899999995,147.83999999999995,157.465,2026-08-17 15:50:00-04:00,155.534444,time,0.9855763709918286,-0.2929340630047263,1.0463623650994411,1,13,49.65057500000043,rv20=2.694;or_width=7.7,358.0,359,False,09:51,15:50
SNDQ,orb20_a,-1,2026-08-17,2026-08-17 09:50:00-04:00,2026-08-17 09:51:00-04:00,12.718727,13.260000000000002,11.935,2026-08-17 10:48:00-04:00,11.935,target,1.4479329284852565,-0.15015158709191,1.5678354545672886,1,157,123.04513900000012,rv20=2.474;or_width=1.06,56.0,57,False,09:51,10:48
ANET,heat_fade_short,-1,2026-08-17,2026-08-17 09:55:00-04:00,2026-08-17 09:55:00-04:00,201.29986700000003,203.9957125,198.2642875,2026-08-17 15:55:00-04:00,201.63016,time,-0.1225192615822974,-0.1929387273862564,1.0979364358974106,1,9,-2.972636999999594,heat_score=-19.95,45.0,360,False,09:55,15:55
NBIS,heat_fade_short,-1,2026-08-17,2026-08-17 09:55:00-04:00,2026-08-17 09:55:00-04:00,274.56254,281.42434464285714,267.57565535714286,2026-08-17 10:35:00-04:00,267.57565535714286,target,1.0182284408417586,-0.227703946894852,1.074431637699646,1,7,48.90819250000004,heat_score=-26.48,39.0,40,False,09:55,10:35
STX,heat_fade_short,-1,2026-08-17,2026-08-17 09:55:00-04:00,2026-08-17 09:55:00-04:00,990.400949,1008.6577625,970.0722375,2026-08-17 10:56:00-04:00,1008.78862827625,stop,-1.0071680513277932,-1.0735198122060023,0.3391034804622354,0,2,-36.77535855249994,heat_score=-28.35,13.0,61,False,09:55,10:56
MCHP,heat_fade_short,-1,2026-08-17,2026-08-17 10:00:00-04:00,2026-08-17 10:00:00-04:00,80.23697449999999,81.39219642857144,79.18780357142857,2026-08-17 11:07:00-04:00,81.4303356482143,stop,-1.033014625761148,-1.0154113863217389,0.0882726491576254,0,24,-28.640667557143388,heat_score=-27.05,0.0,67,False,10:00,11:07
ALM,orb20_a,1,2026-08-17,2026-08-17 09:50:00-04:00,2026-08-17 10:03:00-04:00,16.711670000000005,16.335,17.247500000000002,2026-08-17 10:36:00-04:00,16.3033665,stop,-1.083982000159294,-1.0132742188122297,0.3937929752833849,0,119,-48.58811650000071,rv20=2.253;or_width=0.73,0.0,33,False,10:03,10:36
VIK,orb20_a,1,2026-08-17,2026-08-17 09:50:00-04:00,2026-08-17 10:08:00-04:00,99.41994,98.505,100.7425,2026-08-17 10:52:00-04:00,100.7425,target,1.4455155529324033,-0.1092312064179248,1.4537128117690408,1,20,26.451199999999915,rv20=2.613;or_width=1.79,43.0,44,False,10:08,10:52
CBRS,orb20_a,1,2026-08-17,2026-08-17 09:50:00-04:00,2026-08-17 10:10:00-04:00,254.895486,239.155,278.4175,2026-08-17 15:50:00-04:00,252.054791,time,-0.1804706030042498,-0.3872489070540746,0.3929048950585138,0,7,-19.88486499999968,rv20=4.234;or_width=31.41,2.0,340,True,10:10,15:50
VRT,heat_fade_short,-1,2026-08-17,2026-08-17 10:15:00-04:00,2026-08-17 10:15:00-04:00,297.210275,301.9717839285714,292.4782160714286,2026-08-17 15:12:00-04:00,292.4782160714286,target,0.993814985870701,-0.5018839691049344,1.1215299771793688,1,6,28.39235357142843,heat_score=-13.19,296.0,297,False,10:15,15:12
RIVN,orb20_a,-1,2026-08-17,2026-08-17 09:50:00-04:00,2026-08-17 10:18:00-04:00,14.798519,15.08,14.405,2026-08-17 15:50:00-04:00,14.8164805,time,-0.0638107012551413,-0.8223681172086187,0.2789495560979255,0,135,-2.4248024999997853,rv20=4.032;or_width=0.54,279.0,332,False,10:18,15:50
CRWV,heat_fade_short,-1,2026-08-17,2026-08-17 10:20:00-04:00,2026-08-17 10:20:00-04:00,104.31966599,106.73468571428572,102.11531428571428,2026-08-17 11:45:00-04:00,106.77535918285714,stop,-1.016841878417145,-1.1415368505180123,0.5129837978306473,0,19,-46.65817066428566,heat_score=-11.6,12.0,85,False,10:20,11:45
SKHY,heat_fade_short,-1,2026-08-17,2026-08-17 10:20:00-04:00,2026-08-17 10:20:00-04:00,172.37276000000003,175.4648982142857,169.41510178571428,2026-08-17 10:43:00-04:00,175.51244470410714,stop,-1.0153765732727482,-1.0889681400538074,0.0947435010008758,0,11,-34.53653174517822,heat_score=-17.37,1.0,23,False,10:20,10:43
INTC,heat_fade_short,-1,2026-08-17,2026-08-17 10:25:00-04:00,2026-08-17 10:25:00-04:00,103.699628,105.43023928571428,102.0025607142857,2026-08-17 11:07:00-04:00,105.47078230964286,stop,-1.0234269961505793,-1.0911011707754197,0.0460114877657924,0,19,-33.65193188321447,heat_score=-11.77,1.0,42,False,10:25,11:07
TSM,heat_fade_short,-1,2026-08-17,2026-08-17 10:30:00-04:00,2026-08-17 10:30:00-04:00,430.1919755,433.7671,426.7329,2026-08-17 11:11:00-04:00,433.84047671,stop,-1.0205242390859373,-1.0441662940689318,0.0984512567324694,0,4,-14.594004839999798,heat_score=-14.01,5.0,41,False,10:30,11:11
META,heat_fade_long,1,2026-08-17,2026-08-17 11:05:00-04:00,2026-08-17 11:05:00-04:00,573.3773309999999,568.0307,578.8693000000001,2026-08-17 12:40:00-04:00,567.94389693,stop,-1.0162350964560627,-1.0337969835584324,0.3259377727769371,0,3,-16.300302209999586,heat_score=68.11,19.0,95,False,11:05,12:40
GLPI,orb20_a,-1,2026-08-17,2026-08-17 09:50:00-04:00,2026-08-17 11:23:00-04:00,41.825816,42.465,40.9025,2026-08-17 15:50:00-04:00,42.144213,time,-0.4981304287967115,-0.8513730005757247,0.1499036271245937,0,47,-14.964658999999877,rv20=7.356;or_width=1.25,23.0,267,False,11:23,15:50
APP,heat_fade_long,1,2026-08-17,2026-08-17 11:35:00-04:00,2026-08-17 11:35:00-04:00,312.531249,306.6374571428571,318.40254285714286,2026-08-17 15:55:00-04:00,311.168879,time,-0.2311533954747473,-0.8197182929262844,0.1117703196799579,0,6,-8.174219999999991,heat_score=63.61,10.0,260,False,11:35,15:55
ALAB,heat_fade_long,1,2026-08-17,2026-08-17 12:10:00-04:00,2026-08-17 12:10:00-04:00,328.352831,320.15715,336.45285,2026-08-17 13:25:00-04:00,320.09513428500003,stop,-1.0075668776029685,-1.108246038370701,0.0710336334466926,0,6,-49.54618028999971,heat_score=58.56,0.0,75,False,12:10,13:25
AMZN,heat_fade_long,1,2026-08-17,2026-08-17 12:55:00-04:00,2026-08-17 12:55:00-04:00,259.585955,257.1170267857143,262.0129732142857,2026-08-17 15:55:00-04:00,260.51394500000004,time,0.3758675503931168,-0.5050592369534618,0.4431254799834323,0,7,6.495930000000158,heat_score=59.71,175.0,180,False,12:55,15:55
ARM,heat_fade_long,1,2026-08-17,2026-08-17 13:25:00-04:00,2026-08-17 13:25:00-04:00,275.197516,269.33934821428574,280.6098517857143,2026-08-17 15:55:00-04:00,272.232773,time,-0.506087075079997,-0.6448289189005207,0.2462175978498604,0,7,-20.75320099999999,heat_score=61.42,20.0,150,False,13:25,15:55
DIA,intraday_momentum,-1,2026-08-17,2026-08-17 15:30:00-04:00,2026-08-17 15:30:00-04:00,534.2515685000001,535.7667321428571,,2026-08-17 15:55:00-04:00,534.2134149999999,time,0.0251811084433043,-0.0418644549049306,0.2122335112224365,0,3,0.1144605000004048,first_30m_ret=-0.3241,2.0,25,False,15:30,15:55
IWM,intraday_momentum,-1,2026-08-17,2026-08-17 15:30:00-04:00,2026-08-17 15:30:00-04:00,303.789617,304.7809821428571,,2026-08-17 15:55:00-04:00,303.87038299999995,time,-0.0814694772979007,-0.2424767521149405,0.2164863285201971,0,6,-0.4845959999995557,first_30m_ret=-0.5212,5.0,25,False,15:30,15:55
QQQ,intraday_momentum,1,2026-08-17,2026-08-17 15:30:00-04:00,2026-08-17 15:30:00-04:00,730.032995,726.6860928571429,,2026-08-17 15:55:00-04:00,729.837008,time,-0.0585577323849538,-0.0636394465414961,0.1753875598821253,0,2,-0.3919740000001184,first_30m_ret=0.3105,20.0,25,False,15:30,15:55
ACN,heat_fade_short,-1,2026-08-18,2026-08-18 09:50:00-04:00,2026-08-18 09:50:00-04:00,172.02279500000003,174.1636339285714,170.00396607142858,2026-08-18 10:19:00-04:00,174.21105029196428,stop,-1.022148496442239,-1.0029736340009574,0.0083121620045978,0,11,-24.07080821160679,heat_score=-12.06,9.0,29,False,09:50,10:19
COST,heat_fade_short,-1,2026-08-18,2026-08-18 09:50:00-04:00,2026-08-18 09:50:00-04:00,961.333856,964.8236517857144,956.5963482142856,2026-08-18 10:25:00-04:00,964.9501341508928,stop,-1.0362434861364294,-1.0161465649412291,0.6716312769918601,0,2,-7.2325563017855075,heat_score=-24.64,13.0,35,False,09:50,10:25
LIN,heat_fade_short,-1,2026-08-18,2026-08-18 09:50:00-04:00,2026-08-18 09:50:00-04:00,480.811913,483.7067017857143,478.2932982142857,2026-08-18 15:51:00-04:00,478.2932982142857,target,0.870051313637665,-0.9216862429366004,0.9851540858779098,1,4,10.074459142857222,heat_score=-32.44,360.0,361,False,09:50,15:51
PEP,heat_fade_short,-1,2026-08-18,2026-08-18 09:50:00-04:00,2026-08-18 09:50:00-04:00,139.93600400000005,140.56057321428574,139.3494267857143,2026-08-18 10:54:00-04:00,140.62405800000002,stop,-1.1016457171794551,-1.1111594746046778,0.7301096332798646,0,14,-9.632755999999915,heat_score=-15.28,42.0,64,False,09:50,10:54
AVEM,orb20_a,-1,2026-08-18,2026-08-18 09:50:00-04:00,2026-08-18 09:52:00-04:00,92.700728,92.94,92.39,2026-08-18 10:45:00-04:00,92.39,target,1.2986392055902816,-0.8537229596442684,1.3404326456919446,1,21,6.5252879999999465,rv20=4.988;or_width=0.44,52.0,53,False,09:52,10:45
CSGP,heat_fade_short,-1,2026-08-18,2026-08-18 09:55:00-04:00,2026-08-18 09:55:00-04:00,32.046794000000006,32.4144,31.6136,2026-08-18 15:51:00-04:00,31.6136,target,1.178419285865872,-0.6751957258586626,1.2562199746467984,1,62,26.85802800000024,heat_score=-23.84,355.0,356,False,09:55,15:51
SPYG,orb20_a,-1,2026-08-18,2026-08-18 09:50:00-04:00,2026-08-18 09:56:00-04:00,120.86291149999998,121.1675,120.46125,2026-08-18 10:04:00-04:00,121.20961675,stop,-1.1382742618319606,-1.2051948776792705,0.0,0,16,-5.547284000000218,rv20=4.064;or_width=0.565,0.0,8,False,09:56,10:04
AAPL,heat_fade_short,-1,2026-08-18,2026-08-18 10:00:00-04:00,2026-08-18 10:00:00-04:00,307.25927,309.394825,305.185175,2026-08-18 10:08:00-04:00,309.4557644825,stop,-1.0285356652017743,-1.011788504627598,0.0511670268384739,0,6,-13.178966894999917,heat_score=-11.45,0.0,8,False,10:00,10:08
SSPC,heat_fade_short,-1,2026-08-18,2026-08-18 10:00:00-04:00,2026-08-18 10:00:00-04:00,10.718927,11.487033928571428,9.98296607142857,2026-08-18 15:55:00-04:00,10.471046,time,0.322716786920571,-0.1706442099718805,0.9489915699051223,0,186,46.10586599999992,heat_score=-16.29,168.0,355,False,10:00,15:55
HD,orb20_a,1,2026-08-18,2026-08-18 09:50:00-04:00,2026-08-18 10:02:00-04:00,341.24411999999995,335.9507,349.07395,2026-08-18 15:50:00-04:00,339.49604600000004,time,-0.3302352732259914,-0.6581982914637384,0.6226371608525466,0,5,-8.740369999999587,rv20=4.661;or_width=10.5,58.0,348,True,10:02,15:50
TMUS,heat_fade_short,-1,2026-08-18,2026-08-18 10:05:00-04:00,2026-08-18 10:05:00-04:00,182.5267445,183.79138571428567,181.1886142857143,2026-08-18 12:25:00-04:00,183.83976485285717,stop,-1.0382552284591997,-1.0779780736230085,0.3769800435210911,0,10,-13.130203528571371,heat_score=-20.54,27.0,140,False,10:05,12:25
PM,orb20_a,1,2026-08-18,2026-08-18 09:50:00-04:00,2026-08-18 10:10:00-04:00,187.588756,186.79,188.71500000000003,2026-08-18 10:36:00-04:00,186.741321,stop,-1.0609435171691892,-1.068105904681764,0.3208038499867423,0,10,-8.474349999999902,rv20=3.44;or_width=1.54,5.0,26,False,10:10,10:36
TJX,heat_fade_short,-1,2026-08-18,2026-08-18 10:15:00-04:00,2026-08-18 10:15:00-04:00,152.764721,153.5934,152.00660000000002,2026-08-18 12:00:00-04:00,152.00660000000002,target,0.9148548472930942,-0.8028187030201116,1.0314259200486775,1,13,9.85557299999985,heat_score=-13.51,104.0,105,False,10:15,12:00
ORLY,heat_fade_short,-1,2026-08-18,2026-08-18 10:25:00-04:00,2026-08-18 10:25:00-04:00,91.550843,92.15508928571428,90.99491071428572,2026-08-18 15:55:00-04:00,91.209119,time,0.56553760954612,-0.9915774646289124,0.7461245698300615,0,21,7.176203999999686,heat_score=-15.6,326.0,330,False,10:25,15:55
AAP,orb20_a,1,2026-08-18,2026-08-18 09:50:00-04:00,2026-08-18 11:03:00-04:00,59.105909,57.85,60.95,2026-08-18 15:41:00-04:00,57.814215,stop,-1.028493306441786,-1.047774161981477,0.1386175272253036,0,33,-42.62590199999999,rv20=4.298;or_width=2.48,23.0,278,False,11:03,15:41
CHYM,exhaustion_short,-1,2026-08-18,2026-08-18 13:00:00-04:00,2026-08-18 13:00:00-04:00,32.346764,32.79263392857143,31.93736607142857,2026-08-18 15:01:00-04:00,31.93736607142857,target,0.9182003592014756,-0.668885656755437,0.96836313088746,1,61,24.973273642857,layers=rsi5 > 90 (short-term overbought) + sma20_dist_pct > 1.0 (close > 1% above 5-min SMA20) + bear_div == 1 (price at 20-bar high while RSI(14) is >5 below its 20-bar max) + time window 13:00-15:00 ET (bar close),120.0,121,False,13:00,15:01
RKLB,exhaustion_short,-1,2026-08-18,2026-08-18 13:00:00-04:00,2026-08-18 13:00:00-04:00,80.81691649999999,82.33414107142858,79.34585892857143,2026-08-18 14:03:00-04:00,79.34585892857143,target,0.9695714129144668,-0.1470339356486726,0.9866149864621124,1,24,35.30538171428543,layers=rsi5 > 90 (short-term overbought) + sma20_dist_pct > 1.0 (close > 1% above 5-min SMA20) + bear_div == 1 (price at 20-bar high while RSI(14) is >5 below its 20-bar max) + time window 13:00-15:00 ET (bar close),62.0,63,False,13:00,14:03
IWM,intraday_momentum,-1,2026-08-18,2026-08-18 15:30:00-04:00,2026-08-18 15:30:00-04:00,300.63993200000004,301.5983035714286,,2026-08-18 15:55:00-04:00,300.460042,time,0.1877038148490953,-0.1565864477556318,0.2555710199489452,0,6,1.079340000000343,first_30m_ret=-0.5163,24.0,25,False,15:30,15:55
QQQ,intraday_momentum,-1,2026-08-18,2026-08-18 15:30:00-04:00,2026-08-18 15:30:00-04:00,717.848207,721.0255142857143,,2026-08-18 15:55:00-04:00,717.261718,time,0.1845868048825445,-0.1012785264575427,0.2921363647052402,0,2,1.1729780000000574,first_30m_ret=-1.469,24.0,25,False,15:30,15:55
SPY,intraday_momentum,-1,2026-08-18,2026-08-18 15:30:00-04:00,2026-08-18 15:30:00-04:00,767.9281985,769.9866946428572,,2026-08-18 15:55:00-04:00,767.5067419999999,time,0.204739999859856,-0.1417546984542817,0.3197472593203186,0,2,0.8429130000001805,first_30m_ret=-0.5449,24.0,25,False,15:30,15:55
BHP,heat_fade_short,-1,2026-08-19,2026-08-19 09:50:00-04:00,2026-08-19 09:50:00-04:00,92.290769,92.93116071428572,91.79883928571428,2026-08-19 10:06:00-04:00,92.97045383035714,stop,-1.0613579395156,-1.1231110333809236,0.0636625975797809,0,21,-14.273381437500078,heat_score=-31.73,1.0,16,False,09:50,10:06
EWY,heat_fade_short,-1,2026-08-19,2026-08-19 09:50:00-04:00,2026-08-19 09:50:00-04:00,174.912506,177.18526785714286,172.79473214285716,2026-08-19 10:26:00-04:00,172.79473214285716,target,0.931806317713004,-0.1968943638303407,0.942688294977546,0,11,23.29551242857136,heat_score=-13.79,35.0,36,False,09:50,10:26
GLD,heat_fade_short,-1,2026-08-19,2026-08-19 09:50:00-04:00,2026-08-19 09:50:00-04:00,408.15927899,409.9522714285714,406.44772857142857,2026-08-19 10:08:00-04:00,410.0232666557142,stop,-1.039595943415904,-1.1102785305587315,0.256152218001528,0,4,-7.455950662856821,heat_score=-47.95,1.0,18,False,09:50,10:08
IAU,heat_fade_short,-1,2026-08-19,2026-08-19 09:50:00-04:00,2026-08-19 09:50:00-04:00,83.65663249999999,84.0351375,83.32486250000001,2026-08-19 10:08:00-04:00,84.07354101375,stop,-1.1014610474101951,-1.039266324090809,0.2156708630004349,0,23,-9.588895816250371,heat_score=-11.92,1.0,18,False,09:50,10:08
MRVL,heat_fade_short,-1,2026-08-19,2026-08-19 09:50:00-04:00,2026-08-19 09:50:00-04:00,234.096587,238.30625178571427,229.8937482142857,2026-08-19 10:08:00-04:00,229.8937482142857,target,0.9983784932179984,-0.2977227555631458,1.074096687067405,1,8,33.62271028571422,heat_score=-12.09,17.0,18,False,09:50,10:08
PAAS,heat_fade_short,-1,2026-08-19,2026-08-19 09:50:00-04:00,2026-08-19 09:50:00-04:00,49.185080000000006,49.74242321428572,48.63757678571428,2026-08-19 10:08:00-04:00,49.77739745660715,stop,-1.062751714607767,-1.2199305249842889,0.3051620539024242,0,40,-23.69269826428564,heat_score=-17.81,1.0,18,False,09:50,10:08
LOW,orb20_a,1,2026-08-19,2026-08-19 09:50:00-04:00,2026-08-19 09:51:00-04:00,221.312128,216.835,227.9475,2026-08-19 15:50:00-04:00,220.487948,time,-0.1840867627639817,-0.226066353251456,1.000166177960507,1,9,-7.417619999999857,rv20=4.93;or_width=8.89,31.0,359,False,09:51,15:50
MRNA,orb20_a,1,2026-08-19,2026-08-19 09:50:00-04:00,2026-08-19 09:51:00-04:00,130.52304999999998,122.485,142.5225,2026-08-19 10:07:00-04:00,142.5225,target,1.4928309726861648,-0.1484128613283068,1.7388483525233134,1,15,179.99175000000037,rv20=34.52;or_width=16.03,15.0,16,False,09:51,10:07
MRK,orb20_a,1,2026-08-19,2026-08-19 09:50:00-04:00,2026-08-19 09:52:00-04:00,149.29492699999997,147.08999999999995,152.53999999999996,2026-08-19 14:37:00-04:00,152.53999999999996,target,1.4717371595522182,-0.2562112033640948,1.5034842423354804,1,13,42.18594899999988,rv20=8.625;or_width=4.36,284.0,285,True,09:52,14:37
EL,orb20_a,1,2026-08-19,2026-08-19 09:50:00-04:00,2026-08-19 09:53:00-04:00,99.479946,96.48250000000002,103.92625,2026-08-19 15:50:00-04:00,99.290069,time,-0.0633462621178196,-0.8104386200785633,0.1117798285607099,0,20,-3.797540000000197,rv20=24.51;or_width=5.955,8.0,357,True,09:53,15:50
REXR,orb20_a,1,2026-08-19,2026-08-19 09:50:00-04:00,2026-08-19 09:55:00-04:00,38.043803,37.620000000000005,38.645,2026-08-19 11:24:00-04:00,37.586238,stop,-1.079664372361712,-1.0471917376705768,0.2623789826877257,0,52,-23.793380000000127,rv20=4.504;or_width=0.82,27.0,89,False,09:55,11:24
SPY,heat_fade_short,-1,2026-08-19,2026-08-19 10:00:00-04:00,2026-08-19 10:00:00-04:00,769.932998,771.8170517857143,768.1629482142857,2026-08-19 10:58:00-04:00,771.9242334908928,stop,-1.0568888775847074,-1.0334110494949835,0.6385157414940235,0,2,-3.982470981785582,heat_score=-13.6,14.0,58,False,10:00,10:58
TGT,orb20_a,1,2026-08-19,2026-08-19 09:50:00-04:00,2026-08-19 10:00:00-04:00,160.806078,153.5,171.7,2026-08-19 15:50:00-04:00,159.75402200000002,time,-0.1439973676711317,-0.2745765922564716,0.1606637651555326,0,12,-12.624671999999578,rv20=6.8;or_width=14.56,216.0,350,False,10:00,15:50
LEN,orb20_a,1,2026-08-19,2026-08-19 09:50:00-04:00,2026-08-19 10:24:00-04:00,89.53895200000001,88.375,91.2375,2026-08-19 11:55:00-04:00,88.3361625,stop,-1.0333669257838805,-1.004295709788716,0.0954059961235479,0,22,-26.46136900000019,rv20=3.621;or_width=2.29,26.0,91,True,10:24,11:55
FCX,heat_fade_short,-1,2026-08-19,2026-08-19 10:30:00-04:00,2026-08-19 10:30:00-04:00,68.4481535,69.09719642857144,67.80380357142857,2026-08-19 10:38:00-04:00,69.1341061482143,stop,-1.056867917387381,-1.1522296401041328,0.0587842472669478,0,29,-19.892626798214607,heat_score=-12.85,0.0,8,False,10:30,10:38
RTX,heat_fade_long,1,2026-08-19,2026-08-19 12:20:00-04:00,2026-08-19 12:20:00-04:00,221.402137,220.32626607142856,222.41373392857145,2026-08-19 12:49:00-04:00,222.41373392857145,target,0.9402586329892748,-0.2808301553432402,1.1226839278981882,1,9,9.104372357143175,heat_score=59.98,28.0,29,False,12:20,12:49
UNH,heat_fade_long,1,2026-08-19,2026-08-19 12:20:00-04:00,2026-08-19 12:20:00-04:00,389.038899,386.6270589285714,391.50294107142855,2026-08-19 12:31:00-04:00,386.5583962226786,stop,-1.0284690128115244,-1.036096476546165,0.0958193715817492,0,5,-12.402513886607096,heat_score=59.57,1.0,11,False,12:20,12:31
FSLY,heat_fade_long,1,2026-08-19,2026-08-19 12:25:00-04:00,2026-08-19 12:25:00-04:00,25.097508500000004,24.477064285714285,25.672935714285718,2026-08-19 14:17:00-04:00,24.44461657928571,stop,-1.0522975405064077,-1.1403257274540244,0.0443093824827519,0,79,-51.57846173642912,heat_score=58.04,20.0,112,False,12:25,14:17
DAL,heat_fade_long,1,2026-08-19,2026-08-19 12:55:00-04:00,2026-08-19 12:55:00-04:00,83.9033885,83.2892875,84.4307125,2026-08-19 15:40:00-04:00,83.25095857125,stop,-1.062414698477945,-1.0232657168771824,0.3852973696509094,0,23,-15.005888361250229,heat_score=58.61,38.0,165,False,12:55,15:40
AAOX,heat_fade_long,1,2026-08-19,2026-08-19 13:05:00-04:00,2026-08-19 13:05:00-04:00,16.281627,15.059583928571428,17.47541607142857,2026-08-19 15:55:00-04:00,15.38846,time,-0.7308801308908733,-0.8441821930171616,0.0804987993467368,0,122,-108.966374,heat_score=58.19,1.0,170,False,13:05,15:55
COHR,heat_fade_long,1,2026-08-19,2026-08-19 13:05:00-04:00,2026-08-19 13:05:00-04:00,289.078904,279.3303357142857,298.7796642857143,2026-08-19 15:55:00-04:00,287.381258,time,-0.1741431100695854,-0.4440553600412947,0.0801241758899733,0,6,-10.18587600000012,heat_score=59.85,0.0,170,False,13:05,15:55
AAOI,heat_fade_long,1,2026-08-19,2026-08-19 13:10:00-04:00,2026-08-19 13:10:00-04:00,125.252523,120.78689285714285,129.63310714285714,2026-08-19 15:55:00-04:00,122.397758,time,-0.6392748411030522,-0.7619356935420183,0.0506483951345065,0,15,-42.82147500000022,heat_score=58.6,0.0,165,False,13:10,15:55
ON,heat_fade_long,1,2026-08-19,2026-08-19 13:15:00-04:00,2026-08-19 13:15:00-04:00,77.6927675,76.65038392857143,78.70961607142858,2026-08-19 15:38:00-04:00,76.61271889017857,stop,-1.0361335687027755,-1.0003683179416358,0.1028724002749143,0,25,-27.001215245535803,heat_score=66.17,2.0,143,False,13:15,15:38
SNDU,heat_fade_long,1,2026-08-19,2026-08-19 13:20:00-04:00,2026-08-19 13:20:00-04:00,22.662265,21.598092857142856,23.70190714285714,2026-08-19 15:55:00-04:00,22.237775,time,-0.398892230781675,-0.6693137052880141,0.2140020310892222,0,88,-37.3551200000002,heat_score=58.87,126.0,155,False,13:20,15:55
SOXL,heat_fade_long,1,2026-08-19,2026-08-19 13:20:00-04:00,2026-08-19 13:20:00-04:00,120.91238903,116.72993035714286,125.00506964285717,2026-08-19 15:55:00-04:00,120.137984,time,-0.1851554529458139,-0.5648326055989928,0.3915426542353151,0,16,-12.390480480000178,heat_score=59.96,128.0,155,False,13:20,15:55
STM,heat_fade_long,1,2026-08-19,2026-08-19 13:20:00-04:00,2026-08-19 13:20:00-04:00,50.595058,49.97455357142857,51.20544642857144,2026-08-19 15:55:00-04:00,50.454953,time,-0.2257921032450209,-0.5802666079740173,0.2658192148277601,0,39,-5.464094999999659,heat_score=58.18,84.0,155,False,13:20,15:55
STX,heat_fade_long,1,2026-08-19,2026-08-19 13:20:00-04:00,2026-08-19 13:20:00-04:00,844.1994105,825.8788446428571,862.6811553571429,2026-08-19 15:55:00-04:00,835.286462,time,-0.4864996294055481,-0.8236268801772247,0.2014342531107579,0,2,-17.82589699999994,heat_score=58.69,34.0,155,False,13:20,15:55
SNDK,heat_fade_long,1,2026-08-19,2026-08-19 13:25:00-04:00,2026-08-19 13:25:00-04:00,1568.8618695,1527.991458928571,1608.8563410714287,2026-08-19 15:55:00-04:00,1558.4341399999998,time,-0.2551412954801557,-0.5349070193897931,0.2331302858665414,0,1,-10.427729500000169,heat_score=60.56,121.0,150,False,13:25,15:55
SNXX,heat_fade_long,1,2026-08-19,2026-08-19 13:25:00-04:00,2026-08-19 13:25:00-04:00,14.521451,13.835446428571428,15.184553571428571,2026-08-19 15:55:00-04:00,14.298569,time,-0.3248987095462902,-0.6289331266430538,0.2456966134336474,0,137,-30.53483399999979,heat_score=58.54,121.0,150,False,13:25,15:55
CRDO,heat_fade_long,1,2026-08-19,2026-08-19 13:30:00-04:00,2026-08-19 13:30:00-04:00,231.1381105,225.08291964285715,236.91708035714285,2026-08-19 15:55:00-04:00,233.546642,time,0.3977631022412584,-0.3233771727756766,0.7335672160953082,0,8,19.268252000000302,heat_score=73.82,118.0,145,False,13:30,15:55
GLW,heat_fade_long,1,2026-08-19,2026-08-19 13:30:00-04:00,2026-08-19 13:30:00-04:00,151.995197,149.1272982142857,154.8127017857143,2026-08-19 15:55:00-04:00,152.33476400000004,time,0.1184027141025729,-0.4516187971666565,0.1760184154735717,0,13,4.414371000000585,heat_score=64.19,144.0,145,False,13:30,15:55
VIAV,heat_fade_long,1,2026-08-19,2026-08-19 13:30:00-04:00,2026-08-19 13:30:00-04:00,38.743873,37.916401785714285,39.58359821428572,2026-08-19 15:55:00-04:00,38.536145,time,-0.2510395484624941,-0.2826358137447475,0.7445902520389914,0,51,-10.594127999999792,heat_score=65.13,124.0,145,False,13:30,15:55
DIA,intraday_momentum,1,2026-08-19,2026-08-19 15:30:00-04:00,2026-08-19 15:30:00-04:00,534.3084245,532.9677321428572,,2026-08-19 15:55:00-04:00,533.976596,time,-0.2475053268053318,-0.3344723326055622,0.3741167743127043,0,3,-0.9954855000000862,first_30m_ret=0.4747,4.0,25,False,15:30,15:55
IWM,intraday_momentum,1,2026-08-19,2026-08-19 15:30:00-04:00,2026-08-19 15:30:00-04:00,301.7051665,300.76750000000004,,2026-08-19 15:55:00-04:00,301.489847,time,-0.2296333504503212,-0.3681122232691614,0.1331320890742802,0,6,-1.291917000000126,first_30m_ret=0.6961,3.0,25,False,15:30,15:55
QQQ,intraday_momentum,-1,2026-08-19,2026-08-19 15:30:00-04:00,2026-08-19 15:30:00-04:00,716.8783040000001,719.9470857142858,,2026-08-19 15:55:00-04:00,715.9115830000001,time,0.3150178442147757,-0.2873114095719072,0.5338613666698663,0,2,1.9334420000000136,first_30m_ret=-0.2954,20.0,25,False,15:30,15:55
SPY,intraday_momentum,1,2026-08-19,2026-08-19 15:30:00-04:00,2026-08-19 15:30:00-04:00,769.7369649999999,767.8029482142857,,2026-08-19 15:55:00-04:00,768.6231290000001,time,-0.5759184761100952,-0.7481656884718413,0.3324867729948815,0,2,-2.2276719999997567,first_30m_ret=0.3362,3.0,25,False,15:30,15:55
COIN,heat_fade_short,-1,2026-08-20,2026-08-20 09:50:00-04:00,2026-08-20 09:50:00-04:00,171.202877,173.52901428571428,169.1009857142857,2026-08-20 10:25:00-04:00,169.1009857142857,target,0.9035972634215632,-0.3727737848171445,0.9384127985075909,1,11,23.120804142857168,heat_score=-64.77,34.0,35,False,09:50,10:25
CRCL,heat_fade_short,-1,2026-08-20,2026-08-20 09:50:00-04:00,2026-08-20 09:50:00-04:00,81.931805,83.28229285714286,80.73770714285715,2026-08-20 11:02:00-04:00,83.32062108642857,stop,-1.0283810247407916,-1.1982299518216353,0.8380712155342748,0,24,-33.33158607428584,heat_score=-33.64,4.0,72,False,09:50,11:02
DE,heat_fade_short,-1,2026-08-20,2026-08-20 09:50:00-04:00,2026-08-20 09:50:00-04:00,601.009892,605.8704232142857,598.4095767857143,2026-08-20 09:54:00-04:00,605.9610102566071,stop,-1.0186372720033534,-1.3764149853285697,0.0,0,3,-14.85335476982118,heat_score=-25.69,0.0,4,False,09:50,09:54
FBTC,heat_fade_short,-1,2026-08-20,2026-08-20 09:50:00-04:00,2026-08-20 09:50:00-04:00,62.263772,62.62173928571429,61.97826071428571,2026-08-20 11:03:00-04:00,62.65800145964285,stop,-1.1013002455132546,-1.5259159755620304,0.5692475489579949,0,32,-12.615342708571234,heat_score=-11.96,39.0,73,False,09:50,11:03
MSTR,heat_fade_short,-1,2026-08-20,2026-08-20 09:50:00-04:00,2026-08-20 09:50:00-04:00,112.38345953,113.80633035714284,110.95366964285714,2026-08-20 10:14:00-04:00,110.95366964285714,target,1.0048627464053743,-0.0819051650907893,1.0074417878665745,1,17,24.30642808142862,heat_score=-60.78,23.0,24,False,09:50,10:14
MSTU,heat_fade_short,-1,2026-08-20,2026-08-20 09:50:00-04:00,2026-08-20 09:50:00-04:00,24.28757,24.89464285714286,23.805357142857144,2026-08-20 10:06:00-04:00,23.805357142857144,target,0.7943245221213663,-0.1852001760202928,0.8031490689514718,1,82,39.54145428571411,heat_score=-42.62,15.0,16,False,09:50,10:06
SHOP,heat_fade_short,-1,2026-08-20,2026-08-20 09:50:00-04:00,2026-08-20 09:50:00-04:00,146.395358,148.2864482142857,144.47355178571428,2026-08-20 10:09:00-04:00,144.47355178571428,target,1.0162424826525718,-0.0130305787708321,1.0339845160367132,1,13,24.98348078571422,heat_score=-13.22,18.0,19,False,09:50,10:09
PURR,orb20_a,1,2026-08-20,2026-08-20 09:50:00-04:00,2026-08-20 09:51:00-04:00,9.850984,9.365,10.552499999999998,2026-08-20 15:50:00-04:00,9.929006,time,0.1605443800618927,-0.9074043589912428,0.8751646144729051,0,203,15.838465999999782,rv20=8.01;or_width=0.95,193.0,359,True,09:51,15:50
WMT,orb20_a,-1,2026-08-20,2026-08-20 09:50:00-04:00,2026-08-20 09:53:00-04:00,104.13008495,105.57025,102.020875,2026-08-20 15:50:00-04:00,103.560354,time,0.3956011500209625,-0.3124051996679161,0.888846004143769,0,19,10.82488804999987,rv20=5.95;or_width=2.84,121.0,357,True,09:53,15:50
TEM,orb20_a,1,2026-08-20,2026-08-20 09:50:00-04:00,2026-08-20 09:55:00-04:00,66.80667900000002,64.25,70.60000000000001,2026-08-20 15:50:00-04:00,66.78331999999999,time,-0.0091364617928287,-0.6933130831050789,0.8422336163436875,0,29,-0.6774110000008022,rv20=5.311;or_width=5.08,103.0,355,True,09:55,15:50
BMNR,orb20_a,1,2026-08-20,2026-08-20 09:50:00-04:00,2026-08-20 09:58:00-04:00,21.612160000000003,21.115,22.3275,2026-08-20 10:50:00-04:00,21.082888500000003,stop,-1.0645898704642351,-1.000000000000007,0.2973690562394367,0,92,-48.69297800000001,rv20=4.112;or_width=0.97,4.0,52,True,09:58,10:50
PLTR,heat_fade_short,-1,2026-08-20,2026-08-20 10:00:00-04:00,2026-08-20 10:00:00-04:00,175.40245700000003,177.617825,173.062175,2026-08-20 15:55:00-04:00,174.467444,time,0.4220576445990161,-0.477366739972767,0.6601417913412307,0,11,10.28514300000029,heat_score=-16.61,83.0,355,False,10:00,15:55
AAP,orb20_a,-1,2026-08-20,2026-08-20 09:50:00-04:00,2026-08-20 10:01:00-04:00,44.025596,45.7,41.55,2026-08-20 13:03:00-04:00,41.55,target,1.478493840196272,-0.4881163685705473,1.5083552117649004,1,45,111.40182000000011,rv20=20.95;or_width=3.32,181.0,182,False,10:01,13:03
SYF,orb20_a,-1,2026-08-20,2026-08-20 09:50:00-04:00,2026-08-20 10:01:00-04:00,76.10238799999999,77.67499999999998,73.7875,2026-08-20 11:08:00-04:00,77.71276749999998,stop,-1.0240157775725998,-1.034973661653365,0.2844872098139857,0,26,-41.86986699999983,rv20=4.656;or_width=3.11,8.0,67,False,10:01,11:08
MRNA,orb20_a,-1,2026-08-20,2026-08-20 09:50:00-04:00,2026-08-20 10:06:00-04:00,140.51594600000004,147.765,129.70250000000004,2026-08-20 12:46:00-04:00,129.70250000000004,target,1.491704434813155,-0.8048021162485441,1.5596443342814217,1,14,151.388244,rv20=6.844;or_width=14.45,159.0,160,False,10:06,12:46
AXTI,heat_fade_short,-1,2026-08-20,2026-08-20 10:10:00-04:00,2026-08-20 10:10:00-04:00,72.63013526,75.85211785714286,69.50788214285716,2026-08-20 15:55:00-04:00,72.6922675,time,-0.0192838533811739,-0.6392848744206505,0.4842159176723937,0,27,-1.6775704799999147,heat_score=-18.58,96.0,345,False,10:10,15:55
CIEN,heat_fade_short,-1,2026-08-20,2026-08-20 10:10:00-04:00,2026-08-20 10:10:00-04:00,400.029992,408.0734910714286,392.0465089285714,2026-08-20 14:25:00-04:00,392.0465089285714,target,0.9925385706559968,-0.5370060917074055,0.9995639868423608,1,4,31.933932285714263,heat_score=-32.89,254.0,255,False,10:10,14:25
ETHA,heat_fade_short,-1,2026-08-20,2026-08-20 10:10:00-04:00,2026-08-20 10:10:00-04:00,51.664832,51.99035714285714,51.38964285714285,2026-08-20 10:48:00-04:00,51.38964285714285,target,0.8453698551264349,-0.4459501921291141,0.8749923201016897,0,38,10.457187428571745,heat_score=-12.91,37.0,38,False,10:10,10:48
COHR,heat_fade_short,-1,2026-08-20,2026-08-20 10:15:00-04:00,2026-08-20 10:15:00-04:00,285.9614,296.0325214285714,276.6274785714286,2026-08-20 15:55:00-04:00,287.168713,time,-0.1198787055208017,-0.4000150359195362,0.311921569239351,0,6,-7.243877999999654,heat_score=-21.7,5.0,340,False,10:15,15:55
BJ,orb20_a,1,2026-08-20,2026-08-20 09:50:00-04:00,2026-08-20 10:43:00-04:00,90.2260207,89.2185,91.68975,2026-08-20 15:40:00-04:00,91.68975,target,1.4528032029515583,-0.7305266283859093,1.6118570070073863,1,22,32.20204459999994,rv20=4.025;or_width=1.977,296.0,297,False,10:43,15:40
IONQ,heat_fade_long,1,2026-08-20,2026-08-20 11:35:00-04:00,2026-08-20 11:35:00-04:00,40.5290515,39.80197142857143,41.228028571428574,2026-08-20 12:47:00-04:00,41.228028571428574,target,0.961348136052217,-0.2737683342206102,1.0121973203776584,1,49,34.249876500000056,heat_score=62.33,71.0,72,False,11:35,12:47
SMCI,heat_fade_long,1,2026-08-20,2026-08-20 11:35:00-04:00,2026-08-20 11:35:00-04:00,35.91359,35.27838214285714,36.52161785714286,2026-08-20 13:38:00-04:00,36.52161785714286,target,0.9572108567386808,-0.522018102061076,1.001892518871769,1,55,33.441532142857184,heat_score=63.91,122.0,123,False,11:35,13:38
FPS,heat_fade_long,1,2026-08-20,2026-08-20 11:50:00-04:00,2026-08-20 11:50:00-04:00,33.073306,32.4860125,33.7537875,2026-08-20 15:55:00-04:00,33.416657,time,0.5846327262263207,-0.3802289655853511,0.709515770223915,0,60,20.601059999999904,heat_score=66.31,242.0,245,False,11:50,15:55
APP,heat_fade_long,1,2026-08-20,2026-08-20 12:05:00-04:00,2026-08-20 12:05:00-04:00,309.610957,304.09628392857144,314.8437160714286,2026-08-20 15:55:00-04:00,308.87910800000003,time,-0.132709408249721,-0.3537756408639786,0.5946033350532932,0,6,-4.391093999999725,heat_score=58.24,42.0,230,False,12:05,15:55
HOOD,heat_fade_long,1,2026-08-20,2026-08-20 12:15:00-04:00,2026-08-20 12:15:00-04:00,94.069405,92.92941071428572,95.22058928571428,2026-08-20 12:40:00-04:00,95.22058928571428,target,1.0098158386758824,-0.0433379365310167,1.0356148401746397,1,21,24.17486999999987,heat_score=65.8,24.0,25,False,12:15,12:40
CORZ,heat_fade_long,1,2026-08-20,2026-08-20 12:20:00-04:00,2026-08-20 12:20:00-04:00,17.9867975,17.59642857142857,18.343571428571423,2026-08-20 14:28:00-04:00,18.343571428571423,target,0.9139403842335824,-0.2607725475809046,0.956025115435664,1,111,39.60190607142813,heat_score=59.32,127.0,128,False,12:20,14:28
IONQ,exhaustion_short,-1,2026-08-20,2026-08-20 13:05:00-04:00,2026-08-20 13:05:00-04:00,41.43625496000001,42.177328571428575,40.75127142857143,2026-08-20 15:55:00-04:00,41.59415799999999,time,-0.2130733540701803,-0.7875668907909165,0.3322948708500129,0,48,-7.579345919999355,layers=rsi5 > 90 (short-term overbought) + sma20_dist_pct > 1.0 (close > 1% above 5-min SMA20) + bear_div == 1 (price at 20-bar high while RSI(14) is >5 below its 20-bar max) + time window 13:00-15:00 ET (bar close),128.0,170,False,13:05,15:55
MSTU,exhaustion_short,-1,2026-08-20,2026-08-20 13:05:00-04:00,2026-08-20 13:05:00-04:00,24.637535,25.194642857142856,24.10535714285714,2026-08-20 13:12:00-04:00,24.10535714285714,target,0.9552510350009084,-0.2916221660078712,1.0546162515337365,1,81,43.10640642857128,layers=rsi5 > 90 (short-term overbought) + sma20_dist_pct > 1.0 (close > 1% above 5-min SMA20) + bear_div == 1 (price at 20-bar high while RSI(14) is >5 below its 20-bar max) + time window 13:00-15:00 ET (bar close),6.0,7,False,13:05,13:12
DIA,intraday_momentum,-1,2026-08-20,2026-08-20 15:30:00-04:00,2026-08-20 15:30:00-04:00,527.8222115,529.0510178571428,,2026-08-20 15:55:00-04:00,527.792773,time,0.0239569886897542,-0.193511775568006,0.2378010972204298,0,3,0.0883154999999078,first_30m_ret=-0.6475,15.0,25,False,15:30,15:55
IWM,intraday_momentum,-1,2026-08-20,2026-08-20 15:30:00-04:00,2026-08-20 15:30:00-04:00,297.590237,298.51286607142856,,2026-08-20 15:55:00-04:00,297.709767,time,-0.1295536892360461,-0.2707079234055032,0.2125848903680558,0,6,-0.7171799999999848,first_30m_ret=-0.9015,17.0,25,False,15:30,15:55
QQQ,intraday_momentum,-1,2026-08-20,2026-08-20 15:30:00-04:00,2026-08-20 15:30:00-04:00,710.8499069000001,713.6840839285713,,2026-08-20 15:55:00-04:00,711.011093,time,-0.0568722766344451,-0.28230173765936,0.0846478175433484,0,2,-0.3223721999997906,first_30m_ret=-0.5502,1.0,25,False,15:30,15:55
SPY,intraday_momentum,-1,2026-08-20,2026-08-20 15:30:00-04:00,2026-08-20 15:30:00-04:00,763.3936520000001,765.1763375,,2026-08-20 15:55:00-04:00,763.0062919999999,time,0.217290150169607,-0.1437987799866522,0.3554480024660058,0,2,0.7747200000003431,first_30m_ret=-0.3264,24.0,25,False,15:30,15:55
AMD,heat_fade_short,-1,2026-08-21,2026-08-21 09:50:00-04:00,2026-08-21 09:50:00-04:00,473.34266,479.6590267857143,466.95097321428574,2026-08-21 10:12:00-04:00,466.95097321428574,target,1.011924576668073,-0.0677034780448856,1.0294937296401188,1,4,25.56674714285691,heat_score=-20.59,21.0,22,False,09:50,10:12
APLD,heat_fade_short,-1,2026-08-21,2026-08-21 09:50:00-04:00,2026-08-21 09:50:00-04:00,29.197079,29.750301785714285,28.655898214285717,2026-08-21 09:53:00-04:00,28.655898214285717,target,0.978233000680814,-0.1498871741028166,1.0611981558966337,1,68,36.80029342857141,heat_score=-17.88,2.0,3,False,09:50,09:53
AVGO,heat_fade_short,-1,2026-08-21,2026-08-21 09:50:00-04:00,2026-08-21 09:50:00-04:00,370.62043325,374.5944607142857,366.8455392857143,2026-08-21 09:59:00-04:00,366.8455392857143,target,0.9498912622548248,-0.1131262312704672,1.0620040470099317,1,5,18.87446982142848,heat_score=-15.15,8.0,9,False,09:50,09:59
AXTI,heat_fade_short,-1,2026-08-21,2026-08-21 09:50:00-04:00,2026-08-21 09:50:00-04:00,74.38196006,77.18515357142857,71.43484642857143,2026-08-21 10:15:00-04:00,71.43484642857143,target,1.0513414858493464,-0.1776687688415007,1.1565238171330583,1,26,76.62495441714267,heat_score=-22.18,24.0,25,False,09:50,10:15
CAT,heat_fade_short,-1,2026-08-21,2026-08-21 09:50:00-04:00,2026-08-21 09:50:00-04:00,828.21926879,837.0194214285715,820.0707785714286,2026-08-21 10:03:00-04:00,820.0707785714286,target,0.9259487367135172,-0.0807635093605967,1.0317171943365102,1,2,16.296980437142793,heat_score=-57.79,12.0,13,False,09:50,10:03
DRAM,heat_fade_short,-1,2026-08-21,2026-08-21 09:50:00-04:00,2026-08-21 09:50:00-04:00,58.57924049,59.44961785714286,57.730382142857145,2026-08-21 10:15:00-04:00,57.730382142857145,target,0.975276218325117,-0.115765314912489,1.021672349913083,1,34,28.861183802857184,heat_score=-33.9,24.0,25,False,09:50,10:15
GDX,heat_fade_short,-1,2026-08-21,2026-08-21 09:50:00-04:00,2026-08-21 09:50:00-04:00,102.57974,103.53507857142856,101.64492142857144,2026-08-21 15:55:00-04:00,102.960294,time,-0.398344640718263,-0.7015941992143446,0.7429198623673898,0,19,-7.230526000000339,heat_score=-45.11,50.0,365,False,09:50,15:55
GDXJ,heat_fade_short,-1,2026-08-21,2026-08-21 09:50:00-04:00,2026-08-21 09:50:00-04:00,132.27677000000003,133.54044285714284,130.97955714285715,2026-08-21 10:41:00-04:00,130.97955714285715,target,1.0265416795260665,-0.2320458165596475,1.097412191898747,1,15,19.458192857143217,heat_score=-37.75,50.0,51,False,09:50,10:41
HD,heat_fade_short,-1,2026-08-21,2026-08-21 09:50:00-04:00,2026-08-21 09:50:00-04:00,336.44635100000005,338.49379464285715,333.8462053571429,2026-08-21 11:01:00-04:00,338.5576440223214,stop,-1.031184926475033,-1.0421038974350156,0.2644033704608587,0,5,-10.556465111606885,heat_score=-25.54,5.0,71,False,09:50,11:01
IWM,heat_fade_short,-1,2026-08-21,2026-08-21 09:50:00-04:00,2026-08-21 09:50:00-04:00,299.62503350000003,300.5171517857143,298.8228482142857,2026-08-21 10:15:00-04:00,298.8228482142857,target,0.8991916190486234,-0.4091010192754531,0.9023842610237331,1,6,4.81311171428581,heat_score=-26.96,24.0,25,False,09:50,10:15
MU,heat_fade_short,-1,2026-08-21,2026-08-21 09:50:00-04:00,2026-08-21 09:50:00-04:00,985.571432,1000.5404767857144,971.1621232142858,2026-08-21 10:04:00-04:00,971.1621232142858,target,0.9626070996504508,-0.0620258682695736,0.97276293901509,1,2,28.818617571428376,heat_score=-41.47,13.0,14,False,09:50,10:04
MUU,heat_fade_short,-1,2026-08-21,2026-08-21 09:50:00-04:00,2026-08-21 09:50:00-04:00,32.8617125,33.79857142857143,31.981428571428573,2026-08-21 10:04:00-04:00,31.981428571428573,target,0.939612039470805,-0.0728898427686709,1.018950101116771,1,60,52.817035714285794,heat_score=-37.99,13.0,14,False,09:50,10:04
NEM,heat_fade_short,-1,2026-08-21,2026-08-21 09:50:00-04:00,2026-08-21 09:50:00-04:00,130.80691700000003,132.00969285714285,129.56550714285714,2026-08-21 11:26:00-04:00,132.05289382642857,stop,-1.035917722349652,-1.075082270999075,0.2925873494301654,0,15,-18.689652396428187,heat_score=-29.33,65.0,96,False,09:50,11:26
ROST,heat_fade_short,-1,2026-08-21,2026-08-21 09:50:00-04:00,2026-08-21 09:50:00-04:00,238.1711795,239.5440357142857,236.8759642857143,2026-08-21 09:56:00-04:00,239.59799011785717,stop,-1.0393008408382354,-1.1937306201091669,0.7729720628843496,0,8,-11.414484942856916,heat_score=-31.02,0.0,6,False,09:50,09:56
SKHY,heat_fade_short,-1,2026-08-21,2026-08-21 09:50:00-04:00,2026-08-21 09:50:00-04:00,166.84331300000002,169.5210392857143,164.27896071428572,2026-08-21 10:16:00-04:00,164.27896071428572,target,0.9576603476595732,-0.1817538269674817,1.0356969697745866,1,11,28.20787514285737,heat_score=-45.79,25.0,26,False,09:50,10:16
SNDK,heat_fade_short,-1,2026-08-21,2026-08-21 09:50:00-04:00,2026-08-21 09:50:00-04:00,1604.5045325,1640.570117857143,1568.769882142857,2026-08-21 15:55:00-04:00,1596.06959,time,0.2338778759992918,-0.1931333549982317,0.8458044475897623,0,1,8.434942499999806,heat_score=-18.04,34.0,365,False,09:50,15:55
SOXL,heat_fade_short,-1,2026-08-21,2026-08-21 09:50:00-04:00,2026-08-21 09:50:00-04:00,124.4425535,128.1393535714286,120.70064642857145,2026-08-21 10:03:00-04:00,120.70064642857145,target,1.012201633609728,-0.0128344782198776,1.061067253897824,1,16,59.870513142857135,heat_score=-27.01,12.0,13,False,09:50,10:03
SOXX,heat_fade_short,-1,2026-08-21,2026-08-21 09:50:00-04:00,2026-08-21 09:50:00-04:00,525.6474290000001,530.6460500000001,520.56395,2026-08-21 10:03:00-04:00,520.56395,target,1.0169762820586254,-0.0225204111293674,1.1257962946180893,1,3,15.250437000000376,heat_score=-15.09,12.0,13,False,09:50,10:03
STX,heat_fade_short,-1,2026-08-21,2026-08-21 09:50:00-04:00,2026-08-21 09:50:00-04:00,860.67382301,876.146875,842.6531249999999,2026-08-21 10:15:00-04:00,842.6531249999999,target,1.1646505176642914,-0.0062093108755868,1.2550092265281614,1,2,36.04139602000009,heat_score=-12.42,24.0,25,False,09:50,10:15
TNA,heat_fade_short,-1,2026-08-21,2026-08-21 09:50:00-04:00,2026-08-21 09:50:00-04:00,72.902708,73.52780178571429,72.30219821428572,2026-08-21 10:16:00-04:00,72.30219821428572,target,0.9606715015221072,-0.3796102367724658,1.0094613231180438,1,27,16.21376421428556,heat_score=-30.93,25.0,26,False,09:50,10:16
TSM,heat_fade_short,-1,2026-08-21,2026-08-21 09:50:00-04:00,2026-08-21 09:50:00-04:00,421.517843,424.27864821428574,418.6613517857143,2026-08-21 10:04:00-04:00,418.6613517857143,target,1.03465872909283,-0.0243251496528802,1.0387704953469648,1,4,11.425964857142844,heat_score=-11.64,13.0,14,False,09:50,10:04
ASST,orb20_a,1,2026-08-21,2026-08-21 09:50:00-04:00,2026-08-21 09:51:00-04:00,18.351834,17.765,19.2025,2026-08-21 10:20:00-04:00,17.7332235,stop,-1.0541490438522638,-1.0596420793614552,0.1843212901774619,0,108,-66.8099339999999,rv20=5.733;or_width=1.15,0.0,29,False,09:51,10:20
BITX,orb20_a,1,2026-08-21,2026-08-21 09:50:00-04:00,2026-08-21 09:51:00-04:00,17.450743900000003,17.152,17.8695,2026-08-21 10:03:00-04:00,17.1202848,stop,-1.1061618329278038,-1.0903784144211843,0.1648773414285516,0,114,-37.672337400000266,rv20=4.791;or_width=0.574,0.0,12,False,09:51,10:03
COIN,orb20_a,1,2026-08-21,2026-08-21 09:50:00-04:00,2026-08-21 09:51:00-04:00,188.758873,183.97,195.87,2026-08-21 15:50:00-04:00,185.891408,time,-0.5987765806276248,-0.9665892162936822,0.5421164854444932,0,10,-28.67464999999953,rv20=4.387;or_width=9.52,66.0,359,False,09:51,15:50
FCX,orb20_a,1,2026-08-21,2026-08-21 09:50:00-04:00,2026-08-21 09:51:00-04:00,76.747673,75.57075,78.468875,2026-08-21 10:22:00-04:00,75.53319292500001,stop,-1.0319112422817764,-1.0006372549436204,0.49478767939788,0,26,-31.57648194999993,rv20=4.73;or_width=2.319,4.0,31,False,09:51,10:22
HOOD,orb20_a,1,2026-08-21,2026-08-21 09:50:00-04:00,2026-08-21 09:51:00-04:00,107.100708,102.93,113.305,2026-08-21 15:50:00-04:00,107.509247,time,0.0979543521147981,-0.4101720858904533,0.6256232754726542,0,18,7.353702000000084,rv20=5.208;or_width=8.3,15.0,359,False,09:51,15:50
TGTX,orb20_a,1,2026-08-21,2026-08-21 09:50:00-04:00,2026-08-21 09:51:00-04:00,55.505549,52.735,59.6225,2026-08-21 15:50:00-04:00,55.024496,time,-0.1736309301874814,-0.6624856661982877,0.4924839806117866,0,36,-17.317907999999846,rv20=6.499;or_width=5.51,34.0,359,True,09:51,15:50
AIG,orb20_a,1,2026-08-21,2026-08-21 09:50:00-04:00,2026-08-21 09:52:00-04:00,76.637662,76.2175,77.22375,2026-08-21 13:54:00-04:00,76.17987825,stop,-1.089541057972875,-1.0178502577577393,0.4101703628600263,0,26,-11.902377500000114,rv20=4.22;or_width=0.805,2.0,242,True,09:52,13:54
AEM,heat_fade_short,-1,2026-08-21,2026-08-21 09:55:00-04:00,2026-08-21 09:55:00-04:00,215.878409,217.86929464285717,213.62070535714287,2026-08-21 10:26:00-04:00,217.9210815723214,stop,-1.0260120060888835,-1.2565216937372334,0.2078517173925439,0,9,-18.38405315089267,heat_score=-31.28,1.0,31,False,09:55,10:26
GLD,heat_fade_short,-1,2026-08-21,2026-08-21 09:55:00-04:00,2026-08-21 09:55:00-04:00,420.1029845,422.0349392857143,418.2848607142857,2026-08-21 10:28:00-04:00,422.10714277964286,stop,-1.037373283506663,-1.085437151793725,0.0429536449888121,0,4,-8.016633118571463,heat_score=-27.61,5.0,33,False,09:55,10:28
ISRG,heat_fade_short,-1,2026-08-21,2026-08-21 09:55:00-04:00,2026-08-21 09:55:00-04:00,375.15248,378.2132482142857,372.3667517857143,2026-08-21 10:25:00-04:00,378.2810695391072,stop,-1.0221582687982915,-1.0903863887579,0.0,0,5,-15.642947695535554,heat_score=-15.77,0.0,30,False,09:55,10:25
MSTR,heat_fade_short,-1,2026-08-21,2026-08-21 09:55:00-04:00,2026-08-21 09:55:00-04:00,119.07809,120.54213392857145,117.64786607142857,2026-08-21 10:21:00-04:00,117.64786607142857,target,0.9768996002510524,-0.5477362969446412,1.0710675884773937,1,16,22.88358285714276,heat_score=-51.74,25.0,26,False,09:55,10:21
MSTU,heat_fade_short,-1,2026-08-21,2026-08-21 09:55:00-04:00,2026-08-21 09:55:00-04:00,27.237275,27.855357142857144,26.744642857142857,2026-08-21 10:03:00-04:00,26.744642857142857,target,0.7970334502464413,-0.5868556537214776,0.8530824035177915,1,73,35.96214642857147,heat_score=-37.66,7.0,8,False,09:55,10:03
WPM,heat_fade_short,-1,2026-08-21,2026-08-21 09:55:00-04:00,2026-08-21 09:55:00-04:00,154.55454200000003,156.05236785714283,153.13763214285714,2026-08-21 10:25:00-04:00,156.09797309392857,stop,-1.030447622844963,-1.038477198522327,0.2500571065814523,0,12,-18.52117312714256,heat_score=-41.59,3.0,30,False,09:55,10:25
BJ,orb20_a,1,2026-08-21,2026-08-21 09:50:00-04:00,2026-08-21 10:00:00-04:00,96.029601,94.275,98.6125,2026-08-21 11:00:00-04:00,94.2355725,stop,-1.0224709207392462,-1.1795279952536275,0.0355630710343746,0,20,-35.880570000000205,rv20=9.904;or_width=3.47,1.0,60,True,10:00,11:00
BABA,orb20_a,-1,2026-08-21,2026-08-21 09:50:00-04:00,2026-08-21 10:04:00-04:00,121.337864,123.56,118.06,2026-08-21 15:50:00-04:00,119.681966,time,0.7451830131009033,-0.4509786979734834,0.9485756047334576,0,16,26.49436799999989,rv20=4.827;or_width=4.4,337.0,346,False,10:04,15:50
GOOGL,heat_fade_short,-1,2026-08-21,2026-08-21 10:05:00-04:00,2026-08-21 10:05:00-04:00,342.165779,344.53506964285714,339.86493035714284,2026-08-21 10:56:00-04:00,344.5995231498214,stop,-1.0272037148158897,-1.0274049776622527,0.209252082050223,0,5,-12.168720749106969,heat_score=-18.18,8.0,51,False,10:05,10:56
B,heat_fade_short,-1,2026-08-21,2026-08-21 10:10:00-04:00,2026-08-21 10:10:00-04:00,47.28527,47.76080357142857,46.83919642857143,2026-08-21 12:40:00-04:00,47.79557965178571,stop,-1.073130652485098,-1.0298536831559184,0.589380049778659,0,42,-21.433005374999865,heat_score=-11.32,45.0,150,False,10:10,12:40
FBTC,heat_fade_short,-1,2026-08-21,2026-08-21 10:10:00-04:00,2026-08-21 10:10:00-04:00,66.97330099999999,67.37923928571429,66.67076071428572,2026-08-21 10:20:00-04:00,66.67076071428572,target,0.7452864052522534,-0.3367482319620782,0.8703318027229442,0,29,8.773668285713896,heat_score=-11.36,9.0,10,False,10:10,10:20
ROST,orb20_a,-1,2026-08-21,2026-08-21 09:50:00-04:00,2026-08-21 10:17:00-04:00,235.9664,239.925,230.1125,2026-08-21 11:36:00-04:00,239.9789925,stop,-1.01363929166877,-1.0795735866215326,0.3729601374223251,0,8,-32.10073999999986,rv20=10.52;or_width=7.85,10.0,79,True,10:17,11:36
XEL,orb20_a,-1,2026-08-21,2026-08-21 09:50:00-04:00,2026-08-21 10:17:00-04:00,78.08219,78.785,77.07249999999999,2026-08-21 11:16:00-04:00,77.07249999999999,target,1.4366471734892885,-0.2672272733740258,1.4686615159146863,1,25,25.242250000000155,rv20=4.692;or_width=1.37,58.0,59,False,10:17,11:16
GOOG,heat_fade_short,-1,2026-08-21,2026-08-21 10:20:00-04:00,2026-08-21 10:20:00-04:00,339.956,342.22730357142854,337.8326964285714,2026-08-21 11:02:00-04:00,342.29152630178567,stop,-1.0282757140723104,-1.005589930263478,0.1523354272640841,0,5,-11.677631508928243,heat_score=-20.74,9.0,42,False,10:20,11:02
CRWD,heat_fade_short,-1,2026-08-21,2026-08-21 10:30:00-04:00,2026-08-21 10:30:00-04:00,190.2959675,192.74694285714284,187.94765714285717,2026-08-21 15:39:00-04:00,192.8042755,stop,-1.0233917663390877,-1.0257273671370846,0.5613958932675654,0,10,-25.083079999999995,heat_score=-13.25,5.0,309,False,10:30,15:39
PANW,heat_fade_short,-1,2026-08-21,2026-08-21 10:30:00-04:00,2026-08-21 10:30:00-04:00,351.594836,355.2801875,347.6198125,2026-08-21 11:48:00-04:00,355.34571551875,stop,-1.0177806699713563,-1.012159627107476,0.4463172644454639,0,5,-18.754397593749843,heat_score=-28.6,4.0,78,False,10:30,11:48
AEP,orb20_a,-1,2026-08-21,2026-08-21 09:50:00-04:00,2026-08-21 10:38:00-04:00,123.06769099999998,124.625,120.78749999999998,2026-08-21 15:25:00-04:00,120.78749999999998,target,1.464186619354268,-0.206965348559608,1.469002619261787,1,16,36.48305600000003,rv20=4.336;or_width=3.07,286.0,287,True,10:38,15:25
CNP,orb20_a,-1,2026-08-21,2026-08-21 09:50:00-04:00,2026-08-21 10:48:00-04:00,39.28607000000001,39.7675,38.59875000000001,2026-08-21 15:50:00-04:00,38.773876,time,1.0639012940614978,-0.1327918908252363,1.186195293189081,1,50,25.60970000000076,rv20=4.971;or_width=0.935,278.0,302,False,10:48,15:50
AAOI,heat_fade_long,1,2026-08-21,2026-08-21 11:05:00-04:00,2026-08-21 11:05:00-04:00,122.92229,118.46337857142858,127.36662142857143,2026-08-21 11:58:00-04:00,127.36662142857143,target,0.996730143616092,-0.0274259764875362,1.024400254001776,1,16,71.1093028571429,heat_score=63.12,52.0,53,False,11:05,11:58
BE,heat_fade_long,1,2026-08-21,2026-08-21 11:05:00-04:00,2026-08-21 11:05:00-04:00,197.42974,192.1418821428572,202.57811785714287,2026-08-21 15:55:00-04:00,200.279969,time,0.539013921516434,-0.3308976994599864,0.8775311525690807,0,10,28.50229000000041,heat_score=64.31,265.0,290,False,11:05,15:55
CIFR,heat_fade_long,1,2026-08-21,2026-08-21 11:05:00-04:00,2026-08-21 11:05:00-04:00,15.6465635,15.097325,16.172674999999998,2026-08-21 15:55:00-04:00,15.9334055,time,0.5222539934837089,-0.2850555815005668,0.9348152032313856,0,127,36.42893400000023,heat_score=62.79,78.0,290,False,11:05,15:55
COHR,heat_fade_long,1,2026-08-21,2026-08-21 11:05:00-04:00,2026-08-21 11:05:00-04:00,285.0435005,275.6462303571428,294.3637696428572,2026-08-21 15:55:00-04:00,288.291167,time,0.3455968010527525,-0.1743591995432247,0.5849038514847738,0,7,22.73366549999986,heat_score=67.59,269.0,290,False,11:05,15:55
HUT,heat_fade_long,1,2026-08-21,2026-08-21 11:05:00-04:00,2026-08-21 11:05:00-04:00,79.967995,77.76292142857143,82.03707857142858,2026-08-21 15:55:00-04:00,80.551943,time,0.2648201890251117,-0.7859125529663261,0.6856936746198632,0,25,14.598699999999807,heat_score=59.27,7.0,290,False,11:05,15:55
IREN,heat_fade_long,1,2026-08-21,2026-08-21 11:05:00-04:00,2026-08-21 11:05:00-04:00,41.394138,40.50535892857143,42.23464107142857,2026-08-21 15:55:00-04:00,41.650833500000005,time,0.2888181194314226,-0.5109683774056974,0.8864542666757889,0,48,12.321384000000307,heat_score=60.18,10.0,290,False,11:05,15:55
LITE,heat_fade_long,1,2026-08-21,2026-08-21 11:05:00-04:00,2026-08-21 11:05:00-04:00,860.986089,839.1315107142857,882.6486892857142,2026-08-21 15:55:00-04:00,867.053285,time,0.2776167044122703,-0.0451204771425203,0.6031738900501561,0,2,12.134391999999934,heat_score=68.56,7.0,290,False,11:05,15:55
MRVL,heat_fade_long,1,2026-08-21,2026-08-21 11:05:00-04:00,2026-08-21 11:05:00-04:00,235.883585,231.51251071428567,240.1850892857143,2026-08-21 15:55:00-04:00,236.606336,time,0.1653485968797519,-0.5956396139294945,0.6672078325302291,0,8,5.782008000000133,heat_score=58.65,179.0,290,False,11:05,15:55
WMB,heat_fade_long,1,2026-08-21,2026-08-21 11:05:00-04:00,2026-08-21 11:05:00-04:00,70.087007,69.56438928571428,70.5756107142857,2026-08-21 11:47:00-04:00,70.5756107142857,target,0.9349160981913868,-0.2621552929702172,0.9433147528759024,1,28,13.680903999999655,heat_score=58.26,41.0,42,False,11:05,11:47
WULF,heat_fade_long,1,2026-08-21,2026-08-21 11:05:00-04:00,2026-08-21 11:05:00-04:00,15.5665555,15.212001785714286,15.907998214285715,2026-08-21 12:22:00-04:00,15.907998214285715,target,0.9630211178963052,-0.1595117967215122,1.022819633212941,1,128,43.70466742857161,heat_score=63.93,76.0,77,False,11:05,12:22
CB,orb20_a,-1,2026-08-21,2026-08-21 09:50:00-04:00,2026-08-21 11:30:00-04:00,342.195776,343.83590000000004,339.84615,2026-08-21 15:50:00-04:00,341.0441,time,0.7021883711231584,-0.2525565140196634,0.8693098814480059,0,5,5.758380000000045,rv20=6.943;or_width=3.192,163.0,260,False,11:30,15:50
APLD,heat_fade_long,1,2026-08-21,2026-08-21 13:05:00-04:00,2026-08-21 13:05:00-04:00,27.01259999,26.447798214285715,27.542201785714287,2026-08-21 15:55:00-04:00,27.357263,time,0.6102371218010312,-0.0931300011114154,0.916073624849462,0,74,25.505062739999843,heat_score=63.76,75.0,170,False,13:05,15:55
CNH,exhaustion_short,-1,2026-08-21,2026-08-21 13:05:00-04:00,2026-08-21 13:05:00-04:00,11.7038285,11.84142857142857,11.588571428571427,2026-08-21 14:20:00-04:00,11.872612714285712,stop,-1.2266288275390222,-1.1349667073470182,0.0278233867195941,0,170,-28.693316428571247,layers=rsi5 > 90 (short-term overbought) + sma20_dist_pct > 1.0 (close > 1% above 5-min SMA20) + bear_div == 1 (price at 20-bar high while RSI(14) is >5 below its 20-bar max) + time window 13:00-15:00 ET (bar close),6.0,75,False,13:05,14:20
NBIS,heat_fade_long,1,2026-08-21,2026-08-21 13:30:00-04:00,2026-08-21 13:30:00-04:00,220.502047,214.02537142857145,226.83462857142857,2026-08-21 15:55:00-04:00,220.097987,time,-0.0623869445896665,-0.409476585750154,0.5138366069594568,0,9,-3.636539999999627,heat_score=59.99,59.0,145,False,13:30,15:55
USAR,exhaustion_short,-1,2026-08-21,2026-08-21 13:50:00-04:00,2026-08-21 13:50:00-04:00,19.448054,19.79755535714285,19.11244464285714,2026-08-21 15:55:00-04:00,19.401939,time,0.1319451242678513,-0.2630776622776257,0.7669612564349342,0,102,4.703729999999673,layers=rsi5 > 90 (short-term overbought) + sma20_dist_pct > 1.0 (close > 1% above 5-min SMA20) + bear_div == 1 (price at 20-bar high while RSI(14) is >5 below its 20-bar max) + time window 13:00-15:00 ET (bar close),14.0,125,False,13:50,15:55
CELH,exhaustion_short,-1,2026-08-21,2026-08-21 14:05:00-04:00,2026-08-21 14:05:00-04:00,33.151683500000004,33.67954464285714,32.62045535714286,2026-08-21 15:55:00-04:00,33.293327999999995,time,-0.2683366675435083,-0.650391688506824,0.0,0,60,-8.498669999999464,layers=rsi5 > 90 (short-term overbought) + sma20_dist_pct > 1.0 (close > 1% above 5-min SMA20) + bear_div == 1 (price at 20-bar high while RSI(14) is >5 below its 20-bar max) + time window 13:00-15:00 ET (bar close),0.0,110,False,14:05,15:55
DIA,intraday_momentum,1,2026-08-21,2026-08-21 15:30:00-04:00,2026-08-21 15:30:00-04:00,532.673261,531.4048750000001,,2026-08-21 15:55:00-04:00,532.4167520000001,time,-0.202232601116651,-0.2469760782601039,0.1866458633254781,0,3,-0.7695269999998118,first_30m_ret=0.5061,18.0,25,False,15:30,15:55
IWM,intraday_momentum,1,2026-08-21,2026-08-21 15:30:00-04:00,2026-08-21 15:30:00-04:00,300.190015,299.31284821428574,,2026-08-21 15:55:00-04:00,300.149981,time,-0.0456401230096023,-0.273625271623277,0.159587665971692,0,6,-0.2402039999996077,first_30m_ret=0.5845,20.0,25,False,15:30,15:55
AAPL,heat_fade_short,-1,2026-08-24,2026-08-24 09:50:00-04:00,2026-08-24 09:50:00-04:00,311.42885300000006,313.0394696428571,309.8405303571429,2026-08-24 10:19:00-04:00,313.10077358982136,stop,-1.0380624074860534,-1.0624173092887843,0.2973103513637115,0,6,-10.031523538927786,heat_score=-16.28,5.0,29,False,09:50,10:19
ETHA,heat_fade_short,-1,2026-08-24,2026-08-24 09:50:00-04:00,2026-08-24 09:50:00-04:00,56.404358,56.82053571428572,56.019464285714285,2026-08-24 10:12:00-04:00,56.856217767857146,stop,-1.0857375403502052,-1.0467691686655825,0.7072891937647546,0,35,-15.815091875000036,heat_score=-19.42,3.0,22,False,09:50,10:12
MSTR,heat_fade_short,-1,2026-08-24,2026-08-24 09:50:00-04:00,2026-08-24 09:50:00-04:00,121.267871,122.86659821428572,119.81340178571428,2026-08-24 10:01:00-04:00,122.90888487410714,stop,-1.0264502032889466,-1.007757286923917,0.7805402878298601,0,16,-26.25622198571432,heat_score=-16.49,3.0,11,False,09:50,10:01
PDD,orb20_a,-1,2026-08-24,2026-08-24 09:50:00-04:00,2026-08-24 09:51:00-04:00,87.7062275,89.8075,84.60125,2026-08-24 15:50:00-04:00,87.328731,time,0.1796513779150448,-0.5919139473818847,0.721575854630941,0,22,8.304922999999832,rv20=5.322;or_width=4.165,119.0,359,False,09:51,15:50
BUD,orb20_a,1,2026-08-24,2026-08-24 09:50:00-04:00,2026-08-24 09:54:00-04:00,79.80797900000002,79.3775,80.39625000000002,2026-08-24 15:10:00-04:00,79.33956225,stop,-1.0881291538030795,-1.0174224526631794,0.6551330030035687,0,25,-11.710418750000429,rv20=4.512;or_width=0.815,100.0,316,False,09:54,15:10
DAR,orb20_a,-1,2026-08-24,2026-08-24 09:50:00-04:00,2026-08-24 09:54:00-04:00,62.423756,63.510000000000005,60.83500000000001,2026-08-24 10:13:00-04:00,63.566353,stop,-1.051878767569712,-1.1058693995087612,0.0310758908679853,0,32,-36.56310399999984,rv20=4.875;or_width=2.14,3.0,19,True,09:54,10:13
ASST,orb20_a,1,2026-08-24,2026-08-24 09:50:00-04:00,2026-08-24 10:00:00-04:00,19.521951,19.035000000000004,20.2225,2026-08-24 12:22:00-04:00,20.2225,target,1.4386437239065166,-0.7217379161353042,1.6335298623475496,1,102,71.45599799999988,rv20=3.763;or_width=0.95,141.0,142,True,10:00,12:22
COIN,heat_fade_short,-1,2026-08-24,2026-08-24 10:10:00-04:00,2026-08-24 10:10:00-04:00,188.431154,190.6946392857143,186.35536071428567,2026-08-24 11:16:00-04:00,186.35536071428567,target,0.9170783211251397,-0.7947239645661419,0.9503724250282456,1,10,20.757932857142976,heat_score=-18.34,65.0,66,False,10:10,11:16
GLD,heat_fade_short,-1,2026-08-24,2026-08-24 10:10:00-04:00,2026-08-24 10:10:00-04:00,428.34716,430.38642857142855,426.4135714285714,2026-08-24 11:50:00-04:00,426.4135714285714,target,0.9481774978143394,-0.4378236454527269,1.1360739985204678,1,4,7.734354285714289,heat_score=-20.42,99.0,100,False,10:10,11:50
NTNX,orb20_a,-1,2026-08-24,2026-08-24 09:50:00-04:00,2026-08-24 10:15:00-04:00,67.20217811,68.05499999999999,66.0175,2026-08-24 15:50:00-04:00,67.066705,time,0.1588527588099417,-0.8417019994643982,0.4305448937292373,0,29,3.928720190000192,rv20=3.049;or_width=1.63,309.0,335,True,10:15,15:50
NEM,heat_fade_long,1,2026-08-24,2026-08-24 11:40:00-04:00,2026-08-24 11:40:00-04:00,130.18301599999998,129.0043357142857,131.52566428571427,2026-08-24 15:32:00-04:00,131.52566428571427,target,1.1391115147910078,-0.8679334102716731,1.2615668710356822,1,15,20.13972428571435,heat_score=62.01,231.0,232,False,11:40,15:32
AEM,heat_fade_long,1,2026-08-24,2026-08-24 11:45:00-04:00,2026-08-24 11:45:00-04:00,214.881485,212.6878482142857,217.01215178571428,2026-08-24 15:22:00-04:00,217.01215178571428,target,0.9712942450591489,-0.7027074901545514,0.9976651623698178,1,9,19.1760010714288,heat_score=58.67,216.0,217,False,11:45,15:22
COIN,heat_fade_long,1,2026-08-24,2026-08-24 11:50:00-04:00,2026-08-24 11:50:00-04:00,183.96769393,181.85036071428573,186.1896392857143,2026-08-24 13:46:00-04:00,181.8021756782143,stop,-1.022757417544775,-1.0096162069033836,0.9267818855512736,0,10,-21.655182517856986,heat_score=61.17,42.0,116,False,11:50,13:46
FCX,heat_fade_long,1,2026-08-24,2026-08-24 11:50:00-04:00,2026-08-24 11:50:00-04:00,76.65766400000001,75.92080357142858,77.37919642857143,2026-08-24 12:39:00-04:00,77.37919642857143,target,0.979198231570492,-0.7416112723809258,1.0277875845066873,1,26,18.759843142856965,heat_score=58.36,48.0,49,False,11:50,12:39
GDX,heat_fade_long,1,2026-08-24,2026-08-24 11:50:00-04:00,2026-08-24 11:50:00-04:00,102.12871085,101.14849285714286,103.07150714285714,2026-08-24 13:10:00-04:00,103.07150714285714,target,0.961823083974481,-0.6107935728203429,0.968446974976455,1,19,17.91312956428564,heat_score=61.52,79.0,80,False,11:50,13:10
SNDQ,heat_fade_long,1,2026-08-24,2026-08-24 12:20:00-04:00,2026-08-24 12:20:00-04:00,16.611660000000004,15.584387499999998,17.6056125,2026-08-24 15:55:00-04:00,17.008298,time,0.386107873032709,-0.2206425266908257,0.5873222538323496,0,120,47.5965599999995,heat_score=70.48,76.0,215,False,12:20,15:55
ZM,heat_fade_long,1,2026-08-24,2026-08-24 12:20:00-04:00,2026-08-24 12:20:00-04:00,104.590457,103.68321428571429,105.5167857142857,2026-08-24 12:42:00-04:00,103.64284596428573,stop,-1.0444956137899173,-1.2013951535098706,0.0,0,19,-18.004609678571484,heat_score=63.25,0.0,22,False,12:20,12:42
BE,exhaustion_short,-1,2026-08-24,2026-08-24 14:10:00-04:00,2026-08-24 14:10:00-04:00,208.289168,213.23025892857143,203.5597410714286,2026-08-24 15:41:00-04:00,203.5597410714286,target,0.9571624964891748,-0.3300550472710046,0.9692531607356356,1,9,42.56484235714285,layers=rsi5 > 90 (short-term overbought) + sma20_dist_pct > 1.0 (close > 1% above 5-min SMA20) + bear_div == 1 (price at 20-bar high while RSI(14) is >5 below its 20-bar max) + time window 13:00-15:00 ET (bar close),90.0,91,False,14:10,15:41
SOXL,exhaustion_short,-1,2026-08-24,2026-08-24 14:15:00-04:00,2026-08-24 14:15:00-04:00,112.198778,115.80781071428572,108.60838928571428,2026-08-24 15:55:00-04:00,110.62106,time,0.4371581320820025,-0.3217543568955506,0.6785136611000853,0,17,26.821205999999837,layers=rsi5 > 90 (short-term overbought) + sma20_dist_pct > 1.0 (close > 1% above 5-min SMA20) + bear_div == 1 (price at 20-bar high while RSI(14) is >5 below its 20-bar max) + time window 13:00-15:00 ET (bar close),98.0,100,False,14:15,15:55
MUU,exhaustion_short,-1,2026-08-24,2026-08-24 14:25:00-04:00,2026-08-24 14:25:00-04:00,28.637135,29.520510714285717,27.765689285714288,2026-08-24 15:55:00-04:00,28.0178005,time,0.701099758556054,-0.0598442985754368,0.9419944272215464,0,69,42.734080499999806,layers=rsi5 > 90 (short-term overbought) + sma20_dist_pct > 1.0 (close > 1% above 5-min SMA20) + bear_div == 1 (price at 20-bar high while RSI(14) is >5 below its 20-bar max) + time window 13:00-15:00 ET (bar close),88.0,90,False,14:25,15:55
NBIS,exhaustion_short,-1,2026-08-24,2026-08-24 14:25:00-04:00,2026-08-24 14:25:00-04:00,213.538643,219.3749857142857,207.7250142857143,2026-08-24 15:55:00-04:00,209.6959665,time,0.6584048758127689,-0.0242201335528151,0.832480756845794,0,9,34.58408850000035,layers=rsi5 > 90 (short-term overbought) + sma20_dist_pct > 1.0 (close > 1% above 5-min SMA20) + bear_div == 1 (price at 20-bar high while RSI(14) is >5 below its 20-bar max) + time window 13:00-15:00 ET (bar close),88.0,90,False,14:25,15:55
DIA,intraday_momentum,1,2026-08-24,2026-08-24 15:30:00-04:00,2026-08-24 15:30:00-04:00,533.8533789999999,532.6007678571428,,2026-08-24 15:55:00-04:00,533.816612,time,-0.0293522855912644,-0.1144640943180793,0.1170522878039148,0,3,-0.1103009999998221,first_30m_ret=0.2912,20.0,25,False,15:30,15:55
IWM,intraday_momentum,-1,2026-08-24,2026-08-24 15:30:00-04:00,2026-08-24 15:30:00-04:00,298.030193,298.86729464285713,,2026-08-24 15:55:00-04:00,298.009797,time,0.0243650220663658,-0.2028511130624694,0.1913662472973213,0,6,0.1223760000000311,first_30m_ret=-0.4484,23.0,25,False,15:30,15:55
QQQ,intraday_momentum,-1,2026-08-24,2026-08-24 15:30:00-04:00,2026-08-24 15:30:00-04:00,707.659226,710.1532803571429,,2026-08-24 15:55:00-04:00,706.98069,time,0.2720614320440548,-0.1606917663410794,0.5369674466654836,0,2,1.3570720000000165,first_30m_ret=-1.252,23.0,25,False,15:30,15:55
SPY,intraday_momentum,-1,2026-08-24,2026-08-24 15:30:00-04:00,2026-08-24 15:30:00-04:00,763.873604,765.4546410714286,,2026-08-24 15:55:00-04:00,763.836375,time,0.0235472024488243,-0.231744091660638,0.3311775602623079,0,2,0.0744580000000496,first_30m_ret=-0.3004,22.0,25,False,15:30,15:55
AMAT,heat_fade_short,-1,2026-08-25,2026-08-25 09:50:00-04:00,2026-08-25 09:50:00-04:00,487.981196,494.9882839285714,481.77171607142856,2026-08-25 10:24:00-04:00,481.77171607142856,target,0.8861712585698092,-0.2709833270762316,0.9477825978065066,1,4,24.837919714285817,heat_score=-11.85,33.0,34,False,09:50,10:24
ANET,heat_fade_short,-1,2026-08-25,2026-08-25 09:50:00-04:00,2026-08-25 09:50:00-04:00,191.940803,194.35107142857143,189.72892857142853,2026-08-25 10:24:00-04:00,189.72892857142853,target,0.917688006178822,-0.2195593626530808,1.0375620285091094,1,10,22.118744285714627,heat_score=-39.32,33.0,34,False,09:50,10:24
APH,heat_fade_short,-1,2026-08-25,2026-08-25 09:50:00-04:00,2026-08-25 09:50:00-04:00,79.56204199999999,80.30142857142857,78.85857142857142,2026-08-25 10:15:00-04:00,78.85857142857142,target,0.9514245979195692,-0.2542080249535123,1.0171161190376432,1,25,17.586764285714196,heat_score=-39.5,24.0,25,False,09:50,10:15
BE,heat_fade_short,-1,2026-08-25,2026-08-25 09:50:00-04:00,2026-08-25 09:50:00-04:00,212.98869800000003,218.2734732142857,208.4265267857143,2026-08-25 10:31:00-04:00,208.4265267857143,target,0.8632668428268041,-0.3805842100082271,0.887208596370503,0,9,41.059540928571664,heat_score=-30.91,40.0,41,False,09:50,10:31
CIEN,heat_fade_short,-1,2026-08-25,2026-08-25 09:50:00-04:00,2026-08-25 09:50:00-04:00,384.8115140000001,393.6797678571429,378.8202321428572,2026-08-25 15:55:00-04:00,387.698765,time,-0.3255715326275241,-0.4305792393306837,0.6626461189162838,0,5,-14.436254999999676,heat_score=-42.96,40.0,365,False,09:50,15:55
ETN,heat_fade_short,-1,2026-08-25,2026-08-25 09:50:00-04:00,2026-08-25 09:50:00-04:00,415.23847100000006,418.6123339285714,411.94766607142856,2026-08-25 10:25:00-04:00,411.94766607142856,target,0.975381928146383,-0.268691710123444,0.995437891551279,1,4,13.163219714286017,heat_score=-17.16,34.0,35,False,09:50,10:25
GLW,heat_fade_short,-1,2026-08-25,2026-08-25 09:50:00-04:00,2026-08-25 09:50:00-04:00,149.02509500000002,151.59628750000002,146.7537125,2026-08-25 13:05:00-04:00,146.7537125,target,0.8833965173747279,-0.2527640384763066,0.9237328593639024,1,13,29.527972500000203,heat_score=-25.75,194.0,195,False,09:50,13:05
INTC,heat_fade_short,-1,2026-08-25,2026-08-25 09:50:00-04:00,2026-08-25 09:50:00-04:00,89.901008,91.26142678571428,88.59857321428572,2026-08-25 10:04:00-04:00,88.59857321428572,target,0.95737783055564,-0.0654151507862817,0.9967577735910425,1,22,28.653565285714222,heat_score=-35.24,13.0,14,False,09:50,10:04
LITE,heat_fade_short,-1,2026-08-25,2026-08-25 09:50:00-04:00,2026-08-25 09:50:00-04:00,852.9047,874.2260910714285,832.5739089285714,2026-08-25 15:10:00-04:00,874.3435136805356,stop,-1.0055072677347212,-1.0114396348603327,0.4446098272032199,0,2,-42.87762736107106,heat_score=-45.87,6.0,320,False,09:50,15:10
WDC,heat_fade_short,-1,2026-08-25,2026-08-25 09:50:00-04:00,2026-08-25 09:50:00-04:00,446.9453,456.2857678571429,436.23423214285714,2026-08-25 10:15:00-04:00,436.23423214285714,target,1.14673783165497,-0.1450355614643027,1.1707443532004271,1,4,42.84427142857157,heat_score=-30.78,24.0,25,False,09:50,10:15
DKS,orb20_a,-1,2026-08-25,2026-08-25 09:50:00-04:00,2026-08-25 09:51:00-04:00,137.52624500000002,142.01,130.86,2026-08-25 10:40:00-04:00,130.86,target,1.4867549631949208,-0.0153342455151947,1.567044809540231,1,14,93.32743000000004,rv20=35.12;or_width=8.92,48.0,49,False,09:51,10:40
BNS,orb20_a,1,2026-08-25,2026-08-25 09:50:00-04:00,2026-08-25 09:53:00-04:00,90.11880998,89.2849,91.32215,2026-08-25 10:22:00-04:00,91.32215,target,1.4430094960609254,-0.2204194510299578,1.5363648963644407,1,22,26.47348043999997,rv20=5.729;or_width=1.63,28.0,29,False,09:53,10:22
TGT,orb20_a,-1,2026-08-25,2026-08-25 09:50:00-04:00,2026-08-25 09:54:00-04:00,161.18387900000002,163.97500000000002,157.0625,2026-08-25 11:19:00-04:00,164.02139750000003,stop,-1.0166232492249572,-1.0053741847809488,0.0,0,12,-34.05022200000019,rv20=3.152;or_width=5.53,7.0,85,True,09:54,11:19
SPCX,heat_fade_short,-1,2026-08-25,2026-08-25 09:55:00-04:00,2026-08-25 09:55:00-04:00,136.826315,139.45624821428572,134.2837517857143,2026-08-25 11:34:00-04:00,139.50019383910714,stop,-1.0167097873750963,-1.016636082420884,0.0822511380992349,0,14,-37.43430374750005,heat_score=-18.3,0.0,99,False,09:55,11:34
SOXL,heat_fade_short,-1,2026-08-25,2026-08-25 10:00:00-04:00,2026-08-25 10:00:00-04:00,117.128285,120.55149821428571,113.7485017857143,2026-08-25 10:24:00-04:00,113.7485017857143,target,0.9873130894042008,-0.0095568105029129,1.0131665142931223,1,17,57.45631464285705,heat_score=-14.53,23.0,24,False,10:00,10:24
VRT,heat_fade_short,-1,2026-08-25,2026-08-25 10:00:00-04:00,2026-08-25 10:00:00-04:00,262.8887075,266.3395125,259.5004875,2026-08-25 10:04:00-04:00,259.5004875,target,0.9818636521043604,-0.0105171112247727,1.025473041797489,1,7,23.71753999999993,heat_score=-13.46,3.0,4,False,10:00,10:04
AMD,heat_fade_short,-1,2026-08-25,2026-08-25 10:05:00-04:00,2026-08-25 10:05:00-04:00,474.182576,479.7208589285714,468.5791410714285,2026-08-25 11:02:00-04:00,479.7988310144642,stop,-1.014078747311841,-1.048596482862966,0.6360411783636827,0,4,-22.46502005785692,heat_score=-28.73,25.0,57,False,10:05,11:02
NBIS,heat_fade_short,-1,2026-08-25,2026-08-25 10:05:00-04:00,2026-08-25 10:05:00-04:00,216.59843699,222.76093928571427,211.10206071428573,2026-08-25 14:43:00-04:00,222.81321537964288,stop,-1.0084829329743112,-1.0436609515704114,0.4946751893496327,0,9,-55.933005506785605,heat_score=-14.33,19.0,278,False,10:05,14:43
VIK,heat_fade_short,-1,2026-08-25,2026-08-25 10:05:00-04:00,2026-08-25 10:05:00-04:00,92.760722,93.88697321428572,91.83302678571428,2026-08-25 15:38:00-04:00,91.83302678571428,target,0.8237018548957363,-0.5232207455365286,0.9950906030416826,1,21,19.481599500000115,heat_score=-14.22,332.0,333,False,10:05,15:38
BA,heat_fade_short,-1,2026-08-25,2026-08-25 10:10:00-04:00,2026-08-25 10:10:00-04:00,212.378759,213.59225357142856,211.01274642857143,2026-08-25 12:20:00-04:00,211.01274642857143,target,1.125684946262623,-0.1246326135781149,1.1279481855354685,1,9,12.294113142857128,heat_score=-13.12,129.0,130,False,10:10,12:20
COHR,heat_fade_short,-1,2026-08-25,2026-08-25 10:10:00-04:00,2026-08-25 10:10:00-04:00,286.87630850000005,295.4638357142857,278.3661642857143,2026-08-25 15:55:00-04:00,286.878684,time,-0.0002766221219028,-0.2205165064105654,0.647020773425548,0,6,-0.0142529999994849,heat_score=-13.49,235.0,345,False,10:10,15:55
COF,heat_fade_short,-1,2026-08-25,2026-08-25 10:15:00-04:00,2026-08-25 10:15:00-04:00,217.56824,218.8455,216.3945,2026-08-25 15:18:00-04:00,216.3945,target,0.918951505566602,-0.4515603714200724,0.9694502293972866,1,9,10.563660000000084,heat_score=-19.42,302.0,303,False,10:15,15:18
GS,heat_fade_short,-1,2026-08-25,2026-08-25 10:15:00-04:00,2026-08-25 10:15:00-04:00,1049.7750110000002,1055.1760821428572,1043.603917857143,2026-08-25 11:56:00-04:00,1055.3115997510715,stop,-1.0250908763520934,-1.0155372619473328,0.4619474422772353,0,1,-5.536588751071349,heat_score=-32.14,3.0,101,False,10:15,11:56
OKLO,heat_fade_short,-1,2026-08-25,2026-08-25 10:25:00-04:00,2026-08-25 10:25:00-04:00,40.735925,41.492728571428565,39.96727142857143,2026-08-25 10:34:00-04:00,41.52687784428571,stop,-1.0451230334347938,-1.0228215473915263,0.0,0,49,-38.75668936999956,heat_score=-16.09,0.0,9,False,10:25,10:34
FLS,orb20_a,-1,2026-08-25,2026-08-25 09:50:00-04:00,2026-08-25 10:31:00-04:00,80.54124406999999,81.16714999999999,79.647525,2026-08-25 10:53:00-04:00,81.205266715,stop,-1.0608984723950463,-1.0285186625408866,0.3734492018632661,0,24,-15.936543480000068,rv20=4.781;or_width=1.216,0.0,22,True,10:31,10:53
CBRS,heat_fade_long,1,2026-08-25,2026-08-25 11:05:00-04:00,2026-08-25 11:05:00-04:00,181.04200139,175.49160892857142,186.50839107142855,2026-08-25 15:55:00-04:00,182.7967175,time,0.3161427092217496,-0.1080286473734646,0.5654012093394025,0,11,19.301877210000043,heat_score=68.48,70.0,290,False,11:05,15:55
PLTR,heat_fade_long,1,2026-08-25,2026-08-25 11:05:00-04:00,2026-08-25 11:05:00-04:00,173.55735299999998,171.69895,175.42085,2026-08-25 11:57:00-04:00,175.42085,target,1.0027410631601663,-0.1922903697421887,1.0238075379775264,1,11,20.49846700000026,heat_score=61.25,51.0,52,False,11:05,11:57
SWKS,heat_fade_long,1,2026-08-25,2026-08-25 11:25:00-04:00,2026-08-25 11:25:00-04:00,63.336332,62.68366071428572,63.93633928571429,2026-08-25 11:31:00-04:00,63.93633928571429,target,0.9193100705474464,-0.2318655704829707,1.0857961971230834,1,31,18.600225857143023,heat_score=59.36,5.0,6,False,11:25,11:31
FIX,heat_fade_long,1,2026-08-25,2026-08-25 12:55:00-04:00,2026-08-25 12:55:00-04:00,1575.737557,1554.4157732142855,1596.7242267857143,2026-08-25 15:40:00-04:00,1554.230331636964,stop,-1.0086972825156235,-1.04201211414993,0.1642659467519187,0,1,-21.507225363035783,heat_score=63.84,2.0,165,False,12:55,15:40
MTZ,heat_fade_long,1,2026-08-25,2026-08-25 12:55:00-04:00,2026-08-25 12:55:00-04:00,251.155112,247.30936428571428,254.93063571428573,2026-08-25 13:31:00-04:00,247.225272,stop,-1.0218663032423878,-1.0518401883133657,0.0064715633601115,0,7,-27.50888000000009,heat_score=65.23,2.0,36,False,12:55,13:31
SNDK,heat_fade_long,1,2026-08-25,2026-08-25 13:00:00-04:00,2026-08-25 13:00:00-04:00,1489.568941,1455.7612660714285,1522.9787339285713,2026-08-25 15:55:00-04:00,1478.682116,time,-0.3220222929557155,-0.667272773051158,0.0443969898305984,0,1,-10.886825000000044,heat_score=58.27,49.0,175,False,13:00,15:55
BNS,exhaustion_short,-1,2026-08-25,2026-08-25 13:05:00-04:00,2026-08-25 13:05:00-04:00,92.4557525,92.83148214285714,92.11851785714283,2026-08-25 13:33:00-04:00,92.87076529107142,stop,-1.1045516342963018,-1.155744584584474,0.2016143826820531,0,21,-8.715268612500097,layers=rsi5 > 90 (short-term overbought) + sma20_dist_pct > 1.0 (close > 1% above 5-min SMA20) + bear_div == 1 (price at 20-bar high while RSI(14) is >5 below its 20-bar max) + time window 13:00-15:00 ET (bar close),5.0,28,False,13:05,13:33
CRWD,heat_fade_long,1,2026-08-25,2026-08-25 13:05:00-04:00,2026-08-25 13:05:00-04:00,186.418639,184.1469642857143,188.6030357142857,2026-08-25 13:33:00-04:00,184.0985495892857,stop,-1.021312336719742,-1.1087146342569296,0.1150521235969316,0,10,-23.200894107142744,heat_score=57.65,1.0,28,False,13:05,13:33
SNXX,heat_fade_long,1,2026-08-25,2026-08-25 13:05:00-04:00,2026-08-25 13:05:00-04:00,12.8162805,12.203842857142856,13.406157142857143,2026-08-25 15:55:00-04:00,12.7937195,time,-0.0368380361055993,-0.3858033593390895,0.2918166479222892,0,156,-3.519515999999939,heat_score=73.69,44.0,170,False,13:05,15:55
ETN,heat_fade_long,1,2026-08-25,2026-08-25 13:20:00-04:00,2026-08-25 13:20:00-04:00,410.731068,407.3476660714286,414.0123339285714,2026-08-25 15:55:00-04:00,408.909104,time,-0.5385006092874342,-0.9638133656136127,0.274555615800651,0,4,-7.28785599999992,heat_score=58.37,7.0,155,False,13:20,15:55
SMR,exhaustion_short,-1,2026-08-25,2026-08-25 13:25:00-04:00,2026-08-25 13:25:00-04:00,9.744024500000002,9.911744642857144,9.592455357142857,2026-08-25 14:17:00-04:00,9.942735817321427,stop,-1.1847790845890356,-1.1684672852140503,0.0806373031265676,0,205,-40.73582005089258,layers=rsi5 > 90 (short-term overbought) + sma20_dist_pct > 1.0 (close > 1% above 5-min SMA20) + bear_div == 1 (price at 20-bar high while RSI(14) is >5 below its 20-bar max) + time window 13:00-15:00 ET (bar close),5.0,52,False,13:25,14:17
INTC,heat_fade_long,1,2026-08-25,2026-08-25 13:30:00-04:00,2026-08-25 13:30:00-04:00,87.66876500000001,86.32357321428572,88.98642678571429,2026-08-25 15:55:00-04:00,87.531245,time,-0.1022307759090177,-0.2592678632919406,0.380046180350808,0,22,-3.025440000000202,heat_score=62.93,78.0,145,False,13:30,15:55
VRT,heat_fade_long,1,2026-08-25,2026-08-25 13:30:00-04:00,2026-08-25 13:30:00-04:00,256.655662,253.2904875,260.1295125,2026-08-25 15:55:00-04:00,255.484448,time,-0.3480396038897786,-0.483084012433826,0.227131757951929,0,7,-8.198497999999944,heat_score=66.42,3.0,145,False,13:30,15:55
QQQ,intraday_momentum,1,2026-08-25,2026-08-25 15:30:00-04:00,2026-08-25 15:30:00-04:00,709.610953,707.3326125,,2026-08-25 15:55:00-04:00,710.81891,time,0.5301916021770925,-0.1891521482412495,0.597385245971784,0,2,2.4159139999999297,first_30m_ret=0.7561,24.0,25,False,15:30,15:55
SPY,intraday_momentum,1,2026-08-25,2026-08-25 15:30:00-04:00,2026-08-25 15:30:00-04:00,765.2565169999999,763.8719660714286,,2026-08-25 15:55:00-04:00,766.053386,time,0.575543292453953,-0.1780483439885422,0.6597684354902167,0,2,1.5937380000002577,first_30m_ret=0.2921,24.0,25,False,15:30,15:55
SMTC,orb20_a,1,2026-08-26,2026-08-26 09:50:00-04:00,2026-08-26 09:52:00-04:00,145.59455699999998,136.79,158.74,2026-08-26 11:04:00-04:00,136.746321,stop,-1.0049609537424764,-1.0329374890752587,0.1443960212876163,0,13,-115.02706799999982,rv20=10.99;or_width=17.56,2.0,72,False,09:52,11:04
DKS,orb20_a,1,2026-08-26,2026-08-26 09:50:00-04:00,2026-08-26 09:54:00-04:00,126.002598,123.1955,130.15675000000002,2026-08-26 15:50:00-04:00,129.81701600000002,time,1.3588474645345558,-0.1505462224689014,1.3990968608862269,1,15,57.21627000000026,rv20=5.444;or_width=5.569,250.0,356,False,09:54,15:50
META,heat_fade_short,-1,2026-08-26,2026-08-26 10:05:00-04:00,2026-08-26 10:05:00-04:00,575.1524780000001,579.3700910714285,571.1699089285714,2026-08-26 10:11:00-04:00,571.1699089285714,target,0.9442708479845964,-0.1914642207153566,1.4350481889867095,1,3,11.94770721428597,heat_score=-13.3,5.0,6,False,10:05,10:11
AMAT,heat_fade_short,-1,2026-08-26,2026-08-26 10:10:00-04:00,2026-08-26 10:10:00-04:00,478.852109,485.4216767857143,472.4583232142857,2026-08-26 15:55:00-04:00,479.787973,time,-0.1424544247849988,-0.2721474316602346,0.7096523168750866,0,4,-3.743455999999924,heat_score=-14.56,18.0,345,False,10:10,15:55
BZ,orb20_a,1,2026-08-26,2026-08-26 09:50:00-04:00,2026-08-26 10:10:00-04:00,19.021901000000003,17.82,20.795,2026-08-26 15:50:00-04:00,18.918107,time,-0.0863581942273148,-0.1555044883064428,0.2605031529219102,0,105,-10.898370000000437,rv20=11.97;or_width=2.38,66.0,340,True,10:10,15:50
SNDQ,heat_fade_short,-1,2026-08-26,2026-08-26 10:15:00-04:00,2026-08-26 10:15:00-04:00,17.440154809999996,18.377633928571427,16.512366071428573,2026-08-26 11:42:00-04:00,16.512366071428573,target,0.9896633644333585,-0.1918391422670413,1.0241879429411909,1,114,105.76791619714214,heat_score=-17.18,86.0,87,False,10:15,11:42
LLY,heat_fade_short,-1,2026-08-26,2026-08-26 10:30:00-04:00,2026-08-26 10:30:00-04:00,1215.758411,1226.885430357143,1206.4545696428572,2026-08-26 11:26:00-04:00,1206.4545696428572,target,0.8361485729932047,-0.2796066853251913,0.9542906918000033,1,1,9.3038413571428,heat_score=-17.88,55.0,56,False,10:30,11:26
CVNA,heat_fade_long,1,2026-08-26,2026-08-26 11:05:00-04:00,2026-08-26 11:05:00-04:00,74.367435,73.38529464285713,75.31470535714286,2026-08-26 15:26:00-04:00,73.34795611339284,stop,-1.0380175085900287,-1.000300000763623,0.3080669659886387,0,26,-26.50645105178617,heat_score=57.59,16.0,261,False,11:05,15:26
MP,heat_fade_long,1,2026-08-26,2026-08-26 11:05:00-04:00,2026-08-26 11:05:00-04:00,59.425941,58.48965178571428,60.36034821428572,2026-08-26 14:12:00-04:00,58.45380282053571,stop,-1.0382883457713672,-1.020989012171066,0.5490386860775421,0,33,-32.080559922321505,heat_score=69.3,7.0,187,False,11:05,14:12
OKLO,heat_fade_long,1,2026-08-26,2026-08-26 11:05:00-04:00,2026-08-26 11:05:00-04:00,42.47884645999999,41.63637857142857,43.28362142857143,2026-08-26 11:53:00-04:00,41.60221493357143,stop,-1.04055185760857,-1.0075712932387086,0.6897040799801921,0,47,-41.20168174214236,heat_score=64.65,6.0,48,False,11:05,11:53
LLY,heat_fade_long,1,2026-08-26,2026-08-26 11:40:00-04:00,2026-08-26 11:40:00-04:00,1199.1299,1189.404569642857,1209.8354303571427,2026-08-26 11:55:00-04:00,1189.2556291858928,stop,-1.0153146938453244,-1.0076675691332526,0.0144056803064974,0,1,-9.874270814107147,heat_score=67.5,0.0,15,False,11:40,11:55
BKNG,heat_fade_long,1,2026-08-26,2026-08-26 12:40:00-04:00,2026-08-26 12:40:00-04:00,208.720869,207.1761107142857,210.22388928571428,2026-08-26 14:02:00-04:00,210.22388928571428,target,0.9729808861451036,-0.4278138567772147,0.9995939262989538,1,9,13.527182571428568,heat_score=63.57,81.0,82,False,12:40,14:02
CRCL,exhaustion_short,-1,2026-08-26,2026-08-26 13:45:00-04:00,2026-08-26 13:45:00-04:00,89.631035,91.07107857142856,88.12892142857142,2026-08-26 15:55:00-04:00,89.77897600000001,time,-0.1027336970458848,-0.7006489386977881,0.2507111639975181,0,22,-3.2547020000003783,layers=rsi5 > 90 (short-term overbought) + sma20_dist_pct > 1.0 (close > 1% above 5-min SMA20) + bear_div == 1 (price at 20-bar high while RSI(14) is >5 below its 20-bar max) + time window 13:00-15:00 ET (bar close),15.0,130,False,13:45,15:55
GLXY,exhaustion_short,-1,2026-08-26,2026-08-26 14:55:00-04:00,2026-08-26 14:55:00-04:00,24.58754,25.014469642857144,24.195530357142857,2026-08-26 15:55:00-04:00,24.61246,time,-0.058370273455901,-0.5210694636034832,0.2050454951175475,0,81,-2.01852000000013,layers=rsi5 > 90 (short-term overbought) + sma20_dist_pct > 1.0 (close > 1% above 5-min SMA20) + bear_div == 1 (price at 20-bar high while RSI(14) is >5 below its 20-bar max) + time window 13:00-15:00 ET (bar close),25.0,60,False,14:55,15:55
AMKR,heat_fade_short,-1,2026-08-27,2026-08-27 09:50:00-04:00,2026-08-27 09:50:00-04:00,51.28487,51.99151607142857,50.428683928571424,2026-08-27 10:27:00-04:00,52.02671522303572,stop,-1.049811571917446,-1.152811899672952,0.8418217040355108,0,38,-28.190118475357263,heat_score=-15.52,7.0,37,False,09:50,10:27
COIN,heat_fade_short,-1,2026-08-27,2026-08-27 09:50:00-04:00,2026-08-27 09:50:00-04:00,185.391458,187.6737821428572,182.74621785714285,2026-08-27 09:54:00-04:00,187.72254952107144,stop,-1.0213674198587888,-1.0947358234891855,0.0268839990112888,0,10,-23.310915210714427,heat_score=-27.49,0.0,4,False,09:50,09:54
HOOD,heat_fade_short,-1,2026-08-27,2026-08-27 09:50:00-04:00,2026-08-27 09:50:00-04:00,110.17898,111.62812142857145,108.70187857142858,2026-08-27 09:53:00-04:00,111.66928424071428,stop,-1.0284049654031602,-1.049600798108041,0.0,0,18,-26.825476332857303,heat_score=-13.64,0.0,3,False,09:50,09:53
HUT,heat_fade_short,-1,2026-08-27,2026-08-27 09:50:00-04:00,2026-08-27 09:50:00-04:00,88.2461735,90.238875,86.361125,2026-08-27 10:49:00-04:00,90.2778988875,stop,-1.0195834085034785,-1.0005645602213888,0.7357717651138416,0,22,-44.69795852499976,heat_score=-33.98,17.0,59,False,09:50,10:49
NBIS,heat_fade_short,-1,2026-08-27,2026-08-27 09:50:00-04:00,2026-08-27 09:50:00-04:00,222.36776,227.63131428571427,216.7686857142857,2026-08-27 14:26:00-04:00,216.7686857142857,target,1.0637439991662403,-0.7318704796975882,1.133789009490604,1,8,44.79259428571436,heat_score=-14.69,275.0,276,False,09:50,14:26
NVDA,heat_fade_short,-1,2026-08-27,2026-08-27 09:50:00-04:00,2026-08-27 09:50:00-04:00,222.657731,224.04045,221.31955,2026-08-27 09:53:00-04:00,224.092854045,stop,-1.0378992730988752,-1.3902094351781,0.0706803045304299,0,8,-11.480984359999866,heat_score=-37.16,0.0,3,False,09:50,09:53
SMH,heat_fade_short,-1,2026-08-27,2026-08-27 09:50:00-04:00,2026-08-27 09:50:00-04:00,564.8685065,568.5541910714286,561.1674089285715,2026-08-27 10:14:00-04:00,568.6410464905357,stop,-1.023565613775094,-1.0124288792715856,0.6317704228002997,0,3,-11.3176199716072,heat_score=-13.24,7.0,24,False,09:50,10:14
TSM,heat_fade_short,-1,2026-08-27,2026-08-27 09:50:00-04:00,2026-08-27 09:50:00-04:00,422.6927255,425.1329285714286,419.9870714285714,2026-08-27 10:19:00-04:00,425.2054418642857,stop,-1.0297160894952428,-1.0028978852843045,0.5912317367731901,0,4,-10.05086545714289,heat_score=-12.5,8.0,29,False,09:50,10:19
BBY,orb20_a,1,2026-08-27,2026-08-27 09:50:00-04:00,2026-08-27 09:51:00-04:00,83.81827999000001,80.25495000000001,89.11732500000001,2026-08-27 15:50:00-04:00,84.101588,time,0.0795065320346598,-0.4092464054949927,0.3176017975253521,0,23,6.516084229999976,rv20=5.98;or_width=7.09,5.0,359,False,09:51,15:50
NAVN,orb20_a,1,2026-08-27,2026-08-27 09:50:00-04:00,2026-08-27 09:51:00-04:00,30.213020000000004,29.605000000000004,31.092500000000005,2026-08-27 15:50:00-04:00,30.776921,time,0.9274382421630776,-0.7944146574125909,1.031183184763653,1,66,37.21746599999962,rv20=6.321;or_width=1.19,354.0,359,False,09:51,15:50
SNPS,orb20_a,1,2026-08-27,2026-08-27 09:50:00-04:00,2026-08-27 09:51:00-04:00,438.0688015,426.6675,455.03625,2026-08-27 11:07:00-04:00,455.03625,target,1.4882027722887732,-0.1130398577741308,1.5236153960142316,1,4,67.86979400000018,rv20=5.602;or_width=22.69,75.0,76,False,09:51,11:07
TENB,orb20_a,1,2026-08-27,2026-08-27 09:50:00-04:00,2026-08-27 09:51:00-04:00,36.973696,36.42,37.77,2026-08-27 12:42:00-04:00,37.77,target,1.438161012541202,-0.5484887013812594,1.456221464485948,1,54,43.00041600000034,rv20=9.345;or_width=1.08,170.0,171,True,09:51,12:42
HPQ,orb20_a,1,2026-08-27,2026-08-27 09:50:00-04:00,2026-08-27 09:52:00-04:00,28.772876000000004,27.75,30.275,2026-08-27 15:50:00-04:00,29.317067,time,0.5320204990634178,-0.5014058400040672,0.6619805333197701,0,69,37.54917899999961,rv20=7.541;or_width=2.02,197.0,358,False,09:52,15:50
VEEV,orb20_a,1,2026-08-27,2026-08-27 09:50:00-04:00,2026-08-27 09:52:00-04:00,292.2042165,283.49249999999995,305.1737499999999,2026-08-27 14:45:00-04:00,283.43415075,stop,-1.0066977902690006,-1.0528942832333843,0.463259278467111,0,6,-52.62039450000009,rv20=6.274;or_width=17.34,8.0,293,False,09:52,14:45
RVMD,orb20_a,1,2026-08-27,2026-08-27 09:50:00-04:00,2026-08-27 09:53:00-04:00,224.282425,221.065,229.0275,2026-08-27 09:55:00-04:00,221.0128935,stop,-1.016195093902735,-1.1655050234271196,0.0085705183493051,0,8,-26.156251999999995,rv20=5.86;or_width=6.37,0.0,2,True,09:53,09:55
DLTR,orb20_a,1,2026-08-27,2026-08-27 09:50:00-04:00,2026-08-27 09:54:00-04:00,129.56245395,123.82975,138.104125,2026-08-27 15:50:00-04:00,127.887209,time,-0.2922259660731289,-0.5603732510903509,0.4740426286970582,0,15,-25.12867424999989,rv20=9.662;or_width=11.42,9.0,356,True,09:54,15:50
AXTI,heat_fade_short,-1,2026-08-27,2026-08-27 09:55:00-04:00,2026-08-27 09:55:00-04:00,68.92310599999999,71.37435357142857,66.50564642857142,2026-08-27 10:42:00-04:00,66.50564642857142,target,0.9862159985821736,-0.0068920007089132,1.029315043249395,1,29,70.10632757142841,heat_score=-24.59,46.0,47,False,09:55,10:42
INTU,heat_fade_short,-1,2026-08-27,2026-08-27 09:55:00-04:00,2026-08-27 09:55:00-04:00,345.0604895,348.9287910714286,341.31120892857143,2026-08-27 11:14:00-04:00,341.31120892857143,target,0.9692317163483144,-0.7547525564098578,1.1246510696407277,1,5,18.746402857142925,heat_score=-14.93,78.0,79,False,09:55,11:14
OKTA,heat_fade_short,-1,2026-08-27,2026-08-27 09:55:00-04:00,2026-08-27 09:55:00-04:00,164.25677168,165.98160714285714,162.55339285714288,2026-08-27 10:14:00-04:00,166.02820530357144,stop,-1.027016003391482,-1.717977386139488,0.7054421747477773,0,12,-21.257203482857108,heat_score=-55.67,1.0,19,False,09:55,10:14
P,orb20_a,-1,2026-08-27,2026-08-27 09:50:00-04:00,2026-08-27 09:56:00-04:00,97.07029099999998,104.89,85.38999999999999,2026-08-27 15:50:00-04:00,98.589857,time,-0.194325134093866,-0.4948533251045544,0.2621953067562982,0,20,-30.391320000000235,rv20=4.534;or_width=15.6,52.0,354,False,09:56,15:50
CRM,orb20_a,1,2026-08-27,2026-08-27 09:50:00-04:00,2026-08-27 09:59:00-04:00,244.244421,237.135,254.8225,2026-08-27 15:50:00-04:00,253.024694,time,1.2350194200062268,-0.2073897438342667,1.4397204779404784,1,8,70.2421840000004,rv20=10.91;or_width=14.15,346.0,351,True,09:59,15:50
DG,orb20_a,1,2026-08-27,2026-08-27 09:50:00-04:00,2026-08-27 10:02:00-04:00,130.863084,127.675,135.5875,2026-08-27 13:35:00-04:00,127.6322325,stop,-1.0134147971007026,-1.1144888277724163,0.5134168359428471,0,15,-48.46277249999979,rv20=4.955;or_width=6.33,2.0,213,False,10:02,13:35
CRWD,orb20_a,1,2026-08-27,2026-08-27 09:50:00-04:00,2026-08-27 10:04:00-04:00,221.73217,213.905,233.3925,2026-08-27 15:50:00-04:00,228.687128,time,0.8885661101011013,-0.2174694046507189,0.908097051680242,0,9,62.5946220000003,rv20=5.89;or_width=15.59,343.0,346,False,10:04,15:50
CRDO,heat_fade_short,-1,2026-08-27,2026-08-27 10:15:00-04:00,2026-08-27 10:15:00-04:00,238.86611,243.85399285714288,234.24260714285717,2026-08-27 11:47:00-04:00,234.24260714285717,target,0.9269469611784938,-0.3215372224917589,0.9274696564646104,1,8,36.98802285714305,heat_score=-17.62,91.0,92,False,10:15,11:47
SOXL,heat_fade_short,-1,2026-08-27,2026-08-27 10:15:00-04:00,2026-08-27 10:15:00-04:00,121.047893,124.16394821428572,118.07585178571428,2026-08-27 15:55:00-04:00,122.032201,time,-0.3158827210401838,-0.6136306543073591,0.673252832742527,0,16,-15.748928000000433,heat_score=-12.32,253.0,340,False,10:15,15:55
CRWV,heat_fade_short,-1,2026-08-27,2026-08-27 10:20:00-04:00,2026-08-27 10:20:00-04:00,89.721026,91.6433125,87.8364875,2026-08-27 11:22:00-04:00,87.8364875,target,0.9803629687874198,-0.0514876424507989,1.0461635141275705,1,22,41.4598469999998,heat_score=-21.67,61.0,62,False,10:20,11:22
STX,heat_fade_short,-1,2026-08-27,2026-08-27 10:20:00-04:00,2026-08-27 10:20:00-04:00,846.015389,861.0375875,831.4824125,2026-08-27 12:10:00-04:00,831.4824125,target,0.9674333953182732,-0.4583024914761944,0.9835636907607164,1,2,29.06595300000004,heat_score=-26.25,109.0,110,False,10:20,12:10
WDC,heat_fade_short,-1,2026-08-27,2026-08-27 10:20:00-04:00,2026-08-27 10:20:00-04:00,457.5792365,465.7615357142857,449.7984642857143,2026-08-27 11:27:00-04:00,449.7984642857143,target,0.950927362898322,-0.3447397151005121,1.0460674042640956,1,4,31.123088857142875,heat_score=-13.52,66.0,67,False,10:20,11:27
CBRS,heat_fade_short,-1,2026-08-27,2026-08-27 10:30:00-04:00,2026-08-27 10:30:00-04:00,185.801417,191.15165714285715,180.55834285714283,2026-08-27 11:28:00-04:00,180.55834285714283,target,0.9799698710453172,-0.0464620266310603,1.0282560881579683,1,10,52.43074142857182,heat_score=-26.92,57.0,58,False,10:30,11:28
QCOM,heat_fade_short,-1,2026-08-27,2026-08-27 10:30:00-04:00,2026-08-27 10:30:00-04:00,165.06349100000003,166.39715892857143,163.92284107142856,2026-08-27 11:44:00-04:00,163.92284107142856,target,0.8552728187692904,-0.2598165499646847,0.8686502653182783,1,12,13.687799142857555,heat_score=-13.79,73.0,74,False,10:30,11:44
SKHY,heat_fade_short,-1,2026-08-27,2026-08-27 10:30:00-04:00,2026-08-27 10:30:00-04:00,162.533744,164.91487857142857,160.2251214285714,2026-08-27 11:47:00-04:00,160.2251214285714,target,0.9695472902413672,-0.4183955043760021,0.98009748294062,1,12,27.7034708571432,heat_score=-13.74,76.0,77,False,10:30,11:47
SOXX,heat_fade_short,-1,2026-08-27,2026-08-27 10:30:00-04:00,2026-08-27 10:30:00-04:00,524.4625475,528.6056035714286,520.3643964285715,2026-08-27 11:46:00-04:00,520.3643964285715,target,0.9891613825094844,-0.0404176282224994,1.0698738862280728,1,3,12.29445321428568,heat_score=-17.18,75.0,76,False,10:30,11:46
OKTA,orb20_a,1,2026-08-27,2026-08-27 09:50:00-04:00,2026-08-27 11:05:00-04:00,168.53675098999997,162.50995,177.50982499999998,2026-08-27 15:50:00-04:00,173.792618,time,0.8720823897654629,-0.3047638362454032,1.047529032479311,1,11,57.81453711000034,rv20=15.4;or_width=12,171.0,285,False,11:05,15:50
ARM,heat_fade_long,1,2026-08-27,2026-08-27 11:30:00-04:00,2026-08-27 11:30:00-04:00,253.71266773,249.84273035714287,257.5172696428572,2026-08-27 13:16:00-04:00,249.7877460841072,stop,-1.0142080524148394,-1.0975029621381969,0.0982528225564727,0,7,-27.47445152124976,heat_score=60.98,5.0,106,False,11:30,13:16
MU,heat_fade_long,1,2026-08-27,2026-08-27 11:30:00-04:00,2026-08-27 11:30:00-04:00,916.291619,903.2454125,928.8445875,2026-08-27 15:55:00-04:00,926.057384,time,0.7485520791043557,-0.7206400573224091,0.7824712110757884,0,2,19.531529999999748,heat_score=58.4,264.0,265,False,11:30,15:55
ORCL,heat_fade_long,1,2026-08-27,2026-08-27 11:35:00-04:00,2026-08-27 11:35:00-04:00,148.0248,146.4342875,149.5557125,2026-08-27 13:43:00-04:00,149.5557125,target,0.9625278015733988,-0.3173819759354249,1.0532454161787486,1,13,19.901862499999996,heat_score=57.89,127.0,128,False,11:35,13:43
VRT,heat_fade_long,1,2026-08-27,2026-08-27 11:35:00-04:00,2026-08-27 11:35:00-04:00,263.8113775,260.4758803571429,267.0891196428572,2026-08-27 13:41:00-04:00,267.0891196428572,target,0.9826847400773192,-0.078332401081358,1.009931160401039,1,7,22.94419500000015,heat_score=58.28,125.0,126,False,11:35,13:41
CBRS,heat_fade_long,1,2026-08-27,2026-08-27 11:40:00-04:00,2026-08-27 11:40:00-04:00,180.838081,175.57834285714284,186.1716571428572,2026-08-27 15:55:00-04:00,185.321465,time,0.8523968072609425,-0.0053388589388467,0.9338713956075018,0,11,49.31722400000032,heat_score=62.63,254.0,255,False,11:40,15:55
MUU,heat_fade_long,1,2026-08-27,2026-08-27 11:45:00-04:00,2026-08-27 11:45:00-04:00,27.902789,27.079383928571428,28.700616071428573,2026-08-27 15:53:00-04:00,28.700616071428573,target,0.9689363098582496,-0.3070044243976113,1.016523979561866,1,71,56.645722071428565,heat_score=58.58,247.0,248,False,11:45,15:53
DELL,heat_fade_long,1,2026-08-27,2026-08-27 11:50:00-04:00,2026-08-27 11:50:00-04:00,459.605955,453.0437392857143,466.5562607142857,2026-08-27 12:50:00-04:00,466.5562607142857,target,1.059140085741951,-0.043575982937819,1.0680912218020508,1,4,27.801222857142875,heat_score=62.59,59.0,60,False,11:50,12:50
HUT,heat_fade_long,1,2026-08-27,2026-08-27 11:55:00-04:00,2026-08-27 11:55:00-04:00,86.83868199999999,84.99112500000001,88.868875,2026-08-27 15:55:00-04:00,87.021296,time,0.0988407935452151,-0.4972414924140362,0.6556322754859625,0,23,4.2001220000003485,heat_score=66.13,89.0,240,False,11:55,15:55
STX,heat_fade_long,1,2026-08-27,2026-08-27 12:15:00-04:00,2026-08-27 12:15:00-04:00,831.073098,816.4524125,846.0075875,2026-08-27 15:55:00-04:00,845.40545,time,0.9802790710462989,-0.6807545378087784,1.0045289600135443,1,2,28.66470400000003,heat_score=59.02,219.0,220,False,12:15,15:55
ETN,heat_fade_long,1,2026-08-27,2026-08-27 12:35:00-04:00,2026-08-27 12:35:00-04:00,416.831678,413.3840035714286,419.9959964285714,2026-08-27 15:55:00-04:00,416.04839,time,-0.2271931460548293,-0.4703396546268112,0.3765790613059822,0,4,-3.1331519999996544,heat_score=63.87,56.0,200,False,12:35,15:55
ONDS,exhaustion_short,-1,2026-08-27,2026-08-27 13:00:00-04:00,2026-08-27 13:00:00-04:00,8.763922520000001,8.914930357142858,8.635069642857143,2026-08-27 15:55:00-04:00,8.820780990000001,time,-0.3765266166034197,-0.5037982229228796,0.4233059767588756,0,228,-12.963731159999972,layers=rsi5 > 90 (short-term overbought) + sma20_dist_pct > 1.0 (close > 1% above 5-min SMA20) + bear_div == 1 (price at 20-bar high while RSI(14) is >5 below its 20-bar max) + time window 13:00-15:00 ET (bar close),29.0,175,False,13:00,15:55
AXTI,exhaustion_short,-1,2026-08-27,2026-08-27 13:10:00-04:00,2026-08-27 13:10:00-04:00,67.89850847,70.21935357142857,65.35064642857142,2026-08-27 15:55:00-04:00,67.54175250000002,time,0.1537181304260171,-0.0523479701102056,0.7146140295959957,0,29,10.345923129999434,layers=rsi5 > 90 (short-term overbought) + sma20_dist_pct > 1.0 (close > 1% above 5-min SMA20) + bear_div == 1 (price at 20-bar high while RSI(14) is >5 below its 20-bar max) + time window 13:00-15:00 ET (bar close),154.0,165,False,13:10,15:55
SMCI,exhaustion_short,-1,2026-08-27,2026-08-27 13:15:00-04:00,2026-08-27 13:15:00-04:00,38.7911195,39.4740875,38.1459125,2026-08-27 14:03:00-04:00,38.1459125,target,0.9447104403134507,-0.1081756392686056,0.9533675077016752,1,51,32.90555699999996,layers=rsi5 > 90 (short-term overbought) + sma20_dist_pct > 1.0 (close > 1% above 5-min SMA20) + bear_div == 1 (price at 20-bar high while RSI(14) is >5 below its 20-bar max) + time window 13:00-15:00 ET (bar close),47.0,48,False,13:15,14:03
MSTU,exhaustion_short,-1,2026-08-27,2026-08-27 13:25:00-04:00,2026-08-27 13:25:00-04:00,36.376361,37.11799821428571,35.66160178571429,2026-08-27 13:45:00-04:00,35.66160178571429,target,0.963758560813479,-0.0453577562614523,1.0468204467702378,1,54,38.59699757142853,layers=rsi5 > 90 (short-term overbought) + sma20_dist_pct > 1.0 (close > 1% above 5-min SMA20) + bear_div == 1 (price at 20-bar high while RSI(14) is >5 below its 20-bar max) + time window 13:00-15:00 ET (bar close),19.0,20,False,13:25,13:45
VG,exhaustion_short,-1,2026-08-27,2026-08-27 13:55:00-04:00,2026-08-27 13:55:00-04:00,14.6035385,14.787969642857144,14.442030357142857,2026-08-27 15:55:00-04:00,14.5264515,time,0.4179717091473577,-0.6856840880607367,0.778276910159269,0,136,10.483832000000078,layers=rsi5 > 90 (short-term overbought) + sma20_dist_pct > 1.0 (close > 1% above 5-min SMA20) + bear_div == 1 (price at 20-bar high while RSI(14) is >5 below its 20-bar max) + time window 13:00-15:00 ET (bar close),114.0,120,False,13:55,15:55
QQQ,intraday_momentum,1,2026-08-27,2026-08-27 15:30:00-04:00,2026-08-27 15:30:00-04:00,718.9618879999999,716.8595767857144,,2026-08-27 15:55:00-04:00,720.757916,time,0.8543111922705653,-0.1198148011047416,0.9123825183284724,0,2,3.592056000000184,first_30m_ret=0.6523,24.0,25,False,15:30,15:55
SPY,intraday_momentum,1,2026-08-27,2026-08-27 15:30:00-04:00,2026-08-27 15:30:00-04:00,770.0319945,768.7432178571429,,2026-08-27 15:55:00-04:00,771.2268245714286,scaled+time,0.9271040703994486,-0.1256963345028231,1.007160943825366,1,2,2.3896601428571103,first_30m_ret=0.3127,24.0,25,False,15:30,15:55
ASML,heat_fade_short,-1,2026-08-28,2026-08-28 09:50:00-04:00,2026-08-28 09:50:00-04:00,1733.126669,1745.9999089285714,1720.960091071429,2026-08-28 10:07:00-04:00,1720.960091071429,target,0.945106126824246,-0.1711559026496334,0.951327643076018,1,1,12.166577928571314,heat_score=-20.18,16.0,17,False,09:50,10:07
ESTC,heat_fade_short,-1,2026-08-28,2026-08-28 09:50:00-04:00,2026-08-28 09:50:00-04:00,103.4946485,104.30379285714288,102.37620714285714,2026-08-28 09:53:00-04:00,104.34422323642858,stop,-1.0499668309230643,-1.4524620849484446,0.1664085015379061,0,19,-16.141919992143002,heat_score=-46.38,0.0,3,False,09:50,09:53
GE,heat_fade_short,-1,2026-08-28,2026-08-28 09:50:00-04:00,2026-08-28 09:50:00-04:00,345.015494,347.2918767857143,342.6881232142857,2026-08-28 10:14:00-04:00,342.6881232142857,target,1.022398693365607,-0.1908756307273056,1.0962541166893198,1,5,11.636853928571329,heat_score=-24.26,23.0,24,False,09:50,10:14
TTWO,heat_fade_short,-1,2026-08-28,2026-08-28 09:50:00-04:00,2026-08-28 09:50:00-04:00,237.28616801,239.00710714285717,234.91289285714288,2026-08-28 10:02:00-04:00,234.91289285714288,target,1.3790581593185054,-0.6878988148956634,1.903651295651024,1,8,18.986201222857066,heat_score=-28.86,11.0,12,False,09:50,10:02
ESI,orb20_a,-1,2026-08-28,2026-08-28 09:50:00-04:00,2026-08-28 09:51:00-04:00,36.236375,36.870000000000005,35.32,2026-08-28 11:42:00-04:00,35.32,target,1.446241862300255,-0.9684355888735402,1.5567173012428477,1,55,50.40062500000012,rv20=20.93;or_width=1.24,110.0,111,True,09:51,11:42
ADSK,orb20_a,-1,2026-08-28,2026-08-28 09:50:00-04:00,2026-08-28 09:52:00-04:00,255.254471,261.14,246.51500000000004,2026-08-28 10:33:00-04:00,261.196114,stop,-1.0095342321820149,-1.007645871764461,0.3558679262305971,0,7,-41.5915009999996,rv20=4.297;or_width=11.7,7.0,41,False,09:52,10:33
PYPL,orb20_a,1,2026-08-28,2026-08-28 09:50:00-04:00,2026-08-28 09:52:00-04:00,54.42544099999999,53.52,55.745,2026-08-28 15:50:00-04:00,53.754623,time,-0.7408743363730964,-0.9447782903579532,0.3694983991226455,0,36,-24.14944799999964,rv20=7.521;or_width=1.78,8.0,358,False,09:52,15:50
CRM,orb20_a,1,2026-08-28,2026-08-28 09:50:00-04:00,2026-08-28 09:53:00-04:00,260.296026,254.635,268.6975,2026-08-28 15:50:00-04:00,256.97429900000003,time,-0.5867711965993369,-0.5804647426102613,0.5712699429396709,0,7,-23.25208899999967,rv20=3.766;or_width=11.25,83.0,357,True,09:53,15:50
SGI,orb20_a,1,2026-08-28,2026-08-28 09:50:00-04:00,2026-08-28 09:56:00-04:00,64.96649500000001,64.06,66.285,2026-08-28 10:23:00-04:00,66.285,target,1.454508850021211,-0.1285114644868574,1.6916861096861866,1,30,39.55514999999963,rv20=4.162;or_width=1.78,26.0,27,False,09:56,10:23
AGQ,heat_fade_short,-1,2026-08-28,2026-08-28 10:00:00-04:00,2026-08-28 10:00:00-04:00,93.820616,95.07516607142858,92.72483392857144,2026-08-28 10:01:00-04:00,95.11467358803571,stop,-1.0314913828526246,-1.0835629688754047,0.0,0,21,-27.175209348750272,heat_score=-39.59,0.0,1,False,10:00,10:01
ORCL,heat_fade_short,-1,2026-08-28,2026-08-28 10:00:00-04:00,2026-08-28 10:00:00-04:00,152.69312816,154.29231964285717,151.11768035714286,2026-08-28 10:05:00-04:00,151.11768035714286,target,0.9851526973132858,-0.254423466083657,1.0024616671518454,1,13,20.48082143714302,heat_score=-11.82,4.0,5,False,10:00,10:05
S,orb20_a,-1,2026-08-28,2026-08-28 09:50:00-04:00,2026-08-28 10:03:00-04:00,20.9879,21.62,20.07,2026-08-28 15:50:00-04:00,21.522151000000004,time,-0.8452001265622633,-0.8655276063913976,0.4396456256921372,0,95,-50.753845000000446,rv20=4.023;or_width=1.24,140.0,347,False,10:03,15:50
DLTR,heat_fade_short,-1,2026-08-28,2026-08-28 10:05:00-04:00,2026-08-28 10:05:00-04:00,127.64863286,128.52428571428572,126.33571428571427,2026-08-28 13:08:00-04:00,128.56713814285715,stop,-1.0489376907317651,-1.1093061996495803,1.026243283056541,1,15,-13.7775792428571,heat_score=-12.14,24.0,183,False,10:05,13:08
ESTC,orb20_a,-1,2026-08-28,2026-08-28 09:50:00-04:00,2026-08-28 10:06:00-04:00,100.5149465,104.2625,94.94375,2026-08-28 15:50:00-04:00,100.530051,time,-0.0040304961623685,-0.5563772471827296,0.9859623084767184,0,19,-0.286985500000398,rv20=15.7;or_width=7.455,60.0,344,False,10:06,15:50
AFRM,orb20_a,-1,2026-08-28,2026-08-28 09:50:00-04:00,2026-08-28 10:14:00-04:00,84.32156599999999,87.38499999999999,79.77249999999998,2026-08-28 14:37:00-04:00,79.77249999999998,target,1.4849564247181462,-0.2116363531905715,1.5575873349972584,1,23,104.62851800000024,rv20=23.91;or_width=6.09,262.0,263,True,10:14,14:37
COHR,heat_fade_short,-1,2026-08-28,2026-08-28 10:20:00-04:00,2026-08-28 10:20:00-04:00,289.651031,296.26035357142854,282.2796464285714,2026-08-28 11:53:00-04:00,282.2796464285714,target,1.1153010753771246,-0.2449523355084281,1.16669006795553,1,6,44.22830742857138,heat_score=-24.31,92.0,93,False,10:20,11:53
LITE,heat_fade_short,-1,2026-08-28,2026-08-28 10:30:00-04:00,2026-08-28 10:30:00-04:00,938.2611635,959.5498392857144,919.9501607142856,2026-08-28 11:02:00-04:00,919.9501607142856,target,0.8601287825521754,-0.070875075330539,0.8906689965528076,1,2,36.622005571428645,heat_score=-15.94,31.0,32,False,10:30,11:02
CAT,heat_fade_long,1,2026-08-28,2026-08-28 11:05:00-04:00,2026-08-28 11:05:00-04:00,806.310622,799.7649535714286,812.6950464285715,2026-08-28 11:53:00-04:00,799.6549770760714,stop,-1.0168014155555327,-1.0465886066115784,0.3955864902501866,0,2,-13.311289847857095,heat_score=61.04,21.0,48,False,11:05,11:53
GAP,orb20_a,-1,2026-08-28,2026-08-28 09:50:00-04:00,2026-08-28 11:24:00-04:00,23.507648,24.655,21.8175,2026-08-28 15:50:00-04:00,23.5213509,time,-0.0119430654236903,-0.2693611027827561,0.1548330416472025,0,85,-1.1647465000001669,rv20=12.82;or_width=2.27,160.0,266,False,11:24,15:50
FPS,heat_fade_long,1,2026-08-28,2026-08-28 11:50:00-04:00,2026-08-28 11:50:00-04:00,30.543053000000004,30.03427857142857,30.99572142857143,2026-08-28 14:51:00-04:00,30.00127514357143,stop,-1.0648684878872778,-1.0280646404904137,0.1512399123832806,0,65,-35.21556066785731,heat_score=61.35,20.0,181,False,11:50,14:51
USAR,heat_fade_long,1,2026-08-28,2026-08-28 11:50:00-04:00,2026-08-28 11:50:00-04:00,18.207719590000004,17.845391071428573,18.53460892857143,2026-08-28 15:17:00-04:00,17.81360653232143,stop,-1.0877229847445111,-1.0424782224961409,0.0338930262746468,0,109,-42.95832328696455,heat_score=57.61,3.0,207,False,11:50,15:17
AEM,heat_fade_long,1,2026-08-28,2026-08-28 12:00:00-04:00,2026-08-28 12:00:00-04:00,208.840881,206.78624107142855,210.87375892857145,2026-08-28 12:22:00-04:00,206.73556244732143,stop,-1.0246654527649457,-1.3193946843449416,0.257523954753426,0,9,-18.947866974107114,heat_score=70.18,3.0,22,False,12:00,12:22
AGQ,heat_fade_long,1,2026-08-28,2026-08-28 12:00:00-04:00,2026-08-28 12:00:00-04:00,86.81868,85.69483392857143,88.04516607142858,2026-08-28 12:15:00-04:00,85.65626444517856,stop,-1.0343191869183963,-1.2149172691099974,0.3126050879489411,0,23,-26.73555776089303,heat_score=65.73,4.0,15,False,12:00,12:15
BURL,heat_fade_long,1,2026-08-28,2026-08-28 12:00:00-04:00,2026-08-28 12:00:00-04:00,273.807377,270.9081910714286,276.9118089285715,2026-08-28 14:02:00-04:00,276.9118089285715,target,1.0707943557456625,-0.1060218308080147,1.0770689003511875,1,7,21.731023500000504,heat_score=69.83,121.0,122,False,12:00,14:02
GDXJ,heat_fade_long,1,2026-08-28,2026-08-28 12:00:00-04:00,2026-08-28 12:00:00-04:00,130.363034,129.29813035714287,131.56186964285715,2026-08-28 12:18:00-04:00,129.25520054410714,stop,-1.040313330998236,-1.0780637362830547,0.3962480575875058,0,15,-16.617501838392883,heat_score=59.28,3.0,18,False,12:00,12:18
NEM,heat_fade_long,1,2026-08-28,2026-08-28 12:00:00-04:00,2026-08-28 12:00:00-04:00,128.71286899999998,127.6061232142857,129.91387678571428,2026-08-28 12:25:00-04:00,127.56336260196429,stop,-1.0386363452866758,-1.05974562102626,0.4898423892801423,0,15,-17.242595970535675,heat_score=60.46,3.0,25,False,12:00,12:25
TSLA,heat_fade_long,1,2026-08-28,2026-08-28 12:00:00-04:00,2026-08-28 12:00:00-04:00,348.504846,345.4927892857143,351.4274107142857,2026-08-28 14:49:00-04:00,345.42824000678576,stop,-1.0214302999748996,-1.0308059557027092,0.1776706253444329,0,5,-15.383029966071147,heat_score=69.36,9.0,169,False,12:00,14:49
AVGO,heat_fade_long,1,2026-08-28,2026-08-28 12:05:00-04:00,2026-08-28 12:05:00-04:00,366.24662,362.9586839285714,369.57131607142856,2026-08-28 15:51:00-04:00,369.57131607142856,target,1.0111802660396925,-0.2723045644895929,1.141561124809003,1,5,16.623480357143023,heat_score=71.03,225.0,226,False,12:05,15:51
GDX,heat_fade_long,1,2026-08-28,2026-08-28 12:05:00-04:00,2026-08-28 12:05:00-04:00,100.580056,99.70154642857143,101.41845357142856,2026-08-28 12:19:00-04:00,99.66157627392856,stop,-1.0454976882925269,-1.2863331678474264,0.1365312387034597,0,19,-17.45111479535734,heat_score=64.15,2.0,14,False,12:05,12:19
SLV,heat_fade_long,1,2026-08-28,2026-08-28 12:05:00-04:00,2026-08-28 12:05:00-04:00,61.446143,61.0153875,61.8646125,2026-08-28 12:15:00-04:00,60.97928596124999,stop,-1.0838098149646445,-1.0589371464786717,0.0089540354098868,0,32,-14.93942524000022,heat_score=59,2.0,10,False,12:05,12:15
WPM,heat_fade_long,1,2026-08-28,2026-08-28 12:05:00-04:00,2026-08-28 12:05:00-04:00,154.59545699999998,153.19349642857142,156.0465035714286,2026-08-28 12:19:00-04:00,153.14817707892857,stop,-1.032325694863639,-1.0595569021504845,0.1066670511622465,0,12,-17.367359052856955,heat_score=59.38,2.0,14,False,12:05,12:19
GFI,heat_fade_long,1,2026-08-28,2026-08-28 12:10:00-04:00,2026-08-28 12:10:00-04:00,46.4596445,46.01269642857143,46.90730357142857,2026-08-28 12:23:00-04:00,45.978095158928575,stop,-1.0774167556697605,-1.073154871139565,0.1126652137440763,0,43,-20.706621666071108,heat_score=58.73,2.0,13,False,12:10,12:23
PAAS,heat_fade_long,1,2026-08-28,2026-08-28 12:10:00-04:00,2026-08-28 12:10:00-04:00,53.465345,52.91310714285714,54.00689285714286,2026-08-28 12:19:00-04:00,52.87781583214286,stop,-1.06390599676899,-1.0599508752051676,0.0446456172482663,0,37,-21.738579210714235,heat_score=58.82,0.0,9,False,12:10,12:19
ETHA,heat_fade_long,1,2026-08-28,2026-08-28 12:15:00-04:00,2026-08-28 12:15:00-04:00,55.375536,54.90071428571429,55.79928571428572,2026-08-28 12:25:00-04:00,54.86522421428572,stop,-1.0747439941367425,-1.4648361249575848,0.2410673239158769,0,36,-18.37122428571405,heat_score=60.64,5.0,10,False,12:15,12:25
B,heat_fade_long,1,2026-08-28,2026-08-28 12:20:00-04:00,2026-08-28 12:20:00-04:00,45.724571,45.297267857142856,46.14273214285714,2026-08-28 15:55:00-04:00,45.7304255,time,0.0137010459620291,-0.9116970153674724,0.4222505802170658,0,43,0.2517435000002237,heat_score=58.12,202.0,215,False,12:20,15:55
AGI,heat_fade_long,1,2026-08-28,2026-08-28 12:25:00-04:00,2026-08-28 12:25:00-04:00,36.403639,36.05522321428572,36.72477678571428,2026-08-28 15:27:00-04:00,36.72477678571428,target,0.9217084841776804,-0.2831071496883549,0.9366998091976004,1,54,17.34144042857139,heat_score=58.49,181.0,182,False,12:25,15:27
WDC,heat_fade_long,1,2026-08-28,2026-08-28 12:35:00-04:00,2026-08-28 12:35:00-04:00,458.635858,450.5318571428572,466.55814285714285,2026-08-28 15:55:00-04:00,459.684026,time,0.129339571709964,-0.0648886900766408,0.8457726153815536,0,4,4.19267200000013,heat_score=59.87,93.0,200,False,12:35,15:55
DKNG,exhaustion_short,-1,2026-08-28,2026-08-28 14:05:00-04:00,2026-08-28 14:05:00-04:00,26.1323855,26.45199642857143,25.86780357142857,2026-08-28 14:13:00-04:00,26.484641628214288,stop,-1.1021404361508285,-1.275345939583228,0.0074637623020637,0,76,-26.771465744286004,layers=rsi5 > 90 (short-term overbought) + sma20_dist_pct > 1.0 (close > 1% above 5-min SMA20) + bear_div == 1 (price at 20-bar high while RSI(14) is >5 below its 20-bar max) + time window 13:00-15:00 ET (bar close),0.0,8,False,14:05,14:13
SLB,orb20_a,1,2026-08-31,2026-08-31 09:50:00-04:00,2026-08-31 09:51:00-04:00,60.005999,58.985,61.4975,2026-08-31 10:44:00-04:00,58.9491015,stop,-1.0351601715574668,-1.049853134038328,0.4446635109339058,0,33,-34.877617499999936,rv20=3.794;or_width=2.01,4.0,53,False,09:51,10:44
GFL,orb20_a,-1,2026-08-31,2026-08-31 09:50:00-04:00,2026-08-31 09:52:00-04:00,42.19527905,42.58475,41.646625,2026-08-31 11:15:00-04:00,42.619008475,stop,-1.0879615668383016,-1.218886671778737,0.0649061245774607,0,47,-19.91528297499989,rv20=3.914;or_width=0.7505,7.0,83,False,09:52,11:15
JD,orb20_a,-1,2026-08-31,2026-08-31 09:50:00-04:00,2026-08-31 09:54:00-04:00,28.417157,28.565,28.2275,2026-08-31 15:50:00-04:00,28.302829,time,0.7733068187198707,-0.7632623796865795,1.0629992627314109,1,70,8.00296000000003,rv20=3.3;or_width=0.27,352.0,356,True,09:54,15:50
NVDA,heat_fade_short,-1,2026-08-31,2026-08-31 10:00:00-04:00,2026-08-31 10:00:00-04:00,218.848112,220.59459464285715,217.16540535714284,2026-08-31 10:38:00-04:00,220.64665410232143,stop,-1.0298081745485446,-1.003094996199908,0.256579704260288,0,9,-16.18687892089278,heat_score=-25.61,2.0,38,False,10:00,10:38
NVDL,heat_fade_short,-1,2026-08-31,2026-08-31 10:00:00-04:00,2026-08-31 10:00:00-04:00,34.136585000000004,34.68651785714285,33.613482142857144,2026-08-31 10:38:00-04:00,34.71998650892857,stop,-1.0608595237600509,-1.0037861764942828,0.2301826456736414,0,58,-33.83728751785689,heat_score=-17.27,2.0,38,False,10:00,10:38
STX,heat_fade_short,-1,2026-08-31,2026-08-31 10:00:00-04:00,2026-08-31 10:00:00-04:00,825.657425,838.979305357143,811.1606946428572,2026-08-31 12:21:00-04:00,811.1606946428572,target,1.0881895024203505,-0.2914434671317406,1.112067110860712,1,2,28.993460714285675,heat_score=-14.7,140.0,141,False,10:00,12:21
TTWO,orb20_a,-1,2026-08-31,2026-08-31 09:50:00-04:00,2026-08-31 10:08:00-04:00,216.9683,225.7775,203.83375,2026-08-31 15:50:00-04:00,221.192116,time,-0.4794778186441444,-0.7032307133451376,0.023759251691415,0,9,-38.014344,rv20=6.236;or_width=17.56,0.0,342,True,10:08,15:50
SRE,orb20_a,1,2026-08-31,2026-08-31 09:50:00-04:00,2026-08-31 10:52:00-04:00,81.80817900000001,80.69500000000001,83.4325,2026-08-31 15:50:00-04:00,81.69182899999998,time,-0.1045204769403889,-0.3756619555345621,0.6798735872667256,0,24,-2.792400000000612,rv20=5.199;or_width=2.19,44.0,298,False,10:52,15:50
HUT,heat_fade_long,1,2026-08-31,2026-08-31 11:05:00-04:00,2026-08-31 11:05:00-04:00,77.477746,75.60619642857142,79.43380357142857,2026-08-31 15:55:00-04:00,78.732125,time,0.6702355198866142,-0.9445360288537072,0.7332180888762364,0,25,31.359475000000003,heat_score=58.46,289.0,290,False,11:05,15:55
SNDK,heat_fade_long,1,2026-08-31,2026-08-31 12:25:00-04:00,2026-08-31 12:25:00-04:00,1495.329517,1463.7135303571429,1525.5164696428571,2026-08-31 14:58:00-04:00,1463.5371590041073,stop,-1.0055785497073984,-1.0680836053436673,0.450736621348469,0,1,-31.79235799589287,heat_score=59.23,130.0,153,False,12:25,14:58
CONL,exhaustion_short,-1,2026-08-31,2026-08-31 15:00:00-04:00,2026-08-31 15:00:00-04:00,6.309368000000001,6.481510714285714,6.155889285714285,2026-08-31 15:55:00-04:00,6.330632,time,-0.1235254137140289,-0.3522193794351667,0.1130922100350338,0,316,-6.719423999999563,layers=rsi5 > 90 (short-term overbought) + sma20_dist_pct > 1.0 (close > 1% above 5-min SMA20) + bear_div == 1 (price at 20-bar high while RSI(14) is >5 below its 20-bar max) + time window 13:00-15:00 ET (bar close),22.0,55,False,15:00,15:55
DIA,intraday_momentum,-1,2026-08-31,2026-08-31 15:30:00-04:00,2026-08-31 15:30:00-04:00,531.8818055,532.8609285714286,,2026-08-31 15:55:00-04:00,532.013195,time,-0.1341909958349251,-0.4271112715072077,0.20610841056543,0,3,-0.3941684999998642,first_30m_ret=-0.6336,3.0,25,False,15:30,15:55
IWM,intraday_momentum,-1,2026-08-31,2026-08-31 15:30:00-04:00,2026-08-31 15:30:00-04:00,293.510645,294.2385803571429,,2026-08-31 15:51:00-04:00,294.2980042151786,stop,-1.0816334272715318,-1.070500274994915,0.0352297765843561,0,6,-4.724155291071497,first_30m_ret=-0.7827,1.0,21,False,15:30,15:51
SPY,intraday_momentum,-1,2026-08-31,2026-08-31 15:30:00-04:00,2026-08-31 15:30:00-04:00,766.5333380000001,767.9125392857143,,2026-08-31 15:55:00-04:00,767.446736,time,-0.6622659139466531,-0.8096439668134849,0.2561903064186528,0,2,-1.826795999999831,first_30m_ret=-0.4107,3.0,25,False,15:30,15:55
CVX,heat_fade_short,-1,2026-09-01,2026-09-01 09:50:00-04:00,2026-09-01 09:50:00-04:00,208.539143,209.42119285714287,207.57880714285716,2026-09-01 10:05:00-04:00,209.47213497642855,stop,-1.0577542401636102,-1.3727761420677491,0.0557145376783689,0,9,-8.396927787857237,heat_score=-20.41,0.0,15,False,09:50,10:05
EOG,heat_fade_short,-1,2026-09-01,2026-09-01 09:50:00-04:00,2026-09-01 09:50:00-04:00,146.46535100000003,147.19559107142857,145.6444089285714,2026-09-01 10:36:00-04:00,147.2403106305357,stop,-1.061239530473387,-1.088202402321505,0.9111400839704886,0,13,-10.074475196963787,heat_score=-13.14,29.0,46,False,09:50,10:36
NVS,heat_fade_short,-1,2026-09-01,2026-09-01 09:50:00-04:00,2026-09-01 09:50:00-04:00,161.09388800000002,161.86839285714285,160.43160714285716,2026-09-01 09:56:00-04:00,160.43160714285716,target,0.8551022644144974,-0.1499177170151357,0.9346461720982094,1,12,7.947370285714328,heat_score=-19.23,5.0,6,False,09:50,09:56
XOM,heat_fade_short,-1,2026-09-01,2026-09-01 09:50:00-04:00,2026-09-01 09:50:00-04:00,162.74372300000002,163.61775714285713,162.0122428571429,2026-09-01 10:04:00-04:00,163.6641189185714,stop,-1.0530434378258076,-1.1741841075512414,0.0,0,12,-11.044751022856644,heat_score=-16.35,0.0,14,False,09:50,10:04
GGLL,orb20_a,1,2026-09-01,2026-09-01 09:50:00-04:00,2026-09-01 09:51:00-04:00,97.129711,95.955,98.7925,2026-09-01 13:50:00-04:00,95.910405,stop,-1.0379625286559977,-1.0042563660338668,0.0683478744984887,0,20,-24.386120000000066,rv20=3.159;or_width=2.27,51.0,239,True,09:51,13:50
MDT,orb20_a,-1,2026-09-01,2026-09-01 09:50:00-04:00,2026-09-01 09:51:00-04:00,92.3057675,93.86249999999998,90.01874999999998,2026-09-01 15:50:00-04:00,91.899188,time,0.2611749288975424,-0.4331074863536404,0.9672615558549684,0,21,8.538169499999839,rv20=7.071;or_width=3.075,63.0,359,False,09:51,15:50
PNR,orb20_a,1,2026-09-01,2026-09-01 09:50:00-04:00,2026-09-01 09:54:00-04:00,61.476146,60.735,62.5475,2026-09-01 15:50:00-04:00,60.723926000000006,time,-1.0149417253820348,-0.993253690905702,0.6392181837316794,0,32,-24.07103999999981,rv20=4.828;or_width=1.45,141.0,356,True,09:54,15:50
XE,orb20_a,1,2026-09-01,2026-09-01 09:50:00-04:00,2026-09-01 09:54:00-04:00,18.901889,18.265,19.8275,2026-09-01 10:00:00-04:00,18.2331735,stop,-1.0499718161249467,-1.0706559541772611,0.499476360872928,0,105,-70.21512750000012,rv20=4.459;or_width=1.25,0.0,6,False,09:54,10:00
Q,orb20_a,-1,2026-09-01,2026-09-01 09:50:00-04:00,2026-09-01 10:00:00-04:00,115.148483,116.815,112.7025,2026-09-01 15:50:00-04:00,114.991497,time,0.0942000591653066,-0.8889300259163324,1.091187788663423,1,17,2.668761999999816,rv20=3.891;or_width=3.29,13.0,350,True,10:00,15:50
USO,heat_fade_short,-1,2026-09-01,2026-09-01 10:05:00-04:00,2026-09-01 10:05:00-04:00,137.016296,137.90393035714283,136.17606964285713,2026-09-01 10:25:00-04:00,136.17606964285713,target,0.9465906207680372,-0.1280977905879845,1.043555820643998,1,14,11.763169000000346,heat_score=-26.16,19.0,20,False,10:05,10:25
LNG,heat_fade_long,1,2026-09-01,2026-09-01 11:15:00-04:00,2026-09-01 11:15:00-04:00,289.418938,287.6699589285714,291.0900410714286,2026-09-01 11:46:00-04:00,287.6111919326786,stop,-1.0336007427720817,-1.0342822447397444,0.1149596374734262,0,6,-10.84647640392825,heat_score=62.35,7.0,31,False,11:15,11:46
SYK,heat_fade_long,1,2026-09-01,2026-09-01 11:20:00-04:00,2026-09-01 11:20:00-04:00,321.2171175,318.94357142857143,323.3964285714286,2026-09-01 15:13:00-04:00,318.8816770714286,stop,-1.0272237092182297,-1.01916452414095,0.6698269804768732,0,6,-14.01264257142816,heat_score=63.35,32.0,233,False,11:20,15:13
UNP,heat_fade_long,1,2026-09-01,2026-09-01 11:20:00-04:00,2026-09-01 11:20:00-04:00,295.079504,293.6499946428571,296.53000535714284,2026-09-01 11:39:00-04:00,293.59062964339284,stop,-1.0415282342627794,-1.0209824739566968,0.0143377865262818,0,6,-8.933246139642847,heat_score=58.19,0.0,19,False,11:20,11:39
SNDQ,heat_fade_long,1,2026-09-01,2026-09-01 11:40:00-04:00,2026-09-01 11:40:00-04:00,14.921491,14.17692142857143,15.678078571428571,2026-09-01 14:42:00-04:00,15.678078571428571,target,1.0161408691157534,-0.8078372029707673,1.1504754328819338,1,134,101.3827345714286,heat_score=64.05,181.0,182,False,11:40,14:42
SOXS,heat_fade_long,1,2026-09-01,2026-09-01 11:40:00-04:00,2026-09-01 11:40:00-04:00,51.5401525,50.51823571428572,52.52176428571429,2026-09-01 12:31:00-04:00,52.52176428571429,target,0.9605594109389076,-0.6264233144507517,1.0077606263020498,1,38,37.301247857143125,heat_score=59.94,50.0,51,False,11:40,12:31
LLY,heat_fade_long,1,2026-09-01,2026-09-01 12:40:00-04:00,2026-09-01 12:40:00-04:00,1162.42623,1153.1962625,1171.6137375,2026-09-01 15:55:00-04:00,1160.403947,time,-0.2190996880541542,-0.6041332214874892,0.4326959981170001,0,1,-2.022283000000016,heat_score=62.95,10.0,195,False,12:40,15:55
BURL,exhaustion_short,-1,2026-09-01,2026-09-01 13:20:00-04:00,2026-09-01 13:20:00-04:00,264.56603975,267.81850535714284,261.2364946428571,2026-09-01 15:55:00-04:00,262.606257,time,0.6025529511199489,-0.1272450811135654,0.7766537928802365,0,7,13.718479250000314,layers=rsi5 > 90 (short-term overbought) + sma20_dist_pct > 1.0 (close > 1% above 5-min SMA20) + bear_div == 1 (price at 20-bar high while RSI(14) is >5 below its 20-bar max) + time window 13:00-15:00 ET (bar close),143.0,155,False,13:20,15:55
HPE,heat_fade_long,1,2026-09-01,2026-09-01 13:25:00-04:00,2026-09-01 13:25:00-04:00,50.345033,49.65884107142857,50.98115892857143,2026-09-01 14:03:00-04:00,50.98115892857143,target,0.9270379059919596,-0.1530665046128693,0.9982148892745388,1,39,24.80891121428609,heat_score=62.27,37.0,38,False,13:25,14:03
CIEN,exhaustion_short,-1,2026-09-01,2026-09-01 14:10:00-04:00,2026-09-01 14:10:00-04:00,363.013694,369.7489178571428,355.8110821428571,2026-09-01 15:55:00-04:00,362.156211,time,0.1273132145549532,-0.4136916692152789,0.4875404395828104,0,5,4.287415000000294,layers=rsi5 > 90 (short-term overbought) + sma20_dist_pct > 1.0 (close > 1% above 5-min SMA20) + bear_div == 1 (price at 20-bar high while RSI(14) is >5 below its 20-bar max) + time window 13:00-15:00 ET (bar close),35.0,105,False,14:10,15:55
DIA,intraday_momentum,-1,2026-09-01,2026-09-01 15:30:00-04:00,2026-09-01 15:30:00-04:00,527.447249,528.5115535714286,,2026-09-01 15:55:00-04:00,527.452739,time,-0.0051582978663017,-0.162313499948676,0.2980810272892358,0,3,-0.0164699999996855,first_30m_ret=-0.4449,20.0,25,False,15:30,15:55
IWM,intraday_momentum,-1,2026-09-01,2026-09-01 15:30:00-04:00,2026-09-01 15:30:00-04:00,290.6459315,291.3872410714286,,2026-09-01 15:55:00-04:00,290.289025,time,0.4814540561134767,-0.0594468245095707,0.6487593288094036,0,6,2.1414390000002186,first_30m_ret=-0.8098,23.0,25,False,15:30,15:55
QQQ,intraday_momentum,-1,2026-09-01,2026-09-01 15:30:00-04:00,2026-09-01 15:30:00-04:00,707.5792339999999,709.6954232142857,,2026-09-01 15:55:00-04:00,707.170709,time,0.1930474823527623,-0.1941064613821476,0.4296562868112138,0,2,0.817049999999881,first_30m_ret=-1.339,23.0,25,False,15:30,15:55
SPY,intraday_momentum,-1,2026-09-01,2026-09-01 15:30:00-04:00,2026-09-01 15:30:00-04:00,761.31376001,762.6235214285714,,2026-09-01 15:55:00-04:00,761.036095,time,0.2119966324117457,-0.1002014474843742,0.5602241748732486,0,2,0.5553300199999285,first_30m_ret=-0.6435,23.0,25,False,15:30,15:55
CRDO,orb20_a,-1,2026-09-02,2026-09-02 09:50:00-04:00,2026-09-02 09:51:00-04:00,175.212476,182.9,163.75,2026-09-02 13:27:00-04:00,163.75,target,1.491049133635227,-0.1479701396704563,1.496252369423498,1,11,126.0872360000001,rv20=7.172;or_width=15.32,215.0,216,False,09:51,13:27
PCG,orb20_a,-1,2026-09-02,2026-09-02 09:50:00-04:00,2026-09-02 09:51:00-04:00,12.808718,13.205,12.2425,2026-09-02 13:36:00-04:00,13.2363205,stop,-1.0790358885843911,-1.100938220761981,0.551925144215486,0,156,-66.70598999999984,rv20=4.435;or_width=0.77,14.0,225,False,09:51,13:36
ROKU,orb20_a,1,2026-09-02,2026-09-02 09:50:00-04:00,2026-09-02 09:51:00-04:00,157.865784,156.18,160.33,2026-09-02 15:50:00-04:00,158.014196,time,0.0880373760814012,-0.4275660464211236,0.2101194459076675,0,12,1.7809440000000905,rv20=3.722;or_width=3.32,353.0,359,False,09:51,15:50
OLLI,orb20_a,1,2026-09-02,2026-09-02 09:50:00-04:00,2026-09-02 09:53:00-04:00,77.947793,75.48,81.60500000000002,2026-09-02 11:22:00-04:00,75.442452,stop,-1.015215214566214,-1.3606461319891905,0.3007573973992118,0,25,-62.633525000000034,rv20=7.665;or_width=4.9,9.0,89,True,09:53,11:22
FRVO,orb20_a,-1,2026-09-02,2026-09-02 09:50:00-04:00,2026-09-02 09:54:00-04:00,17.748223999999997,18.27,16.994999999999997,2026-09-02 11:57:00-04:00,18.301827,stop,-1.060997439514274,-1.095826561589656,1.3764987274232563,1,112,-62.00353599999988,rv20=4.017;or_width=1.02,58.0,123,False,09:54,11:57
DAL,heat_fade_short,-1,2026-09-02,2026-09-02 09:55:00-04:00,2026-09-02 09:55:00-04:00,77.432255,78.06767857142857,76.92232142857144,2026-09-02 10:14:00-04:00,78.10548533928572,stop,-1.0594985291026429,-1.0115221230382905,0.0743677164725772,0,25,-16.830758482143082,heat_score=-19.96,0.0,19,False,09:55,10:14
AMRZ,orb20_a,1,2026-09-02,2026-09-02 09:50:00-04:00,2026-09-02 09:58:00-04:00,42.0792065,41.8425,42.39875,2026-09-02 10:55:00-04:00,42.39875,target,1.3499565918130936,-0.4402350590287885,1.6087158569790352,1,47,15.018544500000084,rv20=4.038;or_width=0.445,56.0,57,False,09:58,10:55
PANW,orb20_a,-1,2026-09-02,2026-09-02 09:50:00-04:00,2026-09-02 09:59:00-04:00,327.717224,339.21000000000004,310.585,2026-09-02 15:50:00-04:00,328.562852,time,-0.0735790900301174,-0.8773142363515987,0.5505392256840275,0,6,-5.073767999999859,rv20=3.442;or_width=22.9,222.0,351,False,09:59,15:50
GTLB,heat_fade_short,-1,2026-09-02,2026-09-02 10:00:00-04:00,2026-09-02 10:00:00-04:00,51.88481,52.386739285714285,51.39886071428572,2026-09-02 10:02:00-04:00,51.39886071428572,target,0.9681628459330516,-0.3490332303497536,1.563387557439098,1,38,18.46607285714279,heat_score=-13.39,1.0,2,False,10:00,10:02
ASTS,orb20_a,1,2026-09-02,2026-09-02 09:50:00-04:00,2026-09-02 10:05:00-04:00,61.50614899999999,59.75,64.1,2026-09-02 15:50:00-04:00,62.47375100000001,time,0.5509794442271226,-0.6583433410263003,0.9816086220474514,0,32,30.96326400000044,rv20=3.313;or_width=3.48,303.0,345,False,10:05,15:50
ADI,heat_fade_short,-1,2026-09-02,2026-09-02 10:10:00-04:00,2026-09-02 10:10:00-04:00,355.204475,357.99217678571426,352.50782321428574,2026-09-02 10:19:00-04:00,358.0579760033928,stop,-1.0236033918748904,-1.149880886265138,0.0,0,5,-14.267505016964035,heat_score=-18.67,0.0,9,False,10:10,10:19
ETN,heat_fade_short,-1,2026-09-02,2026-09-02 10:10:00-04:00,2026-09-02 10:10:00-04:00,391.1558795,394.24956607142855,387.8904339285714,2026-09-02 10:34:00-04:00,394.31899102803567,stop,-1.0224408501004236,-1.0227669891390847,0.0,0,5,-15.815557640178495,heat_score=-24.15,1.0,24,False,10:10,10:34
GEV,heat_fade_short,-1,2026-09-02,2026-09-02 10:10:00-04:00,2026-09-02 10:10:00-04:00,896.880302,907.1354553571427,886.8445446428572,2026-09-02 11:31:00-04:00,907.2561689026784,stop,-1.0117710132000668,-1.1808402642331466,0.1628744048802164,0,2,-20.75173380535693,heat_score=-16.92,2.0,81,False,10:10,11:31
ASML,heat_fade_short,-1,2026-09-02,2026-09-02 10:15:00-04:00,2026-09-02 10:15:00-04:00,1670.052977,1681.6337375,1658.8260625,2026-09-02 14:56:00-04:00,1681.83190087375,stop,-1.0171114300956356,-1.0316268089647436,0.3067999722470779,0,1,-11.778923873750044,heat_score=-28.52,34.0,281,False,10:15,14:56
KLAC,heat_fade_short,-1,2026-09-02,2026-09-02 10:15:00-04:00,2026-09-02 10:15:00-04:00,170.822915,172.67764285714287,168.94235714285713,2026-09-02 14:33:00-04:00,172.7249106214286,stop,-1.0254850133962696,-1.1468448008737364,0.2657613612162462,0,11,-20.92195183571457,heat_score=-15.71,36.0,258,False,10:15,14:33
LRCX,heat_fade_short,-1,2026-09-02,2026-09-02 10:15:00-04:00,2026-09-02 10:15:00-04:00,289.401056,293.1089928571428,285.6910071428572,2026-09-02 15:55:00-04:00,287.45874200000003,time,0.5238260722423974,-0.7520203572583674,0.949599773582214,0,6,11.65388399999972,heat_score=-12.61,45.0,340,False,10:15,15:55
AMAT,heat_fade_short,-1,2026-09-02,2026-09-02 10:20:00-04:00,2026-09-02 10:20:00-04:00,440.6009345,446.2054428571428,435.08455714285714,2026-09-02 15:55:00-04:00,437.973792,time,0.4687552114453983,-0.1961395059031377,0.8369930422213515,0,4,10.508569999999963,heat_score=-16.07,41.0,335,False,10:20,15:55
CRM,heat_fade_long,1,2026-09-02,2026-09-02 11:05:00-04:00,2026-09-02 11:05:00-04:00,256.075604,253.17868928571428,258.8213107142857,2026-09-02 15:55:00-04:00,256.96430000000004,time,0.3067732700647221,-0.8545657170340303,0.8541487216720218,0,7,6.22087200000027,heat_score=58.85,263.0,290,False,11:05,15:55
ETSY,heat_fade_long,1,2026-09-02,2026-09-02 11:10:00-04:00,2026-09-02 11:10:00-04:00,80.2530235,79.38420714285715,80.91579285714286,2026-09-02 12:54:00-04:00,80.91579285714286,target,0.7628417118232197,-0.9703126478561388,1.043921989432431,1,24,15.906464571428728,heat_score=61.67,103.0,104,False,11:10,12:54
TEM,heat_fade_long,1,2026-09-02,2026-09-02 11:25:00-04:00,2026-09-02 11:25:00-04:00,62.296228,60.98952142857143,63.610478571428565,2026-09-02 12:52:00-04:00,60.95342247642857,stop,-1.0276259054114898,-1.0302450675886774,0.0028866465375421,0,32,-42.9697767542857,heat_score=72.63,0.0,87,False,11:25,12:52
FTNT,heat_fade_long,1,2026-09-02,2026-09-02 12:30:00-04:00,2026-09-02 12:30:00-04:00,152.50524799999997,150.74262142857145,154.21737857142855,2026-09-02 15:11:00-04:00,154.21737857142855,target,0.9713518445605708,-0.4001119757478627,1.018225884649786,1,13,22.25769742857165,heat_score=59.68,160.0,161,False,12:30,15:11
GTLB,heat_fade_long,1,2026-09-02,2026-09-02 13:10:00-04:00,2026-09-02 13:10:00-04:00,49.81347984999999,49.28606071428572,50.273939285714285,2026-09-02 14:41:00-04:00,49.251132108214286,stop,-1.066225519148312,-1.1631732875394525,0.3536469145121281,0,40,-22.4939096714283,heat_score=65.91,13.0,91,False,13:10,14:41
EBAY,exhaustion_short,-1,2026-09-02,2026-09-02 13:20:00-04:00,2026-09-02 13:20:00-04:00,107.239274,107.88603928571428,106.4939607142857,2026-09-02 13:27:00-04:00,106.4939607142857,target,1.1523705773589197,-0.1441419353499183,1.2356476416593332,1,18,13.415639142857202,layers=rsi5 > 90 (short-term overbought) + sma20_dist_pct > 1.0 (close > 1% above 5-min SMA20) + bear_div == 1 (price at 20-bar high while RSI(14) is >5 below its 20-bar max) + time window 13:00-15:00 ET (bar close),6.0,7,False,13:20,13:27
PCG,exhaustion_short,-1,2026-09-02,2026-09-02 13:45:00-04:00,2026-09-02 13:45:00-04:00,13.23737513,13.494394642857142,12.995605357142855,2026-09-02 14:16:00-04:00,13.525744082321426,stop,-1.121972993862567,-1.1385317275994071,0.0,0,151,-43.54371180053524,layers=rsi5 > 90 (short-term overbought) + sma20_dist_pct > 1.0 (close > 1% above 5-min SMA20) + bear_div == 1 (price at 20-bar high while RSI(14) is >5 below its 20-bar max) + time window 13:00-15:00 ET (bar close),0.0,31,False,13:45,14:16
ASST,exhaustion_short,-1,2026-09-02,2026-09-02 13:50:00-04:00,2026-09-02 13:50:00-04:00,24.117587,24.6118875,23.6881125,2026-09-02 15:55:00-04:00,24.422441000000003,time,-0.6167381987273027,-0.7736447768108714,0.3188080934573108,0,82,-24.998028000000488,layers=rsi5 > 90 (short-term overbought) + sma20_dist_pct > 1.0 (close > 1% above 5-min SMA20) + bear_div == 1 (price at 20-bar high while RSI(14) is >5 below its 20-bar max) + time window 13:00-15:00 ET (bar close),108.0,125,False,13:50,15:55
RIOT,exhaustion_short,-1,2026-09-02,2026-09-02 13:50:00-04:00,2026-09-02 13:50:00-04:00,18.318166999999995,18.70812857142857,17.941871428571428,2026-09-02 14:04:00-04:00,18.739999384285717,stop,-1.081728086027524,-1.0176207838794389,0.0,0,109,-45.97972988714328,layers=rsi5 > 90 (short-term overbought) + sma20_dist_pct > 1.0 (close > 1% above 5-min SMA20) + bear_div == 1 (price at 20-bar high while RSI(14) is >5 below its 20-bar max) + time window 13:00-15:00 ET (bar close),2.0,14,False,13:50,14:04
DELL,exhaustion_short,-1,2026-09-02,2026-09-02 14:10:00-04:00,2026-09-02 14:10:00-04:00,468.67142717,474.6843089285714,462.5856910714286,2026-09-02 14:14:00-04:00,474.76177735946425,stop,-1.0128837442682816,-1.283672811127064,0.0384719306462804,0,4,-24.361400757856927,layers=rsi5 > 90 (short-term overbought) + sma20_dist_pct > 1.0 (close > 1% above 5-min SMA20) + bear_div == 1 (price at 20-bar high while RSI(14) is >5 below its 20-bar max) + time window 13:00-15:00 ET (bar close),2.0,4,False,14:10,14:14
BE,exhaustion_short,-1,2026-09-02,2026-09-02 14:50:00-04:00,2026-09-02 14:50:00-04:00,215.36846000000003,219.28803392857145,211.39196607142856,2026-09-02 15:55:00-04:00,215.501547,time,-0.0339544558733372,-0.4647290836185055,0.249634276028739,0,9,-1.197782999999646,layers=rsi5 > 90 (short-term overbought) + sma20_dist_pct > 1.0 (close > 1% above 5-min SMA20) + bear_div == 1 (price at 20-bar high while RSI(14) is >5 below its 20-bar max) + time window 13:00-15:00 ET (bar close),62.0,65,False,14:50,15:55
DIA,intraday_momentum,1,2026-09-02,2026-09-02 15:30:00-04:00,2026-09-02 15:30:00-04:00,530.903084,529.9090714285715,,2026-09-02 15:55:00-04:00,530.566937,time,-0.3381717793738522,-0.3954517390409945,0.0220480108902664,0,3,-1.008440999999948,first_30m_ret=0.4889,15.0,25,False,15:30,15:55
IWM,intraday_momentum,1,2026-09-02,2026-09-02 15:30:00-04:00,2026-09-02 15:30:00-04:00,294.099406,293.3254375,,2026-09-02 15:55:00-04:00,293.850611,time,-0.3214536508914555,-0.380384989828389,0.2979371899502451,0,6,-1.4927699999998367,first_30m_ret=0.6022,18.0,25,False,15:30,15:55
CRWD,heat_fade_short,-1,2026-09-03,2026-09-03 09:50:00-04:00,2026-09-03 09:50:00-04:00,207.9692,211.334975,204.405025,2026-09-03 10:23:00-04:00,211.3861084975,stop,-1.0151921912486692,-1.004464053598348,0.4513670699913114,0,9,-30.75217647750003,heat_score=-48.54,11.0,33,False,09:50,10:23
GFI,heat_fade_short,-1,2026-09-03,2026-09-03 09:50:00-04:00,2026-09-03 09:50:00-04:00,46.925306,47.41073214285714,46.46926785714285,2026-09-03 10:31:00-04:00,47.44547321607143,stop,-1.0715681957502416,-1.1797757669770523,0.0,0,42,-21.84702307499998,heat_score=-19.43,0.0,41,False,09:50,10:31
GLD,heat_fade_short,-1,2026-09-03,2026-09-03 09:50:00-04:00,2026-09-03 09:50:00-04:00,408.659129,410.7110696428571,406.6889303571429,2026-09-03 10:21:00-04:00,410.7821407498214,stop,-1.0346360442791898,-1.0335927637004492,0.0,0,4,-8.492046999285549,heat_score=-30.5,0.0,31,False,09:50,10:21
RKLB,heat_fade_short,-1,2026-09-03,2026-09-03 09:50:00-04:00,2026-09-03 09:50:00-04:00,64.44355399999999,65.31623035714286,63.563969642857145,2026-09-03 10:05:00-04:00,63.563969642857145,target,1.0079158784851217,-0.3855335339913766,1.1499727152980534,1,31,27.26711507142824,heat_score=-43.84,14.0,15,False,09:50,10:05
SNOW,heat_fade_short,-1,2026-09-03,2026-09-03 09:50:00-04:00,2026-09-03 09:50:00-04:00,365.263469,368.0145392857143,361.6556607142857,2026-09-03 09:53:00-04:00,368.0813407396428,stop,-1.0242819873688451,-1.0310645332216686,0.1557462934425973,0,5,-14.089358698213914,heat_score=-27.75,0.0,3,False,09:50,09:53
UGL,heat_fade_short,-1,2026-09-03,2026-09-03 09:50:00-04:00,2026-09-03 09:50:00-04:00,52.954703,53.48511071428572,52.43528928571428,2026-09-03 10:58:00-04:00,53.52045922535714,stop,-1.0666440365012957,-1.0092179762522286,0.0088667639503181,0,37,-20.93298033821423,heat_score=-14.25,10.0,68,False,09:50,10:58
ZS,heat_fade_short,-1,2026-09-03,2026-09-03 09:50:00-04:00,2026-09-03 09:50:00-04:00,177.37226,179.69866071428572,175.12133928571427,2026-09-03 09:57:00-04:00,175.12133928571427,target,0.967555030594484,-0.022670213121987,1.1314731739188797,1,11,24.760127857143143,heat_score=-22.48,6.0,7,False,09:50,09:57
CIEN,orb20_a,-1,2026-09-03,2026-09-03 09:50:00-04:00,2026-09-03 09:51:00-04:00,318.53824199,338.66505,288.452675,2026-09-03 15:50:00-04:00,315.761572,time,0.1379587855471384,-0.3165806523734019,0.3447263960858936,0,6,16.660019940000097,rv20=6.849;or_width=40.17,46.0,359,True,09:51,15:50
CPB,orb20_a,-1,2026-09-03,2026-09-03 09:50:00-04:00,2026-09-03 09:51:00-04:00,21.367862,21.99,20.465,2026-09-03 14:35:00-04:00,22.022199,stop,-1.05175539831999,-1.0,0.3582195590045928,0,93,-60.85334100000016,rv20=21.82;or_width=1.22,75.0,284,True,09:51,14:35
FLR,orb20_a,1,2026-09-03,2026-09-03 09:50:00-04:00,2026-09-03 09:51:00-04:00,57.46574499999999,56.77,58.47,2026-09-03 10:12:00-04:00,56.724324,stop,-1.0656504897627732,-1.1149846567348654,0.2504581419916932,0,34,-25.208313999999845,rv20=4.112;or_width=1.36,0.0,21,False,09:51,10:12
ACGL,orb20_a,1,2026-09-03,2026-09-03 09:50:00-04:00,2026-09-03 09:52:00-04:00,99.699968,99.3025,100.24625,2026-09-03 13:05:00-04:00,100.24625,target,1.37440498354581,-0.805015749695609,1.4467378505942317,1,20,10.925639999999817,rv20=7.935;or_width=0.755,192.0,193,True,09:52,13:05
AVGO,orb20_a,-1,2026-09-03,2026-09-03 09:50:00-04:00,2026-09-03 09:53:00-04:00,345.145481,349.41495,338.852575,2026-09-03 11:37:00-04:00,349.47989149499995,stop,-1.0152106725684087,-1.0199205100212754,0.6593281272214585,0,5,-21.67205247499965,rv20=4.015;or_width=8.45,54.0,104,False,09:53,11:37
NTAP,orb20_a,1,2026-09-03,2026-09-03 09:50:00-04:00,2026-09-03 09:53:00-04:00,178.76787399999998,169.875,192.0375,2026-09-03 15:50:00-04:00,183.551642,time,0.5379327313082418,-0.0616082045017145,0.9763014746413852,0,11,52.62144800000041,rv20=11.7;or_width=17.73,116.0,357,False,09:53,15:50
VSXY,orb20_a,-1,2026-09-03,2026-09-03 09:50:00-04:00,2026-09-03 09:53:00-04:00,73.672631,76.58,69.35499999999999,2026-09-03 15:50:00-04:00,74.11740999999999,time,-0.1529833330409716,-0.8899348517508466,0.5839062740230083,0,27,-12.009032999999915,rv20=8.484;or_width=5.78,160.0,357,False,09:53,15:50
CRDO,heat_fade_short,-1,2026-09-03,2026-09-03 09:55:00-04:00,2026-09-03 09:55:00-04:00,168.31316600000002,173.20463035714286,163.50536964285712,2026-09-03 15:55:00-04:00,165.306528,time,0.6146703278353747,-0.5472459379349451,0.7999784347372171,0,11,33.07301800000042,heat_score=-27.95,36.0,360,False,09:55,15:55
MU,heat_fade_short,-1,2026-09-03,2026-09-03 09:55:00-04:00,2026-09-03 09:55:00-04:00,946.9602935,958.5737464285714,935.3042535714284,2026-09-03 10:03:00-04:00,935.3042535714284,target,1.0036670403076562,-0.1584116723350964,1.1159724484795674,1,2,23.31207985714309,heat_score=-21.46,7.0,8,False,09:55,10:03
NEM,heat_fade_short,-1,2026-09-03,2026-09-03 09:55:00-04:00,2026-09-03 09:55:00-04:00,127.497248,128.79914642857142,126.36085357142856,2026-09-03 10:34:00-04:00,128.8420263432143,stop,-1.0329364516477062,-1.0006556359619616,0.2513621591502252,0,15,-20.171675148214305,heat_score=-11.47,8.0,39,False,09:55,10:34
SLV,heat_fade_short,-1,2026-09-03,2026-09-03 09:55:00-04:00,2026-09-03 09:55:00-04:00,59.859012500000006,60.33794821428572,59.38205178571428,2026-09-03 11:01:00-04:00,60.373982009107145,stop,-1.0752372265141452,-1.035603495846433,0.2484936839122552,0,33,-16.9939938005356,heat_score=-11.59,5.0,66,False,09:55,11:01
STX,heat_fade_short,-1,2026-09-03,2026-09-03 09:55:00-04:00,2026-09-03 09:55:00-04:00,790.280963,803.4825892857142,778.3574107142857,2026-09-03 10:02:00-04:00,778.3574107142857,target,0.9031881396776948,-0.2059622762494271,1.1309942182015278,1,2,23.847104571428645,heat_score=-16.23,6.0,7,False,09:55,10:02
PANW,heat_fade_short,-1,2026-09-03,2026-09-03 10:00:00-04:00,2026-09-03 10:00:00-04:00,329.62703300000004,334.91083035714286,324.4291696428572,2026-09-03 15:55:00-04:00,329.54295,time,0.0159133657702469,-0.4471910711726546,0.4157867630994912,0,6,0.5044980000004671,heat_score=-20.3,2.0,355,False,10:00,15:55
TEM,heat_fade_short,-1,2026-09-03,2026-09-03 10:15:00-04:00,2026-09-03 10:15:00-04:00,62.8487135,64.31565535714286,61.50434464285714,2026-09-03 14:00:00-04:00,64.35208692267858,stop,-1.0248350439782794,-1.0506800201351822,0.646728768001617,0,31,-46.60457610303592,heat_score=-18.07,41.0,225,False,10:15,14:00
AMD,heat_fade_short,-1,2026-09-03,2026-09-03 10:20:00-04:00,2026-09-03 10:20:00-04:00,450.924902,455.6726446428571,446.36735535714286,2026-09-03 11:03:00-04:00,455.7482119073214,stop,-1.0159164618111638,-1.0176832156791804,0.3001219963225639,0,4,-19.29323962928538,heat_score=-16.56,30.0,43,False,10:20,11:03
UNH,heat_fade_short,-1,2026-09-03,2026-09-03 10:20:00-04:00,2026-09-03 10:20:00-04:00,399.8150135,401.7969553571429,397.9930446428571,2026-09-03 10:59:00-04:00,401.8671350526785,stop,-1.035409563243617,-1.0646056504612862,0.4918981333819,0,5,-10.2606077633925,heat_score=-13.92,6.0,39,False,10:20,10:59
HOOD,orb20_a,1,2026-09-03,2026-09-03 09:50:00-04:00,2026-09-03 10:25:00-04:00,122.232221,117.63,129.08,2026-09-03 15:50:00-04:00,123.827615,time,0.3466574073691778,-0.2279814463494914,0.5123132939508975,0,16,25.526303999999755,rv20=3.854;or_width=9.16,208.0,325,False,10:25,15:50
BKNG,heat_fade_long,1,2026-09-03,2026-09-03 11:05:00-04:00,2026-09-03 11:05:00-04:00,196.759673,195.19459285714285,198.26540714285716,2026-09-03 11:16:00-04:00,198.26540714285716,target,0.9620811750306502,-0.0509066582715297,0.9650157577508022,1,10,15.057341428571362,heat_score=57.57,10.0,11,False,11:05,11:16
UBER,heat_fade_long,1,2026-09-03,2026-09-03 11:05:00-04:00,2026-09-03 11:05:00-04:00,75.49754800000001,74.82169107142857,76.11830892857142,2026-09-03 15:55:00-04:00,76.01239699999999,time,0.761772171350267,-0.2922926312489997,0.8617977790523269,0,26,13.38607399999958,heat_score=60.65,54.0,290,False,11:05,15:55
SOXS,heat_fade_long,1,2026-09-03,2026-09-03 11:30:00-04:00,2026-09-03 11:30:00-04:00,52.0502035,51.04408035714285,53.035919642857145,2026-09-03 15:55:00-04:00,51.714827,time,-0.3333354394846824,-0.7655161353438364,0.6060853528011788,0,38,-12.744306999999822,heat_score=60.68,36.0,265,False,11:30,15:55
SNOW,heat_fade_long,1,2026-09-03,2026-09-03 11:35:00-04:00,2026-09-03 11:35:00-04:00,364.826478,361.4405607142857,367.7994392857143,2026-09-03 11:51:00-04:00,367.7994392857143,target,0.8780371860404783,-0.0521211787259438,0.95203802337424,1,5,14.86480642857174,heat_score=61.91,15.0,16,False,11:35,11:51
SPOT,heat_fade_long,1,2026-09-03,2026-09-03 12:25:00-04:00,2026-09-03 12:25:00-04:00,561.8861820000001,556.7339178571428,567.1160821428571,2026-09-03 15:55:00-04:00,558.554138,time,-0.6467145137772954,-0.6591630215054703,0.7664238265956038,0,3,-9.99613200000033,heat_score=58.72,72.0,210,False,12:25,15:55
ASTS,heat_fade_long,1,2026-09-03,2026-09-03 12:30:00-04:00,2026-09-03 12:30:00-04:00,61.236122,60.15687321428571,62.19012678571429,2026-09-03 15:28:00-04:00,62.19012678571429,target,0.883952614394554,-0.153923731209064,0.89310084269595,1,32,30.528153142857263,heat_score=61.29,177.0,178,False,12:30,15:28
APP,heat_fade_long,1,2026-09-03,2026-09-03 12:40:00-04:00,2026-09-03 12:40:00-04:00,318.05180099999995,315.0668678571428,321.34313214285714,2026-09-03 12:46:00-04:00,315.0053611703572,stop,-1.0206057167252964,-1.4411716424182082,0.1166186923928395,0,6,-18.27863897785676,heat_score=63.29,1.0,6,False,12:40,12:46
FCEL,exhaustion_short,-1,2026-09-03,2026-09-03 13:05:00-04:00,2026-09-03 13:05:00-04:00,14.82861599,15.332142857142856,14.347857142857142,2026-09-03 15:55:00-04:00,14.631462,time,0.3915461177249652,-0.3006473335951131,0.4540293774138135,0,134,26.418634660000045,layers=rsi5 > 90 (short-term overbought) + sma20_dist_pct > 1.0 (close > 1% above 5-min SMA20) + bear_div == 1 (price at 20-bar high while RSI(14) is >5 below its 20-bar max) + time window 13:00-15:00 ET (bar close),169.0,170,False,13:05,15:55
SNDQ,heat_fade_long,1,2026-09-03,2026-09-03 13:05:00-04:00,2026-09-03 13:05:00-04:00,15.061505,14.495314285714286,15.624685714285716,2026-09-03 15:25:00-04:00,15.624685714285716,target,0.9946837701077508,-0.241093674897529,1.1365340048216972,1,132,74.33985428571427,heat_score=60.28,139.0,140,False,13:05,15:25
CEG,heat_fade_long,1,2026-09-03,2026-09-03 13:10:00-04:00,2026-09-03 13:10:00-04:00,284.4134375,282.0942857142857,286.57571428571424,2026-09-03 15:55:00-04:00,285.33146300000004,time,0.3958453714219985,-0.9328572253556384,0.4340218291016348,0,7,6.42617850000039,heat_score=66.59,164.0,165,False,13:10,15:55
HPE,exhaustion_short,-1,2026-09-03,2026-09-03 13:10:00-04:00,2026-09-03 13:10:00-04:00,50.034995,50.63740892857143,49.44259107142857,2026-09-03 14:29:00-04:00,50.67247266946429,stop,-1.058205395376581,-1.103900438651888,0.5726876216460215,0,39,-24.861629109106996,layers=rsi5 > 90 (short-term overbought) + sma20_dist_pct > 1.0 (close > 1% above 5-min SMA20) + bear_div == 1 (price at 20-bar high while RSI(14) is >5 below its 20-bar max) + time window 13:00-15:00 ET (bar close),28.0,79,False,13:10,14:29
FPS,exhaustion_short,-1,2026-09-03,2026-09-03 14:45:00-04:00,2026-09-03 14:45:00-04:00,30.846914,31.30290535714286,30.397094642857144,2026-09-03 15:55:00-04:00,30.543053000000004,time,0.666374472323158,-0.0506281525699402,0.8046512159769842,0,64,19.447103999999623,layers=rsi5 > 90 (short-term overbought) + sma20_dist_pct > 1.0 (close > 1% above 5-min SMA20) + bear_div == 1 (price at 20-bar high while RSI(14) is >5 below its 20-bar max) + time window 13:00-15:00 ET (bar close),28.0,70,False,14:45,15:55
DIA,intraday_momentum,1,2026-09-03,2026-09-03 15:30:00-04:00,2026-09-03 15:30:00-04:00,536.8636799999999,535.8011607142857,,2026-09-03 15:55:00-04:00,536.7763160000001,time,-0.0822234487171146,-0.0693446236605883,0.241237974167955,0,3,-0.2620919999995976,first_30m_ret=0.8197,8.0,25,False,15:30,15:55
IWM,intraday_momentum,1,2026-09-03,2026-09-03 15:30:00-04:00,2026-09-03 15:30:00-04:00,294.999496,294.2052589285714,,2026-09-03 15:55:00-04:00,295.250471,time,0.3159950712809561,-0.0749096235119772,0.4161276423493604,0,6,1.5058500000002368,first_30m_ret=0.2755,24.0,25,False,15:30,15:55
QQQ,intraday_momentum,1,2026-09-03,2026-09-03 15:30:00-04:00,2026-09-03 15:30:00-04:00,717.8067725,715.7267410714286,,2026-09-03 15:55:00-04:00,717.498242,time,-0.1483297299079122,-0.3070975232516975,0.0496278558977843,0,2,-0.6170609999999215,first_30m_ret=0.5118,0.0,25,False,15:30,15:55
SPY,intraday_momentum,1,2026-09-03,2026-09-03 15:30:00-04:00,2026-09-03 15:30:00-04:00,773.5023414999999,772.1302285714286,,2026-09-03 15:55:00-04:00,773.152676,time,-0.2548372606356602,-0.3078037464741625,0.034733657126628,0,2,-0.6993309999998019,first_30m_ret=0.5777,7.0,25,False,15:30,15:55
CLS,heat_fade_short,-1,2026-09-04,2026-09-04 09:50:00-04:00,2026-09-04 09:50:00-04:00,314.8835075,319.12832321428573,310.7216767857143,2026-09-04 13:35:00-04:00,310.7216767857143,target,0.980450270262446,-0.807100409205044,0.9926243643085934,1,6,24.97098428571428,heat_score=-13.01,224.0,225,False,09:50,13:35
ON,heat_fade_short,-1,2026-09-04,2026-09-04 09:50:00-04:00,2026-09-04 09:50:00-04:00,75.072491,75.83166785714286,74.40833214285715,2026-09-04 10:13:00-04:00,74.40833214285715,target,0.8748407579788358,-0.3128506852722836,0.9121603134823842,1,26,17.268130285714136,heat_score=-18.24,22.0,23,False,09:50,10:13
ORCL,heat_fade_short,-1,2026-09-04,2026-09-04 09:50:00-04:00,2026-09-04 09:50:00-04:00,157.94420300000002,159.57151785714285,156.48848214285715,2026-09-04 15:55:00-04:00,158.12580999999997,time,-0.1115991777515103,-0.5750558940038248,0.7584291353223217,0,12,-2.179283999999484,heat_score=-16.49,329.0,365,False,09:50,15:55
RKLB,heat_fade_short,-1,2026-09-04,2026-09-04 09:50:00-04:00,2026-09-04 09:50:00-04:00,64.58363999,65.48059642857143,63.77940357142857,2026-09-04 10:12:00-04:00,63.77940357142857,target,0.8966281794602178,-0.3527038732269662,1.1022162810655352,1,30,24.12709255714283,heat_score=-26.08,21.0,22,False,09:50,10:12
UCO,orb20_a,-1,2026-09-04,2026-09-04 09:50:00-04:00,2026-09-04 09:51:00-04:00,46.03539500000001,46.50750000000001,45.36375,2026-09-04 10:05:00-04:00,46.542150750000005,stop,-1.0733962783702722,-1.0476588894419545,0.3503352008557654,0,43,-21.790497249999845,rv20=4.041;or_width=0.915,7.0,14,False,09:51,10:05
ZS,orb20_a,1,2026-09-04,2026-09-04 09:50:00-04:00,2026-09-04 09:51:00-04:00,174.89748699999998,169.97,182.22000000000003,2026-09-04 10:38:00-04:00,169.923003,stop,-1.0095377217636503,-1.0547946651102298,0.4551027734827122,0,11,-54.71932399999989,rv20=5.865;or_width=9.8,2.0,47,False,09:51,10:38
ALAB,orb20_a,1,2026-09-04,2026-09-04 09:50:00-04:00,2026-09-04 09:54:00-04:00,317.05160099,301.42995,340.37982500000004,2026-09-04 15:50:00-04:00,312.45875,time,-0.2940054795066176,-0.5134861222501281,0.2943542275360996,0,6,-27.55710593999993,rv20=4.151;or_width=31.16,3.0,356,False,09:54,15:50
IOT,orb20_a,-1,2026-09-04,2026-09-04 09:50:00-04:00,2026-09-04 09:56:00-04:00,40.99589900000001,43.06,37.93500000000001,2026-09-04 15:50:00-04:00,39.933992,time,0.5144646507123515,-0.5591301007072782,0.8119268388513998,0,48,50.97153600000058,rv20=14.08;or_width=4.1,268.0,354,False,09:56,15:50
NXPI,heat_fade_short,-1,2026-09-04,2026-09-04 10:00:00-04:00,2026-09-04 10:00:00-04:00,227.717225,229.31175535714289,226.44824464285716,2026-09-04 10:49:00-04:00,226.44824464285716,target,0.7958333006696089,-0.2400550094799421,0.9828756116053108,1,8,10.151842857143038,heat_score=-19.2,48.0,49,False,10:00,10:49
QCOM,heat_fade_short,-1,2026-09-04,2026-09-04 10:00:00-04:00,2026-09-04 10:00:00-04:00,169.973,171.2552125,168.66478750000002,2026-09-04 11:36:00-04:00,168.66478750000002,target,1.020277450110657,-0.512395566257535,1.0552073076810775,1,11,14.390337499999958,heat_score=-15.58,95.0,96,False,10:00,11:36
BEN,orb20_a,1,2026-09-04,2026-09-04 09:50:00-04:00,2026-09-04 10:14:00-04:00,34.673466,34.05,35.575,2026-09-04 15:50:00-04:00,34.656533,time,-0.0271594601790547,-0.2060513323902119,0.6841335373540873,0,57,-0.9651809999996884,rv20=3.982;or_width=1.22,260.0,336,False,10:14,15:50
VLO,heat_fade_short,-1,2026-09-04,2026-09-04 10:20:00-04:00,2026-09-04 10:20:00-04:00,367.2882665,369.7698017857143,364.8801982142857,2026-09-04 10:28:00-04:00,369.8367787658928,stop,-1.0269901381471835,-1.096794196588098,0.4063075410631707,0,5,-12.74256132946391,heat_score=-13.79,0.0,8,False,10:20,10:28
ADSK,orb20_a,-1,2026-09-04,2026-09-04 09:50:00-04:00,2026-09-04 10:34:00-04:00,219.45205160000003,225.8045,210.00325,2026-09-04 15:50:00-04:00,218.571854,time,0.1385603698882562,-0.1193159475329192,0.5113227838261599,0,9,7.921778400000534,rv20=4.548;or_width=12.64,58.0,316,False,10:34,15:50
AAPL,heat_fade_long,1,2026-09-04,2026-09-04 11:05:00-04:00,2026-09-04 11:05:00-04:00,318.611857,316.8485589285714,320.33144107142857,2026-09-04 11:43:00-04:00,320.33144107142857,target,0.9752089560418984,-0.0974633856774718,1.0339392015117004,1,6,10.31750442857151,heat_score=67.32,37.0,38,False,11:05,11:43
CDNS,heat_fade_long,1,2026-09-04,2026-09-04 11:05:00-04:00,2026-09-04 11:05:00-04:00,290.059002,287.4428142857143,292.97718571428567,2026-09-04 11:41:00-04:00,292.97718571428567,target,1.1154336129441265,-0.8023132241384671,1.3382059631588614,1,6,17.50910228571422,heat_score=75.87,35.0,36,False,11:05,11:41
SNPS,heat_fade_long,1,2026-09-04,2026-09-04 11:05:00-04:00,2026-09-04 11:05:00-04:00,386.078603,381.955,389.815,2026-09-04 11:41:00-04:00,389.815,target,0.9061000780143016,-0.6689788032456063,1.0673668148946511,1,5,18.68198500000005,heat_score=58.44,35.0,36,False,11:05,11:41
ASTS,heat_fade_long,1,2026-09-04,2026-09-04 11:10:00-04:00,2026-09-04 11:10:00-04:00,62.256224,61.246230357142856,63.23376964285715,2026-09-04 15:55:00-04:00,62.443754000000006,time,0.1856744359989353,-0.580423455281999,0.5284944155589146,0,32,6.000960000000305,heat_score=58.99,34.0,285,False,11:10,15:55
TRU,orb20_a,1,2026-09-04,2026-09-04 09:50:00-04:00,2026-09-04 11:17:00-04:00,78.36783500000001,76.77000000000001,80.72,2026-09-04 15:50:00-04:00,79.932005,time,0.978930865827815,-0.3303438715511984,1.0340022593071116,1,25,39.10424999999975,rv20=5.572;or_width=3.16,269.0,273,False,11:17,15:50
DOCU,exhaustion_short,-1,2026-09-04,2026-09-04 14:15:00-04:00,2026-09-04 14:15:00-04:00,68.73822449,69.34686071428571,68.17453928571429,2026-09-04 14:23:00-04:00,68.17453928571429,target,0.9261446851068272,-0.1343585983498926,0.950032986746046,1,29,16.346870924285426,layers=rsi5 > 90 (short-term overbought) + sma20_dist_pct > 1.0 (close > 1% above 5-min SMA20) + bear_div == 1 (price at 20-bar high while RSI(14) is >5 below its 20-bar max) + time window 13:00-15:00 ET (bar close),7.0,8,False,14:15,14:23
DIA,intraday_momentum,-1,2026-09-04,2026-09-04 15:30:00-04:00,2026-09-04 15:30:00-04:00,533.9366,535.0359821428572,,2026-09-04 15:55:00-04:00,534.16341,time,-0.2063067892030223,-0.2123010652086644,0.2515958639105954,0,3,-0.6804300000000012,first_30m_ret=-0.3632,9.0,25,False,15:30,15:55
QQQ,intraday_momentum,1,2026-09-04,2026-09-04 15:30:00-04:00,2026-09-04 15:30:00-04:00,718.031795,715.8825446428572,,2026-09-04 15:55:00-04:00,719.098082,time,0.4961204247128726,-0.1125020168992612,0.5481934647978081,0,2,2.132573999999977,first_30m_ret=0.5853,22.0,25,False,15:30,15:55
ADI,heat_fade_short,-1,2026-09-08,2026-09-08 09:50:00-04:00,2026-09-08 09:50:00-04:00,364.073588,366.9196410714286,361.4203589285714,2026-09-08 10:03:00-04:00,361.4203589285714,target,0.9322486281314544,-0.0163074963239103,0.9323747426354386,1,5,13.266145357142989,heat_score=-43.01,12.0,13,False,09:50,10:03
ARM,heat_fade_short,-1,2026-09-08,2026-09-08 09:50:00-04:00,2026-09-08 09:50:00-04:00,258.77411900000004,262.33160714285714,255.24839285714287,2026-09-08 10:09:00-04:00,255.24839285714287,target,0.9910717903406924,-0.1112810455306349,0.99343099908738,1,7,24.680083000000167,heat_score=-18.5,18.0,19,False,09:50,10:09
ASML,heat_fade_short,-1,2026-09-08,2026-09-08 09:50:00-04:00,2026-09-08 09:50:00-04:00,1765.9483865,1777.8242660714286,1753.9957339285716,2026-09-08 10:00:00-04:00,1753.9957339285716,target,1.0064646159080697,-0.015713657155044,1.0827312977251096,1,1,11.952652571428416,heat_score=-45.29,9.0,10,False,09:50,10:00
DRAM,heat_fade_short,-1,2026-09-08,2026-09-08 09:50:00-04:00,2026-09-08 09:50:00-04:00,61.333865,61.98527678571429,60.71472321428571,2026-09-08 14:12:00-04:00,62.02147531339286,stop,-1.0555693471816436,-1.0072507350792437,0.6430110863602334,0,32,-22.003530028571504,heat_score=-17.5,20.0,262,False,09:50,14:12
ETN,heat_fade_short,-1,2026-09-08,2026-09-08 09:50:00-04:00,2026-09-08 09:50:00-04:00,423.067688,426.639475,419.880525,2026-09-08 10:57:00-04:00,426.7121389475,stop,-1.0203438635898394,-1.035143473001045,0.2933232020834553,0,4,-14.577803789999734,heat_score=-54.71,17.0,67,False,09:50,10:57
HUT,heat_fade_short,-1,2026-09-08,2026-09-08 09:50:00-04:00,2026-09-08 09:50:00-04:00,95.28047,97.184675,93.575325,2026-09-08 10:35:00-04:00,93.575325,target,0.8954629359759047,-0.1097728448355152,1.0295477640275057,1,20,34.102900000000034,heat_score=-36.46,44.0,45,False,09:50,10:35
KLAC,heat_fade_short,-1,2026-09-08,2026-09-08 09:50:00-04:00,2026-09-08 09:50:00-04:00,188.7461225,190.68978571428573,186.8502142857143,2026-09-08 10:03:00-04:00,186.8502142857143,target,0.9754304142564408,-0.0431543383563104,1.0064102081177055,1,10,18.959082142857252,heat_score=-13.93,12.0,13,False,09:50,10:03
MU,heat_fade_short,-1,2026-09-08,2026-09-08 09:50:00-04:00,2026-09-08 09:50:00-04:00,1021.247864,1033.0186732142856,1009.6813267857144,2026-09-08 15:10:00-04:00,1009.6813267857144,target,0.9826458830245997,-0.6161119314718342,1.1254845575036465,1,1,11.566537214285743,heat_score=-11.38,319.0,320,False,09:50,15:10
ORCL,heat_fade_short,-1,2026-09-08,2026-09-08 09:50:00-04:00,2026-09-08 09:50:00-04:00,166.103387,167.67508928571428,164.56491071428573,2026-09-08 09:52:00-04:00,164.56491071428573,target,0.9788598640454904,-0.0169325961041679,1.0201594885836267,1,12,18.46171542857121,heat_score=-29.07,1.0,2,False,09:50,09:52
QCOM,heat_fade_short,-1,2026-09-08,2026-09-08 09:50:00-04:00,2026-09-08 09:50:00-04:00,177.65223200000003,178.9441410714286,176.40585892857143,2026-09-08 09:53:00-04:00,176.40585892857143,target,0.9647529373335716,-0.462701294711845,2.207765285559984,1,11,13.710103785714525,heat_score=-18.56,2.0,3,False,09:50,09:53
SMH,heat_fade_short,-1,2026-09-08,2026-09-08 09:50:00-04:00,2026-09-08 09:50:00-04:00,575.992394,579.981875,572.278125,2026-09-08 10:07:00-04:00,572.278125,target,0.9310155882431792,-0.0169460639115604,0.9756642530695124,1,3,11.142806999999834,heat_score=-24.54,16.0,17,False,09:50,10:07
SMTC,heat_fade_short,-1,2026-09-08,2026-09-08 09:50:00-04:00,2026-09-08 09:50:00-04:00,151.6798295,154.46368928571428,148.9563107142857,2026-09-08 10:06:00-04:00,154.50913565464285,stop,-1.0163249489653825,-1.1010506045345043,0.2262432552214194,0,13,-36.78098001035687,heat_score=-49.17,3.0,16,False,09:50,10:06
SOXL,heat_fade_short,-1,2026-09-08,2026-09-08 09:50:00-04:00,2026-09-08 09:50:00-04:00,124.187579,126.96673214285714,121.43306785714286,2026-09-08 11:18:00-04:00,127.00942881607142,stop,-1.0153631955561775,-1.0047740647819154,0.844710197433206,0,16,-45.14959705714296,heat_score=-33.26,21.0,88,False,09:50,11:18
SOXX,heat_fade_short,-1,2026-09-08,2026-09-08 09:50:00-04:00,2026-09-08 09:50:00-04:00,529.2670670000001,533.2586964285714,525.3013035714285,2026-09-08 11:17:00-04:00,533.3420222982143,stop,-1.0208751516477037,-1.0479261852463897,0.8485424462892688,0,3,-12.224865894642448,heat_score=-30.2,21.0,87,False,09:50,11:17
STX,heat_fade_short,-1,2026-09-08,2026-09-08 09:50:00-04:00,2026-09-08 09:50:00-04:00,874.6225280000001,888.0182892857143,863.3031107142857,2026-09-08 10:02:00-04:00,863.3031107142857,target,0.8449999252962106,-0.3051317437523298,0.9307069403585144,1,2,22.638834571428788,heat_score=-34.25,11.0,12,False,09:50,10:02
ARQT,orb20_a,-1,2026-09-08,2026-09-08 09:50:00-04:00,2026-09-08 09:51:00-04:00,24.637535,24.885,24.2975,2026-09-08 10:04:00-04:00,24.2975,target,1.3740731012466176,-0.5554926959368047,1.8488877214959407,1,81,27.542834999999737,rv20=7.158;or_width=0.47,12.0,13,False,09:51,10:04
JHX,orb20_a,-1,2026-09-08,2026-09-08 09:50:00-04:00,2026-09-08 09:51:00-04:00,30.5319455,30.9825,29.88875,2026-09-08 11:08:00-04:00,29.88875,target,1.427564256932277,-0.1843384096707555,1.4802770807970915,1,65,41.80770749999983,rv20=4.455;or_width=0.875,76.0,77,True,09:51,11:08
EWY,heat_fade_short,-1,2026-09-08,2026-09-08 09:55:00-04:00,2026-09-08 09:55:00-04:00,190.990898,192.50347857142856,189.57652142857145,2026-09-08 15:53:00-04:00,189.57652142857145,target,0.9350751941053924,-0.7729188263312367,0.9360810437111424,0,10,14.143765714285903,heat_score=-24.75,357.0,358,False,09:55,15:53
HOOD,heat_fade_short,-1,2026-09-08,2026-09-08 09:55:00-04:00,2026-09-08 09:55:00-04:00,123.8826095,125.7432125,122.0567875,2026-09-08 10:46:00-04:00,122.0567875,target,0.9813065979147568,-0.2888259881339552,1.1838148707703884,1,16,29.21315199999981,heat_score=-19.51,50.0,51,False,09:55,10:46
KORU,heat_fade_short,-1,2026-09-08,2026-09-08 09:55:00-04:00,2026-09-08 09:55:00-04:00,24.277571,24.785976785714286,23.794023214285712,2026-09-08 15:49:00-04:00,23.794023214285712,target,0.9511059852218688,-0.8800627620147652,0.95901937723817,1,82,39.65091842857147,heat_score=-15.13,353.0,354,False,09:55,15:49
IONS,orb20_a,1,2026-09-08,2026-09-08 09:50:00-04:00,2026-09-08 09:56:00-04:00,57.0307015,54.5875,60.65625,2026-09-08 15:50:00-04:00,56.334365000000005,time,-0.2850098528508573,-0.8352571410913086,0.1631050488467701,0,35,-24.371777499999787,rv20=16.57;or_width=4.855,3.0,354,True,09:56,15:50
SN,orb20_a,1,2026-09-08,2026-09-08 09:50:00-04:00,2026-09-08 09:56:00-04:00,180.40013721,177.29104999999998,184.993675,2026-09-08 15:30:00-04:00,177.24332089499998,stop,-1.0153514847851444,-1.096829062572348,0.5869448705493324,0,11,-34.72497946499985,rv20=5.928;or_width=6.162,25.0,334,False,09:56,15:30
EXPE,orb20_a,-1,2026-09-08,2026-09-08 09:50:00-04:00,2026-09-08 09:59:00-04:00,283.331663,289.93,273.53,2026-09-08 15:01:00-04:00,273.53,target,1.485474749167858,-0.2528420418660042,1.690071755959109,1,7,68.61164100000013,rv20=5.074;or_width=13.12,301.0,302,False,09:59,15:01
SPCX,heat_fade_short,-1,2026-09-08,2026-09-08 10:00:00-04:00,2026-09-08 10:00:00-04:00,148.25517200000002,149.78174642857144,146.81825357142858,2026-09-08 11:21:00-04:00,149.8267246032143,stop,-1.0294634665700215,-1.1429694925735163,0.8877208831987241,0,13,-20.43018384178572,heat_score=-13.08,9.0,81,False,10:00,11:21
WMB,heat_fade_short,-1,2026-09-08,2026-09-08 10:05:00-04:00,2026-09-08 10:05:00-04:00,74.72252599999999,75.2781875,74.1918125,2026-09-08 10:40:00-04:00,75.32742899,stop,-1.088617782588858,-1.1922258425318313,0.2564978858531426,0,26,-15.727477740000351,heat_score=-15.34,0.0,35,False,10:05,10:40
SNDK,heat_fade_short,-1,2026-09-08,2026-09-08 10:10:00-04:00,2026-09-08 10:10:00-04:00,1764.8135,1793.3647517857144,1738.4372482142858,2026-09-08 11:19:00-04:00,1793.574088260893,stop,-1.0073319543657742,-1.0972023305708205,0.3321570651674585,0,1,-28.760588260892973,heat_score=-12.42,13.0,69,False,10:10,11:19
CVNA,heat_fade_short,-1,2026-09-08,2026-09-08 10:20:00-04:00,2026-09-08 10:20:00-04:00,74.67253099999999,75.53102678571427,73.78897321428572,2026-09-08 15:55:00-04:00,75.19751800000002,time,-0.6115196006037776,-0.998803971165194,0.80667955687609,0,26,-13.649662000000632,heat_score=-16.79,13.0,335,False,10:20,15:55
ROIV,orb20_a,1,2026-09-08,2026-09-08 09:50:00-04:00,2026-09-08 10:22:00-04:00,41.344133,39.875,43.5125,2026-09-08 15:50:00-04:00,41.335865000000005,time,-0.005627809054724,-0.4520577782950896,0.7867681142551431,0,48,-0.3968639999997094,rv20=12.14;or_width=2.91,197.0,328,True,10:22,15:50
CRCL,heat_fade_short,-1,2026-09-08,2026-09-08 10:25:00-04:00,2026-09-08 10:25:00-04:00,99.9050075,101.82726607142855,98.07273392857144,2026-09-08 11:01:00-04:00,98.07273392857144,target,0.9531878794364598,-0.1014392667554004,0.991025623875484,1,20,36.64547142857117,heat_score=-13.67,35.0,36,False,10:25,11:01
MRNA,heat_fade_short,-1,2026-09-08,2026-09-08 10:25:00-04:00,2026-09-08 10:25:00-04:00,144.5905385,150.31929821428574,138.9007017857143,2026-09-08 15:55:00-04:00,140.99409699999998,time,0.6277871091419018,-0.5078518990323427,0.8536819039214633,0,13,46.753739500000336,heat_score=-20.8,327.0,330,False,10:25,15:55
WDC,heat_fade_short,-1,2026-09-08,2026-09-08 10:25:00-04:00,2026-09-08 10:25:00-04:00,474.822512,481.6119982142857,467.9680017857143,2026-09-08 13:01:00-04:00,481.6901594141072,stop,-1.0115120934566375,-1.0512559823719825,0.677888113288436,0,4,-27.4705896564285,heat_score=-13.79,39.0,156,False,10:25,13:01
TTAN,orb20_a,-1,2026-09-08,2026-09-08 09:50:00-04:00,2026-09-08 10:53:00-04:00,83.15168299999999,84.88,80.60500000000002,2026-09-08 11:26:00-04:00,84.918488,stop,-1.0222690629091775,-1.0405018292361918,0.1514091454287553,0,24,-42.40332000000012,rv20=4.796;or_width=3.42,6.0,33,True,10:53,11:26
CBRS,heat_fade_long,1,2026-09-08,2026-09-08 11:05:00-04:00,2026-09-08 11:05:00-04:00,202.56245322,198.9340107142857,206.26598928571428,2026-09-08 15:55:00-04:00,200.549942,time,-0.5546487830055317,-0.7613330556153232,0.9418770656053842,0,9,-18.112600979999684,heat_score=62.92,60.0,290,False,11:05,15:55
NVDA,heat_fade_long,1,2026-09-08,2026-09-08 11:20:00-04:00,2026-09-08 11:20:00-04:00,227.13271,225.19875357142857,229.00124642857145,2026-09-08 15:55:00-04:00,225.14623369607145,stop,-1.0271567004205695,-1.1803316591192257,0.0554769478851643,0,8,-15.89181043142844,heat_score=59.91,0.0,275,False,11:20,15:55
HOOD,heat_fade_long,1,2026-09-08,2026-09-08 11:30:00-04:00,2026-09-08 11:30:00-04:00,121.612159,119.7167875,123.4032125,2026-09-08 14:38:00-04:00,119.67481582125,stop,-1.0221443019218144,-1.0246851342863432,0.1676932464163368,0,16,-30.99749085999997,heat_score=67.27,35.0,188,False,11:30,14:38
CTSH,heat_fade_long,1,2026-09-08,2026-09-08 11:55:00-04:00,2026-09-08 11:55:00-04:00,59.395938,58.87455357142857,59.90544642857143,2026-09-08 15:21:00-04:00,59.90544642857143,target,0.9772221812750708,-0.3182642037367068,1.0051355032521914,1,33,16.813778142857167,heat_score=57.51,205.0,206,False,11:55,15:21
AZN,heat_fade_long,1,2026-09-08,2026-09-08 12:15:00-04:00,2026-09-08 12:15:00-04:00,159.875985,158.955625,160.734375,2026-09-08 13:50:00-04:00,160.734375,target,0.932667651788458,-0.5171726281020321,0.9713753313921032,1,12,10.30068000000017,heat_score=59.44,94.0,95,False,12:15,13:50
NVDL,heat_fade_long,1,2026-09-08,2026-09-08 12:30:00-04:00,2026-09-08 12:30:00-04:00,36.16361499999999,35.54767857142857,36.73232142857143,2026-09-08 15:55:00-04:00,35.906408000000006,time,-0.4175869262945558,-0.4766969225720155,0.3513106060342684,0,55,-14.146384999999276,heat_score=58.26,33.0,205,False,12:30,15:55
ORCL,heat_fade_long,1,2026-09-08,2026-09-08 12:55:00-04:00,2026-09-08 12:55:00-04:00,162.876285,161.28491071428573,164.39508928571428,2026-09-08 14:50:00-04:00,161.233872,stop,-1.032072099407356,-1.0784923543173053,0.2348379029087223,0,12,-19.708956000000057,heat_score=61.41,19.0,115,False,12:55,14:50
SMTC,exhaustion_short,-1,2026-09-08,2026-09-08 13:00:00-04:00,2026-09-08 13:00:00-04:00,162.37376,165.05868928571428,159.55131071428573,2026-09-08 14:47:00-04:00,165.10519515464284,stop,-1.0173210777565007,-1.0153861461102591,0.124308674264105,0,12,-32.77722185571406,layers=rsi5 > 90 (short-term overbought) + sma20_dist_pct > 1.0 (close > 1% above 5-min SMA20) + bear_div == 1 (price at 20-bar high while RSI(14) is >5 below its 20-bar max) + time window 13:00-15:00 ET (bar close),39.0,107,False,13:00,14:47
FCEL,exhaustion_short,-1,2026-09-08,2026-09-08 13:05:00-04:00,2026-09-08 13:05:00-04:00,17.848214,18.289766071428573,17.420233928571427,2026-09-08 15:55:00-04:00,17.801779,time,0.1051631347799263,-0.5249346906019287,0.3988521657937379,0,112,5.200719999999876,layers=rsi5 > 90 (short-term overbought) + sma20_dist_pct > 1.0 (close > 1% above 5-min SMA20) + bear_div == 1 (price at 20-bar high while RSI(14) is >5 below its 20-bar max) + time window 13:00-15:00 ET (bar close),41.0,170,False,13:05,15:55
VIAV,exhaustion_short,-1,2026-09-08,2026-09-08 13:35:00-04:00,2026-09-08 13:35:00-04:00,38.83611500000001,39.40987857142857,38.30012142857142,2026-09-08 15:55:00-04:00,38.693868,time,0.2479191902090319,-0.8956389453595265,0.4115196777169432,0,51,7.254597000000601,layers=rsi5 > 90 (short-term overbought) + sma20_dist_pct > 1.0 (close > 1% above 5-min SMA20) + bear_div == 1 (price at 20-bar high while RSI(14) is >5 below its 20-bar max) + time window 13:00-15:00 ET (bar close),139.0,140,False,13:35,15:55
AXTI,exhaustion_short,-1,2026-09-08,2026-09-08 14:20:00-04:00,2026-09-08 14:20:00-04:00,70.3739609,72.20131428571429,68.63868571428571,2026-09-08 15:55:00-04:00,69.51695000000001,time,0.4689902383960598,-0.0515713603820308,0.8312354424025398,0,28,23.996305199999767,layers=rsi5 > 90 (short-term overbought) + sma20_dist_pct > 1.0 (close > 1% above 5-min SMA20) + bear_div == 1 (price at 20-bar high while RSI(14) is >5 below its 20-bar max) + time window 13:00-15:00 ET (bar close),72.0,95,False,14:20,15:55
DIA,intraday_momentum,-1,2026-09-08,2026-09-08 15:30:00-04:00,2026-09-08 15:30:00-04:00,528.527141,529.6079464285714,,2026-09-08 15:55:00-04:00,527.832777,time,0.6424505111136419,-0.2293280487382243,0.7930576377036425,0,3,2.0830920000001925,first_30m_ret=-0.9811,24.0,25,False,15:30,15:55
IWM,intraday_momentum,-1,2026-09-08,2026-09-08 15:30:00-04:00,2026-09-08 15:30:00-04:00,295.44045200000005,296.2491160714286,,2026-09-08 15:55:00-04:00,294.6756279642857,scaled+time,0.9457870860556372,-0.0550883878410311,1.0207600772244425,1,6,4.588944214285789,first_30m_ret=-0.3142,24.0,25,False,15:30,15:55
SPY,intraday_momentum,-1,2026-09-08,2026-09-08 15:30:00-04:00,2026-09-08 15:30:00-04:00,766.8833030000001,768.3564696428572,,2026-09-08 15:55:00-04:00,765.816573,time,0.7241068111149113,-0.1810365455211958,0.925423479149685,0,2,2.133460000000241,first_30m_ret=-0.3596,24.0,25,False,15:30,15:55
GLD,heat_fade_short,-1,2026-09-09,2026-09-09 09:50:00-04:00,2026-09-09 09:50:00-04:00,405.339461,407.55598035714286,403.2640196428572,2026-09-09 11:04:00-04:00,403.2640196428572,target,0.9363515596895317,-0.4965167556301566,0.94583473554787,1,4,8.301765428571116,heat_score=-22.54,73.0,74,False,09:50,11:04
NEM,heat_fade_short,-1,2026-09-09,2026-09-09 09:50:00-04:00,2026-09-09 09:50:00-04:00,129.707027,130.88870357142858,128.4312964285714,2026-09-09 10:14:00-04:00,128.4312964285714,target,1.0795936910946142,-0.0532912317317668,1.1230035629763977,1,15,19.135958571428944,heat_score=-22.64,23.0,24,False,09:50,10:14
USO,heat_fade_short,-1,2026-09-09,2026-09-09 09:50:00-04:00,2026-09-09 09:50:00-04:00,148.4401535,149.489425,147.49257500000002,2026-09-09 10:25:00-04:00,149.5343739425,stop,-1.0428382382443298,-1.0100784210759453,0.1907547283996547,0,13,-14.224865752499852,heat_score=-38.29,24.0,35,False,09:50,10:25
TSCO,orb20_a,-1,2026-09-09,2026-09-09 09:50:00-04:00,2026-09-09 09:51:00-04:00,33.756623000000005,34.425000000000004,32.7875,2026-09-09 15:50:00-04:00,34.093408,time,-0.503884783587694,-0.9700767680515592,0.6517624035536935,0,59,-19.87031499999952,rv20=3.549;or_width=1.31,27.0,359,False,09:51,15:50
TTAN,orb20_a,-1,2026-09-09,2026-09-09 09:50:00-04:00,2026-09-09 09:51:00-04:00,59.67413099,64.56505,52.377675,2026-09-09 15:50:00-04:00,57.545753,time,0.435169338451181,-0.0666273576261894,0.8432016521982856,0,33,70.23647367000014,rv20=52.02;or_width=9.75,40.0,359,True,09:51,15:50
INSM,orb20_a,1,2026-09-09,2026-09-09 09:50:00-04:00,2026-09-09 09:52:00-04:00,127.692767,124.3575,132.63875000000002,2026-09-09 15:50:00-04:00,129.52704500000002,time,0.5499643656714772,-0.8793200064642491,0.9406242438761296,0,15,27.514170000000178,rv20=3.472;or_width=6.625,171.0,358,False,09:52,15:50
META,heat_fade_short,-1,2026-09-09,2026-09-09 09:55:00-04:00,2026-09-09 09:55:00-04:00,647.385254,651.9297017857143,642.9704982142857,2026-09-09 10:23:00-04:00,642.9704982142857,target,0.9714614390756846,-0.2232935766563001,1.0617910530666748,1,3,13.244267357142917,heat_score=-59.09,27.0,28,False,09:55,10:23
XP,orb20_a,-1,2026-09-09,2026-09-09 09:50:00-04:00,2026-09-09 09:55:00-04:00,19.318067,19.565,18.9775,2026-09-09 11:06:00-04:00,18.9775,target,1.3791878768734585,-0.2103121089526507,1.3893120806048254,1,103,35.078400999999644,rv20=3.834;or_width=0.47,70.0,71,False,09:55,11:06
FICO,heat_fade_short,-1,2026-09-09,2026-09-09 10:05:00-04:00,2026-09-09 10:05:00-04:00,929.69702,943.6603214285716,915.4796785714286,2026-09-09 10:29:00-04:00,943.7846874607144,stop,-1.008906635209373,-1.3107917274168934,0.1487484897912449,0,2,-28.175334921428657,heat_score=-14.38,1.0,24,False,10:05,10:29
ESTC,heat_fade_short,-1,2026-09-09,2026-09-09 10:20:00-04:00,2026-09-09 10:20:00-04:00,88.2661715,89.73292857142857,86.83707142857142,2026-09-09 14:29:00-04:00,86.83707142857142,target,0.974326355240736,-0.3980403513114584,0.9859652482135168,1,22,31.44020157142873,heat_score=-11.49,248.0,249,False,10:20,14:29
RDDT,heat_fade_short,-1,2026-09-09,2026-09-09 10:20:00-04:00,2026-09-09 10:20:00-04:00,148.07528999000002,149.94438214285714,146.25561785714285,2026-09-09 11:33:00-04:00,146.25561785714285,target,0.9735593454156808,-0.382383505761051,1.0461174891837874,1,13,23.655737727143133,heat_score=-12.71,72.0,73,False,10:20,11:33
XYL,orb20_a,-1,2026-09-09,2026-09-09 09:50:00-04:00,2026-09-09 10:26:00-04:00,107.219276,108.135,105.8975,2026-09-09 15:50:00-04:00,107.490747,time,-0.2964550454067013,-0.5140457168317152,0.577877176965979,0,18,-4.886478000000096,rv20=3.871;or_width=1.79,47.0,324,False,10:26,15:50
SAIL,orb20_a,1,2026-09-09,2026-09-09 09:50:00-04:00,2026-09-09 10:36:00-04:00,17.981797000000004,17.380000000000003,18.855000000000004,2026-09-09 15:50:00-04:00,17.878211,time,-0.1721278105407692,-0.9734129615136032,0.5453716120219846,0,111,-11.49804600000039,rv20=4.351;or_width=1.18,270.0,314,False,10:36,15:50
CIFR,heat_fade_long,1,2026-09-09,2026-09-09 11:05:00-04:00,2026-09-09 11:05:00-04:00,17.291728000000003,16.938230357142857,17.64176964285714,2026-09-09 12:21:00-04:00,16.90653653410714,stop,-1.08965780586131,-1.0232826365582948,0.6174638060831596,0,115,-44.297018577679225,heat_score=64.26,59.0,76,False,11:05,12:21
EIX,heat_fade_long,1,2026-09-09,2026-09-09 11:05:00-04:00,2026-09-09 11:05:00-04:00,58.2208205,57.14880535714286,59.281194642857145,2026-09-09 15:55:00-04:00,57.634235,time,-0.547180237059548,-0.6304206656995514,0.2137838271474403,0,34,-19.943906999999697,heat_score=60.28,190.0,290,False,11:05,15:55
SUNB,orb20_a,1,2026-09-09,2026-09-09 09:50:00-04:00,2026-09-09 11:09:00-04:00,76.80767900000001,73.7,81.42500000000001,2026-09-09 15:12:00-04:00,73.66263000000001,stop,-1.0120250514934122,-1.009653506684571,0.2436934445288555,0,26,-81.771274,rv20=8.174;or_width=6.18,21.0,243,False,11:09,15:12
CRWV,heat_fade_long,1,2026-09-09,2026-09-09 11:10:00-04:00,2026-09-09 11:10:00-04:00,97.2047185,95.88275892857143,98.48724107142856,2026-09-09 13:18:00-04:00,95.84317065267858,stop,-1.0299466615685322,-1.0777322777430978,0.0720759560725584,0,20,-27.23095694642865,heat_score=63.38,0.0,128,False,11:10,13:18
MSTR,heat_fade_long,1,2026-09-09,2026-09-09 11:15:00-04:00,2026-09-09 11:15:00-04:00,134.0584035,131.45162142857143,136.56837857142855,2026-09-09 15:55:00-04:00,133.256672,time,-0.3075560127512398,-0.4712336767479742,0.6028875667150542,0,14,-11.224240999999836,heat_score=62,131.0,280,False,11:15,15:55
RKLB,heat_fade_long,1,2026-09-09,2026-09-09 11:15:00-04:00,2026-09-09 11:15:00-04:00,63.41634,62.64101071428572,64.1489892857143,2026-09-09 11:23:00-04:00,64.1489892857143,target,0.9449524211372156,-0.0597681538074621,1.2042109297340091,1,31,22.71212785714315,heat_score=64.72,7.0,8,False,11:15,11:23
COIN,heat_fade_long,1,2026-09-09,2026-09-09 11:25:00-04:00,2026-09-09 11:25:00-04:00,176.607658,173.3024732142857,179.97752678571428,2026-09-09 15:55:00-04:00,175.702427,time,-0.2738821151279068,-0.3744292922286781,0.7601214948280182,0,11,-9.957541000000164,heat_score=58.76,39.0,270,False,11:25,15:55
QCOM,heat_fade_long,1,2026-09-09,2026-09-09 11:25:00-04:00,2026-09-09 11:25:00-04:00,173.75737299999997,172.27523392857142,175.1447660714286,2026-09-09 11:33:00-04:00,175.1447660714286,target,0.9360748246730928,-0.2950957898832131,1.0441847393634698,1,11,15.261323785714808,heat_score=57.91,7.0,8,False,11:25,11:33
INTU,heat_fade_long,1,2026-09-09,2026-09-09 11:50:00-04:00,2026-09-09 11:50:00-04:00,315.011497,311.0296160714286,318.91038392857143,2026-09-09 15:55:00-04:00,313.338662,time,-0.4201117587411616,-0.5553900379420534,0.4968764851313189,0,6,-10.037010000000125,heat_score=58.82,130.0,245,False,11:50,15:55
SHOP,heat_fade_long,1,2026-09-09,2026-09-09 11:55:00-04:00,2026-09-09 11:55:00-04:00,128.262824,126.84163392857144,129.6283660714286,2026-09-09 13:21:00-04:00,129.6283660714286,target,0.960844083336421,-0.0864233451029868,1.0054080933479377,1,15,20.48313107142889,heat_score=61.1,85.0,86,False,11:55,13:21
CRM,heat_fade_long,1,2026-09-09,2026-09-09 12:20:00-04:00,2026-09-09 12:20:00-04:00,246.504647,243.5247642857143,249.4052357142857,2026-09-09 15:54:00-04:00,243.4704118092857,stop,-1.018239803925166,-1.0015988165210152,0.5320185899934179,0,8,-24.27388152571393,heat_score=58.64,37.0,214,False,12:20,15:54
HWM,heat_fade_long,1,2026-09-09,2026-09-09 13:00:00-04:00,2026-09-09 13:00:00-04:00,231.663163,228.946325,234.393675,2026-09-09 15:02:00-04:00,234.393675,target,1.0050330568108885,-0.4354926572729067,1.0956991178715825,1,8,21.84409599999981,heat_score=63.46,121.0,122,False,13:00,15:02
PURR,exhaustion_short,-1,2026-09-09,2026-09-09 13:05:00-04:00,2026-09-09 13:05:00-04:00,12.428756,12.820942857142857,12.078857142857142,2026-09-09 15:38:00-04:00,12.078857142857142,target,0.8921738471603206,-0.3728936789606107,0.9657539336205616,1,160,55.98381714285722,layers=rsi5 > 90 (short-term overbought) + sma20_dist_pct > 1.0 (close > 1% above 5-min SMA20) + bear_div == 1 (price at 20-bar high while RSI(14) is >5 below its 20-bar max) + time window 13:00-15:00 ET (bar close),152.0,153,False,13:05,15:38
QBTS,exhaustion_short,-1,2026-09-09,2026-09-09 13:50:00-04:00,2026-09-09 13:50:00-04:00,17.6632325,17.944039285714286,17.405960714285715,2026-09-09 15:23:00-04:00,17.405960714285715,target,0.916187922809142,-0.041906038595429,0.9594942633407048,1,113,29.071711785714104,layers=rsi5 > 90 (short-term overbought) + sma20_dist_pct > 1.0 (close > 1% above 5-min SMA20) + bear_div == 1 (price at 20-bar high while RSI(14) is >5 below its 20-bar max) + time window 13:00-15:00 ET (bar close),92.0,93,False,13:50,15:23
FICO,exhaustion_short,-1,2026-09-09,2026-09-09 14:00:00-04:00,2026-09-09 14:00:00-04:00,963.373652,976.9403214285716,948.7596785714286,2026-09-09 14:18:00-04:00,977.0680154607144,stop,-1.0094123346054182,-1.0287232303757563,0.1381069989111752,0,2,-27.388726921428542,layers=rsi5 > 90 (short-term overbought) + sma20_dist_pct > 1.0 (close > 1% above 5-min SMA20) + bear_div == 1 (price at 20-bar high while RSI(14) is >5 below its 20-bar max) + time window 13:00-15:00 ET (bar close),10.0,18,False,14:00,14:18
DIA,intraday_momentum,-1,2026-09-09,2026-09-09 15:30:00-04:00,2026-09-09 15:30:00-04:00,524.6575280000001,525.8484821428572,,2026-09-09 15:55:00-04:00,524.4424379999999,time,0.1806030914709659,-0.1616115961763337,0.3673760258731834,0,3,0.645270000000437,first_30m_ret=-0.7234,21.0,25,False,15:30,15:55
IWM,intraday_momentum,-1,2026-09-09,2026-09-09 15:30:00-04:00,2026-09-09 15:30:00-04:00,290.670929,291.4512589285714,,2026-09-09 15:55:00-04:00,290.6540615,time,0.0216158568092725,-0.1269604001750334,0.4625338421413265,0,6,0.1012049999999362,first_30m_ret=-0.6414,17.0,25,False,15:30,15:55
INTU,heat_fade_short,-1,2026-09-10,2026-09-10 09:50:00-04:00,2026-09-10 09:50:00-04:00,314.06858900000003,317.9154732142857,310.3045267857143,2026-09-10 15:55:00-04:00,312.74127,time,0.3450374188729014,-0.8634029034889185,0.782084625481424,0,6,7.963914000000273,heat_score=-18.24,309.0,365,False,09:50,15:55
USO,heat_fade_short,-1,2026-09-10,2026-09-10 09:50:00-04:00,2026-09-10 09:50:00-04:00,153.52464500000002,154.5878982142857,152.55210178571429,2026-09-10 10:26:00-04:00,152.55210178571429,target,0.914686361836314,-0.6351779528394728,0.9824987932924796,0,13,12.643061785714565,heat_score=-31.49,35.0,36,False,09:50,10:26
VRT,orb20_a,-1,2026-09-10,2026-09-10 09:50:00-04:00,2026-09-10 09:51:00-04:00,247.095287,254.56,235.985,2026-09-10 15:50:00-04:00,248.394836,time,-0.1740922926306727,-0.8017338375902742,0.3115038716156946,0,8,-10.396391999999878,rv20=4.289;or_width=14.86,2.0,359,False,09:51,15:50
ENB,orb20_a,1,2026-09-10,2026-09-10 09:50:00-04:00,2026-09-10 09:52:00-04:00,48.474846,48.285,48.7225,2026-09-10 10:08:00-04:00,48.25017149999999,stop,-1.1834565911317738,-1.1316856820791494,0.6065653213657504,0,41,-9.21165450000025,rv20=9.079;or_width=0.35,2.0,16,False,09:52,10:08
VIAV,orb20_a,-1,2026-09-10,2026-09-10 09:50:00-04:00,2026-09-10 09:52:00-04:00,37.51624700000001,38.21,36.510000000000005,2026-09-10 10:38:00-04:00,38.243821,stop,-1.0487507801768114,-1.0230629633313275,0.4126065040439647,0,53,-38.56142199999984,rv20=4.016;or_width=1.36,25.0,46,False,09:52,10:38
PFGC,orb20_a,-1,2026-09-10,2026-09-10 09:50:00-04:00,2026-09-10 09:53:00-04:00,94.82051599999998,95.4525,93.92125,2026-09-10 10:32:00-04:00,93.92125,target,1.4229252639307215,-0.3947631585609896,1.4407263475024414,1,21,18.884585999999945,rv20=5.742;or_width=1.225,38.0,39,False,09:53,10:32
XHB,orb20_a,-1,2026-09-10,2026-09-10 09:50:00-04:00,2026-09-10 10:00:00-04:00,96.610337,97.565,95.2275,2026-09-10 15:50:00-04:00,96.649663,time,-0.0411935939698264,-0.9633378480154816,0.4088741262623395,0,20,-0.786520000000337,rv20=3.931;or_width=1.87,304.0,350,False,10:00,15:50
COO,orb20_a,1,2026-09-10,2026-09-10 09:50:00-04:00,2026-09-10 10:01:00-04:00,54.125411,52.565,56.4275,2026-09-10 15:50:00-04:00,54.894509,time,0.4928816830950298,-0.3463260640946508,0.8360547317341382,0,36,27.687527999999983,rv20=34.57;or_width=3.09,337.0,349,False,10:01,15:50
PCOR,orb20_a,1,2026-09-10,2026-09-10 09:50:00-04:00,2026-09-10 10:23:00-04:00,53.795378,53.17,54.69500000000001,2026-09-10 13:34:00-04:00,53.134683,stop,-1.056473045102321,-1.0479709871469756,0.6390087275215985,0,37,-24.44571499999989,rv20=4.236;or_width=1.22,69.0,191,False,10:23,13:34
SMTC,heat_fade_short,-1,2026-09-10,2026-09-10 10:25:00-04:00,2026-09-10 10:25:00-04:00,159.944003,162.2522607142857,157.1877392857143,2026-09-10 15:55:00-04:00,159.165914,time,0.3370893099087096,-0.7217551964363532,0.8075367791316226,0,12,9.337068000000272,heat_score=-14.6,282.0,330,False,10:25,15:55
MARA,exhaustion_short,-1,2026-09-10,2026-09-10 13:50:00-04:00,2026-09-10 13:50:00-04:00,11.758823,12.009823214285714,11.530376785714283,2026-09-10 15:07:00-04:00,11.530376785714283,target,0.9101435030078252,-0.1640516527732095,0.9714055451859293,1,170,38.835856428571454,layers=rsi5 > 90 (short-term overbought) + sma20_dist_pct > 1.0 (close > 1% above 5-min SMA20) + bear_div == 1 (price at 20-bar high while RSI(14) is >5 below its 20-bar max) + time window 13:00-15:00 ET (bar close),76.0,77,False,13:50,15:07
SSPC,exhaustion_short,-1,2026-09-10,2026-09-10 14:05:00-04:00,2026-09-10 14:05:00-04:00,9.169082,9.404848214285714,8.955151785714285,2026-09-10 14:27:00-04:00,9.435788699107142,stop,-1.1312337516856132,-1.0506933775498577,0.0,0,218,-58.14206040535717,layers=rsi5 > 90 (short-term overbought) + sma20_dist_pct > 1.0 (close > 1% above 5-min SMA20) + bear_div == 1 (price at 20-bar high while RSI(14) is >5 below its 20-bar max) + time window 13:00-15:00 ET (bar close),0.0,22,False,14:05,14:27
DIA,intraday_momentum,-1,2026-09-10,2026-09-10 15:30:00-04:00,2026-09-10 15:30:00-04:00,520.017992,521.2083035714285,,2026-09-10 15:55:00-04:00,520.702064,time,-0.574699949509006,-0.530960141168326,0.0487200170039682,0,3,-2.052215999999703,first_30m_ret=-0.5925,0.0,25,False,15:30,15:55
IWM,intraday_momentum,-1,2026-09-10,2026-09-10 15:30:00-04:00,2026-09-10 15:30:00-04:00,287.441252,288.23803571428573,,2026-09-10 15:55:00-04:00,287.858782,time,-0.5240192445126022,-0.7138047500253378,0.0768740611810006,0,6,-2.5051799999996547,first_30m_ret=-0.9392,1.0,25,False,15:30,15:55
QQQ,intraday_momentum,-1,2026-09-10,2026-09-10 15:30:00-04:00,2026-09-10 15:30:00-04:00,709.089083,711.0539928571428,,2026-09-10 15:55:00-04:00,708.68086,time,0.2077566044650504,-0.1735026157870225,0.4117659632368384,0,2,0.8164459999998144,first_30m_ret=-1.181,23.0,25,False,15:30,15:55
SPY,intraday_momentum,-1,2026-09-10,2026-09-10 15:30:00-04:00,2026-09-10 15:30:00-04:00,757.5242390000001,758.9784339285715,,2026-09-10 15:55:00-04:00,757.955787,time,-0.2967607653699251,-0.526587588056146,0.0579282724378514,0,2,-0.863095999999814,first_30m_ret=-0.7293,1.0,25,False,15:30,15:55
AMAT,heat_fade_short,-1,2026-09-11,2026-09-11 09:50:00-04:00,2026-09-11 09:50:00-04:00,459.34406,463.6069803571429,455.5730196428571,2026-09-11 10:02:00-04:00,455.5730196428571,target,0.8846143116007918,-0.135104564887067,1.1316326827258147,1,4,15.084161428571631,heat_score=-14.78,11.0,12,False,09:50,10:02
ASML,heat_fade_short,-1,2026-09-11,2026-09-11 09:50:00-04:00,2026-09-11 09:50:00-04:00,1719.71801,1731.5853375,1708.9046625,2026-09-11 10:05:00-04:00,1708.9046625,target,0.9111864065435378,-0.0731580046139219,1.019438454024319,1,1,10.81334750000019,heat_score=-32.74,14.0,15,False,09:50,10:05
CRH,heat_fade_short,-1,2026-09-11,2026-09-11 09:50:00-04:00,2026-09-11 09:50:00-04:00,88.8361145,89.46955,88.19045,2026-09-11 15:55:00-04:00,88.488847,time,0.5482286673228518,-0.5744633826174987,0.5937692156502079,0,22,7.639884999999708,heat_score=-16.23,364.0,365,False,09:50,15:55
EWY,heat_fade_short,-1,2026-09-11,2026-09-11 09:50:00-04:00,2026-09-11 09:50:00-04:00,189.24107300000003,190.52611428571427,188.0538857142857,2026-09-11 10:05:00-04:00,188.0538857142857,target,0.923851473810401,-0.073092593245184,0.9657845345491944,0,10,11.87187285714316,heat_score=-49.35,14.0,15,False,09:50,10:05
KLAC,heat_fade_short,-1,2026-09-11,2026-09-11 09:50:00-04:00,2026-09-11 09:50:00-04:00,179.91200600000002,181.7741071428572,178.14589285714283,2026-09-11 10:02:00-04:00,178.14589285714283,target,0.948451779663968,-0.0418849428771191,0.9837843701600548,1,11,19.427244571428812,heat_score=-18.58,11.0,12,False,09:50,10:02
KORU,heat_fade_short,-1,2026-09-11,2026-09-11 09:50:00-04:00,2026-09-11 09:50:00-04:00,23.317667,23.75499464285714,22.90500535714285,2026-09-11 10:05:00-04:00,22.90500535714285,target,0.9435983514811558,-0.051066975446824,0.977909827986097,1,85,35.07623964285705,heat_score=-23.43,14.0,15,False,09:50,10:05
PLTR,heat_fade_short,-1,2026-09-11,2026-09-11 09:50:00-04:00,2026-09-11 09:50:00-04:00,167.58323900000002,169.58695535714287,165.5330446428571,2026-09-11 10:59:00-04:00,165.5330446428571,target,1.0231958978796332,-0.512428316682546,1.0346968484882333,1,11,22.55213792857174,heat_score=-16.54,68.0,69,False,09:50,10:59
SHOP,heat_fade_short,-1,2026-09-11,2026-09-11 09:50:00-04:00,2026-09-11 09:50:00-04:00,130.50694700000005,131.99961607142856,128.90038392857142,2026-09-11 15:41:00-04:00,128.90038392857142,target,1.0763022442014374,-0.9801589836652675,1.0832588622289625,1,15,24.09844607142915,heat_score=-49.5,350.0,351,False,09:50,15:41
SLV,heat_fade_short,-1,2026-09-11,2026-09-11 09:50:00-04:00,2026-09-11 09:50:00-04:00,58.704128,59.199553571428574,58.25044642857143,2026-09-11 11:01:00-04:00,58.25044642857143,target,0.9157411276135292,-0.5144506353700525,0.9973808953283854,1,34,15.425173428571554,heat_score=-16.5,70.0,71,False,09:50,11:01
ETHA,orb20_a,1,2026-09-11,2026-09-11 09:50:00-04:00,2026-09-11 09:51:00-04:00,58.575856,57.47,60.19499999999999,2026-09-11 10:03:00-04:00,60.19499999999999,target,1.4641544649574671,-0.3398778864517561,1.5048469240118187,1,34,55.05089599999995,rv20=3.422;or_width=2.18,11.0,12,True,09:51,10:03
KR,orb20_a,1,2026-09-11,2026-09-11 09:50:00-04:00,2026-09-11 09:51:00-04:00,59.00589899999999,57.325,61.4875,2026-09-11 15:50:00-04:00,58.48415,time,-0.3103987806524924,-0.7471591095003298,0.2880012421924283,0,33,-17.21771699999976,rv20=4.288;or_width=3.33,29.0,359,False,09:51,15:50
TTE,orb20_a,1,2026-09-11,2026-09-11 09:50:00-04:00,2026-09-11 09:51:00-04:00,91.38903699,91.14495,91.707325,2026-09-11 10:01:00-04:00,91.707325,target,1.303994162081196,-0.4057446486598745,1.683674373631982,1,21,6.684048209999773,rv20=3.69;or_width=0.4499,9.0,10,False,09:51,10:01
LTH,orb20_a,1,2026-09-11,2026-09-11 09:50:00-04:00,2026-09-11 09:53:00-04:00,43.064305,42.27,44.22,2026-09-11 12:10:00-04:00,42.235773,stop,-1.0430905005004392,-1.0377688671228231,0.1834245031820311,0,46,-38.112472000000125,rv20=3.438;or_width=1.56,4.0,137,False,09:53,12:10
CLX,orb20_a,-1,2026-09-11,2026-09-11 09:50:00-04:00,2026-09-11 09:54:00-04:00,86.231375,87.98785,83.643225,2026-09-11 14:24:00-04:00,88.02664878499999,stop,-1.0220890049673337,-1.0154570944647696,0.2911370785237493,0,23,-41.291297054999816,rv20=4.364;or_width=3.476,7.0,270,False,09:54,14:24
GLD,heat_fade_short,-1,2026-09-11,2026-09-11 09:55:00-04:00,2026-09-11 09:55:00-04:00,402.419753,404.44462321428574,400.4153767857143,2026-09-11 10:37:00-04:00,400.4153767857143,target,0.9898788574915088,-0.6075683228092388,0.997472818628282,1,4,8.017504857142967,heat_score=-35.18,41.0,42,False,09:55,10:37
NVDA,heat_fade_short,-1,2026-09-11,2026-09-11 09:55:00-04:00,2026-09-11 09:55:00-04:00,221.107886,223.08660714285716,219.2333928571429,2026-09-11 12:20:00-04:00,219.2333928571429,target,0.9473255742092692,-0.4508538270894737,0.9945241688571342,1,9,16.87043828571433,heat_score=-44.96,144.0,145,False,09:55,12:20
PANW,heat_fade_short,-1,2026-09-11,2026-09-11 09:55:00-04:00,2026-09-11 09:55:00-04:00,338.5811375,343.3906482142857,333.5993517857143,2026-09-11 10:16:00-04:00,333.5993517857143,target,1.0358196519842038,-0.5320421664514404,1.3579629796021782,1,5,24.90892857142853,heat_score=-23.31,20.0,21,False,09:55,10:16
XLI,heat_fade_short,-1,2026-09-11,2026-09-11 09:55:00-04:00,2026-09-11 09:55:00-04:00,172.392758,172.94714285714284,171.82285714285717,2026-09-11 15:55:00-04:00,172.43724099999997,time,-0.0802384831166543,-0.9420206798062636,0.9429514411597312,0,11,-0.4893129999998393,heat_score=-13.85,52.0,360,False,09:55,15:55
AVGO,heat_fade_short,-1,2026-09-11,2026-09-11 10:00:00-04:00,2026-09-11 10:00:00-04:00,364.763519,367.59825,362.21175,2026-09-11 15:51:00-04:00,362.21175,target,0.9001802992947507,-0.6055181250002332,1.1018749221707924,1,5,12.75884500000018,heat_score=-12.01,350.0,351,False,10:00,15:51
OHI,orb20_a,-1,2026-09-11,2026-09-11 09:50:00-04:00,2026-09-11 10:00:00-04:00,47.3102675,47.5825,46.93875,2026-09-11 14:28:00-04:00,46.93875,target,1.3647066386269142,-0.3663504541154866,1.5805148172977048,1,42,15.603735000000128,rv20=5.942;or_width=0.515,267.0,268,False,10:00,14:28
SWKS,orb20_a,1,2026-09-11,2026-09-11 09:50:00-04:00,2026-09-11 10:00:00-04:00,90.739072,87.34,95.79,2026-09-11 15:50:00-04:00,88.371161,time,-0.6966345520189051,-0.8396621195432162,0.4592218111296224,0,22,-52.094042000000144,rv20=7.459;or_width=6.76,82.0,350,True,10:00,15:50
AXP,heat_fade_short,-1,2026-09-11,2026-09-11 10:05:00-04:00,2026-09-11 10:05:00-04:00,324.9125045,326.21825892857146,323.6017410714286,2026-09-11 10:15:00-04:00,323.6017410714286,target,1.0038360965051083,-0.3810023455515258,1.1162163942224583,1,6,7.864580571428519,heat_score=-12.51,9.0,10,False,10:05,10:15
FNF,orb20_a,-1,2026-09-11,2026-09-11 09:50:00-04:00,2026-09-11 10:06:00-04:00,44.15558300000001,44.44,43.765,2026-09-11 10:49:00-04:00,44.474444,stop,-1.1211038721314188,-1.1406385694244734,0.1954278401080369,0,45,-14.348744999999605,rv20=3.398;or_width=0.54,0.0,43,False,10:06,10:49
SPCX,heat_fade_short,-1,2026-09-11,2026-09-11 10:10:00-04:00,2026-09-11 10:10:00-04:00,149.18507900000003,150.73460535714284,147.66539464285714,2026-09-11 10:23:00-04:00,147.66539464285714,target,0.9807412117500584,-0.2161441129775584,1.0874800497793191,1,13,19.755896642857607,heat_score=-15.4,12.0,13,False,10:10,10:23
SMH,heat_fade_short,-1,2026-09-11,2026-09-11 10:15:00-04:00,2026-09-11 10:15:00-04:00,568.4531479999999,571.9357785714286,565.0242214285714,2026-09-11 11:27:00-04:00,572.0229721492857,stop,-1.0250367002955785,-1.0313617612695969,0.4287414267392061,0,3,-10.709472447857252,heat_score=-12.66,33.0,72,False,10:15,11:27
USFD,orb20_a,-1,2026-09-11,2026-09-11 09:50:00-04:00,2026-09-11 10:15:00-04:00,94.810517,95.94,93.165,2026-09-11 11:47:00-04:00,96.029599,stop,-1.0793274445033632,-1.1062432989252635,0.8149896899731854,0,21,-25.600722000000005,rv20=4.348;or_width=2.22,50.0,92,True,10:15,11:47
ORCL,orb20_a,-1,2026-09-11,2026-09-11 09:50:00-04:00,2026-09-11 10:17:00-04:00,154.314566,160.16500000000002,145.6025,2026-09-11 15:50:00-04:00,150.375035,time,0.6733741462599205,-0.1841289039411391,0.6861996904845004,0,12,47.2743720000002,rv20=5.478;or_width=11.65,332.0,333,False,10:17,15:50
NBIS,heat_fade_short,-1,2026-09-11,2026-09-11 10:20:00-04:00,2026-09-11 10:20:00-04:00,231.126884,234.5768089285714,227.70319107142856,2026-09-11 10:48:00-04:00,227.70319107142856,target,0.992396356285121,-0.5139578503043636,1.080279738592257,1,8,27.38954342857164,heat_score=-16.45,27.0,28,False,10:20,10:48
ADBE,orb20_a,1,2026-09-11,2026-09-11 09:50:00-04:00,2026-09-11 10:47:00-04:00,249.81487799,245.64995,255.974825,2026-09-11 15:50:00-04:00,254.8695095,time,1.2136179838249836,-0.6134747097992385,1.3169788344888125,1,8,40.437052080000285,rv20=3.486;or_width=8.26,301.0,303,False,10:47,15:50
PANW,heat_fade_long,1,2026-09-11,2026-09-11 11:05:00-04:00,2026-09-11 11:05:00-04:00,329.382934,324.3843517857143,334.1756482142857,2026-09-11 15:55:00-04:00,330.796916,time,0.2828766116837972,-0.4661189713637483,0.2828766116837972,0,6,8.483892000000196,heat_score=57.86,289.0,290,False,11:05,15:55
STX,heat_fade_long,1,2026-09-11,2026-09-11 11:05:00-04:00,2026-09-11 11:05:00-04:00,821.932184,810.5028107142857,832.4271892857143,2026-09-11 11:27:00-04:00,832.4271892857143,target,0.9182485358871052,-0.3716025274376738,0.9491173075569052,1,2,20.990010571428684,heat_score=58.25,21.0,22,False,11:05,11:27
UNH,heat_fade_long,1,2026-09-11,2026-09-11 12:15:00-04:00,2026-09-11 12:15:00-04:00,377.34773,374.9426892857143,379.7773107142857,2026-09-11 12:55:00-04:00,379.7773107142857,target,1.0102035694673428,-0.1903211023751732,1.2649557165203935,1,5,12.147903571428458,heat_score=67.09,39.0,40,False,12:15,12:55
LITE,heat_fade_long,1,2026-09-11,2026-09-11 12:40:00-04:00,2026-09-11 12:40:00-04:00,924.642454,910.2623464285714,940.7376535714286,2026-09-11 15:55:00-04:00,930.8969,time,0.4349373583565494,-0.0391133374493953,0.9047669452661522,0,2,12.508892000000287,heat_score=58.89,73.0,195,False,12:40,15:55
NBIS,heat_fade_long,1,2026-09-11,2026-09-11 13:00:00-04:00,2026-09-11 13:00:00-04:00,226.1176085,222.63819107142857,229.5118089285714,2026-09-11 15:55:00-04:00,224.257571,time,-0.5345830266659521,-0.7120756709600253,0.6186068628401821,0,8,-14.880299999999806,heat_score=63.45,46.0,175,False,13:00,15:55
ON,exhaustion_short,-1,2026-09-11,2026-09-11 13:00:00-04:00,2026-09-11 13:00:00-04:00,75.12748549999999,75.74104642857142,74.53895357142858,2026-09-11 15:49:00-04:00,75.77862053321428,stop,-1.0612394024670735,-1.112382598398379,0.4848507884826308,0,26,-16.929510863571494,layers=rsi5 > 90 (short-term overbought) + sma20_dist_pct > 1.0 (close > 1% above 5-min SMA20) + bear_div == 1 (price at 20-bar high while RSI(14) is >5 below its 20-bar max) + time window 13:00-15:00 ET (bar close),11.0,169,False,13:00,15:49
SPCH,exhaustion_short,-1,2026-09-11,2026-09-11 13:15:00-04:00,2026-09-11 13:15:00-04:00,10.068992,10.275598214285717,9.881401785714283,2026-09-11 15:41:00-04:00,10.306625774107143,stop,-1.1501772825599537,-1.2628274560957375,0.6243374646109022,0,198,-47.051487273214406,layers=rsi5 > 90 (short-term overbought) + sma20_dist_pct > 1.0 (close > 1% above 5-min SMA20) + bear_div == 1 (price at 20-bar high while RSI(14) is >5 below its 20-bar max) + time window 13:00-15:00 ET (bar close),47.0,146,False,13:15,15:41
ARM,exhaustion_short,-1,2026-09-11,2026-09-11 13:40:00-04:00,2026-09-11 13:40:00-04:00,266.053391,269.3016071428572,262.81839285714284,2026-09-11 15:55:00-04:00,264.156412,time,0.5840063950705482,-0.4761410361810534,0.9954359124500364,0,7,13.278852999999913,layers=rsi5 > 90 (short-term overbought) + sma20_dist_pct > 1.0 (close > 1% above 5-min SMA20) + bear_div == 1 (price at 20-bar high while RSI(14) is >5 below its 20-bar max) + time window 13:00-15:00 ET (bar close),127.0,135,False,13:40,15:55
DIA,intraday_momentum,1,2026-09-11,2026-09-11 15:30:00-04:00,2026-09-11 15:30:00-04:00,526.2026139999999,525.0327678571429,,2026-09-11 15:55:00-04:00,525.907403,time,-0.2523502785408166,-0.3014191243463249,0.0063136507695549,0,3,-0.8856329999996433,first_30m_ret=1.169,0.0,25,False,15:30,15:55
IWM,intraday_momentum,1,2026-09-11,2026-09-11 15:30:00-04:00,2026-09-11 15:30:00-04:00,289.1339095,288.3382142857143,,2026-09-11 15:55:00-04:00,288.89110700000003,time,-0.30514510536291,-0.3316715939242069,0.1710334529561427,0,6,-1.4568149999998925,first_30m_ret=0.9001,4.0,25,False,15:30,15:55
QQQ,intraday_momentum,1,2026-09-11,2026-09-11 15:30:00-04:00,2026-09-11 15:30:00-04:00,715.701562,713.6985964285715,,2026-09-11 15:55:00-04:00,715.368455,time,-0.1663069025007551,-0.4600987721135656,0.1015683958336418,0,2,-0.6662139999998544,first_30m_ret=1.162,15.0,25,False,15:30,15:55
SPY,intraday_momentum,1,2026-09-11,2026-09-11 15:30:00-04:00,2026-09-11 15:30:00-04:00,765.1115024999999,763.6801375,,2026-09-11 15:55:00-04:00,764.573534,time,-0.3758429890349087,-0.4831070341946305,0.0129229791143988,0,2,-1.0759369999998398,first_30m_ret=1.119,0.0,25,False,15:30,15:55
ACN,heat_fade_short,-1,2026-09-14,2026-09-14 09:50:00-04:00,2026-09-14 09:50:00-04:00,189.611036,191.26953214285717,188.33026785714287,2026-09-14 10:13:00-04:00,188.33026785714287,target,0.7722466816538267,-0.6746859224359242,0.796526422861731,1,10,12.80768142857113,heat_score=-15.6,22.0,23,False,09:50,10:13
ADBE,heat_fade_short,-1,2026-09-14,2026-09-14 09:50:00-04:00,2026-09-14 09:50:00-04:00,261.21387500000003,263.83368750000005,258.6063125,2026-09-14 09:57:00-04:00,258.6063125,target,0.9953240928501584,-0.5386358756590243,1.1275138965097742,1,7,18.2529375000002,heat_score=-26.84,6.0,7,False,09:50,09:57
FTNT,heat_fade_short,-1,2026-09-14,2026-09-14 09:50:00-04:00,2026-09-14 09:50:00-04:00,161.9288045,163.7520910714286,160.22790892857142,2026-09-14 10:01:00-04:00,163.806376,stop,-1.029773119279254,-1.0043377320358364,0.0,0,12,-22.530857999999853,heat_score=-55.26,1.0,11,False,09:50,10:01
MDT,heat_fade_short,-1,2026-09-14,2026-09-14 09:50:00-04:00,2026-09-14 09:50:00-04:00,93.320666,93.88535714285716,92.74464285714284,2026-09-14 15:46:00-04:00,93.92474567857144,stop,-1.0697523526134805,-1.0259307363469032,0.9751631612527626,0,21,-12.685673249999894,heat_score=-31.79,71.0,356,False,09:50,15:46
SOXS,heat_fade_short,-1,2026-09-14,2026-09-14 09:50:00-04:00,2026-09-14 09:50:00-04:00,50.454953,51.444325,49.495675,2026-09-14 10:37:00-04:00,51.4794694325,stop,-1.0355219598897054,-1.051219359351183,0.2475843262190596,0,39,-39.95614086749974,heat_score=-31.58,22.0,47,False,09:50,10:37
XOP,heat_fade_short,-1,2026-09-14,2026-09-14 09:50:00-04:00,2026-09-14 09:50:00-04:00,198.6451325,199.7977125,197.6622875,2026-09-14 11:06:00-04:00,197.6622875,target,0.8527347342484252,-0.5855276857137837,1.1497097815336512,1,10,9.82845000000026,heat_score=-32.29,75.0,76,False,09:50,11:06
TENB,orb20_a,1,2026-09-14,2026-09-14 09:50:00-04:00,2026-09-14 09:51:00-04:00,32.223220999999995,31.5575,33.188750000000006,2026-09-14 10:13:00-04:00,33.188750000000006,target,1.4503508226419386,-0.3202858254433883,1.5423563324576033,1,62,59.862798000000666,rv20=3.361;or_width=1.305,21.0,22,False,09:51,10:13
DLR,orb20_a,-1,2026-09-14,2026-09-14 09:50:00-04:00,2026-09-14 09:52:00-04:00,179.67203,182.91000000000005,174.88500000000002,2026-09-14 10:17:00-04:00,182.95829100000003,stop,-1.0149139738786974,-1.0370602568893397,0.1457796088289932,0,11,-36.14887100000027,rv20=3.261;or_width=6.42,3.0,25,True,09:52,10:17
ETR,orb20_a,-1,2026-09-14,2026-09-14 09:50:00-04:00,2026-09-14 09:53:00-04:00,104.469551,105.03,103.68,2026-09-14 09:58:00-04:00,103.68,target,1.408782957949778,-0.3219722044289637,1.4533900497636474,1,19,15.001469000000055,rv20=3.856;or_width=1.08,4.0,5,False,09:53,09:58
AAPL,heat_fade_short,-1,2026-09-14,2026-09-14 09:55:00-04:00,2026-09-14 09:55:00-04:00,334.066589,336.06856785714285,332.1514321428572,2026-09-14 10:57:00-04:00,332.1514321428572,target,0.9566319096277102,-0.506204646659593,0.9723324464965308,0,5,9.575784285714237,heat_score=-11.88,61.0,62,False,09:55,10:57
FLS,orb20_a,1,2026-09-14,2026-09-14 09:50:00-04:00,2026-09-14 09:55:00-04:00,70.90828912000002,69.63060000000002,72.78210000000001,2026-09-14 15:50:00-04:00,71.61283699999998,time,0.5514235575551911,-0.2178065975861357,0.8164825571966764,0,28,19.727340639999,rv20=3.27;or_width=2.521,32.0,355,True,09:55,15:50
RDDT,heat_fade_short,-1,2026-09-14,2026-09-14 09:55:00-04:00,2026-09-14 09:55:00-04:00,159.66403100000002,161.49917857142856,157.76082142857143,2026-09-14 11:09:00-04:00,161.5453284892857,stop,-1.0251477965999354,-1.0004476090011674,0.7977729000073749,0,12,-22.57556987142823,heat_score=-12.41,20.0,74,False,09:55,11:09
SNDQ,heat_fade_short,-1,2026-09-14,2026-09-14 09:55:00-04:00,2026-09-14 09:55:00-04:00,14.918507,15.398296428571427,14.43170357142857,2026-09-14 10:08:00-04:00,14.43170357142857,target,1.014618913177987,-0.0445883104671509,1.0390120546930437,1,134,65.2316594285715,heat_score=-19.25,12.0,13,False,09:55,10:08
ENB,orb20_a,1,2026-09-14,2026-09-14 09:50:00-04:00,2026-09-14 10:02:00-04:00,48.244823,47.97,48.61999999999999,2026-09-14 12:13:00-04:00,48.61999999999999,target,1.3651586657594037,-0.5087747386499708,1.4197392503538802,1,41,15.38225699999974,rv20=3.758;or_width=0.52,130.0,131,True,10:02,12:13
CRM,heat_fade_short,-1,2026-09-14,2026-09-14 10:05:00-04:00,2026-09-14 10:05:00-04:00,254.054591,256.92994642857144,250.99005357142855,2026-09-14 11:50:00-04:00,256.98563942321425,stop,-1.0193690818496417,-1.027841278553978,0.6658623768649237,0,7,-20.51733896249965,heat_score=-12.34,10.0,105,False,10:05,11:50
VRT,orb20_a,1,2026-09-14,2026-09-14 09:50:00-04:00,2026-09-14 10:09:00-04:00,238.0338,232.475,246.2875,2026-09-14 15:50:00-04:00,239.046092,time,0.1821062099733813,-0.8012160898035511,0.5875728574512542,0,8,8.098336000000245,rv20=3.61;or_width=11.05,292.0,341,False,10:09,15:50
TEAM,heat_fade_short,-1,2026-09-14,2026-09-14 10:10:00-04:00,2026-09-14 10:10:00-04:00,184.631534,187.01762678571427,182.30237321428567,2026-09-14 10:25:00-04:00,182.30237321428567,target,0.9761400728668987,-0.0119299635665506,1.0106622904348406,1,10,23.29160785714293,heat_score=-12.8,14.0,15,False,10:10,10:25
SOXQ,orb20_a,1,2026-09-14,2026-09-14 09:50:00-04:00,2026-09-14 10:12:00-04:00,88.83888200000001,88.155,89.81750000000001,2026-09-14 10:36:00-04:00,88.1161845,stop,-1.0567575985330768,-1.0804232309082649,0.0455020018073171,0,22,-15.89934500000021,rv20=3.27;or_width=1.33,0.0,24,True,10:12,10:36
HCA,heat_fade_long,1,2026-09-14,2026-09-14 11:05:00-04:00,2026-09-14 11:05:00-04:00,422.732268,419.66348392857145,425.81651607142857,2026-09-14 15:32:00-04:00,425.81651607142857,target,1.005039129388099,-0.89034221255199,1.032243366189468,1,4,12.33699228571436,heat_score=61.03,266.0,267,False,11:05,15:32
DINO,heat_fade_long,1,2026-09-14,2026-09-14 11:10:00-04:00,2026-09-14 11:10:00-04:00,105.910589,104.84071964285714,106.78928035714286,2026-09-14 11:13:00-04:00,106.78928035714286,target,0.8213071542580136,-0.168795375616953,1.027612383381119,1,18,15.8164444285714,heat_score=78.79,2.0,3,False,11:10,11:13
PATH,exhaustion_short,-1,2026-09-14,2026-09-14 13:00:00-04:00,2026-09-14 13:00:00-04:00,14.858513,15.126580357142856,14.613419642857142,2026-09-14 14:53:00-04:00,14.613419642857142,target,0.9142976591970698,-0.3039795701666648,0.9270543144407009,1,134,32.842509857143,layers=rsi5 > 90 (short-term overbought) + sma20_dist_pct > 1.0 (close > 1% above 5-min SMA20) + bear_div == 1 (price at 20-bar high while RSI(14) is >5 below its 20-bar max) + time window 13:00-15:00 ET (bar close),112.0,113,False,13:00,14:53
SWKS,exhaustion_short,-1,2026-09-14,2026-09-14 13:00:00-04:00,2026-09-14 13:00:00-04:00,81.8068175,82.83944464285713,80.83055535714286,2026-09-14 13:08:00-04:00,80.83055535714286,target,0.9454159224944976,-0.0418180950391448,1.004057957581152,1,24,23.43029142857131,layers=rsi5 > 90 (short-term overbought) + sma20_dist_pct > 1.0 (close > 1% above 5-min SMA20) + bear_div == 1 (price at 20-bar high while RSI(14) is >5 below its 20-bar max) + time window 13:00-15:00 ET (bar close),7.0,8,False,13:00,13:08
DOCU,exhaustion_short,-1,2026-09-14,2026-09-14 13:05:00-04:00,2026-09-14 13:05:00-04:00,69.513047,70.23887321428572,68.88112678571429,2026-09-14 14:45:00-04:00,68.88112678571429,target,0.8706219227802119,-0.4229015072183139,0.9203952500632998,1,28,17.693765999999982,layers=rsi5 > 90 (short-term overbought) + sma20_dist_pct > 1.0 (close > 1% above 5-min SMA20) + bear_div == 1 (price at 20-bar high while RSI(14) is >5 below its 20-bar max) + time window 13:00-15:00 ET (bar close),99.0,100,False,13:05,14:45
IONS,heat_fade_long,1,2026-09-14,2026-09-14 13:05:00-04:00,2026-09-14 13:05:00-04:00,52.8902875,52.35710892857143,53.38289107142857,2026-09-14 13:39:00-04:00,52.32187321767857,stop,-1.0660861347042645,-1.2008875343291567,0.0,0,37,-21.03132844589281,heat_score=58.81,0.0,34,False,13:05,13:39
IOT,exhaustion_short,-1,2026-09-14,2026-09-14 13:05:00-04:00,2026-09-14 13:05:00-04:00,42.215777,42.83185892857143,41.628141071428566,2026-09-14 15:42:00-04:00,42.86614211446429,stop,-1.0556471214345735,-1.013214267536548,0.2853143256572976,0,47,-30.56716037982144,layers=rsi5 > 90 (short-term overbought) + sma20_dist_pct > 1.0 (close > 1% above 5-min SMA20) + bear_div == 1 (price at 20-bar high while RSI(14) is >5 below its 20-bar max) + time window 13:00-15:00 ET (bar close),102.0,157,False,13:05,15:42
IOVA,exhaustion_short,-1,2026-09-14,2026-09-14 13:05:00-04:00,2026-09-14 13:05:00-04:00,9.31746716,9.435303571428571,9.22449642857143,2026-09-14 14:23:00-04:00,9.22449642857143,target,0.7889813539079908,-0.7852652578111672,0.9120029937872388,1,214,19.89573652571444,layers=rsi5 > 90 (short-term overbought) + sma20_dist_pct > 1.0 (close > 1% above 5-min SMA20) + bear_div == 1 (price at 20-bar high while RSI(14) is >5 below its 20-bar max) + time window 13:00-15:00 ET (bar close),77.0,78,False,13:05,14:23
TEAM,exhaustion_short,-1,2026-09-14,2026-09-14 13:05:00-04:00,2026-09-14 13:05:00-04:00,189.391058,191.9676267857143,187.2523732142857,2026-09-14 13:47:00-04:00,192.0168235483929,stop,-1.0190939061869204,-1.0940682102606964,0.0,0,10,-26.25765548392877,layers=rsi5 > 90 (short-term overbought) + sma20_dist_pct > 1.0 (close > 1% above 5-min SMA20) + bear_div == 1 (price at 20-bar high while RSI(14) is >5 below its 20-bar max) + time window 13:00-15:00 ET (bar close),0.0,42,False,13:05,13:47
SNDQ,heat_fade_long,1,2026-09-14,2026-09-14 13:10:00-04:00,2026-09-14 13:10:00-04:00,14.261425,13.766703571428572,14.733296428571428,2026-09-14 15:55:00-04:00,14.48855,time,0.4590967499747361,-0.5082153015405494,0.5226678794704112,0,140,31.797500000000127,heat_score=68.55,164.0,165,False,13:10,15:55
SPCH,exhaustion_short,-1,2026-09-14,2026-09-14 13:15:00-04:00,2026-09-14 13:15:00-04:00,10.3739615,10.582364285714286,10.187635714285712,2026-09-14 14:42:00-04:00,10.187635714285712,target,0.8940657154637733,-0.2204313144977841,0.9307049295680516,1,192,35.774550857143026,layers=rsi5 > 90 (short-term overbought) + sma20_dist_pct > 1.0 (close > 1% above 5-min SMA20) + bear_div == 1 (price at 20-bar high while RSI(14) is >5 below its 20-bar max) + time window 13:00-15:00 ET (bar close),86.0,87,False,13:15,14:42
PURR,exhaustion_short,-1,2026-09-14,2026-09-14 13:25:00-04:00,2026-09-14 13:25:00-04:00,11.8138175,12.1663375,11.4836625,2026-09-14 14:24:00-04:00,12.197554133749998,stop,-1.0885528019686794,-1.0671238511290149,0.0675635424940423,0,169,-64.85149110374984,layers=rsi5 > 90 (short-term overbought) + sma20_dist_pct > 1.0 (close > 1% above 5-min SMA20) + bear_div == 1 (price at 20-bar high while RSI(14) is >5 below its 20-bar max) + time window 13:00-15:00 ET (bar close),14.0,59,False,13:25,14:24
COIN,exhaustion_short,-1,2026-09-14,2026-09-14 13:30:00-04:00,2026-09-14 13:30:00-04:00,192.920705,195.73076964285715,190.06923035714289,2026-09-14 14:15:00-04:00,190.06923035714289,target,1.0147363158015756,-0.049570034039635,1.1034283527539557,1,10,28.514746428571414,layers=rsi5 > 90 (short-term overbought) + sma20_dist_pct > 1.0 (close > 1% above 5-min SMA20) + bear_div == 1 (price at 20-bar high while RSI(14) is >5 below its 20-bar max) + time window 13:00-15:00 ET (bar close),44.0,45,False,13:30,14:15
CONL,exhaustion_short,-1,2026-09-14,2026-09-14 13:30:00-04:00,2026-09-14 13:30:00-04:00,6.3743615,6.570505357142856,6.209494642857143,2026-09-14 14:15:00-04:00,6.209494642857143,target,0.8405405070768057,-0.0797297464615971,0.9399300222067346,1,313,51.60332628571427,layers=rsi5 > 90 (short-term overbought) + sma20_dist_pct > 1.0 (close > 1% above 5-min SMA20) + bear_div == 1 (price at 20-bar high while RSI(14) is >5 below its 20-bar max) + time window 13:00-15:00 ET (bar close),44.0,45,False,13:30,14:15
CRCL,exhaustion_short,-1,2026-09-14,2026-09-14 13:30:00-04:00,2026-09-14 13:30:00-04:00,96.200378,97.9369,94.4431,2026-09-14 14:41:00-04:00,94.4431,target,1.011952627147831,-0.5137406839648468,1.0367723530136683,1,20,35.14555999999999,layers=rsi5 > 90 (short-term overbought) + sma20_dist_pct > 1.0 (close > 1% above 5-min SMA20) + bear_div == 1 (price at 20-bar high while RSI(14) is >5 below its 20-bar max) + time window 13:00-15:00 ET (bar close),70.0,71,False,13:30,14:41
MARA,exhaustion_short,-1,2026-09-14,2026-09-14 13:35:00-04:00,2026-09-14 13:35:00-04:00,11.7938195,12.0210625,11.5889375,2026-09-14 14:41:00-04:00,11.5889375,target,0.9015987291137676,-0.6432783408069778,0.9409288734966532,1,169,34.625057999999925,layers=rsi5 > 90 (short-term overbought) + sma20_dist_pct > 1.0 (close > 1% above 5-min SMA20) + bear_div == 1 (price at 20-bar high while RSI(14) is >5 below its 20-bar max) + time window 13:00-15:00 ET (bar close),65.0,66,False,13:35,14:41
NBIS,exhaustion_short,-1,2026-09-14,2026-09-14 13:35:00-04:00,2026-09-14 13:35:00-04:00,216.888308,220.40734464285717,213.5926553571429,2026-09-14 14:59:00-04:00,213.5926553571429,target,0.9365212634391208,-0.691010707414993,0.9855845084875416,1,9,29.660873785714216,layers=rsi5 > 90 (short-term overbought) + sma20_dist_pct > 1.0 (close > 1% above 5-min SMA20) + bear_div == 1 (price at 20-bar high while RSI(14) is >5 below its 20-bar max) + time window 13:00-15:00 ET (bar close),83.0,84,False,13:35,14:59
FPS,exhaustion_short,-1,2026-09-14,2026-09-14 13:40:00-04:00,2026-09-14 13:40:00-04:00,29.3020685,29.74714107142857,28.88285892857143,2026-09-14 15:22:00-04:00,28.88285892857143,target,0.9418903755021628,-0.5795268379988062,0.9820162554549736,1,68,28.506250857142803,layers=rsi5 > 90 (short-term overbought) + sma20_dist_pct > 1.0 (close > 1% above 5-min SMA20) + bear_div == 1 (price at 20-bar high while RSI(14) is >5 below its 20-bar max) + time window 13:00-15:00 ET (bar close),101.0,102,False,13:40,15:22
BMNR,exhaustion_short,-1,2026-09-14,2026-09-14 14:00:00-04:00,2026-09-14 14:00:00-04:00,25.8924095,26.368042857142857,25.43195714285714,2026-09-14 15:55:00-04:00,25.8775865,time,0.0311647612123799,-0.1631309050023061,0.8040005904908393,0,77,1.1413709999999853,layers=rsi5 > 90 (short-term overbought) + sma20_dist_pct > 1.0 (close > 1% above 5-min SMA20) + bear_div == 1 (price at 20-bar high while RSI(14) is >5 below its 20-bar max) + time window 13:00-15:00 ET (bar close),68.0,115,False,14:00,15:55
DIA,intraday_momentum,-1,2026-09-14,2026-09-14 15:30:00-04:00,2026-09-14 15:30:00-04:00,524.747519,525.9785714285714,,2026-09-14 15:55:00-04:00,524.652459,time,0.0772184821651379,-0.2375861443524146,0.1279547453415749,0,3,0.2851799999999684,first_30m_ret=-0.2606,24.0,25,False,15:30,15:55
IWM,intraday_momentum,-1,2026-09-14,2026-09-14 15:30:00-04:00,2026-09-14 15:30:00-04:00,288.311165,289.11053571428573,,2026-09-14 15:55:00-04:00,288.128809,time,0.228124444317394,-0.1736803682181792,0.3016935643126717,0,6,1.0941360000001623,first_30m_ret=-0.2769,23.0,25,False,15:30,15:55
QQQ,intraday_momentum,-1,2026-09-14,2026-09-14 15:30:00-04:00,2026-09-14 15:30:00-04:00,710.948897,712.9865142857143,,2026-09-14 15:55:00-04:00,710.291021,time,0.3228653411081381,-0.1134182565196224,0.4313356615895771,0,2,1.315751999999975,first_30m_ret=-1.268,23.0,25,False,15:30,15:55
SPY,intraday_momentum,-1,2026-09-14,2026-09-14 15:30:00-04:00,2026-09-14 15:30:00-04:00,761.6388275,763.1241482142857,,2026-09-14 15:55:00-04:00,761.336125,time,0.2037960536661547,-0.1960334203915947,0.3526696254633252,0,2,0.6054050000000188,first_30m_ret=-0.5496,23.0,25,False,15:30,15:55
CRDO,heat_fade_short,-1,2026-09-15,2026-09-15 09:50:00-04:00,2026-09-15 09:50:00-04:00,153.08968850000002,156.54041785714287,149.68958214285715,2026-09-15 15:55:00-04:00,150.52505,time,0.7432163564758703,-0.4782500535963272,0.9823107375788652,0,13,33.34030050000038,heat_score=-19.91,141.0,365,False,09:50,15:55
MU,heat_fade_short,-1,2026-09-15,2026-09-15 09:50:00-04:00,2026-09-15 09:50:00-04:00,936.476342,947.4246910714286,925.6153089285714,2026-09-15 11:58:00-04:00,925.6153089285714,target,0.9920247336442954,-0.7730533567008083,1.0025476835264893,1,2,21.72206614285733,heat_score=-18.41,127.0,128,False,09:50,11:58
FPS,orb20_a,1,2026-09-15,2026-09-15 09:50:00-04:00,2026-09-15 09:51:00-04:00,31.913190000000004,30.705,33.6925,2026-09-15 15:50:00-04:00,31.616837,time,-0.2452867512560164,-0.5489120088727789,0.9715442107615504,0,62,-18.373886000000432,rv20=13.56;or_width=2.39,7.0,359,False,09:51,15:50
PBF,orb20_a,1,2026-09-15,2026-09-15 09:50:00-04:00,2026-09-15 09:51:00-04:00,72.80727900000001,70.915,75.6025,2026-09-15 13:27:00-04:00,75.6025,target,1.4771717067092087,-0.4266173222870451,1.4864198144142555,1,27,75.47096699999994,rv20=7.604;or_width=3.75,215.0,216,True,09:51,13:27
FITB,orb20_a,1,2026-09-15,2026-09-15 09:50:00-04:00,2026-09-15 09:55:00-04:00,55.31553,54.91,55.885,2026-09-15 11:04:00-04:00,54.874509,stop,-1.0875175696002777,-1.0,0.4055680220945477,0,36,-15.876755999999972,rv20=4.356;or_width=0.78,5.0,69,False,09:55,11:04
GEV,heat_fade_short,-1,2026-09-15,2026-09-15 09:55:00-04:00,2026-09-15 09:55:00-04:00,887.40125,897.1843017857143,877.4756982142858,2026-09-15 11:03:00-04:00,877.4756982142858,target,1.0145660069190283,-0.7552602359510543,1.0529689738576655,1,2,19.85110357142844,heat_score=-13.89,67.0,68,False,09:55,11:03
SYY,orb20_a,-1,2026-09-15,2026-09-15 09:50:00-04:00,2026-09-15 10:02:00-04:00,81.501848,81.8125,81.08125,2026-09-15 10:18:00-04:00,81.08125,target,1.353920142152608,-0.4930018155363669,1.7442282682873236,1,24,10.094351999999958,rv20=15.9;or_width=0.585,15.0,16,False,10:02,10:18
ON,heat_fade_short,-1,2026-09-15,2026-09-15 10:05:00-04:00,2026-09-15 10:05:00-04:00,73.102688,73.81551250000001,72.4244875,2026-09-15 10:41:00-04:00,72.4244875,target,0.9514270342840244,-0.2768030560116742,1.0348802545366982,1,27,18.31141350000007,heat_score=-21.9,35.0,36,False,10:05,10:41
LRCX,heat_fade_long,1,2026-09-15,2026-09-15 11:05:00-04:00,2026-09-15 11:05:00-04:00,267.166713,263.86965714285714,270.4303428571428,2026-09-15 15:55:00-04:00,269.58303800000004,time,0.7328735407273431,-0.5449446651343535,0.8881520747233189,0,7,16.9142750000006,heat_score=63.67,282.0,290,False,11:05,15:55
JPM,heat_fade_long,1,2026-09-15,2026-09-15 11:10:00-04:00,2026-09-15 11:10:00-04:00,345.25452099999995,343.86560535714284,346.7443946428572,2026-09-15 11:51:00-04:00,343.80121879660715,stop,-1.046357430609138,-1.05443480857289,0.3567380082067508,0,5,-7.266511016964046,heat_score=59.14,14.0,41,False,11:10,11:51
AMAT,heat_fade_long,1,2026-09-15,2026-09-15 11:15:00-04:00,2026-09-15 11:15:00-04:00,418.5368485,414.4475910714285,422.8144089285714,2026-09-15 15:55:00-04:00,420.237971,time,0.4159978993042386,-0.4345161758673468,0.6540188644798136,0,4,6.804489999999987,heat_score=63.58,272.0,280,False,11:15,15:55
AMKR,heat_fade_long,1,2026-09-15,2026-09-15 11:15:00-04:00,2026-09-15 11:15:00-04:00,46.154614,45.48718035714285,46.75281964285714,2026-09-15 15:55:00-04:00,46.29536900000001,time,0.2108898787263266,-0.6511718500426599,0.442569839206072,0,43,6.052465000000552,heat_score=58.44,254.0,280,False,11:15,15:55
C,heat_fade_long,1,2026-09-15,2026-09-15 11:15:00-04:00,2026-09-15 11:15:00-04:00,135.453543,134.5619767857143,136.09802321428572,2026-09-15 11:50:00-04:00,134.51852058803573,stop,-1.0487414136855742,-1.2265415428242925,0.444674768567396,0,14,-13.090313767499763,heat_score=58.24,9.0,35,False,11:15,11:50
GEV,heat_fade_long,1,2026-09-15,2026-09-15 11:15:00-04:00,2026-09-15 11:15:00-04:00,877.947785,867.7356982142858,887.4443017857143,2026-09-15 15:55:00-04:00,878.9021,time,0.0934495583542306,-0.2651549146436848,0.868795495589751,0,2,1.9086300000001304,heat_score=60.43,100.0,280,False,11:15,15:55
EIX,heat_fade_long,1,2026-09-15,2026-09-15 11:20:00-04:00,2026-09-15 11:20:00-04:00,55.04530298,54.017500000000005,56.0225,2026-09-15 15:55:00-04:00,54.644534,time,-0.3899278244941491,-0.4673103594231708,0.2964546960157674,0,36,-14.427683280000082,heat_score=64.32,23.0,275,False,11:20,15:55
ETN,heat_fade_long,1,2026-09-15,2026-09-15 11:20:00-04:00,2026-09-15 11:20:00-04:00,390.5740525,386.8272375,394.2027625,2026-09-15 15:55:00-04:00,391.570838,time,0.2660354194162532,-0.3133468025509583,0.7061857871285644,0,5,4.9839275000005046,heat_score=64.37,246.0,275,False,11:20,15:55
GE,heat_fade_long,1,2026-09-15,2026-09-15 11:20:00-04:00,2026-09-15 11:20:00-04:00,308.900886,306.9269660714286,310.9730339285714,2026-09-15 13:26:00-04:00,306.86627337482145,stop,-1.03074729411697,-1.0288593628363656,0.556817925636648,0,6,-12.207675751071406,heat_score=60.58,68.0,126,False,11:20,13:26
SKHY,heat_fade_long,1,2026-09-15,2026-09-15 11:20:00-04:00,2026-09-15 11:20:00-04:00,175.25252249999997,173.07896964285715,177.37843035714286,2026-09-15 11:59:00-04:00,173.03166174589285,stop,-1.0217652387927136,-1.0041267194527506,0.1598661375352016,0,11,-24.42946829517834,heat_score=69.32,5.0,39,False,11:20,11:59
SNDK,heat_fade_long,1,2026-09-15,2026-09-15 11:20:00-04:00,2026-09-15 11:20:00-04:00,1533.7333569999998,1509.571642857143,1558.428357142857,2026-09-15 14:37:00-04:00,1509.3906856928572,stop,-1.007489417481549,-1.0178606060228734,0.4009087659396864,0,1,-24.34267130714261,heat_score=71.4,23.0,197,False,11:20,14:37
SNXX,heat_fade_long,1,2026-09-15,2026-09-15 11:20:00-04:00,2026-09-15 11:20:00-04:00,13.3903379,12.923182142857142,13.816817857142857,2026-09-15 15:55:00-04:00,13.3336655,time,-0.1213137141809167,-0.8567547201983972,0.3203687372180529,0,149,-8.444187599999745,heat_score=66.09,22.0,275,False,11:20,15:55
WDC,heat_fade_long,1,2026-09-15,2026-09-15 11:20:00-04:00,2026-09-15 11:20:00-04:00,416.2266175,409.8903125,422.1588875000001,2026-09-15 14:17:00-04:00,409.8193234687501,stop,-1.0112035375901178,-1.2336239338226258,0.4092894044715375,0,4,-25.62917612499973,heat_score=63.19,23.0,177,False,11:20,14:17
BROS,heat_fade_long,1,2026-09-15,2026-09-15 11:30:00-04:00,2026-09-15 11:30:00-04:00,42.2692255,41.81312857142857,42.69687142857144,2026-09-15 15:55:00-04:00,42.055793,time,-0.467954258469802,-0.6779819828397962,0.6594530266671165,0,47,-10.03132749999982,heat_score=59.49,143.0,265,False,11:30,15:55
TDG,heat_fade_long,1,2026-09-15,2026-09-15 11:30:00-04:00,2026-09-15 11:30:00-04:00,1093.579346,1087.3159017857142,1099.6040982142858,2026-09-15 12:27:00-04:00,1099.6040982142858,target,0.9618912547420014,-0.3639125570562705,1.2422325056003027,1,1,6.024752214285854,heat_score=61.31,56.0,57,False,11:30,12:27
DG,heat_fade_long,1,2026-09-15,2026-09-15 11:55:00-04:00,2026-09-15 11:55:00-04:00,124.772475,123.61119285714284,125.83880714285714,2026-09-15 12:48:00-04:00,125.83880714285714,target,0.918236924089436,-0.1054653261942566,0.9623199726902812,1,16,17.06131428571416,heat_score=65.04,52.0,53,False,11:55,12:48
CARR,heat_fade_long,1,2026-09-15,2026-09-15 12:10:00-04:00,2026-09-15 12:10:00-04:00,55.685567,55.25654642857143,56.05345357142857,2026-09-15 12:48:00-04:00,56.05345357142857,target,0.8575033365033531,-0.2344106709501759,0.9659979674634492,1,35,12.876029999999972,heat_score=57.97,37.0,38,False,12:10,12:48
AVGO,heat_fade_long,1,2026-09-15,2026-09-15 12:15:00-04:00,2026-09-15 12:15:00-04:00,339.493945,336.70773214285714,342.2122678571428,2026-09-15 15:55:00-04:00,339.266069,time,-0.0817870032491551,-0.5720829964278258,0.3539051215961939,0,5,-1.1393799999999032,heat_score=59.35,161.0,220,False,12:15,15:55
MUU,heat_fade_long,1,2026-09-15,2026-09-15 12:15:00-04:00,2026-09-15 12:15:00-04:00,27.962795,27.243767857142856,28.636432142857142,2026-09-15 15:55:00-04:00,28.217177,time,0.3537863661018153,-0.126552941573832,0.5037431529507119,0,71,18.061121999999976,heat_score=66.51,10.0,220,False,12:15,15:55
ARM,heat_fade_long,1,2026-09-15,2026-09-15 12:35:00-04:00,2026-09-15 12:35:00-04:00,241.854182,238.1698625,245.3001375,2026-09-15 15:55:00-04:00,240.855911,time,-0.2709512570774602,-0.3078402945238582,0.669246518929761,0,8,-7.986167999999907,heat_score=59.11,94.0,200,False,12:35,15:55
BITX,exhaustion_short,-1,2026-09-15,2026-09-15 13:35:00-04:00,2026-09-15 13:35:00-04:00,16.8033185,17.067989285714283,16.551810714285715,2026-09-15 14:38:00-04:00,16.551810714285715,target,0.9502665170828172,-0.7431175279478003,1.7694378272090678,1,119,29.929426499999902,layers=rsi5 > 90 (short-term overbought) + sma20_dist_pct > 1.0 (close > 1% above 5-min SMA20) + bear_div == 1 (price at 20-bar high while RSI(14) is >5 below its 20-bar max) + time window 13:00-15:00 ET (bar close),62.0,63,False,13:35,14:38
ETHU,exhaustion_short,-1,2026-09-15,2026-09-15 13:35:00-04:00,2026-09-15 13:35:00-04:00,25.377461,25.796325,24.900075,2026-09-15 14:34:00-04:00,24.900075,target,1.1397159937354455,-0.5312917796707322,1.1398950494671365,1,78,37.236108000000215,layers=rsi5 > 90 (short-term overbought) + sma20_dist_pct > 1.0 (close > 1% above 5-min SMA20) + bear_div == 1 (price at 20-bar high while RSI(14) is >5 below its 20-bar max) + time window 13:00-15:00 ET (bar close),58.0,59,False,13:35,14:34
WING,exhaustion_short,-1,2026-09-15,2026-09-15 15:00:00-04:00,2026-09-15 15:00:00-04:00,102.47975,104.12348035714288,101.05651964285714,2026-09-15 15:55:00-04:00,102.190217,time,0.1761438539732619,-0.8153709604351514,0.2431968225584407,0,19,5.5011269999998405,layers=rsi5 > 90 (short-term overbought) + sma20_dist_pct > 1.0 (close > 1% above 5-min SMA20) + bear_div == 1 (price at 20-bar high while RSI(14) is >5 below its 20-bar max) + time window 13:00-15:00 ET (bar close),54.0,55,False,15:00,15:55
DIA,intraday_momentum,-1,2026-09-15,2026-09-15 15:30:00-04:00,2026-09-15 15:30:00-04:00,520.877906,522.1121428571429,,2026-09-15 15:55:00-04:00,520.992093,time,-0.0925162778433275,-0.2204552541315304,0.0995805621010019,0,3,-0.342560999999705,first_30m_ret=-0.6006,13.0,25,False,15:30,15:55
IWM,intraday_momentum,-1,2026-09-15,2026-09-15 15:30:00-04:00,2026-09-15 15:30:00-04:00,284.83151300000003,285.6399107142857,,2026-09-15 15:55:00-04:00,284.858482,time,-0.0333610542476391,-0.1094597355191408,0.137943240102479,0,7,-0.1887829999996597,first_30m_ret=-0.7294,15.0,25,False,15:30,15:55
