id,period,days,months,cagr,vol,sharpe,maxdd,turnover_yr,cost_drag_yr,active,active_t,active_t_ex_best,hit_vs_bench,wf_share,active_up_months,active_down_months,excess_ew,excess_spy,ret,bench_ret,entry_days,exposure,family,kind,verdict
P_RAW_top10_H20_K20,train,1008,48,0.11348,0.19583,0.64691,-0.22945,7.42137,0.00477,0.04094,1.02983,0.70059,0.56250,0.55556,0.04146,0.03496,-0.06637,-0.02471,0.53722,0.32322,475,0.59429,P,cand,near
P_RAW_top10_H20_K20,valid,461,22,0.14757,0.14289,1.03498,-0.11938,8.35283,0.00508,0.00527,0.05136,-0.40289,0.45455,0.42105,-0.00620,0.02528,-0.07994,-0.09059,0.28634,0.28322,231,0.64531,P,cand,near
P_RAW_top10_H20_K20,valid2,405,20,0.22483,0.17609,1.24016,-0.09105,7.98398,0.00448,0.04937,0.63203,0.22657,0.65000,0.64706,0.07791,-0.02478,-0.03385,0.02328,0.38532,0.29770,195,0.63190,P,cand,near
P_RAW_top10_H20_K20,all,1874,90,0.14512,0.17988,0.84344,-0.22945,7.77209,0.00479,0.03399,1.13007,0.89038,0.55556,0.55172,0.03733,0.02060,-0.06268,-0.03054,1.73931,1.20346,901,0.61497,P,cand,near
P_RAW_top10_H20_K20,Y2019,252,12,0.13535,0.11130,1.19662,-0.06833,6.81738,0.00481,0.06938,1.08312,0.45926,0.66667,0.66667,0.02096,0.29015,-0.19268,-0.16219,0.13535,0.06112,99,0.54386,P,cand,near
P_RAW_top10_H20_K20,Y2020,253,12,0.26168,0.24531,1.07002,-0.22945,7.12083,0.00528,0.05242,0.73521,0.01421,0.58333,0.66667,0.09536,0.00593,-0.02469,0.04187,0.26284,0.19593,124,0.57422,P,cand,near
P_RAW_top10_H20_K20,Y2021,252,12,0.12515,0.16526,0.79667,-0.14447,7.79205,0.00408,0.01401,0.08789,-0.31967,0.50000,0.66667,0.00316,0.02830,-0.13364,-0.12838,0.12515,0.11859,132,0.62005,P,cand,near
P_RAW_top10_H20_K20,Y2022,251,12,-0.04729,0.23092,-0.09414,-0.17672,7.95853,0.00493,0.02787,0.42341,-0.18421,0.50000,0.55556,0.07594,-0.01436,0.08598,0.15029,-0.04711,-0.06784,120,0.63928,P,cand,near
P_RAW_top10_H20_K20,Y2023,250,12,0.15671,0.14320,1.08855,-0.11938,7.98086,0.00530,0.04738,0.69834,0.28226,0.66667,0.66667,0.04001,0.05227,-0.09302,-0.08711,0.15537,0.10631,128,0.63968,P,cand,near
P_RAW_top10_H20_K20,Y2024,211,10,0.13683,0.14252,0.97123,-0.06550,8.79355,0.00482,-0.04462,-0.69295,-2.01245,0.20000,0.28571,-0.05240,-0.02871,-0.06445,-0.09471,0.11335,0.15992,103,0.65198,P,cand,near
P_RAW_top10_H20_K20,Y2025,211,10,0.17536,0.15693,1.10849,-0.09105,7.73034,0.00475,-0.00422,-0.04198,-0.75710,0.60000,0.57143,0.03172,-0.14760,-0.08470,-0.02506,0.14486,0.15385,105,0.62800,P,cand,near
P_RAW_top10_H20_K20,Y2026,194,10,0.28100,0.19475,1.36940,-0.08846,8.25985,0.00418,0.10766,0.85930,0.35505,0.70000,0.71429,0.13951,0.03663,0.02145,0.07587,0.21003,0.12467,90,0.63613,P,cand,near
P_RAW_top10_H20_K50,train,1008,48,0.03174,0.15578,0.27898,-0.27088,5.07789,0.00328,0.02134,0.91886,0.54838,0.62500,0.62222,0.02931,0.00220,-0.14959,-0.10793,0.13313,0.04701,612,0.40654,P,cand,near
P_RAW_top10_H20_K50,valid,461,22,0.17878,0.11844,1.44818,-0.08088,5.81558,0.00363,0.06253,1.71732,1.33116,0.45455,0.42105,0.07668,0.02128,-0.05631,-0.06696,0.35106,0.21218,301,0.45336,P,cand,near
P_RAW_top10_H20_K50,valid2,405,20,0.17676,0.12054,1.41103,-0.06655,5.46411,0.00301,0.03888,0.93001,0.41292,0.60000,0.58824,0.07865,-0.05762,-0.08215,-0.02501,0.29899,0.22746,235,0.43289,P,cand,near
P_RAW_top10_H20_K50,all,1874,90,0.09685,0.14022,0.72979,-0.27088,5.34283,0.00331,0.03526,2.01023,1.76835,0.57778,0.57471,0.05306,-0.00623,-0.11207,-0.07993,0.98866,0.55785,1148,0.42375,P,cand,near
P_RAW_top10_H20_K50,Y2019,252,12,0.08590,0.08147,1.05262,-0.04930,4.31952,0.00292,0.05201,2.00720,2.00657,0.83333,0.88889,0.02619,0.17560,-0.24011,-0.20962,0.08590,0.03153,128,0.34436,P,cand,near
P_RAW_top10_H20_K50,Y2020,253,12,0.03734,0.19394,0.28753,-0.27013,5.14230,0.00372,-0.00817,-0.14652,-0.76141,0.58333,0.55556,0.01255,-0.03106,-0.23142,-0.16486,0.03749,0.04266,164,0.41322,P,cand,near
P_RAW_top10_H20_K50,Y2021,252,12,0.06535,0.09800,0.69517,-0.06965,4.85226,0.00260,0.02127,0.40037,0.00779,0.50000,0.66667,0.02253,0.01136,-0.19718,-0.19192,0.06535,0.04534,158,0.38706,P,cand,near
P_RAW_top10_H20_K50,Y2022,251,12,-0.05614,0.20787,-0.17395,-0.13215,6.00090,0.00387,0.02035,0.24234,-0.53269,0.58333,0.55556,0.07123,-0.02752,0.07156,0.13587,-0.05592,-0.06874,162,0.48178,P,cand,near
P_RAW_top10_H20_K50,Y2023,250,12,0.18948,0.12247,1.47842,-0.08088,5.71330,0.00393,0.10202,2.10033,1.88439,0.58333,0.55556,0.12589,0.04910,-0.06783,-0.06193,0.18784,0.07725,159,0.45538,P,cand,near
P_RAW_top10_H20_K50,Y2024,211,10,0.16622,0.11347,1.41191,-0.04680,5.93676,0.00327,0.01573,0.28468,-0.69942,0.30000,0.28571,0.02747,-0.03435,-0.04266,-0.07292,0.13741,0.12526,142,0.45097,P,cand,near
P_RAW_top10_H20_K50,Y2025,211,10,0.21582,0.11516,1.75506,-0.06305,5.27320,0.00317,0.04297,0.81509,0.19748,0.60000,0.57143,0.06946,-0.06082,-0.05654,0.00310,0.17777,0.13866,122,0.42385,P,cand,near
P_RAW_top10_H20_K50,Y2026,194,10,0.13571,0.12609,1.07261,-0.06655,5.67176,0.00283,0.03443,0.50059,-0.38955,0.60000,0.57143,0.09091,-0.05602,-0.11000,-0.05558,0.10293,0.07799,113,0.44272,P,cand,near
P_RAW_top10_H40_K20,train,1008,48,0.04533,0.24308,0.30515,-0.39506,4.48806,0.00293,-0.00704,-0.22409,-0.53311,0.50000,0.51111,0.00014,-0.02940,-0.11887,-0.07722,0.19405,0.26047,321,0.71396,P,cand,fail
P_RAW_top10_H40_K20,valid,461,22,0.14056,0.14703,0.96831,-0.11746,4.56419,0.00261,-0.02485,-0.64066,-1.24513,0.36364,0.26316,-0.02840,-0.02763,-0.08546,-0.09611,0.27201,0.33961,150,0.70341,P,cand,fail
P_RAW_top10_H40_K20,valid2,405,20,0.35812,0.21526,1.53043,-0.10537,4.53865,0.00250,0.12978,1.28328,0.79538,0.65000,0.64706,0.09758,0.18651,0.07720,0.13434,0.63549,0.35865,138,0.72588,P,cand,fail
P_RAW_top10_H40_K20,all,1874,90,0.13015,0.21715,0.67289,-0.39506,4.51772,0.00276,0.01815,0.44050,0.02595,0.50000,0.50575,0.01502,0.01564,-0.06828,-0.03614,1.48405,1.29413,609,0.71394,P,cand,fail
P_RAW_top10_H40_K20,Y2019,252,12,0.19583,0.13325,1.40952,-0.07592,4.31588,0.00318,0.04272,0.74831,-0.08462,0.41667,0.44444,0.00498,0.20598,-0.13804,-0.10755,0.19583,0.14959,59,0.67874,P,cand,fail
P_RAW_top10_H40_K20,Y2020,253,12,0.01861,0.33275,0.22464,-0.39073,4.49837,0.00335,-0.04569,-0.71090,-1.01036,0.50000,0.55556,0.03396,-0.15660,-0.21243,-0.14587,0.01868,0.06715,93,0.73102,P,cand,fail
P_RAW_top10_H40_K20,Y2021,252,12,0.19279,0.20917,0.94803,-0.18669,4.55072,0.00234,0.06744,0.39456,0.04929,0.66667,0.77778,-0.01312,0.27773,-0.06700,-0.06174,0.19279,0.13125,87,0.71628,P,cand,fail
P_RAW_top10_H40_K20,Y2022,251,12,-0.17888,0.25218,-0.65475,-0.24478,4.58764,0.00287,-0.09284,-1.28555,-2.07526,0.41667,0.44444,-0.03306,-0.13743,-0.05740,0.00692,-0.17824,-0.09175,82,0.72981,P,cand,fail
P_RAW_top10_H40_K20,Y2023,250,12,0.17460,0.15701,1.10383,-0.11746,4.35703,0.00278,0.02025,0.23273,-0.30814,0.41667,0.22222,0.04227,-0.03435,-0.07558,-0.06968,0.17310,0.15467,83,0.69903,P,cand,fail
P_RAW_top10_H40_K20,Y2024,211,10,0.10150,0.13420,0.78762,-0.10409,4.80964,0.00241,-0.07829,-1.95434,-2.54446,0.30000,0.42857,-0.09906,-0.01417,-0.09717,-0.12743,0.08431,0.16016,67,0.70860,P,cand,fail
P_RAW_top10_H40_K20,Y2025,211,10,0.41576,0.19377,1.89202,-0.10153,4.59730,0.00290,0.09296,0.64812,-0.33674,0.60000,0.57143,0.13672,-0.03948,0.10795,0.16759,0.33790,0.24714,73,0.72282,P,cand,fail
P_RAW_top10_H40_K20,Y2026,194,10,0.29808,0.23640,1.22253,-0.10537,4.47485,0.00207,0.16984,1.20232,0.71422,0.70000,0.71429,0.04540,0.29951,0.04376,0.09818,0.22243,0.08942,65,0.72921,P,cand,fail
P_RAW_top10_H40_K50,train,1008,48,0.02624,0.22925,0.22888,-0.37499,4.01117,0.00262,0.00025,-0.09152,-0.41512,0.50000,0.48889,0.01808,-0.04025,-0.14058,-0.09892,0.10918,0.12582,528,0.64295,P,cand,near
P_RAW_top10_H40_K50,valid,461,22,0.19716,0.14984,1.27615,-0.10315,4.21219,0.00253,0.04358,0.91670,0.44656,0.54545,0.47368,0.08232,-0.05665,-0.03661,-0.04726,0.38985,0.29473,228,0.64639,P,cand,near
P_RAW_top10_H40_K50,valid2,405,20,0.29182,0.17665,1.53867,-0.09993,4.05817,0.00212,0.08413,1.36537,0.93515,0.60000,0.58824,0.07656,0.08296,0.01957,0.07671,0.50911,0.33777,177,0.64573,P,cand,near
P_RAW_top10_H40_K50,all,1874,90,0.12024,0.20142,0.66530,-0.37499,4.07078,0.00249,0.02903,1.17075,0.89724,0.53333,0.52874,0.04835,-0.01815,-0.08039,-0.04826,1.32643,0.94997,933,0.64440,P,cand,near
P_RAW_top10_H40_K50,Y2019,252,12,0.16085,0.10420,1.48406,-0.06059,3.54502,0.00237,0.02390,0.71075,0.01826,0.50000,0.44444,0.00516,0.10726,-0.17123,-0.14074,0.16085,0.13479,116,0.58869,P,cand,near
P_RAW_top10_H40_K50,Y2020,253,12,0.03805,0.32873,0.28091,-0.37499,4.09509,0.00299,0.00799,0.21070,-0.61897,0.33333,0.33333,0.06973,-0.07130,-0.19483,-0.12828,0.03820,0.02801,144,0.66625,P,cand,near
P_RAW_top10_H40_K50,Y2021,252,12,0.12550,0.15138,0.85697,-0.10549,4.28654,0.00236,0.01813,0.17474,-0.14086,0.75000,0.88889,-0.01556,0.10020,-0.13557,-0.13031,0.12550,0.11137,149,0.64439,P,cand,near
P_RAW_top10_H40_K50,Y2022,251,12,-0.18294,0.26069,-0.64392,-0.23881,4.11813,0.00276,-0.04926,-0.93779,-1.48161,0.41667,0.44444,0.03212,-0.12041,-0.06014,0.00417,-0.18229,-0.13165,119,0.67249,P,cand,near
P_RAW_top10_H40_K50,Y2023,250,12,0.26808,0.16033,1.56211,-0.10315,3.97319,0.00264,0.11192,1.63270,1.17862,0.75000,0.66667,0.19215,-0.04365,0.00155,0.00746,0.26569,0.13899,121,0.66016,P,cand,near
P_RAW_top10_H40_K50,Y2024,211,10,0.11825,0.13625,0.88841,-0.08234,4.49537,0.00241,-0.03739,-0.64602,-2.00488,0.30000,0.28571,-0.02751,-0.08265,-0.08183,-0.11208,0.09810,0.13673,107,0.63009,P,cand,near
P_RAW_top10_H40_K50,Y2025,211,10,0.43718,0.15083,2.48156,-0.07890,3.94770,0.00233,0.10190,1.16544,0.59730,0.50000,0.42857,0.13775,-0.01943,0.11563,0.17527,0.35483,0.24963,92,0.62936,P,cand,near
P_RAW_top10_H40_K50,Y2026,194,10,0.15037,0.20077,0.79864,-0.09993,4.17833,0.00188,0.06479,0.68565,0.19714,0.70000,0.71429,-0.00504,0.13416,-0.08491,-0.03049,0.11387,0.07053,85,0.66353,P,cand,near
P_RAW_top10_H60_K20,train,1008,48,0.21978,0.25908,0.89713,-0.34132,3.69559,0.00239,0.09654,1.77585,1.45500,0.60417,0.62222,0.08089,0.12293,0.03938,0.08104,1.21377,0.53903,267,0.89748,P,cand,near
P_RAW_top10_H60_K20,valid,461,22,0.21589,0.16687,1.25533,-0.14861,4.34190,0.00246,0.00167,0.02166,-0.47992,0.40909,0.31579,0.04634,-0.11904,-0.01836,-0.02900,0.42989,0.43504,92,0.94294,P,cand,near
P_RAW_top10_H60_K20,valid2,405,20,0.27976,0.23781,1.15687,-0.15453,3.55691,0.00193,0.00634,0.05107,-0.39593,0.50000,0.47059,-0.07216,0.19335,0.02289,0.08003,0.48652,0.51398,100,0.89118,P,cand,near
P_RAW_top10_H60_K20,all,1874,90,0.23153,0.23490,1.00471,-0.34132,3.82461,0.00231,0.05371,1.17096,0.91027,0.53333,0.54023,0.03670,0.08744,0.02161,0.05375,3.70550,2.34373,459,0.90730,P,cand,near
P_RAW_top10_H60_K20,Y2019,252,12,0.25870,0.15258,1.58527,-0.08038,3.27167,0.00225,0.10704,1.81787,1.39855,0.66667,0.77778,0.06591,0.28242,-0.08399,-0.05350,0.25870,0.13760,63,0.76231,P,cand,near
P_RAW_top10_H60_K20,Y2020,253,12,0.54377,0.34451,1.43477,-0.34132,3.67767,0.00278,0.20478,1.52019,1.04611,0.75000,0.77778,0.30350,0.10022,0.20711,0.27367,0.54644,0.25437,83,0.92493,P,cand,near
P_RAW_top10_H60_K20,Y2021,252,12,0.30206,0.22417,1.29026,-0.16255,3.88992,0.00207,0.04409,0.26415,-0.32955,0.50000,0.44444,-0.09535,0.41810,0.02394,0.02920,0.30206,0.26455,64,0.94905,P,cand,near
P_RAW_top10_H60_K20,Y2022,251,12,-0.12700,0.27456,-0.35710,-0.24969,3.94415,0.00245,0.02955,0.32581,-0.15019,0.50000,0.66667,0.11642,-0.03292,0.00968,0.07399,-0.12653,-0.14711,57,0.95374,P,cand,near
P_RAW_top10_H60_K20,Y2023,250,12,0.30926,0.18171,1.57459,-0.14861,4.00317,0.00252,0.06768,0.79313,0.27744,0.50000,0.33333,0.11191,-0.02418,0.03721,0.04312,0.30646,0.22790,45,0.94222,P,cand,near
P_RAW_top10_H60_K20,Y2024,211,10,0.11384,0.14716,0.80640,-0.08070,4.74324,0.00240,-0.07654,-1.06816,-2.32819,0.30000,0.28571,-0.01922,-0.30875,-0.08420,-0.11446,0.09447,0.16869,47,0.94380,P,cand,near
P_RAW_top10_H60_K20,Y2025,211,10,0.55772,0.20711,2.24533,-0.11678,3.34264,0.00193,0.16884,0.95291,0.39591,0.60000,0.57143,0.23566,-0.03948,0.20638,0.26602,0.44934,0.26961,56,0.84102,P,cand,near
P_RAW_top10_H60_K20,Y2026,194,10,0.03345,0.26662,0.25715,-0.15453,3.78996,0.00193,-0.17040,-0.75379,-1.14336,0.40000,0.42857,-0.48258,0.30977,-0.17668,-0.12226,0.02565,0.19248,44,0.94574,P,cand,near
P_RAW_top10_H60_K50,train,1008,48,0.10486,0.25825,0.51623,-0.36966,3.55528,0.00230,0.02618,0.74570,0.34254,0.60417,0.60000,0.03339,0.00551,-0.05973,-0.01807,0.49017,0.37327,488,0.85746,P,cand,near
P_RAW_top10_H60_K50,valid,461,22,0.28854,0.19368,1.40639,-0.15267,4.04771,0.00255,0.06625,1.13252,0.73071,0.45455,0.42105,0.13416,-0.10847,0.04456,0.03391,0.59004,0.43120,196,0.94395,P,cand,near
P_RAW_top10_H60_K50,valid2,405,20,0.39628,0.20990,1.69653,-0.12871,3.47150,0.00188,0.08562,0.82780,0.40140,0.65000,0.64706,0.10538,0.02974,0.10387,0.16101,0.70997,0.52245,135,0.87052,P,cand,near
P_RAW_top10_H60_K50,all,1874,90,0.20701,0.23379,0.92252,-0.36966,3.65831,0.00227,0.04888,1.52709,1.25931,0.57778,0.57471,0.07634,-0.01306,0.00128,0.03342,3.05166,1.99224,819,0.88156,P,cand,near
P_RAW_top10_H60_K50,Y2019,252,12,0.15964,0.12563,1.24242,-0.06417,2.79711,0.00187,0.04472,2.53589,2.19146,0.75000,0.77778,0.03180,0.09292,-0.16979,-0.13930,0.15964,0.11177,101,0.69342,P,cand,near
P_RAW_top10_H60_K50,Y2020,253,12,0.40845,0.34795,1.16126,-0.36966,3.79597,0.00270,0.16677,3.15810,3.52307,0.91667,0.88889,0.22364,0.10955,0.11688,0.18343,0.41037,0.18906,130,0.90438,P,cand,near
P_RAW_top10_H60_K50,Y2021,252,12,0.19035,0.19028,1.01137,-0.10697,3.67634,0.00206,-0.01920,-0.33370,-1.04290,0.50000,0.44444,-0.07326,0.11284,-0.07286,-0.06760,0.19035,0.22437,137,0.88389,P,cand,near
P_RAW_top10_H60_K50,Y2022,251,12,-0.23539,0.30463,-0.72810,-0.29044,3.95232,0.00259,-0.08860,-1.64818,-2.72430,0.25000,0.33333,-0.03785,-0.13979,-0.11408,-0.04977,-0.23458,-0.15155,120,0.94830,P,cand,near
P_RAW_top10_H60_K50,Y2023,250,12,0.42164,0.19895,1.86901,-0.15267,3.96358,0.00261,0.15211,1.68329,1.25864,0.58333,0.55556,0.29262,-0.10979,0.12295,0.12886,0.41768,0.22979,109,0.94158,P,cand,near
P_RAW_top10_H60_K50,Y2024,211,10,0.14687,0.18697,0.82659,-0.09820,4.14739,0.00249,-0.03548,-0.72935,-1.43654,0.30000,0.28571,-0.02429,-0.10584,-0.04833,-0.07858,0.12158,0.16377,87,0.94676,P,cand,near
P_RAW_top10_H60_K50,Y2025,211,10,0.68845,0.17918,3.01589,-0.07832,3.13004,0.00185,0.24497,2.04791,1.62357,0.70000,0.71429,0.32249,-0.01943,0.28173,0.34137,0.55051,0.27199,75,0.79588,P,cand,near
P_RAW_top10_H60_K50,Y2026,194,10,0.13560,0.23823,0.65345,-0.12871,3.84288,0.00193,-0.08769,-0.62431,-0.95883,0.60000,0.71429,-0.18411,0.05433,-0.08958,-0.03516,0.10284,0.19690,60,0.95171,P,cand,near
P_RAW_top20_H20_K20,train,1008,48,0.08180,0.23041,0.45752,-0.35921,8.81458,0.00561,0.02053,0.51611,0.18496,0.52083,0.51111,0.03319,-0.00934,-0.08763,-0.04597,0.36957,0.28297,500,0.70030,P,cand,near
P_RAW_top20_H20_K20,valid,461,22,0.17175,0.14520,1.16456,-0.12149,9.21036,0.00571,0.02583,0.45471,0.01796,0.50000,0.47368,0.00625,0.06655,-0.05873,-0.06938,0.33637,0.28189,248,0.72650,P,cand,near
P_RAW_top20_H20_K20,valid2,405,20,0.22146,0.18216,1.18988,-0.14790,9.25938,0.00493,0.07931,1.02279,0.64958,0.60000,0.58824,0.09721,0.02903,-0.03548,0.02166,0.37921,0.22707,203,0.73447,P,cand,near
P_RAW_top20_H20_K20,all,1874,90,0.13260,0.20229,0.71749,-0.35921,9.00807,0.00549,0.03454,1.16704,0.93970,0.53333,0.52874,0.04082,0.01430,-0.06925,-0.03711,1.52428,1.01809,951,0.71413,P,cand,near
P_RAW_top20_H20_K20,Y2019,252,12,0.12197,0.12159,1.00766,-0.08868,7.71089,0.00505,0.00602,0.11213,-0.24400,0.50000,0.44444,0.04863,-0.20730,-0.20334,-0.17285,0.12197,0.11819,112,0.61724,P,cand,near
P_RAW_top20_H20_K20,Y2020,253,12,0.06311,0.33188,0.35291,-0.35921,8.83249,0.00652,0.01547,0.17214,-0.43175,0.41667,0.44444,0.04621,-0.03093,-0.17005,-0.10350,0.06337,0.04965,129,0.70426,P,cand,near
P_RAW_top20_H20_K20,Y2021,252,12,0.17371,0.17937,0.98304,-0.11325,9.43543,0.00503,0.00076,-0.08505,-0.54633,0.58333,0.66667,-0.00523,-0.01080,-0.08898,-0.08372,0.17371,0.18295,129,0.74129,P,cand,near
P_RAW_top20_H20_K20,Y2022,251,12,-0.02204,0.23448,0.02243,-0.21652,9.28128,0.00584,0.06004,0.81260,0.19825,0.58333,0.55556,0.05324,0.06328,0.11298,0.17729,-0.02196,-0.07597,130,0.73853,P,cand,near
P_RAW_top20_H20_K20,Y2023,250,12,0.20602,0.14984,1.32559,-0.12149,8.93114,0.00585,0.07804,1.01974,0.54576,0.58333,0.55556,0.08009,0.06457,-0.05028,-0.04437,0.20423,0.11799,133,0.71589,P,cand,near
P_RAW_top20_H20_K20,Y2024,211,10,0.13241,0.13948,0.96153,-0.09198,9.54119,0.00555,-0.03603,-0.62693,-1.52011,0.40000,0.42857,-0.06760,0.07051,-0.06875,-0.09901,0.10973,0.14661,115,0.73908,P,cand,near
P_RAW_top20_H20_K20,Y2025,211,10,0.27807,0.17095,1.52167,-0.14790,9.13426,0.00509,0.09345,0.77988,0.32010,0.50000,0.42857,0.16803,-0.16925,0.00147,0.06111,0.22806,0.13794,107,0.72803,P,cand,near
P_RAW_top20_H20_K20,Y2026,194,10,0.16274,0.19358,0.87599,-0.09831,9.39547,0.00476,0.06393,0.63173,0.18222,0.70000,0.71429,0.00279,0.12817,-0.07567,-0.02125,0.12308,0.07833,96,0.74148,P,cand,near
P_RAW_top20_H20_K50,train,1008,48,0.06394,0.16658,0.45567,-0.23930,6.52235,0.00416,0.02191,1.04451,0.79431,0.54167,0.53333,0.01655,0.02489,-0.11714,-0.07549,0.28137,0.18054,653,0.52087,P,cand,near
P_RAW_top20_H20_K50,valid,461,22,0.14110,0.10977,1.25767,-0.07992,7.30769,0.00436,0.01073,0.37604,-0.14465,0.45455,0.36842,-0.01913,0.08417,-0.08978,-0.10043,0.27311,0.25026,329,0.56556,P,cand,near
P_RAW_top20_H20_K50,valid2,405,20,0.16602,0.12446,1.29661,-0.06623,6.96512,0.00365,0.02408,0.77688,0.46221,0.65000,0.64706,0.01675,0.03407,-0.09085,-0.03371,0.27999,0.23541,266,0.55181,P,cand,near
P_RAW_top20_H20_K50,all,1874,90,0.10407,0.14575,0.75243,-0.23930,6.81123,0.00410,0.01963,1.34266,1.14297,0.54444,0.54023,0.00724,0.03905,-0.10473,-0.07259,1.08808,0.82343,1248,0.53855,P,cand,near
P_RAW_top20_H20_K50,Y2019,252,12,0.03267,0.09602,0.38306,-0.07946,5.64666,0.00378,0.00445,0.16021,-0.26647,0.50000,0.44444,0.00391,-0.00006,-0.28908,-0.25859,0.03267,0.02904,149,0.45091,P,cand,near
P_RAW_top20_H20_K50,Y2020,253,12,0.12298,0.21102,0.65562,-0.23930,6.31641,0.00457,0.01360,0.24025,-0.23279,0.58333,0.55556,0.00084,0.02357,-0.14883,-0.08227,0.12349,0.10749,164,0.50198,P,cand,near
P_RAW_top20_H20_K50,Y2021,252,12,0.11132,0.11668,0.96321,-0.06485,6.67889,0.00369,0.01327,0.24190,-0.10949,0.50000,0.55556,0.01709,-0.00562,-0.15291,-0.14765,0.11132,0.09929,169,0.53372,P,cand,near
P_RAW_top20_H20_K50,Y2022,251,12,-0.00622,0.20877,0.07478,-0.18119,7.45195,0.00458,0.05650,1.44870,1.00552,0.58333,0.55556,0.06285,0.04604,0.12333,0.18764,-0.00619,-0.05768,171,0.59723,P,cand,near
P_RAW_top20_H20_K50,Y2023,250,12,0.15945,0.11171,1.38061,-0.07992,6.90073,0.00447,0.06323,1.99351,1.59206,0.66667,0.55556,0.04170,0.09968,-0.09467,-0.08876,0.15809,0.08876,176,0.54960,P,cand,near
P_RAW_top20_H20_K50,Y2024,211,10,0.11973,0.10741,1.10684,-0.05440,7.78986,0.00422,-0.05147,-1.88770,-3.49179,0.20000,0.28571,-0.07997,0.05315,-0.08399,-0.11424,0.09932,0.14833,153,0.58448,P,cand,near
P_RAW_top20_H20_K50,Y2025,211,10,0.14904,0.12329,1.18875,-0.06508,6.50741,0.00367,-0.00232,-0.06532,-0.52050,0.50000,0.42857,0.00837,-0.04862,-0.11210,-0.05246,0.12336,0.12726,138,0.52825,P,cand,near
P_RAW_top20_H20_K50,Y2026,194,10,0.18477,0.12573,1.41185,-0.06623,7.46292,0.00362,0.05279,1.43001,0.96580,0.80000,0.71429,0.02793,0.07542,-0.06774,-0.01332,0.13943,0.09594,128,0.57745,P,cand,near
P_RAW_top20_H40_K20,train,1008,48,0.05945,0.24909,0.35697,-0.38630,5.07738,0.00323,-0.02959,-0.68996,-1.07287,0.50000,0.48889,0.01813,-0.11534,-0.10413,-0.06247,0.25985,0.45047,358,0.80672,P,cand,fail
P_RAW_top20_H40_K20,valid,461,22,0.14269,0.15647,0.93104,-0.14066,5.22405,0.00314,-0.05097,-0.92214,-1.64994,0.45455,0.42105,-0.08383,0.02205,-0.08215,-0.09280,0.27635,0.41024,181,0.83038,P,cand,fail
P_RAW_top20_H40_K20,valid2,405,20,0.19763,0.21723,0.93856,-0.16324,5.19389,0.00296,-0.01504,-0.18189,-0.59175,0.45000,0.41176,-0.00757,-0.03373,-0.04835,0.00879,0.33622,0.38957,139,0.83046,P,cand,fail
P_RAW_top20_H40_K20,all,1874,90,0.10832,0.22272,0.57349,-0.38630,5.13864,0.00315,-0.03171,-0.99981,-1.25684,0.47778,0.47126,-0.01451,-0.07003,-0.08667,-0.05453,1.14865,1.84238,678,0.81767,P,cand,fail
P_RAW_top20_H40_K20,Y2019,252,12,0.16867,0.13767,1.20168,-0.10561,4.48088,0.00300,0.02255,0.41407,-0.01536,0.58333,0.55556,0.03238,-0.04255,-0.16043,-0.12994,0.16867,0.14684,63,0.70590,P,cand,fail
P_RAW_top20_H40_K20,Y2020,253,12,0.17566,0.35052,0.63834,-0.38062,5.18202,0.00391,0.01808,0.26098,-0.16572,0.66667,0.77778,0.17759,-0.18267,-0.06343,0.00313,0.17641,0.15721,92,0.83623,P,cand,fail
P_RAW_top20_H40_K20,Y2021,252,12,0.19677,0.19797,1.00673,-0.12965,5.29357,0.00261,0.00153,-0.07806,-0.81309,0.41667,0.44444,-0.06009,0.15035,-0.06600,-0.06074,0.19677,0.20845,97,0.82845,P,cand,fail
P_RAW_top20_H40_K20,Y2022,251,12,-0.23512,0.25767,-0.91059,-0.31592,5.35374,0.00339,-0.16124,-2.04126,-2.51215,0.33333,0.22222,-0.09284,-0.20190,-0.12691,-0.06260,-0.23430,-0.09558,106,0.85638,P,cand,fail
P_RAW_top20_H40_K20,Y2023,250,12,0.17290,0.17014,1.02277,-0.14066,4.94747,0.00321,-0.02658,-0.30758,-1.01496,0.50000,0.44444,-0.03727,-0.01761,-0.07488,-0.06898,0.17141,0.20906,92,0.79586,P,cand,fail
P_RAW_top20_H40_K20,Y2024,211,10,0.10790,0.13850,0.80940,-0.09478,5.55176,0.00305,-0.07987,-1.43467,-1.89090,0.40000,0.42857,-0.13039,0.10136,-0.09077,-0.12103,0.08958,0.16639,89,0.87127,P,cand,fail
P_RAW_top20_H40_K20,Y2025,211,10,0.31769,0.22392,1.34369,-0.16324,5.12107,0.00333,0.02981,0.32433,-0.39834,0.50000,0.42857,0.06843,-0.11415,0.04222,0.10186,0.25985,0.23466,65,0.80372,P,cand,fail
P_RAW_top20_H40_K20,Y2026,194,10,0.07944,0.20952,0.46962,-0.15632,5.27308,0.00256,-0.06383,-0.44207,-0.83915,0.40000,0.57143,-0.10890,0.00648,-0.14685,-0.09243,0.06061,0.12547,74,0.85954,P,cand,fail
P_RAW_top20_H40_K50,train,1008,48,0.05237,0.22264,0.34145,-0.37476,4.42725,0.00280,-0.00406,-0.18140,-0.49990,0.52083,0.51111,0.01598,-0.04229,-0.11703,-0.07537,0.22654,0.25434,490,0.70360,P,cand,fail
P_RAW_top20_H40_K50,valid,461,22,0.16651,0.12892,1.25950,-0.09805,4.55081,0.00256,-0.01130,-0.41434,-0.93598,0.45455,0.42105,-0.04341,0.06134,-0.06546,-0.07611,0.32544,0.35542,238,0.70315,P,cand,fail
P_RAW_top20_H40_K50,valid2,405,20,0.20882,0.15527,1.29940,-0.11759,4.42900,0.00228,0.00764,0.16734,-0.42920,0.50000,0.47059,0.01445,-0.00887,-0.05048,0.00666,0.35633,0.34806,201,0.70579,P,cand,fail
P_RAW_top20_H40_K50,all,1874,90,0.11219,0.18966,0.65609,-0.37476,4.45802,0.00263,-0.00331,-0.23664,-0.53570,0.50000,0.49425,0.00005,-0.01394,-0.08996,-0.05782,1.20499,1.29192,929,0.70396,P,cand,fail
P_RAW_top20_H40_K50,Y2019,252,12,0.15563,0.11710,1.29437,-0.08646,4.19128,0.00282,0.01135,0.35695,-0.17652,0.66667,0.66667,0.01549,-0.01804,-0.17429,-0.14380,0.15563,0.14429,109,0.66447,P,cand,fail
P_RAW_top20_H40_K50,Y2020,253,12,0.06222,0.33677,0.34946,-0.37476,4.46280,0.00328,0.00538,0.07908,-0.48445,0.50000,0.55556,0.06366,-0.07743,-0.16949,-0.10293,0.06247,0.05759,131,0.71346,P,cand,fail
P_RAW_top20_H40_K50,Y2021,252,12,0.17760,0.15280,1.14682,-0.07976,4.51877,0.00241,0.03344,0.42978,0.11369,0.66667,0.66667,0.00013,0.11730,-0.09007,-0.08481,0.17760,0.14361,125,0.71262,P,cand,fail
P_RAW_top20_H40_K50,Y2022,251,12,-0.15226,0.21743,-0.65056,-0.21459,4.53644,0.00269,-0.06669,-1.57588,-2.19430,0.25000,0.11111,-0.02128,-0.09252,-0.03373,0.03058,-0.15171,-0.09367,125,0.72388,P,cand,fail
P_RAW_top20_H40_K50,Y2023,250,12,0.17244,0.14087,1.20016,-0.09805,4.40264,0.00269,0.00326,-0.03707,-0.59813,0.50000,0.44444,-0.02636,0.04629,-0.07984,-0.07393,0.17096,0.16927,126,0.70285,P,cand,fail
P_RAW_top20_H40_K50,Y2024,211,10,0.15952,0.11314,1.36512,-0.07710,4.72636,0.00240,-0.02855,-0.74413,-1.41309,0.40000,0.42857,-0.06046,0.09146,-0.04842,-0.07868,0.13193,0.15921,112,0.70351,P,cand,fail
P_RAW_top20_H40_K50,Y2025,211,10,0.34324,0.15225,2.01513,-0.08098,4.40485,0.00254,0.03103,0.49994,-0.29527,0.50000,0.42857,0.04546,-0.01499,0.04815,0.10779,0.28028,0.25053,107,0.69462,P,cand,fail
P_RAW_top20_H40_K50,Y2026,194,10,0.07784,0.15817,0.55320,-0.11759,4.45528,0.00200,-0.01779,-0.30031,-0.78723,0.50000,0.71429,-0.02689,-0.00581,-0.15774,-0.10332,0.05941,0.07799,94,0.71794,P,cand,fail
P_RAW_top20_H60_K20,train,1008,48,0.25640,0.24899,1.04189,-0.28236,3.80456,0.00234,0.10282,1.81863,1.49568,0.62500,0.62222,0.08061,0.15014,0.06637,0.10803,1.49179,0.67538,251,0.91900,P,cand,fail
P_RAW_top20_H60_K20,valid,461,22,0.15351,0.16025,0.97174,-0.17384,4.33880,0.00243,-0.07437,-1.14683,-1.55972,0.45455,0.42105,-0.09294,-0.02828,-0.07211,-0.08276,0.29856,0.49430,96,0.95181,P,cand,fail
P_RAW_top20_H60_K20,valid2,405,20,0.12686,0.24911,0.60376,-0.18594,3.75490,0.00219,-0.10518,-0.88398,-1.60441,0.35000,0.29412,-0.08843,-0.13740,-0.10183,-0.04469,0.21160,0.47090,114,0.92382,P,cand,fail
P_RAW_top20_H60_K20,all,1874,90,0.20167,0.23040,0.91296,-0.28236,3.92525,0.00233,0.01428,0.33576,-0.13033,0.52222,0.51724,-0.00371,0.05373,-0.00405,0.02809,2.92044,2.68243,461,0.92812,P,cand,fail
P_RAW_top20_H60_K20,Y2019,252,12,0.23370,0.15051,1.47147,-0.07792,3.49282,0.00218,0.06885,0.87567,0.40931,0.50000,0.44444,-0.00575,0.40578,-0.10439,-0.07390,0.23370,0.15752,44,0.79453,P,cand,fail
P_RAW_top20_H60_K20,Y2020,253,12,0.75551,0.31882,1.92711,-0.28236,3.92883,0.00243,0.30916,2.00005,1.81729,0.75000,0.77778,0.41022,0.22543,0.32721,0.39377,0.75944,0.27808,71,0.95760,P,cand,fail
P_RAW_top20_H60_K20,Y2021,252,12,0.31278,0.20347,1.44003,-0.10299,3.86617,0.00210,0.03439,0.27681,-0.56392,0.66667,0.66667,-0.07364,0.32693,0.02771,0.03297,0.31278,0.28105,75,0.96665,P,cand,fail
P_RAW_top20_H60_K20,Y2022,251,12,-0.12602,0.28494,-0.32996,-0.24044,3.93043,0.00265,-0.00237,-0.01741,-0.40277,0.58333,0.55556,0.06954,-0.05245,0.01370,0.07801,-0.12555,-0.11598,61,0.95723,P,cand,fail
P_RAW_top20_H60_K20,Y2023,250,12,0.14198,0.17735,0.83766,-0.17384,3.99279,0.00239,-0.10411,-0.92061,-1.38607,0.41667,0.33333,-0.10221,-0.10234,-0.10034,-0.09444,0.14078,0.27008,54,0.94930,P,cand,fail
P_RAW_top20_H60_K20,Y2024,211,10,0.16733,0.13725,1.19637,-0.07582,4.74876,0.00248,-0.03912,-0.69461,-1.41735,0.50000,0.57143,-0.08367,0.11985,-0.03867,-0.06893,0.13831,0.17654,42,0.95479,P,cand,fail
P_RAW_top20_H60_K20,Y2025,211,10,0.35983,0.25749,1.32241,-0.16324,3.70466,0.00228,0.06315,0.38345,-0.28485,0.50000,0.42857,0.11501,-0.11415,0.08185,0.14149,0.29351,0.24023,59,0.89347,P,cand,fail
P_RAW_top20_H60_K20,Y2026,194,10,-0.08146,0.23898,-0.23583,-0.15196,3.80954,0.00210,-0.28826,-2.03552,-2.18598,0.20000,0.28571,-0.35969,-0.14903,-0.30161,-0.24719,-0.06332,0.18599,55,0.95682,P,cand,fail
P_RAW_top20_H60_K50,train,1008,48,0.15573,0.24113,0.72144,-0.34163,3.67804,0.00228,0.03609,1.07255,0.65049,0.58333,0.57778,0.03884,0.03193,-0.01908,0.02257,0.78412,0.55106,405,0.89146,P,cand,fail
P_RAW_top20_H60_K50,valid,461,22,0.19167,0.15294,1.22348,-0.14129,4.35184,0.00238,-0.03315,-0.97392,-1.47730,0.36364,0.26316,-0.03600,-0.03213,-0.04072,-0.05136,0.37821,0.46798,131,0.94834,P,cand,fail
P_RAW_top20_H60_K50,valid2,405,20,0.20319,0.18760,1.08022,-0.13366,3.52494,0.00181,-0.06479,-0.66856,-1.11845,0.40000,0.35294,-0.09164,0.01153,-0.04959,0.00755,0.34620,0.51204,161,0.88597,P,cand,fail
P_RAW_top20_H60_K50,all,1874,90,0.17464,0.21127,0.86806,-0.34163,3.81071,0.00220,-0.00274,-0.09203,-0.43877,0.48889,0.48276,-0.01074,0.01446,-0.03100,0.00114,2.31015,2.44279,697,0.90426,P,cand,fail
P_RAW_top20_H60_K50,Y2019,252,12,0.14715,0.12660,1.14832,-0.07925,2.94922,0.00199,0.02732,0.81650,0.29067,0.50000,0.44444,0.04903,-0.08583,-0.18049,-0.15000,0.14715,0.11890,104,0.71968,P,cand,fail
P_RAW_top20_H60_K50,Y2020,253,12,0.47158,0.33526,1.32199,-0.34163,3.85440,0.00263,0.13403,1.54533,1.07877,0.75000,0.77778,0.17213,0.09445,0.15603,0.22259,0.47384,0.27963,123,0.93369,P,cand,fail
P_RAW_top20_H60_K50,Y2021,252,12,0.26786,0.18546,1.37315,-0.09353,3.92614,0.00220,0.00163,-0.06488,-0.67039,0.58333,0.55556,-0.08947,0.24898,-0.01064,-0.00538,0.26786,0.27426,102,0.95694,P,cand,fail
P_RAW_top20_H60_K50,Y2022,251,12,-0.16831,0.26240,-0.57070,-0.22882,3.98290,0.00231,-0.01922,-0.27038,-0.76115,0.50000,0.44444,0.06282,-0.07209,-0.04203,0.02228,-0.16770,-0.14985,76,0.95559,P,cand,fail
P_RAW_top20_H60_K50,Y2023,250,12,0.21811,0.16720,1.26417,-0.14129,4.00504,0.00241,-0.02395,-0.43309,-0.94778,0.50000,0.33333,-0.02936,-0.01842,-0.03753,-0.03162,0.21621,0.24860,71,0.94519,P,cand,fail
P_RAW_top20_H60_K50,Y2024,211,10,0.16107,0.13406,1.18135,-0.07699,4.76275,0.00234,-0.04405,-1.22442,-3.57102,0.20000,0.14286,-0.04263,-0.05957,-0.04449,-0.07475,0.13320,0.17570,60,0.95207,P,cand,fail
P_RAW_top20_H60_K50,Y2025,211,10,0.37765,0.16837,1.98815,-0.08869,3.22234,0.00174,0.04099,0.45766,-0.27817,0.50000,0.42857,0.05932,-0.01499,0.07608,0.13572,0.30768,0.26809,85,0.82337,P,cand,fail
P_RAW_top20_H60_K50,Y2026,194,10,0.03843,0.20611,0.28618,-0.13366,3.85405,0.00188,-0.17983,-1.09585,-1.30828,0.30000,0.42857,-0.29293,0.02479,-0.18626,-0.13184,0.02946,0.19237,76,0.95406,P,cand,fail
P_Z_top10_H20_K20,train,1008,48,0.06158,0.15243,0.46857,-0.26527,7.07450,0.00396,0.00034,-0.00912,-0.42404,0.45833,0.44444,-0.00670,0.01151,-0.12162,-0.07997,0.27000,0.26582,454,0.56442,P,cand,near
P_Z_top10_H20_K20,valid,461,22,0.15823,0.11051,1.38491,-0.09559,8.30748,0.00406,0.02670,0.88562,0.50248,0.54545,0.47368,0.00469,0.08465,-0.07478,-0.08543,0.30830,0.24581,231,0.64851,P,cand,near
P_Z_top10_H20_K20,valid2,405,20,0.20360,0.11946,1.61153,-0.09750,7.39519,0.00360,0.03936,0.82846,0.27012,0.50000,0.52941,0.07074,-0.03278,-0.05973,-0.00259,0.34693,0.26804,182,0.58630,P,cand,near
P_Z_top10_H20_K20,all,1874,90,0.11441,0.13637,0.86289,-0.26527,7.44712,0.00391,0.01526,0.78057,0.47152,0.48889,0.48276,0.01406,0.01748,-0.09672,-0.06459,1.23798,0.99967,867,0.58983,P,cand,near
P_Z_top10_H20_K20,Y2019,252,12,0.10133,0.09798,1.03446,-0.06175,6.87265,0.00421,0.02701,0.55467,-0.02283,0.58333,0.55556,-0.00939,0.19677,-0.22451,-0.19402,0.10133,0.07265,103,0.54598,P,cand,near
P_Z_top10_H20_K20,Y2020,253,12,0.01618,0.18474,0.18018,-0.26527,5.53392,0.00305,-0.06032,-1.17497,-1.43817,0.41667,0.44444,-0.04277,-0.08846,-0.25389,-0.18734,0.01624,0.07697,109,0.44535,P,cand,near
P_Z_top10_H20_K20,Y2021,252,12,0.12642,0.12230,1.03486,-0.05856,8.07414,0.00387,0.00371,0.03235,-0.69851,0.50000,0.66667,-0.03254,0.10471,-0.13874,-0.13348,0.12642,0.12436,120,0.64114,P,cand,near
P_Z_top10_H20_K20,Y2022,251,12,0.00740,0.18500,0.13220,-0.11029,7.82639,0.00472,0.03131,0.49929,-0.14877,0.33333,0.33333,0.09570,-0.00996,0.13218,0.19649,0.00737,-0.02545,122,0.62592,P,cand,near
P_Z_top10_H20_K20,Y2023,250,12,0.16469,0.11769,1.35473,-0.09559,8.16833,0.00421,0.06091,1.22522,0.81152,0.66667,0.55556,0.02413,0.12865,-0.08946,-0.08356,0.16329,0.09527,129,0.65615,P,cand,near
P_Z_top10_H20_K20,Y2024,211,10,0.15063,0.10135,1.43542,-0.03551,8.47234,0.00389,-0.01383,-0.41861,-0.90428,0.40000,0.42857,-0.01475,-0.00336,-0.05739,-0.08765,0.12466,0.13745,102,0.63946,P,cand,near
P_Z_top10_H20_K20,Y2025,211,10,0.20647,0.10324,1.87022,-0.04237,6.95374,0.00369,0.03696,0.61411,0.14490,0.50000,0.57143,0.04228,0.01650,-0.06557,-0.00593,0.17018,0.13493,95,0.56902,P,cand,near
P_Z_top10_H20_K20,Y2026,194,10,0.20049,0.13490,1.42241,-0.09750,7.87533,0.00350,0.04198,0.54391,-0.33474,0.50000,0.57143,0.10868,-0.05742,-0.05337,0.00105,0.15105,0.11729,87,0.60510,P,cand,near
P_Z_top10_H20_K50,train,1008,48,0.00165,0.11643,0.07277,-0.24720,4.70690,0.00259,0.00867,0.48170,-0.05260,0.45833,0.44444,-0.00570,0.03375,-0.18457,-0.14292,0.00661,-0.03166,594,0.37620,P,cand,near
P_Z_top10_H20_K50,valid,461,22,0.14376,0.08366,1.64775,-0.05518,5.82955,0.00285,0.03001,1.14246,0.70103,0.40909,0.36842,0.01569,0.07060,-0.08998,-0.10062,0.27855,0.20935,303,0.45487,P,cand,near
P_Z_top10_H20_K50,valid2,405,20,0.11492,0.08646,1.30166,-0.06528,4.91135,0.00228,0.01250,0.49386,0.02991,0.60000,0.58824,0.03786,-0.04673,-0.13969,-0.08255,0.19105,0.16892,219,0.38970,P,cand,near
P_Z_top10_H20_K50,all,1874,90,0.05912,0.10316,0.60866,-0.24720,5.02726,0.00259,0.01475,1.17582,0.85259,0.47778,0.47126,0.00991,0.02472,-0.15160,-0.11947,0.53288,0.36889,1116,0.39847,P,cand,near
P_Z_top10_H20_K50,Y2019,252,12,0.05654,0.07607,0.76126,-0.05409,4.46606,0.00265,0.04381,0.99723,0.26356,0.58333,0.55556,-0.01020,0.30439,-0.26795,-0.23746,0.05654,0.01115,134,0.35539,P,cand,near
P_Z_top10_H20_K50,Y2020,253,12,-0.08988,0.14923,-0.55505,-0.24720,3.55334,0.00196,-0.02391,-0.84151,-1.43214,0.41667,0.33333,-0.04054,-0.00474,-0.37001,-0.30345,-0.09022,-0.07042,138,0.28569,P,cand,near
P_Z_top10_H20_K50,Y2021,252,12,0.07873,0.08276,0.95726,-0.04468,5.43714,0.00266,0.00413,0.12350,-0.57786,0.41667,0.55556,-0.01150,0.04966,-0.18608,-0.18082,0.07873,0.07469,157,0.43243,P,cand,near
P_Z_top10_H20_K50,Y2022,251,12,-0.02932,0.13871,-0.14537,-0.10072,5.37830,0.00309,0.01079,0.37144,-0.25600,0.41667,0.44444,0.06253,-0.02290,0.08756,0.15187,-0.02921,-0.04140,165,0.43187,P,cand,near
P_Z_top10_H20_K50,Y2023,250,12,0.16227,0.08805,1.75235,-0.05518,5.73481,0.00299,0.07658,1.82597,1.39559,0.58333,0.55556,0.05697,0.11633,-0.09460,-0.08870,0.16089,0.07586,160,0.45708,P,cand,near
P_Z_top10_H20_K50,Y2024,211,10,0.12221,0.07813,1.51517,-0.04527,5.94181,0.00268,-0.02517,-1.12194,-2.80983,0.20000,0.28571,-0.02560,-0.02088,-0.08449,-0.11475,0.10135,0.12408,143,0.45225,P,cand,near
P_Z_top10_H20_K50,Y2025,211,10,0.13915,0.07821,1.70530,-0.04575,4.49815,0.00224,0.02001,0.53124,-0.12783,0.60000,0.57143,0.02330,0.00643,-0.12528,-0.06564,0.11526,0.09700,110,0.36421,P,cand,near
P_Z_top10_H20_K50,Y2026,194,10,0.08915,0.09460,0.95019,-0.06528,5.36077,0.00233,0.00433,0.14101,-0.35811,0.60000,0.57143,0.05728,-0.07331,-0.15536,-0.10094,0.06796,0.06556,109,0.41742,P,cand,near
P_Z_top10_H40_K20,train,1008,48,0.04722,0.19531,0.33459,-0.35633,4.45362,0.00251,-0.00220,-0.04030,-0.35181,0.54167,0.55556,0.00735,-0.01749,-0.12770,-0.08604,0.20267,0.20290,336,0.70691,P,cand,fail
P_Z_top10_H40_K20,valid,461,22,0.12779,0.12076,1.05659,-0.12531,4.83105,0.00232,-0.04402,-1.23412,-1.73406,0.36364,0.36842,-0.06265,0.00352,-0.10023,-0.11088,0.24608,0.34943,163,0.75140,P,cand,fail
P_Z_top10_H40_K20,valid2,405,20,0.16822,0.14132,1.17113,-0.14036,4.35553,0.00215,-0.02286,-0.37883,-1.28779,0.35000,0.35294,-0.06820,0.08828,-0.08672,-0.02959,0.28388,0.33777,122,0.69356,P,cand,fail
P_Z_top10_H40_K20,all,1874,90,0.09199,0.16861,0.60678,-0.35633,4.52527,0.00238,-0.01695,-0.67457,-1.03612,0.45556,0.45977,-0.02835,0.00874,-0.11209,-0.07995,0.92405,1.17152,621,0.71497,P,cand,fail
P_Z_top10_H40_K20,Y2019,252,12,0.16582,0.12178,1.32135,-0.08821,4.40962,0.00289,0.01585,0.23766,-0.99005,0.50000,0.55556,-0.00870,0.12041,-0.16495,-0.13446,0.16582,0.14944,65,0.69290,P,cand,fail
P_Z_top10_H40_K20,Y2020,253,12,-0.01468,0.27990,0.08874,-0.35404,4.00131,0.00224,-0.01544,-0.16026,-0.73435,0.50000,0.55556,0.03759,-0.08748,-0.26234,-0.19579,-0.01474,-0.00718,85,0.64439,P,cand,fail
P_Z_top10_H40_K20,Y2021,252,12,0.14960,0.13931,1.07078,-0.07016,4.78520,0.00206,0.00495,0.04182,-0.66633,0.58333,0.77778,-0.02282,0.07747,-0.11613,-0.11087,0.14960,0.14618,90,0.75732,P,cand,fail
P_Z_top10_H40_K20,Y2022,251,12,-0.08955,0.19924,-0.37099,-0.20996,4.62082,0.00284,-0.01416,-0.07108,-0.56799,0.58333,0.77778,0.05142,-0.04759,0.03380,0.09811,-0.08921,-0.08035,96,0.73338,P,cand,fail
P_Z_top10_H40_K20,Y2023,250,12,0.12608,0.13705,0.93532,-0.12531,4.60996,0.00248,-0.03609,-0.59244,-1.05391,0.41667,0.44444,-0.06352,0.01374,-0.12071,-0.11480,0.12502,0.16715,90,0.74216,P,cand,fail
P_Z_top10_H40_K20,Y2024,211,10,0.12982,0.09802,1.29463,-0.04391,5.09300,0.00214,-0.05343,-1.95171,-3.70661,0.30000,0.42857,-0.06178,-0.01694,-0.07597,-0.10623,0.10761,0.15618,73,0.76234,P,cand,fail
P_Z_top10_H40_K20,Y2025,211,10,0.23751,0.11843,1.85922,-0.05446,4.12776,0.00227,-0.03891,-1.10043,-2.73587,0.20000,0.14286,-0.06304,0.04917,-0.03848,0.02116,0.19534,0.23533,58,0.65766,P,cand,fail
P_Z_top10_H40_K20,Y2026,194,10,0.09727,0.16252,0.65249,-0.14036,4.60327,0.00202,-0.00540,-0.01752,-0.87188,0.50000,0.57143,-0.07507,0.10783,-0.13920,-0.08478,0.07407,0.08293,64,0.73261,P,cand,fail
P_Z_top10_H40_K50,train,1008,48,0.01289,0.18879,0.16312,-0.35477,3.87061,0.00211,-0.00112,-0.10767,-0.57875,0.47917,0.48889,-0.02614,0.04072,-0.16225,-0.12059,0.05255,0.04797,523,0.61495,P,cand,fail
P_Z_top10_H40_K50,valid,461,22,0.17110,0.11100,1.47887,-0.09548,4.28556,0.00206,-0.00171,-0.04572,-0.58245,0.54545,0.52632,-0.02399,0.05912,-0.06367,-0.07432,0.33501,0.33763,236,0.66596,P,cand,fail
P_Z_top10_H40_K50,valid2,405,20,0.14996,0.12322,1.19588,-0.11323,3.84574,0.00179,-0.00370,-0.10268,-0.59564,0.45000,0.41176,-0.02266,0.03934,-0.10488,-0.04774,0.25177,0.26320,181,0.61536,P,cand,fail
P_Z_top10_H40_K50,all,1874,90,0.07890,0.15968,0.55605,-0.35477,3.96731,0.00203,-0.00182,-0.15456,-0.48801,0.48889,0.49425,-0.02478,0.04424,-0.12560,-0.09347,0.75894,0.77076,940,0.62759,P,cand,fail
P_Z_top10_H40_K50,Y2019,252,12,0.14680,0.09730,1.45691,-0.05678,3.59777,0.00211,0.02491,0.55613,-0.50118,0.50000,0.55556,-0.02273,0.24829,-0.18410,-0.15361,0.14680,0.11865,111,0.58814,P,cand,fail
P_Z_top10_H40_K50,Y2020,253,12,-0.05768,0.28029,-0.06963,-0.35477,3.16169,0.00172,0.01750,0.29028,-0.62888,0.50000,0.55556,0.00326,0.03279,-0.30669,-0.24014,-0.05790,-0.08079,133,0.51125,P,cand,fail
P_Z_top10_H40_K50,Y2021,252,12,0.11457,0.12688,0.91862,-0.06180,4.48618,0.00216,-0.01408,-0.35526,-1.10268,0.50000,0.66667,-0.04633,0.07462,-0.14875,-0.14349,0.11457,0.13161,139,0.68684,P,cand,fail
P_Z_top10_H40_K50,Y2022,251,12,-0.12639,0.19521,-0.59424,-0.18711,4.24109,0.00245,-0.03300,-0.67628,-1.28035,0.41667,0.55556,-0.03777,-0.02746,-0.00828,0.05603,-0.12592,-0.09937,140,0.67422,P,cand,fail
P_Z_top10_H40_K50,Y2023,250,12,0.19092,0.12426,1.46872,-0.09548,4.15944,0.00217,0.02811,0.58144,0.08582,0.66667,0.66667,0.00469,0.07528,-0.06639,-0.06048,0.18927,0.15663,124,0.68088,P,cand,fail
P_Z_top10_H40_K50,Y2024,211,10,0.14805,0.09285,1.53382,-0.06602,4.43498,0.00193,-0.03704,-1.51043,-2.06061,0.40000,0.57143,-0.05267,0.02682,-0.06046,-0.09072,0.12255,0.15649,112,0.64829,P,cand,fail
P_Z_top10_H40_K50,Y2025,211,10,0.24467,0.10669,2.10553,-0.04713,3.58017,0.00184,0.00140,0.00776,-0.52165,0.50000,0.42857,-0.00439,0.01919,-0.03402,0.02562,0.20112,0.20084,90,0.57040,P,cand,fail
P_Z_top10_H40_K50,Y2026,194,10,0.05511,0.13879,0.45606,-0.11323,4.13457,0.00174,-0.00924,-0.12139,-0.72603,0.40000,0.57143,-0.04701,0.04941,-0.18195,-0.12753,0.04216,0.05193,91,0.66427,P,cand,fail
P_Z_top10_H60_K20,train,1008,48,0.09695,0.22187,0.52867,-0.38886,3.62403,0.00206,-0.01415,-0.32262,-0.60393,0.50000,0.51111,0.01142,-0.05576,-0.07575,-0.03410,0.44795,0.52725,273,0.87713,P,cand,fail
P_Z_top10_H60_K20,valid,461,22,0.13661,0.14097,0.97919,-0.13438,4.31248,0.00211,-0.07582,-1.73178,-2.58213,0.27273,0.26316,-0.08910,-0.04359,-0.08980,-0.10044,0.26396,0.45097,101,0.94638,P,cand,fail
P_Z_top10_H60_K20,valid2,405,20,0.20061,0.17145,1.15250,-0.12911,3.47170,0.00142,-0.06790,-0.64346,-1.11421,0.45000,0.47059,-0.17349,0.19429,-0.05464,0.00250,0.34157,0.50971,92,0.87607,P,cand,fail
P_Z_top10_H60_K20,all,1874,90,0.12838,0.19422,0.71954,-0.38886,3.76047,0.00193,-0.04094,-1.24902,-1.56248,0.43333,0.43678,-0.05739,-0.00151,-0.07464,-0.04251,1.45527,2.34550,466,0.89393,P,cand,fail
P_Z_top10_H60_K20,Y2019,252,12,0.14696,0.13740,1.06728,-0.08100,3.20455,0.00208,0.02036,0.39324,-0.10908,0.50000,0.55556,0.00403,0.08377,-0.17923,-0.14874,0.14696,0.12794,68,0.74336,P,cand,fail
P_Z_top10_H60_K20,Y2020,253,12,0.13841,0.31179,0.57329,-0.38450,3.33263,0.00199,-0.05135,-0.40985,-0.85622,0.58333,0.66667,0.02328,-0.13978,-0.10843,-0.04188,0.13900,0.19442,80,0.85530,P,cand,fail
P_Z_top10_H60_K20,Y2021,252,12,0.27378,0.15985,1.59452,-0.07213,3.97416,0.00182,-0.00090,-0.01469,-0.52805,0.50000,0.66667,0.03088,-0.09745,-0.01041,-0.00515,0.27378,0.27755,63,0.96367,P,cand,fail
P_Z_top10_H60_K20,Y2022,251,12,-0.13035,0.23407,-0.47955,-0.21485,3.98737,0.00234,-0.02462,-0.31412,-0.94815,0.41667,0.55556,-0.02544,-0.01775,-0.00453,0.05978,-0.12987,-0.11266,62,0.94654,P,cand,fail
P_Z_top10_H60_K20,Y2023,250,12,0.14918,0.15611,0.96919,-0.13438,3.99337,0.00212,-0.07918,-1.27961,-2.05208,0.33333,0.33333,-0.12532,0.00805,-0.09760,-0.09170,0.14791,0.24265,56,0.94658,P,cand,fail
P_Z_top10_H60_K20,Y2024,211,10,0.12190,0.12059,1.01436,-0.07204,4.69056,0.00210,-0.07184,-1.10547,-3.39771,0.20000,0.14286,-0.05288,-0.14688,-0.08055,-0.11080,0.10110,0.16764,45,0.94613,P,cand,fail
P_Z_top10_H60_K20,Y2025,211,10,0.27729,0.13928,1.82767,-0.06701,3.16120,0.00140,-0.04342,-0.43592,-1.01821,0.50000,0.57143,-0.06681,0.04917,-0.00411,0.05553,0.22743,0.27433,44,0.81563,P,cand,fail
P_Z_top10_H60_K20,Y2026,194,10,0.12244,0.20060,0.67625,-0.12911,3.80941,0.00145,-0.09452,-0.47290,-1.02543,0.40000,0.42857,-0.31572,0.26685,-0.10959,-0.05517,0.09299,0.18471,48,0.94180,P,cand,fail
P_Z_top10_H60_K50,train,1008,48,0.06541,0.21684,0.40121,-0.35235,3.34967,0.00184,-0.00861,-0.42864,-0.78207,0.47917,0.48889,-0.04347,0.04622,-0.10605,-0.06439,0.28846,0.32601,489,0.81063,P,cand,fail
P_Z_top10_H60_K50,valid,461,22,0.20999,0.14280,1.40679,-0.11190,4.14506,0.00208,-0.02077,-0.46750,-1.00549,0.31818,0.31579,-0.03238,0.00792,-0.02695,-0.03759,0.41721,0.47253,172,0.94899,P,cand,fail
P_Z_top10_H60_K50,valid2,405,20,0.18136,0.15533,1.15109,-0.10336,3.32815,0.00161,-0.05794,-0.88976,-1.35578,0.45000,0.41176,-0.13135,0.11070,-0.07344,-0.01630,0.30717,0.44428,165,0.83017,P,cand,fail
P_Z_top10_H60_K50,all,1874,90,0.12411,0.18850,0.71540,-0.35235,3.54068,0.00185,-0.02226,-1.05390,-1.30872,0.43333,0.43678,-0.06073,0.05164,-0.07954,-0.04741,1.38692,1.82009,826,0.84889,P,cand,fail
P_Z_top10_H60_K50,Y2019,252,12,0.13049,0.11262,1.14592,-0.06154,2.77217,0.00166,0.01635,0.52510,-0.00894,0.50000,0.55556,-0.01425,0.15399,-0.19681,-0.16632,0.13049,0.11315,106,0.68916,P,cand,fail
P_Z_top10_H60_K50,Y2020,253,12,0.11216,0.30329,0.50358,-0.35235,2.96653,0.00165,0.01135,0.06951,-0.40347,0.58333,0.66667,-0.04163,0.07148,-0.13445,-0.06789,0.11263,0.09172,125,0.71335,P,cand,fail
P_Z_top10_H60_K50,Y2021,252,12,0.20291,0.14940,1.31186,-0.07004,3.81055,0.00182,-0.02775,-0.59012,-1.30462,0.41667,0.55556,-0.04102,0.00313,-0.06931,-0.06405,0.20291,0.23861,132,0.90659,P,cand,fail
P_Z_top10_H60_K50,Y2022,251,12,-0.14897,0.24641,-0.53119,-0.24197,3.85295,0.00224,-0.03458,-0.65514,-1.10875,0.41667,0.55556,-0.10892,0.01585,-0.02317,0.04114,-0.14843,-0.11905,126,0.93429,P,cand,fail
P_Z_top10_H60_K50,Y2023,250,12,0.24284,0.15442,1.48569,-0.11190,3.97639,0.00210,-0.00185,-0.02803,-0.56308,0.41667,0.44444,-0.02521,0.04394,-0.01947,-0.01357,0.24069,0.24366,96,0.95112,P,cand,fail
P_Z_top10_H60_K50,Y2024,211,10,0.17219,0.12762,1.30908,-0.06780,4.34490,0.00206,-0.04318,-1.01879,-2.44589,0.20000,0.14286,-0.03955,-0.06411,-0.03580,-0.06606,0.14227,0.18403,76,0.94646,P,cand,fail
P_Z_top10_H60_K50,Y2025,211,10,0.19509,0.13756,1.36489,-0.06654,2.83555,0.00154,-0.05105,-0.77530,-1.18600,0.50000,0.42857,-0.07305,0.01919,-0.07090,-0.01126,0.16094,0.21486,87,0.72758,P,cand,fail
P_Z_top10_H60_K50,Y2026,194,10,0.16661,0.17258,0.97951,-0.10336,3.86392,0.00168,-0.06543,-0.54235,-1.07591,0.40000,0.42857,-0.20907,0.15646,-0.07620,-0.02178,0.12596,0.18884,78,0.94174,P,cand,fail
P_Z_top20_H20_K20,train,1008,48,0.04800,0.20413,0.33303,-0.38390,8.56559,0.00489,-0.01291,-0.45976,-0.80955,0.47917,0.46667,-0.01693,-0.00911,-0.12506,-0.08341,0.20625,0.27204,485,0.68038,P,cand,near
P_Z_top20_H20_K20,valid,461,22,0.21407,0.12309,1.63807,-0.10995,9.36824,0.00479,0.05360,1.56970,1.23345,0.59091,0.52632,0.05011,0.06522,-0.02620,-0.03685,0.42598,0.29253,243,0.73869,P,cand,near
P_Z_top20_H20_K20,valid2,405,20,0.18240,0.15327,1.17002,-0.10769,8.94382,0.00445,0.02955,0.56132,0.23501,0.65000,0.64706,0.03739,0.01504,-0.07290,-0.01576,0.30900,0.25267,205,0.70772,P,cand,near
P_Z_top20_H20_K20,all,1874,90,0.11532,0.17673,0.70686,-0.38390,8.84478,0.00477,0.01263,0.56705,0.34782,0.54444,0.54023,0.01312,0.01126,-0.08947,-0.05734,1.25160,1.05958,933,0.70063,P,cand,near
P_Z_top20_H20_K20,Y2019,252,12,0.12731,0.10623,1.18160,-0.07001,7.80834,0.00478,-0.00270,-0.10366,-0.72826,0.41667,0.33333,0.00423,-0.04115,-0.20034,-0.16985,0.12731,0.13131,111,0.62485,P,cand,near
P_Z_top20_H20_K20,Y2020,253,12,-0.06437,0.30518,-0.06207,-0.38329,7.83529,0.00485,-0.06597,-1.03065,-1.51170,0.50000,0.44444,-0.05184,-0.09623,-0.30612,-0.23956,-0.06461,0.00096,124,0.62708,P,cand,near
P_Z_top20_H20_K20,Y2021,252,12,0.10050,0.14193,0.74585,-0.10445,9.53067,0.00493,-0.08995,-1.40154,-1.97056,0.25000,0.33333,-0.08338,-0.12223,-0.15944,-0.15418,0.10050,0.20698,125,0.74644,P,cand,near
P_Z_top20_H20_K20,Y2022,251,12,0.03963,0.20461,0.29227,-0.16873,9.09304,0.00499,0.10766,1.77643,1.34496,0.75000,0.77778,0.10924,0.11075,0.16752,0.23183,0.03947,-0.06931,125,0.72351,P,cand,near
P_Z_top20_H20_K20,Y2023,250,12,0.23830,0.12978,1.71251,-0.10995,9.24965,0.00478,0.09949,2.20006,1.78897,0.75000,0.66667,0.08919,0.11729,-0.02665,-0.02074,0.23621,0.11996,129,0.73525,P,cand,near
P_Z_top20_H20_K20,Y2024,211,10,0.18597,0.11464,1.54571,-0.05571,9.50874,0.00480,-0.00077,0.02041,-0.72285,0.40000,0.42857,0.01104,-0.03894,-0.02568,-0.05593,0.15351,0.15409,114,0.74277,P,cand,near
P_Z_top20_H20_K20,Y2025,211,10,0.29237,0.14905,1.79611,-0.10769,8.91927,0.00466,0.07001,0.96013,0.53305,0.70000,0.71429,0.09956,-0.02223,0.00905,0.06869,0.23955,0.16850,119,0.71015,P,cand,near
P_Z_top20_H20_K20,Y2026,194,10,0.07338,0.15752,0.52831,-0.09638,8.97053,0.00421,-0.01446,-0.17794,-0.73854,0.60000,0.57143,-0.04550,0.03367,-0.16203,-0.10761,0.05603,0.07204,86,0.70509,P,cand,near
P_Z_top20_H20_K50,train,1008,48,0.04914,0.13613,0.42070,-0.23876,6.18875,0.00351,0.00166,0.05063,-0.26746,0.50000,0.48889,0.00009,0.00273,-0.13578,-0.09412,0.21152,0.20004,629,0.49379,P,cand,near
P_Z_top20_H20_K50,valid,461,22,0.13353,0.09421,1.37788,-0.08675,7.29448,0.00373,0.00898,0.42226,0.07302,0.54545,0.47368,-0.00667,0.05005,-0.09802,-0.10867,0.25770,0.23542,311,0.56656,P,cand,near
P_Z_top20_H20_K50,valid2,405,20,0.14461,0.09750,1.43437,-0.04817,6.66790,0.00341,0.00631,0.19851,-0.36199,0.40000,0.35294,-0.00008,0.02139,-0.11239,-0.05525,0.24242,0.22910,261,0.52775,P,cand,near
P_Z_top20_H20_K50,all,1874,90,0.08961,0.11921,0.77980,-0.23876,6.56431,0.00354,0.00446,0.29815,0.03761,0.48889,0.48276,-0.00172,0.01638,-0.12144,-0.08930,0.89312,0.82222,1201,0.51903,P,cand,near
P_Z_top20_H20_K50,Y2019,252,12,0.04068,0.08710,0.50160,-0.07324,5.54946,0.00345,0.00553,0.23455,-0.10896,0.58333,0.55556,-0.00358,0.04579,-0.28217,-0.25168,0.04068,0.03520,145,0.44296,P,cand,near
P_Z_top20_H20_K50,Y2020,253,12,0.00844,0.16280,0.13374,-0.23876,5.13419,0.00320,-0.06405,-1.24445,-1.48783,0.41667,0.44444,-0.08677,-0.04073,-0.26540,-0.19885,0.00848,0.07323,149,0.40935,P,cand,near
P_Z_top20_H20_K50,Y2021,252,12,0.12977,0.10347,1.23134,-0.05627,6.97560,0.00343,0.01743,0.44136,-0.03821,0.50000,0.55556,0.02250,0.00031,-0.13790,-0.13264,0.12977,0.11123,168,0.55802,P,cand,near
P_Z_top20_H20_K50,Y2022,251,12,0.02187,0.17120,0.21185,-0.13516,7.10355,0.00394,0.04818,1.26134,0.76976,0.50000,0.55556,0.08873,0.02252,0.14399,0.20830,0.02178,-0.02798,167,0.56544,P,cand,near
P_Z_top20_H20_K50,Y2023,250,12,0.13558,0.09768,1.35085,-0.08675,6.98084,0.00370,0.04745,1.92817,1.51316,0.75000,0.66667,0.02468,0.08965,-0.11695,-0.11104,0.13444,0.08164,166,0.55818,P,cand,near
P_Z_top20_H20_K50,Y2024,211,10,0.13110,0.08992,1.41532,-0.04711,7.66608,0.00376,-0.03661,-1.16480,-1.92649,0.30000,0.42857,-0.03802,-0.02916,-0.07560,-0.10586,0.10866,0.14217,145,0.57649,P,cand,near
P_Z_top20_H20_K50,Y2025,211,10,0.17952,0.09962,1.70758,-0.04817,6.43306,0.00355,0.02887,0.59833,-0.05782,0.60000,0.57143,0.04072,-0.01154,-0.08854,-0.02890,0.14826,0.12064,144,0.52169,P,cand,near
P_Z_top20_H20_K50,Y2026,194,10,0.10781,0.09508,1.12450,-0.04412,6.92331,0.00326,-0.01823,-0.43221,-1.91789,0.20000,0.14286,-0.05448,0.03786,-0.13832,-0.08391,0.08201,0.09679,117,0.53434,P,cand,near
P_Z_top20_H40_K20,train,1008,48,0.04327,0.21543,0.30526,-0.39173,4.96749,0.00282,-0.02926,-0.77859,-1.17406,0.45833,0.46667,-0.01051,-0.05726,-0.12729,-0.08563,0.18465,0.32702,336,0.78817,P,cand,fail
P_Z_top20_H40_K20,valid,461,22,0.11116,0.13555,0.84570,-0.16013,5.39656,0.00269,-0.08458,-1.81325,-2.21368,0.31818,0.26316,-0.12512,0.02108,-0.11320,-0.12384,0.21266,0.41626,184,0.85871,P,cand,fail
P_Z_top20_H40_K20,valid2,405,20,0.14087,0.17708,0.83256,-0.14850,5.07934,0.00252,-0.07840,-0.84217,-1.44108,0.40000,0.35294,-0.11463,0.02621,-0.10480,-0.04766,0.23591,0.40805,159,0.81002,P,cand,fail
P_Z_top20_H40_K20,all,1874,90,0.08025,0.19043,0.50115,-0.39173,5.09721,0.00273,-0.05349,-1.78687,-2.16636,0.41111,0.41379,-0.06447,-0.02378,-0.11896,-0.08683,0.77548,1.64629,679,0.81024,P,cand,fail
P_Z_top20_H40_K20,Y2019,252,12,0.11061,0.12432,0.90651,-0.09145,4.52222,0.00285,-0.02896,-0.81717,-1.33755,0.50000,0.55556,-0.03017,-0.03552,-0.21317,-0.18268,0.11061,0.14534,60,0.71062,P,cand,fail
P_Z_top20_H40_K20,Y2020,253,12,0.03900,0.31904,0.28151,-0.38780,4.79035,0.00316,-0.00463,0.00153,-0.37222,0.58333,0.66667,0.08653,-0.12082,-0.19737,-0.13081,0.03916,0.03965,90,0.77186,P,cand,fail
P_Z_top20_H40_K20,Y2021,252,12,0.28524,0.14005,1.86284,-0.07060,5.33919,0.00239,0.04965,0.66964,0.05266,0.50000,0.55556,-0.03512,0.29685,-0.00442,0.00084,0.28524,0.22450,87,0.84126,P,cand,fail
P_Z_top20_H40_K20,Y2022,251,12,-0.20205,0.21938,-0.91852,-0.27767,5.21991,0.00289,-0.13362,-1.72463,-2.04389,0.25000,0.22222,-0.06277,-0.16983,-0.09378,-0.02947,-0.20134,-0.08988,99,0.82916,P,cand,fail
P_Z_top20_H40_K20,Y2023,250,12,0.09488,0.15078,0.67686,-0.16013,5.16400,0.00273,-0.09954,-1.20106,-1.59375,0.41667,0.33333,-0.15076,0.00088,-0.14684,-0.14094,0.09409,0.20984,95,0.83743,P,cand,fail
P_Z_top20_H40_K20,Y2024,211,10,0.13076,0.11492,1.12722,-0.07448,5.67210,0.00265,-0.06686,-2.05775,-3.51342,0.20000,0.14286,-0.09947,0.06149,-0.07333,-0.10359,0.10838,0.17061,89,0.88393,P,cand,fail
P_Z_top20_H40_K20,Y2025,211,10,0.37364,0.18188,1.83686,-0.11529,5.12281,0.00272,0.04164,0.46910,0.01202,0.50000,0.42857,0.04570,0.06216,0.07542,0.13506,0.30449,0.25919,84,0.81009,P,cand,fail
P_Z_top20_H40_K20,Y2026,194,10,-0.06775,0.17080,-0.32536,-0.14850,5.03205,0.00230,-0.20896,-1.48569,-3.23141,0.30000,0.42857,-0.32841,0.00824,-0.30082,-0.24640,-0.05258,0.11822,75,0.80994,P,cand,fail
P_Z_top20_H40_K50,train,1008,48,0.02976,0.19759,0.24813,-0.36646,4.29476,0.00246,-0.00735,-0.31840,-0.68342,0.45833,0.44444,-0.00860,-0.00665,-0.14402,-0.10236,0.12447,0.14952,485,0.68200,P,cand,fail
P_Z_top20_H40_K50,valid,461,22,0.12850,0.11185,1.13710,-0.11548,4.63247,0.00225,-0.04308,-1.26925,-1.58354,0.40909,0.36842,-0.07458,0.03660,-0.10065,-0.11129,0.24751,0.34678,238,0.71651,P,cand,fail
P_Z_top20_H40_K50,valid2,405,20,0.15975,0.12433,1.25447,-0.10310,4.31204,0.00209,-0.03112,-0.57381,-1.12371,0.40000,0.35294,-0.05053,0.02549,-0.09627,-0.03913,0.26894,0.33432,202,0.68680,P,cand,fail
P_Z_top20_H40_K50,all,1874,90,0.08063,0.16561,0.55169,-0.36646,4.38157,0.00233,-0.02128,-1.12134,-1.40486,0.43333,0.42529,-0.03553,0.00895,-0.12303,-0.09089,0.78007,1.06572,925,0.69153,P,cand,fail
P_Z_top20_H40_K50,Y2019,252,12,0.14002,0.11015,1.24526,-0.07298,4.18420,0.00261,-0.00044,-0.10994,-0.82145,0.41667,0.33333,-0.00692,0.02219,-0.18870,-0.15821,0.14002,0.14138,124,0.66206,P,cand,fail
P_Z_top20_H40_K50,Y2020,253,12,-0.03709,0.29451,0.02101,-0.36646,3.97939,0.00253,-0.02420,-0.36848,-0.89791,0.41667,0.44444,-0.02418,-0.03448,-0.28099,-0.21443,-0.03723,-0.01888,118,0.63469,P,cand,fail
P_Z_top20_H40_K50,Y2021,252,12,0.18510,0.12949,1.37679,-0.06049,4.53414,0.00217,0.04241,0.90851,0.39890,0.75000,0.88889,-0.00716,0.18467,-0.08702,-0.08176,0.18510,0.13691,118,0.71754,P,cand,fail
P_Z_top20_H40_K50,Y2022,251,12,-0.13601,0.20029,-0.62934,-0.19008,4.48330,0.00253,-0.04727,-0.97439,-1.99577,0.25000,0.22222,0.00725,-0.07702,-0.01833,0.04598,-0.13551,-0.09711,125,0.71405,P,cand,fail
P_Z_top20_H40_K50,Y2023,250,12,0.10843,0.12576,0.88177,-0.11548,4.48908,0.00233,-0.04660,-0.83869,-1.17409,0.41667,0.33333,-0.08772,0.02867,-0.13801,-0.13210,0.10752,0.15955,125,0.71977,P,cand,fail
P_Z_top20_H40_K50,Y2024,211,10,0.15275,0.09270,1.58032,-0.05492,4.80237,0.00216,-0.03890,-1.09632,-1.53069,0.40000,0.42857,-0.06143,0.05248,-0.05637,-0.08663,0.12640,0.16147,113,0.71264,P,cand,fail
P_Z_top20_H40_K50,Y2025,211,10,0.32185,0.12033,2.38002,-0.05376,4.27223,0.00225,0.01842,0.31445,-0.29495,0.50000,0.42857,0.01921,0.03242,0.02774,0.08738,0.26318,0.24353,110,0.67809,P,cand,fail
P_Z_top20_H40_K50,Y2026,194,10,0.00593,0.12793,0.11022,-0.10310,4.35534,0.00190,-0.08501,-1.15481,-2.91463,0.30000,0.42857,-0.14352,0.02203,-0.23115,-0.17673,0.00456,0.07301,92,0.69627,P,cand,fail
P_Z_top20_H60_K20,train,1008,48,0.19889,0.22281,0.92612,-0.31603,3.70729,0.00198,0.05069,1.21559,0.71780,0.56250,0.57778,0.03009,0.09572,0.01330,0.05496,1.06592,0.67596,220,0.89929,P,cand,fail
P_Z_top20_H60_K20,valid,461,22,0.15475,0.14298,1.07833,-0.17186,4.34017,0.00220,-0.06929,-1.06619,-1.55326,0.45455,0.42105,-0.07718,-0.04687,-0.07365,-0.08430,0.30111,0.47665,98,0.94549,P,cand,fail
P_Z_top20_H60_K20,valid2,405,20,0.13174,0.19504,0.73209,-0.14539,3.69619,0.00194,-0.12112,-1.26787,-2.10890,0.25000,0.17647,-0.10397,-0.14146,-0.10945,-0.05231,0.22006,0.49352,119,0.91775,P,cand,fail
P_Z_top20_H60_K20,all,1874,90,0.17317,0.19989,0.89938,-0.31603,3.86058,0.00203,-0.01595,-0.39842,-0.96531,0.46667,0.47126,-0.02882,0.01714,-0.03462,-0.00248,2.27950,2.69618,437,0.91465,P,cand,fail
P_Z_top20_H60_K20,Y2019,252,12,0.23184,0.13283,1.63704,-0.06981,3.49897,0.00204,0.06444,0.77024,0.09038,0.50000,0.55556,-0.03311,0.52384,-0.10842,-0.07793,0.23184,0.15788,46,0.79751,P,cand,fail
P_Z_top20_H60_K20,Y2020,253,12,0.47730,0.30329,1.44000,-0.31603,3.44747,0.00196,0.17590,1.41712,0.98705,0.66667,0.66667,0.18971,0.18858,0.14956,0.21611,0.47959,0.22764,58,0.88611,P,cand,fail
P_Z_top20_H60_K20,Y2021,252,12,0.33315,0.16636,1.81264,-0.07485,3.91621,0.00186,0.03058,0.44154,-0.07607,0.58333,0.66667,0.00150,0.10259,0.03626,0.04152,0.33315,0.29691,62,0.96199,P,cand,fail
P_Z_top20_H60_K20,Y2022,251,12,-0.15031,0.24587,-0.53930,-0.24290,3.96856,0.00206,-0.06914,-1.27073,-2.36676,0.50000,0.55556,-0.01554,-0.09588,-0.02488,0.03944,-0.14976,-0.09088,54,0.95183,P,cand,fail
P_Z_top20_H60_K20,Y2023,250,12,0.09001,0.16098,0.61629,-0.17186,3.99704,0.00217,-0.14333,-1.43725,-1.82378,0.33333,0.22222,-0.18333,-0.06229,-0.14968,-0.14378,0.08926,0.25747,50,0.94742,P,cand,fail
P_Z_top20_H60_K20,Y2024,211,10,0.23645,0.11802,1.85825,-0.06403,4.74671,0.00223,0.01845,0.27373,-0.58337,0.60000,0.57143,0.02897,-0.01604,0.01644,-0.01382,0.19448,0.17430,48,0.94321,P,cand,fail
P_Z_top20_H60_K20,Y2025,211,10,0.34723,0.20703,1.54371,-0.14188,3.60350,0.00191,0.02211,0.19495,-0.39555,0.40000,0.28571,0.02448,0.06216,0.06094,0.12058,0.28346,0.26361,60,0.88295,P,cand,fail
P_Z_top20_H60_K20,Y2026,194,10,-0.06369,0.18031,-0.27468,-0.12310,3.79702,0.00198,-0.27690,-4.72665,-7.20365,0.10000,0.14286,-0.27523,-0.24327,-0.29477,-0.24035,-0.04940,0.18195,59,0.95560,P,cand,fail
P_Z_top20_H60_K50,train,1008,48,0.11840,0.22549,0.60971,-0.37170,3.61375,0.00205,0.00853,0.34901,-0.17910,0.50000,0.48889,0.01102,0.00591,-0.05557,-0.01391,0.56455,0.50168,368,0.87678,P,cand,fail
P_Z_top20_H60_K50,valid,461,22,0.17039,0.13268,1.25259,-0.12340,4.34714,0.00215,-0.04809,-1.17324,-2.07052,0.36364,0.36842,-0.05579,-0.02985,-0.06163,-0.07228,0.33352,0.45208,130,0.94571,P,cand,fail
P_Z_top20_H60_K50,valid2,405,20,0.20688,0.15134,1.31862,-0.10571,3.52982,0.00172,-0.07297,-1.06485,-1.66443,0.35000,0.29412,-0.07541,-0.05146,-0.05267,0.00447,0.35284,0.52549,159,0.88801,P,cand,fail
P_Z_top20_H60_K50,all,1874,90,0.14974,0.19139,0.82532,-0.37170,3.77602,0.00200,-0.02301,-0.98743,-1.38074,0.43333,0.42529,-0.02634,-0.01336,-0.05643,-0.02430,1.82252,2.32641,657,0.89616,P,cand,fail
P_Z_top20_H60_K50,Y2019,252,12,0.13531,0.11702,1.14359,-0.07526,2.93039,0.00184,0.01259,0.48068,-0.14196,0.58333,0.55556,0.01307,0.00234,-0.19204,-0.16155,0.13531,0.12253,112,0.71930,P,cand,fail
P_Z_top20_H60_K50,Y2020,253,12,0.27705,0.32890,0.90985,-0.37170,3.57653,0.00223,0.04607,0.57920,-0.10593,0.58333,0.66667,0.03992,0.05630,0.01207,0.07863,0.27829,0.21378,107,0.87489,P,cand,fail
P_Z_top20_H60_K50,Y2021,252,12,0.27332,0.16060,1.58564,-0.06750,3.96112,0.00195,0.00091,-0.03307,-0.55208,0.41667,0.55556,-0.02274,0.06110,-0.01065,-0.00539,0.27332,0.27491,79,0.96156,P,cand,fail
P_Z_top20_H60_K50,Y2022,251,12,-0.15390,0.23461,-0.59476,-0.22217,3.98858,0.00220,-0.02573,-0.46783,-0.95273,0.41667,0.44444,0.02726,-0.05272,-0.03182,0.03249,-0.15334,-0.13551,70,0.95166,P,cand,fail
P_Z_top20_H60_K50,Y2023,250,12,0.17221,0.14913,1.14047,-0.12340,4.00062,0.00215,-0.05936,-1.12863,-1.72475,0.33333,0.33333,-0.10176,0.01915,-0.07882,-0.07291,0.17074,0.24134,63,0.94718,P,cand,fail
P_Z_top20_H60_K50,Y2024,211,10,0.16823,0.11005,1.46833,-0.06419,4.75771,0.00214,-0.03473,-0.50090,-2.10154,0.40000,0.28571,-0.00983,-0.12785,-0.04127,-0.07153,0.13905,0.16976,67,0.94396,P,cand,fail
P_Z_top20_H60_K50,Y2025,211,10,0.39430,0.14316,2.39493,-0.07452,3.22548,0.00163,0.03899,0.46493,-0.10426,0.50000,0.42857,0.04588,0.03242,0.08420,0.14384,0.32090,0.27971,85,0.82998,P,cand,fail
P_Z_top20_H60_K50,Y2026,194,10,0.03152,0.15918,0.27458,-0.10571,3.86084,0.00182,-0.19475,-2.32999,-3.07054,0.20000,0.28571,-0.23712,-0.09340,-0.20154,-0.14712,0.02418,0.19206,74,0.95112,P,cand,fail
P_ZV_top10_H20_K20,train,1008,48,0.02177,0.13549,0.22715,-0.25552,5.47493,0.00294,0.01568,0.56194,0.03557,0.47917,0.51111,-0.02333,0.08320,-0.16227,-0.12061,0.08998,0.01893,416,0.43748,P,cand,near
P_ZV_top10_H20_K20,valid,461,22,0.18516,0.10418,1.68333,-0.07658,7.64662,0.00364,0.04304,1.03447,0.50090,0.54545,0.47368,0.02865,0.08074,-0.05247,-0.06312,0.36448,0.26126,216,0.59194,P,cand,near
P_ZV_top10_H20_K20,valid2,405,20,0.20180,0.12120,1.57766,-0.07023,6.45866,0.00321,0.05592,1.18387,0.76285,0.55000,0.52941,0.10790,-0.07166,-0.06102,-0.00388,0.34370,0.23445,165,0.51125,P,cand,near
P_ZV_top10_H20_K20,all,1874,90,0.09757,0.12547,0.80513,-0.25552,6.22176,0.00317,0.03111,1.53495,1.24705,0.51111,0.52874,0.02042,0.05065,-0.11338,-0.08124,0.99842,0.58644,797,0.49142,P,cand,near
P_ZV_top10_H20_K20,Y2019,252,12,0.06412,0.08222,0.79712,-0.06121,4.88575,0.00289,0.04838,0.63283,-0.19396,0.33333,0.44444,-0.04474,0.49700,-0.26032,-0.22983,0.06412,0.01384,76,0.38934,P,cand,near
P_ZV_top10_H20_K20,Y2020,253,12,-0.00986,0.17788,0.03447,-0.25552,4.53790,0.00254,0.00719,0.10142,-0.76656,0.66667,0.66667,-0.02020,0.03918,-0.28105,-0.21449,-0.00990,-0.02044,114,0.36174,P,cand,near
P_ZV_top10_H20_K20,Y2021,252,12,0.09467,0.10553,0.91027,-0.06077,6.29063,0.00268,0.00727,0.13191,-0.46117,0.58333,0.77778,-0.00970,0.05247,-0.16924,-0.16398,0.09467,0.08814,115,0.50468,P,cand,near
P_ZV_top10_H20_K20,Y2022,251,12,-0.05513,0.15433,-0.29045,-0.11875,6.19199,0.00364,-0.00014,0.03784,-0.66190,0.33333,0.44444,-0.00940,0.00959,0.06290,0.12721,-0.05492,-0.05711,111,0.49469,P,cand,near
P_ZV_top10_H20_K20,Y2023,250,12,0.21120,0.10774,1.83304,-0.07658,7.29273,0.00365,0.08970,1.25910,0.73200,0.58333,0.44444,0.06386,0.13563,-0.05142,-0.04551,0.20935,0.10659,125,0.58162,P,cand,near
P_ZV_top10_H20_K20,Y2024,211,10,0.15504,0.09977,1.49498,-0.04193,8.06593,0.00362,-0.01225,-0.33520,-1.15024,0.50000,0.57143,-0.00656,-0.02904,-0.05372,-0.08398,0.12827,0.13977,91,0.60416,P,cand,near
P_ZV_top10_H20_K20,Y2025,211,10,0.18955,0.10440,1.71537,-0.04529,6.14699,0.00346,0.05073,0.89196,0.37038,0.60000,0.57143,0.06942,-0.02293,-0.07958,-0.01994,0.15643,0.10970,84,0.49815,P,cand,near
P_ZV_top10_H20_K20,Y2026,194,10,0.21527,0.13716,1.49037,-0.07023,6.79764,0.00295,0.06157,0.76802,0.17477,0.50000,0.57143,0.15920,-0.09602,-0.04083,0.01359,0.16194,0.11241,81,0.52550,P,cand,near
P_ZV_top10_H20_K50,train,1008,48,0.00255,0.08639,0.07293,-0.18806,3.09578,0.00164,0.00612,0.41900,-0.14774,0.50000,0.53333,-0.01404,0.04255,-0.18675,-0.14509,0.01024,-0.01644,513,0.24731,P,cand,near
P_ZV_top10_H20_K50,valid,461,22,0.13012,0.08251,1.52407,-0.06593,5.06753,0.00256,0.02957,0.94832,0.40260,0.40909,0.36842,0.02488,0.04387,-0.10208,-0.11273,0.25078,0.18550,299,0.39670,P,cand,near
P_ZV_top10_H20_K50,valid2,405,20,0.10555,0.07971,1.29902,-0.05070,4.13917,0.00198,0.02434,1.02177,0.62326,0.55000,0.52941,0.04516,-0.02725,-0.14869,-0.09156,0.17500,0.13156,202,0.32833,P,cand,near
P_ZV_top10_H20_K50,all,1874,90,0.05458,0.08411,0.67414,-0.18806,3.80632,0.00194,0.01583,1.32249,0.99536,0.48889,0.50575,0.00975,0.02838,-0.15770,-0.12556,0.48471,0.31941,1014,0.30157,P,cand,near
P_ZV_top10_H20_K50,Y2019,252,12,0.05676,0.05798,0.98144,-0.03691,2.90326,0.00159,0.04408,1.06945,0.45295,0.33333,0.44444,-0.01343,0.33007,-0.26897,-0.23848,0.05676,0.01095,104,0.23140,P,cand,near
P_ZV_top10_H20_K50,Y2020,253,12,-0.06202,0.11476,-0.49956,-0.18806,2.38965,0.00138,-0.00912,-0.48832,-0.82806,0.66667,0.66667,-0.01417,-0.00331,-0.34451,-0.27795,-0.06226,-0.05446,126,0.19056,P,cand,near
P_ZV_top10_H20_K50,Y2021,252,12,0.02574,0.06472,0.42521,-0.05680,3.62273,0.00155,0.00820,0.31311,-0.24863,0.58333,0.77778,-0.00201,0.03648,-0.23778,-0.23252,0.02574,0.01774,138,0.28980,P,cand,near
P_ZV_top10_H20_K50,Y2022,251,12,-0.00616,0.09533,-0.01751,-0.06614,3.47179,0.00204,-0.01871,-0.70249,-1.21589,0.41667,0.55556,-0.03675,-0.00423,0.10605,0.17036,-0.00614,0.01101,145,0.27782,P,cand,near
P_ZV_top10_H20_K50,Y2023,250,12,0.15848,0.08869,1.70341,-0.06593,4.96145,0.00266,0.08255,1.67468,1.23128,0.58333,0.55556,0.08632,0.07709,-0.09782,-0.09192,0.15713,0.06677,164,0.39557,P,cand,near
P_ZV_top10_H20_K50,Y2024,211,10,0.09741,0.07448,1.28546,-0.02811,5.19321,0.00243,-0.03320,-1.27352,-2.09393,0.20000,0.28571,-0.03657,-0.02258,-0.10713,-0.13739,0.08094,0.11130,135,0.39805,P,cand,near
P_ZV_top10_H20_K50,Y2025,211,10,0.11721,0.07302,1.55460,-0.04458,3.98161,0.00202,0.01030,0.29797,-0.41624,0.60000,0.57143,0.01481,-0.00917,-0.14514,-0.08550,0.09724,0.08808,102,0.32003,P,cand,near
P_ZV_top10_H20_K50,Y2026,194,10,0.09301,0.08639,1.07294,-0.05070,4.31055,0.00194,0.03961,1.13664,0.60378,0.50000,0.57143,0.08563,-0.03629,-0.15256,-0.09814,0.07087,0.03996,100,0.33736,P,cand,near
P_ZV_top10_H40_K20,train,1008,48,0.02405,0.18934,0.22103,-0.34452,3.87186,0.00202,0.01228,0.39390,-0.04122,0.54167,0.57778,-0.00352,0.03962,-0.15120,-0.10954,0.09972,0.03702,319,0.61593,P,cand,near
P_ZV_top10_H40_K20,valid,461,22,0.15787,0.12055,1.27662,-0.10686,4.62820,0.00218,-0.01252,-0.37694,-1.15580,0.40909,0.42105,-0.02643,0.02047,-0.07394,-0.08458,0.30754,0.33763,157,0.70912,P,cand,near
P_ZV_top10_H40_K20,valid2,405,20,0.20044,0.15456,1.25967,-0.11739,4.08929,0.00208,0.01925,0.33913,-0.06779,0.60000,0.58824,0.01189,0.02948,-0.05754,-0.00040,0.34125,0.31155,105,0.65156,P,cand,near
P_ZV_top10_H40_K20,all,1874,90,0.09234,0.16745,0.61180,-0.34452,4.10491,0.00207,0.00768,0.31847,-0.00551,0.52222,0.54023,-0.00599,0.03356,-0.11195,-0.07982,0.92862,0.81932,581,0.64655,P,cand,near
P_ZV_top10_H40_K20,Y2019,252,12,0.13808,0.09930,1.35271,-0.06345,3.19249,0.00177,0.04171,0.69868,-0.62236,0.41667,0.55556,-0.01505,0.31054,-0.19154,-0.16105,0.13808,0.09198,48,0.50459,P,cand,near
P_ZV_top10_H40_K20,Y2020,253,12,-0.01533,0.28598,0.09094,-0.34369,3.57502,0.00198,0.02971,0.40258,-0.24548,0.50000,0.55556,0.05133,-0.00349,-0.26117,-0.19461,-0.01539,-0.04905,93,0.58875,P,cand,near
P_ZV_top10_H40_K20,Y2021,252,12,0.10675,0.13030,0.84387,-0.06314,4.50325,0.00182,-0.01860,-0.33230,-0.56866,0.58333,0.77778,-0.03063,0.01109,-0.15534,-0.15008,0.10675,0.12884,95,0.69566,P,cand,near
P_ZV_top10_H40_K20,Y2022,251,12,-0.11368,0.18560,-0.55711,-0.16704,4.21923,0.00250,-0.00385,-0.00829,-0.42306,0.66667,0.88889,-0.00844,0.00523,0.00432,0.06863,-0.11326,-0.11533,83,0.67504,P,cand,near
P_ZV_top10_H40_K20,Y2023,250,12,0.17161,0.13461,1.24434,-0.10686,4.37163,0.00230,0.01686,0.23204,-0.50231,0.41667,0.44444,0.00155,0.03831,-0.08140,-0.07549,0.17014,0.15194,86,0.69339,P,cand,near
P_ZV_top10_H40_K20,Y2024,211,10,0.14179,0.10138,1.35891,-0.06850,4.93219,0.00203,-0.04733,-1.28922,-1.76802,0.40000,0.57143,-0.05441,-0.01520,-0.06510,-0.09536,0.11742,0.16120,71,0.72777,P,cand,near
P_ZV_top10_H40_K20,Y2025,211,10,0.29721,0.13515,1.99382,-0.05773,3.95459,0.00231,0.02413,0.37141,-0.16364,0.60000,0.57143,0.02866,0.00447,0.01081,0.07045,0.24344,0.22183,51,0.62752,P,cand,near
P_ZV_top10_H40_K20,Y2026,194,10,0.10335,0.17307,0.65501,-0.11739,4.23579,0.00182,0.01394,0.12849,-0.43348,0.60000,0.71429,-0.01047,0.04199,-0.13189,-0.07747,0.07866,0.07343,54,0.67771,P,cand,near
P_ZV_top10_H40_K50,train,1008,48,0.01831,0.14880,0.19693,-0.28282,2.80385,0.00146,0.00652,0.31271,-0.03329,0.52083,0.55556,-0.01685,0.04653,-0.16375,-0.12209,0.07528,0.04273,494,0.45222,P,cand,near
P_ZV_top10_H40_K50,valid,461,22,0.17091,0.11462,1.43424,-0.10144,4.24028,0.00212,-0.00386,-0.12921,-0.81945,0.40909,0.47368,-0.02395,0.04822,-0.06344,-0.07408,0.33460,0.34517,260,0.64878,P,cand,near
P_ZV_top10_H40_K50,valid2,405,20,0.15359,0.12155,1.23655,-0.09443,3.48886,0.00161,0.01172,0.27810,-0.26202,0.45000,0.41176,-0.02060,0.08089,-0.10193,-0.04479,0.25812,0.23962,172,0.56191,P,cand,near
P_ZV_top10_H40_K50,all,1874,90,0.08269,0.13546,0.65467,-0.28282,3.30525,0.00166,0.00509,0.28309,-0.01776,0.47778,0.49425,-0.01957,0.05399,-0.12571,-0.09357,0.80549,0.73876,926,0.52428,P,cand,near
P_ZV_top10_H40_K50,Y2019,252,12,0.09596,0.07426,1.27139,-0.04354,2.47406,0.00133,0.01352,0.33860,-0.43797,0.41667,0.55556,-0.03166,0.23289,-0.23146,-0.20097,0.09596,0.08099,91,0.40487,P,cand,near
P_ZV_top10_H40_K50,Y2020,253,12,-0.01759,0.22697,0.03681,-0.28282,2.29489,0.00131,0.02569,0.67123,0.03666,0.58333,0.66667,0.03720,0.00961,-0.27882,-0.21227,-0.01766,-0.04596,133,0.38212,P,cand,near
P_ZV_top10_H40_K50,Y2021,252,12,0.08659,0.10435,0.84812,-0.06833,3.29311,0.00142,0.00994,0.30403,-0.15184,0.58333,0.77778,0.00048,0.03199,-0.17680,-0.17154,0.08659,0.07696,134,0.51392,P,cand,near
P_ZV_top10_H40_K50,Y2022,251,12,-0.08113,0.14300,-0.52015,-0.13368,3.15676,0.00180,-0.02329,-0.57160,-1.09959,0.50000,0.55556,-0.09411,0.02588,0.03334,0.09765,-0.08082,-0.06117,136,0.50848,P,cand,near
P_ZV_top10_H40_K50,Y2023,250,12,0.23027,0.12919,1.66940,-0.10144,4.09559,0.00220,0.06064,1.28060,0.75813,0.58333,0.77778,0.05516,0.06964,-0.03323,-0.02732,0.22825,0.15802,143,0.66041,P,cand,near
P_ZV_top10_H40_K50,Y2024,211,10,0.10426,0.09435,1.09844,-0.04927,4.41170,0.00202,-0.08030,-2.38102,-3.09604,0.20000,0.28571,-0.10306,0.00539,-0.09923,-0.12949,0.08659,0.16161,117,0.63501,P,cand,near
P_ZV_top10_H40_K50,Y2025,211,10,0.18734,0.09922,1.78075,-0.05259,3.20924,0.00157,-0.02314,-0.71376,-1.35714,0.40000,0.28571,-0.03132,0.00165,-0.08197,-0.02234,0.15463,0.17819,82,0.52135,P,cand,near
P_ZV_top10_H40_K50,Y2026,194,10,0.11796,0.14188,0.85713,-0.09443,3.79299,0.00167,0.04964,0.71768,0.17032,0.50000,0.71429,-0.00630,0.12051,-0.12364,-0.06922,0.08964,0.05214,90,0.60603,P,cand,near
P_ZV_top10_H60_K20,train,1008,48,0.05967,0.22989,0.36768,-0.34201,3.38041,0.00177,-0.01371,-0.43421,-0.81040,0.43750,0.46667,-0.07763,0.08918,-0.10852,-0.06687,0.26090,0.33188,248,0.82021,P,cand,fail
P_ZV_top10_H60_K20,valid,461,22,0.20031,0.14131,1.36325,-0.12319,4.28906,0.00212,-0.03580,-0.60913,-1.49486,0.36364,0.36842,-0.02368,-0.06672,-0.03519,-0.04584,0.39654,0.49058,114,0.94524,P,cand,fail
P_ZV_top10_H60_K20,valid2,405,20,0.16845,0.19814,0.88512,-0.12741,3.49098,0.00169,-0.08594,-0.96110,-1.20300,0.55000,0.58824,-0.13078,0.01646,-0.07685,-0.01972,0.28428,0.50005,85,0.87294,P,cand,fail
P_ZV_top10_H60_K20,all,1874,90,0.11598,0.20453,0.63929,-0.34201,3.62783,0.00184,-0.03475,-1.13836,-1.42799,0.44444,0.45977,-0.07568,0.04188,-0.08364,-0.05150,1.26149,1.97799,447,0.86236,P,cand,fail
P_ZV_top10_H60_K20,Y2019,252,12,0.15210,0.10776,1.36822,-0.05228,2.47770,0.00136,0.03118,0.46763,-0.86325,0.33333,0.44444,-0.03861,0.36141,-0.17842,-0.14793,0.15210,0.11701,29,0.65599,P,cand,fail
P_ZV_top10_H60_K20,Y2020,253,12,0.22486,0.32857,0.78327,-0.34201,3.45262,0.00192,0.07321,0.53255,0.05479,0.66667,0.55556,-0.03834,0.20121,-0.02982,0.03674,0.22584,0.13403,73,0.80077,P,cand,fail
P_ZV_top10_H60_K20,Y2021,252,12,0.11817,0.15453,0.80040,-0.08198,3.70526,0.00153,-0.07996,-1.36545,-2.01146,0.33333,0.44444,-0.07291,-0.11144,-0.14162,-0.13636,0.11817,0.21393,76,0.88083,P,cand,fail
P_ZV_top10_H60_K20,Y2022,251,12,-0.20226,0.25949,-0.74059,-0.29851,3.88781,0.00229,-0.07987,-0.85086,-1.29648,0.41667,0.55556,-0.21917,0.01737,-0.08446,-0.02014,-0.20155,-0.13386,70,0.94383,P,cand,fail
P_ZV_top10_H60_K20,Y2023,250,12,0.26612,0.15427,1.60753,-0.12319,3.95779,0.00213,0.00112,0.00048,-0.96871,0.50000,0.55556,-0.01614,0.03242,-0.00091,0.00500,0.26376,0.26291,64,0.95058,P,cand,fail
P_ZV_top10_H60_K20,Y2024,211,10,0.12674,0.12408,1.02392,-0.07680,4.68155,0.00211,-0.07955,-1.09616,-2.55266,0.20000,0.14286,-0.03122,-0.26500,-0.07582,-0.10607,0.10507,0.18027,50,0.93891,P,cand,fail
P_ZV_top10_H60_K20,Y2025,211,10,0.24211,0.17252,1.34352,-0.10167,3.17829,0.00173,-0.04832,-0.51436,-0.78682,0.50000,0.57143,-0.06752,0.00447,-0.02687,0.03277,0.19906,0.25582,37,0.80244,P,cand,fail
P_ZV_top10_H60_K20,Y2026,194,10,0.09329,0.22262,0.51221,-0.12741,3.83108,0.00164,-0.12685,-0.78558,-1.08564,0.60000,0.57143,-0.21514,0.02246,-0.13122,-0.07680,0.07107,0.19448,48,0.94962,P,cand,fail
P_ZV_top10_H60_K50,train,1008,48,0.05134,0.18216,0.36649,-0.30021,2.66902,0.00140,-0.00229,-0.10432,-0.54172,0.45833,0.48889,-0.02645,0.04009,-0.12629,-0.08463,0.22174,0.22738,430,0.64633,P,cand,fail
P_ZV_top10_H60_K50,valid,461,22,0.21425,0.14629,1.40071,-0.10126,3.99009,0.00199,-0.01020,-0.31451,-0.71377,0.45455,0.47368,-0.03101,0.03475,-0.02292,-0.03357,0.42637,0.45605,218,0.92316,P,cand,fail
P_ZV_top10_H60_K50,valid2,405,20,0.20668,0.15020,1.32634,-0.10245,3.12424,0.00151,-0.02157,-0.39254,-1.03694,0.55000,0.52941,-0.07111,0.08998,-0.05301,0.00413,0.35248,0.40959,161,0.76719,P,cand,fail
P_ZV_top10_H60_K50,all,1874,90,0.12220,0.16735,0.77304,-0.30021,3.09238,0.00157,-0.00840,-0.44926,-0.77137,0.47778,0.49425,-0.03790,0.04931,-0.08502,-0.05289,1.35690,1.51911,809,0.74055,P,cand,fail
P_ZV_top10_H60_K50,Y2019,252,12,0.12780,0.08897,1.39669,-0.05237,2.14491,0.00118,0.02159,0.57253,-0.14403,0.33333,0.44444,-0.02831,0.26408,-0.20160,-0.17111,0.12780,0.10346,86,0.54295,P,cand,fail
P_ZV_top10_H60_K50,Y2020,253,12,0.13854,0.26364,0.62534,-0.30021,2.42246,0.00137,0.05603,0.81110,0.21551,0.58333,0.55556,0.04738,0.06495,-0.12232,-0.05576,0.13912,0.07140,119,0.56511,P,cand,fail
P_ZV_top10_H60_K50,Y2021,252,12,0.18468,0.13122,1.35766,-0.07296,3.00427,0.00128,0.01467,0.37897,-0.07112,0.50000,0.55556,0.02291,-0.01728,-0.08714,-0.08188,0.18468,0.16961,110,0.73265,P,cand,fail
P_ZV_top10_H60_K50,Y2022,251,12,-0.19796,0.19385,-1.04047,-0.26194,3.10715,0.00177,-0.10208,-1.42535,-1.70884,0.41667,0.44444,-0.21496,-0.01708,-0.09398,-0.02967,-0.19726,-0.11237,115,0.74531,P,cand,fail
P_ZV_top10_H60_K50,Y2023,250,12,0.25300,0.15486,1.53455,-0.10126,3.96110,0.00208,0.00558,0.03033,-0.38354,0.58333,0.66667,-0.04617,0.09821,-0.01125,-0.00535,0.25076,0.24503,120,0.92941,P,cand,fail
P_ZV_top10_H60_K50,Y2024,211,10,0.16989,0.13539,1.22699,-0.06993,4.02445,0.00188,-0.02890,-0.59812,-1.79750,0.30000,0.28571,-0.01586,-0.09216,-0.03675,-0.06701,0.14040,0.16949,98,0.91576,P,cand,fail
P_ZV_top10_H60_K50,Y2025,211,10,0.17807,0.13306,1.29854,-0.06204,2.57801,0.00139,-0.03125,-0.51169,-1.33606,0.50000,0.42857,-0.04286,0.00165,-0.08587,-0.02624,0.14707,0.18069,79,0.66554,P,cand,fail
P_ZV_top10_H60_K50,Y2026,194,10,0.23859,0.16684,1.36641,-0.10245,3.71833,0.00164,-0.01105,-0.11734,-0.89640,0.60000,0.57143,-0.10879,0.13415,-0.01727,0.03715,0.17907,0.19386,82,0.87775,P,cand,fail
P_ZV_top20_H20_K20,train,1008,48,0.03231,0.17429,0.27052,-0.34040,7.21471,0.00408,-0.01204,-0.44666,-0.84592,0.41667,0.44444,-0.02022,0.00333,-0.14590,-0.10424,0.13564,0.18530,465,0.57564,P,cand,near
P_ZV_top20_H20_K20,valid,461,22,0.20153,0.11984,1.59251,-0.10749,9.04817,0.00468,0.05613,1.62686,1.33851,0.63636,0.57895,0.05154,0.06952,-0.03699,-0.04763,0.39915,0.26273,247,0.70965,P,cand,near
P_ZV_top20_H20_K20,valid2,405,20,0.26917,0.13143,1.88002,-0.05962,8.23350,0.00402,0.09914,1.39572,0.96433,0.50000,0.47059,0.10682,0.07902,-0.00515,0.05199,0.46680,0.25465,193,0.65326,P,cand,near
P_ZV_top20_H20_K20,all,1874,90,0.12051,0.15374,0.81768,-0.34040,7.88591,0.00421,0.02876,1.27595,0.95281,0.48889,0.50575,0.02776,0.03268,-0.08869,-0.05655,1.33063,0.87786,905,0.62538,P,cand,near
P_ZV_top20_H20_K20,Y2019,252,12,0.09655,0.09294,1.03845,-0.07295,5.89113,0.00371,0.02779,0.55223,-0.40312,0.33333,0.44444,-0.00672,0.18675,-0.22935,-0.19886,0.09655,0.06709,92,0.46906,P,cand,near
P_ZV_top20_H20_K20,Y2020,253,12,-0.05051,0.23413,-0.10189,-0.33604,6.27674,0.00364,-0.08128,-1.36784,-2.04567,0.41667,0.55556,-0.03037,-0.14012,-0.31103,-0.24448,-0.05070,0.02280,112,0.50261,P,cand,near
P_ZV_top20_H20_K20,Y2021,252,12,0.11318,0.12754,0.90469,-0.08674,8.44895,0.00434,-0.01946,-0.37064,-0.84334,0.41667,0.55556,-0.03457,0.01687,-0.14992,-0.14466,0.11318,0.13707,132,0.67334,P,cand,near
P_ZV_top20_H20_K20,Y2022,251,12,-0.02003,0.20416,0.00322,-0.16191,8.24983,0.00462,0.02523,0.46826,-0.18335,0.50000,0.44444,-0.00717,0.04757,0.10838,0.17269,-0.01995,-0.04490,129,0.65816,P,cand,near
P_ZV_top20_H20_K20,Y2023,250,12,0.18849,0.12963,1.39738,-0.10749,8.85766,0.00480,0.07930,1.64329,1.25895,0.66667,0.55556,0.06704,0.09739,-0.06775,-0.06185,0.18686,0.09760,134,0.70471,P,cand,near
P_ZV_top20_H20_K20,Y2024,211,10,0.21717,0.10708,1.88962,-0.04482,9.27389,0.00455,0.02869,0.59484,0.13576,0.60000,0.57143,0.03604,0.01379,-0.00053,-0.03079,0.17886,0.15045,113,0.71551,P,cand,near
P_ZV_top20_H20_K20,Y2025,211,10,0.29719,0.11596,2.30288,-0.05962,7.91921,0.00392,0.07956,0.97358,0.48624,0.50000,0.42857,0.12816,-0.08982,0.00838,0.06802,0.24342,0.16361,104,0.63383,P,cand,near
P_ZV_top20_H20_K20,Y2026,194,10,0.23937,0.14640,1.53955,-0.05274,8.57533,0.00411,0.12044,0.96976,0.35243,0.50000,0.57143,0.07837,0.16343,-0.01986,0.03456,0.17964,0.07824,89,0.67439,P,cand,near
P_ZV_top20_H20_K50,train,1008,48,-0.00789,0.12305,-0.00248,-0.25036,4.93096,0.00276,-0.00446,-0.27140,-0.82470,0.43750,0.46667,-0.01838,0.01912,-0.19335,-0.15170,-0.03118,-0.01623,600,0.39445,P,cand,fail
P_ZV_top20_H20_K50,valid,461,22,0.14112,0.08988,1.51406,-0.06250,6.66782,0.00334,0.02039,0.90905,0.49961,0.54545,0.47368,0.01030,0.04833,-0.09175,-0.10240,0.27314,0.22531,312,0.51591,P,cand,fail
P_ZV_top20_H20_K50,valid2,405,20,0.13679,0.09316,1.42317,-0.04849,5.90099,0.00296,-0.00150,-0.05479,-0.74916,0.45000,0.41176,0.01089,-0.03081,-0.11965,-0.06252,0.22882,0.23253,252,0.46802,P,cand,fail
P_ZV_top20_H20_K50,all,1874,90,0.05751,0.10966,0.56507,-0.25036,5.56786,0.00295,0.00229,0.15036,-0.21148,0.46667,0.48276,-0.00414,0.01483,-0.15243,-0.12029,0.51568,0.48571,1164,0.44023,P,cand,fail
P_ZV_top20_H20_K50,Y2019,252,12,0.03635,0.08076,0.48276,-0.05834,4.23337,0.00262,0.02983,0.72625,-0.39968,0.41667,0.55556,-0.01285,0.23144,-0.28688,-0.25639,0.03635,0.00596,114,0.33696,P,cand,fail
P_ZV_top20_H20_K50,Y2020,253,12,-0.06662,0.14795,-0.39079,-0.25036,4.05777,0.00230,-0.02623,-0.63831,-1.30992,0.50000,0.44444,-0.02001,-0.03456,-0.34500,-0.27844,-0.06687,-0.04457,143,0.32552,P,cand,fail
P_ZV_top20_H20_K50,Y2021,252,12,0.05609,0.08508,0.68416,-0.05889,5.64508,0.00290,-0.01822,-0.55549,-1.06467,0.41667,0.55556,-0.03225,0.02136,-0.20709,-0.20183,0.05609,0.07589,167,0.45101,P,cand,fail
P_ZV_top20_H20_K50,Y2022,251,12,-0.05158,0.15776,-0.25690,-0.11833,5.79450,0.00323,-0.00312,-0.08396,-0.50035,0.41667,0.33333,-0.00221,-0.00416,0.06719,0.13150,-0.05138,-0.04863,176,0.46487,P,cand,fail
P_ZV_top20_H20_K50,Y2023,250,12,0.14107,0.09296,1.46645,-0.06250,6.35559,0.00335,0.05631,1.93368,1.51110,0.75000,0.66667,0.03521,0.09528,-0.11258,-0.10667,0.13987,0.07765,167,0.50573,P,cand,fail
P_ZV_top20_H20_K50,Y2024,211,10,0.14117,0.08608,1.57748,-0.04798,7.03777,0.00332,-0.02218,-0.62478,-2.38656,0.30000,0.28571,-0.01460,-0.04558,-0.06708,-0.09733,0.11692,0.13702,145,0.52799,P,cand,fail
P_ZV_top20_H20_K50,Y2025,211,10,0.17786,0.09258,1.81510,-0.04849,5.65317,0.00305,0.02055,0.43191,-0.32290,0.50000,0.42857,0.03582,-0.03715,-0.09062,-0.03098,0.14691,0.12766,131,0.45854,P,cand,fail
P_ZV_top20_H20_K50,Y2026,194,10,0.09375,0.09372,1.00309,-0.03474,6.17051,0.00286,-0.02548,-0.71694,-1.76983,0.40000,0.42857,-0.02235,-0.02764,-0.15123,-0.09681,0.07142,0.09299,121,0.47833,P,cand,fail
P_ZV_top20_H40_K20,train,1008,48,0.02913,0.19665,0.24531,-0.37185,4.28192,0.00234,-0.01650,-0.41275,-0.77704,0.39583,0.42222,0.01115,-0.06009,-0.14481,-0.10315,0.12173,0.18855,326,0.67997,P,cand,fail
P_ZV_top20_H40_K20,valid,461,22,0.09507,0.13207,0.75401,-0.16144,5.10319,0.00261,-0.07645,-1.50716,-2.12245,0.31818,0.26316,-0.11024,0.01258,-0.12825,-0.13890,0.18075,0.35903,184,0.80420,P,cand,fail
P_ZV_top20_H40_K20,valid2,405,20,0.12564,0.14629,0.88224,-0.14804,4.62676,0.00225,-0.07868,-1.19324,-1.97121,0.40000,0.35294,-0.08411,-0.05253,-0.12317,-0.06603,0.20951,0.37762,148,0.73639,P,cand,fail
P_ZV_top20_H40_K20,all,1874,90,0.06542,0.17240,0.45440,-0.37185,4.55847,0.00239,-0.04468,-1.65126,-1.96909,0.37778,0.39080,-0.04255,-0.04349,-0.13606,-0.10392,0.60197,1.22525,658,0.72272,P,cand,fail
P_ZV_top20_H40_K20,Y2019,252,12,0.11269,0.10763,1.04637,-0.09592,3.39112,0.00226,0.01286,0.19527,-0.79816,0.41667,0.55556,-0.00175,0.07465,-0.21324,-0.18275,0.11269,0.09961,55,0.52958,P,cand,fail
P_ZV_top20_H40_K20,Y2020,253,12,0.02421,0.28767,0.22920,-0.36969,4.26147,0.00241,0.00047,0.07515,-0.51008,0.50000,0.55556,0.10517,-0.13167,-0.22124,-0.15469,0.02431,0.01697,87,0.68850,P,cand,fail
P_ZV_top20_H40_K20,Y2021,252,12,0.12451,0.14009,0.90795,-0.07010,4.81193,0.00218,-0.02574,-0.61979,-1.06866,0.25000,0.33333,-0.05742,0.05554,-0.13810,-0.13284,0.12451,0.15614,87,0.75317,P,cand,fail
P_ZV_top20_H40_K20,Y2022,251,12,-0.12524,0.20102,-0.56463,-0.20687,4.66474,0.00250,-0.05381,-0.53901,-1.00325,0.41667,0.44444,0.02874,-0.09701,-0.00578,0.05853,-0.12477,-0.08070,97,0.74887,P,cand,fail
P_ZV_top20_H40_K20,Y2023,250,12,0.05838,0.14715,0.45942,-0.16144,4.78517,0.00263,-0.10115,-1.28347,-1.73602,0.41667,0.33333,-0.14389,-0.01748,-0.18130,-0.17539,0.05790,0.17197,96,0.77130,P,cand,fail
P_ZV_top20_H40_K20,Y2024,211,10,0.14020,0.11155,1.23235,-0.07389,5.47999,0.00259,-0.04719,-0.74757,-2.52396,0.20000,0.28571,-0.07658,0.07271,-0.06540,-0.09566,0.11612,0.15961,88,0.84320,P,cand,fail
P_ZV_top20_H40_K20,Y2025,211,10,0.29322,0.12511,2.11861,-0.06702,4.55428,0.00225,-0.01064,-0.12207,-0.67604,0.50000,0.42857,0.00706,-0.06593,0.00640,0.06604,0.24023,0.25025,76,0.71996,P,cand,fail
P_ZV_top20_H40_K20,Y2026,194,10,-0.03206,0.16579,-0.11369,-0.14804,4.70559,0.00226,-0.15267,-1.30992,-2.70328,0.30000,0.42857,-0.20567,-0.04583,-0.26409,-0.20968,-0.02477,0.10188,72,0.75425,P,cand,fail
P_ZV_top20_H40_K50,train,1008,48,0.00527,0.19311,0.12495,-0.36418,3.81000,0.00209,-0.00405,-0.24318,-0.71655,0.45833,0.48889,-0.01695,0.01602,-0.16892,-0.12726,0.02124,0.03258,491,0.60547,P,cand,fail
P_ZV_top20_H40_K50,valid,461,22,0.14864,0.11214,1.29227,-0.09639,4.49976,0.00210,-0.02190,-0.81409,-1.17010,0.40909,0.31579,-0.04400,0.03316,-0.08292,-0.09356,0.28855,0.33897,243,0.69073,P,cand,fail
P_ZV_top20_H40_K50,valid2,405,20,0.10381,0.12563,0.84914,-0.10394,4.08746,0.00196,-0.07240,-2.14866,-2.87385,0.40000,0.35294,-0.08465,-0.03764,-0.14556,-0.08842,0.17203,0.31945,188,0.65009,P,cand,fail
P_ZV_top20_H40_K50,all,1874,90,0.05999,0.16302,0.43972,-0.36418,4.03964,0.00206,-0.02321,-1.56557,-1.97994,0.43333,0.44828,-0.03959,0.00847,-0.14271,-0.11058,0.54228,0.82427,922,0.63608,P,cand,fail
P_ZV_top20_H40_K50,Y2019,252,12,0.13281,0.09866,1.31374,-0.06738,3.15876,0.00195,0.03201,0.77411,-0.36602,0.33333,0.44444,0.00106,0.17427,-0.19625,-0.16576,0.13281,0.09753,80,0.49769,P,cand,fail
P_ZV_top20_H40_K50,Y2020,253,12,-0.05662,0.28601,-0.05785,-0.36418,3.31770,0.00188,0.02010,0.37116,-0.01977,0.66667,0.77778,0.02885,0.00650,-0.30372,-0.23717,-0.05684,-0.08037,129,0.55829,P,cand,fail
P_ZV_top20_H40_K50,Y2021,252,12,0.11354,0.12664,0.91280,-0.06651,4.51825,0.00222,-0.02257,-0.62268,-1.06463,0.41667,0.55556,-0.04798,0.04521,-0.14971,-0.14445,0.11354,0.14017,142,0.68598,P,cand,fail
P_ZV_top20_H40_K50,Y2022,251,12,-0.14215,0.20313,-0.65281,-0.19108,4.24900,0.00231,-0.04598,-1.06734,-1.98818,0.41667,0.33333,-0.06127,-0.03490,-0.02488,0.03943,-0.14162,-0.10272,140,0.68039,P,cand,fail
P_ZV_top20_H40_K50,Y2023,250,12,0.14613,0.12398,1.16243,-0.09639,4.33508,0.00213,-0.01090,-0.28812,-0.51363,0.50000,0.33333,-0.03953,0.03962,-0.10478,-0.09887,0.14489,0.15700,127,0.69245,P,cand,fail
P_ZV_top20_H40_K50,Y2024,211,10,0.15164,0.09624,1.51554,-0.06540,4.69487,0.00206,-0.03494,-1.09670,-2.48404,0.30000,0.42857,-0.04848,0.02022,-0.05701,-0.08727,0.12548,0.15728,116,0.68868,P,cand,fail
P_ZV_top20_H40_K50,Y2025,211,10,0.23724,0.11543,1.90258,-0.06187,3.96571,0.00207,-0.03812,-0.97974,-1.30826,0.50000,0.42857,-0.04164,-0.02847,-0.03904,0.02060,0.19512,0.23462,95,0.62894,P,cand,fail
P_ZV_top20_H40_K50,Y2026,194,10,-0.02503,0.13543,-0.11938,-0.10394,4.21987,0.00184,-0.10968,-1.94833,-3.41401,0.30000,0.42857,-0.14201,-0.04222,-0.26141,-0.20699,-0.01932,0.06871,93,0.67309,P,cand,fail
P_ZV_top20_H60_K20,train,1008,48,0.10599,0.22426,0.56198,-0.36543,3.51879,0.00190,0.00232,0.01366,-0.30936,0.41667,0.44444,-0.04512,0.08385,-0.06702,-0.02536,0.49628,0.47198,208,0.85301,P,cand,fail
P_ZV_top20_H60_K20,valid,461,22,0.13956,0.13949,1.00679,-0.15338,4.31767,0.00218,-0.07871,-1.48192,-2.21413,0.36364,0.36842,-0.10548,-0.01273,-0.08740,-0.09804,0.26997,0.46481,88,0.94801,P,cand,fail
P_ZV_top20_H60_K20,valid2,405,20,0.19648,0.17733,1.10070,-0.11617,3.57974,0.00176,-0.07680,-0.86061,-1.24403,0.35000,0.29412,-0.09442,-0.01903,-0.05705,0.00009,0.33415,0.52282,106,0.89448,P,cand,fail
P_ZV_top20_H60_K20,all,1874,90,0.13326,0.19656,0.73523,-0.36543,3.72848,0.00194,-0.03471,-1.12332,-1.37283,0.38889,0.40230,-0.07227,0.04258,-0.06988,-0.03774,1.53519,2.28346,402,0.88534,P,cand,fail
P_ZV_top20_H60_K20,Y2019,252,12,0.11933,0.11132,1.06875,-0.07260,2.48559,0.00150,0.00651,0.07762,-1.98290,0.16667,0.22222,-0.02944,0.16917,-0.20689,-0.17640,0.11933,0.11259,19,0.66406,P,cand,fail
P_ZV_top20_H60_K20,Y2020,253,12,0.24465,0.33182,0.82707,-0.36543,3.66423,0.00200,0.06128,0.54763,0.05115,0.58333,0.55556,-0.01483,0.15196,-0.01274,0.05381,0.24573,0.16685,71,0.83887,P,cand,fail
P_ZV_top20_H60_K20,Y2021,252,12,0.19226,0.16122,1.17184,-0.07984,3.94486,0.00197,-0.06838,-0.77260,-1.35845,0.41667,0.55556,-0.06499,-0.08502,-0.07638,-0.07112,0.19226,0.27945,59,0.96208,P,cand,fail
P_ZV_top20_H60_K20,Y2022,251,12,-0.10034,0.22844,-0.34852,-0.19766,3.98174,0.00214,0.00968,0.16202,-0.26122,0.50000,0.55556,-0.08313,0.08321,0.02811,0.09242,-0.09997,-0.11381,59,0.94744,P,cand,fail
P_ZV_top20_H60_K20,Y2023,250,12,0.06884,0.15856,0.49953,-0.15338,3.94791,0.00217,-0.16118,-2.06839,-2.80162,0.33333,0.33333,-0.22682,-0.03644,-0.16970,-0.16379,0.06828,0.25475,48,0.95001,P,cand,fail
P_ZV_top20_H60_K20,Y2024,211,10,0.22943,0.11262,1.89111,-0.04814,4.75577,0.00219,0.01901,0.31616,-0.97109,0.40000,0.42857,0.01585,0.03470,0.01011,-0.02015,0.18880,0.16741,40,0.94564,P,cand,fail
P_ZV_top20_H60_K20,Y2025,211,10,0.31801,0.15033,1.91282,-0.09448,3.36224,0.00169,-0.02264,-0.16903,-0.78381,0.40000,0.28571,-0.00536,-0.06593,0.02890,0.08854,0.26011,0.28540,56,0.84563,P,cand,fail
P_ZV_top20_H60_K20,Y2026,194,10,0.07698,0.20245,0.46783,-0.11183,3.81629,0.00183,-0.13570,-0.93890,-1.48987,0.30000,0.42857,-0.21317,0.00441,-0.15053,-0.09611,0.05876,0.18471,50,0.94762,P,cand,fail
P_ZV_top20_H60_K50,train,1008,48,0.09137,0.22726,0.49934,-0.37381,3.38994,0.00181,0.02019,0.59103,0.29607,0.47917,0.51111,-0.03154,0.10521,-0.07957,-0.03791,0.41869,0.30611,406,0.81742,P,cand,fail
P_ZV_top20_H60_K50,valid,461,22,0.19958,0.13996,1.37072,-0.11333,4.29876,0.00210,-0.02785,-0.82707,-1.48200,0.54545,0.52632,-0.04498,0.01114,-0.03598,-0.04663,0.39500,0.46635,164,0.95374,P,cand,fail
P_ZV_top20_H60_K50,valid2,405,20,0.20378,0.15504,1.27425,-0.09912,3.48470,0.00166,-0.06781,-1.33819,-1.75209,0.40000,0.35294,-0.07718,-0.04050,-0.05467,0.00247,0.34726,0.50987,148,0.87504,P,cand,fail
P_ZV_top20_H60_K50,all,1874,90,0.14097,0.19443,0.77629,-0.37381,3.63398,0.00185,-0.01065,-0.62187,-0.87247,0.47778,0.49425,-0.04554,0.05560,-0.06346,-0.03133,1.66634,1.89172,718,0.86341,P,cand,fail
P_ZV_top20_H60_K50,Y2019,252,12,0.13396,0.10637,1.23544,-0.05064,2.48764,0.00139,0.00918,0.12653,-0.90583,0.25000,0.33333,-0.05806,0.32796,-0.19445,-0.16396,0.13396,0.12375,37,0.65300,P,cand,fail
P_ZV_top20_H60_K50,Y2020,253,12,0.13837,0.32906,0.56081,-0.37381,3.28258,0.00181,0.05543,0.59407,0.29161,0.75000,0.66667,-0.03730,0.16316,-0.10264,-0.03608,0.13896,0.07327,105,0.75714,P,cand,fail
P_ZV_top20_H60_K50,Y2021,252,12,0.26200,0.15404,1.58843,-0.06817,3.84607,0.00187,0.01772,0.33384,-0.11630,0.50000,0.44444,-0.00593,0.08184,-0.02061,-0.01535,0.26200,0.24254,133,0.91090,P,cand,fail
P_ZV_top20_H60_K50,Y2022,251,12,-0.13007,0.25061,-0.43049,-0.24628,3.94610,0.00217,-0.00180,-0.01698,-0.51482,0.41667,0.55556,-0.01652,0.01020,-0.00016,0.06415,-0.12959,-0.12846,131,0.94939,P,cand,fail
P_ZV_top20_H60_K50,Y2023,250,12,0.23518,0.15608,1.43198,-0.11333,3.96431,0.00208,-0.01757,-0.40430,-0.74725,0.75000,0.77778,-0.04228,0.02294,-0.02539,-0.01948,0.23311,0.25556,92,0.95730,P,cand,fail
P_ZV_top20_H60_K50,Y2024,211,10,0.15873,0.11800,1.30792,-0.07287,4.69502,0.00212,-0.04003,-0.76829,-2.56553,0.30000,0.28571,-0.04767,-0.01246,-0.04853,-0.07879,0.13128,0.16789,72,0.94952,P,cand,fail
P_ZV_top20_H60_K50,Y2025,211,10,0.28012,0.14646,1.76025,-0.05482,3.14373,0.00166,-0.03237,-0.50265,-1.07804,0.50000,0.42857,-0.03548,-0.02847,-0.00085,0.05879,0.22970,0.26652,75,0.80316,P,cand,fail
P_ZV_top20_H60_K50,Y2026,194,10,0.12592,0.16377,0.80628,-0.09912,3.85555,0.00166,-0.10636,-1.32503,-1.63459,0.30000,0.28571,-0.13280,-0.04651,-0.11320,-0.05878,0.09560,0.19214,73,0.95322,P,cand,fail
P_OC_top10_H20_K20,train,1008,48,0.08150,0.20160,0.48914,-0.25899,6.90576,0.00484,0.01827,0.44453,0.08801,0.50000,0.48889,0.02212,0.00550,-0.09443,-0.05278,0.36808,0.29288,448,0.55235,P,cand,near
P_OC_top10_H20_K20,valid,461,22,0.08728,0.14200,0.66037,-0.11575,7.64257,0.00517,-0.03833,-1.21595,-2.12109,0.36364,0.26316,-0.03514,-0.06158,-0.13406,-0.14470,0.16542,0.26053,243,0.58950,P,cand,near
P_OC_top10_H20_K20,valid2,405,20,0.26210,0.15946,1.54012,-0.10787,7.60841,0.00466,0.12000,1.40381,0.93739,0.60000,0.58824,0.13038,0.09191,-0.00665,0.05049,0.45368,0.21052,178,0.60639,P,cand,near
P_OC_top10_H20_K20,all,1874,90,0.11967,0.17981,0.71845,-0.25899,7.23887,0.00488,0.02633,0.86280,0.44745,0.48889,0.48276,0.03195,0.00950,-0.08521,-0.05307,1.31773,0.97280,869,0.57317,P,cand,near
P_OC_top10_H20_K20,Y2019,252,12,0.12218,0.10434,1.15735,-0.07551,6.84016,0.00483,0.04835,0.71297,0.08397,0.50000,0.44444,0.01071,0.22232,-0.20511,-0.17462,0.12218,0.07043,115,0.54523,P,cand,near
P_OC_top10_H20_K20,Y2020,253,12,0.25364,0.28059,0.94500,-0.25899,6.41524,0.00543,0.08755,1.09280,0.56092,0.58333,0.66667,0.11946,0.04869,-0.02202,0.04454,0.25476,0.15345,110,0.50935,P,cand,near
P_OC_top10_H20_K20,Y2021,252,12,-0.00603,0.12385,0.01315,-0.09139,6.65383,0.00383,-0.08707,-1.27568,-1.75254,0.33333,0.33333,-0.08633,-0.09603,-0.26367,-0.25841,-0.00603,0.08798,122,0.52889,P,cand,near
P_OC_top10_H20_K20,Y2022,251,12,-0.02259,0.23948,0.02455,-0.18487,7.71899,0.00526,0.02398,0.24052,-0.19139,0.58333,0.55556,0.10390,-0.04378,0.11360,0.17791,-0.02251,-0.03754,101,0.62639,P,cand,near
P_OC_top10_H20_K20,Y2023,250,12,0.14225,0.14876,0.96862,-0.11575,7.34292,0.00522,0.02640,0.40977,-0.25770,0.50000,0.33333,0.04535,-0.02590,-0.10480,-0.09890,0.14104,0.11740,124,0.58662,P,cand,near
P_OC_top10_H20_K20,Y2024,211,10,0.02557,0.13345,0.25590,-0.07455,7.99761,0.00510,-0.11502,-3.86049,-4.67147,0.20000,0.14286,-0.11562,-0.13294,-0.16872,-0.19898,0.02136,0.12809,119,0.59291,P,cand,near
P_OC_top10_H20_K20,Y2025,211,10,0.11235,0.15851,0.75124,-0.10787,7.35056,0.00474,-0.01014,-0.11808,-0.52235,0.60000,0.57143,0.02912,-0.17397,-0.13958,-0.07994,0.09324,0.10763,96,0.59596,P,cand,near
P_OC_top10_H20_K20,Y2026,194,10,0.44794,0.16004,2.39432,-0.10600,7.88885,0.00458,0.26155,1.91078,1.68113,0.60000,0.57143,0.26538,0.22484,0.13793,0.19235,0.32970,0.09289,82,0.61773,P,cand,near
P_OC_top10_H20_K50,train,1008,48,-0.00125,0.17047,0.07886,-0.34521,5.08807,0.00356,-0.00551,-0.17956,-0.57444,0.50000,0.48889,0.03156,-0.06965,-0.17960,-0.13795,-0.00501,0.02587,596,0.40641,P,cand,near
P_OC_top10_H20_K50,valid,461,22,0.12420,0.11429,1.08158,-0.07869,5.41247,0.00356,0.02220,0.79272,0.31622,0.45455,0.42105,0.04084,-0.03376,-0.10422,-0.11487,0.23883,0.19567,311,0.41800,P,cand,near
P_OC_top10_H20_K50,valid2,405,20,0.22721,0.12051,1.75970,-0.07948,5.42444,0.00330,0.09702,1.31841,0.93746,0.60000,0.58824,0.15433,-0.03052,-0.04017,0.01697,0.38964,0.19553,220,0.43242,P,cand,near
P_OC_top10_H20_K50,all,1874,90,0.07506,0.14835,0.56264,-0.34521,5.24056,0.00350,0.02347,1.12188,0.58387,0.51111,0.50575,0.06217,-0.05413,-0.13093,-0.09879,0.71292,0.46644,1127,0.41488,P,cand,near
P_OC_top10_H20_K50,Y2019,252,12,0.05452,0.08693,0.65444,-0.06636,4.60863,0.00327,0.03960,0.94415,0.19237,0.58333,0.55556,0.01667,0.14658,-0.26898,-0.23849,0.05452,0.01401,130,0.36657,P,cand,near
P_OC_top10_H20_K50,Y2020,253,12,-0.04000,0.25040,-0.03518,-0.34280,4.91187,0.00407,-0.02058,-0.23489,-0.90530,0.41667,0.55556,0.05381,-0.10342,-0.29599,-0.22943,-0.04016,-0.01815,151,0.39077,P,cand,near
P_OC_top10_H20_K50,Y2021,252,12,0.01923,0.10170,0.23825,-0.07926,4.96497,0.00292,-0.02768,-0.64337,-1.65808,0.41667,0.44444,-0.00849,-0.08793,-0.24107,-0.23581,0.01923,0.04983,161,0.39500,P,cand,near
P_OC_top10_H20_K50,Y2022,251,12,-0.03566,0.18846,-0.09854,-0.12016,5.87061,0.00397,-0.01334,-0.26317,-0.76294,0.58333,0.55556,0.10228,-0.09947,0.08915,0.15346,-0.03552,-0.01851,154,0.47362,P,cand,near
P_OC_top10_H20_K50,Y2023,250,12,0.14975,0.11620,1.25927,-0.07869,5.38179,0.00369,0.05736,1.56194,1.09600,0.58333,0.55556,0.09171,-0.01788,-0.10257,-0.09667,0.14848,0.08810,166,0.42566,P,cand,near
P_OC_top10_H20_K50,Y2024,211,10,0.09466,0.11196,0.86372,-0.06632,5.44882,0.00341,-0.01946,-0.59793,-2.17594,0.30000,0.28571,-0.01002,-0.06553,-0.10617,-0.13643,0.07867,0.09886,145,0.40892,P,cand,near
P_OC_top10_H20_K50,Y2025,211,10,0.17045,0.11544,1.42145,-0.06023,5.09458,0.00328,0.02998,0.64677,0.11084,0.60000,0.57143,0.05474,-0.07226,-0.09457,-0.03493,0.14086,0.11510,111,0.40918,P,cand,near
P_OC_top10_H20_K50,Y2026,194,10,0.29207,0.12572,2.10193,-0.07948,5.78321,0.00332,0.16993,1.17296,0.64153,0.60000,0.71429,0.28711,-0.00965,0.01900,0.07342,0.21807,0.07213,109,0.45768,P,cand,near
P_OC_top10_H40_K20,train,1008,48,0.05068,0.24487,0.32565,-0.44059,4.43429,0.00314,-0.00090,0.00073,-0.51468,0.47917,0.46667,0.03066,-0.05582,-0.11330,-0.07165,0.21865,0.25511,312,0.70361,P,cand,fail
P_OC_top10_H40_K20,valid,461,22,0.12696,0.15076,0.86845,-0.12103,4.49387,0.00276,-0.04409,-1.32856,-1.99969,0.40909,0.31579,-0.04828,-0.05042,-0.09690,-0.10755,0.24440,0.35911,159,0.69056,P,cand,fail
P_OC_top10_H40_K20,valid2,405,20,0.30532,0.19568,1.45982,-0.12155,4.68366,0.00279,0.08973,0.96552,0.52169,0.55000,0.52941,0.11815,0.02749,0.03342,0.09056,0.53452,0.34804,138,0.74489,P,cand,fail
P_OC_top10_H40_K20,all,1874,90,0.12028,0.21481,0.63699,-0.44059,4.50284,0.00297,0.00806,0.26006,-0.07866,0.47778,0.47126,0.03003,-0.03747,-0.07756,-0.04543,1.32707,1.29954,609,0.70932,P,cand,fail
P_OC_top10_H40_K20,Y2019,252,12,0.21376,0.12627,1.59816,-0.08562,4.41746,0.00311,0.05755,0.95961,0.22209,0.58333,0.55556,0.03033,0.17408,-0.12407,-0.09358,0.21376,0.14856,71,0.69384,P,cand,fail
P_OC_top10_H40_K20,Y2020,253,12,0.09186,0.38431,0.42404,-0.44059,4.49862,0.00391,0.03383,0.43614,-0.08264,0.58333,0.66667,0.12014,-0.08714,-0.12422,-0.05766,0.09224,0.07395,78,0.71929,P,cand,fail
P_OC_top10_H40_K20,Y2021,252,12,0.05152,0.14649,0.41631,-0.09451,4.31285,0.00253,-0.05073,-0.79795,-1.42078,0.41667,0.44444,-0.06025,-0.03455,-0.20431,-0.19905,0.05152,0.11002,83,0.67751,P,cand,fail
P_OC_top10_H40_K20,Y2022,251,12,-0.12627,0.23271,-0.46343,-0.26883,4.50826,0.00300,-0.04457,-0.27672,-1.24323,0.33333,0.22222,0.06968,-0.10825,-0.00012,0.06419,-0.12580,-0.08333,80,0.72383,P,cand,fail
P_OC_top10_H40_K20,Y2023,250,12,0.17115,0.17248,1.00253,-0.12103,4.39373,0.00310,-0.00814,-0.28583,-1.02755,0.50000,0.33333,0.01389,-0.07240,-0.07598,-0.07007,0.16968,0.18722,88,0.70449,P,cand,fail
P_OC_top10_H40_K20,Y2024,211,10,0.07675,0.11996,0.67666,-0.11460,4.61252,0.00236,-0.08668,-1.74645,-2.46715,0.30000,0.28571,-0.11045,-0.00647,-0.12170,-0.15196,0.06388,0.14479,71,0.67406,P,cand,fail
P_OC_top10_H40_K20,Y2025,211,10,0.31777,0.20012,1.47882,-0.12155,4.76379,0.00313,0.02090,0.16734,-0.61039,0.50000,0.42857,0.03868,-0.02583,0.03728,0.09692,0.25992,0.24603,71,0.74588,P,cand,fail
P_OC_top10_H40_K20,Y2026,194,10,0.29190,0.19072,1.43906,-0.10835,4.59651,0.00242,0.16459,1.38021,0.87225,0.60000,0.71429,0.22411,0.05415,0.02922,0.08363,0.21795,0.08187,67,0.74381,P,cand,fail
P_OC_top10_H40_K50,train,1008,48,0.00702,0.23009,0.14673,-0.41218,4.03225,0.00283,-0.02500,-1.04175,-1.46546,0.43750,0.42222,-0.00860,-0.05500,-0.15929,-0.11763,0.02839,0.15343,491,0.64556,P,cand,fail
P_OC_top10_H40_K50,valid,461,22,0.13807,0.14317,0.97508,-0.10232,4.20691,0.00265,-0.01002,-0.35697,-0.87235,0.36364,0.31579,0.01612,-0.08377,-0.08823,-0.09887,0.26694,0.29938,242,0.64220,P,cand,fail
P_OC_top10_H40_K50,valid2,405,20,0.32298,0.15839,1.84726,-0.09785,4.11431,0.00232,0.11203,1.77685,1.42484,0.60000,0.58824,0.15087,0.01925,0.04036,0.09749,0.56802,0.32228,182,0.65380,P,cand,fail
P_OC_top10_H40_K50,all,1874,90,0.10083,0.19744,0.58617,-0.41218,4.09295,0.00267,0.00830,0.41422,-0.09312,0.45556,0.44828,0.03448,-0.04559,-0.09866,-0.06652,1.04298,0.98177,915,0.64652,P,cand,fail
P_OC_top10_H40_K50,Y2019,252,12,0.15553,0.10573,1.42068,-0.07216,3.59103,0.00250,0.03305,0.82399,-0.01126,0.50000,0.44444,0.01443,0.11537,-0.17566,-0.14517,0.15553,0.11899,116,0.59279,P,cand,fail
P_OC_top10_H40_K50,Y2020,253,12,0.03166,0.35577,0.26841,-0.41218,4.21476,0.00348,-0.01854,-0.23183,-0.97282,0.50000,0.55556,0.06130,-0.11530,-0.19168,-0.12513,0.03178,0.05781,125,0.66450,P,cand,fail
P_OC_top10_H40_K50,Y2021,252,12,0.04265,0.14621,0.35888,-0.08938,4.10190,0.00249,-0.05557,-1.16105,-1.56249,0.50000,0.44444,-0.09347,0.03811,-0.21283,-0.20757,0.04265,0.10638,129,0.65347,P,cand,fail
P_OC_top10_H40_K50,Y2022,251,12,-0.17335,0.22829,-0.71907,-0.24852,4.22132,0.00282,-0.05912,-1.19917,-2.31291,0.25000,0.11111,0.00023,-0.10050,-0.05644,0.00787,-0.17272,-0.11925,121,0.67151,P,cand,fail
P_OC_top10_H40_K50,Y2023,250,12,0.19020,0.15505,1.20084,-0.10232,4.07991,0.00281,0.02471,0.50076,-0.02092,0.58333,0.55556,0.06967,-0.06986,-0.06270,-0.05680,0.18856,0.16534,135,0.66483,P,cand,fail
P_OC_top10_H40_K50,Y2024,211,10,0.07925,0.12759,0.66154,-0.09709,4.35738,0.00247,-0.05116,-1.34803,-3.23162,0.10000,0.00000,-0.03743,-0.11158,-0.11847,-0.14872,0.06594,0.11502,107,0.61540,P,cand,fail
P_OC_top10_H40_K50,Y2025,211,10,0.42155,0.14761,2.45824,-0.07935,4.06328,0.00246,0.08894,1.18971,0.66435,0.50000,0.42857,0.11847,-0.01452,0.10420,0.16384,0.34248,0.25085,90,0.63931,P,cand,fail
P_OC_top10_H40_K50,Y2026,194,10,0.22352,0.16921,1.27750,-0.09785,4.16982,0.00217,0.13714,1.27478,0.73340,0.70000,0.85714,0.19408,0.03613,-0.02908,0.02534,0.16801,0.05711,92,0.66956,P,cand,fail
P_OC_top10_H60_K20,train,1008,48,0.16176,0.25215,0.72162,-0.40065,3.66780,0.00247,0.05266,1.28369,0.90772,0.56250,0.55556,0.06046,0.04974,-0.01109,0.03057,0.82164,0.49842,258,0.89080,P,cand,near
P_OC_top10_H60_K20,valid,461,22,0.12292,0.17665,0.74485,-0.18393,4.32486,0.00268,-0.08231,-1.73177,-2.24068,0.40909,0.31579,-0.03942,-0.20613,-0.09625,-0.10690,0.23626,0.45121,107,0.94072,P,cand,near
P_OC_top10_H60_K20,valid2,405,20,0.41731,0.23510,1.60162,-0.14303,3.49333,0.00215,0.12887,0.92006,0.47790,0.60000,0.58824,0.20807,-0.01293,0.12431,0.18145,0.75156,0.46102,102,0.87734,P,cand,near
P_OC_top10_H60_K20,all,1874,90,0.20266,0.23206,0.91190,-0.40065,3.79173,0.00245,0.03593,0.94397,0.59656,0.53333,0.52874,0.06814,-0.01617,-0.00278,0.02936,2.94454,2.17703,467,0.90017,P,cand,near
P_OC_top10_H60_K20,Y2019,252,12,0.14457,0.14110,1.02807,-0.09891,3.24815,0.00225,0.00921,0.10431,-0.73060,0.41667,0.33333,0.01480,-0.03516,-0.18080,-0.15031,0.14457,0.13890,71,0.75846,P,cand,near
P_OC_top10_H60_K20,Y2020,253,12,0.50058,0.36857,1.28837,-0.40065,3.54898,0.00290,0.21658,2.46019,2.35289,0.75000,0.88889,0.35903,0.05710,0.18768,0.25423,0.50300,0.21468,77,0.90942,P,cand,near
P_OC_top10_H60_K20,Y2021,252,12,0.15426,0.18116,0.88277,-0.12156,3.87976,0.00245,-0.08527,-1.06472,-2.22788,0.41667,0.44444,-0.17715,0.16910,-0.10537,-0.10011,0.15426,0.26463,62,0.94551,P,cand,near
P_OC_top10_H60_K20,Y2022,251,12,-0.08292,0.25476,-0.21236,-0.18428,3.99610,0.00230,0.06954,0.85885,0.47147,0.66667,0.77778,0.16147,0.01758,0.05362,0.11793,-0.08261,-0.14351,48,0.94999,P,cand,near
P_OC_top10_H60_K20,Y2023,250,12,0.17579,0.19403,0.93195,-0.18393,3.96626,0.00275,-0.05148,-0.69331,-1.18101,0.50000,0.33333,0.01752,-0.19714,-0.06807,-0.06217,0.17428,0.24515,53,0.93547,P,cand,near
P_OC_top10_H60_K20,Y2024,211,10,0.06335,0.15345,0.47719,-0.08975,4.74974,0.00258,-0.11883,-2.17377,-3.12301,0.30000,0.28571,-0.09635,-0.22412,-0.12965,-0.15990,0.05278,0.16549,54,0.94695,P,cand,near
P_OC_top10_H60_K20,Y2025,211,10,0.48861,0.21975,1.92099,-0.12155,3.25896,0.00218,0.15793,0.88688,0.14489,0.70000,0.71429,0.22062,-0.02583,0.16347,0.22311,0.39531,0.23387,58,0.81731,P,cand,near
P_OC_top10_H60_K20,Y2026,194,10,0.34363,0.25071,1.30421,-0.14303,3.74823,0.00212,0.09728,0.44800,-0.15514,0.50000,0.71429,0.19134,-0.00648,0.08173,0.13615,0.25532,0.18410,44,0.94263,P,cand,near
P_OC_top10_H60_K50,train,1008,48,0.05949,0.25641,0.35453,-0.41983,3.50107,0.00243,-0.01232,-0.27758,-0.61782,0.50000,0.48889,0.02107,-0.06531,-0.10214,-0.06049,0.26003,0.35494,446,0.84355,P,cand,fail
P_OC_top10_H60_K50,valid,461,22,0.16733,0.18208,0.94106,-0.15349,3.91558,0.00253,-0.02396,-0.60504,-1.08260,0.31818,0.26316,0.01555,-0.13441,-0.05648,-0.06712,0.32717,0.40458,218,0.90860,P,cand,fail
P_OC_top10_H60_K50,valid2,405,20,0.49119,0.20404,2.06190,-0.11578,3.44904,0.00206,0.15116,1.38098,0.95961,0.60000,0.58824,0.24514,-0.05692,0.16848,0.22562,0.90060,0.51986,137,0.86413,P,cand,fail
P_OC_top10_H60_K50,all,1874,90,0.16824,0.22931,0.79355,-0.41983,3.59179,0.00238,0.02015,0.70082,0.30901,0.47778,0.47126,0.07104,-0.07787,-0.03242,-0.00029,2.17832,1.89248,801,0.86400,P,cand,fail
P_OC_top10_H60_K50,Y2019,252,12,0.10400,0.11993,0.88544,-0.09095,2.79682,0.00195,-0.01130,-0.34299,-0.75966,0.50000,0.44444,-0.00046,-0.07545,-0.21968,-0.18919,0.10400,0.11858,111,0.69371,P,cand,fail
P_OC_top10_H60_K50,Y2020,253,12,0.26375,0.36674,0.82436,-0.41983,3.53800,0.00277,0.09015,1.48160,1.03011,0.50000,0.66667,0.22079,-0.05601,0.01515,0.08170,0.26493,0.16147,116,0.86170,P,cand,fail
P_OC_top10_H60_K50,Y2021,252,12,0.13061,0.17264,0.79765,-0.09050,3.74297,0.00234,-0.07493,-1.01271,-1.48682,0.50000,0.44444,-0.13876,0.09759,-0.12760,-0.12234,0.13061,0.22538,118,0.87976,P,cand,fail
P_OC_top10_H60_K50,Y2022,251,12,-0.20266,0.28916,-0.63817,-0.27620,3.92803,0.00266,-0.05377,-0.67833,-1.28681,0.50000,0.44444,0.07218,-0.13887,-0.07681,-0.01250,-0.20195,-0.14892,101,0.93934,P,cand,fail
P_OC_top10_H60_K50,Y2023,250,12,0.19825,0.18291,1.08063,-0.15349,3.77508,0.00261,-0.00848,-0.14137,-0.65694,0.41667,0.33333,0.05433,-0.13291,-0.05124,-0.04533,0.19653,0.21446,117,0.88205,P,cand,fail
P_OC_top10_H60_K50,Y2024,211,10,0.13174,0.18108,0.77416,-0.10220,4.08205,0.00244,-0.04230,-0.71716,-1.70580,0.20000,0.14286,-0.02323,-0.13740,-0.06269,-0.09295,0.10918,0.15656,101,0.94005,P,cand,fail
P_OC_top10_H60_K50,Y2025,211,10,0.66083,0.17691,2.95885,-0.06431,3.09616,0.00198,0.23154,2.02524,1.60066,0.70000,0.71429,0.30403,-0.01452,0.26478,0.32442,0.52925,0.26809,76,0.78707,P,cand,fail
P_OC_top10_H60_K50,Y2026,194,10,0.32629,0.22974,1.34492,-0.11578,3.83285,0.00215,0.06374,0.35657,-0.38995,0.50000,0.57143,0.16662,-0.07812,0.06374,0.11815,0.24283,0.19854,61,0.94793,P,cand,fail
P_OC_top20_H20_K20,train,1008,48,0.09250,0.24041,0.48985,-0.42735,8.42778,0.00586,0.04445,1.04101,0.58883,0.50000,0.48889,0.12103,-0.08785,-0.07528,-0.03363,0.42455,0.22476,475,0.67151,P,cand,near
P_OC_top20_H20_K20,valid,461,22,0.10869,0.17136,0.68732,-0.17016,8.98236,0.00597,-0.01631,-0.34703,-1.32110,0.45455,0.42105,0.00669,-0.08598,-0.11005,-0.12070,0.20775,0.26092,236,0.70487,P,cand,near
P_OC_top20_H20_K20,valid2,405,20,0.16586,0.19496,0.88509,-0.16726,9.38791,0.00539,0.00373,0.08892,-0.26088,0.55000,0.52941,0.03805,-0.06046,-0.07968,-0.02254,0.27971,0.28995,207,0.74698,P,cand,near
P_OC_top20_H20_K20,all,1874,90,0.11197,0.21570,0.60087,-0.42735,8.77170,0.00579,0.02070,0.65267,0.29427,0.50000,0.49425,0.07200,-0.08179,-0.08479,-0.05265,1.20174,0.99210,918,0.69603,P,cand,near
P_OC_top20_H20_K20,Y2019,252,12,0.12658,0.10964,1.14225,-0.08153,7.99793,0.00542,0.00384,0.01979,-0.50971,0.41667,0.33333,-0.01384,0.07543,-0.20063,-0.17014,0.12658,0.12353,114,0.63611,P,cand,near
P_OC_top20_H20_K20,Y2020,253,12,-0.00845,0.37291,0.16757,-0.42735,7.88994,0.00653,-0.01333,-0.07851,-0.48545,0.41667,0.55556,0.14994,-0.22797,-0.22469,-0.15813,-0.00849,0.02114,109,0.63250,P,cand,near
P_OC_top20_H20_K20,Y2021,252,12,0.27070,0.14425,1.73375,-0.07085,8.70950,0.00514,0.07927,0.97736,0.55425,0.58333,0.66667,0.10230,0.01063,-0.01520,-0.00994,0.27070,0.17873,131,0.69217,P,cand,near
P_OC_top20_H20_K20,Y2022,251,12,0.00365,0.24262,0.13653,-0.21377,9.11861,0.00634,0.10852,0.92863,0.22021,0.58333,0.55556,0.38401,-0.07662,0.14084,0.20516,0.00363,-0.09433,121,0.72563,P,cand,near
P_OC_top20_H20_K20,Y2023,250,12,0.08027,0.16360,0.55393,-0.17016,8.97338,0.00584,-0.02829,-0.50524,-1.20796,0.50000,0.44444,-0.02406,-0.04149,-0.15827,-0.15237,0.07961,0.11609,132,0.71491,P,cand,near
P_OC_top20_H20_K20,Y2024,211,10,0.14333,0.18009,0.83262,-0.10374,8.99300,0.00613,-0.00212,-0.05148,-1.51549,0.40000,0.14286,0.03745,-0.17495,-0.05292,-0.08318,0.11869,0.12976,104,0.69298,P,cand,near
P_OC_top20_H20_K20,Y2025,211,10,0.16133,0.20107,0.84480,-0.16366,9.20509,0.00554,-0.02345,-0.16502,-0.62692,0.50000,0.42857,0.06809,-0.38144,-0.08880,-0.02916,0.13341,0.16382,111,0.73393,P,cand,near
P_OC_top20_H20_K20,Y2026,194,10,0.17082,0.18809,0.93300,-0.16726,9.58675,0.00523,0.03329,0.26885,-0.19390,0.60000,0.57143,-0.00201,0.10002,-0.06976,-0.01534,0.12908,0.10837,96,0.76118,P,cand,near
P_OC_top20_H20_K50,train,1008,48,0.07470,0.16974,0.50935,-0.27469,6.16099,0.00413,0.02922,1.42360,1.13451,0.56250,0.55556,0.05903,-0.02538,-0.10659,-0.06493,0.33398,0.19604,607,0.49208,P,cand,near
P_OC_top20_H20_K50,valid,461,22,0.07915,0.11297,0.73085,-0.11173,6.90120,0.00442,-0.03211,-1.26996,-1.68328,0.27273,0.15789,-0.03640,-0.02471,-0.14527,-0.15592,0.14953,0.22251,320,0.53180,P,cand,near
P_OC_top20_H20_K50,valid2,405,20,0.15532,0.12152,1.24918,-0.10282,6.96197,0.00400,0.00621,0.16797,-0.22407,0.70000,0.70588,-0.00060,0.01991,-0.10043,-0.04329,0.26116,0.25184,265,0.55343,P,cand,near
P_OC_top20_H20_K50,all,1874,90,0.09274,0.14775,0.67424,-0.27469,6.51618,0.00417,0.00916,0.58789,0.33816,0.52222,0.51724,0.02031,-0.01587,-0.11477,-0.08264,0.93393,0.83041,1192,0.51511,P,cand,near
P_OC_top20_H20_K50,Y2019,252,12,0.01048,0.08945,0.16155,-0.09266,5.51251,0.00374,-0.01340,-0.40933,-1.15676,0.41667,0.33333,-0.02210,0.02340,-0.31141,-0.28092,0.01048,0.02458,144,0.43842,P,cand,near
P_OC_top20_H20_K50,Y2020,253,12,0.14842,0.23553,0.70549,-0.26440,5.84892,0.00462,0.03945,1.02931,0.55035,0.66667,0.66667,0.08484,-0.02207,-0.12102,-0.05446,0.14905,0.10829,145,0.46569,P,cand,near
P_OC_top20_H20_K50,Y2021,252,12,0.13899,0.09619,1.40136,-0.04204,5.99954,0.00350,0.04179,0.92831,0.37373,0.58333,0.55556,0.06095,-0.01253,-0.13050,-0.12524,0.13899,0.09318,158,0.47697,P,cand,near
P_OC_top20_H20_K50,Y2022,251,12,0.00874,0.20591,0.14511,-0.15059,7.28869,0.00464,0.04907,1.06937,0.66268,0.58333,0.55556,0.18169,-0.04719,0.13760,0.20191,0.00870,-0.03650,160,0.58772,P,cand,near
P_OC_top20_H20_K50,Y2023,250,12,0.09039,0.11729,0.79654,-0.11173,6.76381,0.00443,0.00653,0.12164,-0.26570,0.41667,0.22222,-0.00472,0.02352,-0.15547,-0.14957,0.08964,0.08457,172,0.53821,P,cand,near
P_OC_top20_H20_K50,Y2024,211,10,0.06599,0.10761,0.64759,-0.07394,7.06399,0.00442,-0.07790,-2.61322,-7.24601,0.10000,0.00000,-0.06808,-0.12118,-0.13318,-0.16344,0.05497,0.12719,148,0.52421,P,cand,near
P_OC_top20_H20_K50,Y2025,211,10,0.15945,0.12453,1.25076,-0.07122,6.59500,0.00387,0.00069,-0.01326,-0.33423,0.80000,0.85714,0.03496,-0.14274,-0.10291,-0.04327,0.13188,0.13316,140,0.53389,P,cand,near
P_OC_top20_H20_K50,Y2026,194,10,0.15084,0.11817,1.24830,-0.10282,7.36110,0.00413,0.01221,0.22495,-0.29059,0.60000,0.71429,-0.04800,0.10124,-0.09773,-0.04331,0.11422,0.10474,125,0.57469,P,cand,near
P_OC_top20_H40_K20,train,1008,48,0.06015,0.25242,0.35838,-0.43568,4.83746,0.00329,-0.01060,-0.18611,-0.98407,0.35417,0.35556,0.03206,-0.08228,-0.10259,-0.06093,0.26319,0.35530,326,0.76764,P,cand,fail
P_OC_top20_H40_K20,valid,461,22,0.07058,0.18461,0.46163,-0.20946,4.97674,0.00310,-0.08072,-1.44194,-1.77322,0.40909,0.36842,-0.07383,-0.10872,-0.14261,-0.15325,0.13288,0.33439,172,0.78352,P,cand,fail
P_OC_top20_H40_K20,valid2,405,20,0.21142,0.22543,0.96278,-0.18233,5.25590,0.00302,-0.00470,-0.01140,-0.97859,0.50000,0.47059,0.04757,-0.11484,-0.03519,0.02194,0.36103,0.39520,139,0.83311,P,cand,fail
P_OC_top20_H40_K20,all,1874,90,0.09379,0.23162,0.50309,-0.43568,4.96215,0.00318,-0.02658,-0.70512,-1.26052,0.40000,0.40230,0.00785,-0.09449,-0.09787,-0.06573,0.94769,1.52321,637,0.78569,P,cand,fail
P_OC_top20_H40_K20,Y2019,252,12,0.10937,0.12372,0.90119,-0.08468,4.69168,0.00301,-0.03746,-1.06650,-2.48666,0.16667,0.11111,-0.04744,-0.00826,-0.21437,-0.18388,0.10937,0.15355,71,0.73641,P,cand,fail
P_OC_top20_H40_K20,Y2020,253,12,0.18792,0.38886,0.63916,-0.43568,4.89479,0.00401,0.07628,1.04578,0.62051,0.58333,0.77778,0.18617,-0.07332,-0.03863,0.02792,0.18874,0.11918,82,0.77693,P,cand,fail
P_OC_top20_H40_K20,Y2021,252,12,0.11413,0.14090,0.83762,-0.08435,4.68271,0.00264,-0.03635,-0.65049,-1.42827,0.41667,0.44444,-0.06416,0.03965,-0.14728,-0.14201,0.11413,0.15795,81,0.74610,P,cand,fail
P_OC_top20_H40_K20,Y2022,251,12,-0.14077,0.26054,-0.45163,-0.31131,5.08140,0.00348,-0.04535,-0.21225,-1.45590,0.25000,0.11111,0.14850,-0.16208,-0.00995,0.05436,-0.14025,-0.09341,92,0.81125,P,cand,fail
P_OC_top20_H40_K20,Y2023,250,12,0.08795,0.19110,0.53686,-0.20946,4.81206,0.00312,-0.06988,-0.71136,-1.04398,0.50000,0.44444,-0.07147,-0.05959,-0.14630,-0.14040,0.08722,0.17606,99,0.78099,P,cand,fail
P_OC_top20_H40_K20,Y2024,211,10,0.05036,0.17661,0.36602,-0.18449,5.17185,0.00308,-0.09357,-1.64595,-2.30256,0.30000,0.14286,-0.07619,-0.20698,-0.13823,-0.16848,0.04200,0.13462,73,0.78652,P,cand,fail
P_OC_top20_H40_K20,Y2025,211,10,0.28472,0.24420,1.14667,-0.18233,5.03962,0.00307,0.01441,0.11947,-1.00733,0.40000,0.28571,0.06076,-0.13098,0.02136,0.08100,0.23340,0.22906,66,0.78961,P,cand,fail
P_OC_top20_H40_K20,Y2026,194,10,0.13644,0.20297,0.73186,-0.15939,5.49113,0.00296,-0.02548,-0.27645,-0.81038,0.60000,0.71429,0.02998,-0.10677,-0.09670,-0.04228,0.10348,0.13518,73,0.88041,P,cand,fail
P_OC_top20_H40_K50,train,1008,48,0.06773,0.22302,0.40628,-0.38582,4.31004,0.00286,0.01642,0.74458,0.46204,0.54167,0.53333,0.04988,-0.04108,-0.10244,-0.06078,0.29969,0.22501,452,0.68428,P,cand,fail
P_OC_top20_H40_K50,valid,461,22,0.09343,0.13799,0.71640,-0.12461,4.45197,0.00263,-0.06074,-2.01986,-2.55524,0.31818,0.26316,-0.07479,-0.03285,-0.12898,-0.13962,0.17750,0.32142,229,0.68240,P,cand,fail
P_OC_top20_H40_K50,valid2,405,20,0.20906,0.14642,1.37016,-0.12200,4.53264,0.00241,0.00138,0.06397,-0.45344,0.65000,0.64706,0.01543,-0.02677,-0.05161,0.00553,0.35677,0.35889,222,0.71873,P,cand,fail
P_OC_top20_H40_K50,all,1874,90,0.10324,0.18994,0.61288,-0.38582,4.39306,0.00271,-0.00581,-0.30595,-0.57479,0.51111,0.50575,0.00928,-0.03642,-0.09798,-0.06585,1.07639,1.19971,903,0.69126,P,cand,fail
P_OC_top20_H40_K50,Y2019,252,12,0.12875,0.11381,1.12150,-0.08553,4.18419,0.00287,-0.00991,-0.30889,-0.73198,0.50000,0.44444,0.00216,-0.07358,-0.19823,-0.16774,0.12875,0.14138,118,0.66195,P,cand,fail
P_OC_top20_H40_K50,Y2020,253,12,0.14879,0.35090,0.57300,-0.38582,4.35178,0.00344,0.08920,1.80284,1.39766,0.66667,0.77778,0.15349,0.00109,-0.08612,-0.01956,0.14942,0.05634,109,0.68984,P,cand,fail
P_OC_top20_H40_K50,Y2021,252,12,0.15386,0.12611,1.19831,-0.06476,4.27291,0.00247,0.02680,0.58765,0.19422,0.58333,0.55556,0.01504,0.05820,-0.11418,-0.10892,0.15386,0.12401,112,0.67906,P,cand,fail
P_OC_top20_H40_K50,Y2022,251,12,-0.13231,0.21545,-0.55070,-0.22772,4.43160,0.00267,-0.04092,-0.60853,-1.39223,0.41667,0.33333,0.06301,-0.10446,-0.01093,0.05338,-0.13183,-0.09606,113,0.70634,P,cand,fail
P_OC_top20_H40_K50,Y2023,250,12,0.09270,0.15197,0.65944,-0.12461,4.33966,0.00278,-0.05155,-1.05343,-1.56928,0.33333,0.22222,-0.08240,0.00142,-0.14868,-0.14278,0.09193,0.15322,122,0.69575,P,cand,fail
P_OC_top20_H40_K50,Y2024,211,10,0.09429,0.11932,0.81499,-0.12109,4.58503,0.00246,-0.07162,-2.22490,-2.93391,0.30000,0.28571,-0.06718,-0.10139,-0.10563,-0.13589,0.07836,0.14586,107,0.66657,P,cand,fail
P_OC_top20_H40_K50,Y2025,211,10,0.34569,0.14691,2.09532,-0.07970,4.46466,0.00248,0.02626,0.41753,-0.19195,0.70000,0.71429,0.05186,-0.06172,0.04917,0.10881,0.28223,0.25641,122,0.70417,P,cand,fail
P_OC_top20_H40_K50,Y2026,194,10,0.07616,0.14553,0.57734,-0.12200,4.60657,0.00234,-0.02567,-0.43773,-0.79895,0.60000,0.71429,-0.03313,-0.00929,-0.16123,-0.10681,0.05813,0.08157,100,0.73456,P,cand,fail
P_OC_top20_H60_K20,train,1008,48,0.15399,0.26408,0.67540,-0.43107,3.75075,0.00264,0.03347,0.82871,0.43592,0.45833,0.46667,0.07664,-0.02787,-0.01469,0.02697,0.77340,0.59205,257,0.90871,P,cand,near
P_OC_top20_H60_K20,valid,461,22,0.18331,0.16736,1.08980,-0.16750,4.35231,0.00262,-0.03825,-0.54111,-0.98350,0.45455,0.42105,-0.05602,0.01168,-0.04544,-0.05609,0.36057,0.46848,91,0.95075,P,cand,near
P_OC_top20_H60_K20,valid2,405,20,0.28119,0.24996,1.11557,-0.18233,3.78687,0.00237,0.02622,0.22883,-0.34309,0.40000,0.35294,0.13299,-0.20498,0.02661,0.08375,0.48920,0.46389,121,0.92079,P,cand,near
P_OC_top20_H60_K20,all,1874,90,0.18767,0.24065,0.83553,-0.43107,3.90654,0.00258,0.01426,0.44254,0.07636,0.44444,0.44828,0.05477,-0.05633,-0.01333,0.01881,2.59320,2.42243,469,0.92166,P,cand,near
P_OC_top20_H60_K20,Y2019,252,12,0.14673,0.13590,1.07591,-0.09485,3.47388,0.00229,-0.00835,-0.20699,-0.84350,0.33333,0.33333,-0.04263,0.13743,-0.17965,-0.14916,0.14673,0.15990,49,0.78741,P,cand,near
P_OC_top20_H60_K20,Y2020,253,12,0.45018,0.37637,1.17889,-0.43107,3.67756,0.00298,0.19329,1.97062,1.57561,0.58333,0.77778,0.44283,-0.09012,0.15652,0.22307,0.45232,0.20405,74,0.93447,P,cand,near
P_OC_top20_H60_K20,Y2021,252,12,0.22336,0.19004,1.15648,-0.09035,3.91100,0.00251,-0.04810,-0.84565,-1.70311,0.41667,0.33333,-0.11859,0.13323,-0.04553,-0.04026,0.22336,0.29279,75,0.96462,P,cand,near
P_OC_top20_H60_K20,Y2022,251,12,-0.13006,0.28617,-0.34381,-0.26560,3.94162,0.00278,-0.00373,0.04989,-0.48250,0.50000,0.44444,0.15389,-0.09969,0.00933,0.07364,-0.12957,-0.11821,59,0.94838,P,cand,near
P_OC_top20_H60_K20,Y2023,250,12,0.14247,0.18697,0.80617,-0.16750,4.00866,0.00250,-0.09074,-0.92302,-1.53817,0.41667,0.33333,-0.11804,-0.03412,-0.09817,-0.09226,0.14126,0.25598,51,0.95271,P,cand,near
P_OC_top20_H60_K20,Y2024,211,10,0.23359,0.14060,1.56407,-0.07251,4.75946,0.00277,0.02395,0.25507,-0.36219,0.50000,0.42857,0.00599,0.10328,0.01703,-0.01322,0.19217,0.16919,40,0.94844,P,cand,near
P_OC_top20_H60_K20,Y2025,211,10,0.28404,0.26474,1.07540,-0.18233,3.78020,0.00245,0.01091,0.09023,-0.89282,0.30000,0.14286,0.05638,-0.13098,0.02605,0.08568,0.23286,0.23632,64,0.89950,P,cand,near
P_OC_top20_H60_K20,Y2026,194,10,0.27810,0.23281,1.17036,-0.15424,3.79413,0.00228,0.04286,0.23165,-0.54844,0.50000,0.57143,0.23514,-0.24198,0.02722,0.08164,0.20792,0.18407,57,0.94394,P,cand,near
P_OC_top20_H60_K50,train,1008,48,0.12308,0.25294,0.58644,-0.41902,3.67384,0.00245,0.01578,0.63440,0.36421,0.52083,0.51111,0.04023,-0.02262,-0.04471,-0.00306,0.59087,0.51300,396,0.89020,P,cand,fail
P_OC_top20_H60_K50,valid,461,22,0.17202,0.15358,1.11069,-0.13718,4.34710,0.00247,-0.05089,-1.32354,-1.83686,0.31818,0.26316,-0.05421,-0.04515,-0.05726,-0.06790,0.33692,0.47130,133,0.94669,P,cand,fail
P_OC_top20_H60_K50,valid2,405,20,0.31018,0.16846,1.68861,-0.11721,3.54380,0.00199,0.01566,0.27827,-0.20092,0.40000,0.35294,0.03746,-0.02255,0.03222,0.08936,0.54371,0.51510,175,0.88410,P,cand,fail
P_OC_top20_H60_K50,all,1874,90,0.17335,0.21531,0.85097,-0.41902,3.81136,0.00236,-0.00065,0.05349,-0.25931,0.44444,0.43678,0.01483,-0.02727,-0.03117,0.00096,2.28328,2.37274,704,0.90278,P,cand,fail
P_OC_top20_H60_K50,Y2019,252,12,0.10513,0.11815,0.90561,-0.10251,2.90716,0.00205,-0.01883,-0.49930,-0.87438,0.50000,0.44444,0.01514,-0.18766,-0.21887,-0.18838,0.10513,0.12785,110,0.71667,P,cand,fail
P_OC_top20_H60_K50,Y2020,253,12,0.31448,0.38477,0.90594,-0.41902,3.83873,0.00294,0.05810,1.10855,0.70708,0.58333,0.77778,0.13739,-0.04551,0.06140,0.12796,0.31590,0.25091,117,0.93343,P,cand,fail
P_OC_top20_H60_K50,Y2021,252,12,0.30683,0.16858,1.67255,-0.09076,3.95794,0.00245,0.03225,0.54747,-0.05528,0.50000,0.55556,-0.04084,0.24170,0.01667,0.02193,0.30683,0.26989,94,0.95974,P,cand,fail
P_OC_top20_H60_K50,Y2022,251,12,-0.16349,0.25410,-0.57525,-0.21811,3.99214,0.00236,-0.00868,-0.00563,-0.43624,0.50000,0.55556,0.10033,-0.07241,-0.03845,0.02586,-0.16290,-0.15551,75,0.95103,P,cand,fail
P_OC_top20_H60_K50,Y2023,250,12,0.19353,0.17033,1.12420,-0.13718,3.99782,0.00238,-0.04740,-0.91892,-1.44022,0.33333,0.22222,-0.06245,-0.02367,-0.05741,-0.05150,0.19185,0.25299,69,0.94805,P,cand,fail
P_OC_top20_H60_K50,Y2024,211,10,0.14704,0.13096,1.11331,-0.06593,4.76094,0.00257,-0.05502,-0.90876,-1.83084,0.30000,0.14286,-0.04597,-0.08811,-0.05707,-0.08733,0.12172,0.17423,64,0.94507,P,cand,fail
P_OC_top20_H60_K50,Y2025,211,10,0.30653,0.15795,1.77241,-0.07970,3.26362,0.00189,-0.01626,-0.15568,-0.73712,0.40000,0.28571,-0.00201,-0.06172,0.02129,0.08093,0.25091,0.27044,98,0.82779,P,cand,fail
P_OC_top20_H60_K50,Y2026,194,10,0.31416,0.17918,1.61484,-0.11721,3.84854,0.00211,0.05037,0.47548,-0.12063,0.40000,0.57143,0.09008,-0.00296,0.04410,0.09852,0.23407,0.19258,77,0.94535,P,cand,fail
P_RAW_bot10_H20_K50,train,1008,48,0.03748,0.17885,0.29524,-0.34710,5.20158,0.00391,0.02345,0.72675,0.38885,0.45833,0.48889,0.05963,-0.04645,-0.14025,-0.09859,0.15857,0.07920,620,0.41317,P,diag,diagnostic
P_RAW_bot10_H20_K50,valid,461,22,0.06794,0.11655,0.62216,-0.11123,5.66008,0.00419,-0.03920,-0.90067,-1.60664,0.40909,0.36842,-0.02068,-0.09483,-0.15532,-0.16597,0.12778,0.21872,314,0.44374,P,diag,diagnostic
P_RAW_bot10_H20_K50,valid2,405,20,0.13229,0.12745,1.03876,-0.09518,5.67286,0.00362,0.00859,0.10903,-0.31102,0.55000,0.58824,-0.00963,0.04003,-0.11984,-0.06270,0.22101,0.21203,252,0.45203,P,diag,diagnostic
P_RAW_bot10_H20_K50,all,1874,90,0.06483,0.15512,0.48255,-0.34710,5.41622,0.00392,0.00482,0.13190,-0.13687,0.46667,0.48276,0.02267,-0.03857,-0.13954,-0.10741,0.59539,0.59412,1186,0.42909,P,diag,diagnostic
P_RAW_bot10_H20_K50,Y2019,252,12,-0.06837,0.09927,-0.66329,-0.16072,4.33888,0.00378,-0.06274,-0.91973,-1.27353,0.50000,0.66667,0.02342,-0.47628,-0.39171,-0.36122,-0.06837,-0.00612,132,0.34492,P,diag,diagnostic
P_RAW_bot10_H20_K50,Y2020,253,12,0.17031,0.24878,0.75759,-0.31315,5.52824,0.00488,0.13231,1.94122,1.51967,0.58333,0.66667,0.19763,0.03676,-0.09871,-0.03215,0.17104,0.03573,169,0.43767,P,diag,diagnostic
P_RAW_bot10_H20_K50,Y2021,252,12,0.04366,0.11639,0.42545,-0.08203,5.22585,0.00328,-0.01952,-0.36871,-1.62637,0.25000,0.22222,-0.04468,0.04923,-0.21578,-0.21052,0.04366,0.06739,154,0.41789,P,diag,diagnostic
P_RAW_bot10_H20_K50,Y2022,251,12,0.01761,0.20603,0.18672,-0.12437,5.71409,0.00371,0.04339,0.91094,0.28887,0.50000,0.44444,0.12662,-0.02408,0.14619,0.21050,0.01754,-0.01780,165,0.45227,P,diag,diagnostic
P_RAW_bot10_H20_K50,Y2023,250,12,0.06598,0.12032,0.59103,-0.11123,5.50241,0.00425,0.00102,0.02327,-0.79211,0.50000,0.44444,0.05438,-0.10438,-0.17779,-0.17188,0.06544,0.06783,168,0.43878,P,diag,diagnostic
P_RAW_bot10_H20_K50,Y2024,211,10,0.07027,0.11191,0.66271,-0.05885,5.84688,0.00411,-0.08687,-1.40475,-2.12159,0.30000,0.42857,-0.09574,-0.07573,-0.12871,-0.15896,0.05851,0.14131,146,0.44962,P,diag,diagnostic
P_RAW_bot10_H20_K50,Y2025,211,10,0.12554,0.12759,0.99090,-0.09518,5.42213,0.00362,-0.03622,-0.66217,-1.58005,0.40000,0.42857,-0.04781,-0.00297,-0.13223,-0.07259,0.10409,0.14135,123,0.43466,P,diag,diagnostic
P_RAW_bot10_H20_K50,Y2026,194,10,0.13968,0.12730,1.09093,-0.05688,5.94555,0.00363,0.05733,0.63837,0.16601,0.70000,0.57143,0.04127,0.06153,-0.10637,-0.05195,0.10590,0.06192,129,0.47092,P,diag,diagnostic
P_RAW_bot10_H40_K50,train,1008,48,0.05642,0.24852,0.34612,-0.39553,4.05784,0.00310,0.04706,1.34687,1.00527,0.50000,0.53333,0.10568,-0.06236,-0.10703,-0.06537,0.24550,0.06773,523,0.65215,P,diag,diagnostic
P_RAW_bot10_H40_K50,valid,461,22,0.14927,0.15658,0.96676,-0.10955,4.33213,0.00307,-0.01527,-0.31924,-1.21321,0.50000,0.47368,0.00533,-0.07674,-0.07646,-0.08711,0.28983,0.34075,243,0.66086,P,diag,diagnostic
P_RAW_bot10_H40_K50,valid2,405,20,0.23108,0.16612,1.33490,-0.09693,4.17970,0.00275,0.02594,0.46419,0.13086,0.60000,0.52941,0.02751,0.00275,-0.03048,0.02666,0.39671,0.35418,183,0.66406,P,diag,diagnostic
P_RAW_bot10_H40_K50,all,1874,90,0.11480,0.21267,0.61800,-0.39553,4.15165,0.00301,0.02716,1.02424,0.73755,0.52222,0.54023,0.06142,-0.05186,-0.08297,-0.05083,1.24379,0.93858,949,0.65687,P,diag,diagnostic
P_RAW_bot10_H40_K50,Y2019,252,12,0.03691,0.12501,0.35268,-0.11992,3.49084,0.00301,-0.05993,-1.06310,-1.39253,0.41667,0.55556,0.01563,-0.43077,-0.28178,-0.25129,0.03691,0.10457,111,0.57439,P,diag,diagnostic
P_RAW_bot10_H40_K50,Y2020,253,12,0.11027,0.37822,0.46861,-0.39553,4.27421,0.00388,0.11566,1.66931,1.22228,0.58333,0.66667,0.21630,-0.03151,-0.10994,-0.04339,0.11073,0.00614,138,0.68271,P,diag,diagnostic
P_RAW_bot10_H40_K50,Y2021,252,12,0.24541,0.14625,1.57452,-0.09473,4.36864,0.00275,0.10957,1.31786,0.80576,0.50000,0.44444,0.10760,0.12416,-0.03503,-0.02977,0.24541,0.11980,140,0.67037,P,diag,diagnostic
P_RAW_bot10_H40_K50,Y2022,251,12,-0.13217,0.25771,-0.42159,-0.25344,4.09699,0.00274,0.02256,0.32075,-0.16655,0.50000,0.44444,0.12743,-0.05906,-0.00093,0.06338,-0.13168,-0.14204,134,0.68113,P,diag,diagnostic
P_RAW_bot10_H40_K50,Y2023,250,12,0.22739,0.16299,1.33853,-0.10955,4.17785,0.00306,0.06554,0.82457,0.15085,0.58333,0.55556,0.14230,-0.08043,-0.03073,-0.02482,0.22540,0.15515,123,0.66801,P,diag,diagnostic
P_RAW_bot10_H40_K50,Y2024,211,10,0.06312,0.14846,0.48650,-0.10274,4.51493,0.00309,-0.11102,-2.37169,-2.68381,0.40000,0.57143,-0.13164,-0.06935,-0.13065,-0.16090,0.05258,0.16067,120,0.65240,P,diag,diagnostic
P_RAW_bot10_H40_K50,Y2025,211,10,0.32007,0.16614,1.75497,-0.09482,4.04704,0.00278,0.01516,0.21028,-0.31472,0.60000,0.42857,-0.01521,0.11239,0.03291,0.09255,0.26176,0.25268,93,0.65302,P,diag,diagnostic
P_RAW_bot10_H40_K50,Y2026,194,10,0.14110,0.16597,0.87860,-0.09693,4.32397,0.00271,0.03766,0.40337,0.00558,0.60000,0.57143,0.08448,-0.05207,-0.09943,-0.04501,0.10695,0.08103,90,0.67607,P,diag,diagnostic
P_RAW_bot10_H60_K50,train,1008,48,0.09852,0.27740,0.47834,-0.40928,3.63474,0.00269,0.01950,0.48585,0.07572,0.54167,0.57778,0.05768,-0.05607,-0.06036,-0.01870,0.45625,0.40152,418,0.87537,P,diag,diagnostic
P_RAW_bot10_H60_K50,valid,461,22,0.20436,0.20391,1.01410,-0.22149,4.01301,0.00305,-0.01922,-0.20484,-0.69954,0.40909,0.42105,0.08425,-0.28675,-0.02105,-0.03170,0.40517,0.48462,219,0.92997,P,diag,diagnostic
P_RAW_bot10_H60_K50,valid2,405,20,0.40637,0.20030,1.80367,-0.10069,3.49990,0.00221,0.08456,1.31532,0.81969,0.55000,0.47059,0.09489,0.03684,0.10905,0.16619,0.72989,0.53695,158,0.86821,P,diag,diagnostic
P_RAW_bot10_H60_K50,all,1874,90,0.18528,0.24560,0.81562,-0.40928,3.69865,0.00268,0.02404,0.73243,0.44435,0.51111,0.52874,0.07319,-0.08457,-0.01408,0.01806,2.53984,2.19798,795,0.88725,P,diag,diagnostic
P_RAW_bot10_H60_K50,Y2019,252,12,0.03247,0.13547,0.30392,-0.13648,2.75509,0.00236,-0.07209,-1.12935,-1.29544,0.50000,0.66667,0.01444,-0.49578,-0.28469,-0.25420,0.03247,0.11381,99,0.68359,P,diag,diagnostic
P_RAW_bot10_H60_K50,Y2020,253,12,0.34402,0.41443,0.92363,-0.40928,3.86739,0.00339,0.13614,2.04639,1.63653,0.83333,0.88889,0.20619,0.03644,0.09560,0.16215,0.34560,0.19674,113,0.93757,P,diag,diagnostic
P_RAW_bot10_H60_K50,Y2021,252,12,0.30850,0.17905,1.59193,-0.09920,3.99329,0.00235,0.06318,0.65300,0.03429,0.50000,0.44444,0.04765,0.10618,0.01973,0.02499,0.30850,0.23506,106,0.94140,P,diag,diagnostic
P_RAW_bot10_H60_K50,Y2022,251,12,-0.19964,0.29074,-0.62069,-0.26849,3.92340,0.00266,-0.04996,-1.33479,-2.23867,0.33333,0.33333,-0.04568,-0.06605,-0.07274,-0.00842,-0.19893,-0.14867,100,0.93891,P,diag,diagnostic
P_RAW_bot10_H60_K50,Y2023,250,12,0.32400,0.21704,1.40199,-0.22149,3.89550,0.00313,0.05591,0.48338,0.01369,0.50000,0.55556,0.27561,-0.35515,0.05539,0.06130,0.32106,0.26555,110,0.91718,P,diag,diagnostic
P_RAW_bot10_H60_K50,Y2024,211,10,0.07651,0.18689,0.48825,-0.11789,4.15224,0.00295,-0.10823,-1.46075,-2.03056,0.30000,0.42857,-0.10711,-0.14993,-0.11162,-0.14188,0.06367,0.17311,109,0.94513,P,diag,diagnostic
P_RAW_bot10_H60_K50,Y2025,211,10,0.38901,0.17909,1.92518,-0.09118,3.15778,0.00211,0.03556,0.70438,0.22817,0.60000,0.42857,0.00950,0.11239,0.08612,0.14576,0.31670,0.28594,77,0.78823,P,diag,diagnostic
P_RAW_bot10_H60_K50,Y2026,194,10,0.42551,0.22107,1.71542,-0.10069,3.87200,0.00231,0.13785,1.12474,0.51916,0.50000,0.57143,0.20874,-0.00094,0.13399,0.18841,0.31381,0.19520,81,0.95520,P,diag,diagnostic
P_Z_bot10_H20_K50,train,1008,48,-0.00710,0.13109,0.01142,-0.30750,4.81108,0.00305,-0.00542,-0.24626,-0.58669,0.45833,0.46667,0.00916,-0.02974,-0.19155,-0.14989,-0.02809,-0.00528,593,0.38146,P,diag,diagnostic
P_Z_bot10_H20_K50,valid,461,22,0.08182,0.08478,0.97006,-0.08440,5.70549,0.00333,-0.02623,-1.10028,-1.50307,0.45455,0.42105,-0.02850,-0.02232,-0.14559,-0.15623,0.15474,0.21125,295,0.44594,P,diag,diagnostic
P_Z_bot10_H20_K50,valid2,405,20,0.09523,0.08872,1.06981,-0.05328,5.08335,0.00260,-0.01778,-0.66243,-1.09117,0.50000,0.52941,-0.04056,0.03368,-0.15732,-0.10019,0.15743,0.19206,234,0.40477,P,diag,diagnostic
P_Z_bot10_H20_K50,all,1874,90,0.03580,0.11278,0.36839,-0.30750,5.08994,0.00302,-0.01321,-1.00231,-1.28010,0.46667,0.47126,-0.01213,-0.01508,-0.17285,-0.14071,0.29898,0.43626,1122,0.40236,P,diag,diagnostic
P_Z_bot10_H20_K50,Y2019,252,12,-0.05334,0.08822,-0.57688,-0.13182,4.50737,0.00366,-0.05644,-1.28808,-1.65775,0.33333,0.33333,-0.00655,-0.29901,-0.37676,-0.34627,-0.05334,0.00250,129,0.35881,P,diag,diagnostic
P_Z_bot10_H20_K50,Y2020,253,12,-0.09817,0.16483,-0.54318,-0.27434,3.68704,0.00253,-0.01418,-0.88607,-1.58416,0.41667,0.33333,-0.02126,-0.00491,-0.37671,-0.31015,-0.09853,-0.08543,134,0.28941,P,diag,diagnostic
P_Z_bot10_H20_K50,Y2021,252,12,0.11566,0.08525,1.32674,-0.04208,5.65910,0.00298,0.02523,0.53294,0.07866,0.50000,0.44444,0.00421,0.09420,-0.15219,-0.14693,0.11566,0.08762,166,0.45173,P,diag,diagnostic
P_Z_bot10_H20_K50,Y2022,251,12,0.02090,0.16254,0.20793,-0.10661,5.39758,0.00305,0.02387,0.78966,0.21754,0.58333,0.44444,0.09210,-0.02366,0.14152,0.20583,0.02082,-0.00247,164,0.42644,P,diag,diagnostic
P_Z_bot10_H20_K50,Y2023,250,12,0.05943,0.09062,0.68226,-0.08440,5.69063,0.00355,-0.00813,-0.28266,-0.84394,0.50000,0.44444,-0.01230,-0.00090,-0.18707,-0.18117,0.05894,0.06757,160,0.45239,P,diag,diagnostic
P_Z_bot10_H20_K50,Y2024,211,10,0.10897,0.07727,1.37749,-0.03547,5.72310,0.00307,-0.04768,-1.21068,-1.56322,0.40000,0.57143,-0.04470,-0.06516,-0.09644,-0.12670,0.09046,0.13458,135,0.43830,P,diag,diagnostic
P_Z_bot10_H20_K50,Y2025,211,10,0.12106,0.09013,1.31310,-0.05328,5.08104,0.00263,-0.02831,-0.82913,-1.37024,0.40000,0.42857,-0.03869,0.01129,-0.14031,-0.08067,0.10041,0.12705,118,0.40495,P,diag,diagnostic
P_Z_bot10_H20_K50,Y2026,194,10,0.06782,0.08713,0.79675,-0.03833,5.08586,0.00257,-0.00633,-0.17640,-0.68187,0.60000,0.42857,-0.04305,0.04487,-0.17583,-0.12141,0.05181,0.05768,116,0.40458,P,diag,diagnostic
P_Z_bot10_H40_K50,train,1008,48,-0.01616,0.19395,0.01423,-0.38814,3.80145,0.00239,-0.00219,-0.03695,-0.47909,0.39583,0.40000,0.00794,-0.01665,-0.19029,-0.14863,-0.06309,-0.05554,499,0.60350,P,diag,diagnostic
P_Z_bot10_H40_K50,valid,461,22,0.13261,0.11836,1.11138,-0.11223,4.35766,0.00247,-0.05030,-1.53490,-2.04357,0.40909,0.36842,-0.06444,-0.01658,-0.09629,-0.10693,0.25583,0.37772,242,0.67332,P,diag,diagnostic
P_Z_bot10_H40_K50,valid2,405,20,0.10865,0.11808,0.93265,-0.09298,4.07585,0.00203,-0.06390,-1.70555,-2.48554,0.35000,0.29412,-0.08444,-0.01406,-0.14210,-0.08497,0.18030,0.30923,191,0.64824,P,diag,diagnostic
P_Z_bot10_H40_K50,all,1874,90,0.04515,0.16342,0.35273,-0.38814,3.99758,0.00233,-0.02736,-1.67311,-2.04003,0.38889,0.39080,-0.03225,-0.01610,-0.15675,-0.12461,0.38874,0.70357,932,0.63034,P,diag,diagnostic
P_Z_bot10_H40_K50,Y2019,252,12,0.06799,0.11003,0.65313,-0.09855,3.61053,0.00288,-0.03506,-0.79194,-1.47011,0.41667,0.44444,0.00751,-0.24580,-0.25400,-0.22351,0.06799,0.10774,111,0.57913,P,diag,diagnostic
P_Z_bot10_H40_K50,Y2020,253,12,-0.18001,0.28272,-0.55693,-0.38814,2.96950,0.00206,-0.05449,-2.27351,-2.46996,0.08333,0.11111,-0.06293,-0.04147,-0.44463,-0.37808,-0.18066,-0.13557,117,0.48000,P,diag,diagnostic
P_Z_bot10_H40_K50,Y2021,252,12,0.19545,0.11710,1.58367,-0.07141,4.40569,0.00231,0.06405,1.12677,0.65361,0.58333,0.55556,0.04490,0.13233,-0.07985,-0.07459,0.19545,0.12070,141,0.68285,P,diag,diagnostic
P_Z_bot10_H40_K50,Y2022,251,12,-0.10476,0.21046,-0.42073,-0.19638,4.22506,0.00231,0.01700,0.76478,0.24174,0.50000,0.44444,0.04148,0.00270,0.01917,0.08349,-0.10436,-0.11991,130,0.67277,P,diag,diagnostic
P_Z_bot10_H40_K50,Y2023,250,12,0.13967,0.12997,1.07098,-0.11223,4.27976,0.00259,-0.02106,-0.43655,-0.95262,0.50000,0.44444,-0.04295,0.02078,-0.10970,-0.10380,0.13849,0.16338,131,0.68790,P,diag,diagnostic
P_Z_bot10_H40_K50,Y2024,211,10,0.12430,0.10292,1.19001,-0.04960,4.44995,0.00233,-0.08494,-2.01209,-2.23521,0.30000,0.28571,-0.08594,-0.09131,-0.08039,-0.11065,0.10307,0.18424,111,0.65605,P,diag,diagnostic
P_Z_bot10_H40_K50,Y2025,211,10,0.19911,0.11842,1.59285,-0.06878,4.00261,0.00206,-0.08144,-1.61817,-2.36159,0.30000,0.14286,-0.12062,0.06024,-0.07003,-0.01039,0.16421,0.24721,98,0.63652,P,diag,diagnostic
P_Z_bot10_H40_K50,Y2026,194,10,0.01800,0.11748,0.21071,-0.09298,4.15550,0.00201,-0.04483,-0.77079,-1.87421,0.40000,0.42857,-0.03620,-0.05121,-0.22049,-0.16607,0.01383,0.04973,93,0.66098,P,diag,diagnostic
P_Z_bot10_H60_K50,train,1008,48,0.02336,0.22541,0.21605,-0.40868,3.34687,0.00208,-0.02223,-0.83305,-1.21525,0.35417,0.35556,-0.01171,-0.03848,-0.14435,-0.10269,0.09676,0.19788,423,0.81224,P,diag,diagnostic
P_Z_bot10_H60_K50,valid,461,22,0.17503,0.14824,1.16250,-0.15593,4.18737,0.00241,-0.05291,-1.44859,-2.08574,0.31818,0.26316,-0.03283,-0.10537,-0.05551,-0.06615,0.34322,0.48194,182,0.94770,P,diag,diagnostic
P_Z_bot10_H60_K50,valid2,405,20,0.24019,0.14357,1.57166,-0.08484,3.44788,0.00177,-0.04238,-1.14378,-1.71253,0.30000,0.23529,-0.05638,-0.01088,-0.02660,0.03054,0.41335,0.51662,156,0.86392,P,diag,diagnostic
P_Z_bot10_H60_K50,all,1874,90,0.10365,0.19291,0.60832,-0.40868,3.57546,0.00209,-0.03413,-1.86231,-2.16936,0.33333,0.33333,-0.02750,-0.04661,-0.09705,-0.06491,1.08213,1.69228,761,0.85673,P,diag,diagnostic
P_Z_bot10_H60_K50,Y2019,252,12,0.08150,0.12425,0.69300,-0.10542,2.79185,0.00214,-0.03293,-0.63922,-1.16034,0.41667,0.44444,0.01900,-0.29079,-0.23976,-0.20927,0.08150,0.12014,103,0.69391,P,diag,diagnostic
P_Z_bot10_H60_K50,Y2020,253,12,-0.06794,0.32692,-0.04919,-0.40868,2.76065,0.00192,-0.08441,-2.67989,-3.65099,0.16667,0.22222,-0.06313,-0.11090,-0.30326,-0.23670,-0.06820,0.01354,108,0.66376,P,diag,diagnostic
P_Z_bot10_H60_K50,Y2021,252,12,0.29251,0.14236,1.87443,-0.07083,3.90723,0.00202,0.03386,0.50888,0.06919,0.50000,0.44444,0.01501,0.09958,0.00155,0.00681,0.29251,0.24898,117,0.94497,P,diag,diagnostic
P_Z_bot10_H60_K50,Y2022,251,12,-0.15854,0.24518,-0.58153,-0.23567,3.93241,0.00223,-0.00512,-0.12487,-1.33437,0.33333,0.22222,-0.04924,0.02618,-0.03486,0.02945,-0.15797,-0.15522,95,0.94746,P,diag,diagnostic
P_Z_bot10_H60_K50,Y2023,250,12,0.20848,0.15947,1.26752,-0.15593,4.01583,0.00244,-0.03568,-0.62059,-1.33786,0.33333,0.22222,0.00843,-0.11778,-0.04677,-0.04086,0.20666,0.25160,99,0.94909,P,diag,diagnostic
P_Z_bot10_H60_K50,Y2024,211,10,0.13660,0.13368,1.02494,-0.05974,4.39061,0.00238,-0.07333,-1.55251,-2.66591,0.30000,0.28571,-0.07410,-0.08057,-0.06586,-0.09612,0.11317,0.18403,83,0.94605,P,diag,diagnostic
P_Z_bot10_H60_K50,Y2025,211,10,0.25643,0.13805,1.72313,-0.07646,3.10696,0.00167,-0.05525,-1.15141,-2.54967,0.30000,0.14286,-0.08837,0.06024,-0.02079,0.03885,0.21063,0.26952,84,0.79397,P,diag,diagnostic
P_Z_bot10_H60_K50,Y2026,194,10,0.22276,0.14933,1.42185,-0.08484,3.81867,0.00187,-0.02838,-0.47090,-1.11825,0.30000,0.28571,-0.01373,-0.04644,-0.03292,0.02150,0.16745,0.19464,72,0.93999,P,diag,diagnostic
P_ZV_bot10_H20_K50,train,1008,48,-0.02259,0.11096,-0.15055,-0.26345,3.37603,0.00210,-0.00912,-0.41509,-0.82088,0.45833,0.48889,0.02287,-0.06619,-0.20975,-0.16810,-0.08736,-0.04897,495,0.26817,P,diag,diagnostic
P_ZV_bot10_H20_K50,valid,461,22,0.08295,0.07496,1.10063,-0.05089,4.78870,0.00270,-0.01913,-0.73715,-1.13695,0.50000,0.47368,-0.02615,-0.00291,-0.14533,-0.15597,0.15694,0.19864,282,0.37429,P,diag,diagnostic
P_ZV_bot10_H20_K50,valid2,405,20,0.08457,0.08067,1.04667,-0.06279,3.98406,0.00214,0.00709,0.24860,-0.29347,0.45000,0.47059,-0.01405,0.05284,-0.16780,-0.11066,0.13936,0.12830,230,0.31748,P,diag,diagnostic
P_ZV_bot10_H20_K50,all,1874,90,0.02517,0.09706,0.30453,-0.26345,3.85495,0.00226,-0.00808,-0.58492,-0.90350,0.46667,0.48276,0.00154,-0.02847,-0.18484,-0.15270,0.20303,0.28619,1007,0.30493,P,diag,diagnostic
P_ZV_bot10_H20_K50,Y2019,252,12,-0.08521,0.08123,-1.05528,-0.14074,3.24918,0.00257,-0.08805,-1.59585,-1.95574,0.25000,0.33333,-0.01193,-0.45506,-0.41159,-0.38110,-0.08521,0.00007,112,0.25768,P,diag,diagnostic
P_ZV_bot10_H20_K50,Y2020,253,12,-0.11629,0.11509,-1.01551,-0.21249,2.23687,0.00153,-0.00538,-0.22721,-1.12306,0.50000,0.44444,-0.01621,0.01199,-0.40405,-0.33750,-0.11673,-0.11342,99,0.17634,P,diag,diagnostic
P_ZV_bot10_H20_K50,Y2021,252,12,0.04140,0.07026,0.61265,-0.06983,4.19001,0.00219,0.00326,0.10480,-0.70442,0.50000,0.44444,0.02862,-0.06635,-0.22226,-0.21700,0.04140,0.03819,144,0.33617,P,diag,diagnostic
P_ZV_bot10_H20_K50,Y2022,251,12,0.08494,0.15617,0.59916,-0.06177,3.83439,0.00211,0.05390,1.49970,1.03479,0.58333,0.44444,0.13683,-0.01087,0.20129,0.26560,0.08459,0.03316,140,0.30298,P,diag,diagnostic
P_ZV_bot10_H20_K50,Y2023,250,12,0.08530,0.07815,1.08647,-0.05089,4.60179,0.00267,0.00749,0.22927,-0.33527,0.58333,0.55556,-0.00071,0.02257,-0.16399,-0.15809,0.08459,0.07691,150,0.36497,P,diag,diagnostic
P_ZV_bot10_H20_K50,Y2024,211,10,0.08018,0.07100,1.12196,-0.03578,5.01015,0.00273,-0.05067,-1.13323,-1.62496,0.40000,0.57143,-0.05158,-0.05388,-0.12321,-0.15347,0.06671,0.11304,132,0.38533,P,diag,diagnostic
P_ZV_bot10_H20_K50,Y2025,211,10,0.09504,0.08403,1.12242,-0.06279,4.10839,0.00228,-0.02435,-0.73509,-1.31314,0.40000,0.42857,-0.02977,-0.00541,-0.16434,-0.10470,0.07898,0.10209,116,0.32758,P,diag,diagnostic
P_ZV_bot10_H20_K50,Y2026,194,10,0.07329,0.07685,0.95892,-0.03572,3.84883,0.00198,0.04130,1.10769,0.51930,0.50000,0.28571,0.00691,0.08196,-0.17155,-0.11713,0.05596,0.02378,114,0.30648,P,diag,diagnostic
P_ZV_bot10_H40_K50,train,1008,48,-0.03087,0.18832,-0.07136,-0.38024,3.12381,0.00195,-0.00856,-0.32768,-0.69194,0.39583,0.42222,0.03318,-0.08124,-0.20649,-0.16483,-0.11788,-0.08221,486,0.50311,P,diag,diagnostic
P_ZV_bot10_H40_K50,valid,461,22,0.13270,0.11158,1.17265,-0.08996,4.21851,0.00234,-0.04273,-1.20206,-1.76311,0.36364,0.36842,-0.05146,-0.02132,-0.09699,-0.10764,0.25602,0.35969,258,0.64206,P,diag,diagnostic
P_ZV_bot10_H40_K50,valid2,405,20,0.14259,0.10883,1.27954,-0.07999,3.62677,0.00190,-0.01966,-0.49184,-0.94950,0.55000,0.52941,-0.05607,0.06246,-0.11298,-0.05584,0.23891,0.28065,212,0.57889,P,diag,diagnostic
P_ZV_bot10_H40_K50,all,1874,90,0.04351,0.15723,0.35015,-0.38024,3.50180,0.00204,-0.01936,-1.09754,-1.35960,0.42222,0.43678,-0.00950,-0.03911,-0.15934,-0.12721,0.37267,0.59814,956,0.55367,P,diag,diagnostic
P_ZV_bot10_H40_K50,Y2019,252,12,0.01682,0.11076,0.20603,-0.10375,2.88893,0.00224,-0.07155,-1.26200,-1.96023,0.16667,0.22222,0.00121,-0.42934,-0.30305,-0.27256,0.01682,0.09494,103,0.47092,P,diag,diagnostic
P_ZV_bot10_H40_K50,Y2020,253,12,-0.20885,0.26769,-0.73758,-0.38024,2.18148,0.00155,-0.04200,-2.34922,-2.84061,0.25000,0.11111,-0.04419,-0.02972,-0.48462,-0.41806,-0.20958,-0.17931,103,0.34647,P,diag,diagnostic
P_ZV_bot10_H40_K50,Y2021,252,12,0.14854,0.10492,1.37280,-0.08575,3.96203,0.00209,0.04412,0.91424,0.41751,0.58333,0.55556,0.06931,-0.01743,-0.12127,-0.11601,0.14854,0.09842,146,0.62963,P,diag,diagnostic
P_ZV_bot10_H40_K50,Y2022,251,12,-0.04455,0.21584,-0.10411,-0.17328,3.46791,0.00194,0.03552,0.78668,0.22404,0.58333,0.55556,0.14041,-0.04594,0.08525,0.14956,-0.04438,-0.07016,134,0.56629,P,diag,diagnostic
P_ZV_bot10_H40_K50,Y2023,250,12,0.18299,0.12139,1.44522,-0.08996,4.15099,0.00237,0.00255,0.05293,-0.44580,0.50000,0.55556,0.00722,-0.00563,-0.07346,-0.06756,0.18141,0.17965,142,0.64995,P,diag,diagnostic
P_ZV_bot10_H40_K50,Y2024,211,10,0.07588,0.09859,0.79118,-0.06830,4.29851,0.00230,-0.09637,-2.54265,-2.80366,0.20000,0.14286,-0.11013,-0.05271,-0.12487,-0.15512,0.06315,0.15262,116,0.63272,P,diag,diagnostic
P_ZV_bot10_H40_K50,Y2025,211,10,0.18740,0.10760,1.65045,-0.07554,3.49830,0.00190,-0.05396,-0.82116,-1.58862,0.50000,0.42857,-0.07745,0.03147,-0.08108,-0.02144,0.15467,0.20937,103,0.57259,P,diag,diagnostic
P_ZV_bot10_H40_K50,Y2026,194,10,0.09578,0.11009,0.88616,-0.07999,3.76650,0.00189,0.01766,0.29465,-0.24669,0.60000,0.42857,-0.02756,0.07796,-0.14769,-0.09327,0.07295,0.05894,109,0.58575,P,diag,diagnostic
P_ZV_bot10_H60_K50,train,1008,48,0.01261,0.21588,0.16664,-0.38429,2.83468,0.00176,-0.00813,-0.26109,-0.64453,0.43750,0.46667,0.04013,-0.09424,-0.15707,-0.11542,0.05139,0.10131,402,0.68204,P,diag,diagnostic
P_ZV_bot10_H60_K50,valid,461,22,0.20651,0.13873,1.42298,-0.13218,3.79152,0.00214,-0.01521,-0.41389,-0.95059,0.50000,0.47368,-0.01340,-0.02342,-0.03042,-0.04106,0.40978,0.45171,240,0.87792,P,diag,diagnostic
P_ZV_bot10_H60_K50,valid2,405,20,0.21511,0.13082,1.55527,-0.08046,3.16597,0.00168,-0.03447,-0.98626,-1.52573,0.40000,0.35294,-0.06958,0.04105,-0.04877,0.00837,0.36769,0.44879,184,0.77861,P,diag,diagnostic
P_ZV_bot10_H60_K50,all,1874,90,0.09969,0.18311,0.61103,-0.38429,3.14165,0.00184,-0.01557,-0.81738,-1.12762,0.44444,0.45977,0.00091,-0.05160,-0.10251,-0.07037,1.02724,1.31629,826,0.75110,P,diag,diagnostic
P_ZV_bot10_H60_K50,Y2019,252,12,0.06563,0.12990,0.55442,-0.10637,2.48714,0.00190,-0.05290,-0.78047,-1.55293,0.33333,0.44444,0.02969,-0.45966,-0.25384,-0.22335,0.06563,0.12761,79,0.60732,P,diag,diagnostic
P_ZV_bot10_H60_K50,Y2020,253,12,-0.07869,0.29133,-0.13319,-0.38429,2.08140,0.00144,-0.02524,-0.57678,-1.20679,0.41667,0.33333,0.00679,-0.05805,-0.32598,-0.25942,-0.07899,-0.05568,88,0.50012,P,diag,diagnostic
P_ZV_bot10_H60_K50,Y2021,252,12,0.23541,0.12421,1.76483,-0.08127,3.38646,0.00176,0.03534,0.52891,-0.00313,0.50000,0.55556,0.07371,-0.06569,-0.04609,-0.04083,0.23541,0.19205,120,0.82094,P,diag,diagnostic
P_ZV_bot10_H60_K50,Y2022,251,12,-0.13337,0.26257,-0.41437,-0.21603,3.38889,0.00194,0.01040,0.06785,-0.42030,0.50000,0.33333,0.04724,-0.02792,-0.00108,0.06323,-0.13287,-0.13236,115,0.80097,P,diag,diagnostic
P_ZV_bot10_H60_K50,Y2023,250,12,0.26104,0.14554,1.66699,-0.13218,3.64730,0.00217,0.00280,0.05868,-0.54609,0.50000,0.44444,0.03052,-0.05059,-0.00629,-0.00039,0.25872,0.25653,134,0.86825,P,diag,diagnostic
P_ZV_bot10_H60_K50,Y2024,211,10,0.14495,0.13013,1.10556,-0.07251,3.96238,0.00211,-0.03654,-0.79064,-1.50778,0.50000,0.57143,-0.05733,0.03092,-0.05900,-0.08926,0.12001,0.15533,106,0.88937,P,diag,diagnostic
P_ZV_bot10_H60_K50,Y2025,211,10,0.21520,0.12160,1.66417,-0.08046,2.79638,0.00156,-0.04070,-0.74838,-1.59668,0.50000,0.42857,-0.06060,0.03147,-0.05630,0.00334,0.17727,0.21938,95,0.70998,P,diag,diagnostic
P_ZV_bot10_H60_K50,Y2026,194,10,0.21500,0.14016,1.46014,-0.07411,3.56795,0.00181,-0.02769,-0.60430,-1.27019,0.30000,0.28571,-0.08156,0.04584,-0.04059,0.01383,0.16175,0.18813,89,0.85325,P,diag,diagnostic
P_OC_bot10_H20_K50,train,1008,48,0.06121,0.17514,0.42691,-0.36986,5.01171,0.00385,0.03115,0.95694,0.58337,0.45833,0.48889,0.07475,-0.04618,-0.11828,-0.07662,0.26826,0.14202,593,0.39820,P,diag,diagnostic
P_OC_bot10_H20_K50,valid,461,22,0.09204,0.11230,0.84006,-0.09556,5.43757,0.00409,-0.01598,-0.59758,-1.26365,0.36364,0.36842,-0.01649,-0.02370,-0.13349,-0.14413,0.17477,0.21579,290,0.42687,P,diag,diagnostic
P_OC_bot10_H20_K50,valid2,405,20,0.12149,0.12727,0.96459,-0.08268,5.37461,0.00323,-0.00770,-0.37249,-0.73912,0.55000,0.52941,-0.04749,0.07022,-0.12947,-0.07233,0.20234,0.22573,240,0.42686,P,diag,diagnostic
P_OC_bot10_H20_K50,all,1874,90,0.08155,0.15200,0.59182,-0.36986,5.19490,0.00377,0.01116,0.47545,0.11610,0.45556,0.47126,0.02276,-0.01745,-0.12444,-0.09230,0.79137,0.70188,1123,0.41145,P,diag,diagnostic
P_OC_bot10_H20_K50,Y2019,252,12,-0.09483,0.10282,-0.91686,-0.17266,4.15932,0.00367,-0.09046,-1.37862,-1.61971,0.33333,0.44444,0.00067,-0.52832,-0.42014,-0.38965,-0.09483,-0.00676,126,0.32993,P,diag,diagnostic
P_OC_bot10_H20_K50,Y2020,253,12,0.19053,0.23338,0.86525,-0.31615,5.64879,0.00509,0.10031,1.37217,0.89161,0.58333,0.66667,0.21946,-0.04649,-0.08524,-0.01869,0.19135,0.08282,159,0.44785,P,diag,diagnostic
P_OC_bot10_H20_K50,Y2021,252,12,0.11382,0.12590,0.91924,-0.07664,4.66579,0.00291,0.05038,0.70160,-0.21364,0.33333,0.22222,0.05628,0.02550,-0.14957,-0.14431,0.11382,0.06365,152,0.37597,P,diag,diagnostic
P_OC_bot10_H20_K50,Y2022,251,12,0.05612,0.20388,0.36875,-0.12418,5.57262,0.00372,0.06421,1.29352,0.75448,0.58333,0.66667,0.05357,0.06107,0.18290,0.24721,0.05590,-0.00168,156,0.43903,P,diag,diagnostic
P_OC_bot10_H20_K50,Y2023,250,12,0.06064,0.11073,0.58687,-0.09556,5.32030,0.00390,0.00006,-0.01826,-0.77942,0.41667,0.44444,0.00917,-0.01987,-0.18391,-0.17801,0.06015,0.06245,155,0.42218,P,diag,diagnostic
P_OC_bot10_H20_K50,Y2024,211,10,0.13044,0.11410,1.13168,-0.06399,5.57653,0.00431,-0.03498,-0.66023,-1.59520,0.30000,0.42857,-0.04216,-0.03136,-0.07375,-0.10400,0.10811,0.14433,135,0.43242,P,diag,diagnostic
P_OC_bot10_H20_K50,Y2025,211,10,0.14418,0.11140,1.26482,-0.07148,4.85141,0.00315,-0.01135,-0.27508,-0.78208,0.60000,0.57143,-0.02923,0.04718,-0.11775,-0.05812,0.11938,0.13208,108,0.38941,P,diag,diagnostic
P_OC_bot10_H20_K50,Y2026,194,10,0.09732,0.14252,0.72289,-0.08268,5.94367,0.00332,-0.00374,-0.23623,-0.73563,0.50000,0.42857,-0.07185,0.08175,-0.14222,-0.08780,0.07411,0.08273,132,0.46759,P,diag,diagnostic
P_OC_bot10_H40_K50,train,1008,48,0.06637,0.24969,0.38325,-0.41800,3.93995,0.00302,0.05131,1.37424,0.99936,0.50000,0.53333,0.12277,-0.07895,-0.09735,-0.05570,0.29309,0.09220,499,0.63382,P,diag,diagnostic
P_OC_bot10_H40_K50,valid,461,22,0.16875,0.14713,1.13359,-0.11705,4.27412,0.00318,-0.00550,-0.17091,-0.85831,0.54545,0.52632,-0.00021,-0.02373,-0.06105,-0.07170,0.33010,0.35479,229,0.64890,P,diag,diagnostic
P_OC_bot10_H40_K50,valid2,405,20,0.18720,0.16562,1.11906,-0.10492,4.04267,0.00240,-0.00721,-0.27674,-1.24154,0.35000,0.29412,-0.05935,0.09251,-0.06689,-0.00976,0.31755,0.34849,185,0.63953,P,diag,diagnostic
P_OC_bot10_H40_K50,all,1874,90,0.11629,0.21165,0.62630,-0.41800,4.04435,0.00293,0.02469,0.92032,0.56572,0.47778,0.49425,0.04872,-0.03205,-0.08184,-0.04970,1.26612,0.99536,913,0.63876,P,diag,diagnostic
P_OC_bot10_H40_K50,Y2019,252,12,0.04789,0.13041,0.42413,-0.11119,3.40353,0.00304,-0.04832,-0.55884,-1.03680,0.41667,0.55556,0.05600,-0.54355,-0.27055,-0.24006,0.04789,0.10431,97,0.55689,P,diag,diagnostic
P_OC_bot10_H40_K50,Y2020,253,12,0.09550,0.37154,0.43439,-0.41800,4.35335,0.00394,0.07340,1.06353,0.61581,0.58333,0.55556,0.19084,-0.08366,-0.12579,-0.05923,0.09590,0.03258,131,0.68869,P,diag,diagnostic
P_OC_bot10_H40_K50,Y2021,252,12,0.30755,0.16024,1.75455,-0.09094,3.80963,0.00243,0.17056,1.91736,1.58516,0.58333,0.55556,0.19369,0.10465,0.01584,0.02110,0.30755,0.10936,136,0.61412,P,diag,diagnostic
P_OC_bot10_H40_K50,Y2022,251,12,-0.13935,0.26086,-0.44532,-0.23627,4.19264,0.00267,0.00937,0.02956,-0.77795,0.41667,0.33333,0.03337,-0.02153,-0.00844,0.05587,-0.13884,-0.13659,135,0.67553,P,diag,diagnostic
P_OC_bot10_H40_K50,Y2023,250,12,0.22146,0.15214,1.39110,-0.11705,4.27164,0.00310,0.05055,0.92400,0.33705,0.75000,0.77778,0.08725,-0.01560,-0.03726,-0.03135,0.21952,0.16478,121,0.67731,P,diag,diagnostic
P_OC_bot10_H40_K50,Y2024,211,10,0.10923,0.14088,0.80655,-0.09401,4.27707,0.00328,-0.07191,-1.81465,-2.29136,0.30000,0.28571,-0.08767,-0.03999,-0.08924,-0.11950,0.09068,0.16313,108,0.61523,P,diag,diagnostic
P_OC_bot10_H40_K50,Y2025,211,10,0.26266,0.14098,1.72516,-0.07680,3.84393,0.00252,-0.02582,-0.42887,-1.16858,0.50000,0.42857,-0.05581,0.08111,-0.01544,0.04420,0.21565,0.24626,87,0.61201,P,diag,diagnostic
P_OC_bot10_H40_K50,Y2026,194,10,0.11023,0.18872,0.64851,-0.10492,4.25881,0.00227,0.01304,0.01094,-1.83598,0.20000,0.14286,-0.06406,0.09821,-0.12286,-0.06844,0.08383,0.08202,98,0.66946,P,diag,diagnostic
P_OC_bot10_H60_K50,train,1008,48,0.09741,0.28247,0.47128,-0.42343,3.49466,0.00270,0.01871,0.44316,0.12221,0.56250,0.60000,0.06523,-0.07102,-0.05993,-0.01827,0.45035,0.41119,403,0.84189,P,diag,diagnostic
P_OC_bot10_H60_K50,valid,461,22,0.26341,0.18973,1.32771,-0.17879,4.08210,0.00311,0.02450,0.42612,-0.06066,0.45455,0.42105,0.07904,-0.11166,0.02408,0.01343,0.53377,0.48823,213,0.93947,P,diag,diagnostic
P_OC_bot10_H60_K50,valid2,405,20,0.29455,0.18327,1.50093,-0.10691,3.45933,0.00205,-0.00534,-0.13209,-1.20760,0.40000,0.35294,-0.00060,-0.02479,0.02284,0.07998,0.51422,0.54741,142,0.86313,P,diag,diagnostic
P_OC_bot10_H60_K50,all,1874,90,0.17740,0.24300,0.79433,-0.42343,3.63154,0.00266,0.01494,0.48742,0.17699,0.50000,0.51724,0.05374,-0.06986,-0.02137,0.01076,2.36837,2.24984,758,0.87048,P,diag,diagnostic
P_OC_bot10_H60_K50,Y2019,252,12,0.03008,0.14223,0.27986,-0.12896,2.66142,0.00246,-0.07657,-1.08332,-1.41439,0.41667,0.55556,0.02199,-0.55258,-0.28606,-0.25557,0.03008,0.11747,85,0.67515,P,diag,diagnostic
P_OC_bot10_H60_K50,Y2020,253,12,0.31650,0.40971,0.87914,-0.42343,3.92515,0.00338,0.07861,1.10290,0.66299,0.66667,0.66667,0.10305,0.04017,0.07301,0.13957,0.31794,0.24029,98,0.93800,P,diag,diagnostic
P_OC_bot10_H60_K50,Y2021,252,12,0.37419,0.17546,1.90031,-0.08882,3.45735,0.00225,0.14551,2.05294,1.65703,0.75000,0.77778,0.12238,0.20594,0.06814,0.07340,0.37419,0.19582,112,0.81603,P,diag,diagnostic
P_OC_bot10_H60_K50,Y2022,251,12,-0.22335,0.31489,-0.64523,-0.29837,3.93477,0.00272,-0.07329,-0.91498,-1.43453,0.41667,0.44444,-0.00413,-0.13155,-0.09546,-0.03115,-0.22257,-0.14855,108,0.93839,P,diag,diagnostic
P_OC_bot10_H60_K50,Y2023,250,12,0.33994,0.19178,1.62227,-0.17879,3.96596,0.00293,0.06512,0.80634,0.25185,0.41667,0.33333,0.18461,-0.14474,0.06223,0.06813,0.33683,0.26223,115,0.93548,P,diag,diagnostic
P_OC_bot10_H60_K50,Y2024,211,10,0.17837,0.18717,0.97099,-0.13298,4.21971,0.00332,-0.02363,-0.35363,-0.76863,0.50000,0.57143,-0.02653,-0.04549,-0.02113,-0.05138,0.14732,0.17905,98,0.94418,P,diag,diagnostic
P_OC_bot10_H60_K50,Y2025,211,10,0.37593,0.16233,2.04807,-0.07385,3.11099,0.00195,0.01851,0.28061,-0.25171,0.50000,0.42857,-0.00197,0.08111,0.07380,0.13343,0.30631,0.29212,70,0.78573,P,diag,diagnostic
P_OC_bot10_H60_K50,Y2026,194,10,0.21149,0.20355,1.04482,-0.10691,3.83820,0.00215,-0.03127,-0.27596,-1.98942,0.30000,0.42857,0.00122,-0.07774,-0.03258,0.02184,0.15916,0.19757,72,0.94732,P,diag,diagnostic
V1_L5_low_N20_W,train,1008,48,0.25032,0.24430,1.03835,-0.39086,36.46050,0.02480,0.06062,1.22553,0.98295,0.56250,0.60000,0.00943,0.14834,0.06062,0.10227,1.44394,0.90649,207,,V1,cand,near
V1_L5_low_N20_W,valid,461,22,0.24984,0.14594,1.60182,-0.13123,36.14359,0.02615,0.00593,0.07720,-0.41450,0.45455,0.52632,-0.04491,0.13619,0.00593,-0.00471,0.50377,0.48561,96,,V1,cand,near
V1_L5_low_N20_W,valid2,405,20,0.19290,0.18943,1.02545,-0.13143,33.08809,0.02240,-0.05798,-0.61498,-1.15291,0.50000,0.47059,-0.09755,0.04018,-0.05798,-0.00084,0.32773,0.45845,83,,V1,cand,near
V1_L5_low_N20_W,all,1874,90,0.23757,0.21236,1.11097,-0.39086,35.65371,0.02462,0.02153,0.55984,0.33486,0.52222,0.54023,-0.02937,0.12345,0.02153,0.05367,3.87959,3.13078,386,,V1,cand,near
V1_L5_low_N20_W,Y2019,252,12,0.30418,0.11947,2.28384,-0.06348,36.51782,0.02374,-0.05300,-0.62800,-1.11555,0.41667,0.55556,-0.12621,0.28196,-0.05300,-0.02251,0.30418,0.37285,51,,V1,cand,near
V1_L5_low_N20_W,Y2020,253,12,0.28264,0.38199,0.84621,-0.39086,37.33530,0.02782,0.03606,0.21465,-0.31085,0.50000,0.44444,-0.03447,0.10428,0.03606,0.10262,0.28391,0.24237,52,,V1,cand,near
V1_L5_low_N20_W,Y2021,252,12,0.45522,0.15751,2.46246,-0.07465,36.88943,0.02306,0.12257,1.50467,1.06201,0.83333,0.88889,0.19554,-0.06271,0.12257,0.12783,0.45522,0.28840,52,,V1,cand,near
V1_L5_low_N20_W,Y2022,251,12,0.00298,0.23036,0.12815,-0.16951,35.09055,0.02458,0.13724,1.48141,1.07695,0.50000,0.55556,0.00720,0.23209,0.13724,0.20155,0.00297,-0.13242,52,,V1,cand,near
V1_L5_low_N20_W,Y2023,250,12,0.22288,0.15424,1.38221,-0.13123,35.03328,0.02616,-0.03570,-0.51848,-1.84235,0.25000,0.33333,-0.08184,0.05514,-0.03570,-0.02980,0.22093,0.26385,52,,V1,cand,near
V1_L5_low_N20_W,Y2024,211,10,0.28255,0.13543,1.90613,-0.09243,37.45913,0.02613,0.05527,0.54236,-0.04398,0.70000,0.71429,-0.00799,0.29828,0.05527,0.02501,0.23166,0.17547,44,,V1,cand,near
V1_L5_low_N20_W,Y2025,211,10,0.30523,0.21992,1.32069,-0.13143,34.14697,0.02420,0.03179,0.25710,-0.40120,0.50000,0.42857,-0.04570,0.34946,0.03179,0.09143,0.24987,0.21781,43,,V1,cand,near
V1_L5_low_N20_W,Y2026,194,10,0.08167,0.14908,0.60117,-0.08812,31.93641,0.02045,-0.15562,-1.12784,-1.67841,0.50000,0.42857,-0.16668,-0.11447,-0.15562,-0.10120,0.06230,0.19760,40,,V1,cand,near
V1_L5_low_N20_M,train,1008,48,0.22191,0.23459,0.97280,-0.37990,10.18177,0.00685,0.03516,0.78015,0.52931,0.58333,0.57778,-0.02078,0.14177,0.03516,0.07681,1.22923,0.90649,47,,V1,cand,fail
V1_L5_low_N20_M,valid,461,22,0.21751,0.14262,1.45176,-0.11641,10.32389,0.00768,-0.02077,-0.42781,-0.78819,0.50000,0.57895,-0.08612,0.15243,-0.02077,-0.03142,0.43338,0.48561,22,,V1,cand,fail
V1_L5_low_N20_M,valid2,405,20,0.15958,0.18131,0.90726,-0.14606,10.16191,0.00679,-0.08774,-0.89337,-1.64371,0.40000,0.47059,-0.03511,-0.18246,-0.08774,-0.03060,0.26865,0.45845,19,,V1,cand,fail
V1_L5_low_N20_M,all,1874,90,0.20709,0.20423,1.02449,-0.37990,10.21244,0.00704,-0.00516,-0.09233,-0.38499,0.52222,0.51724,-0.04121,0.07690,-0.00516,0.02698,3.05377,3.13078,88,,V1,cand,fail
V1_L5_low_N20_M,Y2019,252,12,0.22584,0.10755,1.94790,-0.05083,9.14125,0.00602,-0.11636,-0.87719,-1.34608,0.41667,0.33333,-0.22395,0.38874,-0.11636,-0.08587,0.22584,0.37285,11,,V1,cand,fail
V1_L5_low_N20_M,Y2020,253,12,0.26752,0.36629,0.83291,-0.37990,10.35369,0.00752,0.01790,0.28918,-0.14870,0.58333,0.44444,-0.04970,0.11172,0.01790,0.08446,0.26871,0.24237,12,,V1,cand,fail
V1_L5_low_N20_M,Y2021,252,12,0.41666,0.15167,2.37369,-0.05554,10.60905,0.00677,0.09473,1.25488,0.80267,0.58333,0.55556,0.14062,-0.01452,0.09473,0.09999,0.41666,0.28840,12,,V1,cand,fail
V1_L5_low_N20_M,Y2022,251,12,0.01184,0.22542,0.16479,-0.14743,10.62416,0.00711,0.14487,2.20960,1.84640,0.75000,0.77778,0.13554,0.15966,0.14487,0.20918,0.01180,-0.13242,12,,V1,cand,fail
V1_L5_low_N20_M,Y2023,250,12,0.19839,0.14870,1.29187,-0.11641,10.25682,0.00778,-0.05680,-0.83423,-1.32614,0.50000,0.66667,-0.12689,0.08567,-0.05680,-0.05089,0.19667,0.26385,12,,V1,cand,fail
V1_L5_low_N20_M,Y2024,211,10,0.24056,0.13507,1.66422,-0.07911,10.40336,0.00756,0.02191,0.28296,-0.19717,0.50000,0.57143,-0.04535,0.28596,0.02191,-0.00835,0.19780,0.17547,10,,V1,cand,fail
V1_L5_low_N20_M,Y2025,211,10,0.20477,0.20427,1.01403,-0.14606,9.40340,0.00644,-0.05152,-0.41999,-0.94747,0.40000,0.57143,-0.03432,-0.08940,-0.05152,0.00811,0.16880,0.21781,9,,V1,cand,fail
V1_L5_low_N20_M,Y2026,194,10,0.11236,0.15242,0.77500,-0.12129,10.98688,0.00716,-0.12712,-0.77497,-1.98349,0.40000,0.57143,-0.03617,-0.22899,-0.12712,-0.07270,0.08543,0.19760,10,,V1,cand,fail
V1_L5_low_N50_W,train,1008,48,0.19245,0.24221,0.84965,-0.40655,32.00623,0.02175,0.01275,0.26020,-0.13047,0.52083,0.55556,-0.04449,0.10982,0.01275,0.05440,1.02189,0.90649,207,,V1,cand,fail
V1_L5_low_N50_W,valid,461,22,0.23059,0.13473,1.60811,-0.10613,31.51323,0.02255,-0.01117,-0.28263,-0.64269,0.59091,0.57895,-0.07535,0.15344,-0.01117,-0.02182,0.46167,0.48561,96,,V1,cand,fail
V1_L5_low_N50_W,valid2,405,20,0.26221,0.18447,1.35464,-0.13890,28.60523,0.01928,-0.00235,-0.03410,-0.50430,0.55000,0.52941,-0.01272,0.02264,-0.00235,0.05479,0.45390,0.45845,83,,V1,cand,fail
V1_L5_low_N50_W,all,1874,90,0.21658,0.20827,1.04670,-0.40655,31.14995,0.02142,0.00360,0.06581,-0.23744,0.54444,0.56322,-0.04529,0.10081,0.00360,0.03574,3.29675,3.13078,386,,V1,cand,fail
V1_L5_low_N50_W,Y2019,252,12,0.24027,0.11707,1.89872,-0.06711,31.02231,0.02025,-0.10358,-1.39209,-1.58810,0.33333,0.44444,-0.14809,0.08798,-0.10358,-0.07309,0.24027,0.37285,51,,V1,cand,fail
V1_L5_low_N50_W,Y2020,253,12,0.18809,0.38170,0.64649,-0.40655,32.92131,0.02462,-0.04041,-0.89442,-1.51603,0.33333,0.22222,-0.15451,0.08442,-0.04041,0.02614,0.18891,0.24237,52,,V1,cand,fail
V1_L5_low_N50_W,Y2021,252,12,0.39038,0.15145,2.25341,-0.07052,32.70359,0.02067,0.07597,1.17400,0.68462,0.83333,0.88889,0.11490,-0.01477,0.07597,0.08123,0.39038,0.28840,52,,V1,cand,fail
V1_L5_low_N50_W,Y2022,251,12,-0.01387,0.22743,0.05239,-0.16135,31.37157,0.02146,0.11964,1.36594,0.87306,0.58333,0.55556,0.02982,0.18759,0.11964,0.18395,-0.01381,-0.13242,52,,V1,cand,fail
V1_L5_low_N50_W,Y2023,250,12,0.23193,0.14152,1.54531,-0.10613,30.64315,0.02235,-0.03021,-0.50638,-1.06600,0.58333,0.55556,-0.11766,0.13770,-0.03021,-0.02431,0.22990,0.26385,52,,V1,cand,fail
V1_L5_low_N50_W,Y2024,211,10,0.22900,0.12621,1.69757,-0.08164,32.54413,0.02279,0.01139,0.15536,-0.22411,0.60000,0.57143,-0.03304,0.18490,0.01139,-0.01887,0.18845,0.17547,44,,V1,cand,fail
V1_L5_low_N50_W,Y2025,211,10,0.28786,0.20577,1.33213,-0.13890,29.43580,0.02126,0.01545,0.19475,-0.50390,0.50000,0.42857,-0.04494,0.26575,0.01545,0.07509,0.23593,0.21781,43,,V1,cand,fail
V1_L5_low_N50_W,Y2026,194,10,0.23489,0.15806,1.41429,-0.06373,27.70188,0.01713,-0.02170,-0.23458,-0.66187,0.60000,0.71429,0.03024,-0.09891,-0.02170,0.03272,0.17636,0.19760,40,,V1,cand,fail
V1_L5_low_N50_M,train,1008,48,0.20082,0.23383,0.90083,-0.37523,9.25590,0.00633,0.01759,0.40755,0.19899,0.56250,0.57778,-0.05977,0.15636,0.01759,0.05925,1.07925,0.90649,47,,V1,cand,fail
V1_L5_low_N50_M,valid,461,22,0.20168,0.13734,1.40689,-0.10652,9.43523,0.00673,-0.03460,-0.99219,-1.45801,0.45455,0.47368,-0.08430,0.09426,-0.03460,-0.04525,0.39947,0.48561,22,,V1,cand,fail
V1_L5_low_N50_M,valid2,405,20,0.24670,0.17769,1.33008,-0.13628,9.09386,0.00589,-0.01589,-0.28338,-0.73456,0.45000,0.47059,-0.00925,-0.02628,-0.01589,0.04125,0.42530,0.45845,19,,V1,cand,fail
V1_L5_low_N50_M,all,1874,90,0.21080,0.20217,1.04817,-0.37523,9.26500,0.00633,-0.00248,-0.11310,-0.29747,0.51111,0.51724,-0.05461,0.10572,-0.00248,0.02965,3.14739,3.13078,88,,V1,cand,fail
V1_L5_low_N50_M,Y2019,252,12,0.21804,0.11022,1.84554,-0.06328,8.27263,0.00540,-0.12245,-1.00891,-1.30272,0.33333,0.33333,-0.20189,0.23537,-0.12245,-0.09196,0.21804,0.37285,11,,V1,cand,fail
V1_L5_low_N50_M,Y2020,253,12,0.22850,0.36329,0.75092,-0.37523,9.29312,0.00668,-0.01437,-0.43126,-1.08310,0.50000,0.33333,-0.12270,0.12617,-0.01437,0.05218,0.22950,0.24237,12,,V1,cand,fail
V1_L5_low_N50_M,Y2021,252,12,0.41038,0.14294,2.47873,-0.06942,9.74321,0.00645,0.08900,2.28127,1.87178,0.75000,0.66667,0.09643,0.09109,0.08900,0.09426,0.41038,0.28840,12,,V1,cand,fail
V1_L5_low_N50_M,Y2022,251,12,-0.01564,0.23146,0.04752,-0.17509,9.71633,0.00678,0.11872,1.64078,1.24707,0.66667,0.55556,0.03142,0.18332,0.11872,0.18303,-0.01558,-0.13242,12,,V1,cand,fail
V1_L5_low_N50_M,Y2023,250,12,0.21767,0.14068,1.47077,-0.10652,9.37686,0.00679,-0.04199,-0.85678,-1.37595,0.41667,0.44444,-0.09369,0.06008,-0.04199,-0.03609,0.21577,0.26385,12,,V1,cand,fail
V1_L5_low_N50_M,Y2024,211,10,0.18301,0.13328,1.32822,-0.08778,9.50439,0.00666,-0.02585,-0.50051,-1.23832,0.50000,0.57143,-0.07492,0.16262,-0.02585,-0.05611,0.15110,0.17547,10,,V1,cand,fail
V1_L5_low_N50_M,Y2025,211,10,0.32255,0.19495,1.53196,-0.13628,8.14043,0.00574,0.03999,0.65729,0.11843,0.50000,0.57143,0.03866,0.07499,0.03999,0.09963,0.26374,0.21781,9,,V1,cand,fail
V1_L5_low_N50_M,Y2026,194,10,0.16915,0.15668,1.07600,-0.08089,10.13084,0.00605,-0.07666,-1.03998,-1.85215,0.40000,0.42857,-0.07313,-0.07691,-0.07666,-0.02224,0.12784,0.19760,10,,V1,cand,fail
V1_L20_low_N20_W,train,1008,48,0.15066,0.24562,0.69597,-0.43778,16.21235,0.01122,-0.02211,-0.48097,-0.83398,0.50000,0.53333,-0.08932,0.09995,-0.02211,0.01955,0.75300,0.90649,205,,V1,cand,fail
V1_L20_low_N20_W,valid,461,22,0.22110,0.13056,1.59578,-0.10934,15.45815,0.01177,-0.01949,-0.28672,-0.64455,0.50000,0.57895,-0.10829,0.21729,-0.01949,-0.03013,0.44111,0.48561,96,,V1,cand,fail
V1_L20_low_N20_W,valid2,405,20,0.17973,0.18513,0.98531,-0.15704,14.79566,0.01004,-0.06982,-1.13142,-1.40382,0.55000,0.52941,-0.10832,0.01849,-0.06982,-0.01269,0.30427,0.45845,81,,V1,cand,fail
V1_L20_low_N20_W,all,1874,90,0.17391,0.20988,0.87011,-0.43778,15.72065,0.01110,-0.03178,-0.99159,-1.26476,0.51111,0.52874,-0.09866,0.10737,-0.03178,0.00036,2.29492,3.13078,382,,V1,cand,fail
V1_L20_low_N20_W,Y2019,252,12,0.22012,0.11836,1.74086,-0.07590,15.55237,0.00966,-0.11981,-1.27785,-1.72205,0.33333,0.44444,-0.19196,0.20323,-0.11981,-0.08932,0.22012,0.37285,49,,V1,cand,fail
V1_L20_low_N20_W,Y2020,253,12,0.09107,0.39284,0.42230,-0.43778,16.97709,0.01347,-0.12128,-1.75757,-2.33358,0.41667,0.44444,-0.16964,-0.05352,-0.12128,-0.05473,0.09145,0.24237,52,,V1,cand,fail
V1_L20_low_N20_W,Y2021,252,12,0.34402,0.15015,2.04548,-0.06866,16.14949,0.01044,0.04182,0.76097,0.39075,0.75000,0.77778,0.04549,0.04101,0.04182,0.04708,0.34402,0.28840,52,,V1,cand,fail
V1_L20_low_N20_W,Y2022,251,12,-0.02066,0.22322,0.01815,-0.19120,16.16725,0.01130,0.11177,0.93477,0.51315,0.50000,0.44444,-0.01422,0.20532,0.11177,0.17608,-0.02058,-0.13242,52,,V1,cand,fail
V1_L20_low_N20_W,Y2023,250,12,0.19369,0.13416,1.38716,-0.10934,15.05386,0.01114,-0.06279,-0.78505,-1.44570,0.41667,0.55556,-0.20134,0.21205,-0.06279,-0.05689,0.19201,0.26385,52,,V1,cand,fail
V1_L20_low_N20_W,Y2024,211,10,0.25439,0.12614,1.86063,-0.06281,15.93716,0.01252,0.03182,0.28647,-0.13446,0.60000,0.71429,-0.01524,0.22777,0.03182,0.00157,0.20897,0.17547,44,,V1,cand,fail
V1_L20_low_N20_W,Y2025,211,10,0.25623,0.20803,1.20049,-0.15704,15.33945,0.01104,-0.00892,-0.11076,-0.52964,0.70000,0.71429,-0.03119,0.08487,-0.00892,0.05072,0.21046,0.21781,41,,V1,cand,fail
V1_L20_low_N20_W,Y2026,194,10,0.10181,0.15633,0.69840,-0.07805,14.20423,0.00896,-0.13606,-1.31022,-1.69967,0.40000,0.42857,-0.21117,-0.01470,-0.13606,-0.08165,0.07749,0.19760,40,,V1,cand,fail
V1_L20_low_N20_M,train,1008,48,0.12471,0.24197,0.60867,-0.45559,8.47322,0.00569,-0.04577,-0.97996,-1.26386,0.45833,0.48889,-0.11171,0.07406,-0.04577,-0.00411,0.60013,0.90649,47,,V1,cand,fail
V1_L20_low_N20_M,valid,461,22,0.24324,0.13794,1.64805,-0.11904,8.63259,0.00665,-0.00050,-0.01864,-0.49101,0.50000,0.57895,-0.06735,0.17562,-0.00050,-0.01115,0.48929,0.48561,22,,V1,cand,fail
V1_L20_low_N20_M,valid2,405,20,0.20421,0.18570,1.09371,-0.16269,8.89279,0.00613,-0.04913,-0.53487,-0.90213,0.50000,0.52941,-0.01261,-0.11700,-0.04913,0.00801,0.34804,0.45845,19,,V1,cand,fail
V1_L20_low_N20_M,all,1874,90,0.16992,0.20888,0.85712,-0.45559,8.60310,0.00602,-0.03536,-1.02268,-1.22392,0.47778,0.49425,-0.07733,0.05554,-0.03536,-0.00322,2.21244,3.13078,88,,V1,cand,fail
V1_L20_low_N20_M,Y2019,252,12,0.14306,0.11872,1.18615,-0.06182,8.06933,0.00522,-0.18505,-1.56516,-1.76656,0.16667,0.22222,-0.26707,0.17990,-0.18505,-0.15456,0.14306,0.37285,11,,V1,cand,fail
V1_L20_low_N20_M,Y2020,253,12,0.04733,0.39019,0.31806,-0.45559,8.30348,0.00604,-0.16307,-2.47385,-2.78534,0.33333,0.33333,-0.18085,-0.13878,-0.16307,-0.09652,0.04752,0.24237,12,,V1,cand,fail
V1_L20_low_N20_M,Y2021,252,12,0.39179,0.14447,2.36210,-0.06382,8.67032,0.00557,0.07596,1.74016,1.33214,0.75000,0.77778,0.07047,0.10387,0.07596,0.08122,0.39179,0.28840,12,,V1,cand,fail
V1_L20_low_N20_M,Y2022,251,12,-0.03998,0.21518,-0.08193,-0.18146,8.85191,0.00594,0.09009,0.95372,0.54249,0.58333,0.55556,-0.03215,0.18307,0.09009,0.15440,-0.03983,-0.13242,12,,V1,cand,fail
V1_L20_low_N20_M,Y2023,250,12,0.23199,0.13793,1.58213,-0.11904,8.32568,0.00628,-0.03068,-0.35726,-0.86782,0.50000,0.66667,-0.10651,0.12176,-0.03068,-0.02477,0.22995,0.26385,12,,V1,cand,fail
V1_L20_low_N20_M,Y2024,211,10,0.25671,0.13794,1.72619,-0.06942,8.99622,0.00708,0.03525,0.41900,-0.34110,0.50000,0.42857,-0.02820,0.28333,0.03525,0.00499,0.21085,0.17547,10,,V1,cand,fail
V1_L20_low_N20_M,Y2025,211,10,0.26679,0.20447,1.25914,-0.16269,8.08313,0.00595,-0.00120,0.05902,-0.37370,0.50000,0.57143,0.05523,-0.18316,-0.00120,0.05844,0.21898,0.21781,9,,V1,cand,fail
V1_L20_low_N20_M,Y2026,194,10,0.13965,0.16277,0.88462,-0.12568,9.77340,0.00633,-0.10126,-0.88982,-1.35663,0.50000,0.71429,-0.10306,-0.08392,-0.10126,-0.04684,0.10588,0.19760,10,,V1,cand,fail
V1_L20_low_N50_W,train,1008,48,0.17528,0.24094,0.79245,-0.40506,13.35565,0.00914,-0.00212,-0.12226,-0.46656,0.47917,0.51111,-0.06211,0.09983,-0.00212,0.03954,0.90793,0.90649,205,,V1,cand,fail
V1_L20_low_N50_W,valid,461,22,0.21786,0.13142,1.56601,-0.09820,12.99740,0.00942,-0.02202,-0.41548,-0.74632,0.50000,0.57895,-0.08875,0.15183,-0.02202,-0.03267,0.43412,0.48561,96,,V1,cand,fail
V1_L20_low_N50_W,valid2,405,20,0.21738,0.17900,1.18861,-0.16325,12.20276,0.00845,-0.03948,-0.76374,-1.20968,0.55000,0.58824,-0.01175,-0.09595,-0.03948,0.01766,0.37181,0.45845,81,,V1,cand,fail
V1_L20_low_N50_W,all,1874,90,0.19467,0.20591,0.96794,-0.40506,13.01837,0.00906,-0.01509,-0.61258,-0.88875,0.50000,0.51724,-0.05754,0.07008,-0.01509,0.01705,2.75355,3.13078,382,,V1,cand,fail
V1_L20_low_N50_W,Y2019,252,12,0.24341,0.11493,1.95402,-0.07336,12.58540,0.00832,-0.10129,-1.13877,-1.23594,0.41667,0.55556,-0.14426,0.07993,-0.10129,-0.07080,0.24341,0.37285,49,,V1,cand,fail
V1_L20_low_N50_W,Y2020,253,12,0.17397,0.38073,0.61534,-0.40506,13.29516,0.00986,-0.05290,-1.38728,-2.36840,0.33333,0.11111,-0.16092,0.07240,-0.05290,0.01365,0.17471,0.24237,52,,V1,cand,fail
V1_L20_low_N50_W,Y2021,252,12,0.32951,0.15062,1.96743,-0.07306,14.34856,0.00924,0.03103,0.66220,0.19252,0.58333,0.55556,0.06014,-0.04115,0.03103,0.03629,0.32951,0.28840,52,,V1,cand,fail
V1_L20_low_N50_W,Y2022,251,12,-0.01759,0.22537,0.03389,-0.17671,13.19309,0.00915,0.11536,1.20377,0.77177,0.58333,0.55556,0.02050,0.18552,0.11536,0.17967,-0.01752,-0.13242,52,,V1,cand,fail
V1_L20_low_N50_W,Y2023,250,12,0.16123,0.13870,1.14734,-0.09820,12.53976,0.00934,-0.08976,-1.24392,-1.72493,0.33333,0.44444,-0.19689,0.11668,-0.08976,-0.08385,0.15985,0.26385,52,,V1,cand,fail
V1_L20_low_N50_W,Y2024,211,10,0.28854,0.12214,2.13768,-0.05835,13.53964,0.00950,0.05823,0.74789,0.33021,0.70000,0.85714,0.01940,0.22212,0.05823,0.02797,0.23647,0.17547,44,,V1,cand,fail
V1_L20_low_N50_W,Y2025,211,10,0.28064,0.20305,1.32006,-0.16325,12.37773,0.00926,0.00938,0.21068,-0.35425,0.60000,0.71429,0.02879,-0.04612,0.00938,0.06902,0.23013,0.21781,41,,V1,cand,fail
V1_L20_low_N50_W,Y2026,194,10,0.15212,0.14838,1.02865,-0.07979,12.01245,0.00756,-0.09261,-1.23630,-1.53067,0.50000,0.42857,-0.06581,-0.12087,-0.09261,-0.03819,0.11518,0.19760,40,,V1,cand,fail
V1_L20_low_N50_M,train,1008,48,0.16443,0.23748,0.76112,-0.40410,7.57752,0.00503,-0.01230,-0.30165,-0.62195,0.47917,0.51111,-0.07586,0.10173,-0.01230,0.02936,0.83845,0.90649,47,,V1,cand,fail
V1_L20_low_N50_M,valid,461,22,0.22650,0.13325,1.59949,-0.11524,7.56622,0.00556,-0.01470,-0.27657,-0.76145,0.45455,0.52632,-0.08001,0.15769,-0.01470,-0.02535,0.45279,0.48561,22,,V1,cand,fail
V1_L20_low_N50_M,valid2,405,20,0.24672,0.18129,1.30741,-0.15098,7.50227,0.00523,-0.01521,-0.32750,-0.73896,0.40000,0.41176,0.01160,-0.07409,-0.01521,0.04193,0.42533,0.45845,19,,V1,cand,fail
V1_L20_low_N50_M,all,1874,90,0.19693,0.20447,0.98243,-0.40410,7.55848,0.00520,-0.01352,-0.49205,-0.75389,0.45556,0.47126,-0.05688,0.07693,-0.01352,0.01862,2.80689,3.13078,88,,V1,cand,fail
V1_L20_low_N50_M,Y2019,252,12,0.16101,0.11722,1.33283,-0.06863,6.93231,0.00464,-0.16964,-1.48475,-1.55244,0.25000,0.33333,-0.21092,-0.00277,-0.16964,-0.13915,0.16101,0.37285,11,,V1,cand,fail
V1_L20_low_N50_M,Y2020,253,12,0.21001,0.37563,0.69831,-0.40410,7.45140,0.00528,-0.02487,-0.62108,-1.42096,0.41667,0.33333,-0.11392,0.08950,-0.02487,0.04168,0.21093,0.24237,12,,V1,cand,fail
V1_L20_low_N50_M,Y2021,252,12,0.33715,0.14891,2.02679,-0.06044,8.28968,0.00517,0.03651,0.64824,-0.02470,0.58333,0.55556,0.06618,-0.03290,0.03651,0.04177,0.33715,0.28840,12,,V1,cand,fail
V1_L20_low_N50_M,Y2022,251,12,-0.02213,0.21907,0.00743,-0.16584,7.63744,0.00501,0.10935,1.33532,0.86754,0.66667,0.55556,-0.00813,0.19802,0.10935,0.17366,-0.02204,-0.13242,12,,V1,cand,fail
V1_L20_low_N50_M,Y2023,250,12,0.18253,0.13980,1.26955,-0.11524,7.29918,0.00539,-0.07141,-0.79967,-1.50320,0.33333,0.44444,-0.19490,0.17035,-0.07141,-0.06551,0.18096,0.26385,12,,V1,cand,fail
V1_L20_low_N50_M,Y2024,211,10,0.28071,0.12499,2.04311,-0.06597,7.88261,0.00577,0.05249,1.15698,0.61671,0.60000,0.71429,0.03488,0.13237,0.05249,0.02223,0.23018,0.17547,10,,V1,cand,fail
V1_L20_low_N50_M,Y2025,211,10,0.33223,0.20389,1.50959,-0.15098,7.03671,0.00533,0.04912,0.86207,0.41612,0.60000,0.71429,0.08174,-0.05719,0.04912,0.10876,0.27149,0.21781,9,,V1,cand,fail
V1_L20_low_N50_M,Y2026,194,10,0.15993,0.15283,1.04734,-0.08518,8.00862,0.00512,-0.08518,-1.52900,-2.10715,0.20000,0.28571,-0.08192,-0.08253,-0.08518,-0.03076,0.12099,0.19760,10,,V1,cand,fail
V1_D5_low_N20_W,train,1008,48,0.12492,0.24932,0.59814,-0.37216,40.01794,0.02718,-0.04392,-0.87769,-1.21856,0.54167,0.55556,-0.10330,0.05176,-0.04392,-0.00226,0.60137,0.90649,199,,V1,cand,fail
V1_D5_low_N20_W,valid,461,22,0.20629,0.16143,1.24299,-0.12363,41.46164,0.02555,-0.02718,-0.71614,-1.29784,0.40909,0.36842,-0.03645,-0.01110,-0.02718,-0.03782,0.40931,0.48561,96,,V1,cand,fail
V1_D5_low_N20_W,valid2,405,20,0.25127,0.17581,1.36332,-0.14509,34.16006,0.01707,-0.01255,-0.14312,-0.94491,0.35000,0.35294,-0.05782,0.09425,-0.01255,0.04459,0.43370,0.45845,74,,V1,cand,fail
V1_D5_low_N20_W,all,1874,90,0.17105,0.21571,0.84081,-0.37216,39.10711,0.02459,-0.03302,-0.99074,-1.37603,0.46667,0.47126,-0.07533,0.04754,-0.03302,-0.00089,2.23561,3.13078,369,,V1,cand,fail
V1_D5_low_N20_W,Y2019,252,12,0.20776,0.11787,1.66113,-0.08242,33.91247,0.02406,-0.13006,-0.91589,-1.20225,0.50000,0.55556,-0.17249,0.05654,-0.13006,-0.09957,0.20776,0.37285,43,,V1,cand,fail
V1_D5_low_N20_W,Y2020,253,12,0.15448,0.38349,0.56925,-0.37216,42.70563,0.03327,-0.06888,-0.75299,-1.64318,0.41667,0.33333,-0.27093,0.16308,-0.06888,-0.00232,0.15514,0.24237,52,,V1,cand,fail
V1_D5_low_N20_W,Y2021,252,12,0.33298,0.15504,1.93247,-0.06389,42.06720,0.02476,0.03431,0.51930,-0.09622,0.66667,0.66667,0.11631,-0.18789,0.03431,0.03957,0.33298,0.28840,52,,V1,cand,fail
V1_D5_low_N20_W,Y2022,251,12,-0.13942,0.25084,-0.47254,-0.23193,41.38122,0.02660,-0.01081,-0.10226,-0.61210,0.58333,0.55556,-0.12554,0.07358,-0.01081,0.05350,-0.13890,-0.13242,52,,V1,cand,fail
V1_D5_low_N20_W,Y2023,250,12,0.25640,0.16848,1.43965,-0.12363,41.55762,0.02706,-0.00635,-0.12965,-0.56016,0.58333,0.55556,-0.03258,0.04114,-0.00635,-0.00044,0.25413,0.26385,52,,V1,cand,fail
V1_D5_low_N20_W,Y2024,211,10,0.14950,0.15260,0.98963,-0.09384,41.34792,0.02375,-0.05185,-1.01022,-3.78362,0.20000,0.28571,-0.04032,-0.11559,-0.05185,-0.08211,0.12374,0.17547,44,,V1,cand,fail
V1_D5_low_N20_W,Y2025,211,10,0.23277,0.19196,1.18620,-0.14509,30.82497,0.01572,-0.03096,-0.31056,-0.93596,0.50000,0.57143,-0.03530,0.00422,-0.03096,0.02868,0.19150,0.21781,34,,V1,cand,fail
V1_D5_low_N20_W,Y2026,194,10,0.27171,0.15635,1.61629,-0.09263,37.78740,0.01855,0.00746,0.01989,-0.95536,0.20000,0.14286,-0.08783,0.13926,0.00746,0.06188,0.20327,0.19760,40,,V1,cand,fail
V1_D5_low_N20_M,train,1008,48,0.16289,0.24756,0.73463,-0.37738,10.70270,0.00741,-0.01118,-0.31432,-0.63941,0.56250,0.60000,-0.08363,0.11140,-0.01118,0.03048,0.82878,0.90649,45,,V1,cand,fail
V1_D5_low_N20_M,valid,461,22,0.23389,0.16027,1.39199,-0.13629,11.66275,0.00705,-0.00474,-0.05407,-0.63280,0.45455,0.52632,0.01466,-0.04796,-0.00474,-0.01539,0.46884,0.48561,22,,V1,cand,fail
V1_D5_low_N20_M,valid2,405,20,0.12573,0.16709,0.79211,-0.13101,10.20415,0.00487,-0.11988,-1.56193,-2.12448,0.35000,0.29412,-0.19454,0.06706,-0.11988,-0.06274,0.20966,0.45845,17,,V1,cand,fail
V1_D5_low_N20_M,all,1874,90,0.17172,0.21289,0.85165,-0.37738,10.83113,0.00677,-0.03309,-1.07806,-1.34826,0.48889,0.50575,-0.08330,0.06926,-0.03309,-0.00095,2.24937,3.13078,84,,V1,cand,fail
V1_D5_low_N20_M,Y2019,252,12,0.18510,0.10035,1.74316,-0.06335,7.92095,0.00542,-0.15094,-1.10403,-1.72196,0.25000,0.33333,-0.26586,0.37697,-0.15094,-0.12045,0.18510,0.37285,9,,V1,cand,fail
V1_D5_low_N20_M,Y2020,253,12,0.27349,0.38206,0.82708,-0.37738,11.76204,0.00933,0.02882,0.23568,-0.14684,0.75000,0.66667,-0.03515,0.09220,0.02882,0.09538,0.27472,0.24237,12,,V1,cand,fail
V1_D5_low_N20_M,Y2021,252,12,0.19388,0.15489,1.22197,-0.07922,11.46159,0.00755,-0.07602,-1.38359,-2.02763,0.33333,0.44444,-0.03141,-0.19889,-0.07602,-0.07076,0.19388,0.28840,12,,V1,cand,fail
V1_D5_low_N20_M,Y2022,251,12,0.01405,0.25426,0.18172,-0.18742,11.66583,0.00732,0.15393,3.14360,3.22023,0.91667,0.88889,0.11898,0.18222,0.15393,0.21824,0.01399,-0.13242,12,,V1,cand,fail
V1_D5_low_N20_M,Y2023,250,12,0.30636,0.17271,1.63440,-0.13629,11.71518,0.00748,0.03339,0.55033,-0.05427,0.41667,0.55556,0.09277,-0.07403,0.03339,0.03929,0.30359,0.26385,12,,V1,cand,fail
V1_D5_low_N20_M,Y2024,211,10,0.15320,0.14401,1.06211,-0.05922,11.60062,0.00655,-0.04992,-0.89250,-1.27725,0.50000,0.71429,-0.06345,0.00420,-0.04992,-0.08017,0.12676,0.17547,10,,V1,cand,fail
V1_D5_low_N20_M,Y2025,211,10,0.13987,0.18736,0.79197,-0.13101,7.84205,0.00356,-0.11027,-1.17690,-1.85085,0.40000,0.28571,-0.18123,0.17597,-0.11027,-0.05063,0.11585,0.21781,7,,V1,cand,fail
V1_D5_low_N20_M,Y2026,194,10,0.11055,0.14177,0.81054,-0.08589,12.77324,0.00628,-0.13033,-1.01237,-1.75512,0.30000,0.14286,-0.21229,0.01261,-0.13033,-0.07591,0.08407,0.19760,10,,V1,cand,fail
V1_D5_low_N50_W,train,1008,48,0.15236,0.24771,0.69795,-0.38121,36.36454,0.02464,-0.02016,-0.58987,-0.88804,0.52083,0.53333,-0.08777,0.08747,-0.02016,0.02150,0.76339,0.90649,199,,V1,cand,fail
V1_D5_low_N50_W,valid,461,22,0.19869,0.14854,1.29480,-0.13813,38.77637,0.02363,-0.03550,-1.18706,-1.56030,0.45455,0.47368,-0.06399,0.03410,-0.03550,-0.04615,0.39310,0.48561,96,,V1,cand,fail
V1_D5_low_N50_W,valid2,405,20,0.18826,0.17684,1.06385,-0.14416,31.72363,0.01667,-0.06410,-1.24172,-2.25306,0.30000,0.23529,-0.11615,0.06315,-0.06410,-0.00696,0.31946,0.45845,74,,V1,cand,fail
V1_D5_low_N50_W,all,1874,90,0.17133,0.21258,0.85127,-0.38121,35.95487,0.02267,-0.03343,-1.37266,-1.65203,0.45556,0.45977,-0.08805,0.07140,-0.03343,-0.00129,2.24137,3.13078,369,,V1,cand,fail
V1_D5_low_N50_W,Y2019,252,12,0.22948,0.11193,1.90256,-0.07005,31.11829,0.02195,-0.11291,-0.87999,-1.04550,0.58333,0.66667,-0.16837,0.12834,-0.11291,-0.08242,0.22948,0.37285,43,,V1,cand,fail
V1_D5_low_N50_W,Y2020,253,12,0.23676,0.37942,0.75361,-0.38121,38.32656,0.03005,-0.00124,-0.23754,-1.08753,0.41667,0.22222,-0.13591,0.14559,-0.00124,0.06531,0.23780,0.24237,52,,V1,cand,fail
V1_D5_low_N50_W,Y2021,252,12,0.31554,0.14878,1.91874,-0.06563,38.11182,0.02228,0.02016,0.49420,-0.17713,0.50000,0.44444,0.04527,-0.03773,0.02016,0.02542,0.31554,0.28840,52,,V1,cand,fail
V1_D5_low_N50_W,Y2022,251,12,-0.11965,0.25712,-0.36679,-0.21914,37.89978,0.02425,0.01341,0.15282,-0.42049,0.58333,0.66667,-0.09866,0.08795,0.01341,0.07772,-0.11920,-0.13242,52,,V1,cand,fail
V1_D5_low_N50_W,Y2023,250,12,0.23470,0.15779,1.41556,-0.13813,38.70791,0.02450,-0.02554,-0.66859,-1.20341,0.41667,0.44444,-0.04394,0.00542,-0.02554,-0.01963,0.23263,0.26385,52,,V1,cand,fail
V1_D5_low_N50_W,Y2024,211,10,0.15738,0.13674,1.13768,-0.07453,38.85748,0.02260,-0.04731,-0.97014,-1.31804,0.50000,0.57143,-0.08404,0.09146,-0.04731,-0.07757,0.13018,0.17547,44,,V1,cand,fail
V1_D5_low_N50_W,Y2025,211,10,0.16570,0.20075,0.86387,-0.14416,28.31737,0.01550,-0.08524,-1.48386,-2.18813,0.30000,0.14286,-0.11770,0.04534,-0.08524,-0.02560,0.13698,0.21781,34,,V1,cand,fail
V1_D5_low_N50_W,Y2026,194,10,0.21330,0.14647,1.39370,-0.08618,35.42838,0.01794,-0.04111,-0.46555,-1.61619,0.30000,0.14286,-0.11408,0.07205,-0.04111,0.01331,0.16049,0.19760,40,,V1,cand,fail
V1_D5_low_N50_M,train,1008,48,0.12649,0.24359,0.61197,-0.37488,10.22959,0.00706,-0.04398,-1.22362,-1.43094,0.45833,0.48889,-0.11375,0.06981,-0.04398,-0.00232,0.61031,0.90649,45,,V1,cand,fail
V1_D5_low_N50_M,valid,461,22,0.18282,0.15905,1.13549,-0.12775,11.22430,0.00691,-0.04723,-1.39216,-2.24660,0.31818,0.31579,-0.04308,-0.05687,-0.04723,-0.05788,0.35954,0.48561,22,,V1,cand,fail
V1_D5_low_N50_M,valid2,405,20,0.09155,0.17075,0.59816,-0.14015,9.92762,0.00498,-0.15010,-2.41585,-3.20877,0.30000,0.23529,-0.19343,-0.03300,-0.15010,-0.09296,0.15118,0.45845,17,,V1,cand,fail
V1_D5_low_N50_M,all,1874,90,0.13236,0.21082,0.69578,-0.37488,10.40903,0.00657,-0.06771,-2.63169,-2.87802,0.38889,0.40230,-0.11350,0.02233,-0.06771,-0.03558,1.52025,3.13078,84,,V1,cand,fail
V1_D5_low_N50_M,Y2019,252,12,0.13974,0.10388,1.31152,-0.05445,7.78132,0.00564,-0.18962,-1.54883,-1.70843,0.41667,0.55556,-0.24660,0.06027,-0.18962,-0.15913,0.13974,0.37285,9,,V1,cand,fail
V1_D5_low_N50_M,Y2020,253,12,0.21608,0.37326,0.71378,-0.37488,11.15628,0.00868,-0.02075,-0.59131,-1.26242,0.50000,0.44444,-0.13556,0.10315,-0.02075,0.04581,0.21703,0.24237,12,,V1,cand,fail
V1_D5_low_N50_M,Y2021,252,12,0.26532,0.15334,1.61205,-0.08481,10.84528,0.00670,-0.01811,-0.30787,-1.02399,0.33333,0.22222,-0.00148,-0.05572,-0.01811,-0.01285,0.26532,0.28840,12,,V1,cand,fail
V1_D5_low_N50_M,Y2022,251,12,-0.08282,0.25131,-0.21829,-0.19460,11.13540,0.00721,0.05286,1.12997,0.68713,0.58333,0.44444,-0.01961,0.10252,0.05286,0.11717,-0.08251,-0.13242,12,,V1,cand,fail
V1_D5_low_N50_M,Y2023,250,12,0.29548,0.16846,1.62164,-0.12775,11.25650,0.00729,0.02429,0.55866,-0.07919,0.41667,0.44444,0.04500,-0.01151,0.02429,0.03020,0.29283,0.26385,12,,V1,cand,fail
V1_D5_low_N50_M,Y2024,211,10,0.06194,0.14681,0.48288,-0.08241,11.18615,0.00646,-0.13198,-4.18843,-4.90098,0.20000,0.28571,-0.13115,-0.14759,-0.13198,-0.16223,0.05161,0.17547,10,,V1,cand,fail
V1_D5_low_N50_M,Y2025,211,10,0.08901,0.19374,0.53653,-0.14015,7.81811,0.00408,-0.15471,-1.90963,-2.82108,0.30000,0.14286,-0.21049,0.07185,-0.15471,-0.09507,0.07400,0.21781,7,,V1,cand,fail
V1_D5_low_N50_M,Y2026,194,10,0.09432,0.14156,0.70754,-0.08359,12.22199,0.00596,-0.14508,-1.46000,-2.58550,0.30000,0.14286,-0.17068,-0.08543,-0.14508,-0.09066,0.07186,0.19760,10,,V1,cand,fail
V1_D20_low_N20_W,train,1008,48,0.13900,0.24671,0.65230,-0.40008,21.37900,0.01508,-0.03212,-0.80544,-1.06525,0.47917,0.51111,-0.10628,0.08913,-0.03212,0.00954,0.68305,0.90649,196,,V1,cand,fail
V1_D20_low_N20_W,valid,461,22,0.11805,0.16363,0.76395,-0.17678,22.10638,0.01393,-0.10283,-1.64201,-2.33998,0.22727,0.21053,-0.09941,-0.10568,-0.10283,-0.11348,0.22646,0.48561,96,,V1,cand,fail
V1_D20_low_N20_W,valid2,405,20,0.11020,0.15712,0.74396,-0.10734,18.02062,0.00890,-0.13534,-1.72992,-2.47434,0.30000,0.23529,-0.28541,0.23127,-0.13534,-0.07821,0.18295,0.45845,71,,V1,cand,fail
V1_D20_low_N20_W,all,1874,90,0.12755,0.21133,0.67464,-0.40008,20.83214,0.01346,-0.07182,-2.21202,-2.47887,0.37778,0.39080,-0.14559,0.07823,-0.07182,-0.03969,1.44184,3.13078,363,,V1,cand,fail
V1_D20_low_N20_W,Y2019,252,12,0.16407,0.10665,1.47854,-0.07838,17.12446,0.01287,-0.16818,-1.28120,-1.58070,0.33333,0.44444,-0.21575,0.04196,-0.16818,-0.13769,0.16407,0.37285,40,,V1,cand,fail
V1_D20_low_N20_W,Y2020,253,12,0.24622,0.37448,0.77872,-0.40008,23.26460,0.01904,0.00443,-0.12162,-0.98064,0.41667,0.33333,-0.11103,0.13653,0.00443,0.07099,0.24731,0.24237,52,,V1,cand,fail
V1_D20_low_N20_W,Y2021,252,12,0.19405,0.16885,1.13515,-0.07592,22.94163,0.01373,-0.07363,-1.34077,-1.66404,0.50000,0.55556,-0.07454,-0.07877,-0.07363,-0.06837,0.19405,0.28840,52,,V1,cand,fail
V1_D20_low_N20_W,Y2022,251,12,-0.02935,0.25073,0.00639,-0.19740,22.18103,0.01468,0.10932,1.30568,0.88453,0.66667,0.66667,0.06217,0.14071,0.10932,0.17363,-0.02923,-0.13242,52,,V1,cand,fail
V1_D20_low_N20_W,Y2023,250,12,0.15603,0.17653,0.90990,-0.17678,22.36527,0.01472,-0.08828,-1.03499,-1.93075,0.25000,0.22222,-0.02619,-0.19599,-0.08828,-0.08237,0.15471,0.26385,52,,V1,cand,fail
V1_D20_low_N20_W,Y2024,211,10,0.07466,0.14684,0.56389,-0.07082,21.79963,0.01300,-0.12007,-1.23209,-2.58672,0.20000,0.28571,-0.17264,0.07494,-0.12007,-0.15033,0.06214,0.17547,44,,V1,cand,fail
V1_D20_low_N20_W,Y2025,211,10,0.07638,0.17157,0.51461,-0.10734,15.93862,0.00830,-0.17037,-1.48771,-3.04469,0.20000,0.00000,-0.31229,0.40221,-0.17037,-0.11073,0.06356,0.21781,31,,V1,cand,fail
V1_D20_low_N20_W,Y2026,194,10,0.14820,0.13968,1.05949,-0.08271,20.28506,0.00954,-0.09725,-0.88417,-1.63118,0.40000,0.28571,-0.24958,0.14581,-0.09725,-0.04283,0.11225,0.19760,40,,V1,cand,fail
V1_D20_low_N20_M,train,1008,48,0.12993,0.23900,0.63180,-0.38554,10.39483,0.00711,-0.04205,-0.84365,-1.15997,0.43750,0.46667,-0.12120,0.09845,-0.04205,-0.00039,0.63008,0.90649,45,,V1,cand,fail
V1_D20_low_N20_M,valid,461,22,0.14431,0.16478,0.90059,-0.15521,11.00591,0.00681,-0.07943,-1.37214,-2.02866,0.31818,0.31579,-0.06556,-0.11308,-0.07943,-0.09008,0.27967,0.48561,22,,V1,cand,fail
V1_D20_low_N20_M,valid2,405,20,0.12077,0.15725,0.80371,-0.11445,9.81545,0.00494,-0.12585,-1.73492,-2.41030,0.30000,0.23529,-0.25233,0.18598,-0.12585,-0.06871,0.20111,0.45845,17,,V1,cand,fail
V1_D20_low_N20_M,all,1874,90,0.13146,0.20675,0.70150,-0.38554,10.41994,0.00657,-0.06936,-2.01828,-2.29784,0.37778,0.39080,-0.13670,0.07280,-0.06936,-0.03722,1.50546,3.13078,84,,V1,cand,fail
V1_D20_low_N20_M,Y2019,252,12,0.07965,0.11480,0.72529,-0.09568,8.00734,0.00593,-0.24260,-1.93482,-2.40289,0.25000,0.33333,-0.30951,0.04599,-0.24260,-0.21211,0.07965,0.37285,9,,V1,cand,fail
V1_D20_low_N20_M,Y2020,253,12,0.20155,0.36238,0.69086,-0.38554,11.00224,0.00868,-0.03683,-0.40651,-0.98475,0.33333,0.22222,-0.20598,0.19401,-0.03683,0.02973,0.20243,0.24237,12,,V1,cand,fail
V1_D20_low_N20_M,Y2021,252,12,0.35315,0.16746,1.89088,-0.08110,11.24146,0.00656,0.05134,0.76057,0.12912,0.58333,0.44444,0.07284,-0.00110,0.05134,0.05661,0.35315,0.28840,12,,V1,cand,fail
V1_D20_low_N20_M,Y2022,251,12,-0.07233,0.23519,-0.20177,-0.19560,11.32956,0.00726,0.06027,0.67677,0.09168,0.58333,0.55556,0.02484,0.08786,0.06027,0.12458,-0.07205,-0.13242,12,,V1,cand,fail
V1_D20_low_N20_M,Y2023,250,12,0.19973,0.17905,1.10678,-0.15521,10.98322,0.00683,-0.05073,-0.73594,-1.41671,0.33333,0.33333,-0.03346,-0.08147,-0.05073,-0.04482,0.19799,0.26385,12,,V1,cand,fail
V1_D20_low_N20_M,Y2024,211,10,0.08196,0.14600,0.61258,-0.06439,11.03278,0.00678,-0.11344,-1.13747,-2.26103,0.30000,0.42857,-0.09766,-0.17632,-0.11344,-0.14369,0.06818,0.17547,10,,V1,cand,fail
V1_D20_low_N20_M,Y2025,211,10,0.12362,0.16680,0.78215,-0.11445,7.82711,0.00416,-0.12820,-1.18735,-2.29642,0.30000,0.14286,-0.23777,0.32785,-0.12820,-0.06856,0.10251,0.21781,7,,V1,cand,fail
V1_D20_low_N20_M,Y2026,194,10,0.11769,0.14616,0.83436,-0.08954,11.97802,0.00579,-0.12329,-1.20330,-1.65689,0.30000,0.28571,-0.27174,0.11505,-0.12329,-0.06888,0.08943,0.19760,10,,V1,cand,fail
V1_D20_low_N50_W,train,1008,48,0.14090,0.24641,0.65958,-0.40039,18.60580,0.01282,-0.03052,-0.84258,-1.03737,0.45833,0.48889,-0.07863,0.04783,-0.03052,0.01114,0.69428,0.90649,196,,V1,cand,fail
V1_D20_low_N50_W,valid,461,22,0.12454,0.15305,0.84356,-0.14154,19.28471,0.01195,-0.09873,-3.24410,-4.72842,0.13636,0.15789,-0.10275,-0.09069,-0.09873,-0.10937,0.23951,0.48561,96,,V1,cand,fail
V1_D20_low_N50_W,valid2,405,20,0.15052,0.16168,0.94809,-0.12955,15.64584,0.00830,-0.09894,-1.77206,-2.45673,0.40000,0.35294,-0.17136,0.07823,-0.09894,-0.04180,0.25276,0.45845,71,,V1,cand,fail
V1_D20_low_N50_W,all,1874,90,0.13892,0.20993,0.72552,-0.40039,18.13312,0.01163,-0.06209,-2.48212,-2.71704,0.36667,0.37931,-0.10624,0.02546,-0.06209,-0.02995,1.63088,3.13078,363,,V1,cand,fail
V1_D20_low_N50_W,Y2019,252,12,0.13812,0.10259,1.31288,-0.07333,15.17462,0.01064,-0.19117,-1.54984,-1.84578,0.25000,0.33333,-0.26125,0.11986,-0.19117,-0.16068,0.13812,0.37285,40,,V1,cand,fail
V1_D20_low_N50_W,Y2020,253,12,0.20992,0.37902,0.69581,-0.40039,19.98355,0.01604,-0.02345,-0.66660,-1.65833,0.33333,0.33333,-0.09386,0.05420,-0.02345,0.04311,0.21083,0.24237,52,,V1,cand,fail
V1_D20_low_N50_W,Y2021,252,12,0.32934,0.15686,1.89433,-0.06789,19.62842,0.01166,0.03184,0.84233,0.33792,0.58333,0.66667,0.05304,-0.02597,0.03184,0.03710,0.32934,0.28840,52,,V1,cand,fail
V1_D20_low_N50_W,Y2022,251,12,-0.07542,0.25193,-0.18534,-0.18798,19.63522,0.01291,0.06103,1.00280,0.59297,0.66667,0.66667,0.07090,0.05434,0.06103,0.12534,-0.07514,-0.13242,52,,V1,cand,fail
V1_D20_low_N50_W,Y2023,250,12,0.18133,0.16348,1.10134,-0.14154,19.23113,0.01236,-0.06885,-2.65064,-3.64031,0.16667,0.22222,-0.05480,-0.09587,-0.06885,-0.06295,0.17977,0.26385,52,,V1,cand,fail
V1_D20_low_N50_W,Y2024,211,10,0.06077,0.13958,0.49250,-0.07216,19.34820,0.01146,-0.13413,-2.28837,-4.83785,0.10000,0.14286,-0.15070,-0.08033,-0.13413,-0.16438,0.05064,0.17547,44,,V1,cand,fail
V1_D20_low_N50_W,Y2025,211,10,0.14731,0.18070,0.85071,-0.12955,13.31898,0.00766,-0.10494,-1.19445,-2.18710,0.40000,0.28571,-0.18238,0.21001,-0.10494,-0.04530,0.12195,0.21781,31,,V1,cand,fail
V1_D20_low_N50_W,Y2026,194,10,0.15402,0.13807,1.10690,-0.07479,18.17659,0.00900,-0.09242,-1.26751,-1.77324,0.40000,0.28571,-0.15666,0.01234,-0.09242,-0.03800,0.11659,0.19760,40,,V1,cand,fail
V1_D20_low_N50_M,train,1008,48,0.12789,0.23909,0.62420,-0.39993,9.83632,0.00682,-0.04381,-1.09549,-1.26231,0.52083,0.55556,-0.08878,0.04119,-0.04381,-0.00215,0.61833,0.90649,45,,V1,cand,fail
V1_D20_low_N50_M,valid,461,22,0.14676,0.15085,0.98344,-0.15683,10.58795,0.00663,-0.07948,-2.47920,-3.18902,0.27273,0.26316,-0.06118,-0.12572,-0.07948,-0.09012,0.28469,0.48561,22,,V1,cand,fail
V1_D20_low_N50_M,valid2,405,20,0.12939,0.16411,0.82348,-0.13182,9.27284,0.00486,-0.11709,-1.87675,-2.35545,0.35000,0.35294,-0.19065,0.06654,-0.11709,-0.05995,0.21599,0.45845,17,,V1,cand,fail
V1_D20_low_N50_M,all,1874,90,0.13283,0.20534,0.71088,-0.39993,9.89944,0.00635,-0.06842,-2.59935,-2.79267,0.42222,0.43678,-0.10492,0.01190,-0.06842,-0.03629,1.52811,3.13078,84,,V1,cand,fail
V1_D20_low_N50_M,Y2019,252,12,0.09208,0.10925,0.86135,-0.07944,7.47026,0.00544,-0.23177,-1.93687,-2.21352,0.16667,0.22222,-0.28429,-0.00884,-0.23177,-0.20128,0.09208,0.37285,9,,V1,cand,fail
V1_D20_low_N50_M,Y2020,253,12,0.26932,0.36915,0.83386,-0.39993,10.51605,0.00837,0.02064,0.52392,0.08137,0.58333,0.66667,-0.00197,0.06712,0.02064,0.08720,0.27052,0.24237,12,,V1,cand,fail
V1_D20_low_N50_M,Y2021,252,12,0.32418,0.15024,1.94517,-0.06312,10.60163,0.00616,0.02695,0.85445,0.36475,0.66667,0.66667,0.01298,0.07386,0.02695,0.03221,0.32418,0.28840,12,,V1,cand,fail
V1_D20_low_N50_M,Y2022,251,12,-0.11964,0.23900,-0.41351,-0.21403,10.75830,0.00729,0.00889,0.24695,-0.17176,0.66667,0.66667,-0.00242,0.02295,0.00889,0.07320,-0.11919,-0.13242,12,,V1,cand,fail
V1_D20_low_N50_M,Y2023,250,12,0.17435,0.16363,1.06422,-0.15683,10.65166,0.00697,-0.07476,-2.11686,-2.79061,0.33333,0.33333,-0.04350,-0.13312,-0.07476,-0.06885,0.17285,0.26385,12,,V1,cand,fail
V1_D20_low_N50_M,Y2024,211,10,0.11491,0.13411,0.87835,-0.06522,10.51247,0.00623,-0.08507,-1.45962,-2.33694,0.20000,0.28571,-0.07886,-0.11092,-0.08507,-0.11533,0.09536,0.17547,10,,V1,cand,fail
V1_D20_low_N50_M,Y2025,211,10,0.15538,0.18393,0.87710,-0.13182,7.40897,0.00420,-0.09734,-1.24091,-2.18080,0.30000,0.28571,-0.15616,0.14799,-0.09734,-0.03770,0.12855,0.21781,7,,V1,cand,fail
V1_D20_low_N50_M,Y2026,194,10,0.10179,0.13937,0.76534,-0.08961,11.30004,0.00559,-0.13858,-1.35321,-1.78847,0.40000,0.28571,-0.23664,0.02582,-0.13858,-0.08416,0.07748,0.19760,10,,V1,cand,fail
V1_L5_lowQ5_W,train,1008,48,0.17352,0.24458,0.77817,-0.39443,24.15631,0.01647,-0.00273,-0.24303,-0.58668,0.50000,0.51111,-0.05569,0.08347,-0.00273,0.03893,0.89653,0.90649,207,,V1q,cand,near
V1_L5_lowQ5_W,valid,461,22,0.24864,0.13822,1.67637,-0.11673,22.67479,0.01566,0.00388,0.08563,-0.36377,0.54545,0.52632,-0.03030,0.08949,0.00388,-0.00677,0.50112,0.48561,96,,V1q,cand,near
V1_L5_lowQ5_W,valid2,405,20,0.32886,0.19874,1.53017,-0.15764,19.96252,0.01276,0.05187,1.43846,1.02539,0.75000,0.70588,0.05350,0.04095,0.05187,0.10901,0.57925,0.45845,83,,V1q,cand,near
V1_L5_lowQ5_W,all,1874,90,0.22401,0.21312,1.05619,-0.39443,22.88552,0.01547,0.01070,0.47235,0.22718,0.56667,0.57471,-0.02397,0.07592,0.01070,0.04283,3.49600,3.13078,386,,V1q,cand,near
V1_L5_lowQ5_W,Y2019,252,12,0.26830,0.11903,2.05740,-0.06182,23.42160,0.01553,-0.08097,-1.19957,-1.37177,0.33333,0.33333,-0.12481,0.10463,-0.08097,-0.05048,0.26830,0.37285,51,,V1q,cand,near
V1_L5_lowQ5_W,Y2020,253,12,0.20256,0.37959,0.67962,-0.39443,24.64343,0.01858,-0.02920,-0.95123,-2.01913,0.33333,0.22222,-0.11764,0.06530,-0.02920,0.03735,0.20344,0.24237,52,,V1q,cand,near
V1_L5_lowQ5_W,Y2021,252,12,0.34673,0.15021,2.05799,-0.07840,24.98782,0.01586,0.04383,1.65134,1.22586,0.66667,0.55556,0.05524,0.02401,0.04383,0.04909,0.34673,0.28840,52,,V1q,cand,near
V1_L5_lowQ5_W,Y2022,251,12,-0.07766,0.24040,-0.21607,-0.17537,23.56809,0.01589,0.05578,1.06673,0.53224,0.66667,0.66667,-0.03042,0.11588,0.05578,0.12009,-0.07736,-0.13242,52,,V1q,cand,near
V1_L5_lowQ5_W,Y2023,250,12,0.24925,0.14456,1.61236,-0.11673,22.66768,0.01613,-0.01581,-0.44729,-1.18238,0.50000,0.44444,-0.06822,0.08076,-0.01581,-0.00991,0.24704,0.26385,52,,V1q,cand,near
V1_L5_lowQ5_W,Y2024,211,10,0.24791,0.13031,1.76563,-0.08216,22.68322,0.01511,0.02720,0.76537,0.23643,0.60000,0.71429,0.00762,0.10695,0.02720,-0.00306,0.20374,0.17547,44,,V1q,cand,near
V1_L5_lowQ5_W,Y2025,211,10,0.39708,0.22671,1.58827,-0.15764,20.46261,0.01400,0.10142,2.52569,2.49286,0.90000,0.85714,0.08901,0.15027,0.10142,0.16106,0.32311,0.21781,43,,V1q,cand,near
V1_L5_lowQ5_W,Y2026,194,10,0.25844,0.16286,1.49342,-0.07911,19.41860,0.01141,-0.00203,-0.03352,-0.34285,0.60000,0.42857,0.00615,-0.01371,-0.00203,0.05239,0.19359,0.19760,40,,V1q,cand,near
V1_L5_lowQ5_M,train,1008,48,0.17137,0.23922,0.78219,-0.37749,7.21368,0.00502,-0.00593,-0.22340,-0.43476,0.58333,0.57778,-0.06441,0.09499,-0.00593,0.03573,0.88271,0.90649,47,,V1q,cand,fail
V1_L5_lowQ5_M,valid,461,22,0.23452,0.13868,1.58917,-0.11200,6.92229,0.00486,-0.00744,-0.34766,-0.75798,0.45455,0.47368,-0.03145,0.05362,-0.00744,-0.01809,0.47022,0.48561,22,,V1q,cand,fail
V1_L5_lowQ5_M,valid2,405,20,0.28963,0.19042,1.43136,-0.15660,6.67310,0.00424,0.02032,0.65910,0.34225,0.65000,0.64706,0.01689,0.02691,0.02032,0.07746,0.50498,0.45845,19,,V1q,cand,fail
V1_L5_lowQ5_M,all,1874,90,0.21152,0.20822,1.02666,-0.37749,7.02517,0.00481,-0.00063,-0.08814,-0.27679,0.56667,0.56322,-0.03710,0.07234,-0.00063,0.03151,3.16578,3.13078,88,,V1q,cand,fail
V1_L5_lowQ5_M,Y2019,252,12,0.22870,0.11340,1.87376,-0.06131,6.71582,0.00460,-0.11337,-0.95943,-1.05932,0.50000,0.44444,-0.16132,0.09479,-0.11337,-0.08288,0.22870,0.37285,11,,V1q,cand,fail
V1_L5_lowQ5_M,Y2020,253,12,0.24601,0.36907,0.78369,-0.37749,7.32146,0.00560,0.00205,-0.10280,-0.89055,0.58333,0.44444,-0.09553,0.12287,0.00205,0.06861,0.24710,0.24237,12,,V1q,cand,fail
V1_L5_lowQ5_M,Y2021,252,12,0.28357,0.15207,1.71852,-0.08475,7.45101,0.00491,-0.00396,-0.10102,-0.79732,0.58333,0.44444,0.00478,-0.02352,-0.00396,0.00130,0.28357,0.28840,12,,V1q,cand,fail
V1_L5_lowQ5_M,Y2022,251,12,-0.04294,0.23700,-0.06668,-0.17034,7.36662,0.00495,0.09192,2.16922,1.76434,0.66667,0.66667,0.04844,0.12592,0.09192,0.15623,-0.04277,-0.13242,12,,V1q,cand,fail
V1_L5_lowQ5_M,Y2023,250,12,0.25086,0.14509,1.61582,-0.11200,6.99722,0.00502,-0.01446,-0.42781,-0.96297,0.41667,0.44444,-0.05200,0.05655,-0.01446,-0.00855,0.24864,0.26385,12,,V1q,cand,fail
V1_L5_lowQ5_M,Y2024,211,10,0.21544,0.13067,1.55914,-0.08135,6.83350,0.00468,0.00086,0.02850,-0.78108,0.50000,0.42857,-0.01089,0.04775,0.00086,-0.02939,0.17746,0.17547,10,,V1q,cand,fail
V1_L5_lowQ5_M,Y2025,211,10,0.32500,0.21232,1.43190,-0.15660,6.37980,0.00438,0.04537,1.29375,0.83968,0.70000,0.71429,0.05253,0.02983,0.04537,0.10501,0.26570,0.21781,9,,V1q,cand,fail
V1_L5_lowQ5_M,Y2026,194,10,0.25222,0.16326,1.45979,-0.08617,6.99210,0.00408,-0.00692,-0.17105,-0.58675,0.60000,0.42857,-0.03062,0.02544,-0.00692,0.04750,0.18905,0.19760,10,,V1q,cand,fail
V1_L20_lowQ5_W,train,1008,48,0.17313,0.24072,0.78494,-0.38105,9.84132,0.00685,-0.00410,-0.22393,-0.57310,0.41667,0.44444,-0.05441,0.07913,-0.00410,0.03756,0.89405,0.90649,205,,V1q,cand,near
V1_L20_lowQ5_W,valid,461,22,0.25178,0.13820,1.69485,-0.12418,9.08470,0.00660,0.00639,0.18196,-0.22996,0.50000,0.57895,-0.02115,0.07760,0.00639,-0.00426,0.50804,0.48561,96,,V1q,cand,near
V1_L20_lowQ5_W,valid2,405,20,0.33874,0.19342,1.60552,-0.16596,8.48885,0.00566,0.05831,1.64034,1.28012,0.70000,0.70588,0.07038,0.02646,0.05831,0.11545,0.59816,0.45845,81,,V1q,cand,near
V1_L20_lowQ5_W,all,1874,90,0.22652,0.20967,1.07963,-0.38105,9.36290,0.00653,0.01197,0.51188,0.25452,0.50000,0.51724,-0.01704,0.06792,0.01197,0.04411,3.56483,3.13078,382,,V1q,cand,near
V1_L20_lowQ5_W,Y2019,252,12,0.23406,0.11497,1.88769,-0.05784,9.55079,0.00628,-0.10884,-1.21234,-1.33438,0.25000,0.33333,-0.15973,0.10874,-0.10884,-0.07835,0.23406,0.37285,49,,V1q,cand,near
V1_L20_lowQ5_W,Y2020,253,12,0.24540,0.37150,0.77936,-0.38105,10.03852,0.00763,0.00235,-0.16098,-2.09476,0.33333,0.22222,-0.08215,0.09558,0.00235,0.06891,0.24649,0.24237,52,,V1q,cand,near
V1_L20_lowQ5_W,Y2021,252,12,0.29599,0.15397,1.76184,-0.07908,9.96447,0.00648,0.00597,0.25614,-0.19226,0.50000,0.44444,0.01561,-0.01510,0.00597,0.01123,0.29599,0.28840,52,,V1q,cand,near
V1_L20_lowQ5_W,Y2022,251,12,-0.05010,0.23722,-0.09808,-0.16696,9.81059,0.00700,0.08445,1.61694,1.17844,0.58333,0.55556,0.06906,0.09931,0.08445,0.14876,-0.04991,-0.13242,52,,V1q,cand,near
V1_L20_lowQ5_W,Y2023,250,12,0.20355,0.14457,1.35433,-0.12418,9.04066,0.00664,-0.05311,-1.39629,-2.57637,0.25000,0.33333,-0.09404,0.02521,-0.05311,-0.04720,0.20178,0.26385,52,,V1q,cand,near
V1_L20_lowQ5_W,Y2024,211,10,0.31143,0.13019,2.14888,-0.08162,9.13689,0.00655,0.07688,1.78104,1.32305,0.80000,0.85714,0.05175,0.18240,0.07688,0.04663,0.25484,0.17547,44,,V1q,cand,near
V1_L20_lowQ5_W,Y2025,211,10,0.34960,0.21694,1.49083,-0.16596,8.70336,0.00631,0.06476,1.51575,1.01902,0.60000,0.57143,0.08916,-0.01823,0.06476,0.12440,0.28535,0.21781,41,,V1q,cand,near
V1_L20_lowQ5_W,Y2026,194,10,0.32703,0.16406,1.80754,-0.08262,8.25554,0.00495,0.05129,0.83698,0.49947,0.80000,0.71429,0.04534,0.04880,0.05129,0.10571,0.24337,0.19760,40,,V1q,cand,near
V1_L20_lowQ5_M,train,1008,48,0.14281,0.23850,0.68017,-0.38049,5.83986,0.00395,-0.03083,-0.94634,-1.17997,0.37500,0.40000,-0.09666,0.08047,-0.03083,0.01083,0.70570,0.90649,47,,V1q,cand,fail
V1_L20_lowQ5_M,valid,461,22,0.24519,0.13614,1.67950,-0.11595,5.40040,0.00386,0.00082,0.01944,-0.41879,0.50000,0.57895,-0.02299,0.06351,0.00082,-0.00982,0.49355,0.48561,22,,V1q,cand,fail
V1_L20_lowQ5_M,valid2,405,20,0.33881,0.19375,1.60347,-0.15397,5.39367,0.00355,0.05843,1.70039,1.30601,0.55000,0.58824,0.06568,0.03631,0.05843,0.11557,0.59828,0.45845,19,,V1q,cand,fail
V1_L20_lowQ5_M,all,1874,90,0.20781,0.20804,1.01250,-0.38049,5.63532,0.00384,-0.00375,-0.24098,-0.48034,0.44444,0.45977,-0.04008,0.06782,-0.00375,0.02839,3.07170,3.13078,88,,V1q,cand,fail
V1_L20_lowQ5_M,Y2019,252,12,0.17229,0.11383,1.45403,-0.06392,5.50608,0.00356,-0.16036,-1.40091,-1.49356,0.16667,0.22222,-0.21573,0.07680,-0.16036,-0.12987,0.17229,0.37285,11,,V1q,cand,fail
V1_L20_lowQ5_M,Y2020,253,12,0.22930,0.37038,0.74547,-0.38049,5.88464,0.00431,-0.01107,-0.56532,-1.78393,0.33333,0.11111,-0.09597,0.08749,-0.01107,0.05549,0.23031,0.24237,12,,V1q,cand,fail
V1_L20_lowQ5_M,Y2021,252,12,0.26015,0.15066,1.61086,-0.08018,6.08157,0.00388,-0.02261,-0.69133,-1.81808,0.25000,0.22222,-0.02060,-0.02319,-0.02261,-0.01735,0.26015,0.28840,12,,V1q,cand,fail
V1_L20_lowQ5_M,Y2022,251,12,-0.06174,0.23266,-0.15759,-0.17496,5.88716,0.00405,0.07106,1.32442,0.88702,0.75000,0.77778,0.00362,0.12092,0.07106,0.13537,-0.06151,-0.13242,12,,V1q,cand,fail
V1_L20_lowQ5_M,Y2023,250,12,0.20704,0.14292,1.38848,-0.11595,5.45876,0.00392,-0.05045,-1.13237,-1.93665,0.25000,0.33333,-0.09921,0.04391,-0.05045,-0.04455,0.20523,0.26385,12,,V1q,cand,fail
V1_L20_lowQ5_M,Y2024,211,10,0.29196,0.12761,2.07228,-0.06454,5.33125,0.00378,0.06157,1.87455,1.46744,0.80000,0.85714,0.05323,0.10272,0.06157,0.03132,0.23922,0.17547,10,,V1q,cand,fail
V1_L20_lowQ5_M,Y2025,211,10,0.36233,0.21886,1.52263,-0.15397,5.13092,0.00369,0.07459,1.35328,0.81577,0.50000,0.57143,0.08862,0.02974,0.07459,0.13423,0.29549,0.21781,9,,V1q,cand,fail
V1_L20_lowQ5_M,Y2026,194,10,0.31369,0.16205,1.76552,-0.08572,5.67944,0.00340,0.04086,0.98263,0.52600,0.60000,0.42857,0.03509,0.03959,0.04086,0.09528,0.23373,0.19760,10,,V1q,cand,fail
V1_D5_lowQ5_W,train,1008,48,0.13995,0.24770,0.65408,-0.38879,29.16340,0.01952,-0.03103,-0.96700,-1.23834,0.45833,0.46667,-0.08540,0.05632,-0.03103,0.01062,0.68866,0.90649,199,,V1q,cand,fail
V1_D5_lowQ5_W,valid,461,22,0.19100,0.15009,1.24003,-0.13360,30.72761,0.01933,-0.04171,-2.22073,-2.59892,0.31818,0.26316,-0.06267,0.00986,-0.04171,-0.05236,0.37680,0.48561,96,,V1q,cand,fail
V1_D5_lowQ5_W,valid2,405,20,0.20650,0.18199,1.12245,-0.15812,24.82490,0.01379,-0.04796,-1.72222,-2.88390,0.35000,0.35294,-0.06214,-0.01002,-0.04796,0.00918,0.35215,0.45845,74,,V1q,cand,fail
V1_D5_lowQ5_W,all,1874,90,0.16652,0.21378,0.82831,-0.38879,28.61058,0.01824,-0.03732,-1.91009,-2.18960,0.40000,0.40230,-0.07410,0.03298,-0.03732,-0.00518,2.14367,3.13078,369,,V1q,cand,fail
V1_D5_lowQ5_W,Y2019,252,12,0.19671,0.11549,1.61342,-0.06385,25.13064,0.01773,-0.13954,-1.11632,-1.30908,0.50000,0.55556,-0.18380,0.04800,-0.13954,-0.10905,0.19671,0.37285,43,,V1q,cand,fail
V1_D5_lowQ5_W,Y2020,253,12,0.20160,0.37663,0.67951,-0.38879,30.94663,0.02331,-0.03126,-0.95525,-3.77305,0.16667,0.00000,-0.10593,0.04437,-0.03126,0.03530,0.20248,0.24237,52,,V1q,cand,fail
V1_D5_lowQ5_W,Y2021,252,12,0.32078,0.14758,1.96001,-0.07352,30.38662,0.01770,0.02396,0.94733,0.35734,0.66667,0.55556,0.02094,0.04371,0.02396,0.02922,0.32078,0.28840,52,,V1q,cand,fail
V1_D5_lowQ5_W,Y2022,251,12,-0.11194,0.26042,-0.32561,-0.21942,30.18669,0.01932,0.02292,0.61645,0.10904,0.50000,0.55556,-0.05126,0.07262,0.02292,0.08723,-0.11152,-0.13242,52,,V1q,cand,fail
V1_D5_lowQ5_W,Y2023,250,12,0.24034,0.15789,1.44362,-0.13360,30.80537,0.01980,-0.02096,-0.74975,-1.10929,0.41667,0.33333,-0.03497,0.00650,-0.02096,-0.01506,0.23823,0.26385,52,,V1q,cand,fail
V1_D5_lowQ5_W,Y2024,211,10,0.13507,0.14023,0.97395,-0.09400,30.63549,0.01878,-0.06629,-2.79411,-3.15239,0.20000,0.28571,-0.09037,0.01658,-0.06629,-0.09655,0.11191,0.17547,44,,V1q,cand,fail
V1_D5_lowQ5_W,Y2025,211,10,0.20492,0.21092,0.98900,-0.15812,22.09242,0.01283,-0.05006,-1.33538,-1.81311,0.50000,0.57143,-0.04782,-0.05667,-0.05006,0.00958,0.16893,0.21781,34,,V1q,cand,fail
V1_D5_lowQ5_W,Y2026,194,10,0.20821,0.14408,1.38513,-0.07082,27.79684,0.01484,-0.04567,-1.05389,-3.44410,0.20000,0.00000,-0.08124,0.01330,-0.04567,0.00875,0.15675,0.19760,40,,V1q,cand,fail
V1_D5_lowQ5_M,train,1008,48,0.14265,0.24058,0.67566,-0.38386,8.77810,0.00599,-0.03050,-0.89818,-1.08250,0.52083,0.55556,-0.07904,0.05289,-0.03050,0.01116,0.70470,0.90649,45,,V1q,cand,fail
V1_D5_lowQ5_M,valid,461,22,0.19597,0.15349,1.24305,-0.13947,9.54937,0.00607,-0.03703,-1.63314,-2.63887,0.36364,0.31579,-0.02970,-0.05486,-0.03703,-0.04768,0.38732,0.48561,22,,V1q,cand,fail
V1_D5_lowQ5_M,valid2,405,20,0.19369,0.18397,1.05427,-0.15880,8.25397,0.00448,-0.05828,-2.31813,-3.09153,0.20000,0.23529,-0.09183,0.02203,-0.05828,-0.00114,0.32915,0.45845,17,,V1q,cand,fail
V1_D5_lowQ5_M,all,1874,90,0.16650,0.21034,0.83810,-0.38386,8.85456,0.00568,-0.03811,-1.89340,-2.08014,0.41111,0.42529,-0.06904,0.02421,-0.03811,-0.00597,2.14341,3.13078,84,,V1q,cand,fail
V1_D5_lowQ5_M,Y2019,252,12,0.13702,0.10777,1.24583,-0.07413,6.75644,0.00485,-0.19160,-1.57677,-1.69637,0.33333,0.44444,-0.23767,0.00676,-0.19160,-0.16111,0.13702,0.37285,9,,V1q,cand,fail
V1_D5_lowQ5_M,Y2020,253,12,0.23974,0.36141,0.77809,-0.38386,9.54261,0.00723,-0.00597,-0.26493,-1.16098,0.33333,0.33333,-0.07947,0.08588,-0.00597,0.06059,0.24080,0.24237,12,,V1q,cand,fail
V1_D5_lowQ5_M,Y2021,252,12,0.31211,0.15320,1.85065,-0.07627,9.34346,0.00578,0.01822,0.63984,0.19383,0.66667,0.55556,0.02230,0.01305,0.01822,0.02348,0.31211,0.28840,12,,V1q,cand,fail
V1_D5_lowQ5_M,Y2022,251,12,-0.07941,0.25546,-0.19615,-0.19726,9.46962,0.00611,0.05761,2.72496,2.59183,0.75000,0.77778,0.05639,0.05957,0.05761,0.12192,-0.07911,-0.13242,12,,V1q,cand,fail
V1_D5_lowQ5_M,Y2023,250,12,0.26017,0.16082,1.51890,-0.13947,9.54448,0.00616,-0.00463,-0.07866,-0.92554,0.50000,0.44444,0.01991,-0.04764,-0.00463,0.00128,0.25786,0.26385,12,,V1q,cand,fail
V1_D5_lowQ5_M,Y2024,211,10,0.12412,0.14423,0.88364,-0.07943,9.55516,0.00597,-0.07542,-3.10169,-4.44538,0.20000,0.28571,-0.07931,-0.06930,-0.07542,-0.10568,0.10293,0.17547,10,,V1q,cand,fail
V1_D5_lowQ5_M,Y2025,211,10,0.19585,0.21391,0.94276,-0.15880,6.62781,0.00382,-0.05700,-2.48615,-3.04430,0.10000,0.14286,-0.06435,-0.03168,-0.05700,0.00264,0.16155,0.21781,7,,V1q,cand,fail
V1_D5_lowQ5_M,Y2026,194,10,0.19134,0.14452,1.28398,-0.07737,10.02264,0.00519,-0.05968,-1.26368,-2.01889,0.30000,0.14286,-0.12847,0.04888,-0.05968,-0.00526,0.14429,0.19760,10,,V1q,cand,fail
V1_D20_lowQ5_W,train,1008,48,0.11717,0.24634,0.57415,-0.39128,13.90083,0.00957,-0.05161,-1.57298,-1.83144,0.37500,0.40000,-0.10602,0.03404,-0.05161,-0.00996,0.55765,0.90649,196,,V1q,cand,fail
V1_D20_lowQ5_W,valid,461,22,0.19627,0.14979,1.27173,-0.15388,14.48424,0.00933,-0.03734,-1.88297,-2.32328,0.36364,0.36842,-0.02045,-0.07784,-0.03734,-0.04798,0.38797,0.48561,96,,V1q,cand,fail
V1_D20_lowQ5_W,valid2,405,20,0.22412,0.18140,1.20548,-0.14677,11.45397,0.00638,-0.03356,-1.40215,-2.18570,0.30000,0.29412,-0.06506,0.04271,-0.03356,0.02358,0.38403,0.45845,71,,V1q,cand,fail
V1_D20_lowQ5_W,all,1874,90,0.15880,0.21278,0.79986,-0.39128,13.51554,0.00882,-0.04420,-2.27906,-2.53424,0.35556,0.36782,-0.07417,0.01268,-0.04420,-0.01206,1.99222,3.13078,363,,V1q,cand,fail
V1_D20_lowQ5_W,Y2019,252,12,0.12733,0.10839,1.16039,-0.05895,11.73597,0.00827,-0.20009,-1.67609,-1.77585,0.25000,0.33333,-0.26435,0.08106,-0.20009,-0.16960,0.12733,0.37285,40,,V1q,cand,fail
V1_D20_lowQ5_W,Y2020,253,12,0.23481,0.37407,0.75403,-0.39128,14.92451,0.01196,-0.00512,-0.37903,-1.94034,0.33333,0.33333,-0.05911,0.04593,-0.00512,0.06144,0.23584,0.24237,52,,V1q,cand,fail
V1_D20_lowQ5_W,Y2021,252,12,0.29402,0.15633,1.72785,-0.07201,14.52468,0.00854,0.00481,0.18985,-0.29601,0.41667,0.33333,-0.00285,0.02662,0.00481,0.01007,0.29402,0.28840,52,,V1q,cand,fail
V1_D20_lowQ5_W,Y2022,251,12,-0.13650,0.25676,-0.44311,-0.22424,14.41613,0.00951,-0.00605,-0.18972,-0.60670,0.50000,0.44444,-0.04072,0.01529,-0.00605,0.05826,-0.13600,-0.13242,52,,V1q,cand,fail
V1_D20_lowQ5_W,Y2023,250,12,0.18999,0.15999,1.16756,-0.15388,14.33902,0.00945,-0.06210,-2.26279,-2.70792,0.33333,0.33333,-0.04013,-0.10091,-0.06210,-0.05619,0.18835,0.26385,52,,V1q,cand,fail
V1_D20_lowQ5_W,Y2024,211,10,0.20376,0.13672,1.42529,-0.07481,14.65632,0.00919,-0.00800,-0.26899,-0.83278,0.40000,0.42857,-0.00077,-0.03171,-0.00800,-0.03826,0.16798,0.17547,44,,V1q,cand,fail
V1_D20_lowQ5_W,Y2025,211,10,0.19802,0.20865,0.96987,-0.14677,10.05802,0.00595,-0.05629,-2.51775,-4.28113,0.10000,0.00000,-0.07884,0.02814,-0.05629,0.00335,0.16332,0.21781,31,,V1q,cand,fail
V1_D20_lowQ5_W,Y2026,194,10,0.25315,0.14609,1.61827,-0.08333,12.97225,0.00685,-0.00883,-0.19763,-0.86694,0.50000,0.28571,-0.04668,0.04999,-0.00883,0.04558,0.18973,0.19760,40,,V1q,cand,fail
V1_D20_lowQ5_M,train,1008,48,0.11151,0.24249,0.55824,-0.38512,8.24353,0.00559,-0.05768,-1.73245,-1.90559,0.41667,0.44444,-0.11438,0.03823,-0.05768,-0.01603,0.52633,0.90649,45,,V1q,cand,fail
V1_D20_lowQ5_M,valid,461,22,0.17011,0.14974,1.12432,-0.16016,8.77473,0.00556,-0.05947,-2.81886,-3.20582,0.31818,0.36842,-0.03840,-0.11265,-0.05947,-0.07012,0.33294,0.48561,22,,V1q,cand,fail
V1_D20_lowQ5_M,valid2,405,20,0.21516,0.18244,1.15939,-0.14706,7.51223,0.00422,-0.04072,-1.57870,-2.05545,0.40000,0.41176,-0.06845,0.02644,-0.04072,0.01642,0.36778,0.45845,17,,V1q,cand,fail
V1_D20_lowQ5_M,all,1874,90,0.14754,0.21057,0.75955,-0.38512,8.21616,0.00529,-0.05446,-2.77781,-2.95004,0.38889,0.40230,-0.08391,0.00457,-0.05446,-0.02232,1.78275,3.13078,84,,V1q,cand,fail
V1_D20_lowQ5_M,Y2019,252,12,0.13074,0.10701,1.20220,-0.06330,6.51507,0.00469,-0.19722,-1.61960,-1.86609,0.33333,0.44444,-0.26852,0.11821,-0.19722,-0.16673,0.13074,0.37285,9,,V1q,cand,fail
V1_D20_lowQ5_M,Y2020,253,12,0.22416,0.36696,0.73733,-0.38512,8.77648,0.00672,-0.01661,-0.59798,-1.44620,0.41667,0.33333,-0.06273,0.04052,-0.01661,0.04995,0.22514,0.24237,12,,V1q,cand,fail
V1_D20_lowQ5_M,Y2021,252,12,0.26460,0.15972,1.55035,-0.07778,8.70470,0.00515,-0.01768,-0.97319,-1.55383,0.33333,0.22222,-0.03646,0.03267,-0.01768,-0.01241,0.26460,0.28840,12,,V1q,cand,fail
V1_D20_lowQ5_M,Y2022,251,12,-0.12922,0.25087,-0.42603,-0.22613,8.97868,0.00579,0.00084,0.05607,-0.32378,0.58333,0.55556,-0.01866,0.01612,0.00084,0.06515,-0.12874,-0.13242,12,,V1q,cand,fail
V1_D20_lowQ5_M,Y2023,250,12,0.18546,0.15831,1.15416,-0.16016,8.83438,0.00575,-0.06619,-2.43680,-3.12034,0.25000,0.33333,-0.03885,-0.11574,-0.06619,-0.06028,0.18386,0.26385,12,,V1q,cand,fail
V1_D20_lowQ5_M,Y2024,211,10,0.15218,0.13891,1.08960,-0.07469,8.70406,0.00533,-0.05151,-1.50024,-1.97216,0.40000,0.42857,-0.03794,-0.10646,-0.05151,-0.08177,0.12593,0.17547,10,,V1q,cand,fail
V1_D20_lowQ5_M,Y2025,211,10,0.22922,0.21225,1.07823,-0.14706,6.14757,0.00371,-0.02981,-0.99189,-1.41241,0.50000,0.57143,-0.04274,0.01575,-0.02981,0.02983,0.18863,0.21781,7,,V1q,cand,fail
V1_D20_lowQ5_M,Y2026,194,10,0.20005,0.14312,1.34613,-0.08780,8.99648,0.00478,-0.05259,-1.18273,-1.84492,0.30000,0.14286,-0.10273,0.03178,-0.05259,0.00183,0.15072,0.19760,10,,V1q,cand,fail
V1_L5_high_N50_W,train,1008,48,0.09224,0.27567,0.45848,-0.41243,31.97873,0.02177,-0.06666,-2.11238,-2.51803,0.31250,0.33333,-0.03352,-0.13128,-0.06666,-0.02500,0.42321,0.90649,207,,V1h,diag,diagnostic
V1_L5_high_N50_W,valid,461,22,0.22457,0.16510,1.30998,-0.14521,31.81409,0.01693,-0.01155,-0.18399,-0.87790,0.31818,0.31579,0.00342,-0.03972,-0.01155,-0.02220,0.44861,0.48561,96,,V1h,diag,diagnostic
V1_L5_high_N50_W,valid2,405,20,0.15833,0.19371,0.85556,-0.14997,29.53891,0.01287,-0.08650,-1.32357,-2.02109,0.40000,0.41176,-0.11026,-0.02933,-0.08650,-0.02936,0.26645,0.45845,83,,V1h,diag,diagnostic
V1_L5_high_N50_W,all,1874,90,0.13776,0.23600,0.66527,-0.41243,31.41095,0.01865,-0.05739,-2.30636,-2.64700,0.33333,0.34483,-0.04144,-0.09124,-0.05739,-0.02526,1.61101,3.13078,386,,V1h,diag,diagnostic
V1_L5_high_N50_W,Y2019,252,12,0.26508,0.13371,1.82643,-0.09959,31.07606,0.02433,-0.08165,-1.10552,-1.35095,0.41667,0.55556,-0.07218,-0.15225,-0.08165,-0.05116,0.26508,0.37285,51,,V1h,diag,diagnostic
V1_L5_high_N50_W,Y2020,253,12,0.23480,0.40224,0.72707,-0.41243,32.12851,0.02397,0.00528,0.12311,-0.45771,0.33333,0.44444,0.12734,-0.15791,0.00528,0.07183,0.23583,0.24237,52,,V1h,diag,diagnostic
V1_L5_high_N50_W,Y2021,252,12,0.17127,0.15996,1.06863,-0.09219,33.11700,0.01914,-0.09437,-2.91590,-4.35379,0.16667,0.00000,-0.10680,-0.06601,-0.09437,-0.08911,0.17127,0.28840,52,,V1h,diag,diagnostic
V1_L5_high_N50_W,Y2022,251,12,-0.22358,0.31282,-0.65219,-0.33324,31.59120,0.01962,-0.09630,-1.36742,-2.01145,0.33333,0.44444,-0.04948,-0.13425,-0.09630,-0.03199,-0.22280,-0.13242,52,,V1h,diag,diagnostic
V1_L5_high_N50_W,Y2023,250,12,0.28616,0.18012,1.48775,-0.14521,31.60195,0.01727,0.01907,0.41595,-0.00064,0.41667,0.44444,0.05052,-0.03027,0.01907,0.02498,0.28360,0.26385,52,,V1h,diag,diagnostic
V1_L5_high_N50_W,Y2024,211,10,0.15539,0.14521,1.06756,-0.08073,32.06544,0.01653,-0.04785,-0.62654,-2.70764,0.20000,0.28571,-0.04369,-0.05861,-0.04785,-0.07810,0.12856,0.17547,44,,V1h,diag,diagnostic
V1_L5_high_N50_W,Y2025,211,10,0.11462,0.22334,0.59727,-0.14997,30.85966,0.01317,-0.12526,-1.15722,-2.20045,0.30000,0.28571,-0.17798,0.06692,-0.12526,-0.06562,0.09511,0.21781,43,,V1h,diag,diagnostic
V1_L5_high_N50_W,Y2026,194,10,0.20782,0.15516,1.29481,-0.10079,28.10242,0.01253,-0.04434,-0.60880,-0.97839,0.50000,0.42857,-0.01997,-0.07745,-0.04434,0.01008,0.15646,0.19760,40,,V1h,diag,diagnostic
V1_L5_high_N50_M,train,1008,48,0.08551,0.27696,0.43517,-0.39603,8.69468,0.00596,-0.07252,-1.87334,-2.56732,0.33333,0.35556,-0.04982,-0.12608,-0.07252,-0.03087,0.38849,0.90649,47,,V1h,diag,diagnostic
V1_L5_high_N50_M,valid,461,22,0.20569,0.16479,1.21778,-0.15349,8.99820,0.00470,-0.02715,-0.57381,-1.04369,0.45455,0.42105,0.02341,-0.14943,-0.02715,-0.03779,0.40802,0.48561,22,,V1h,diag,diagnostic
V1_L5_high_N50_M,valid2,405,20,0.18948,0.19209,0.99927,-0.14686,8.91381,0.00388,-0.06029,-0.93391,-1.33637,0.45000,0.47059,-0.12071,0.08223,-0.06029,-0.00315,0.32163,0.45845,19,,V1h,diag,diagnostic
V1_L5_high_N50_M,all,1874,90,0.13615,0.23647,0.65834,-0.39603,8.81670,0.00520,-0.05872,-2.16151,-2.65143,0.38889,0.40230,-0.04688,-0.08781,-0.05872,-0.02658,1.58382,3.13078,88,,V1h,diag,diagnostic
V1_L5_high_N50_M,Y2019,252,12,0.18485,0.13122,1.35885,-0.08697,7.87695,0.00612,-0.14755,-1.18563,-1.42642,0.33333,0.44444,-0.14849,-0.16926,-0.14755,-0.11706,0.18485,0.37285,11,,V1h,diag,diagnostic
V1_L5_high_N50_M,Y2020,253,12,0.18300,0.39610,0.62366,-0.39603,9.14240,0.00692,-0.04015,-1.24669,-1.95112,0.41667,0.44444,-0.04135,-0.06008,-0.04015,0.02641,0.18379,0.24237,12,,V1h,diag,diagnostic
V1_L5_high_N50_M,Y2021,252,12,0.25395,0.15832,1.50913,-0.07233,9.14578,0.00525,-0.02638,-0.84787,-1.49364,0.41667,0.33333,-0.00790,-0.08241,-0.02638,-0.02112,0.25395,0.28840,12,,V1h,diag,diagnostic
V1_L5_high_N50_M,Y2022,251,12,-0.21130,0.32703,-0.56228,-0.33051,8.61150,0.00556,-0.07616,-0.84120,-2.92892,0.16667,0.22222,0.06018,-0.17961,-0.07616,-0.01185,-0.21056,-0.13242,12,,V1h,diag,diagnostic
V1_L5_high_N50_M,Y2023,250,12,0.26741,0.18081,1.40142,-0.15349,8.91626,0.00489,0.00450,0.14120,-0.45832,0.50000,0.44444,0.04391,-0.06484,0.00450,0.01040,0.26503,0.26385,12,,V1h,diag,diagnostic
V1_L5_high_N50_M,Y2024,211,10,0.13644,0.14342,0.96380,-0.07719,9.09528,0.00446,-0.06464,-0.95109,-1.99187,0.40000,0.28571,0.00291,-0.31861,-0.06464,-0.09490,0.11303,0.17547,10,,V1h,diag,diagnostic
V1_L5_high_N50_M,Y2025,211,10,0.13429,0.22310,0.67590,-0.14686,8.44532,0.00357,-0.10787,-1.19651,-1.99301,0.30000,0.28571,-0.14136,0.00979,-0.10787,-0.04823,0.11127,0.21781,9,,V1h,diag,diagnostic
V1_L5_high_N50_M,Y2026,194,10,0.25256,0.15125,1.56498,-0.09823,9.42336,0.00422,-0.00854,-0.09461,-0.60945,0.60000,0.42857,-0.09317,0.11845,-0.00854,0.04588,0.18930,0.19760,10,,V1h,diag,diagnostic
V1_L20_high_N50_W,train,1008,48,0.12200,0.28096,0.55029,-0.38029,13.40731,0.00941,-0.03844,-0.96220,-1.60512,0.31250,0.33333,-0.01205,-0.09512,-0.03844,0.00322,0.58481,0.90649,205,,V1h,diag,diagnostic
V1_L20_high_N50_W,valid,461,22,0.25465,0.17424,1.38949,-0.14658,13.03186,0.00697,0.01427,0.41491,0.05388,0.50000,0.47368,0.03561,-0.03097,0.01427,0.00363,0.51439,0.48561,96,,V1h,diag,diagnostic
V1_L20_high_N50_W,valid2,405,20,0.19950,0.20092,1.00555,-0.12889,11.77526,0.00497,-0.05019,-0.73530,-1.27526,0.45000,0.41176,-0.10947,0.08492,-0.05019,0.00694,0.33958,0.45845,81,,V1h,diag,diagnostic
V1_L20_high_N50_W,all,1874,90,0.17004,0.24219,0.76956,-0.38029,12.96224,0.00785,-0.02801,-0.99469,-1.44526,0.38889,0.40230,-0.02191,-0.04460,-0.02801,0.00412,2.21500,3.13078,382,,V1h,diag,diagnostic
V1_L20_high_N50_W,Y2019,252,12,0.20536,0.13151,1.48674,-0.08694,12.64865,0.01002,-0.13034,-1.40608,-1.57912,0.25000,0.33333,-0.12834,-0.17172,-0.13034,-0.09985,0.20536,0.37285,49,,V1h,diag,diagnostic
V1_L20_high_N50_W,Y2020,253,12,0.34191,0.40058,0.93494,-0.38029,14.06237,0.01072,0.08734,1.06919,0.48029,0.50000,0.55556,0.15715,-0.01710,0.08734,0.15389,0.34348,0.24237,52,,V1h,diag,diagnostic
V1_L20_high_N50_W,Y2021,252,12,0.19729,0.15971,1.20774,-0.09371,14.14097,0.00828,-0.07242,-2.87271,-3.65270,0.16667,0.11111,-0.05491,-0.12806,-0.07242,-0.06716,0.19729,0.28840,52,,V1h,diag,diagnostic
V1_L20_high_N50_W,Y2022,251,12,-0.18327,0.33426,-0.43844,-0.33016,12.77214,0.00861,-0.03883,-0.36245,-1.60286,0.33333,0.33333,0.06082,-0.11484,-0.03883,0.02548,-0.18261,-0.13242,52,,V1h,diag,diagnostic
V1_L20_high_N50_W,Y2023,250,12,0.32252,0.19120,1.55812,-0.14658,12.43351,0.00704,0.04901,0.83648,0.43651,0.58333,0.55556,0.09333,-0.02421,0.04901,0.05491,0.31959,0.26385,52,,V1h,diag,diagnostic
V1_L20_high_N50_W,Y2024,211,10,0.17873,0.15161,1.16079,-0.07579,13.74081,0.00688,-0.02688,-0.52763,-1.87400,0.40000,0.57143,-0.02211,-0.04449,-0.02688,-0.05714,0.14762,0.17547,44,,V1h,diag,diagnostic
V1_L20_high_N50_W,Y2025,211,10,0.12995,0.22983,0.64575,-0.12889,12.14419,0.00496,-0.11025,-0.96103,-1.80816,0.40000,0.28571,-0.21387,0.27978,-0.11025,-0.05061,0.10771,0.21781,41,,V1h,diag,diagnostic
V1_L20_high_N50_W,Y2026,194,10,0.28003,0.16372,1.59031,-0.10262,11.37401,0.00499,0.01512,0.17854,-0.33653,0.50000,0.42857,0.02973,-0.01251,0.01512,0.06954,0.20932,0.19760,40,,V1h,diag,diagnostic
V1_L20_high_N50_M,train,1008,48,0.10985,0.27738,0.51462,-0.38773,7.24021,0.00516,-0.05030,-1.12523,-1.66232,0.43750,0.44444,-0.01301,-0.12010,-0.05030,-0.00864,0.51727,0.90649,47,,V1h,diag,diagnostic
V1_L20_high_N50_M,valid,461,22,0.26699,0.17153,1.46583,-0.15808,7.05849,0.00373,0.02360,0.64293,0.25942,0.63636,0.63158,0.06548,-0.07151,0.02360,0.01296,0.54173,0.48561,22,,V1h,diag,diagnostic
V1_L20_high_N50_M,valid2,405,20,0.14656,0.19574,0.79631,-0.14767,6.93076,0.00294,-0.09637,-1.38535,-1.78760,0.35000,0.35294,-0.14355,0.01383,-0.09637,-0.03923,0.24584,0.45845,19,,V1h,diag,diagnostic
V1_L20_high_N50_M,all,1874,90,0.15469,0.23856,0.72233,-0.38773,7.12863,0.00433,-0.04208,-1.36137,-1.75916,0.46667,0.47126,-0.02238,-0.08234,-0.04208,-0.00994,1.91427,3.13078,88,,V1h,diag,diagnostic
V1_L20_high_N50_M,Y2019,252,12,0.14178,0.13272,1.06577,-0.08086,6.74057,0.00544,-0.18441,-1.57198,-1.67595,0.25000,0.22222,-0.17685,-0.25157,-0.18441,-0.15392,0.14178,0.37285,11,,V1h,diag,diagnostic
V1_L20_high_N50_M,Y2020,253,12,0.42059,0.39840,1.08133,-0.38773,7.58291,0.00600,0.14362,2.20669,2.04031,0.83333,0.88889,0.22062,0.04269,0.14362,0.21018,0.42257,0.24237,12,,V1h,diag,diagnostic
V1_L20_high_N50_M,Y2021,252,12,0.24224,0.15963,1.43923,-0.08374,7.66667,0.00431,-0.03556,-1.11559,-1.55287,0.50000,0.33333,-0.02040,-0.07980,-0.03556,-0.03030,0.24224,0.28840,12,,V1h,diag,diagnostic
V1_L20_high_N50_M,Y2022,251,12,-0.24888,0.32374,-0.72169,-0.32183,6.96824,0.00490,-0.12592,-1.30281,-4.81233,0.16667,0.22222,0.00087,-0.21608,-0.12592,-0.06161,-0.24803,-0.13242,12,,V1h,diag,diagnostic
V1_L20_high_N50_M,Y2023,250,12,0.29906,0.18695,1.49347,-0.15808,6.75702,0.00383,0.03031,0.54008,0.17421,0.58333,0.55556,0.08068,-0.05501,0.03031,0.03621,0.29637,0.26385,12,,V1h,diag,diagnostic
V1_L20_high_N50_M,Y2024,211,10,0.23000,0.15121,1.44520,-0.08071,7.41569,0.00362,0.01566,0.32735,-0.45799,0.70000,0.57143,0.05028,-0.10449,0.01566,-0.01459,0.18927,0.17547,10,,V1h,diag,diagnostic
V1_L20_high_N50_M,Y2025,211,10,0.07262,0.22549,0.42292,-0.14767,6.58673,0.00268,-0.16329,-1.74412,-2.78752,0.20000,0.14286,-0.20894,-0.00328,-0.16329,-0.10365,0.06045,0.21781,9,,V1h,diag,diagnostic
V1_L20_high_N50_M,Y2026,194,10,0.23279,0.15700,1.41195,-0.10547,7.30493,0.00322,-0.02358,-0.24833,-0.66606,0.50000,0.42857,-0.05636,0.02238,-0.02358,0.03084,0.17482,0.19760,10,,V1h,diag,diagnostic
V1_D5_high_N50_W,train,1008,48,0.11735,0.25627,0.56212,-0.40508,37.18680,0.02414,-0.04899,-1.26392,-1.47959,0.43750,0.44444,-0.08278,0.00839,-0.04899,-0.00734,0.55870,0.90649,199,,V1h,diag,diagnostic
V1_D5_high_N50_W,valid,461,22,0.16675,0.15073,1.09881,-0.13149,39.83032,0.02427,-0.06220,-1.82675,-2.55883,0.31818,0.31579,-0.08040,-0.01366,-0.06220,-0.07285,0.32595,0.48561,96,,V1h,diag,diagnostic
V1_D5_high_N50_W,valid2,405,20,0.21903,0.16616,1.27524,-0.13927,31.60947,0.01761,-0.04034,-0.68850,-1.09380,0.50000,0.47059,-0.08860,0.08102,-0.04034,0.01679,0.37480,0.45845,74,,V1h,diag,diagnostic
V1_D5_high_N50_W,all,1874,90,0.15077,0.21653,0.75751,-0.40508,36.63175,0.02276,-0.05037,-1.96704,-2.15552,0.42222,0.42529,-0.08349,0.01886,-0.05037,-0.01824,1.84137,3.13078,369,,V1h,diag,diagnostic
V1_D5_high_N50_W,Y2019,252,12,0.18489,0.11828,1.49412,-0.06603,32.12913,0.02207,-0.14914,-1.18276,-1.38587,0.33333,0.33333,-0.21579,0.13852,-0.14914,-0.11865,0.18489,0.37285,43,,V1h,diag,diagnostic
V1_D5_high_N50_W,Y2020,253,12,0.20133,0.39329,0.66548,-0.40508,37.83978,0.02773,-0.02545,-0.48113,-1.22409,0.50000,0.44444,-0.06199,0.02040,-0.02545,0.04110,0.20220,0.24237,52,,V1h,diag,diagnostic
V1_D5_high_N50_W,Y2021,252,12,0.29083,0.15354,1.74019,-0.08147,39.06155,0.02279,0.00190,0.03797,-0.58034,0.50000,0.44444,-0.01632,0.05612,0.00190,0.00716,0.29083,0.28840,52,,V1h,diag,diagnostic
V1_D5_high_N50_W,Y2022,251,12,-0.15286,0.26400,-0.49615,-0.27174,39.72423,0.02396,-0.02326,-0.36766,-1.05948,0.41667,0.55556,0.03450,-0.05782,-0.02326,0.04105,-0.15231,-0.13242,52,,V1h,diag,diagnostic
V1_D5_high_N50_W,Y2023,250,12,0.19123,0.16048,1.17096,-0.13149,39.88202,0.02511,-0.06099,-1.62622,-2.36514,0.33333,0.33333,-0.10689,0.02638,-0.06099,-0.05508,0.18957,0.26385,52,,V1h,diag,diagnostic
V1_D5_high_N50_W,Y2024,211,10,0.13840,0.13828,1.00679,-0.06850,39.76906,0.02327,-0.06365,-1.00547,-1.92721,0.30000,0.42857,-0.05391,-0.09372,-0.06365,-0.09390,0.11464,0.17547,44,,V1h,diag,diagnostic
V1_D5_high_N50_W,Y2025,211,10,0.22502,0.18439,1.19284,-0.13927,27.66697,0.01524,-0.03871,-0.44621,-1.10068,0.50000,0.42857,-0.06303,0.08147,-0.03871,0.02093,0.18523,0.21781,34,,V1h,diag,diagnostic
V1_D5_high_N50_W,Y2026,194,10,0.21255,0.14372,1.41336,-0.10923,35.89744,0.02018,-0.04213,-0.50024,-1.06202,0.50000,0.42857,-0.12270,0.08080,-0.04213,0.01229,0.15994,0.19760,40,,V1h,diag,diagnostic
V1_D5_high_N50_M,train,1008,48,0.12674,0.25395,0.59819,-0.40465,10.10681,0.00659,-0.04114,-1.07644,-1.27529,0.47917,0.51111,-0.06439,-0.00207,-0.04114,0.00052,0.61174,0.90649,45,,V1h,diag,diagnostic
V1_D5_high_N50_M,valid,461,22,0.18681,0.15125,1.20835,-0.15492,10.93778,0.00656,-0.04507,-1.42905,-2.37099,0.27273,0.26316,-0.02511,-0.09571,-0.04507,-0.05571,0.36796,0.48561,22,,V1h,diag,diagnostic
V1_D5_high_N50_M,valid2,405,20,0.27647,0.16140,1.59365,-0.12380,9.55576,0.00532,0.00498,0.12821,-0.35667,0.50000,0.47059,-0.08786,0.23584,0.00498,0.06212,0.48039,0.45845,17,,V1h,diag,diagnostic
V1_D5_high_N50_M,all,1874,90,0.17242,0.21437,0.85021,-0.40465,10.19214,0.00631,-0.03214,-1.15036,-1.46976,0.43333,0.44828,-0.05947,0.02778,-0.03214,-0.00000,2.26394,3.13078,84,,V1h,diag,diagnostic
V1_D5_high_N50_M,Y2019,252,12,0.17647,0.11381,1.48548,-0.06007,7.68037,0.00518,-0.15680,-1.26042,-1.44032,0.41667,0.55556,-0.21850,0.11274,-0.15680,-0.12631,0.17647,0.37285,9,,V1h,diag,diagnostic
V1_D5_high_N50_M,Y2020,253,12,0.14537,0.38712,0.54746,-0.40465,10.76248,0.00784,-0.07525,-1.52440,-2.29486,0.33333,0.22222,-0.13255,-0.00646,-0.07525,-0.00869,0.14599,0.24237,12,,V1h,diag,diagnostic
V1_D5_high_N50_M,Y2021,252,12,0.34255,0.15609,1.96624,-0.07393,11.17796,0.00677,0.04162,0.99568,0.45890,0.58333,0.55556,0.08073,-0.06805,0.04162,0.04688,0.34255,0.28840,12,,V1h,diag,diagnostic
V1_D5_high_N50_M,Y2022,251,12,-0.10998,0.26484,-0.30752,-0.22202,10.80661,0.00654,0.02628,0.62924,0.23088,0.58333,0.66667,0.07806,-0.00347,0.02628,0.09059,-0.10956,-0.13242,12,,V1h,diag,diagnostic
V1_D5_high_N50_M,Y2023,250,12,0.21809,0.16214,1.29815,-0.15492,11.19607,0.00702,-0.03841,-0.72911,-1.72028,0.33333,0.33333,-0.00730,-0.09662,-0.03841,-0.03251,0.21618,0.26385,12,,V1h,diag,diagnostic
V1_D5_high_N50_M,Y2024,211,10,0.15079,0.13720,1.09267,-0.06387,10.63176,0.00602,-0.05295,-1.57350,-2.95098,0.20000,0.14286,-0.04292,-0.09387,-0.05295,-0.08321,0.12479,0.17547,10,,V1h,diag,diagnostic
V1_D5_high_N50_M,Y2025,211,10,0.23890,0.17027,1.34365,-0.12380,7.61817,0.00416,-0.02988,-0.26765,-0.71506,0.60000,0.57143,-0.07917,0.19086,-0.02988,0.02976,0.19647,0.21781,7,,V1h,diag,diagnostic
V1_D5_high_N50_M,Y2026,194,10,0.31863,0.15114,1.90645,-0.08854,11.66314,0.00658,0.04289,0.38487,-0.22214,0.40000,0.28571,-0.09945,0.25832,0.04289,0.09731,0.23730,0.19760,10,,V1h,diag,diagnostic
V1_D20_high_N50_W,train,1008,48,0.09686,0.25627,0.48970,-0.36990,18.35757,0.01189,-0.06755,-1.88765,-2.08245,0.41667,0.44444,-0.10396,-0.01524,-0.06755,-0.02589,0.44746,0.90649,196,,V1h,diag,diagnostic
V1_D20_high_N50_W,valid,461,22,0.20155,0.15308,1.27645,-0.14262,19.76562,0.01242,-0.03244,-0.80352,-1.74611,0.22727,0.26316,-0.02002,-0.05879,-0.03244,-0.04308,0.39920,0.48561,96,,V1h,diag,diagnostic
V1_D20_high_N50_W,valid2,405,20,0.28409,0.17802,1.49397,-0.13953,15.12409,0.00851,0.01372,0.20951,-0.20589,0.60000,0.58824,-0.05323,0.17954,0.01372,0.07086,0.49461,0.45845,71,,V1h,diag,diagnostic
V1_D20_high_N50_W,all,1874,90,0.16060,0.21898,0.79025,-0.36990,18.00515,0.01129,-0.04135,-1.49082,-1.80104,0.41111,0.42529,-0.07030,0.01605,-0.04135,-0.00921,2.02701,3.13078,363,,V1h,diag,diagnostic
V1_D20_high_N50_W,Y2019,252,12,0.12894,0.11554,1.10788,-0.07126,15.38501,0.01046,-0.19786,-1.64117,-1.85113,0.25000,0.33333,-0.24616,0.00228,-0.19786,-0.16737,0.12894,0.37285,40,,V1h,diag,diagnostic
V1_D20_high_N50_W,Y2020,253,12,0.17360,0.38916,0.60795,-0.36990,19.02432,0.01377,-0.05059,-1.38213,-2.19288,0.33333,0.33333,-0.09856,-0.02254,-0.05059,0.01597,0.17434,0.24237,52,,V1h,diag,diagnostic
V1_D20_high_N50_W,Y2021,252,12,0.22872,0.15669,1.39345,-0.06506,19.25565,0.01144,-0.04697,-1.11978,-1.67005,0.33333,0.44444,-0.04262,-0.06420,-0.04697,-0.04171,0.22872,0.28840,52,,V1h,diag,diagnostic
V1_D20_high_N50_W,Y2022,251,12,-0.11186,0.26979,-0.30469,-0.25324,19.76827,0.01190,0.02552,0.54823,0.11909,0.75000,0.88889,0.06248,0.00596,0.02552,0.08983,-0.11144,-0.13242,52,,V1h,diag,diagnostic
V1_D20_high_N50_W,Y2023,250,12,0.21309,0.16910,1.22727,-0.14262,19.93749,0.01317,-0.04137,-0.74925,-1.95839,0.33333,0.44444,-0.04206,-0.03768,-0.04137,-0.03546,0.21123,0.26385,52,,V1h,diag,diagnostic
V1_D20_high_N50_W,Y2024,211,10,0.18803,0.13158,1.37566,-0.05834,19.56198,0.01154,-0.02186,-0.33358,-5.05028,0.10000,0.14286,0.00201,-0.10103,-0.02186,-0.05212,0.15519,0.17547,44,,V1h,diag,diagnostic
V1_D20_high_N50_W,Y2025,211,10,0.19701,0.20069,0.99628,-0.13953,13.10000,0.00722,-0.05872,-0.88961,-1.45496,0.50000,0.42857,-0.10384,0.11866,-0.05872,0.00092,0.16250,0.21781,31,,V1h,diag,diagnostic
V1_D20_high_N50_W,Y2026,194,10,0.38600,0.14938,2.26102,-0.08001,17.32555,0.00990,0.09251,0.64205,0.22358,0.70000,0.57143,0.01424,0.20997,0.09251,0.14693,0.28569,0.19760,40,,V1h,diag,diagnostic
V1_D20_high_N50_M,train,1008,48,0.11098,0.25680,0.53911,-0.39161,9.75505,0.00644,-0.05461,-1.47151,-1.67921,0.41667,0.44444,-0.06499,-0.04280,-0.05461,-0.01295,0.52346,0.90649,45,,V1h,diag,diagnostic
V1_D20_high_N50_M,valid,461,22,0.21904,0.15161,1.38269,-0.13604,10.49116,0.00653,-0.01820,-0.50295,-0.94968,0.40909,0.47368,-0.00579,-0.04918,-0.01820,-0.02884,0.43667,0.48561,22,,V1h,diag,diagnostic
V1_D20_high_N50_M,valid2,405,20,0.29298,0.18217,1.50202,-0.14246,8.71434,0.00488,0.02138,0.31251,-0.17054,0.55000,0.52941,-0.00165,0.08324,0.02138,0.07852,0.51128,0.45845,17,,V1h,diag,diagnostic
V1_D20_high_N50_M,all,1874,90,0.17453,0.21979,0.84247,-0.39161,9.71122,0.00612,-0.02923,-1.05385,-1.39632,0.44444,0.45977,-0.03493,-0.01805,-0.02923,0.00291,2.30775,3.13078,84,,V1h,diag,diagnostic
V1_D20_high_N50_M,Y2019,252,12,0.10797,0.11729,0.93316,-0.08821,7.54885,0.00529,-0.21641,-1.81928,-1.92179,0.25000,0.33333,-0.23191,-0.16861,-0.21641,-0.18592,0.10797,0.37285,9,,V1h,diag,diagnostic
V1_D20_high_N50_M,Y2020,253,12,0.28025,0.38440,0.83733,-0.39161,10.17103,0.00755,0.03469,0.61818,0.02090,0.58333,0.55556,-0.01276,0.07895,0.03469,0.10125,0.28150,0.24237,12,,V1h,diag,diagnostic
V1_D20_high_N50_M,Y2021,252,12,0.23359,0.15756,1.41174,-0.09395,10.63073,0.00646,-0.04287,-0.69298,-1.31590,0.41667,0.44444,0.01795,-0.21609,-0.04287,-0.03761,0.23359,0.28840,12,,V1h,diag,diagnostic
V1_D20_high_N50_M,Y2022,251,12,-0.13070,0.27705,-0.36695,-0.25774,10.67160,0.00645,0.00605,0.16291,-0.47409,0.41667,0.44444,0.04639,-0.01957,0.00605,0.07037,-0.13022,-0.13242,12,,V1h,diag,diagnostic
V1_D20_high_N50_M,Y2023,250,12,0.22314,0.16545,1.30053,-0.13604,10.53064,0.00668,-0.03372,-0.59846,-1.16855,0.41667,0.55556,-0.02915,-0.04359,-0.03372,-0.02781,0.22118,0.26385,12,,V1h,diag,diagnostic
V1_D20_high_N50_M,Y2024,211,10,0.21420,0.13337,1.52259,-0.05892,10.44439,0.00635,0.00020,0.05119,-0.59377,0.40000,0.57143,0.01757,-0.06036,0.00020,-0.03006,0.17646,0.17547,10,,V1h,diag,diagnostic
V1_D20_high_N50_M,Y2025,211,10,0.22761,0.20279,1.11262,-0.14246,6.77357,0.00366,-0.03303,-0.55044,-1.08583,0.40000,0.28571,-0.06996,0.11278,-0.03303,0.02660,0.18733,0.21781,7,,V1h,diag,diagnostic
V1_D20_high_N50_M,Y2026,194,10,0.36805,0.15662,2.08025,-0.08565,10.82518,0.00622,0.08057,0.57158,0.08406,0.70000,0.57143,0.08943,0.06847,0.08057,0.13499,0.27285,0.19760,10,,V1h,diag,diagnostic
V2_S6_N20_W_dropL5_q10,train,1008,48,0.49115,0.39161,1.21861,-0.45121,17.89961,0.01325,-0.04478,-1.96359,-2.37629,0.37500,0.35556,-0.04882,-0.04549,0.28417,0.32583,3.94412,4.88925,208,,V2,cand,fail
V2_S6_N20_W_dropL5_q10,valid,461,22,0.43820,0.31866,1.30045,-0.20850,16.12413,0.01386,-0.02447,-1.01895,-1.71200,0.40909,0.42105,-0.01909,-0.03558,0.18657,0.17593,0.94405,1.03529,96,,V2,cand,fail
V2_S6_N20_W_dropL5_q10,valid2,405,20,1.07732,0.56953,1.56898,-0.36031,17.04301,0.01289,0.03270,0.80127,0.38496,0.55000,0.47059,0.05361,-0.01484,0.64134,0.69848,2.23798,2.09059,84,,V2,cand,fail
V2_S6_N20_W_dropL5_q10,all,1874,90,0.58773,0.42154,1.30887,-0.45121,17.27773,0.01332,-0.02304,-1.40137,-1.70683,0.42222,0.41379,-0.01751,-0.03710,0.33735,0.36949,30.12221,36.04473,388,,V2,cand,fail
V2_S6_N20_W_dropL5_q10,Y2019,252,12,0.67254,0.22944,2.35907,-0.16689,18.15272,0.01389,-0.02085,-0.50847,-2.09048,0.33333,0.22222,0.00038,-0.11985,0.21540,0.24589,0.67254,0.70487,52,,V2,cand,fail
V2_S6_N20_W_dropL5_q10,Y2020,253,12,0.90456,0.49417,1.55746,-0.45121,18.44065,0.01324,-0.03136,-0.59173,-1.02155,0.50000,0.66667,-0.01340,-0.07110,0.48247,0.54903,0.90944,0.97016,52,,V2,cand,fail
V2_S6_N20_W_dropL5_q10,Y2021,252,12,0.10992,0.41610,0.45821,-0.28906,15.63145,0.01156,-0.05612,-1.02365,-1.50961,0.41667,0.55556,-0.08677,0.03012,-0.07464,-0.06938,0.10992,0.17328,52,,V2,cand,fail
V2_S6_N20_W_dropL5_q10,Y2022,251,12,0.39666,0.37729,1.07573,-0.23581,19.37736,0.01431,-0.07096,-2.15692,-2.68787,0.25000,0.33333,-0.12847,-0.03836,0.51358,0.57789,0.39481,0.49440,52,,V2,cand,fail
V2_S6_N20_W_dropL5_q10,Y2023,250,12,0.30891,0.26426,1.15146,-0.20850,16.57230,0.01440,-0.02983,-0.86127,-1.92185,0.33333,0.33333,-0.03286,-0.02316,0.05538,0.06129,0.30611,0.34666,52,,V2,cand,fail
V2_S6_N20_W_dropL5_q10,Y2024,211,10,0.60801,0.37282,1.46151,-0.18094,15.59313,0.01323,-0.01812,-0.51553,-1.16466,0.50000,0.28571,-0.00532,-0.06042,0.34202,0.31176,0.48842,0.51136,44,,V2,cand,fail
V2_S6_N20_W_dropL5_q10,Y2025,211,10,0.65213,0.54246,1.19662,-0.26137,17.23242,0.01548,0.04063,1.10322,0.46128,0.60000,0.42857,0.03674,0.07008,0.39045,0.45009,0.52254,0.47342,44,,V2,cand,fail
V2_S6_N20_W_dropL5_q10,Y2026,194,10,1.66489,0.59713,1.94173,-0.36031,16.83700,0.01006,0.02407,0.30328,-0.22954,0.50000,0.28571,0.07611,-0.05731,0.91422,0.96864,1.12670,1.09755,40,,V2,cand,fail
V2_S6_N20_M_dropL5_q10,train,1008,48,0.55531,0.39144,1.32680,-0.40652,7.07424,0.00539,-0.03843,-1.88779,-2.25400,0.39583,0.40000,-0.05073,-0.02063,0.32632,0.36797,4.85154,5.79968,48,,V2,cand,fail
V2_S6_N20_M_dropL5_q10,valid,461,22,0.42469,0.31325,1.28716,-0.21466,6.85630,0.00607,-0.01440,-0.69300,-1.04784,0.59091,0.57895,-0.03329,0.03648,0.17537,0.16472,0.91077,0.95623,22,,V2,cand,fail
V2_S6_N20_M_dropL5_q10,valid2,405,20,1.09595,0.56319,1.59634,-0.31966,7.45384,0.00543,0.03321,0.89778,0.44715,0.60000,0.58824,0.06065,-0.00815,0.64680,0.70394,2.28476,2.12410,20,,V2,cand,fail
V2_S6_N20_M_dropL5_q10,all,1874,90,0.62348,0.41860,1.36845,-0.40652,7.10266,0.00557,-0.01704,-0.99607,-1.38540,0.48889,0.49425,-0.02059,-0.00623,0.35845,0.39058,35.72678,40.55604,90,,V2,cand,fail
V2_S6_N20_M_dropL5_q10,Y2019,252,12,0.65062,0.23816,2.22577,-0.16407,6.94795,0.00546,-0.02380,-0.55610,-1.35765,0.50000,0.55556,0.00463,-0.16492,0.20422,0.23471,0.65062,0.68854,12,,V2,cand,fail
V2_S6_N20_M_dropL5_q10,Y2020,253,12,1.50305,0.49151,2.12030,-0.40652,7.49883,0.00601,-0.01639,-0.79638,-1.15792,0.33333,0.44444,-0.05386,0.01955,0.75498,0.82153,1.51218,1.55420,12,,V2,cand,fail
V2_S6_N20_M_dropL5_q10,Y2021,252,12,0.16722,0.40556,0.58427,-0.32687,7.00368,0.00501,-0.09126,-1.32823,-1.43540,0.25000,0.33333,-0.09825,-0.05348,-0.02835,-0.02309,0.16722,0.27499,12,,V2,cand,fail
V2_S6_N20_M_dropL5_q10,Y2022,251,12,0.20989,0.38483,0.68907,-0.20459,6.84389,0.00509,-0.02230,-1.20647,-1.51989,0.50000,0.55556,-0.07153,0.00598,0.37290,0.43721,0.20897,0.23656,12,,V2,cand,fail
V2_S6_N20_M_dropL5_q10,Y2023,250,12,0.28535,0.25681,1.10658,-0.21466,6.66893,0.00617,-0.01637,-0.47144,-0.82167,0.58333,0.55556,-0.05311,0.05340,0.03528,0.04118,0.28279,0.30158,12,,V2,cand,fail
V2_S6_N20_M_dropL5_q10,Y2024,211,10,0.60945,0.36892,1.47518,-0.20852,7.07830,0.00595,-0.01205,-0.91861,-1.19803,0.60000,0.57143,-0.01346,0.00264,0.34135,0.31110,0.48954,0.50297,10,,V2,cand,fail
V2_S6_N20_M_dropL5_q10,Y2025,211,10,0.70266,0.54866,1.24306,-0.25021,7.57087,0.00633,0.03520,0.52972,-0.01510,0.80000,0.85714,0.06188,-0.05531,0.42335,0.48299,0.56144,0.52001,10,,V2,cand,fail
V2_S6_N20_M_dropL5_q10,Y2026,194,10,1.62749,0.57821,1.96308,-0.31966,7.32656,0.00446,0.03105,0.74443,-0.10906,0.40000,0.42857,0.05902,0.01543,0.88983,0.94425,1.10368,1.05532,10,,V2,cand,fail
V2_S6_N20_W_dropL5_q20,train,1008,48,0.47531,0.38820,1.19811,-0.46088,19.70809,0.01439,-0.05690,-2.08259,-2.45282,0.39583,0.37778,-0.05055,-0.07385,0.27206,0.31371,3.73730,4.88925,208,,V2,cand,fail
V2_S6_N20_W_dropL5_q20,valid,461,22,0.47026,0.31221,1.39157,-0.19389,17.72257,0.01520,-0.00441,-0.05456,-0.51510,0.59091,0.57895,-0.02261,0.05041,0.20664,0.19599,1.02407,1.03529,96,,V2,cand,fail
V2_S6_N20_W_dropL5_q20,valid2,405,20,1.14821,0.57587,1.61654,-0.36695,17.92369,0.01368,0.07004,1.09585,0.71803,0.55000,0.52941,0.07129,0.07557,0.67869,0.73582,2.41740,2.09059,84,,V2,cand,fail
V2_S6_N20_W_dropL5_q20,all,1874,90,0.59877,0.42055,1.32741,-0.46088,18.83402,0.01444,-0.01655,-0.64650,-0.94430,0.47778,0.47126,-0.01526,-0.01723,0.34384,0.37598,31.76818,36.04473,388,,V2,cand,fail
V2_S6_N20_W_dropL5_q20,Y2019,252,12,0.54665,0.22490,2.05351,-0.18621,20.11437,0.01497,-0.10027,-1.73463,-2.15473,0.33333,0.22222,-0.04919,-0.35451,0.13597,0.16646,0.54665,0.70487,52,,V2,cand,fail
V2_S6_N20_W_dropL5_q20,Y2020,253,12,0.81561,0.48973,1.46896,-0.46088,20.22236,0.01430,-0.08162,-1.22586,-1.51222,0.50000,0.55556,-0.03924,-0.14001,0.43222,0.49877,0.81992,0.97016,52,,V2,cand,fail
V2_S6_N20_W_dropL5_q20,Y2021,252,12,0.17756,0.41429,0.60076,-0.26172,18.35022,0.01359,0.00211,-0.05738,-0.54745,0.41667,0.55556,-0.01107,0.02192,-0.01641,-0.01115,0.17756,0.17328,52,,V2,cand,fail
V2_S6_N20_W_dropL5_q20,Y2022,251,12,0.43128,0.37402,1.14739,-0.24614,20.14511,0.01470,-0.04768,-0.93402,-1.93144,0.33333,0.33333,-0.14012,0.01255,0.53686,0.60117,0.42925,0.49440,52,,V2,cand,fail
V2_S6_N20_W_dropL5_q20,Y2023,250,12,0.33623,0.26248,1.23625,-0.19389,18.44359,0.01603,-0.00962,-0.11319,-0.64891,0.58333,0.55556,-0.03459,0.04118,0.07559,0.08150,0.33316,0.34666,52,,V2,cand,fail
V2_S6_N20_W_dropL5_q20,Y2024,211,10,0.64657,0.36224,1.55911,-0.17675,16.86828,0.01422,0.00177,0.10495,-0.55545,0.60000,0.57143,-0.01063,0.06888,0.36191,0.33165,0.51825,0.51136,44,,V2,cand,fail
V2_S6_N20_W_dropL5_q20,Y2025,211,10,0.64561,0.54318,1.18861,-0.27867,18.69721,0.01655,0.03715,0.41201,-0.05734,0.50000,0.42857,0.04060,0.03209,0.38697,0.44661,0.51751,0.47342,44,,V2,cand,fail
V2_S6_N20_W_dropL5_q20,Y2026,194,10,1.87058,0.60884,2.03864,-0.36695,17.08239,0.01057,0.10582,1.09865,0.59107,0.60000,0.57143,0.11220,0.09731,0.99596,1.05038,1.25197,1.09755,40,,V2,cand,fail
V2_S6_N20_M_dropL5_q20,train,1008,48,0.53091,0.38304,1.30596,-0.40126,7.24735,0.00533,-0.05756,-1.75977,-2.03206,0.47917,0.48889,-0.06022,-0.05613,0.30719,0.34884,4.49287,5.79968,48,,V2,cand,fail
V2_S6_N20_M_dropL5_q20,valid,461,22,0.29259,0.29629,1.01498,-0.21245,7.05517,0.00608,-0.11687,-1.65875,-1.84074,0.22727,0.26316,-0.18390,0.02920,0.07290,0.06225,0.59920,0.95623,22,,V2,cand,fail
V2_S6_N20_M_dropL5_q20,valid2,405,20,1.10513,0.57713,1.57909,-0.33046,7.57138,0.00557,0.04552,0.61328,0.26707,0.55000,0.58824,0.08285,-0.04624,0.65911,0.71625,2.30792,2.12410,20,,V2,cand,fail
V2_S6_N20_M_dropL5_q20,all,1874,90,0.57314,0.41554,1.29952,-0.40126,7.27010,0.00557,-0.04987,-1.71478,-1.94900,0.43333,0.43678,-0.05982,-0.03643,0.32561,0.35774,28.05739,40.55604,90,,V2,cand,fail
V2_S6_N20_M_dropL5_q20,Y2019,252,12,0.54918,0.23306,1.99654,-0.17676,7.03655,0.00499,-0.08857,-1.30322,-2.05582,0.41667,0.44444,-0.04102,-0.33094,0.13945,0.16994,0.54918,0.68854,12,,V2,cand,fail
V2_S6_N20_M_dropL5_q20,Y2020,253,12,1.33870,0.48506,2.00133,-0.40126,7.74708,0.00587,-0.08779,-1.21297,-1.47101,0.50000,0.55556,-0.17169,-0.00169,0.68358,0.75014,1.34660,1.55420,12,,V2,cand,fail
V2_S6_N20_M_dropL5_q20,Y2021,252,12,0.23693,0.39905,0.73277,-0.32332,7.19126,0.00524,-0.03581,-0.35044,-0.66267,0.58333,0.66667,0.02451,-0.17711,0.02711,0.03237,0.23693,0.27499,12,,V2,cand,fail
V2_S6_N20_M_dropL5_q20,Y2022,251,12,0.22254,0.36929,0.73026,-0.19013,7.01160,0.00523,-0.01780,-0.49021,-1.38605,0.41667,0.44444,-0.09506,0.03536,0.37740,0.44171,0.22156,0.23656,12,,V2,cand,fail
V2_S6_N20_M_dropL5_q20,Y2023,250,12,0.15850,0.25162,0.71086,-0.21150,6.97603,0.00640,-0.12169,-1.76423,-2.12120,0.08333,0.11111,-0.19789,0.01431,-0.07003,-0.06413,0.15715,0.30158,12,,V2,cand,fail
V2_S6_N20_M_dropL5_q20,Y2024,211,10,0.47169,0.34152,1.30334,-0.21245,7.14894,0.00569,-0.11116,-0.83888,-1.02466,0.40000,0.28571,-0.16992,0.05897,0.24224,0.21199,0.38202,0.50297,10,,V2,cand,fail
V2_S6_N20_M_dropL5_q20,Y2025,211,10,0.57366,0.55364,1.09365,-0.25005,7.68971,0.00644,-0.04132,-0.68408,-1.82949,0.40000,0.42857,-0.04429,-0.06532,0.34683,0.40647,0.46175,0.52001,10,,V2,cand,fail
V2_S6_N20_M_dropL5_q20,Y2026,194,10,1.88881,0.60094,2.07008,-0.33046,7.44267,0.00462,0.13997,1.11928,0.73431,0.70000,0.71429,0.25237,-0.03670,0.99875,1.05317,1.26298,1.05532,10,,V2,cand,fail
V2_S6_N20_W_dropL5_q30,train,1008,48,0.48292,0.37953,1.23031,-0.45048,21.75660,0.01564,-0.05506,-1.20944,-1.54882,0.43750,0.44444,-0.05427,-0.06227,0.27389,0.31555,3.83578,4.88925,208,,V2,cand,fail
V2_S6_N20_W_dropL5_q30,valid,461,22,0.42748,0.30321,1.32634,-0.19210,19.60695,0.01632,-0.03671,-0.66968,-0.96826,0.45455,0.36842,-0.07253,0.04670,0.17433,0.16369,0.91763,1.03529,96,,V2,cand,fail
V2_S6_N20_W_dropL5_q30,valid2,405,20,1.12746,0.56735,1.61492,-0.36269,19.08799,0.01475,0.05534,0.48740,0.09187,0.50000,0.47059,0.06091,-0.00243,0.66399,0.72113,2.36451,2.09059,84,,V2,cand,fail
V2_S6_N20_W_dropL5_q30,all,1874,90,0.58826,0.41208,1.33009,-0.45048,20.65107,0.01562,-0.02669,-0.89191,-1.14594,0.45556,0.45977,-0.03263,-0.02734,0.33371,0.36584,30.19988,36.04473,388,,V2,cand,fail
V2_S6_N20_W_dropL5_q30,Y2019,252,12,0.46100,0.22007,1.83452,-0.18185,22.66830,0.01623,-0.15839,-1.73731,-2.07271,0.25000,0.22222,-0.12643,-0.34556,0.07786,0.10835,0.46100,0.70487,52,,V2,cand,fail
V2_S6_N20_W_dropL5_q30,Y2020,253,12,0.85266,0.48085,1.52890,-0.45048,22.09060,0.01529,-0.06584,-0.72783,-1.56163,0.33333,0.33333,-0.16346,0.05365,0.44800,0.51456,0.85720,0.97016,52,,V2,cand,fail
V2_S6_N20_W_dropL5_q30,Y2021,252,12,0.27617,0.39936,0.80994,-0.22929,20.57120,0.01506,0.07668,1.06103,0.65694,0.66667,0.66667,0.21211,-0.29095,0.05816,0.06342,0.27617,0.17328,52,,V2,cand,fail
V2_S6_N20_W_dropL5_q30,Y2022,251,12,0.39838,0.36913,1.09470,-0.25208,21.69474,0.01599,-0.07273,-0.80165,-1.22845,0.50000,0.55556,-0.23659,0.03388,0.51181,0.57612,0.39652,0.49440,52,,V2,cand,fail
V2_S6_N20_W_dropL5_q30,Y2023,250,12,0.37059,0.25907,1.34730,-0.19210,20.48596,0.01726,0.01493,0.15979,-0.22096,0.50000,0.33333,-0.01550,0.06776,0.10014,0.10605,0.36717,0.34666,52,,V2,cand,fail
V2_S6_N20_W_dropL5_q30,Y2024,211,10,0.49795,0.34831,1.33532,-0.18672,18.56548,0.01521,-0.09790,-1.08859,-1.41921,0.40000,0.42857,-0.12956,0.00458,0.26224,0.23198,0.40263,0.51136,44,,V2,cand,fail
V2_S6_N20_W_dropL5_q30,Y2025,211,10,0.70676,0.52912,1.27450,-0.25004,19.91739,0.01787,0.06589,0.48176,0.06578,0.50000,0.42857,0.02860,0.15758,0.41571,0.47535,0.56458,0.47342,44,,V2,cand,fail
V2_S6_N20_W_dropL5_q30,Y2026,194,10,1.70357,0.60575,1.94678,-0.36269,18.18591,0.01135,0.04388,0.21672,-0.34768,0.50000,0.42857,0.10399,-0.08243,0.93402,0.98844,1.15042,1.09755,40,,V2,cand,fail
V2_S6_N20_M_dropL5_q30,train,1008,48,0.48049,0.37078,1.24607,-0.40731,7.56534,0.00544,-0.09577,-1.77121,-2.01186,0.43750,0.44444,-0.11578,-0.09328,0.26897,0.31063,3.80420,5.79968,48,,V2,cand,fail
V2_S6_N20_M_dropL5_q30,valid,461,22,0.32343,0.29193,1.10658,-0.20622,7.36664,0.00645,-0.09455,-1.42925,-1.76763,0.36364,0.36842,-0.19210,0.13549,0.09522,0.08457,0.66968,0.95623,22,,V2,cand,fail
V2_S6_N20_M_dropL5_q30,valid2,405,20,1.07186,0.57506,1.55487,-0.32680,7.94140,0.00583,0.02832,0.28436,-0.08571,0.60000,0.64706,0.01768,0.01652,0.64191,0.69905,2.22431,2.12410,20,,V2,cand,fail
V2_S6_N20_M_dropL5_q30,all,1874,90,0.54870,0.40810,1.27719,-0.40731,7.59773,0.00577,-0.06865,-2.00217,-2.19219,0.45556,0.45977,-0.10517,-0.02323,0.30683,0.33896,24.86367,40.55604,90,,V2,cand,fail
V2_S6_N20_M_dropL5_q30,Y2019,252,12,0.52951,0.22267,2.02145,-0.15437,7.19401,0.00493,-0.10377,-1.01900,-1.65808,0.33333,0.33333,-0.03762,-0.45285,0.12425,0.15474,0.52951,0.68854,12,,V2,cand,fail
V2_S6_N20_M_dropL5_q30,Y2020,253,12,1.09907,0.46156,1.84356,-0.40731,8.01119,0.00587,-0.20763,-1.31962,-1.66336,0.41667,0.44444,-0.41267,-0.04856,0.56374,0.63030,1.10525,1.55420,12,,V2,cand,fail
V2_S6_N20_M_dropL5_q30,Y2021,252,12,0.23842,0.38619,0.74745,-0.32200,7.73577,0.00552,-0.03956,-0.36194,-0.70847,0.58333,0.66667,0.02929,-0.19942,0.02336,0.02862,0.23842,0.27499,12,,V2,cand,fail
V2_S6_N20_M_dropL5_q30,Y2022,251,12,0.20565,0.37009,0.69184,-0.18864,7.31765,0.00544,-0.03144,-0.55551,-1.34682,0.41667,0.44444,-0.11757,0.02301,0.36376,0.42807,0.20475,0.23656,12,,V2,cand,fail
V2_S6_N20_M_dropL5_q30,Y2023,250,12,0.18551,0.25411,0.79717,-0.18715,7.65142,0.00712,-0.09798,-1.23025,-1.54612,0.33333,0.33333,-0.20904,0.09991,-0.04633,-0.04043,0.18391,0.30158,12,,V2,cand,fail
V2_S6_N20_M_dropL5_q30,Y2024,211,10,0.50775,0.33098,1.40733,-0.20622,7.02922,0.00567,-0.09048,-0.79022,-1.21173,0.40000,0.42857,-0.17516,0.20665,0.26293,0.23267,0.41031,0.50297,10,,V2,cand,fail
V2_S6_N20_M_dropL5_q30,Y2025,211,10,0.52628,0.53913,1.05140,-0.24362,7.91372,0.00651,-0.07997,-1.36344,-2.04832,0.30000,0.28571,-0.11406,-0.03611,0.30818,0.36782,0.42481,0.52001,10,,V2,cand,fail
V2_S6_N20_M_dropL5_q30,Y2026,194,10,1.88880,0.61096,2.04618,-0.32680,7.97149,0.00509,0.14610,1.53790,1.11095,0.90000,0.85714,0.19334,0.04283,1.00488,1.05930,1.26297,1.05532,10,,V2,cand,fail
V2_S6_N20_W_dropL20_q10,train,1008,48,0.53082,0.39024,1.28854,-0.43649,17.06856,0.01273,-0.01917,-1.15977,-1.39819,0.47917,0.48889,-0.02106,-0.02306,0.30979,0.35144,4.49164,4.88925,208,,V2,cand,fail
V2_S6_N20_W_dropL20_q10,valid,461,22,0.45090,0.31612,1.33623,-0.19746,15.14582,0.01311,-0.01647,-0.64170,-1.16205,0.54545,0.63158,-0.01628,-0.01542,0.19458,0.18393,0.97557,1.03529,96,,V2,cand,fail
V2_S6_N20_W_dropL20_q10,valid2,405,20,0.99154,0.57162,1.49151,-0.35223,16.43940,0.01250,-0.00830,-0.18896,-0.85890,0.55000,0.58824,0.01782,-0.06554,0.60034,0.65748,2.02579,2.09059,84,,V2,cand,fail
V2_S6_N20_W_dropL20_q10,all,1874,90,0.59916,0.42096,1.32704,-0.43649,16.45960,0.01277,-0.01616,-1.19836,-1.59505,0.51111,0.51724,-0.01088,-0.03027,0.34424,0.37637,31.82720,36.04473,388,,V2,cand,fail
V2_S6_N20_W_dropL20_q10,Y2019,252,12,0.71385,0.23005,2.45968,-0.14942,17.01657,0.01334,0.00374,0.05727,-0.42478,0.41667,0.44444,0.01223,-0.04918,0.23998,0.27047,0.71385,0.70487,52,,V2,cand,fail
V2_S6_N20_W_dropL20_q10,Y2020,253,12,0.93203,0.48598,1.60378,-0.43649,17.97362,0.01270,-0.02161,-0.59689,-0.94235,0.58333,0.66667,-0.05797,0.01447,0.49223,0.55879,0.93708,0.97016,52,,V2,cand,fail
V2_S6_N20_W_dropL20_q10,Y2021,252,12,0.16738,0.41588,0.57957,-0.26934,15.01943,0.01127,-0.00575,-0.20679,-0.64568,0.50000,0.66667,-0.00655,-0.00849,-0.02427,-0.01901,0.16738,0.17328,52,,V2,cand,fail
V2_S6_N20_W_dropL20_q10,Y2022,251,12,0.41897,0.38224,1.10830,-0.24426,18.26578,0.01362,-0.05318,-1.49587,-2.07292,0.41667,0.44444,-0.06207,-0.04865,0.53136,0.59567,0.41700,0.49440,52,,V2,cand,fail
V2_S6_N20_W_dropL20_q10,Y2023,250,12,0.32060,0.26163,1.19446,-0.19746,14.95266,0.01287,-0.02160,-0.50831,-1.09164,0.50000,0.66667,-0.02164,-0.02139,0.06361,0.06951,0.31768,0.34666,52,,V2,cand,fail
V2_S6_N20_W_dropL20_q10,Y2024,211,10,0.62203,0.37028,1.49244,-0.17863,15.37468,0.01338,-0.01039,-0.39761,-0.72046,0.60000,0.57143,-0.01092,-0.00349,0.34975,0.31950,0.49928,0.51136,44,,V2,cand,fail
V2_S6_N20_W_dropL20_q10,Y2025,211,10,0.57389,0.54644,1.10316,-0.27726,17.01635,0.01510,-0.00568,-0.14038,-0.54180,0.60000,0.71429,0.03858,-0.18468,0.34415,0.40379,0.46193,0.47342,44,,V2,cand,fail
V2_S6_N20_W_dropL20_q10,Y2026,194,10,1.57253,0.59734,1.88208,-0.35223,15.81189,0.00966,-0.01116,-0.12756,-1.01920,0.50000,0.57143,-0.00986,-0.00598,0.87899,0.93341,1.06972,1.09755,40,,V2,cand,fail
V2_S6_N20_M_dropL20_q10,train,1008,48,0.58251,0.39427,1.36402,-0.40656,7.04027,0.00527,-0.02000,-1.20686,-1.86494,0.45833,0.46667,-0.02594,-0.01726,0.34475,0.38640,5.27170,5.79968,48,,V2,cand,near
V2_S6_N20_M_dropL20_q10,valid,461,22,0.44526,0.31739,1.31971,-0.21450,6.76875,0.00604,0.00127,0.14287,-0.32955,0.63636,0.68421,0.00637,-0.01078,0.19104,0.18039,0.96154,0.95623,22,,V2,cand,near
V2_S6_N20_M_dropL20_q10,valid2,405,20,1.14334,0.56179,1.63886,-0.31966,7.54886,0.00539,0.05487,1.95933,1.62380,0.50000,0.52941,0.08892,0.00074,0.66846,0.72560,2.40495,2.12410,20,,V2,cand,near
V2_S6_N20_M_dropL20_q10,all,1874,90,0.65244,0.42040,1.40651,-0.40656,7.08339,0.00548,0.00141,0.16077,-0.23489,0.51111,0.51724,0.00889,-0.01220,0.37689,0.40903,40.88849,40.55604,90,,V2,cand,near
V2_S6_N20_M_dropL20_q10,Y2019,252,12,0.66635,0.24094,2.24228,-0.17776,6.56087,0.00508,-0.01364,-0.29462,-1.88347,0.33333,0.33333,0.01826,-0.17027,0.21438,0.24487,0.66635,0.68854,12,,V2,cand,near
V2_S6_N20_M_dropL20_q10,Y2020,253,12,1.44230,0.49273,2.06608,-0.40656,7.70820,0.00584,-0.04053,-1.19538,-1.49235,0.50000,0.55556,-0.09001,0.01291,0.73084,0.79739,1.45097,1.55420,12,,V2,cand,near
V2_S6_N20_M_dropL20_q10,Y2021,252,12,0.26838,0.41383,0.78150,-0.30130,7.10695,0.00509,-0.00481,-0.12324,-0.49808,0.50000,0.55556,0.00995,-0.04692,0.05810,0.06337,0.26838,0.27499,12,,V2,cand,near
V2_S6_N20_M_dropL20_q10,Y2022,251,12,0.21161,0.38465,0.69293,-0.19039,6.78139,0.00505,-0.02094,-0.74849,-1.37595,0.50000,0.55556,-0.08928,0.01761,0.37426,0.43857,0.21069,0.23656,12,,V2,cand,near
V2_S6_N20_M_dropL20_q10,Y2023,250,12,0.30549,0.26329,1.14479,-0.21450,6.54264,0.00611,0.00087,0.00260,-0.44643,0.58333,0.66667,0.00593,-0.01172,0.05252,0.05842,0.30273,0.30158,12,,V2,cand,near
V2_S6_N20_M_dropL20_q10,Y2024,211,10,0.63035,0.37124,1.50314,-0.20983,7.03664,0.00595,0.00175,0.26933,-1.30139,0.70000,0.57143,0.00681,-0.00891,0.35516,0.32490,0.50571,0.50297,10,,V2,cand,near
V2_S6_N20_M_dropL20_q10,Y2025,211,10,0.78625,0.54629,1.33398,-0.24722,7.74167,0.00633,0.08193,2.28906,1.93807,0.60000,0.71429,0.11201,-0.00101,0.47008,0.52972,0.62537,0.52001,10,,V2,cand,near
V2_S6_N20_M_dropL20_q10,Y2026,194,10,1.61322,0.57788,1.95448,-0.31966,7.33916,0.00437,0.02543,0.69615,-0.37718,0.40000,0.57143,0.05814,0.00162,0.88422,0.93864,1.09488,1.05532,10,,V2,cand,near
V2_S6_N20_W_dropL20_q20,train,1008,48,0.53562,0.38479,1.30945,-0.43447,17.52498,0.01293,-0.01814,-0.55160,-0.92763,0.45833,0.46667,-0.02208,-0.01576,0.31081,0.35247,4.56080,4.88925,208,,V2,cand,fail
V2_S6_N20_W_dropL20_q20,valid,461,22,0.38979,0.31432,1.20510,-0.19395,15.82503,0.01404,-0.06009,-1.54306,-2.21764,0.18182,0.15789,-0.08855,0.00763,0.15095,0.14030,0.82603,1.03529,96,,V2,cand,fail
V2_S6_N20_W_dropL20_q20,valid2,405,20,1.07153,0.57812,1.54957,-0.35779,16.60743,0.01296,0.03495,0.47840,-0.20495,0.65000,0.64706,0.03411,0.02517,0.64360,0.70074,2.22348,2.09059,84,,V2,cand,fail
V2_S6_N20_W_dropL20_q20,all,1874,90,0.59853,0.41989,1.32844,-0.43447,16.90850,0.01321,-0.01699,-0.72493,-1.16439,0.43333,0.43678,-0.02662,-0.00245,0.34341,0.37554,31.73173,36.04473,388,,V2,cand,fail
V2_S6_N20_W_dropL20_q20,Y2019,252,12,0.65094,0.22654,2.32884,-0.16867,17.34178,0.01293,-0.03453,-0.45230,-1.54951,0.33333,0.33333,0.02726,-0.33711,0.20172,0.23221,0.65094,0.70487,52,,V2,cand,fail
V2_S6_N20_W_dropL20_q20,Y2020,253,12,0.85623,0.48069,1.53291,-0.43447,18.08614,0.01266,-0.06417,-0.65669,-1.20266,0.50000,0.55556,-0.11780,-0.00118,0.44967,0.51622,0.86079,0.97016,52,,V2,cand,fail
V2_S6_N20_W_dropL20_q20,Y2021,252,12,0.21342,0.41060,0.67579,-0.25273,15.45073,0.01178,0.03070,1.03599,0.48544,0.58333,0.55556,0.04330,-0.00562,0.01218,0.01744,0.21342,0.17328,52,,V2,cand,fail
V2_S6_N20_W_dropL20_q20,Y2022,251,12,0.49414,0.37483,1.26055,-0.24778,19.22578,0.01436,-0.00433,-0.12039,-0.72864,0.41667,0.44444,-0.10441,0.06130,0.58021,0.64452,0.49176,0.49440,52,,V2,cand,fail
V2_S6_N20_W_dropL20_q20,Y2023,250,12,0.26080,0.25944,1.02365,-0.19395,16.05192,0.01432,-0.06853,-1.17201,-2.01375,0.25000,0.22222,-0.13075,0.03273,0.01668,0.02258,0.25848,0.34666,52,,V2,cand,fail
V2_S6_N20_W_dropL20_q20,Y2024,211,10,0.55981,0.36874,1.39099,-0.18157,15.55620,0.01372,-0.05010,-0.99335,-3.50535,0.10000,0.00000,-0.04635,-0.04258,0.31004,0.27978,0.45097,0.51136,44,,V2,cand,fail
V2_S6_N20_W_dropL20_q20,Y2025,211,10,0.52696,0.54569,1.04848,-0.28290,17.00897,0.01557,-0.03634,-0.49724,-0.74050,0.60000,0.57143,0.03564,-0.34323,0.31349,0.37312,0.42534,0.47342,44,,V2,cand,fail
V2_S6_N20_W_dropL20_q20,Y2026,194,10,1.88644,0.61067,2.04348,-0.35779,16.17070,0.01013,0.11249,1.00179,0.30812,0.70000,0.71429,0.03208,0.20938,1.00264,1.05706,1.26155,1.09755,40,,V2,cand,fail
V2_S6_N20_M_dropL20_q20,train,1008,48,0.56971,0.39104,1.35103,-0.39647,7.15766,0.00537,-0.02949,-1.02111,-1.40575,0.43750,0.44444,-0.02779,-0.04121,0.33526,0.37692,5.07124,5.79968,48,,V2,cand,fail
V2_S6_N20_M_dropL20_q20,valid,461,22,0.33255,0.31073,1.07970,-0.21164,6.99250,0.00627,-0.08210,-2.09635,-2.44512,0.36364,0.42105,-0.13963,0.04632,0.10767,0.09702,0.69080,0.95623,22,,V2,cand,fail
V2_S6_N20_M_dropL20_q20,valid2,405,20,1.20239,0.57670,1.65852,-0.34527,7.64002,0.00562,0.09064,2.02029,1.66943,0.60000,0.64706,0.06187,0.17035,0.70423,0.76137,2.55697,2.12410,20,,V2,cand,fail
V2_S6_N20_M_dropL20_q20,all,1874,90,0.62220,0.42198,1.35887,-0.39647,7.22128,0.00564,-0.01647,-0.77929,-1.04270,0.45556,0.45977,-0.03655,0.02067,0.35901,0.39115,35.51324,40.55604,90,,V2,cand,fail
V2_S6_N20_M_dropL20_q20,Y2019,252,12,0.53015,0.23912,1.90019,-0.18105,6.93241,0.00501,-0.09950,-1.37893,-1.91347,0.41667,0.44444,-0.05219,-0.35387,0.12852,0.15901,0.53015,0.68854,12,,V2,cand,fail
V2_S6_N20_M_dropL20_q20,Y2020,253,12,1.41726,0.48655,2.06406,-0.39647,7.84076,0.00598,-0.05429,-0.75458,-1.49954,0.41667,0.44444,-0.11168,0.01428,0.71708,0.78364,1.42574,1.55420,12,,V2,cand,fail
V2_S6_N20_M_dropL20_q20,Y2021,252,12,0.30916,0.41197,0.86014,-0.29580,7.01716,0.00527,0.02614,0.57592,0.02291,0.50000,0.66667,0.08836,-0.15830,0.08906,0.09432,0.30916,0.27499,12,,V2,cand,fail
V2_S6_N20_M_dropL20_q20,Y2022,251,12,0.25052,0.38263,0.77731,-0.19013,6.83631,0.00522,0.00994,0.09453,-1.18492,0.41667,0.44444,-0.07062,0.05867,0.40514,0.46946,0.24942,0.23656,12,,V2,cand,fail
V2_S6_N20_M_dropL20_q20,Y2023,250,12,0.16955,0.25469,0.74274,-0.21009,6.79873,0.00662,-0.11138,-1.71390,-2.14377,0.33333,0.44444,-0.20672,0.05358,-0.05973,-0.05382,0.16810,0.30158,12,,V2,cand,fail
V2_S6_N20_M_dropL20_q20,Y2024,211,10,0.55532,0.36590,1.39076,-0.21164,7.22209,0.00585,-0.04740,-1.22893,-1.50867,0.40000,0.42857,-0.07254,0.03182,0.30601,0.27575,0.44748,0.50297,10,,V2,cand,fail
V2_S6_N20_M_dropL20_q20,Y2025,211,10,0.65589,0.54690,1.19414,-0.25147,7.71334,0.00644,0.00626,0.06736,-0.46099,0.40000,0.42857,0.04245,-0.15566,0.39442,0.45406,0.52544,0.52001,10,,V2,cand,fail
V2_S6_N20_M_dropL20_q20,Y2026,194,10,2.00339,0.60677,2.12015,-0.34527,7.56026,0.00472,0.18241,2.48655,2.03900,0.80000,0.71429,0.08776,0.33335,1.04120,1.09561,1.33177,1.05532,10,,V2,cand,fail
V2_S6_N20_W_dropL20_q30,train,1008,48,0.52608,0.37664,1.31291,-0.43490,18.09911,0.01321,-0.02750,-0.48813,-0.85790,0.43750,0.44444,-0.01826,-0.03737,0.30145,0.34311,4.42381,4.88925,208,,V2,cand,fail
V2_S6_N20_W_dropL20_q30,valid,461,22,0.37220,0.29994,1.20559,-0.21569,15.76755,0.01344,-0.07726,-1.63500,-2.36951,0.36364,0.36842,-0.08665,-0.05575,0.13378,0.12313,0.78396,1.03529,96,,V2,cand,fail
V2_S6_N20_W_dropL20_q30,valid2,405,20,1.16396,0.57414,1.63259,-0.35616,16.95666,0.01296,0.07646,0.88998,0.50118,0.60000,0.58824,0.12245,-0.05718,0.68510,0.74224,2.45774,2.09059,84,,V2,cand,fail
V2_S6_N20_W_dropL20_q30,all,1874,90,0.60324,0.41212,1.35278,-0.43490,17.27865,0.01321,-0.01728,-0.50108,-0.78279,0.45556,0.45977,-0.00390,-0.04527,0.34312,0.37525,32.45658,36.04473,388,,V2,cand,fail
V2_S6_N20_W_dropL20_q30,Y2019,252,12,0.54154,0.21727,2.10257,-0.15054,17.76101,0.01282,-0.10529,-1.38522,-1.94197,0.33333,0.33333,-0.08418,-0.24939,0.13096,0.16145,0.54154,0.70487,52,,V2,cand,fail
V2_S6_N20_W_dropL20_q30,Y2020,253,12,1.05454,0.47194,1.76789,-0.43490,18.64706,0.01291,0.03333,0.37651,-0.07348,0.50000,0.55556,0.04924,0.05440,0.54717,0.61372,1.06042,0.97016,52,,V2,cand,fail
V2_S6_N20_W_dropL20_q30,Y2021,252,12,0.16655,0.40031,0.58455,-0.22423,16.57980,0.01263,-0.01278,-0.09306,-1.13746,0.41667,0.44444,0.09312,-0.31567,-0.03130,-0.02603,0.16655,0.17328,52,,V2,cand,fail
V2_S6_N20_W_dropL20_q30,Y2022,251,12,0.46606,0.36901,1.22302,-0.24683,19.41159,0.01449,-0.02551,-0.32291,-1.17057,0.50000,0.55556,-0.18141,0.07693,0.55903,0.62334,0.46383,0.49440,52,,V2,cand,fail
V2_S6_N20_W_dropL20_q30,Y2023,250,12,0.23300,0.25646,0.94538,-0.21569,15.96350,0.01407,-0.09166,-1.38607,-1.98108,0.33333,0.33333,-0.09620,-0.07998,-0.00645,-0.00054,0.23095,0.34666,52,,V2,cand,fail
V2_S6_N20_W_dropL20_q30,Y2024,211,10,0.55760,0.34422,1.46067,-0.18031,15.53538,0.01270,-0.06021,-0.85836,-2.15863,0.40000,0.42857,-0.07709,-0.00729,0.29993,0.26967,0.44925,0.51136,44,,V2,cand,fail
V2_S6_N20_W_dropL20_q30,Y2025,211,10,0.64564,0.53736,1.19577,-0.26185,17.28549,0.01536,0.03408,0.25574,-0.34686,0.50000,0.42857,0.09290,-0.21459,0.38390,0.44354,0.51753,0.47342,44,,V2,cand,fail
V2_S6_N20_W_dropL20_q30,Y2026,194,10,1.91462,0.61100,2.05883,-0.35616,16.59901,0.01035,0.12255,1.07486,0.63969,0.70000,0.71429,0.16184,0.02153,1.01269,1.06711,1.27853,1.09755,40,,V2,cand,fail
V2_S6_N20_M_dropL20_q30,train,1008,48,0.47504,0.37377,1.22902,-0.38273,7.27941,0.00541,-0.09843,-1.79326,-2.01778,0.45833,0.46667,-0.12568,-0.08792,0.26632,0.30798,3.73380,5.79968,48,,V2,cand,fail
V2_S6_N20_M_dropL20_q30,valid,461,22,0.34990,0.29806,1.15621,-0.21348,7.10461,0.00640,-0.07298,-1.10713,-1.43860,0.50000,0.52632,-0.14239,0.08365,0.11679,0.10614,0.73128,0.95623,22,,V2,cand,fail
V2_S6_N20_M_dropL20_q30,valid2,405,20,1.14923,0.57886,1.61240,-0.33630,7.62808,0.00567,0.06753,1.27473,0.91617,0.55000,0.64706,0.09047,0.00391,0.68112,0.73826,2.41999,2.12410,20,,V2,cand,fail
V2_S6_N20_M_dropL20_q30,all,1874,90,0.56553,0.41182,1.29565,-0.38273,7.31176,0.00571,-0.05630,-1.63824,-1.81158,0.48889,0.49425,-0.08046,-0.03343,0.31918,0.35132,27.02868,40.55604,90,,V2,cand,fail
V2_S6_N20_M_dropL20_q30,Y2019,252,12,0.48704,0.22782,1.85720,-0.17089,7.28774,0.00512,-0.13078,-1.29520,-1.61144,0.41667,0.44444,-0.06858,-0.44504,0.09723,0.12772,0.48704,0.68854,12,,V2,cand,fail
V2_S6_N20_M_dropL20_q30,Y2020,253,12,1.05211,0.46171,1.79350,-0.38273,7.79002,0.00589,-0.23046,-1.47629,-1.71362,0.33333,0.33333,-0.46478,-0.03227,0.54090,0.60746,1.05797,1.55420,12,,V2,cand,fail
V2_S6_N20_M_dropL20_q30,Y2021,252,12,0.28768,0.39017,0.84358,-0.28438,7.21149,0.00544,0.00093,0.03564,-0.45025,0.58333,0.66667,0.06169,-0.17057,0.06384,0.06910,0.28768,0.27499,12,,V2,cand,fail
V2_S6_N20_M_dropL20_q30,Y2022,251,12,0.20215,0.37474,0.68016,-0.19013,6.82456,0.00516,-0.03259,-0.53374,-1.44976,0.50000,0.55556,-0.10243,0.00977,0.36261,0.42692,0.20127,0.23656,12,,V2,cand,fail
V2_S6_N20_M_dropL20_q30,Y2023,250,12,0.18313,0.24827,0.80183,-0.19072,7.33484,0.00704,-0.10148,-1.11432,-1.66455,0.50000,0.55556,-0.17839,0.02867,-0.04983,-0.04392,0.18155,0.30158,12,,V2,cand,fail
V2_S6_N20_M_dropL20_q30,Y2024,211,10,0.57817,0.34764,1.48739,-0.21348,6.83183,0.00564,-0.03921,-0.40792,-0.73607,0.50000,0.42857,-0.10640,0.19362,0.31420,0.28394,0.46526,0.50297,10,,V2,cand,fail
V2_S6_N20_M_dropL20_q30,Y2025,211,10,0.59681,0.54275,1.13234,-0.25289,7.69707,0.00655,-0.03223,-0.89144,-1.43696,0.40000,0.57143,-0.00286,-0.17686,0.35592,0.41556,0.47974,0.52001,10,,V2,cand,fail
V2_S6_N20_M_dropL20_q30,Y2026,194,10,1.96905,0.61499,2.08145,-0.33630,7.55304,0.00472,0.17603,2.03517,1.60594,0.70000,0.71429,0.21490,0.09430,1.03482,1.08924,1.31122,1.05532,10,,V2,cand,fail
V2_S6_N20_W_dropD5_q10,train,1008,48,0.55300,0.38957,1.32709,-0.43531,18.23851,0.01364,-0.00501,-0.22073,-0.71095,0.50000,0.51111,-0.01256,0.00413,0.32394,0.36560,4.81687,4.88925,208,,V2,cand,near
V2_S6_N20_W_dropD5_q10,valid,461,22,0.51647,0.31311,1.48760,-0.21129,17.82326,0.01518,0.02690,0.59068,-0.16400,0.45455,0.42105,0.04191,-0.00731,0.23795,0.22730,1.14197,1.03529,96,,V2,cand,near
V2_S6_N20_W_dropD5_q10,valid2,405,20,1.06332,0.55878,1.57641,-0.34194,17.47905,0.01306,0.01999,0.60683,-0.02590,0.50000,0.52941,0.01192,0.05873,0.62863,0.68577,2.20298,2.09059,84,,V2,cand,near
V2_S6_N20_W_dropD5_q10,all,1874,90,0.64171,0.41632,1.40043,-0.43531,17.97223,0.01389,0.00824,0.41923,0.04249,0.48889,0.49425,0.00734,0.01306,0.36864,0.40077,38.90782,36.04473,388,,V2,cand,near
V2_S6_N20_W_dropD5_q10,Y2019,252,12,0.63942,0.22976,2.26888,-0.17173,18.14892,0.01380,-0.04080,-1.25490,-1.69597,0.41667,0.44444,-0.01157,-0.18439,0.19544,0.22593,0.63942,0.70487,52,,V2,cand,near
V2_S6_N20_W_dropD5_q10,Y2020,253,12,1.12726,0.49339,1.78279,-0.43531,18.06065,0.01335,0.07859,0.85724,0.29123,0.58333,0.66667,0.07089,0.06773,0.59242,0.65898,1.13364,0.97016,52,,V2,cand,near
V2_S6_N20_W_dropD5_q10,Y2021,252,12,0.17735,0.41010,0.60286,-0.28076,16.55450,0.01232,0.00045,0.05546,-0.37142,0.58333,0.66667,-0.01113,0.04727,-0.01807,-0.01281,0.17735,0.17328,52,,V2,cand,near
V2_S6_N20_W_dropD5_q10,Y2022,251,12,0.41440,0.37603,1.11160,-0.23013,20.19846,0.01511,-0.05883,-1.06635,-1.45270,0.41667,0.44444,-0.13397,-0.00592,0.52571,0.59002,0.41245,0.49440,52,,V2,cand,near
V2_S6_N20_W_dropD5_q10,Y2023,250,12,0.44036,0.26352,1.51745,-0.21129,18.12169,0.01569,0.06577,1.06041,0.36337,0.41667,0.33333,0.13148,-0.03455,0.15098,0.15688,0.43620,0.34666,52,,V2,cand,near
V2_S6_N20_W_dropD5_q10,Y2024,211,10,0.61188,0.36314,1.49766,-0.16765,17.46967,0.01458,-0.01915,-0.47108,-0.88160,0.50000,0.42857,-0.04767,0.04717,0.34099,0.31073,0.49142,0.51136,44,,V2,cand,near
V2_S6_N20_W_dropD5_q10,Y2025,211,10,0.60260,0.53599,1.14752,-0.26759,17.18455,0.01507,0.00658,0.10127,-0.31526,0.50000,0.57143,0.00691,-0.00000,0.35640,0.41604,0.48423,0.47342,44,,V2,cand,near
V2_S6_N20_W_dropD5_q10,Y2026,194,10,1.71598,0.58202,2.01020,-0.34194,17.79935,0.01086,0.03458,0.68013,-0.17558,0.50000,0.42857,0.01859,0.08809,0.92472,0.97914,1.15802,1.09755,40,,V2,cand,near
V2_S6_N20_M_dropD5_q10,train,1008,48,0.59100,0.38856,1.39205,-0.39562,7.06200,0.00524,-0.01691,-0.77471,-1.08673,0.43750,0.46667,-0.02133,-0.00362,0.34784,0.38950,5.40739,5.79968,48,,V2,cand,fail
V2_S6_N20_M_dropD5_q10,valid,461,22,0.43062,0.30758,1.31889,-0.21374,7.18244,0.00628,-0.01193,-0.39359,-0.78797,0.45455,0.36842,-0.04093,0.05807,0.17783,0.16719,0.92536,0.95623,22,,V2,cand,fail
V2_S6_N20_M_dropD5_q10,valid2,405,20,1.00929,0.55527,1.53507,-0.32683,7.60188,0.00556,-0.01345,-0.37026,-0.89598,0.60000,0.58824,-0.02217,0.01319,0.60015,0.65728,2.06926,2.12410,20,,V2,cand,fail
V2_S6_N20_M_dropD5_q10,all,1874,90,0.63015,0.41378,1.38950,-0.39562,7.20830,0.00557,-0.01494,-0.93383,-1.15537,0.47778,0.49425,-0.02666,0.01262,0.36055,0.39268,36.86412,40.55604,90,,V2,cand,fail
V2_S6_N20_M_dropD5_q10,Y2019,252,12,0.63175,0.23851,2.17454,-0.16575,6.99132,0.00529,-0.03523,-1.21636,-1.36632,0.33333,0.44444,-0.01090,-0.15739,0.19278,0.22327,0.63175,0.68854,12,,V2,cand,fail
V2_S6_N20_M_dropD5_q10,Y2020,253,12,1.54006,0.48679,2.16596,-0.39562,7.15621,0.00569,-0.00419,-0.13229,-0.56613,0.50000,0.55556,0.00722,-0.02047,0.76718,0.83374,1.54948,1.55420,12,,V2,cand,fail
V2_S6_N20_M_dropD5_q10,Y2021,252,12,0.25410,0.40387,0.76282,-0.32009,7.08347,0.00489,-0.02013,-0.15995,-0.53728,0.41667,0.44444,-0.02138,0.02502,0.04278,0.04804,0.25410,0.27499,12,,V2,cand,fail
V2_S6_N20_M_dropD5_q10,Y2022,251,12,0.22914,0.38085,0.73361,-0.18778,7.01642,0.00509,-0.00809,-0.39353,-0.96177,0.50000,0.44444,-0.08204,0.04007,0.38711,0.45142,0.22813,0.23656,12,,V2,cand,fail
V2_S6_N20_M_dropD5_q10,Y2023,250,12,0.32844,0.25400,1.24575,-0.21374,7.12602,0.00648,0.01587,0.38843,-0.13781,0.50000,0.33333,-0.00827,0.06700,0.06752,0.07342,0.32545,0.30158,12,,V2,cand,fail
V2_S6_N20_M_dropD5_q10,Y2024,211,10,0.56192,0.36080,1.41744,-0.21189,7.24927,0.00605,-0.04487,-0.87156,-1.15031,0.40000,0.28571,-0.07358,0.04020,0.30854,0.27828,0.45261,0.50297,10,,V2,cand,fail
V2_S6_N20_M_dropD5_q10,Y2025,211,10,0.61012,0.54265,1.14782,-0.24706,7.65797,0.00632,-0.02395,-0.38144,-1.09605,0.70000,0.71429,-0.02349,0.00000,0.36421,0.42385,0.49006,0.52001,10,,V2,cand,fail
V2_S6_N20_M_dropD5_q10,Y2026,194,10,1.55657,0.56826,1.93927,-0.32683,7.54088,0.00475,-0.00203,-0.10584,-1.09159,0.50000,0.57143,-0.02042,0.01978,0.85676,0.91118,1.05983,1.05532,10,,V2,cand,fail
V2_S6_N20_W_dropD5_q20,train,1008,48,0.51185,0.38108,1.27727,-0.43798,21.00658,0.01550,-0.03526,-0.90488,-1.29997,0.41667,0.42222,-0.04966,-0.01198,0.29370,0.33535,4.22432,4.88925,208,,V2,cand,fail
V2_S6_N20_W_dropD5_q20,valid,461,22,0.41605,0.30415,1.29660,-0.24070,20.29303,0.01681,-0.04452,-0.69285,-1.27336,0.40909,0.42105,-0.02680,-0.08717,0.16653,0.15588,0.88963,1.03529,96,,V2,cand,fail
V2_S6_N20_W_dropD5_q20,valid2,405,20,0.94541,0.55747,1.47274,-0.34644,19.24494,0.01430,-0.03987,-0.50473,-1.05117,0.55000,0.52941,-0.07445,0.04314,0.56878,0.62591,1.91396,2.09059,84,,V2,cand,fail
V2_S6_N20_W_dropD5_q20,all,1874,90,0.57101,0.41003,1.30784,-0.43798,20.45033,0.01556,-0.03853,-1.24456,-1.52872,0.44444,0.44828,-0.04935,-0.01613,0.32186,0.35400,27.76674,36.04473,388,,V2,cand,fail
V2_S6_N20_W_dropD5_q20,Y2019,252,12,0.56386,0.22487,2.10315,-0.17351,20.63333,0.01562,-0.08918,-2.02855,-2.40015,0.25000,0.22222,-0.06868,-0.18456,0.14707,0.17756,0.56386,0.70487,52,,V2,cand,fail
V2_S6_N20_W_dropD5_q20,Y2020,253,12,1.09535,0.48220,1.78057,-0.43798,20.36194,0.01487,0.05758,0.40322,-0.03481,0.58333,0.66667,0.02118,0.08352,0.57142,0.63797,1.10151,0.97016,52,,V2,cand,fail
V2_S6_N20_W_dropD5_q20,Y2021,252,12,0.14218,0.39992,0.53220,-0.26858,20.54245,0.01491,-0.03394,-0.35215,-0.95387,0.50000,0.66667,-0.00777,-0.08539,-0.05246,-0.04720,0.14218,0.17328,52,,V2,cand,fail
V2_S6_N20_W_dropD5_q20,Y2022,251,12,0.39359,0.36961,1.08437,-0.23878,22.49707,0.01660,-0.07602,-1.09516,-1.50650,0.33333,0.33333,-0.18618,0.00058,0.50852,0.57283,0.39176,0.49440,52,,V2,cand,fail
V2_S6_N20_W_dropD5_q20,Y2023,250,12,0.26372,0.25756,1.03798,-0.24070,20.30940,0.01720,-0.06676,-0.67863,-1.72009,0.25000,0.22222,-0.00966,-0.15355,0.01845,0.02435,0.26138,0.34666,52,,V2,cand,fail
V2_S6_N20_W_dropD5_q20,Y2024,211,10,0.62047,0.35120,1.55137,-0.16704,20.27363,0.01634,-0.01817,-0.26881,-0.58512,0.60000,0.71429,-0.04394,0.04558,0.34197,0.31172,0.49807,0.51136,44,,V2,cand,fail
V2_S6_N20_W_dropD5_q20,Y2025,211,10,0.45831,0.52892,0.97716,-0.27612,18.85800,0.01637,-0.09164,-0.72968,-1.10675,0.60000,0.57143,-0.11761,0.00000,0.25818,0.31782,0.37149,0.47342,44,,V2,cand,fail
V2_S6_N20_W_dropD5_q20,Y2026,194,10,1.66160,0.58624,1.96478,-0.34644,19.66578,0.01204,0.01644,0.17456,-0.89747,0.50000,0.42857,-0.01690,0.06471,0.90658,0.96100,1.12467,1.09755,40,,V2,cand,fail
V2_S6_N20_M_dropD5_q20,train,1008,48,0.55187,0.37961,1.34983,-0.37665,7.54719,0.00553,-0.04538,-1.46466,-1.80986,0.41667,0.44444,-0.01836,-0.08430,0.31936,0.36102,4.79990,5.79968,48,,V2,cand,fail
V2_S6_N20_M_dropD5_q20,valid,461,22,0.36427,0.29556,1.19951,-0.20134,7.46966,0.00634,-0.06307,-0.95107,-1.22195,0.45455,0.42105,-0.13124,0.08408,0.12670,0.11605,0.76515,0.95623,22,,V2,cand,fail
V2_S6_N20_M_dropD5_q20,valid2,405,20,1.02588,0.55423,1.55169,-0.31966,7.75596,0.00546,-0.00584,0.09699,-0.34269,0.60000,0.58824,-0.00575,0.02949,0.60775,0.66489,2.11009,2.12410,20,,V2,cand,fail
V2_S6_N20_M_dropD5_q20,all,1874,90,0.59260,0.40683,1.34871,-0.37665,7.57324,0.00572,-0.04119,-1.48193,-1.68431,0.46667,0.48276,-0.04507,-0.02592,0.33429,0.36643,30.84029,40.55604,90,,V2,cand,fail
V2_S6_N20_M_dropD5_q20,Y2019,252,12,0.64539,0.23381,2.24906,-0.16674,6.99410,0.00527,-0.02802,-1.26648,-1.46335,0.41667,0.55556,-0.00880,-0.12039,0.20000,0.23049,0.64539,0.68854,12,,V2,cand,fail
V2_S6_N20_M_dropD5_q20,Y2020,253,12,1.53226,0.48065,2.18014,-0.37665,7.67751,0.00594,-0.01067,-0.42353,-1.10788,0.41667,0.44444,-0.02857,0.00732,0.76070,0.82726,1.54161,1.55420,12,,V2,cand,fail
V2_S6_N20_M_dropD5_q20,Y2021,252,12,0.22861,0.39447,0.71957,-0.31568,7.67458,0.00529,-0.04437,-0.29636,-0.64586,0.50000,0.55556,0.04702,-0.25620,0.01855,0.02381,0.22861,0.27499,12,,V2,cand,fail
V2_S6_N20_M_dropD5_q20,Y2022,251,12,0.12938,0.36464,0.51733,-0.20145,7.84323,0.00563,-0.09884,-1.92507,-2.96701,0.33333,0.33333,-0.14087,-0.06575,0.29636,0.36067,0.12883,0.23656,12,,V2,cand,fail
V2_S6_N20_M_dropD5_q20,Y2023,250,12,0.25205,0.24944,1.02629,-0.20033,7.42425,0.00673,-0.04455,-0.68424,-1.09655,0.41667,0.33333,-0.09556,0.04326,0.00710,0.01300,0.24982,0.30158,12,,V2,cand,fail
V2_S6_N20_M_dropD5_q20,Y2024,211,10,0.51032,0.34211,1.37755,-0.20134,7.52346,0.00587,-0.08501,-0.67570,-0.98676,0.50000,0.42857,-0.16693,0.16571,0.26840,0.23814,0.41233,0.50297,10,,V2,cand,fail
V2_S6_N20_M_dropD5_q20,Y2025,211,10,0.55839,0.53796,1.09245,-0.24706,7.76115,0.00619,-0.05912,-0.57326,-1.25675,0.60000,0.57143,-0.06309,0.00000,0.32903,0.38867,0.44987,0.52001,10,,V2,cand,fail
V2_S6_N20_M_dropD5_q20,Y2026,194,10,1.69487,0.57081,2.02545,-0.31966,7.75031,0.00468,0.05211,1.33878,0.79921,0.60000,0.71429,0.07071,0.04424,0.91090,0.96532,1.14509,1.05532,10,,V2,cand,fail
V2_S6_N20_W_dropD5_q30,train,1008,48,0.49290,0.37429,1.25964,-0.41745,22.57322,0.01642,-0.05053,-1.24727,-1.77790,0.37500,0.40000,-0.08837,0.01285,0.27843,0.32008,3.96739,4.88925,208,,V2,cand,fail
V2_S6_N20_W_dropD5_q30,valid,461,22,0.45526,0.30332,1.38952,-0.22866,22.99399,0.01877,-0.01741,-0.21103,-0.64273,0.40909,0.36842,-0.01264,-0.02840,0.19364,0.18299,0.98645,1.03529,96,,V2,cand,fail
V2_S6_N20_W_dropD5_q30,valid2,405,20,0.91375,0.54443,1.46467,-0.39018,22.03418,0.01613,-0.06347,-0.48230,-0.99883,0.50000,0.47059,-0.04384,-0.07357,0.54517,0.60231,1.83813,2.09059,84,,V2,cand,fail
V2_S6_N20_W_dropD5_q30,all,1874,90,0.56535,0.40265,1.31533,-0.41745,22.56023,0.01693,-0.04518,-1.15571,-1.47492,0.41111,0.42529,-0.05828,-0.01356,0.31522,0.34735,27.00507,36.04473,388,,V2,cand,fail
V2_S6_N20_W_dropD5_q30,Y2019,252,12,0.52164,0.22070,2.01442,-0.16908,22.03368,0.01646,-0.11753,-2.65116,-3.11910,0.16667,0.22222,-0.12537,-0.08878,0.11872,0.14921,0.52164,0.70487,52,,V2,cand,fail
V2_S6_N20_W_dropD5_q30,Y2020,253,12,1.03532,0.47431,1.74033,-0.41745,21.59687,0.01528,0.02445,0.15380,-0.61339,0.41667,0.44444,-0.09462,0.16730,0.53828,0.60484,1.04107,0.97016,52,,V2,cand,fail
V2_S6_N20_W_dropD5_q30,Y2021,252,12,0.19181,0.39012,0.64445,-0.24320,22.11351,0.01589,0.00463,0.16294,-0.77120,0.41667,0.55556,0.07680,-0.17054,-0.01389,-0.00863,0.19181,0.17328,52,,V2,cand,fail
V2_S6_N20_W_dropD5_q30,Y2022,251,12,0.34358,0.36523,0.99277,-0.24005,24.56059,0.01806,-0.11423,-1.24787,-1.62578,0.50000,0.55556,-0.30291,0.01016,0.47032,0.53463,0.34201,0.49440,52,,V2,cand,fail
V2_S6_N20_W_dropD5_q30,Y2023,250,12,0.28599,0.25788,1.10488,-0.22866,22.61792,0.01921,-0.04918,-0.44792,-1.17756,0.41667,0.33333,-0.02125,-0.09407,0.03603,0.04194,0.28342,0.34666,52,,V2,cand,fail
V2_S6_N20_W_dropD5_q30,Y2024,211,10,0.68489,0.34932,1.66967,-0.15904,23.43957,0.01824,0.02023,0.13058,-0.43800,0.40000,0.42857,-0.00403,0.10293,0.38037,0.35011,0.54778,0.51136,44,,V2,cand,fail
V2_S6_N20_W_dropD5_q30,Y2025,211,10,0.56552,0.51992,1.12142,-0.26759,21.07490,0.01793,-0.02544,-0.21061,-0.53928,0.60000,0.57143,-0.03796,0.00000,0.32439,0.38403,0.45542,0.47342,44,,V2,cand,fail
V2_S6_N20_W_dropD5_q30,Y2026,194,10,1.38098,0.56952,1.80949,-0.39018,23.07751,0.01417,-0.10484,-0.43666,-1.21705,0.40000,0.28571,-0.05167,-0.11035,0.78530,0.83972,0.95004,1.09755,40,,V2,cand,fail
V2_S6_N20_M_dropD5_q30,train,1008,48,0.53287,0.37308,1.33365,-0.37598,7.86323,0.00575,-0.06024,-1.63864,-2.04251,0.37500,0.40000,-0.03221,-0.10552,0.30451,0.34617,4.52107,5.79968,48,,V2,cand,fail
V2_S6_N20_M_dropD5_q30,valid,461,22,0.40894,0.29032,1.32699,-0.19176,7.97712,0.00663,-0.03234,-0.46333,-0.77772,0.45455,0.47368,-0.09424,0.09664,0.15742,0.14677,0.87232,0.95623,22,,V2,cand,fail
V2_S6_N20_M_dropD5_q30,valid2,405,20,0.81816,0.54748,1.36609,-0.32117,7.93446,0.00553,-0.11792,-1.51916,-1.94161,0.40000,0.35294,-0.09916,-0.16653,0.49567,0.55281,1.61377,2.12410,20,,V2,cand,fail
V2_S6_N20_M_dropD5_q30,all,1874,90,0.55783,0.40055,1.30828,-0.37598,7.90664,0.00592,-0.06584,-2.01446,-2.24574,0.40000,0.41379,-0.06384,-0.07631,0.30964,0.34178,26.01910,40.55604,90,,V2,cand,fail
V2_S6_N20_M_dropD5_q30,Y2019,252,12,0.57651,0.22738,2.11765,-0.15298,7.00398,0.00495,-0.07238,-1.13490,-1.50900,0.33333,0.44444,-0.01927,-0.33867,0.15564,0.18613,0.57651,0.68854,12,,V2,cand,fail
V2_S6_N20_M_dropD5_q30,Y2020,253,12,1.55167,0.47326,2.22223,-0.37598,8.23639,0.00654,-0.00686,-0.16947,-0.98048,0.41667,0.44444,-0.03755,0.02376,0.76451,0.83106,1.56117,1.55420,12,,V2,cand,fail
V2_S6_N20_M_dropD5_q30,Y2021,252,12,0.26244,0.38163,0.80231,-0.31646,8.13994,0.00577,-0.02203,-0.07718,-0.53795,0.66667,0.77778,0.06434,-0.22066,0.04089,0.04615,0.26244,0.27499,12,,V2,cand,fail
V2_S6_N20_M_dropD5_q30,Y2022,251,12,0.08347,0.36499,0.40346,-0.20855,8.07197,0.00575,-0.14022,-2.44405,-3.92673,0.08333,0.11111,-0.22437,-0.08189,0.25498,0.31929,0.08312,0.23656,12,,V2,cand,fail
V2_S6_N20_M_dropD5_q30,Y2023,250,12,0.29574,0.24872,1.16664,-0.19176,7.79653,0.00712,-0.01038,-0.16715,-0.62137,0.41667,0.44444,-0.04596,0.04718,0.04127,0.04718,0.29308,0.30158,12,,V2,cand,fail
V2_S6_N20_M_dropD5_q30,Y2024,211,10,0.55593,0.33280,1.49609,-0.16848,8.19108,0.00605,-0.05837,-0.42783,-0.80651,0.50000,0.42857,-0.14251,0.19556,0.29504,0.26478,0.44795,0.50297,10,,V2,cand,fail
V2_S6_N20_M_dropD5_q30,Y2025,211,10,0.41990,0.52936,0.92543,-0.24706,7.76499,0.00623,-0.15693,-1.49388,-2.00062,0.40000,0.28571,-0.19916,0.00000,0.23122,0.29086,0.34118,0.52001,10,,V2,cand,fail
V2_S6_N20_M_dropD5_q30,Y2026,194,10,1.37912,0.56600,1.81720,-0.32117,8.11878,0.00478,-0.07549,-0.66320,-1.17392,0.40000,0.28571,0.03416,-0.24980,0.78330,0.83772,0.94886,1.05532,10,,V2,cand,fail
V2_S6_N20_W_dropD20_q10,train,1008,48,0.59154,0.38696,1.39694,-0.41330,17.22804,0.01290,0.01856,0.72958,0.41356,0.43750,0.46667,0.00617,0.03876,0.34752,0.38918,5.41612,4.88925,208,,V2,cand,fail
V2_S6_N20_W_dropD20_q10,valid,461,22,0.46692,0.31636,1.37026,-0.20560,15.96995,0.01354,-0.00538,-0.13155,-0.82419,0.40909,0.47368,-0.00345,-0.01240,0.20566,0.19502,1.01567,1.03529,96,,V2,cand,fail
V2_S6_N20_W_dropD20_q10,valid2,405,20,1.02105,0.55787,1.54075,-0.36168,16.49462,0.01243,-0.00134,0.01491,-0.76811,0.60000,0.64706,-0.02700,0.06540,0.60730,0.66444,2.09817,2.09059,84,,V2,cand,fail
V2_S6_N20_W_dropD20_q10,all,1874,90,0.64260,0.41535,1.40403,-0.41330,16.76005,0.01295,0.00837,0.41151,0.08789,0.46667,0.48276,-0.00397,0.03369,0.36877,0.40090,39.06795,36.04473,388,,V2,cand,fail
V2_S6_N20_W_dropD20_q10,Y2019,252,12,0.67901,0.23008,2.37010,-0.15139,16.96814,0.01341,-0.01681,-0.57930,-1.06276,0.41667,0.55556,-0.02502,-0.00063,0.21944,0.24993,0.67901,0.70487,52,,V2,cand,fail
V2_S6_N20_W_dropD20_q10,Y2020,253,12,1.15376,0.48343,1.83542,-0.41330,17.47311,0.01266,0.08629,2.05341,1.66947,0.66667,0.77778,0.10103,0.07722,0.60013,0.66668,1.16033,0.97016,52,,V2,cand,fail
V2_S6_N20_W_dropD20_q10,Y2021,252,12,0.19290,0.40973,0.63501,-0.25924,15.45182,0.01133,0.01340,0.30817,-0.35339,0.33333,0.44444,0.01156,0.02127,-0.00512,0.00014,0.19290,0.17328,52,,V2,cand,fail
V2_S6_N20_W_dropD20_q10,Y2022,251,12,0.48516,0.37852,1.23590,-0.23696,19.02522,0.01421,-0.00901,-0.20967,-0.87660,0.33333,0.33333,-0.07395,0.03003,0.57553,0.63985,0.48284,0.49440,52,,V2,cand,fail
V2_S6_N20_W_dropD20_q10,Y2023,250,12,0.41824,0.26649,1.44529,-0.20560,15.70014,0.01332,0.05105,0.94102,0.31115,0.41667,0.55556,0.10878,-0.04180,0.13626,0.14216,0.41431,0.34666,52,,V2,cand,fail
V2_S6_N20_W_dropD20_q10,Y2024,211,10,0.52677,0.36674,1.33819,-0.17280,16.28964,0.01380,-0.07225,-1.42795,-1.78702,0.40000,0.42857,-0.11569,0.04639,0.28789,0.25764,0.42520,0.51136,44,,V2,cand,fail
V2_S6_N20_W_dropD20_q10,Y2025,211,10,0.61797,0.53395,1.16777,-0.26759,16.86485,0.01479,0.01504,0.23205,-0.06586,0.70000,0.85714,0.01628,0.00000,0.36487,0.42451,0.49614,0.47342,44,,V2,cand,fail
V2_S6_N20_W_dropD20_q10,Y2026,194,10,1.57423,0.58234,1.91679,-0.36168,16.09195,0.00986,-0.01916,-0.14180,-1.47011,0.50000,0.28571,-0.08471,0.09810,0.87098,0.92540,1.07078,1.09755,40,,V2,cand,fail
V2_S6_N20_M_dropD20_q10,train,1008,48,0.57766,0.39113,1.36380,-0.40673,7.14133,0.00543,-0.02438,-1.45601,-2.21736,0.33333,0.35556,-0.04563,0.01478,0.34037,0.38203,5.19516,5.79968,48,,V2,cand,near
V2_S6_N20_M_dropD20_q10,valid,461,22,0.45453,0.31080,1.36184,-0.21825,6.94539,0.00604,0.00566,0.02127,-0.44183,0.45455,0.47368,-0.03923,0.10800,0.19543,0.18478,0.98462,0.95623,22,,V2,cand,near
V2_S6_N20_M_dropD20_q10,valid2,405,20,1.16377,0.55665,1.66593,-0.32467,7.59117,0.00552,0.06152,2.07049,1.97374,0.75000,0.82353,0.04376,0.13975,0.67511,0.73225,2.45725,2.12410,20,,V2,cand,near
V2_S6_N20_M_dropD20_q10,all,1874,90,0.65570,0.41611,1.42140,-0.40673,7.19035,0.00560,0.00158,0.21158,-0.21738,0.45556,0.47126,-0.02344,0.05992,0.37706,0.40919,41.50713,40.55604,90,,V2,cand,near
V2_S6_N20_M_dropD20_q10,Y2019,252,12,0.62230,0.23782,2.15569,-0.17292,6.90662,0.00544,-0.04122,-2.17951,-2.21767,0.16667,0.22222,-0.03823,-0.06224,0.18680,0.21729,0.62230,0.68854,12,,V2,cand,near
V2_S6_N20_M_dropD20_q10,Y2020,253,12,1.55195,0.49188,2.15808,-0.40673,7.61888,0.00594,0.00296,0.39203,-0.04750,0.58333,0.77778,0.04273,-0.04051,0.77433,0.84089,1.56146,1.55420,12,,V2,cand,near
V2_S6_N20_M_dropD20_q10,Y2021,252,12,0.21062,0.41214,0.66972,-0.29801,6.88934,0.00490,-0.05220,-1.49813,-1.86985,0.16667,0.22222,-0.07739,0.02388,0.01072,0.01598,0.21062,0.27499,12,,V2,cand,near
V2_S6_N20_M_dropD20_q10,Y2022,251,12,0.23250,0.37621,0.74530,-0.20245,7.14861,0.00543,-0.00710,-0.21285,-1.13161,0.41667,0.44444,-0.12699,0.07239,0.38810,0.45242,0.23148,0.23656,12,,V2,cand,near
V2_S6_N20_M_dropD20_q10,Y2023,250,12,0.36033,0.26049,1.31226,-0.20579,6.73710,0.00613,0.04128,1.00971,0.49995,0.50000,0.55556,0.03396,0.05534,0.09293,0.09884,0.35701,0.30158,12,,V2,cand,near
V2_S6_N20_M_dropD20_q10,Y2024,211,10,0.57461,0.36136,1.43828,-0.21825,7.19218,0.00595,-0.03653,-0.57343,-1.32057,0.40000,0.42857,-0.11242,0.21332,0.31687,0.28661,0.46249,0.50297,10,,V2,cand,near
V2_S6_N20_M_dropD20_q10,Y2025,211,10,0.70469,0.54382,1.25154,-0.24706,7.68769,0.00624,0.03380,1.80285,1.51052,0.80000,1.00000,0.04478,-0.00000,0.42195,0.48159,0.56299,0.52001,10,,V2,cand,near
V2_S6_N20_M_dropD20_q10,Y2026,194,10,1.80447,0.56980,2.09846,-0.32467,7.48619,0.00473,0.09167,1.63087,1.24921,0.70000,0.71429,0.04238,0.20962,0.95045,1.00487,1.21195,1.05532,10,,V2,cand,near
V2_S6_N20_W_dropD20_q20,train,1008,48,0.56864,0.38031,1.37645,-0.40458,18.08748,0.01325,0.00148,0.00543,-0.37475,0.43750,0.46667,-0.01927,0.03568,0.33043,0.37209,5.05465,4.88925,208,,V2,cand,fail
V2_S6_N20_W_dropD20_q20,valid,461,22,0.48919,0.30874,1.44507,-0.18824,17.02630,0.01417,0.00727,0.07091,-0.34921,0.50000,0.52632,-0.01219,0.04779,0.21831,0.20767,1.07199,1.03529,96,,V2,cand,fail
V2_S6_N20_W_dropD20_q20,valid2,405,20,0.93250,0.54839,1.47620,-0.35564,17.36831,0.01317,-0.05135,-0.58411,-1.30458,0.40000,0.35294,-0.06369,-0.00663,0.55730,0.61444,1.88295,2.09059,84,,V2,cand,fail
V2_S6_N20_W_dropD20_q20,all,1874,90,0.62013,0.40781,1.38859,-0.40458,17.67101,0.01346,-0.00852,-0.31531,-0.65026,0.44444,0.45977,-0.02761,0.02943,0.35188,0.38402,35.16703,36.04473,388,,V2,cand,fail
V2_S6_N20_W_dropD20_q20,Y2019,252,12,0.61729,0.22408,2.25999,-0.14927,18.03471,0.01352,-0.05569,-1.13950,-1.64294,0.41667,0.55556,-0.03772,-0.17192,0.18055,0.21104,0.61729,0.70487,52,,V2,cand,fail
V2_S6_N20_W_dropD20_q20,Y2020,253,12,1.13147,0.47474,1.83796,-0.40458,17.58105,0.01234,0.07153,0.99269,0.41514,0.50000,0.55556,0.04470,0.11441,0.58537,0.65193,1.13788,0.97016,52,,V2,cand,fail
V2_S6_N20_W_dropD20_q20,Y2021,252,12,0.19621,0.40610,0.64427,-0.24447,17.27832,0.01290,0.01485,0.25079,-0.68636,0.41667,0.55556,0.03648,-0.03951,-0.00367,0.00159,0.19621,0.17328,52,,V2,cand,fail
V2_S6_N20_W_dropD20_q20,Y2022,251,12,0.46613,0.37002,1.22061,-0.24362,19.46330,0.01425,-0.02517,-0.35809,-1.26374,0.41667,0.44444,-0.17227,0.07098,0.55937,0.62368,0.46390,0.49440,52,,V2,cand,fail
V2_S6_N20_W_dropD20_q20,Y2023,250,12,0.38680,0.25818,1.39637,-0.18824,16.52257,0.01367,0.02641,0.46646,-0.17932,0.50000,0.55556,0.06882,-0.04065,0.11162,0.11752,0.38321,0.34666,52,,V2,cand,fail
V2_S6_N20_W_dropD20_q20,Y2024,211,10,0.62032,0.35945,1.52345,-0.16587,17.62314,0.01476,-0.01541,-0.28916,-0.88849,0.50000,0.57143,-0.09319,0.22468,0.34473,0.31447,0.49796,0.51136,44,,V2,cand,fail
V2_S6_N20_W_dropD20_q20,Y2025,211,10,0.51274,0.52466,1.05063,-0.26759,17.47818,0.01548,-0.05726,-0.62368,-0.93526,0.50000,0.42857,-0.08335,0.00000,0.29256,0.35220,0.41422,0.47342,44,,V2,cand,fail
V2_S6_N20_W_dropD20_q20,Y2026,194,10,1.52229,0.57256,1.90457,-0.35564,17.24881,0.01066,-0.04491,-0.21383,-1.26857,0.30000,0.14286,-0.03748,-0.00995,0.84523,0.89965,1.03854,1.09755,40,,V2,cand,fail
V2_S6_N20_M_dropD20_q20,train,1008,48,0.57841,0.37627,1.40351,-0.35936,7.47737,0.00551,-0.02970,-0.87699,-1.32918,0.39583,0.42222,-0.05455,0.02288,0.33505,0.37671,5.20693,5.79968,48,,V2,cand,fail
V2_S6_N20_M_dropD20_q20,valid,461,22,0.38793,0.29720,1.25231,-0.19421,7.50877,0.00657,-0.04541,-0.75370,-1.07720,0.59091,0.57895,-0.08435,0.04351,0.14435,0.13371,0.82156,0.95623,22,,V2,cand,fail
V2_S6_N20_M_dropD20_q20,valid2,405,20,1.07938,0.55188,1.60334,-0.28804,7.70613,0.00573,0.01903,0.69276,0.13021,0.55000,0.58824,0.04221,-0.02211,0.63262,0.68976,2.24314,2.12410,20,,V2,cand,fail
V2_S6_N20_M_dropD20_q20,all,1874,90,0.62313,0.40476,1.40044,-0.35936,7.53453,0.00582,-0.02303,-0.89366,-1.17500,0.47778,0.49425,-0.04016,0.01784,0.35245,0.38459,35.66793,40.55604,90,,V2,cand,fail
V2_S6_N20_M_dropD20_q20,Y2019,252,12,0.53467,0.23488,1.94289,-0.18347,6.98834,0.00525,-0.09754,-3.99132,-4.26550,0.00000,0.00000,-0.09345,-0.12596,0.13047,0.16096,0.53467,0.68854,12,,V2,cand,fail
V2_S6_N20_M_dropD20_q20,Y2020,253,12,1.73568,0.47126,2.37840,-0.35936,8.03590,0.00618,0.06230,1.65703,1.26278,0.66667,0.66667,0.06206,0.09255,0.83367,0.90023,1.74662,1.55420,12,,V2,cand,fail
V2_S6_N20_M_dropD20_q20,Y2021,252,12,0.18208,0.39253,0.62282,-0.32434,7.14048,0.00511,-0.08374,-0.91566,-1.16872,0.50000,0.66667,-0.02771,-0.23622,-0.02082,-0.01556,0.18208,0.27499,12,,V2,cand,fail
V2_S6_N20_M_dropD20_q20,Y2022,251,12,0.24680,0.36422,0.78915,-0.18773,7.74359,0.00551,-0.00006,-0.06890,-1.05424,0.41667,0.44444,-0.18831,0.12668,0.39514,0.45946,0.24571,0.23656,12,,V2,cand,fail
V2_S6_N20_M_dropD20_q20,Y2023,250,12,0.25957,0.24890,1.05210,-0.18942,7.26770,0.00683,-0.03868,-0.45494,-0.69219,0.66667,0.66667,-0.07208,0.02096,0.01297,0.01888,0.25726,0.30158,12,,V2,cand,fail
V2_S6_N20_M_dropD20_q20,Y2024,211,10,0.55706,0.34561,1.45505,-0.19421,7.79440,0.00626,-0.05339,-0.59129,-1.11645,0.50000,0.71429,-0.09662,0.08860,0.30002,0.26976,0.44883,0.50297,10,,V2,cand,fail
V2_S6_N20_M_dropD20_q20,Y2025,211,10,0.65175,0.54164,1.19613,-0.24706,7.63455,0.00624,0.00106,0.12230,-0.55183,0.50000,0.57143,0.00491,-0.00000,0.38921,0.44885,0.52224,0.52001,10,,V2,cand,fail
V2_S6_N20_M_dropD20_q20,Y2026,194,10,1.67108,0.56236,2.03181,-0.28804,7.78398,0.00519,0.03857,0.70737,0.06827,0.60000,0.71429,0.09194,-0.03316,0.89736,0.95178,1.13050,1.05532,10,,V2,cand,fail
V2_S6_N20_W_dropD20_q30,train,1008,48,0.57198,0.36923,1.41183,-0.41107,18.89081,0.01376,-0.00071,0.01194,-0.42046,0.39583,0.42222,-0.04527,0.08402,0.32825,0.36990,5.10642,4.88925,208,,V2,cand,fail
V2_S6_N20_W_dropD20_q30,valid,461,22,0.54617,0.30523,1.58138,-0.21261,18.00555,0.01492,0.04381,0.56441,0.07863,0.59091,0.57895,0.06049,0.00976,0.25485,0.24420,1.21933,1.03529,96,,V2,cand,fail
V2_S6_N20_W_dropD20_q30,valid2,405,20,0.87265,0.54624,1.42205,-0.37163,17.73803,0.01301,-0.08410,-1.27277,-1.60305,0.45000,0.41176,-0.04173,-0.19001,0.52454,0.58168,1.74080,2.09059,84,,V2,cand,fail
V2_S6_N20_W_dropD20_q30,all,1874,90,0.62594,0.40098,1.41407,-0.41107,18.42390,0.01388,-0.00778,-0.21817,-0.53489,0.45556,0.47126,-0.01672,0.01196,0.35261,0.38475,36.14377,36.04473,388,,V2,cand,fail
V2_S6_N20_W_dropD20_q30,Y2019,252,12,0.55410,0.21730,2.13995,-0.16832,18.24863,0.01380,-0.09711,-2.71929,-3.20009,0.08333,0.11111,-0.10198,-0.07165,0.13914,0.16963,0.55410,0.70487,52,,V2,cand,fail
V2_S6_N20_W_dropD20_q30,Y2020,253,12,1.05462,0.46859,1.77616,-0.41107,18.82833,0.01308,0.03127,0.44430,-0.04431,0.50000,0.55556,-0.03719,0.14861,0.54510,0.61166,1.06050,0.97016,52,,V2,cand,fail
V2_S6_N20_W_dropD20_q30,Y2021,252,12,0.29566,0.38728,0.86231,-0.21094,18.46453,0.01350,0.08717,0.83058,0.23454,0.50000,0.66667,0.10473,0.04141,0.06865,0.07391,0.29566,0.17328,52,,V2,cand,fail
V2_S6_N20_W_dropD20_q30,Y2022,251,12,0.47406,0.35726,1.26639,-0.23481,20.02649,0.01466,-0.02439,-0.30196,-0.85811,0.50000,0.44444,-0.21315,0.10062,0.56015,0.62447,0.47179,0.49440,52,,V2,cand,fail
V2_S6_N20_W_dropD20_q30,Y2023,250,12,0.43775,0.25454,1.55463,-0.21261,17.62904,0.01472,0.06160,0.71002,0.02414,0.50000,0.44444,0.17420,-0.11724,0.14681,0.15272,0.43362,0.34666,52,,V2,cand,fail
V2_S6_N20_W_dropD20_q30,Y2024,211,10,0.68526,0.35596,1.64550,-0.16725,18.45166,0.01516,0.02272,0.07685,-0.36665,0.70000,0.85714,-0.05323,0.26378,0.38286,0.35260,0.54806,0.51136,44,,V2,cand,fail
V2_S6_N20_W_dropD20_q30,Y2025,211,10,0.54085,0.52329,1.08739,-0.26759,17.38601,0.01497,-0.03947,-0.47438,-0.88517,0.60000,0.57143,-0.05626,0.00000,0.31036,0.37000,0.43619,0.47342,44,,V2,cand,fail
V2_S6_N20_W_dropD20_q30,Y2026,194,10,1.31513,0.56981,1.75978,-0.37163,18.12090,0.01087,-0.13265,-1.27455,-1.85772,0.30000,0.28571,-0.02236,-0.28502,0.75749,0.81191,0.90838,1.09755,40,,V2,cand,fail
V2_S6_N20_M_dropD20_q30,train,1008,48,0.58383,0.36820,1.43541,-0.38304,7.97267,0.00583,-0.02928,-0.70360,-1.20101,0.33333,0.35556,-0.05192,0.01785,0.33546,0.37712,5.29274,5.79968,48,,V2,cand,fail
V2_S6_N20_M_dropD20_q30,valid,461,22,0.39464,0.29041,1.29138,-0.16409,8.18227,0.00668,-0.04256,-0.54742,-0.82575,0.59091,0.63158,-0.05918,-0.01797,0.14720,0.13656,0.83769,0.95623,22,,V2,cand,fail
V2_S6_N20_M_dropD20_q30,valid2,405,20,0.83318,0.54350,1.38747,-0.32637,7.91355,0.00588,-0.11174,-1.69870,-2.10576,0.35000,0.35294,-0.06864,-0.18550,0.50185,0.55899,1.64855,2.12410,20,,V2,cand,fail
V2_S6_N20_M_dropD20_q30,all,1874,90,0.58431,0.39695,1.35912,-0.38304,8.01146,0.00605,-0.05037,-1.52016,-1.83557,0.40000,0.41379,-0.05766,-0.03163,0.32511,0.35725,29.62811,40.55604,90,,V2,cand,fail
V2_S6_N20_M_dropD20_q30,Y2019,252,12,0.56595,0.23043,2.06349,-0.17892,7.38397,0.00547,-0.07839,-3.28885,-3.43223,0.00000,0.00000,-0.07765,-0.08369,0.14963,0.18012,0.56595,0.68854,12,,V2,cand,fail
V2_S6_N20_M_dropD20_q30,Y2020,253,12,1.51585,0.46795,2.21226,-0.38304,8.39030,0.00632,-0.02333,-0.34181,-0.97601,0.33333,0.33333,-0.05687,0.04246,0.74804,0.81460,1.52508,1.55420,12,,V2,cand,fail
V2_S6_N20_M_dropD20_q30,Y2021,252,12,0.29457,0.38251,0.86681,-0.28407,7.93637,0.00586,0.00335,0.08063,-0.36227,0.58333,0.77778,0.08887,-0.23117,0.06626,0.07152,0.29457,0.27499,12,,V2,cand,fail
V2_S6_N20_M_dropD20_q30,Y2022,251,12,0.23033,0.34935,0.76923,-0.19810,8.17921,0.00566,-0.01875,-0.23011,-1.09164,0.41667,0.44444,-0.24695,0.13601,0.37645,0.44076,0.22931,0.23656,12,,V2,cand,fail
V2_S6_N20_M_dropD20_q30,Y2023,250,12,0.23218,0.23839,0.99540,-0.16227,8.27863,0.00717,-0.06326,-0.53179,-0.91863,0.58333,0.66667,-0.11747,0.03727,-0.01160,-0.00570,0.23014,0.30158,12,,V2,cand,fail
V2_S6_N20_M_dropD20_q30,Y2024,211,10,0.61507,0.34167,1.57528,-0.16409,8.06811,0.00610,-0.01805,-0.20392,-0.62608,0.60000,0.57143,-0.00088,-0.12845,0.33536,0.30510,0.49389,0.50297,10,,V2,cand,fail
V2_S6_N20_M_dropD20_q30,Y2025,211,10,0.62946,0.53747,1.17587,-0.24706,7.74688,0.00652,-0.01482,-0.24847,-0.69964,0.40000,0.42857,-0.02625,-0.00000,0.37334,0.43297,0.50503,0.52001,10,,V2,cand,fail
V2_S6_N20_M_dropD20_q30,Y2026,194,10,1.08376,0.54986,1.61291,-0.32637,8.09482,0.00519,-0.21715,-2.21696,-2.72234,0.30000,0.42857,-0.12515,-0.27825,0.64163,0.69605,0.75979,1.05532,10,,V2,cand,fail
V2_S6_N10_W_dropL5_q20,train,1008,48,0.46969,0.43685,1.10237,-0.50135,21.29664,0.01665,-0.12892,-3.00747,-3.31408,0.35417,0.35556,-0.21396,0.00122,0.28852,0.33018,3.66559,6.74293,208,,V2,cand,fail
V2_S6_N10_W_dropL5_q20,valid,461,22,0.53146,0.38287,1.30454,-0.25081,19.29544,0.01778,0.04957,0.45860,-0.14255,0.45455,0.42105,0.01374,0.13333,0.27163,0.26099,1.18084,0.99762,96,,V2,cand,fail
V2_S6_N10_W_dropL5_q20,valid2,405,20,1.70177,0.63344,1.88559,-0.37916,19.98575,0.01524,0.06997,1.16986,0.77262,0.80000,0.76471,0.05852,0.20039,0.94217,0.99931,3.93994,3.48408,84,,V2,cand,fail
V2_S6_N10_W_dropL5_q20,all,1874,90,0.69344,0.47514,1.34702,-0.50135,20.52104,0.01663,-0.04203,-0.97321,-1.41845,0.47778,0.48276,-0.09170,0.06976,0.42563,0.45777,49.26350,68.35725,388,,V2,cand,fail
V2_S6_N10_W_dropL5_q20,Y2019,252,12,0.50923,0.26860,1.66824,-0.19481,20.50290,0.01660,-0.12385,-1.88489,-2.44629,0.25000,0.22222,-0.14356,0.00992,0.12223,0.15272,0.50923,0.70289,52,,V2,cand,fail
V2_S6_N10_W_dropL5_q20,Y2020,253,12,0.92522,0.52785,1.51358,-0.47488,22.50173,0.01656,-0.11282,-1.52044,-2.26127,0.33333,0.33333,-0.23457,-0.01338,0.51176,0.57832,0.93023,1.17044,52,,V2,cand,fail
V2_S6_N10_W_dropL5_q20,Y2021,252,12,0.15131,0.49844,0.52959,-0.36351,18.59882,0.01501,-0.09941,-0.86714,-1.20608,0.50000,0.55556,-0.22101,0.24070,-0.00133,0.00393,0.15131,0.26643,52,,V2,cand,fail
V2_S6_N10_W_dropL5_q20,Y2022,251,12,0.39290,0.40383,1.02457,-0.25452,23.58741,0.01843,-0.17988,-2.06822,-2.22062,0.33333,0.33333,-0.31323,-0.09346,0.52147,0.58578,0.39107,0.65421,52,,V2,cand,fail
V2_S6_N10_W_dropL5_q20,Y2023,250,12,0.28358,0.32337,0.93375,-0.25081,18.59768,0.01784,0.03192,0.09664,-0.66152,0.50000,0.44444,-0.07630,0.20388,0.05305,0.05896,0.28104,0.24326,52,,V2,cand,fail
V2_S6_N10_W_dropL5_q20,Y2024,211,10,0.88783,0.44269,1.65690,-0.18591,20.12217,0.01772,0.07048,1.02378,0.37704,0.40000,0.28571,0.10379,-0.00775,0.53062,0.50036,0.70241,0.60677,44,,V2,cand,fail
V2_S6_N10_W_dropL5_q20,Y2025,211,10,0.79232,0.61993,1.24824,-0.37916,20.49802,0.01891,0.01422,0.31526,0.04920,0.80000,0.71429,0.01632,0.15218,0.51516,0.57480,0.62999,0.61917,44,,V2,cand,fail
V2_S6_N10_W_dropL5_q20,Y2026,194,10,3.22184,0.64658,2.55475,-0.34914,19.42859,0.01125,0.13061,1.46370,0.95606,0.80000,0.71429,0.11478,0.22449,1.40660,1.46102,2.03066,1.76936,40,,V2,cand,fail
V2_S6_N50_W_dropL5_q20,train,1008,48,0.28238,0.32214,0.93491,-0.40837,17.21282,0.01153,-0.07352,-4.07123,-4.86910,0.33333,0.33333,-0.08003,-0.06181,0.10812,0.14978,1.70441,2.57189,208,,V2,cand,fail
V2_S6_N50_W_dropL5_q20,valid,461,22,0.39353,0.24404,1.48273,-0.16356,16.66013,0.01208,0.01989,0.68976,0.39954,0.72727,0.68421,0.00681,0.06155,0.13401,0.12336,0.83502,0.76323,96,,V2,cand,fail
V2_S6_N50_W_dropL5_q20,valid2,405,20,0.71365,0.47356,1.37482,-0.35204,15.83671,0.01102,-0.01048,-0.25510,-0.60463,0.45000,0.41176,-0.02100,0.02063,0.39883,0.45597,1.37654,1.42517,84,,V2,cand,fail
V2_S6_N50_W_dropL5_q20,all,1874,90,0.39350,0.34498,1.13547,-0.40837,16.77946,0.01156,-0.03692,-2.40620,-2.70424,0.45556,0.45977,-0.04371,-0.01923,0.17732,0.20945,10.79389,14.27387,388,,V2,cand,fail
V2_S6_N50_W_dropL5_q20,Y2019,252,12,0.40371,0.16905,2.09211,-0.09535,16.97953,0.01116,-0.05851,-1.97667,-3.48089,0.41667,0.44444,-0.06099,-0.06570,0.02780,0.05829,0.40371,0.48658,52,,V2,cand,fail
V2_S6_N50_W_dropL5_q20,Y2020,253,12,0.56635,0.42440,1.27429,-0.40837,18.61822,0.01252,-0.13697,-3.30509,-3.73992,0.16667,0.22222,-0.14259,-0.12819,0.25363,0.32019,0.56914,0.78745,52,,V2,cand,fail
V2_S6_N50_W_dropL5_q20,Y2021,252,12,0.10480,0.32933,0.46732,-0.20312,16.32253,0.01144,-0.06592,-1.58430,-3.54989,0.25000,0.33333,-0.05345,-0.09670,-0.11139,-0.10613,0.10480,0.17613,52,,V2,cand,fail
V2_S6_N50_W_dropL5_q20,Y2022,251,12,0.11182,0.31177,0.49644,-0.20562,16.92428,0.01100,-0.03228,-1.18804,-1.64301,0.50000,0.44444,-0.07840,0.00168,0.26249,0.32680,0.11135,0.14293,52,,V2,cand,fail
V2_S6_N50_W_dropL5_q20,Y2023,250,12,0.31539,0.21153,1.40255,-0.16356,17.08037,0.01253,0.00688,0.13086,-0.23827,0.75000,0.66667,-0.01739,0.05355,0.04778,0.05368,0.31253,0.30144,52,,V2,cand,fail
V2_S6_N50_W_dropL5_q20,Y2024,211,10,0.49213,0.27759,1.58161,-0.14120,16.16222,0.01154,0.03530,0.98493,0.52324,0.70000,0.71429,0.03101,0.07755,0.23617,0.20592,0.39807,0.35483,44,,V2,cand,fail
V2_S6_N50_W_dropL5_q20,Y2025,211,10,0.52164,0.42177,1.20663,-0.24495,16.35786,0.01270,-0.01748,-0.16077,-0.56444,0.50000,0.42857,-0.01967,0.03148,0.25026,0.30990,0.42118,0.44016,44,,V2,cand,fail
V2_S6_N50_W_dropL5_q20,Y2026,194,10,0.95009,0.52394,1.53770,-0.35204,15.26989,0.00919,-0.00287,-0.21430,-0.80666,0.40000,0.42857,-0.02277,0.01520,0.56041,0.61483,0.67223,0.68396,40,,V2,cand,fail
V2_S6_N10_W_dropL20_q20,train,1008,48,0.57887,0.43918,1.26146,-0.46270,19.36495,0.01585,-0.05648,-1.20663,-1.81273,0.41667,0.42222,-0.14456,0.07562,0.36096,0.40262,5.21423,6.74293,208,,V2,cand,fail
V2_S6_N10_W_dropL20_q20,valid,461,22,0.52666,0.37337,1.31968,-0.24272,17.79757,0.01664,0.04283,0.42967,0.01074,0.50000,0.47368,0.01425,0.10895,0.26490,0.25425,1.16835,0.99762,96,,V2,cand,fail
V2_S6_N10_W_dropL20_q20,valid2,405,20,1.52189,0.62930,1.78370,-0.34720,18.89139,0.01446,-0.00195,0.00980,-0.54473,0.55000,0.58824,-0.03863,0.09238,0.87024,0.92738,3.42214,3.48408,84,,V2,cand,fail
V2_S6_N10_W_dropL20_q20,all,1874,90,0.73264,0.47314,1.39872,-0.46270,18.87703,0.01575,-0.02027,-0.63816,-0.99266,0.46667,0.47126,-0.07859,0.08598,0.44739,0.47953,58.58672,68.35725,388,,V2,cand,fail
V2_S6_N10_W_dropL20_q20,Y2019,252,12,0.60616,0.26802,1.90390,-0.17174,18.25935,0.01578,-0.06166,-1.02158,-2.31373,0.33333,0.33333,-0.04199,-0.12211,0.18441,0.21490,0.60616,0.70289,52,,V2,cand,fail
V2_S6_N10_W_dropL20_q20,Y2020,253,12,1.12731,0.53096,1.69470,-0.45028,19.71812,0.01540,-0.01195,-0.31744,-0.79463,0.41667,0.33333,-0.27916,0.27467,0.61263,0.67919,1.13369,1.17044,52,,V2,cand,fail
V2_S6_N10_W_dropL20_q20,Y2021,252,12,0.19770,0.50698,0.60640,-0.36680,17.18664,0.01380,-0.05595,-0.83293,-1.05448,0.50000,0.44444,-0.09499,0.02447,0.04213,0.04739,0.19770,0.26643,52,,V2,cand,fail
V2_S6_N10_W_dropL20_q20,Y2022,251,12,0.51648,0.39941,1.24415,-0.26572,22.30596,0.01845,-0.09671,-0.69581,-2.12415,0.41667,0.33333,-0.25049,0.01186,0.60465,0.66896,0.51397,0.65421,52,,V2,cand,fail
V2_S6_N10_W_dropL20_q20,Y2023,250,12,0.21300,0.30622,0.78397,-0.24272,16.70644,0.01654,-0.02996,-0.31599,-0.88970,0.50000,0.44444,-0.14885,0.15849,-0.00883,-0.00292,0.21114,0.24326,52,,V2,cand,fail
V2_S6_N10_W_dropL20_q20,Y2024,211,10,1.00485,0.43911,1.80386,-0.18824,19.09039,0.01676,0.12908,1.38212,0.85730,0.50000,0.42857,0.17735,0.00987,0.58922,0.55896,0.79033,0.60677,44,,V2,cand,fail
V2_S6_N10_W_dropL20_q20,Y2025,211,10,0.65128,0.60684,1.12643,-0.34720,18.75507,0.01738,-0.07603,-0.77410,-1.32590,0.50000,0.57143,-0.09471,0.00025,0.42491,0.48455,0.52188,0.61917,44,,V2,cand,fail
V2_S6_N10_W_dropL20_q20,Y2026,194,10,2.99713,0.65151,2.45559,-0.31730,19.03965,0.01128,0.07861,0.81827,0.16436,0.60000,0.57143,0.03614,0.13844,1.35460,1.40902,1.90570,1.76936,40,,V2,cand,fail
V2_S6_N50_W_dropL20_q20,train,1008,48,0.34514,0.32122,1.08527,-0.38826,14.73066,0.00989,-0.02608,-1.35271,-1.76405,0.39583,0.40000,-0.04075,0.00111,0.15557,0.19722,2.27396,2.57189,208,,V2,cand,fail
V2_S6_N50_W_dropL20_q20,valid,461,22,0.35249,0.24305,1.36463,-0.16305,14.19879,0.01068,-0.01028,-0.39315,-0.72026,0.50000,0.52632,-0.02257,0.02155,0.10384,0.09320,0.73736,0.76323,96,,V2,cand,fail
V2_S6_N50_W_dropL20_q20,valid2,405,20,0.71916,0.47282,1.38311,-0.34748,14.31930,0.01020,-0.00759,-0.31496,-0.78454,0.45000,0.41176,-0.02846,0.03650,0.40172,0.45886,1.38884,1.42517,84,,V2,cand,fail
V2_S6_N50_W_dropL20_q20,all,1874,90,0.42029,0.34411,1.19275,-0.38826,14.51092,0.01015,-0.01820,-1.35577,-1.63734,0.43333,0.43678,-0.03316,0.01266,0.19604,0.22818,12.58786,14.27387,388,,V2,cand,fail
V2_S6_N50_W_dropL20_q20,Y2019,252,12,0.43302,0.16822,2.22463,-0.08799,14.10395,0.00923,-0.03795,-1.20673,-2.17262,0.33333,0.33333,-0.02888,-0.09401,0.04836,0.07885,0.43302,0.48658,52,,V2,cand,fail
V2_S6_N50_W_dropL20_q20,Y2020,253,12,0.66311,0.42255,1.41938,-0.38826,15.80013,0.01055,-0.07802,-1.58951,-2.17269,0.33333,0.33333,-0.13838,0.00576,0.31258,0.37913,0.66647,0.78745,52,,V2,cand,fail
V2_S6_N50_W_dropL20_q20,Y2021,252,12,0.18234,0.32811,0.67461,-0.16995,13.84172,0.00971,0.00152,0.07011,-0.89349,0.33333,0.44444,0.01143,-0.02460,-0.04396,-0.03870,0.18234,0.17613,52,,V2,cand,fail
V2_S6_N50_W_dropL20_q20,Y2022,251,12,0.16021,0.31227,0.63261,-0.20508,15.17435,0.01006,0.01049,0.35934,-0.34794,0.58333,0.66667,-0.02173,0.03598,0.30526,0.36958,0.15953,0.14293,52,,V2,cand,fail
V2_S6_N50_W_dropL20_q20,Y2023,250,12,0.25804,0.20793,1.20866,-0.16305,13.80334,0.01065,-0.03848,-1.04133,-1.55582,0.41667,0.44444,-0.07332,0.02052,0.00242,0.00832,0.25575,0.30144,52,,V2,cand,fail
V2_S6_N50_W_dropL20_q20,Y2024,211,10,0.47361,0.27888,1.53071,-0.13680,14.66733,0.01071,0.02314,0.85891,0.36888,0.60000,0.42857,0.02817,0.02361,0.22402,0.19376,0.38352,0.35483,44,,V2,cand,fail
V2_S6_N50_W_dropL20_q20,Y2025,211,10,0.50825,0.42011,1.18882,-0.24738,14.73029,0.01161,-0.02697,-0.70667,-1.11919,0.40000,0.28571,-0.01983,-0.03915,0.24078,0.30042,0.41070,0.44016,44,,V2,cand,fail
V2_S6_N50_W_dropL20_q20,Y2026,194,10,0.98217,0.52395,1.56888,-0.34748,13.87231,0.00866,0.01348,0.12112,-0.40667,0.50000,0.42857,-0.03997,0.07433,0.57677,0.63119,0.69337,0.68396,40,,V2,cand,fail
V2_S6_N10_W_dropD5_q20,train,1008,48,0.58675,0.42599,1.29939,-0.45908,22.37106,0.01797,-0.05696,-0.99232,-1.26541,0.45833,0.48889,-0.11627,0.06702,0.36049,0.40214,5.33917,6.74293,208,,V2,cand,fail
V2_S6_N10_W_dropD5_q20,valid,461,22,0.54122,0.37202,1.34906,-0.30781,21.99383,0.01995,0.05197,0.65645,0.17911,0.40909,0.36842,0.11584,-0.09891,0.27404,0.26339,1.20635,0.99762,96,,V2,cand,fail
V2_S6_N10_W_dropD5_q20,valid2,405,20,1.21803,0.62696,1.58280,-0.37205,21.07248,0.01597,-0.13208,-1.14545,-1.57476,0.50000,0.41176,-0.09620,-0.17811,0.74012,0.79725,2.59764,3.48408,84,,V2,cand,fail
V2_S6_N10_W_dropD5_q20,all,1874,90,0.69369,0.46556,1.36536,-0.45908,21.99762,0.01803,-0.04640,-0.95788,-1.25784,0.45556,0.47126,-0.05079,-0.01803,0.42126,0.45340,49.31819,68.35725,388,,V2,cand,fail
V2_S6_N10_W_dropD5_q20,Y2019,252,12,0.68108,0.26978,2.06270,-0.20659,20.98558,0.01736,-0.01547,0.00099,-0.41198,0.41667,0.55556,-0.05303,0.26571,0.23060,0.26109,0.68108,0.70289,52,,V2,cand,fail
V2_S6_N10_W_dropD5_q20,Y2020,253,12,1.29168,0.52087,1.86038,-0.45908,22.14875,0.01733,0.05725,0.31192,0.00601,0.75000,0.66667,-0.04043,0.13974,0.68184,0.74839,1.29923,1.17044,52,,V2,cand,fail
V2_S6_N10_W_dropD5_q20,Y2021,252,12,0.12453,0.47136,0.48345,-0.35706,20.15537,0.01617,-0.13550,-0.97188,-1.65910,0.33333,0.33333,-0.14911,0.00646,-0.03742,-0.03216,0.12453,0.26643,52,,V2,cand,fail
V2_S6_N10_W_dropD5_q20,Y2022,251,12,0.46064,0.39752,1.15403,-0.25368,26.21066,0.02106,-0.13488,-1.26738,-1.69425,0.33333,0.33333,-0.28983,-0.01575,0.56647,0.63078,0.45845,0.65421,52,,V2,cand,fail
V2_S6_N10_W_dropD5_q20,Y2023,250,12,0.31804,0.31756,1.02831,-0.30781,21.34805,0.01957,0.05652,0.52666,-0.08758,0.41667,0.33333,0.14957,-0.08722,0.07765,0.08356,0.31516,0.24326,52,,V2,cand,fail
V2_S6_N10_W_dropD5_q20,Y2024,211,10,0.85506,0.42728,1.66072,-0.20177,22.75897,0.02039,0.04658,0.36680,-0.09508,0.40000,0.42857,0.08212,-0.12229,0.50672,0.47647,0.67763,0.60677,44,,V2,cand,fail
V2_S6_N10_W_dropD5_q20,Y2025,211,10,0.69373,0.61583,1.16011,-0.34681,20.97375,0.01950,-0.04516,-0.26311,-0.89437,0.50000,0.28571,-0.04465,0.00000,0.45577,0.51541,0.55458,0.61917,44,,V2,cand,fail
V2_S6_N10_W_dropD5_q20,Y2026,194,10,1.97407,0.63830,2.02824,-0.37205,21.17987,0.01214,-0.22661,-1.25488,-1.67015,0.50000,0.28571,-0.16495,-0.26717,1.04938,1.10380,1.31422,1.76936,40,,V2,cand,fail
V2_S6_N50_W_dropD5_q20,train,1008,48,0.31654,0.31988,1.02135,-0.40712,18.06614,0.01219,-0.04799,-2.87738,-3.20445,0.27083,0.28889,-0.05453,-0.03335,0.13366,0.17532,2.00429,2.57189,208,,V2,cand,fail
V2_S6_N50_W_dropD5_q20,valid,461,22,0.37448,0.24411,1.42589,-0.17699,18.68415,0.01360,0.00612,0.23247,-0.15991,0.63636,0.57895,0.01730,-0.01192,0.12024,0.10959,0.78940,0.76323,96,,V2,cand,fail
V2_S6_N50_W_dropD5_q20,valid2,405,20,0.72943,0.45795,1.42578,-0.33243,17.70268,0.01224,-0.00862,-0.16067,-0.52479,0.60000,0.64706,-0.02178,0.02534,0.40070,0.45783,1.41182,1.42517,84,,V2,cand,fail
V2_S6_N50_W_dropD5_q20,all,1874,90,0.41136,0.33925,1.18635,-0.40712,18.13962,0.01255,-0.02617,-1.45756,-1.73025,0.43333,0.44828,-0.02818,-0.01677,0.18807,0.22021,11.96564,14.27387,388,,V2,cand,fail
V2_S6_N50_W_dropD5_q20,Y2019,252,12,0.43333,0.16913,2.21483,-0.09786,16.91838,0.01128,-0.03757,-1.75975,-3.12164,0.16667,0.22222,-0.03491,-0.05915,0.04874,0.07923,0.43333,0.48658,52,,V2,cand,fail
V2_S6_N50_W_dropD5_q20,Y2020,253,12,0.67449,0.42771,1.42353,-0.40712,18.83854,0.01267,-0.06892,-1.75423,-2.29092,0.25000,0.33333,-0.08828,-0.04678,0.32168,0.38824,0.67791,0.78745,52,,V2,cand,fail
V2_S6_N50_W_dropD5_q20,Y2021,252,12,0.13381,0.32175,0.55128,-0.18581,17.30613,0.01229,-0.04245,-1.28919,-2.23441,0.25000,0.33333,-0.02958,-0.06133,-0.08793,-0.08267,0.13381,0.17613,52,,V2,cand,fail
V2_S6_N50_W_dropD5_q20,Y2022,251,12,0.10218,0.30549,0.47188,-0.19283,19.20297,0.01252,-0.04290,-1.04261,-1.41011,0.41667,0.44444,-0.09146,-0.00440,0.25188,0.31619,0.10176,0.14293,52,,V2,cand,fail
V2_S6_N50_W_dropD5_q20,Y2023,250,12,0.32460,0.21234,1.43076,-0.17699,18.46052,0.01394,0.01401,0.42583,-0.25148,0.66667,0.55556,0.04299,-0.02835,0.05491,0.06082,0.32165,0.30144,52,,V2,cand,fail
V2_S6_N50_W_dropD5_q20,Y2024,211,10,0.43603,0.27703,1.44571,-0.14983,18.94912,0.01319,-0.00324,-0.03464,-0.49569,0.60000,0.71429,-0.00838,0.02096,0.19764,0.16738,0.35392,0.35483,44,,V2,cand,fail
V2_S6_N50_W_dropD5_q20,Y2025,211,10,0.51486,0.41948,1.20003,-0.23974,16.65277,0.01286,-0.02302,-0.37283,-0.67828,0.50000,0.57143,-0.02906,-0.00000,0.24473,0.30437,0.41588,0.44016,44,,V2,cand,fail
V2_S6_N50_W_dropD5_q20,Y2026,194,10,0.99744,0.49621,1.64362,-0.33243,18.84459,0.01157,0.00705,0.10603,-0.34954,0.70000,0.71429,-0.01209,0.03801,0.57033,0.62475,0.70340,0.68396,40,,V2,cand,fail
V2_S6_N10_W_dropD20_q20,train,1008,48,0.61344,0.43234,1.32495,-0.44170,20.10791,0.01583,-0.03767,-0.75043,-1.22856,0.50000,0.53333,-0.11638,0.07989,0.37978,0.42143,5.77666,6.74293,208,,V2,cand,fail
V2_S6_N10_W_dropD20_q20,valid,461,22,0.41438,0.36818,1.12572,-0.24631,18.73806,0.01717,-0.03543,-0.43273,-0.77082,0.50000,0.52632,-0.05475,-0.01430,0.18664,0.17599,0.88555,0.99762,96,,V2,cand,fail
V2_S6_N10_W_dropD20_q20,valid2,405,20,1.30364,0.62002,1.65506,-0.36387,19.26701,0.01468,-0.09826,-0.98943,-1.42775,0.35000,0.35294,-0.08132,-0.11468,0.77393,0.83107,2.82341,3.48408,84,,V2,cand,fail
V2_S6_N10_W_dropD20_q20,all,1874,90,0.68698,0.46600,1.35590,-0.44170,19.58920,0.01591,-0.05021,-1.22283,-1.56362,0.46667,0.48276,-0.09217,0.02015,0.41745,0.44958,47.85459,68.35725,388,,V2,cand,fail
V2_S6_N10_W_dropD20_q20,Y2019,252,12,0.79831,0.26212,2.37281,-0.13483,19.17767,0.01585,0.05002,0.75329,0.36832,0.58333,0.77778,0.02363,0.19444,0.29610,0.32659,0.79831,0.70289,52,,V2,cand,fail
V2_S6_N10_W_dropD20_q20,Y2020,253,12,1.14758,0.52883,1.71681,-0.44170,19.35674,0.01468,-0.00386,-0.35561,-0.75010,0.50000,0.44444,-0.24995,0.25796,0.62072,0.68728,1.15410,1.17044,52,,V2,cand,fail
V2_S6_N10_W_dropD20_q20,Y2021,252,12,0.15510,0.48796,0.53780,-0.30207,18.85520,0.01466,-0.10095,-0.66393,-1.14123,0.50000,0.66667,-0.09425,-0.10835,-0.00288,0.00238,0.15510,0.26643,52,,V2,cand,fail
V2_S6_N10_W_dropD20_q20,Y2022,251,12,0.51700,0.39981,1.24404,-0.26077,23.05670,0.01813,-0.09626,-0.62789,-1.62407,0.41667,0.44444,-0.24925,0.00064,0.60509,0.66941,0.51449,0.65421,52,,V2,cand,fail
V2_S6_N10_W_dropD20_q20,Y2023,250,12,0.35129,0.30668,1.13515,-0.24631,17.68095,0.01621,0.07809,0.74104,0.27842,0.50000,0.55556,0.10041,0.04530,0.09922,0.10513,0.34807,0.24326,52,,V2,cand,fail
V2_S6_N10_W_dropD20_q20,Y2024,211,10,0.49295,0.42976,1.14734,-0.19335,19.99055,0.01831,-0.16992,-1.12791,-1.59644,0.50000,0.57143,-0.20991,-0.13351,0.29021,0.25996,0.39871,0.60677,44,,V2,cand,fail
V2_S6_N10_W_dropD20_q20,Y2025,211,10,0.78882,0.60194,1.26351,-0.30644,19.07973,0.01793,0.00097,-0.03843,-0.56793,0.40000,0.42857,-0.00430,-0.00000,0.50190,0.56154,0.62732,0.61917,44,,V2,cand,fail
V2_S6_N10_W_dropD20_q20,Y2026,194,10,2.03310,0.63860,2.05927,-0.36387,19.47070,0.01114,-0.20619,-1.10663,-1.73620,0.30000,0.28571,-0.18400,-0.17202,1.06980,1.12422,1.34951,1.76936,40,,V2,cand,fail
V2_S6_N50_W_dropD20_q20,train,1008,48,0.34424,0.31618,1.09532,-0.38527,15.24237,0.01025,-0.02838,-1.32909,-1.68554,0.39583,0.42222,-0.03611,-0.00906,0.15327,0.19493,2.26521,2.57189,208,,V2,cand,fail
V2_S6_N50_W_dropD20_q20,valid,461,22,0.36073,0.24127,1.39806,-0.15603,15.49263,0.01122,-0.00465,-0.12774,-0.43220,0.54545,0.52632,-0.00270,-0.00754,0.10947,0.09883,0.75679,0.76323,96,,V2,cand,fail
V2_S6_N50_W_dropD20_q20,valid2,405,20,0.74084,0.45528,1.44611,-0.31923,15.02282,0.01039,-0.00317,-0.05374,-0.63467,0.45000,0.47059,-0.01538,0.02877,0.40614,0.46328,1.43743,1.42517,84,,V2,cand,fail
V2_S6_N50_W_dropD20_q20,all,1874,90,0.42576,0.33609,1.22451,-0.38527,15.25648,0.01052,-0.01709,-0.99570,-1.32866,0.44444,0.45977,-0.02259,-0.00092,0.19715,0.22928,12.98177,14.27387,388,,V2,cand,fail
V2_S6_N50_W_dropD20_q20,Y2019,252,12,0.47743,0.16550,2.44321,-0.08852,14.35639,0.00944,-0.00784,-0.34557,-1.96140,0.25000,0.33333,-0.00410,-0.03223,0.07848,0.10897,0.47743,0.48658,52,,V2,cand,fail
V2_S6_N50_W_dropD20_q20,Y2020,253,12,0.68494,0.41749,1.46254,-0.38527,15.52768,0.01044,-0.06717,-1.37701,-1.90531,0.41667,0.33333,-0.08265,-0.03536,0.32342,0.38998,0.68843,0.78745,52,,V2,cand,fail
V2_S6_N50_W_dropD20_q20,Y2021,252,12,0.14792,0.32373,0.58813,-0.17876,14.80581,0.01057,-0.02943,-0.63733,-1.21168,0.41667,0.55556,-0.03135,-0.01619,-0.07490,-0.06964,0.14792,0.17613,52,,V2,cand,fail
V2_S6_N50_W_dropD20_q20,Y2022,251,12,0.14087,0.30425,0.58578,-0.20315,16.28259,0.01054,-0.00883,-0.15180,-0.76041,0.50000,0.55556,-0.04355,0.01942,0.28594,0.35025,0.14027,0.14293,52,,V2,cand,fail
V2_S6_N50_W_dropD20_q20,Y2023,250,12,0.30699,0.20847,1.38915,-0.15603,15.01498,0.01126,-0.00019,0.03101,-0.50859,0.50000,0.44444,0.01050,-0.01817,0.04070,0.04661,0.30421,0.30144,52,,V2,cand,fail
V2_S6_N50_W_dropD20_q20,Y2024,211,10,0.42728,0.27506,1.43176,-0.14053,16.05856,0.01117,-0.00992,-0.16381,-0.52274,0.60000,0.57143,-0.01590,0.01374,0.19095,0.16070,0.34701,0.35483,44,,V2,cand,fail
V2_S6_N50_W_dropD20_q20,Y2025,211,10,0.46007,0.42037,1.11072,-0.23974,14.89994,0.01159,-0.05949,-1.36237,-2.09147,0.30000,0.28571,-0.07600,-0.00000,0.20825,0.26789,0.37287,0.44016,44,,V2,cand,fail
V2_S6_N50_W_dropD20_q20,Y2026,194,10,1.10783,0.49009,1.76828,-0.31923,15.15646,0.00909,0.05809,0.90447,0.34738,0.60000,0.42857,0.06545,0.04315,0.62138,0.67580,0.77543,0.68396,40,,V2,cand,fail
BENCH_EW,train,1008,48,0.17506,0.25070,0.77003,-0.39756,0.71271,0.00066,0.00000,,,0.00000,0.00000,0.00000,0.00000,0.00000,0.04166,0.90649,0.90649,48,,control/benchmark,ref,control/benchmark
BENCH_EW,valid,461,22,0.24157,0.15077,1.51116,-0.13308,0.51944,0.00049,0.00000,,,0.00000,0.00000,0.00000,0.00000,0.00000,-0.01065,0.48561,0.48561,22,,control/benchmark,ref,control/benchmark
BENCH_EW,valid2,405,20,0.26467,0.18650,1.35247,-0.15559,0.56635,0.00041,0.00000,,,0.00000,0.00000,0.00000,0.00000,0.00000,0.05714,0.45845,0.45845,20,,control/benchmark,ref,control/benchmark
BENCH_EW,all,1874,90,0.21015,0.21661,0.98980,-0.39756,0.63354,0.00056,0.00000,,,0.00000,0.00000,0.00000,0.00000,0.00000,0.03214,3.13078,3.13078,90,,control/benchmark,ref,control/benchmark
BENCH_EW,Y2019,252,12,0.37285,0.13239,2.46138,-0.06527,1.02743,0.00091,0.00000,,,0.00000,0.00000,0.00000,0.00000,0.00000,0.03049,0.37285,0.37285,12,,control/benchmark,ref,control/benchmark
BENCH_EW,Y2020,253,12,0.24131,0.37398,0.76789,-0.39756,0.68962,0.00074,0.00000,,,0.00000,0.00000,0.00000,0.00000,0.00000,0.06656,0.24237,0.24237,12,,control/benchmark,ref,control/benchmark
BENCH_EW,Y2021,252,12,0.28840,0.15339,1.72960,-0.07619,0.54169,0.00044,0.00000,,,0.00000,0.00000,0.00000,0.00000,0.00000,0.00526,0.28840,0.28840,12,,control/benchmark,ref,control/benchmark
BENCH_EW,Y2022,251,12,-0.13291,0.26405,-0.40795,-0.22400,0.59173,0.00055,0.00000,,,0.00000,0.00000,0.00000,0.00000,0.00000,0.06431,-0.13242,-0.13242,12,,control/benchmark,ref,control/benchmark
BENCH_EW,Y2023,250,12,0.26622,0.15979,1.55771,-0.13308,0.51747,0.00047,0.00000,,,0.00000,0.00000,0.00000,0.00000,0.00000,0.00591,0.26385,0.26385,12,,control/benchmark,ref,control/benchmark
BENCH_EW,Y2024,211,10,0.21298,0.13931,1.45627,-0.07974,0.52179,0.00050,0.00000,,,0.00000,0.00000,0.00000,0.00000,0.00000,-0.03026,0.17547,0.17547,10,,control/benchmark,ref,control/benchmark
BENCH_EW,Y2025,211,10,0.26535,0.21604,1.19727,-0.15559,0.49805,0.00040,0.00000,,,0.00000,0.00000,0.00000,0.00000,0.00000,0.05964,0.21781,0.21781,10,,control/benchmark,ref,control/benchmark
BENCH_EW,Y2026,194,10,0.26394,0.14781,1.65918,-0.08429,0.64063,0.00042,0.00000,,,0.00000,0.00000,0.00000,0.00000,0.00000,0.05442,0.19760,0.19760,10,,control/benchmark,ref,control/benchmark
BH_SPY,train,1008,48,0.13535,0.22030,0.68719,-0.33794,0.12502,0.00004,-0.04166,-1.33246,-2.22772,0.47917,0.48889,-0.06279,-0.00179,-0.04166,0.00000,0.66159,0.90649,5,,control/benchmark,ref,control/benchmark
BH_SPY,valid,461,22,0.25889,0.12758,1.86930,-0.09975,0.00000,0.00000,0.01065,0.14913,-0.20939,0.54545,0.52632,-0.02362,0.09352,0.01065,0.00000,0.52376,0.48561,0,,control/benchmark,ref,control/benchmark
BH_SPY,valid2,405,20,0.19759,0.17235,1.13195,-0.14697,0.00000,0.00000,-0.05714,-1.19545,-2.03321,0.45000,0.47059,-0.04701,-0.06923,-0.05714,0.00000,0.33614,0.45845,0,,control/benchmark,ref,control/benchmark
BH_SPY,all,1874,90,0.17808,0.19114,0.95353,-0.33794,0.06724,0.00002,-0.03214,-1.35759,-1.86342,0.48889,0.49425,-0.04890,0.00398,-0.03214,0.00000,2.38291,3.13078,5,,control/benchmark,ref,control/benchmark
BH_SPY,Y2019,252,12,0.33305,0.12431,2.37616,-0.06589,0.50007,0.00015,-0.03049,-1.05764,-1.36079,0.41667,0.44444,-0.04920,0.04762,-0.03049,0.00000,0.33305,0.37285,5,,control/benchmark,ref,control/benchmark
BH_SPY,Y2020,253,12,0.18374,0.32047,0.68844,-0.33794,0.00000,0.00000,-0.06656,-0.68911,-1.97660,0.41667,0.22222,-0.18940,0.09661,-0.06656,0.00000,0.18453,0.24237,0,,control/benchmark,ref,control/benchmark
BH_SPY,Y2021,252,12,0.28601,0.12932,2.01082,-0.05113,0.00000,0.00000,-0.00526,-0.03203,-0.47066,0.66667,0.77778,0.01047,-0.03865,-0.00526,0.00000,0.28601,0.28840,0,,control/benchmark,ref,control/benchmark
BH_SPY,Y2022,251,12,-0.18241,0.24192,-0.71112,-0.24496,0.00000,0.00000,-0.06431,-1.53834,-2.06622,0.41667,0.33333,-0.04459,-0.07039,-0.06431,0.00000,-0.18175,-0.13242,0,,control/benchmark,ref,control/benchmark
BH_SPY,Y2023,250,12,0.26412,0.13051,1.86189,-0.09975,0.00000,0.00000,-0.00591,-0.12466,-0.61894,0.58333,0.55556,-0.07831,0.12539,-0.00591,0.00000,0.26177,0.26385,0,,control/benchmark,ref,control/benchmark
BH_SPY,Y2024,211,10,0.25273,0.12401,1.87989,-0.08406,0.00000,0.00000,0.03026,0.40926,-0.18770,0.50000,0.57143,0.03107,0.02977,0.03026,0.00000,0.20764,0.17547,0,,control/benchmark,ref,control/benchmark
BH_SPY,Y2025,211,10,0.19535,0.20380,0.97655,-0.14697,0.00000,0.00000,-0.05964,-1.63584,-2.23372,0.30000,0.28571,-0.06667,-0.02592,-0.05964,0.00000,0.16115,0.21781,0,,control/benchmark,ref,control/benchmark
BH_SPY,Y2026,194,10,0.20003,0.12977,1.47051,-0.08880,0.00000,0.00000,-0.05442,-0.57438,-1.37987,0.60000,0.71429,-0.02079,-0.09089,-0.05442,0.00000,0.15071,0.19760,0,,control/benchmark,ref,control/benchmark
S6_N20_W,train,1008,48,0.55781,0.39404,1.32476,-0.43998,16.49743,0.01241,0.32896,2.59292,2.34199,0.72917,0.71111,0.32227,0.32685,0.32896,0.37061,4.88925,0.90649,208,,control/benchmark,ref,control/benchmark
S6_N20_W,valid,461,22,0.47471,0.31672,1.38570,-0.19957,14.94329,0.01312,0.21104,1.33237,0.86270,0.59091,0.57895,0.35537,-0.19175,0.21104,0.20040,1.03529,0.48561,96,,control/benchmark,ref,control/benchmark
S6_N20_W,valid2,405,20,1.01797,0.56315,1.52867,-0.33893,16.14646,0.01218,0.60865,1.61731,1.21817,0.65000,0.64706,0.45548,0.86685,0.60865,0.66578,2.09059,0.45845,84,,control/benchmark,ref,control/benchmark
S6_N20_W,all,1874,90,0.62536,0.42050,1.36691,-0.43998,16.03927,0.01253,0.36040,3.20525,3.02223,0.67778,0.66667,0.36152,0.33128,0.36040,0.39253,36.04473,3.13078,388,,control/benchmark,ref,control/benchmark
S6_N20_W,Y2019,252,12,0.70487,0.23656,2.37623,-0.16355,16.50964,0.01314,0.23625,1.14359,0.77652,0.83333,0.77778,0.16378,0.63588,0.23625,0.26674,0.70487,0.37285,52,,control/benchmark,ref,control/benchmark
S6_N20_W,Y2020,253,12,0.96489,0.49388,1.62188,-0.43998,16.80154,0.01226,0.51384,2.51564,2.86745,0.83333,0.88889,0.80497,0.12277,0.51384,0.58039,0.97016,0.24237,52,,control/benchmark,ref,control/benchmark
S6_N20_W,Y2021,252,12,0.17328,0.41770,0.59081,-0.26952,14.54293,0.01066,-0.01852,-0.19912,-0.69811,0.50000,0.44444,-0.22923,0.45621,-0.01852,-0.01326,0.17328,0.28840,52,,control/benchmark,ref,control/benchmark
S6_N20_W,Y2022,251,12,0.49679,0.38169,1.24923,-0.22128,18.14095,0.01359,0.58454,2.22159,1.91453,0.75000,0.66667,0.95615,0.32887,0.58454,0.64885,0.49440,-0.13242,52,,control/benchmark,ref,control/benchmark
S6_N20_W,Y2023,250,12,0.34987,0.26047,1.28272,-0.19957,14.29219,0.01261,0.08521,0.49676,0.05463,0.58333,0.55556,0.20231,-0.16177,0.08521,0.09111,0.34666,0.26385,52,,control/benchmark,ref,control/benchmark
S6_N20_W,Y2024,211,10,0.63766,0.37238,1.51193,-0.17931,15.71473,0.01371,0.36014,1.26521,0.69722,0.60000,0.57143,0.50844,-0.25172,0.36014,0.32988,0.51136,0.17547,44,,control/benchmark,ref,control/benchmark
S6_N20_W,Y2025,211,10,0.58868,0.53992,1.12699,-0.26759,16.85470,0.01480,0.34982,0.72391,0.19436,0.60000,0.57143,0.32205,0.27583,0.34982,0.40946,0.47342,0.21781,44,,control/benchmark,ref,control/benchmark
S6_N20_W,Y2026,194,10,1.61755,0.58690,1.93458,-0.33893,15.37615,0.00933,0.89015,1.45236,0.94753,0.70000,0.57143,0.63339,1.16237,0.89015,0.94457,1.09755,0.19760,40,,control/benchmark,ref,control/benchmark
S6_N20_M,train,1008,48,0.61481,0.39367,1.41690,-0.40595,6.88374,0.00520,0.36475,2.72225,2.65154,0.75000,0.73333,0.36757,0.37208,0.36475,0.40641,5.79968,0.90649,48,,control/benchmark,ref,control/benchmark
S6_N20_M,valid,461,22,0.44312,0.31811,1.31274,-0.21963,6.63279,0.00594,0.18977,0.93734,0.33089,0.50000,0.52632,0.31014,-0.13486,0.18977,0.17912,0.95623,0.48561,22,,control/benchmark,ref,control/benchmark
S6_N20_M,valid2,405,20,1.03156,0.55987,1.54648,-0.33182,7.42063,0.00533,0.61359,1.64213,1.23621,0.65000,0.64706,0.47533,0.83865,0.61359,0.67073,2.12410,0.45845,20,,control/benchmark,ref,control/benchmark
S6_N20_M,all,1874,90,0.65067,0.41964,1.40569,-0.40595,6.93804,0.00541,0.37548,3.18220,3.00278,0.66667,0.65517,0.37724,0.36373,0.37548,0.40762,40.55604,3.13078,90,,control/benchmark,ref,control/benchmark
S6_N20_M,Y2019,252,12,0.68854,0.24251,2.28398,-0.17144,6.81620,0.00538,0.22802,1.15092,0.76856,0.91667,0.88889,0.14964,0.64134,0.22802,0.25851,0.68854,0.37285,12,,control/benchmark,ref,control/benchmark
S6_N20_M,Y2020,253,12,1.54475,0.49128,2.15467,-0.40595,7.25791,0.00579,0.77137,2.34327,2.95942,0.91667,0.88889,1.31336,0.21209,0.77137,0.83793,1.55420,0.24237,12,,control/benchmark,ref,control/benchmark
S6_N20_M,Y2021,252,12,0.27499,0.41293,0.79485,-0.27638,6.99571,0.00493,0.06292,0.04525,-0.57815,0.50000,0.55556,-0.25176,0.80346,0.06292,0.06818,0.27499,0.28840,12,,control/benchmark,ref,control/benchmark
S6_N20_M,Y2022,251,12,0.23761,0.38389,0.74886,-0.19286,6.46199,0.00470,0.39520,2.01596,1.70206,0.66667,0.55556,0.59410,0.22456,0.39520,0.45951,0.23656,-0.13242,12,,control/benchmark,ref,control/benchmark
S6_N20_M,Y2023,250,12,0.30433,0.26348,1.14070,-0.21963,6.24278,0.00589,0.05165,0.21882,-0.40821,0.50000,0.55556,0.10754,-0.08891,0.05165,0.05756,0.30158,0.26385,12,,control/benchmark,ref,control/benchmark
S6_N20_M,Y2024,211,10,0.62679,0.37242,1.49366,-0.20465,7.09489,0.00600,0.35341,0.94927,0.23646,0.50000,0.42857,0.51275,-0.22674,0.35341,0.32315,0.50297,0.17547,10,,control/benchmark,ref,control/benchmark
S6_N20_M,Y2025,211,10,0.64885,0.54301,1.19117,-0.24706,7.56651,0.00620,0.38815,0.87063,0.31371,0.60000,0.57143,0.34666,0.34295,0.38815,0.44779,0.52001,0.21781,10,,control/benchmark,ref,control/benchmark
S6_N20_M,Y2026,194,10,1.54930,0.57728,1.91247,-0.33182,7.26197,0.00439,0.85879,1.36345,0.83206,0.70000,0.71429,0.64689,1.08650,0.85879,0.91321,1.05532,0.19760,10,,control/benchmark,ref,control/benchmark
S6_N10_W,train,1008,48,0.66812,0.44274,1.37888,-0.45426,18.41442,0.01492,0.41745,2.68238,2.44296,0.68750,0.66667,0.44741,0.35513,0.41745,0.45910,6.74293,0.90649,208,,control/benchmark,ref,control/benchmark
S6_N10_W,valid,461,22,0.45973,0.37862,1.18825,-0.29196,16.23135,0.01528,0.22207,0.94383,0.47812,0.54545,0.52632,0.40552,-0.24927,0.22207,0.21142,0.99762,0.48561,96,,control/benchmark,ref,control/benchmark
S6_N10_W,valid2,405,20,1.54381,0.61897,1.81663,-0.32843,18.61660,0.01401,0.87219,2.01874,1.66473,0.60000,0.58824,0.68749,1.23370,0.87219,0.92933,3.48408,0.45845,84,,control/benchmark,ref,control/benchmark
S6_N10_W,all,1874,90,0.76838,0.47300,1.44197,-0.45426,17.92108,0.01481,0.46766,3.37536,3.19937,0.63333,0.62069,0.49152,0.41186,0.46766,0.49980,68.35725,3.13078,388,,control/benchmark,ref,control/benchmark
S6_N10_W,Y2019,252,12,0.70289,0.27919,2.04859,-0.15218,17.90586,0.01502,0.24607,1.09699,0.76443,0.75000,0.66667,0.14168,0.74473,0.24607,0.27656,0.70289,0.37285,52,,control/benchmark,ref,control/benchmark
S6_N10_W,Y2020,253,12,1.16381,0.52285,1.74384,-0.45268,18.55192,0.01423,0.62458,2.06138,1.97538,0.75000,0.77778,1.17236,-0.04848,0.62458,0.69114,1.17044,0.24237,52,,control/benchmark,ref,control/benchmark
S6_N10_W,Y2021,252,12,0.26643,0.50698,0.71674,-0.32777,16.63387,0.01350,0.09808,0.11603,-0.44110,0.50000,0.44444,-0.18303,0.71980,0.09808,0.10334,0.26643,0.28840,52,,control/benchmark,ref,control/benchmark
S6_N10_W,Y2022,251,12,0.65753,0.41802,1.42009,-0.22856,20.57405,0.01694,0.70135,2.34202,1.96318,0.75000,0.77778,1.17870,0.37583,0.70135,0.76567,0.65421,-0.13242,52,,control/benchmark,ref,control/benchmark
S6_N10_W,Y2023,250,12,0.24542,0.31780,0.84969,-0.29196,14.50231,0.01426,0.02113,0.08447,-0.32758,0.50000,0.44444,0.19775,-0.32088,0.02113,0.02704,0.24326,0.26385,52,,control/benchmark,ref,control/benchmark
S6_N10_W,Y2024,211,10,0.76186,0.43956,1.50836,-0.18591,18.27996,0.01649,0.46014,1.18239,0.62293,0.60000,0.57143,0.61328,-0.10604,0.46014,0.42988,0.60677,0.17547,44,,control/benchmark,ref,control/benchmark
S6_N10_W,Y2025,211,10,0.77812,0.61065,1.24390,-0.32843,18.73339,0.01696,0.50093,0.86240,0.28616,0.50000,0.42857,0.46128,0.50270,0.50093,0.56057,0.61917,0.21781,44,,control/benchmark,ref,control/benchmark
S6_N10_W,Y2026,194,10,2.75524,0.62693,2.42650,-0.31730,18.48957,0.01081,1.27599,1.89809,1.46898,0.70000,0.71429,0.98911,1.59920,1.27599,1.33041,1.76936,0.19760,40,,control/benchmark,ref,control/benchmark
S6_N50_W,train,1008,48,0.37475,0.33409,1.12154,-0.41074,13.65106,0.00936,0.18165,2.21578,1.99125,0.68750,0.68889,0.10904,0.27777,0.18165,0.22330,2.57189,0.90649,208,,control/benchmark,ref,control/benchmark
S6_N50_W,valid,461,22,0.36346,0.25188,1.35759,-0.16241,13.48353,0.01007,0.11412,1.14551,0.71183,0.72727,0.73684,0.17107,-0.06560,0.11412,0.10348,0.76323,0.48561,96,,control/benchmark,ref,control/benchmark
S6_N50_W,valid2,405,20,0.73538,0.46907,1.41034,-0.34024,13.42122,0.00957,0.40931,1.50399,1.13729,0.70000,0.70588,0.26499,0.64218,0.40931,0.46645,1.42517,0.45845,84,,control/benchmark,ref,control/benchmark
S6_N50_W,all,1874,90,0.44281,0.35108,1.22091,-0.41074,13.56017,0.00958,0.21424,2.76387,2.54925,0.70000,0.70115,0.16110,0.28212,0.21424,0.24637,14.27387,3.13078,388,,control/benchmark,ref,control/benchmark
S6_N50_W,Y2019,252,12,0.48658,0.17514,2.35347,-0.10845,13.17962,0.00874,0.08631,0.58571,0.23691,0.66667,0.66667,-0.00107,0.51469,0.08631,0.11680,0.48658,0.37285,52,,control/benchmark,ref,control/benchmark
S6_N50_W,Y2020,253,12,0.78335,0.44069,1.53798,-0.41074,14.44208,0.01018,0.39060,4.22047,4.34194,0.91667,0.88889,0.42602,0.31458,0.39060,0.45715,0.78745,0.24237,52,,control/benchmark,ref,control/benchmark
S6_N50_W,Y2021,252,12,0.17613,0.33938,0.64772,-0.17778,12.83847,0.00898,-0.04548,-0.48827,-0.99340,0.50000,0.44444,-0.18161,0.22212,-0.04548,-0.04022,0.17613,0.28840,52,,control/benchmark,ref,control/benchmark
S6_N50_W,Y2022,251,12,0.14353,0.32472,0.57605,-0.20204,14.14287,0.00953,0.29478,1.65277,1.26422,0.66667,0.66667,0.40868,0.20763,0.29478,0.35909,0.14293,-0.13242,52,,control/benchmark,ref,control/benchmark
S6_N50_W,Y2023,250,12,0.30418,0.21932,1.32132,-0.16241,13.17693,0.01011,0.04090,0.32515,-0.35582,0.75000,0.77778,0.08375,-0.04994,0.04090,0.04680,0.30144,0.26385,52,,control/benchmark,ref,control/benchmark
S6_N50_W,Y2024,211,10,0.43718,0.28565,1.41345,-0.13529,13.84679,0.01003,0.20088,1.26989,0.72216,0.70000,0.71429,0.25839,-0.09690,0.20088,0.17062,0.35483,0.17547,44,,control/benchmark,ref,control/benchmark
S6_N50_W,Y2025,211,10,0.54594,0.42572,1.23649,-0.23974,13.75427,0.01104,0.26774,0.94447,0.45644,0.60000,0.57143,0.26311,0.13692,0.26774,0.32738,0.44016,0.21781,44,,control/benchmark,ref,control/benchmark
S6_N50_W,Y2026,194,10,0.96788,0.51190,1.57947,-0.34024,13.05897,0.00797,0.56328,1.16182,0.71038,0.80000,0.85714,0.26751,0.89481,0.56328,0.61770,0.68396,0.19760,40,,control/benchmark,ref,control/benchmark
CTRL_P_ALL_H20_K20,train,1008,48,0.12423,0.25486,0.58784,-0.37897,11.50238,0.00761,0.00789,0.10964,-0.33938,0.47917,0.48889,0.03296,-0.04598,-0.04323,-0.00158,0.59742,0.57579,471,0.91285,control/benchmark,ref,control/benchmark
CTRL_P_ALL_H20_K20,valid,461,22,0.23939,0.15979,1.42361,-0.13090,11.89389,0.00759,0.01363,0.31890,-0.16693,0.54545,0.57895,0.01633,0.00660,-0.00035,-0.01100,0.48086,0.45089,259,0.94363,control/benchmark,ref,control/benchmark
CTRL_P_ALL_H20_K20,valid2,405,20,0.22763,0.21737,1.05310,-0.14908,11.69988,0.00715,-0.02497,-0.30021,-0.68597,0.55000,0.52941,0.02567,-0.14402,-0.02332,0.03382,0.39041,0.47474,199,0.93202,control/benchmark,ref,control/benchmark
CTRL_P_ALL_H20_K20,all,1874,90,0.17363,0.22679,0.82019,-0.37897,11.64138,0.00751,0.00220,0.01253,-0.32053,0.51111,0.51724,0.02692,-0.05538,-0.02838,0.00376,2.28909,2.37169,929,0.92456,control/benchmark,ref,control/benchmark
CTRL_P_ALL_H20_K20,Y2019,252,12,0.19123,0.12150,1.50157,-0.07851,10.34765,0.00710,0.04422,1.02831,0.33389,0.58333,0.66667,0.05383,0.00138,-0.14342,-0.11293,0.19123,0.14070,87,0.81482,control/benchmark,ref,control/benchmark
CTRL_P_ALL_H20_K20,Y2020,253,12,0.12082,0.37016,0.49557,-0.37897,11.75599,0.00874,-0.09292,-1.01288,-2.02856,0.33333,0.22222,-0.21348,0.04595,-0.10374,-0.03719,0.12133,0.23756,118,0.93776,control/benchmark,ref,control/benchmark
CTRL_P_ALL_H20_K20,Y2021,252,12,0.27663,0.18283,1.42773,-0.10998,11.99447,0.00672,0.00891,0.09940,-0.75564,0.50000,0.44444,0.14368,-0.38412,-0.00426,0.00100,0.27663,0.27265,141,0.96058,control/benchmark,ref,control/benchmark
CTRL_P_ALL_H20_K20,Y2022,251,12,-0.06349,0.27233,-0.10467,-0.21254,11.91205,0.00789,0.07200,0.80416,0.22398,0.50000,0.44444,0.13692,0.01975,0.07921,0.14353,-0.06325,-0.12289,125,0.93823,control/benchmark,ref,control/benchmark
CTRL_P_ALL_H20_K20,Y2023,250,12,0.29893,0.16479,1.67024,-0.13090,11.91759,0.00753,0.03598,0.67102,0.02618,0.50000,0.55556,0.06336,-0.01341,0.02634,0.03224,0.29623,0.25319,138,0.94389,control/benchmark,ref,control/benchmark
CTRL_P_ALL_H20_K20,Y2024,211,10,0.17238,0.15358,1.11272,-0.07844,11.86580,0.00767,-0.01286,-0.22418,-0.70860,0.60000,0.85714,-0.03071,0.04663,-0.03197,-0.06223,0.14243,0.15776,121,0.94331,control/benchmark,ref,control/benchmark
CTRL_P_ALL_H20_K20,Y2025,211,10,0.29953,0.21413,1.33220,-0.12127,11.36874,0.00720,0.01995,0.17462,-0.32506,0.60000,0.57143,0.04974,-0.09112,0.02660,0.08624,0.24530,0.23441,99,0.91145,control/benchmark,ref,control/benchmark
CTRL_P_ALL_H20_K20,Y2026,194,10,0.15393,0.22078,0.75926,-0.14908,12.06005,0.00711,-0.07383,-0.60692,-1.00662,0.50000,0.42857,-0.00642,-0.17047,-0.07762,-0.02320,0.11653,0.19470,100,0.95439,control/benchmark,ref,control/benchmark
CTRL_P_ALL_H20_K50,train,1008,48,0.11770,0.22397,0.60991,-0.35740,10.09369,0.00679,0.03422,0.96771,0.63004,0.50000,0.53333,0.04721,0.00977,-0.05644,-0.01479,0.56061,0.36650,710,0.80071,control/benchmark,ref,control/benchmark
CTRL_P_ALL_H20_K50,valid,461,22,0.13837,0.13545,1.02485,-0.11802,10.55445,0.00669,-0.03918,-1.31404,-1.64881,0.40909,0.42105,-0.04641,-0.02269,-0.08902,-0.09966,0.26754,0.36269,349,0.83724,control/benchmark,ref,control/benchmark
CTRL_P_ALL_H20_K50,valid2,405,20,0.18342,0.17980,1.02717,-0.14769,10.60634,0.00636,-0.05461,-0.85648,-1.26171,0.45000,0.52941,-0.01125,-0.14796,-0.06755,-0.01041,0.31083,0.44268,288,0.84270,control/benchmark,ref,control/benchmark
CTRL_P_ALL_H20_K50,all,1874,90,0.13670,0.19617,0.75209,-0.35740,10.31783,0.00667,-0.00303,-0.13412,-0.44771,0.46667,0.48276,0.00924,-0.02958,-0.06686,-0.03472,1.59300,1.68644,1347,0.81877,control/benchmark,ref,control/benchmark
CTRL_P_ALL_H20_K50,Y2019,252,12,0.11129,0.10774,1.03372,-0.08426,8.82060,0.00626,-0.00588,-0.13568,-0.63576,0.41667,0.55556,0.01639,-0.11084,-0.21449,-0.18400,0.11129,0.11826,153,0.70143,control/benchmark,ref,control/benchmark
CTRL_P_ALL_H20_K50,Y2020,253,12,0.11729,0.33389,0.50167,-0.35740,10.49246,0.00809,0.00942,0.03360,-0.50972,0.66667,0.66667,-0.06189,0.09258,-0.11967,-0.05312,0.11778,0.10815,182,0.83175,control/benchmark,ref,control/benchmark
CTRL_P_ALL_H20_K50,Y2021,252,12,0.27279,0.15642,1.62107,-0.10998,10.58675,0.00612,0.05283,0.57509,0.04501,0.41667,0.33333,0.13275,-0.16845,-0.01173,-0.00647,0.27279,0.21146,184,0.83905,control/benchmark,ref,control/benchmark
CTRL_P_ALL_H20_K50,Y2022,251,12,-0.01296,0.22965,0.05815,-0.16318,10.47490,0.00669,0.08080,1.29081,0.88400,0.50000,0.44444,0.10761,0.06146,0.12107,0.18539,-0.01291,-0.08975,191,0.83062,control/benchmark,ref,control/benchmark
CTRL_P_ALL_H20_K50,Y2023,250,12,0.16000,0.14007,1.12987,-0.11802,10.48102,0.00675,-0.02984,-1.11295,-2.18227,0.25000,0.22222,-0.03649,-0.01603,-0.09063,-0.08473,0.15863,0.19373,188,0.83343,control/benchmark,ref,control/benchmark
CTRL_P_ALL_H20_K50,Y2024,211,10,0.11327,0.12974,0.89230,-0.07225,10.64145,0.00661,-0.05024,-0.86279,-1.17424,0.60000,0.71429,-0.05632,-0.03601,-0.08710,-0.11736,0.09400,0.14155,161,0.84175,control/benchmark,ref,control/benchmark
CTRL_P_ALL_H20_K50,Y2025,211,10,0.29468,0.18287,1.50494,-0.14769,10.19594,0.00636,0.01474,0.19779,-0.35387,0.50000,0.71429,0.04569,-0.10676,0.01656,0.07619,0.24140,0.23019,141,0.81385,control/benchmark,ref,control/benchmark
CTRL_P_ALL_H20_K50,Y2026,194,10,0.07324,0.17619,0.48939,-0.13129,11.05270,0.00637,-0.13003,-1.27594,-2.04470,0.40000,0.28571,-0.08717,-0.16856,-0.15902,-0.10460,0.05592,0.17272,147,0.87409,control/benchmark,ref,control/benchmark
CTRL_P_ALL_H40_K20,train,1008,48,0.11524,0.25339,0.55838,-0.37571,5.83724,0.00391,-0.00909,-0.36510,-0.67982,0.41667,0.44444,-0.04196,0.03864,-0.05156,-0.00990,0.54694,0.61947,292,0.93179,control/benchmark,ref,control/benchmark
CTRL_P_ALL_H40_K20,valid,461,22,0.07530,0.16471,0.52327,-0.17308,6.06790,0.00405,-0.11983,-1.99091,-2.38807,0.40909,0.36842,-0.10877,-0.14105,-0.14164,-0.15229,0.14204,0.42901,186,0.97140,control/benchmark,ref,control/benchmark
CTRL_P_ALL_H40_K20,valid2,405,20,0.16139,0.23572,0.75167,-0.17947,5.85074,0.00323,-0.08249,-1.01708,-1.51646,0.40000,0.41176,-0.11913,-0.01342,-0.07505,-0.01791,0.27183,0.47846,97,0.93447,control/benchmark,ref,control/benchmark
CTRL_P_ALL_H40_K20,all,1874,90,0.11501,0.23070,0.58777,-0.37571,5.89690,0.00380,-0.05220,-1.78955,-2.07076,0.41111,0.42529,-0.07719,-0.00931,-0.07880,-0.04666,1.24691,2.42150,575,0.94211,control/benchmark,ref,control/benchmark
CTRL_P_ALL_H40_K20,Y2019,252,12,0.13989,0.12241,1.13121,-0.06962,5.47654,0.00372,-0.00600,-0.31059,-0.98743,0.33333,0.44444,-0.02408,0.07427,-0.18739,-0.15690,0.13989,0.14767,38,0.82556,control/benchmark,ref,control/benchmark
CTRL_P_ALL_H40_K20,Y2020,253,12,0.18052,0.36649,0.63896,-0.37571,5.96033,0.00442,-0.04328,-0.76723,-1.29062,0.41667,0.33333,-0.15178,0.08403,-0.05301,0.01355,0.18130,0.23302,66,0.95899,control/benchmark,ref,control/benchmark
CTRL_P_ALL_H40_K20,Y2021,252,12,0.31290,0.18370,1.57518,-0.09544,5.94408,0.00353,0.02905,0.27151,-0.11098,0.58333,0.66667,0.06178,-0.06425,0.02407,0.02933,0.31290,0.28280,83,0.97007,control/benchmark,ref,control/benchmark
CTRL_P_ALL_H40_K20,Y2022,251,12,-0.12544,0.27054,-0.35993,-0.24076,5.96803,0.00399,-0.01604,-0.32671,-1.02182,0.33333,0.33333,-0.11071,0.04014,0.01035,0.07466,-0.12497,-0.10787,105,0.97259,control/benchmark,ref,control/benchmark
CTRL_P_ALL_H40_K20,Y2023,250,12,0.17550,0.17876,0.99417,-0.17308,6.12364,0.00424,-0.06447,-0.80077,-1.12450,0.58333,0.55556,-0.07892,-0.02650,-0.07118,-0.06527,0.17399,0.25614,98,0.97590,control/benchmark,ref,control/benchmark
CTRL_P_ALL_H40_K20,Y2024,211,10,-0.03242,0.14604,-0.15243,-0.11940,6.00186,0.00383,-0.18542,-2.02466,-2.99044,0.20000,0.28571,-0.13861,-0.37015,-0.22513,-0.25539,-0.02721,0.13762,88,0.96606,control/benchmark,ref,control/benchmark
CTRL_P_ALL_H40_K20,Y2025,211,10,0.18267,0.25508,0.78377,-0.16665,5.43462,0.00286,-0.07118,-0.92096,-1.95967,0.30000,0.28571,-0.10536,0.01611,-0.05873,0.00091,0.15082,0.23197,39,0.91422,control/benchmark,ref,control/benchmark
CTRL_P_ALL_H40_K20,Y2026,194,10,0.13868,0.21267,0.71686,-0.17947,6.30333,0.00365,-0.09480,-0.61254,-1.17031,0.50000,0.57143,-0.13748,-0.02819,-0.09280,-0.03838,0.10515,0.20007,58,0.95651,control/benchmark,ref,control/benchmark
CTRL_P_ALL_H40_K50,train,1008,48,0.13062,0.24917,0.61852,-0.39554,5.72004,0.00384,0.00093,0.08849,-0.28000,0.45833,0.48889,0.02603,-0.04016,-0.03893,0.00273,0.63404,0.64456,539,0.90835,control/benchmark,ref,control/benchmark
CTRL_P_ALL_H40_K50,valid,461,22,0.17261,0.15358,1.11393,-0.13422,5.99869,0.00364,-0.04163,-1.54010,-1.99610,0.36364,0.31579,-0.04673,-0.02925,-0.05676,-0.06740,0.33816,0.44712,312,0.95829,control/benchmark,ref,control/benchmark
CTRL_P_ALL_H40_K50,valid2,405,20,0.21071,0.20643,1.02861,-0.16405,5.78094,0.00329,-0.04646,-0.84404,-1.27210,0.35000,0.35294,-0.07473,0.01175,-0.03989,0.01724,0.35974,0.47788,202,0.90953,control/benchmark,ref,control/benchmark
CTRL_P_ALL_H40_K50,all,1874,90,0.15781,0.22002,0.77661,-0.39554,5.80175,0.00367,-0.01978,-0.93129,-1.23533,0.41111,0.42529,-0.01618,-0.02716,-0.04352,-0.01139,1.97323,2.51717,1053,0.92089,control/benchmark,ref,control/benchmark
CTRL_P_ALL_H40_K50,Y2019,252,12,0.12130,0.12125,1.00533,-0.07692,4.93270,0.00355,-0.02776,-0.94779,-1.37313,0.25000,0.33333,-0.02696,-0.03349,-0.20396,-0.17347,0.12130,0.15382,85,0.78238,control/benchmark,ref,control/benchmark
CTRL_P_ALL_H40_K50,Y2020,253,12,0.20315,0.37450,0.68413,-0.39554,5.98178,0.00457,-0.01723,-0.21097,-0.95922,0.50000,0.55556,0.00667,-0.04721,-0.03097,0.03558,0.20403,0.23054,151,0.95433,control/benchmark,ref,control/benchmark
CTRL_P_ALL_H40_K50,Y2021,252,12,0.37192,0.16595,1.98973,-0.07843,6.02797,0.00339,0.07033,1.01673,0.55428,0.75000,0.66667,0.09775,0.00043,0.06490,0.07016,0.37192,0.28263,150,0.96040,control/benchmark,ref,control/benchmark
CTRL_P_ALL_H40_K50,Y2022,251,12,-0.11823,0.25525,-0.36516,-0.23435,5.93754,0.00384,-0.02163,-0.40135,-1.16803,0.33333,0.33333,0.03000,-0.05443,0.01451,0.07882,-0.11779,-0.09695,153,0.93622,control/benchmark,ref,control/benchmark
CTRL_P_ALL_H40_K50,Y2023,250,12,0.20164,0.15984,1.22951,-0.13422,6.03558,0.00381,-0.04081,-1.05206,-1.31471,0.50000,0.44444,-0.05706,-0.00619,-0.05238,-0.04647,0.19989,0.25058,162,0.95663,control/benchmark,ref,control/benchmark
CTRL_P_ALL_H40_K50,Y2024,211,10,0.13913,0.14579,0.96662,-0.09879,5.95498,0.00345,-0.04260,-1.07862,-1.90379,0.20000,0.28571,-0.03640,-0.07538,-0.06195,-0.09221,0.11524,0.15716,150,0.96026,control/benchmark,ref,control/benchmark
CTRL_P_ALL_H40_K50,Y2025,211,10,0.30020,0.23151,1.24847,-0.16405,5.40148,0.00323,0.00729,0.05981,-0.42092,0.40000,0.42857,-0.01140,0.06875,0.03037,0.09001,0.24584,0.24426,79,0.86721,control/benchmark,ref,control/benchmark
CTRL_P_ALL_H40_K50,Y2026,194,10,0.12035,0.17499,0.73681,-0.14430,6.19364,0.00336,-0.10491,-1.18121,-2.05093,0.30000,0.42857,-0.15918,-0.01674,-0.11632,-0.06190,0.09143,0.18776,123,0.95556,control/benchmark,ref,control/benchmark
CTRL_P_ALL_H60_K20,train,1008,48,0.11128,0.23819,0.56315,-0.36842,3.84534,0.00259,-0.01100,-0.32022,-0.62522,0.50000,0.53333,-0.02894,0.02002,-0.05891,-0.01725,0.52510,0.58586,134,0.93896,control/benchmark,ref,control/benchmark
CTRL_P_ALL_H60_K20,valid,461,22,0.14724,0.14964,0.99309,-0.17830,4.35807,0.00263,-0.08198,-1.61913,-1.77791,0.40909,0.42105,-0.12024,0.01881,-0.07923,-0.08988,0.28567,0.49537,63,0.95129,control/benchmark,ref,control/benchmark
CTRL_P_ALL_H60_K20,valid2,405,20,0.22866,0.25976,0.92200,-0.16665,3.99129,0.00236,-0.02527,-0.22766,-0.65615,0.40000,0.35294,-0.01776,-0.04544,-0.01274,0.04440,0.39228,0.49009,34,0.97092,control/benchmark,ref,control/benchmark
CTRL_P_ALL_H60_K20,all,1874,90,0.14459,0.22497,0.71326,-0.36842,4.00301,0.00255,-0.03154,-0.94658,-1.28304,0.45556,0.47126,-0.05032,0.00623,-0.05393,-0.02179,1.72995,2.53367,231,0.94890,control/benchmark,ref,control/benchmark
CTRL_P_ALL_H60_K20,Y2019,252,12,0.18766,0.13587,1.33442,-0.10299,3.49720,0.00238,-0.00015,-0.03558,-0.43264,0.41667,0.55556,0.01849,-0.10105,-0.14456,-0.11407,0.18766,0.19090,21,0.83619,control/benchmark,ref,control/benchmark
CTRL_P_ALL_H60_K20,Y2020,253,12,0.17605,0.35264,0.63887,-0.36842,3.93839,0.00286,-0.04906,-0.72022,-1.22587,0.41667,0.22222,-0.18063,0.11485,-0.06189,0.00467,0.17681,0.22962,39,0.98455,control/benchmark,ref,control/benchmark
CTRL_P_ALL_H60_K20,Y2021,252,12,0.39964,0.17093,2.05380,-0.06671,3.95148,0.00273,0.10028,1.36647,0.95630,0.75000,0.66667,0.10124,0.10629,0.08575,0.09101,0.39964,0.27019,39,0.98634,control/benchmark,ref,control/benchmark
CTRL_P_ALL_H60_K20,Y2022,251,12,-0.22115,0.23215,-0.96002,-0.29800,3.99451,0.00240,-0.09525,-1.08576,-2.01467,0.41667,0.44444,-0.14577,-0.05009,-0.11515,-0.05084,-0.22038,-0.14739,35,0.94861,control/benchmark,ref,control/benchmark
CTRL_P_ALL_H60_K20,Y2023,250,12,0.12354,0.16387,0.79301,-0.17830,4.02286,0.00251,-0.11309,-1.37602,-1.57316,0.33333,0.33333,-0.17071,0.00647,-0.11895,-0.11304,0.12250,0.25750,33,0.95402,control/benchmark,ref,control/benchmark
CTRL_P_ALL_H60_K20,Y2024,211,10,0.17596,0.13077,1.30535,-0.07308,4.75522,0.00277,-0.04511,-0.81287,-1.10725,0.50000,0.42857,-0.06976,0.04350,-0.03217,-0.06242,0.14536,0.18916,30,0.94805,control/benchmark,ref,control/benchmark
CTRL_P_ALL_H60_K20,Y2025,211,10,0.44306,0.28255,1.43875,-0.16665,4.16744,0.00245,0.11297,0.67154,0.20056,0.60000,0.57143,0.14120,0.01611,0.14786,0.20750,0.35947,0.25484,15,0.97247,control/benchmark,ref,control/benchmark
CTRL_P_ALL_H60_K20,Y2026,194,10,0.03146,0.23190,0.24942,-0.16614,3.79970,0.00227,-0.17562,-1.16398,-1.77594,0.20000,0.14286,-0.22969,-0.07622,-0.18740,-0.13299,0.02414,0.18747,19,0.96923,control/benchmark,ref,control/benchmark
CTRL_P_ALL_H60_K50,train,1008,48,0.12238,0.23957,0.60311,-0.39243,3.85315,0.00260,-0.00288,-0.02517,-0.34140,0.54167,0.57778,-0.00135,0.00078,-0.04856,-0.00690,0.58696,0.59778,236,0.93701,control/benchmark,ref,control/benchmark
CTRL_P_ALL_H60_K50,valid,461,22,0.14819,0.16144,0.93710,-0.18975,4.35915,0.00275,-0.07748,-1.19782,-1.47717,0.40909,0.36842,-0.08576,-0.04754,-0.07654,-0.08719,0.28762,0.49043,84,0.95350,control/benchmark,ref,control/benchmark
CTRL_P_ALL_H60_K50,valid2,405,20,0.22188,0.23101,0.98234,-0.16405,4.00289,0.00238,-0.04293,-0.59041,-0.94814,0.45000,0.41176,-0.03982,-0.06066,-0.02530,0.03184,0.37996,0.50303,117,0.96189,control/benchmark,ref,control/benchmark
CTRL_P_ALL_H60_K50,all,1874,90,0.14959,0.22096,0.74214,-0.39243,4.00999,0.00259,-0.02989,-1.10578,-1.33501,0.48889,0.50575,-0.03232,-0.02193,-0.05042,-0.01828,1.81983,2.57928,437,0.94645,control/benchmark,ref,control/benchmark
CTRL_P_ALL_H60_K50,Y2019,252,12,0.12335,0.13047,0.95717,-0.10122,3.49080,0.00249,-0.05232,-1.43640,-2.22019,0.25000,0.33333,-0.03928,-0.12883,-0.20098,-0.17049,0.12335,0.18614,37,0.81808,control/benchmark,ref,control/benchmark
CTRL_P_ALL_H60_K50,Y2020,253,12,0.23224,0.36673,0.75636,-0.39243,3.96433,0.00286,0.00157,0.08571,-0.44734,0.50000,0.44444,0.01262,-0.00681,-0.00980,0.05676,0.23326,0.22906,67,0.98593,control/benchmark,ref,control/benchmark
CTRL_P_ALL_H60_K50,Y2021,252,12,0.32649,0.16225,1.82352,-0.07125,3.96030,0.00262,0.03812,0.88218,0.34952,0.83333,0.77778,0.03471,0.04933,0.03056,0.03582,0.32649,0.27908,79,0.98864,control/benchmark,ref,control/benchmark
CTRL_P_ALL_H60_K50,Y2022,251,12,-0.13694,0.22576,-0.53926,-0.25088,3.99729,0.00245,0.00111,0.16118,-0.41715,0.58333,0.66667,-0.00995,0.02242,-0.01403,0.05029,-0.13644,-0.14314,53,0.95528,control/benchmark,ref,control/benchmark
CTRL_P_ALL_H60_K50,Y2023,250,12,0.12961,0.18084,0.76472,-0.18975,4.02025,0.00264,-0.11481,-1.06492,-1.22101,0.41667,0.33333,-0.13680,-0.05757,-0.11061,-0.10470,0.12852,0.27040,43,0.95612,control/benchmark,ref,control/benchmark
CTRL_P_ALL_H60_K50,Y2024,211,10,0.17061,0.13489,1.23570,-0.07071,4.76069,0.00288,-0.03324,-0.51427,-1.19624,0.40000,0.42857,-0.03473,-0.02750,-0.03618,-0.06644,0.14099,0.17320,41,0.95041,control/benchmark,ref,control/benchmark
CTRL_P_ALL_H60_K50,Y2025,211,10,0.36330,0.25027,1.36250,-0.16405,4.16776,0.00248,0.04351,0.43174,-0.01198,0.60000,0.57143,0.03291,0.06875,0.08233,0.14197,0.29626,0.25988,61,0.94530,control/benchmark,ref,control/benchmark
CTRL_P_ALL_H60_K50,Y2026,194,10,0.08468,0.20777,0.49516,-0.15000,3.82358,0.00227,-0.13695,-1.06400,-1.69738,0.30000,0.42857,-0.13679,-0.12536,-0.14237,-0.08795,0.06457,0.19299,56,0.97994,control/benchmark,ref,control/benchmark
