symbol,name,exchange,shortable,easy_to_borrow,marginable,price,adv,avg_volume,atr,days,atr_pct,adv_rank,built_at
SPY,State Street SPDR S&P 500 ETF Trust,ARCA,True,True,True,774.655,34688905047.05675,45378046.9,7.209207142857134,20,0.9306345589787886,1,2026-10-05T17:49:31+00:00
MU,"Micron Technology, Inc. Common Stock",NASDAQ,True,True,True,1063.319,25974008296.851154,25205459.3,41.85963571428575,20,3.9366959223230054,2,2026-10-05T17:49:31+00:00
QQQ,"Invesco QQQ Trust, Series 1",NASDAQ,True,True,True,755.3,24191121976.589,33162485.55,9.8137857142857,20,1.299322880217887,3,2026-10-05T17:49:31+00:00
NVDA,NVIDIA Corporation Common Stock,NASDAQ,True,True,True,237.885,24108993692.27825,107603866.2,5.225149999999995,20,2.1965025117178447,4,2026-10-05T17:49:31+00:00
META,"Meta Platforms, Inc. Class A Common Stock",NASDAQ,True,True,True,743.985,16477892388.326004,23324370.2,28.654835714285728,20,3.8515340651069216,5,2026-10-05T17:49:31+00:00
SNDK,Sandisk Corporation Common Stock,NASDAQ,True,True,True,1713.645,15222725310.985748,8839327.8,91.17034999999998,20,5.320258863416868,6,2026-10-05T17:49:31+00:00
SPCX,Space Exploration Technologies Corp. Class A Common Stock,NASDAQ,True,True,True,168.94,14552208505.188501,96019424.0,6.540757142857144,20,3.87164504726953,7,2026-10-05T17:49:31+00:00
AAPL,Apple Inc. Common Stock,NASDAQ,True,True,True,333.165,13633892119.8025,41093590.4,6.49033571428572,20,1.9480844969566793,8,2026-10-05T17:49:31+00:00
TSLA,"Tesla, Inc. Common Stock",NASDAQ,True,True,True,379.655,13360399927.205252,36496428.0,12.026721428571433,20,3.1678027231490256,9,2026-10-05T17:49:31+00:00
AMD,"Advanced Micro Devices, Inc. Common Stock",NASDAQ,True,True,True,631.5789,12697116934.09833,22166100.6,24.78838571428569,20,3.9248280324573366,10,2026-10-05T17:49:31+00:00
INTC,Intel Corporation Common Stock,NASDAQ,True,True,True,117.15,12404715773.219997,109969903.35,6.616928571428573,20,5.64825315529541,11,2026-10-05T17:49:31+00:00
MSFT,Microsoft Corporation Common Stock,NASDAQ,True,True,True,525.39,10648623779.475498,21150030.9,12.167142857142863,20,2.315830689039164,12,2026-10-05T17:49:31+00:00
GOOGL,Alphabet Inc. Class A Common Stock,NASDAQ,True,True,True,346.92,9213661238.046999,26846992.7,9.034214285714281,20,2.6041203406301974,13,2026-10-05T17:49:31+00:00
AMZN,"Amazon.com, Inc. Common Stock",NASDAQ,True,True,True,253.945,8698308663.300999,34598665.7,5.229899999999999,20,2.059461694461399,14,2026-10-05T17:49:31+00:00
AVGO,Broadcom Inc. Common Stock,NASDAQ,True,True,True,363.785,8490459378.672998,23962223.5,9.910407142857148,20,2.7242484277408763,15,2026-10-05T17:49:31+00:00
SOXL,Direxion Daily Semiconductor Bull 3X ETF,ARCA,True,True,True,163.6449,7871385013.109059,59186715.2,11.526285714285711,20,7.043473835289527,16,2026-10-05T17:49:31+00:00
IVV,iShares Core S&P 500 ETF,ARCA,True,True,True,778.0723,7051533714.013552,9188911.4,7.185392857142842,20,0.9234865265275273,17,2026-10-05T17:49:31+00:00
IWM,iShares Russell 2000 ETF,ARCA,True,True,True,283.24,6888907550.410001,24244788.8,3.7985714285714374,20,1.3411140476526753,18,2026-10-05T17:49:31+00:00
VOO,Vanguard S&P 500 ETF,ARCA,True,True,True,712.07,6783466281.905001,9642162.05,6.705900000000018,20,0.9417473001249902,19,2026-10-05T17:49:31+00:00
GOOG,Alphabet Inc. Class C Capital Stock,NASDAQ,True,True,True,343.98,5973145736.297501,17574874.45,8.923107142857143,20,2.5940773134650685,20,2026-10-05T17:49:31+00:00
ORCL,Oracle Corp,NYSE,True,True,True,143.86,5177398183.5910015,35532989.05,6.300535714285715,20,4.3796299974181245,21,2026-10-05T17:49:31+00:00
BE,Bloom Energy Corporation,NYSE,True,True,True,287.88,4694116934.2465,17201320.8,20.48015,20,7.114127414200361,22,2026-10-05T17:49:31+00:00
HYG,iShares iBoxx $ High Yield Corporate Bond ETF,ARCA,True,True,True,76.815,4661472825.381999,59878097.1,0.3736142857142864,20,0.4863819380515348,23,2026-10-05T17:49:31+00:00
LITE,Lumentum Holdings Inc. Common Stock,NASDAQ,True,True,True,1094.0,4605339055.309251,4830718.9,64.19288571428571,20,5.867722642987724,24,2026-10-05T17:49:31+00:00
DELL,Dell Technologies Inc.,NYSE,True,True,True,551.0,4479638852.052,8112711.25,25.75746428571429,20,4.674675913922739,25,2026-10-05T17:49:31+00:00
TSM,Taiwan Semiconductor Manufacturing Company Ltd.,NYSE,True,True,True,486.3,4388080738.4815,9922246.3,10.15659285714286,20,2.08854469610176,26,2026-10-05T17:49:31+00:00
MRVL,"Marvell Technology, Inc. Common Stock",NASDAQ,True,True,True,269.42,4214742203.9392495,17065442.55,11.971228571428572,20,4.443333297984029,27,2026-10-05T17:49:31+00:00
PLTR,Palantir Technologies Inc. Class A Common Stock,NASDAQ,True,True,True,189.23,3985754751.0505,22099712.55,5.5972857142857135,20,2.9579272389609015,28,2026-10-05T17:49:31+00:00
TLT,iShares 20 Year Treasury Bond ETF,NASDAQ,True,True,True,76.7415,3848703506.9195,48341339.35,0.8810785714285702,20,1.148112261851241,29,2026-10-05T17:49:31+00:00
STX,Seagate Technology Holdings PLC Ordinary Shares (Ireland),NASDAQ,True,True,True,893.86,3799821614.381251,4377975.8,53.2415142857143,20,5.956359417102712,30,2026-10-05T17:49:31+00:00
TQQQ,ProShares UltraPro QQQ,NASDAQ,True,True,True,82.865,3761561315.9067507,49949022.25,3.050935714285713,20,3.6818146555068045,31,2026-10-05T17:49:31+00:00
LQD,iShares iBoxx $ Investment Grade Corporate Bond ETF,ARCA,False,False,True,101.515,3642340304.0195,35177749.3,0.7147071428571395,20,0.7040409228755746,32,2026-10-05T17:49:31+00:00
SKHY,SK hynix Inc. American Depositary Shares,NASDAQ,True,True,True,195.86,3629421434.408,19348583.2,7.5460571428571415,20,3.8527811410482697,33,2026-10-05T17:49:31+00:00
SOXX,iShares Semiconductor ETF,NASDAQ,True,True,True,588.69,3605822436.2160006,6640422.6,15.710457142857138,20,2.6687147977470547,34,2026-10-05T17:49:31+00:00
SMH,VanEck Semiconductor ETF,NASDAQ,True,True,True,632.935,3571112394.828,6112941.05,14.404078571428581,20,2.2757595284553047,35,2026-10-05T17:49:31+00:00
NBIS,Nebius Group N.V. Class A Ordinary Shares,NASDAQ,True,True,True,233.24,3528407662.71325,15326929.05,15.31300714285714,20,6.565343484332507,36,2026-10-05T17:49:31+00:00
WDC,Western Digital Corporation Common Stock,NASDAQ,True,True,True,439.91,3482948329.9129996,7873325.25,26.6907,20,6.067309222340933,37,2026-10-05T17:49:31+00:00
GLD,"SPDR Gold Trust, SPDR Gold Shares",ARCA,True,True,True,378.915,3319387893.4482503,8470862.2,6.616485714285711,20,1.74616621518961,38,2026-10-05T17:49:31+00:00
MSTR,Strategy Inc Common Stock Class A,NASDAQ,True,True,True,161.2702,3296016744.3966303,21958700.65,9.507735714285717,20,5.895531669388218,39,2026-10-05T17:49:31+00:00
AMAT,"Applied Materials, Inc. Common Stock",NASDAQ,True,True,True,538.685,2883996620.245,6149948.25,17.88457142857143,20,3.3200425904882134,40,2026-10-05T17:49:31+00:00
JPM,JPMorgan Chase & Co.,NYSE,True,True,True,332.61,2851989991.0690002,8284738.1,6.437964285714295,20,1.9355895149617552,41,2026-10-05T17:49:31+00:00
LRCX,Lam Research Corporation Common Stock,NASDAQ,True,True,True,345.74,2816472087.4919996,9296306.6,12.68055714285713,20,3.667656951135862,42,2026-10-05T17:49:31+00:00
CRM,"Salesforce, Inc.",NYSE,True,True,True,229.5001,2814234455.0053,11712136.4,7.914235714285714,20,3.4484672182215665,43,2026-10-05T17:49:31+00:00
QCOM,QUALCOMM Incorporated Common Stock,NASDAQ,True,True,True,181.86,2765984230.0415,14992046.25,8.885178571428568,20,4.885724497651252,44,2026-10-05T17:49:31+00:00
CRWV,"CoreWeave, Inc. Class A Common Stock",NASDAQ,True,True,True,87.948,2617922198.6087003,30204129.05,4.43425,20,5.041899758948469,45,2026-10-05T17:49:31+00:00
LLY,Eli Lilly & Co.,NYSE,True,True,True,1153.15,2542730074.4769998,2207397.0,30.969242857142863,20,2.685621372513798,46,2026-10-05T17:49:31+00:00
SOXS,Direxion Daily Semiconductor Bear 3X ETF,ARCA,False,False,True,29.75,2541354325.6729994,67267669.55,3.218007142857143,20,10.816830732292917,47,2026-10-05T17:49:31+00:00
NFLX,"Netflix, Inc. Common Stock",NASDAQ,True,True,True,66.835,2518220875.1865,34741359.75,1.797464285714286,20,2.68940567923137,48,2026-10-05T17:49:31+00:00
HOOD,"Robinhood Markets, Inc. Class A Common Stock",NASDAQ,True,True,True,113.24,2516042559.54,21861954.95,6.002421428571429,20,5.3006194176716965,49,2026-10-05T17:49:31+00:00
CRWD,"CrowdStrike Holdings, Inc. Class A Common Stock",NASDAQ,True,True,True,273.01,2512975725.2894998,10294753.8,10.643942857142866,20,3.898737356559417,50,2026-10-05T17:49:31+00:00
MRNA,"Moderna, Inc. Common Stock",NASDAQ,True,True,True,203.16,2500834621.9419994,14402120.25,14.53122857142857,20,7.152603155851827,51,2026-10-05T17:49:31+00:00
ASML,ASML Holding N.V. New York Registry Shares,NASDAQ,True,True,True,1865.99,2346198766.883,1363000.15,44.72680714285713,20,2.3969478476764148,52,2026-10-05T17:49:31+00:00
EWY,iShares MSCI South Korea ETF,ARCA,True,True,True,191.97,2340879600.8810005,12654246.8,5.6158928571428595,20,2.9254012903801945,53,2026-10-05T17:49:31+00:00
WMT,Walmart Inc. Common Stock,NASDAQ,True,True,True,104.7131,2320514659.078006,21695399.45,2.064621428571429,20,1.9716935403224896,54,2026-10-05T17:49:31+00:00
PANW,"Palo Alto Networks, Inc. Common Stock",NASDAQ,True,True,True,406.54,2268063752.405999,6074006.6,15.928864285714285,20,3.9181542494500627,55,2026-10-05T17:49:31+00:00
SGOV,iShares 0-3 Month Treasury Bond ETF,NYSE,True,True,True,100.4443,2220574848.9862404,22083114.95,0.034999999999999636,20,0.0348451828525856,56,2026-10-05T17:49:31+00:00
BAC,Bank of America Corporation,NYSE,True,True,True,54.0625,2214453223.286375,38453448.45,1.076114285714285,20,1.9905004128819144,57,2026-10-05T17:49:31+00:00
XOM,ExxonMobil Holdings Corporation,NYSE,True,True,True,164.08,2209936450.8535004,13557953.35,3.475442857142854,20,2.118139235216269,58,2026-10-05T17:49:31+00:00
V,VISA Inc.,NYSE,True,True,True,367.43,2202752765.3655005,5999409.8,6.077442857142854,20,1.6540410029509987,59,2026-10-05T17:49:31+00:00
XLE,State Street Energy Select Sector SPDR ETF,ARCA,True,True,True,63.515,2172172391.6755,34243965.45,1.2529642857142866,20,1.9727061099177938,60,2026-10-05T17:49:31+00:00
COST,Costco Wholesale Corporation Common Stock,NASDAQ,True,True,True,923.955,2135400398.54375,2352154.3,14.5402142857143,20,1.5736929055759532,61,2026-10-05T17:49:31+00:00
XLF,State Street Financial Select Sector SPDR ETF,ARCA,True,True,True,53.84,2075354854.624,37568795.4,0.7439642857142853,20,1.381805879855656,62,2026-10-05T17:49:31+00:00
IBIT,iShares Bitcoin Trust ETF Shares,NASDAQ,True,True,True,48.265,2065246336.177,44801437.35,1.3691071428571426,20,2.8366458983883613,63,2026-10-05T17:49:31+00:00
COHR,Coherent Corp.,NYSE,True,True,True,334.365,2061376066.5459995,6831638.75,19.649878571428577,20,5.876774952949195,64,2026-10-05T17:49:31+00:00
CVX,Chevron Corporation,NYSE,True,True,True,206.23,2030062171.5205002,9719238.15,4.146435714285715,20,2.0105880397060156,65,2026-10-05T17:49:31+00:00
GS,Goldman Sachs Group Inc.,NYSE,True,True,True,898.03,2016916063.2395,2125248.85,23.16735000000003,20,2.5797968887453684,66,2026-10-05T17:49:31+00:00
GEV,GE Vernova Inc.,NYSE,True,True,True,993.68,2011079798.0909996,2133863.45,32.620249999999984,20,3.2827721197971163,67,2026-10-05T17:49:31+00:00
CSCO,"Cisco Systems, Inc. Common Stock (DE)",NASDAQ,True,True,True,112.31,1963200624.6739998,18066349.15,2.577857142857142,20,2.295305086686085,68,2026-10-05T17:49:31+00:00
UNH,UNITEDHEALTH GROUP INCORPORATED (Delaware),NYSE,True,True,True,371.93,1860257793.1225,4908749.0,7.143207142857141,20,1.9205783730425456,69,2026-10-05T17:49:31+00:00
CAT,Caterpillar Inc.,NYSE,True,True,True,855.5,1849251557.5684998,2278413.45,22.101699999999976,20,2.583483343074223,70,2026-10-05T17:49:31+00:00
GDX,VanEck Gold Miners ETF,ARCA,True,True,True,87.36,1818585690.3700001,19584198.45,2.9285714285714284,20,3.3523024594453164,71,2026-10-05T17:49:31+00:00
COIN,"Coinbase Global, Inc. Class A Common Stock",NASDAQ,True,True,True,185.455,1764028463.441,9502882.9,11.159678571428577,20,6.017458990821804,72,2026-10-05T17:49:31+00:00
JNJ,Johnson & Johnson,NYSE,True,True,True,253.85,1762693643.9625,6613751.6,4.646271428571432,20,1.830321618503617,73,2026-10-05T17:49:31+00:00
DIA,State Street SPDR Dow Jones Industrial Average ETF Trust,ARCA,True,True,True,512.09,1754267508.8385003,3390875.2,5.17679999999999,20,1.0109160499130994,74,2026-10-05T17:49:31+00:00
ARM,Arm Holdings plc American Depositary Shares,NASDAQ,True,True,True,300.135,1696209110.3632503,5837301.45,20.187657142857155,20,6.726192261101556,75,2026-10-05T17:49:31+00:00
SQQQ,ProShares UltraPro Short QQQ,NASDAQ,False,False,True,32.3759,1674529297.074115,46193353.9,1.4564857142857142,20,4.498672513461291,76,2026-10-05T17:49:31+00:00
KLAC,KLA Corporation Common Stock,NASDAQ,True,True,True,204.97,1668740218.1950002,9078318.95,6.9090928571428565,20,3.3707824838478104,77,2026-10-05T17:49:31+00:00
BA,Boeing Company,NYSE,True,True,True,192.94,1647103028.6005,8398802.7,7.18727857142857,20,3.725136607975832,78,2026-10-05T17:49:31+00:00
DRAM,Roundhill Memory ETF,BATS,True,True,True,61.755,1644640161.34925,27448638.5,2.0924499999999986,20,3.388308638976598,79,2026-10-05T17:49:31+00:00
MUB,iShares National Muni Bond ETF,ARCA,False,False,True,100.795,1639578327.1492503,16085816.1,0.6657500000000017,20,0.6604990326901152,80,2026-10-05T17:49:31+00:00
APP,Applovin Corporation Class A Common Stock,NASDAQ,True,True,True,284.575,1637298731.24,5317429.3,16.207421428571433,20,5.695307538811011,81,2026-10-05T17:49:31+00:00
NKE,"Nike, Inc.",NYSE,True,True,True,33.7696,1608946557.74156,45155492.35,1.165264285714284,20,3.450630998632747,82,2026-10-05T17:49:31+00:00
WBD,"Warner Bros. Discovery, Inc. Series A Common Stock",NASDAQ,True,True,True,30.98,1576551167.4944997,51959417.15,0.3635714285714288,20,1.1735682006824688,83,2026-10-05T17:49:31+00:00
CRDO,Credo Technology Group Holding Ltd Ordinary Shares,NASDAQ,True,True,True,211.975,1564655716.3822498,8524030.9,13.024571428571436,20,6.144390342526919,84,2026-10-05T17:49:31+00:00
NOW,"SERVICENOW, INC.",NYSE,True,True,True,135.22,1552051785.729,11399868.9,5.266185714285718,20,3.894531662687264,85,2026-10-05T17:49:31+00:00
IREN,IREN Limited Ordinary Shares,NASDAQ,True,True,True,40.26,1543678709.24575,35027938.9,2.5227214285714297,20,6.266074089844585,86,2026-10-05T17:49:31+00:00
TXN,Texas Instruments Incorporated Common Stock,NASDAQ,True,True,True,293.21,1543055560.5805001,5718369.75,7.637514285714279,20,2.604793249109607,87,2026-10-05T17:49:31+00:00
MA,Mastercard Incorporated,NYSE,True,True,True,563.07,1535408127.013,2725694.4,9.332142857142864,20,1.657368152652932,88,2026-10-05T17:49:31+00:00
VLO,Valero Energy Corporation,NYSE,True,True,True,420.68,1531917089.713,3903674.3,18.03327857142858,20,4.286697387902581,89,2026-10-05T17:49:31+00:00
HD,"Home Depot, Inc.",NYSE,True,True,True,281.88,1520580119.2069995,5119615.2,6.426478571428577,20,2.2798632650165236,90,2026-10-05T17:49:31+00:00
EFA,iShares MSCI EAFE ETF,ARCA,True,True,True,103.88,1504615402.9605,14325361.3,1.2967785714285722,20,1.2483428681445632,91,2026-10-05T17:49:31+00:00
BKNG,Booking Holdings Inc. Common Stock,NASDAQ,True,True,True,157.85,1496351337.3179998,8974541.1,5.51046428571429,20,3.490949816733792,92,2026-10-05T17:49:31+00:00
TMO,"Thermo Fisher Scientific, Inc.",NYSE,True,True,True,668.655,1486383094.84275,2287672.35,15.6728285714286,20,2.343933504038495,93,2026-10-05T17:49:31+00:00
VTEB,Vanguard Tax-Exempt Bond Index Fund,ARCA,False,False,True,47.2418,1482661905.76877,31048270.85,0.3124857142857143,20,0.6614602201561209,94,2026-10-05T17:49:31+00:00
RSP,Invesco S&P 500 Equal Weight ETF,ARCA,True,True,True,210.985,1480937538.6775,6991377.25,1.931050000000003,20,0.9152546389553774,95,2026-10-05T17:49:31+00:00
MCD,McDonald's Corporation,NYSE,True,True,True,232.5,1474030040.938,6070947.2,4.588464285714285,20,1.9735330261136712,96,2026-10-05T17:49:31+00:00
SMCI,"Super Micro Computer, Inc. Common Stock",NASDAQ,True,True,True,43.535,1473524763.65725,36467780.0,2.1902714285714286,20,5.031058754040264,97,2026-10-05T17:49:31+00:00
RKLB,Rocket Lab Corporation Common Stock,NASDAQ,True,True,True,72.39,1447682695.2549996,21209260.75,4.02747857142857,20,5.5635841572435,98,2026-10-05T17:49:31+00:00
MRK,"Merck & Co., Inc.",NYSE,True,True,True,140.175,1446734049.1560001,9860298.9,3.4542928571428626,20,2.4642717011898427,99,2026-10-05T17:49:31+00:00
SHOP,Shopify Inc. Class A subordinate voting shares,NASDAQ,True,True,True,158.44,1441193789.149,10397838.4,7.036621428571429,20,4.44118999531143,100,2026-10-05T17:49:31+00:00
GE,GE Aerospace,NYSE,True,True,True,306.91,1402057324.315,4422426.55,7.783100000000003,20,2.5359551660095803,101,2026-10-05T17:49:31+00:00
XLK,State Street Technology Select Sector SPDR ETF,ARCA,True,True,True,200.72,1395807405.143,7268582.35,3.0160714285714283,20,1.502626259750612,102,2026-10-05T17:49:31+00:00
XBI,State Street SPDR S&P Biotech ETF,ARCA,True,True,True,156.06,1378652356.5950003,8800322.95,4.144542857142857,20,2.6557368045257315,103,2026-10-05T17:49:31+00:00
HPE,Hewlett Packard Enterprise Company,NYSE,True,True,True,68.585,1369637553.93125,22508880.15,3.5933642857142867,20,5.239285974650852,104,2026-10-05T17:49:31+00:00
SNOW,Snowflake Inc.,NYSE,True,True,True,339.34,1356729877.0865,4063097.1,13.084864285714287,20,3.855974623007688,105,2026-10-05T17:49:31+00:00
IBM,International Business Machines Corporation,NYSE,True,True,True,220.87,1352832949.2395,5833699.8,6.5050000000000034,20,2.9451713677728995,106,2026-10-05T17:49:31+00:00
XLV,State Street Health Care Select Sector SPDR ETF,ARCA,True,True,True,167.09,1349627334.5740001,8027522.2,2.2042857142857133,20,1.3192206082265325,107,2026-10-05T17:49:31+00:00
SPYM,State Street SPDR Portfolio S&P 500 ETF,ARCA,True,True,True,91.1701,1348990134.06552,15006907.05,0.838628571428571,20,0.9198504459560436,108,2026-10-05T17:49:31+00:00
KO,Coca-Cola Company,NYSE,True,True,True,86.334,1346377441.0777001,15368512.9,1.1363071428571416,20,1.3161757162382626,109,2026-10-05T17:49:31+00:00
UBER,"Uber Technologies, Inc.",NYSE,True,True,True,69.515,1335843469.3539999,18937255.5,1.4841357142857166,20,2.1349862825084034,110,2026-10-05T17:49:31+00:00
ADBE,Adobe Inc. Common Stock,NASDAQ,True,True,True,235.985,1334966854.3360002,5405276.85,7.914571428571429,20,3.35384512938171,111,2026-10-05T17:49:31+00:00
VRT,Vertiv Holdings Co Class A Common Stock,NYSE,True,True,True,255.505,1322843462.0214996,5300967.95,9.28825,20,3.635251756325708,112,2026-10-05T17:49:31+00:00
CBRS,Cerebras Systems Inc. Class A Common Stock,NASDAQ,True,True,True,180.075,1322839598.7297502,6994273.85,12.770935714285713,20,7.092009281846849,113,2026-10-05T17:49:31+00:00
AMGN,Amgen Inc. Common Stock,NASDAQ,True,True,True,403.18,1310347098.5214999,3303119.8,9.640357142857154,20,2.3910801981390826,114,2026-10-05T17:49:31+00:00
ACN,Accenture PLC,NYSE,True,True,True,193.91,1291485259.9125,6781263.05,10.061071428571427,20,5.188526341380758,115,2026-10-05T17:49:31+00:00
ALAB,"Astera Labs, Inc. Common Stock",NASDAQ,True,True,True,361.775,1286633451.31975,4015876.65,21.60275714285714,20,5.971323928645468,116,2026-10-05T17:49:31+00:00
MDT,Medtronic plc,NYSE,True,True,True,87.96,1282264711.933,14389204.0,1.9063500000000002,20,2.167291950886767,117,2026-10-05T17:49:31+00:00
EEM,iShares MSCI Emerging Markets ETF,ARCA,True,True,True,68.75,1280964609.5639997,18997441.3,1.0554285714285712,20,1.5351688311688307,118,2026-10-05T17:49:31+00:00
C,Citigroup Inc.,NYSE,True,True,True,128.94,1280109225.076,9622075.75,3.1761142857142834,20,2.463249795032018,119,2026-10-05T17:49:31+00:00
EWZ,iShares MSCI Brazil ETF,ARCA,True,True,True,43.26,1265482066.379,32583138.85,1.1535714285714296,20,2.666600620830859,120,2026-10-05T17:49:31+00:00
GLW,Corning Incorporated,NYSE,True,True,True,160.24,1260222387.8455,8116078.5,7.308221428571429,20,4.56079719706155,121,2026-10-05T17:49:31+00:00
XLI,State Street Industrial Select Sector SPDR ETF,ARCA,True,True,True,170.5,1243642193.183,7323524.05,2.301428571428567,20,1.3498114788437343,122,2026-10-05T17:49:31+00:00
MELI,"MercadoLibre, Inc. Common Stock",NASDAQ,True,True,True,1855.795,1230155713.599,682221.8,58.57653571428572,20,3.156411980541262,123,2026-10-05T17:49:31+00:00
CRCL,"Circle Internet Group, Inc.",NYSE,True,True,True,83.155,1205975207.0984998,13579004.25,5.702307142857144,20,6.857443500519684,124,2026-10-05T17:49:31+00:00
MPC,MARATHON PETROLEUM CORPORATION,NYSE,True,True,True,435.455,1205554211.0532498,2977948.25,17.19719285714286,20,3.949246846894136,125,2026-10-05T17:49:31+00:00
PEP,"PepsiCo, Inc. Common Stock",NASDAQ,True,True,True,124.945,1200535549.3335001,9136791.65,2.259214285714278,20,1.8081670220611294,126,2026-10-05T17:49:31+00:00
XLU,State Street Utilities Select Sector SPDR ETF,ARCA,True,True,True,40.035,1196338329.37025,29586029.05,0.5596428571428562,20,1.3978839943620738,127,2026-10-05T17:49:31+00:00
VTI,Vanguard Morningstar Total Stock Market ETF,ARCA,True,True,True,380.63,1176142620.4830003,3125697.35,3.671671428571431,20,0.9646300681952109,128,2026-10-05T17:49:31+00:00
ADI,"Analog Devices, Inc. Common Stock",NASDAQ,True,True,True,417.5,1175964261.135,3092016.85,10.972707142857152,20,2.6281933276304557,129,2026-10-05T17:49:31+00:00
TJX,"TJX Companies, Inc. (The)",NYSE,True,True,True,134.99,1168039659.1174998,9053674.0,3.0328714285714278,20,2.2467378535976206,130,2026-10-05T17:49:31+00:00
WFC,Wells Fargo & Co.,NYSE,True,True,True,81.625,1160246498.643,13668481.55,1.8247928571428562,20,2.2355808357033458,131,2026-10-05T17:49:31+00:00
PG,Procter & Gamble Company,NYSE,True,True,True,145.4,1147983770.0755,7866527.4,2.1674999999999978,20,1.490715268225583,132,2026-10-05T17:49:31+00:00
AZO,"AutoZone, Inc.",NYSE,True,True,True,2788.85,1133046469.4865,394949.1,86.4918928571429,20,3.10134617699564,133,2026-10-05T17:49:31+00:00
AGG,iShares Core U.S. Aggregate Bond ETF,ARCA,True,True,True,93.97,1123095214.025,11783876.4,0.4939928571428567,20,0.5256920901807562,134,2026-10-05T17:49:31+00:00
MDB,"MongoDB, Inc. Class A Common Stock",NASDAQ,True,True,True,359.42,1114947404.005,3119517.25,28.424249999999997,20,7.908366256746981,135,2026-10-05T17:49:31+00:00
MS,Morgan Stanley,NYSE,True,True,True,190.32,1105515671.9405,5520626.95,4.392264285714282,20,2.307831171560678,136,2026-10-05T17:49:31+00:00
NU,Nu Holdings Ltd.,NYSE,True,True,True,15.245,1102823166.15,79864036.95,0.6344285714285715,20,4.161551796842057,137,2026-10-05T17:49:31+00:00
BIL,State Street SPDR Bloomberg 1-3 Month T-Bill ETF,ARCA,True,True,True,91.44,1098628363.9450002,12001254.05,0.03500000000000065,20,0.03827646544182048,138,2026-10-05T17:49:31+00:00
KRE,State Street SPDR S&P Regional Banking ETF,ARCA,False,False,True,70.73,1078148077.566,15029527.5,1.31857142857143,20,1.8642321908262829,139,2026-10-05T17:49:31+00:00
ABBV,ABBVIE INC.,NYSE,True,True,True,263.0725,1077470828.0159998,4126559.15,4.517200000000007,20,1.7170931967423457,140,2026-10-05T17:49:31+00:00
INTU,Intuit Inc. Common Stock,NASDAQ,True,True,True,282.005,1072250505.6775001,3605217.15,11.54798571428572,20,4.094957789502214,141,2026-10-05T17:49:31+00:00
IEMG,iShares Core MSCI Emerging Markets ETF,ARCA,True,True,True,83.575,1067042469.0727499,12969954.75,1.2302571428571423,20,1.4720396564249383,142,2026-10-05T17:49:31+00:00
NET,"Cloudflare, Inc. Class A common stock, par value $0.001 per share",NYSE,True,True,True,363.58,1045880634.0565001,3114669.5,16.403164285714286,20,4.511569471839564,143,2026-10-05T17:49:31+00:00
AXP,American Express Company,NYSE,True,True,True,303.245,1028249245.5227501,3308944.25,6.011285714285707,20,1.982319812127391,144,2026-10-05T17:49:31+00:00
IONQ,"IonQ, Inc.",NYSE,True,True,True,42.555,1028084984.0762498,24712421.45,2.7373928571428565,20,6.4325998287929895,145,2026-10-05T17:49:31+00:00
VCIT,Vanguard Intermediate-Term Corporate Bond ETF,NASDAQ,True,True,True,77.825,1027405547.98475,12995372.25,0.44776428571428845,20,0.575347620577306,146,2026-10-05T17:49:31+00:00
IEFA,iShares Core MSCI EAFE ETF,BATS,True,True,True,96.925,1022515903.2057499,10445147.1,1.1963571428571456,20,1.2343122443715715,147,2026-10-05T17:49:31+00:00
ILMN,"Illumina, Inc. Common Stock",NASDAQ,True,True,True,288.88,1020547047.2575003,4165915.25,13.258935714285716,20,4.589772817185584,148,2026-10-05T17:49:31+00:00
VZ,Verizon Communications,NYSE,True,True,True,45.665,1016800559.9727501,21168851.85,0.9879285714285722,20,2.163426193865263,149,2026-10-05T17:49:31+00:00
USO,"United States Oil Fund, LP",ARCA,False,False,True,144.8,984863100.9315001,6513870.95,5.759985714285717,20,3.9778906866614068,150,2026-10-05T17:49:31+00:00
BMNR,"BitMine Immersion Technologies, Inc.",NYSE,True,True,True,26.4465,982596972.145475,37906593.45,1.5814285714285712,20,5.979727266097862,151,2026-10-05T17:49:31+00:00
APH,Amphenol Corporation,NYSE,True,True,True,87.0,975426021.4895,11925519.25,2.5507214285714306,20,2.931863711001644,152,2026-10-05T17:49:31+00:00
NEE,"NextEra Energy, Inc.",NYSE,True,True,True,76.33,975316156.4995,12398143.55,1.3285285714285757,20,1.740506447567897,153,2026-10-05T17:49:31+00:00
LIN,Linde plc Ordinary Shares,NASDAQ,True,True,True,484.355,968617369.22225,2072652.15,8.173742857142855,20,1.6875520758829483,154,2026-10-05T17:49:31+00:00
SNPS,"Synopsys, Inc. Common Stock",NASDAQ,True,True,True,485.3772,967831392.9852002,2285045.65,19.37046428571428,20,3.9908063843366106,155,2026-10-05T17:49:31+00:00
T,AT&T Inc.,NYSE,True,True,True,24.05,948417831.5744998,37417307.35,0.5201928571428572,20,2.1629640629640634,156,2026-10-05T17:49:31+00:00
IEF,iShares 7-10 Year Treasury Bond ETF,NASDAQ,True,True,True,88.725,941411893.8462502,10435470.45,0.5645642857142842,20,0.6363080143299906,157,2026-10-05T17:49:31+00:00
TER,"Teradyne, Inc. Common Stock",NASDAQ,True,True,True,444.475,940137616.3510001,2477848.35,18.199285714285715,20,4.094557784866576,158,2026-10-05T17:49:31+00:00
ANET,Arista Networks,NYSE,True,True,True,207.59,933608042.825,4664217.9,6.160185714285711,20,2.9674771011540586,159,2026-10-05T17:49:31+00:00
DHR,Danaher Corporation,NYSE,True,True,True,219.09,922451917.5515,4294190.7,5.9719500000000005,20,2.7257976174175,160,2026-10-05T17:49:31+00:00
MPWR,"Monolithic Power Systems, Inc. Common Stock",NASDAQ,True,True,True,1453.8,917795196.0005,719603.0,54.205000000000005,20,3.7285046086119142,161,2026-10-05T17:49:31+00:00
BSX,Boston Scientific Corp.,NYSE,True,True,True,42.715,915649582.9909999,20853076.5,1.0950142857142846,20,2.563535726827308,162,2026-10-05T17:49:31+00:00
ISRG,"Intuitive Surgical, Inc. Common Stock",NASDAQ,True,True,True,405.18,909462582.0929998,2353468.45,11.209271428571428,20,2.766491788482015,163,2026-10-05T17:49:31+00:00
NOK,Nokia Corporation,NYSE,True,True,True,10.225,904922648.3717501,86439879.8,0.4239214285714287,20,4.145930841774365,164,2026-10-05T17:49:31+00:00
AAL,American Airlines Group Inc. Common Stock,NASDAQ,True,True,True,12.89,902730748.6044998,68594261.15,0.46943571428571407,20,3.6418596918984796,165,2026-10-05T17:49:31+00:00
ON,ON Semiconductor Corporation Common Stock,NASDAQ,True,True,True,85.97,895985289.3195,12105498.8,3.613571428571428,20,4.203293507702021,166,2026-10-05T17:49:31+00:00
PFE,Pfizer Inc.,NYSE,True,True,True,27.42,893861701.1519998,31977206.85,0.4853571428571432,20,1.770084401375431,167,2026-10-05T17:49:31+00:00
XLP,State Street Consumer Staples Select Sector SPDR ETF,ARCA,True,True,True,80.825,893609738.13425,10835439.1,0.913571428571428,20,1.1303079846228616,168,2026-10-05T17:49:31+00:00
BABA,"Alibaba Group Holding Limited American Depositary Shares, each represents eight Ordinary Shares",NYSE,True,True,True,110.495,891485516.21175,8070106.35,2.9110000000000005,20,2.6345083487940633,169,2026-10-05T17:49:31+00:00
DIS,The Walt Disney Company,NYSE,True,True,True,102.7566,890373764.7429701,8496421.1,2.002742857142856,20,1.9490162745194526,170,2026-10-05T17:49:31+00:00
CIEN,Ciena Corporation,NYSE,True,True,True,393.86,888287997.3904998,2523762.35,21.015521428571436,20,5.33578465154406,171,2026-10-05T17:49:31+00:00
ABT,Abbott Laboratories,NYSE,True,True,True,100.41,884362007.9120001,8672920.4,2.1179571428571426,20,2.1093089760553156,172,2026-10-05T17:49:31+00:00
SLV,iShares Silver Trust,ARCA,True,True,True,55.065,881599666.6897501,15335430.1,1.6503571428571422,20,2.997107314731939,173,2026-10-05T17:49:31+00:00
COP,ConocoPhillips,NYSE,True,True,True,128.08,880502169.4614998,6724862.55,3.385000000000005,20,2.642879450343539,174,2026-10-05T17:49:31+00:00
SNXX,Tradr 2X Long SNDK Daily ETF,BATS,False,False,True,16.185,873544999.77475,52150659.2,1.7590142857142859,20,10.868176000706123,175,2026-10-05T17:49:31+00:00
ETN,"Eaton Corporation, plc Ordinary Shares",NYSE,True,True,True,436.77,869824778.4389999,2059958.85,12.749807142857147,20,2.9191123801673986,176,2026-10-05T17:49:31+00:00
EMB,"iShares J,P. Morgan USD Emerging Markets Bond ETF",NASDAQ,True,True,True,90.015,866631762.2369999,9389644.15,0.6035714285714288,20,0.6705231667737919,177,2026-10-05T17:49:31+00:00
SYK,Stryker Corporation,NYSE,True,True,True,283.89,864413766.9545,3128679.1,6.663121428571425,20,2.3470785968408276,178,2026-10-05T17:49:31+00:00
P,"Everpure, Inc.",NYSE,True,True,True,141.81,857483304.2965,7723832.25,6.931671428571432,20,4.8879990329112415,179,2026-10-05T17:49:31+00:00
SCHW,The Charles Schwab Corporation,NYSE,True,True,True,97.49,856816991.1955001,8357921.95,2.316749999999998,20,2.3763975792388945,180,2026-10-05T17:49:31+00:00
PSX,PHILLIPS 66,NYSE,True,True,True,270.125,849379635.9435,3243113.85,9.652157142857144,20,3.573218747934158,181,2026-10-05T17:49:31+00:00
TMUS,"T-Mobile US, Inc. Common Stock",NASDAQ,True,True,True,163.485,849064852.0052501,5021220.5,4.555000000000005,20,2.7861883353212864,182,2026-10-05T17:49:31+00:00
GILD,"Gilead Sciences, Inc. Common Stock",NASDAQ,True,True,True,143.8601,847851687.7014649,5699874.8,3.4353928571428582,20,2.3880095016914753,183,2026-10-05T17:49:31+00:00
IGV,iShares Expanded Tech-Software Sector ETF,BATS,True,True,True,109.6,843903624.879,7996590.35,2.1979428571428588,20,2.0054223149113675,184,2026-10-05T17:49:31+00:00
DE,Deere & Company,NYSE,True,True,True,687.985,842581131.324,1230974.75,16.83439285714286,20,2.4469127752992956,185,2026-10-05T17:49:31+00:00
PM,Philip Morris International Inc.,NYSE,True,True,True,188.984,839785701.0385001,4418343.7,4.300564285714287,20,2.275623484376607,186,2026-10-05T17:49:31+00:00
BITO,ProShares Bitcoin ETF,ARCA,True,True,True,11.4,837531000.5605,76736753.2,0.3276571428571428,20,2.8741854636591473,187,2026-10-05T17:49:31+00:00
MUU,Direxion Shares ETF Trust Direxion Daily MU Bull 2X ETF,NASDAQ,False,False,True,36.51,834637681.5845,23752228.0,2.8023785714285725,20,7.675646593888175,188,2026-10-05T17:49:31+00:00
RCL,Royal Caribbean Group,NYSE,True,True,True,273.0,832946724.4195,3326096.5,11.547849999999995,20,4.229981684981683,189,2026-10-05T17:49:31+00:00
FCX,Freeport-McMoran Inc.,NYSE,True,True,True,73.2,810401901.914,11289229.05,2.44955,20,3.3463797814207648,190,2026-10-05T17:49:31+00:00
QQQM,Invesco Exchange-Traded Fund Trust II Invesco NASDAQ 100 ETF,NASDAQ,True,True,True,310.96,809634937.359,2696550.2,4.01682857142857,20,1.2917508912492186,191,2026-10-05T17:49:31+00:00
NXPI,NXP Semiconductors N.V. Common Stock,NASDAQ,True,True,True,241.84,804676134.76925,3482931.15,7.194642857142859,20,2.974959831765985,192,2026-10-05T17:49:31+00:00
CDNS,"Cadence Design Systems, Inc. Common Stock",NASDAQ,True,True,True,352.52,804097710.48175,2639590.0,11.994314285714287,20,3.4024493037882353,193,2026-10-05T17:49:31+00:00
DASH,"DoorDash, Inc. Class A Common Stock",NASDAQ,True,True,True,190.9,802803306.0512499,4194231.95,7.765907142857147,20,4.068049839107987,194,2026-10-05T17:49:31+00:00
CEG,Constellation Energy Corporation Common Stock,NASDAQ,True,True,True,268.825,798386572.0115,3005259.75,10.394271428571423,20,3.8665568412801727,195,2026-10-05T17:49:31+00:00
DDOG,"Datadog, Inc. Class A Common Stock",NASDAQ,True,True,True,279.995,797225526.43275,3257236.75,11.278457142857139,20,4.028092338383592,196,2026-10-05T17:49:31+00:00
ABNB,"Airbnb, Inc. Class A Common Stock",NASDAQ,True,True,True,164.29,793672079.8440001,4912956.45,5.271792857142858,20,3.208833682599585,197,2026-10-05T17:49:31+00:00
NEM,Newmont Corporation,NYSE,True,True,True,115.87,785175636.3745,6407441.35,3.6739214285714303,20,3.170727046320385,198,2026-10-05T17:49:31+00:00
BND,Vanguard Total Bond Market ETF,NASDAQ,True,True,True,69.75,785162026.5604999,11094718.25,0.37134285714285753,20,0.5323911930363548,199,2026-10-05T17:49:31+00:00
CLS,"Celestica, Inc.",NYSE,True,True,True,385.38,782894610.579,2237236.1,19.17258571428572,20,4.9749820214556335,200,2026-10-05T17:49:31+00:00
AAOI,"Applied Optoelectronics, Inc. Common Stock",NASDAQ,True,True,True,118.7,777591266.5254999,7446296.55,7.232992857142856,20,6.093507040558429,201,2026-10-05T17:49:31+00:00
HWM,Howmet Aerospace Inc.,NYSE,True,True,True,230.605,772221980.6455,3370080.65,5.370771428571426,20,2.3289917515107765,202,2026-10-05T17:49:31+00:00
SCHD,Schwab US Dividend Equity ETF,ARCA,True,True,True,32.675,771612241.07175,23018397.6,0.3206000000000004,20,0.9811782708492743,203,2026-10-05T17:49:31+00:00
SPGI,S&P Global Inc.,NYSE,True,True,True,388.15,769564894.3185002,1910726.25,8.113057142857144,20,2.09018604736755,204,2026-10-05T17:49:31+00:00
ETHA,iShares Ethereum Trust ETF Shares,NASDAQ,True,True,True,20.355,766807512.48475,39426923.8,0.6418714285714285,20,3.153384566796505,205,2026-10-05T17:49:31+00:00
BMY,Bristol-Myers Squibb Co.,NYSE,True,True,True,58.88,766226704.338,12230891.9,1.4628571428571422,20,2.48447204968944,206,2026-10-05T17:49:31+00:00
VST,Vistra Corp.,NYSE,True,True,True,145.35,763524488.3015001,5375192.55,4.7246357142857125,20,3.2505233672416325,207,2026-10-05T17:49:31+00:00
SOFI,"SoFi Technologies, Inc. Common Stock",NASDAQ,True,True,True,15.985,751843164.04325,44993471.95,0.5760714285714291,20,3.603825014522547,208,2026-10-05T17:49:31+00:00
MCK,McKesson Corporation,NYSE,True,True,True,915.94,748688670.7635,846964.5,22.5810642857143,20,2.465343175941033,209,2026-10-05T17:49:31+00:00
OKTA,"Okta, Inc. Class A Common Stock",NASDAQ,True,True,True,218.06,744878679.473,3867079.55,9.334785714285713,20,4.280833584465612,210,2026-10-05T17:49:31+00:00
RTX,RTX Corporation,NYSE,True,True,True,184.06,744016814.4315,3872761.15,3.4528714285714273,20,1.8759488365595063,211,2026-10-05T17:49:31+00:00
XLY,State Street Consumer Discretionary Select Sector SPDR ETF,ARCA,True,True,True,110.71,737588681.1365,6647577.0,1.4696428571428564,20,1.3274707408028692,212,2026-10-05T17:49:31+00:00
CMCSA,Comcast Corporation Class A Common Stock,NASDAQ,True,True,True,21.415,735005790.5734999,31850697.55,0.6224785714285712,20,2.9067409359260856,213,2026-10-05T17:49:31+00:00
SPOT,Spotify Technology S.A.,NYSE,True,True,True,481.88,728236660.087,1415723.55,16.732492857142848,20,3.4723360291240244,214,2026-10-05T17:49:31+00:00
TWLO,Twilio Inc.,NYSE,True,True,True,293.415,725351868.1785,2671940.35,15.26754285714286,20,5.203395483238028,215,2026-10-05T17:49:31+00:00
RDDT,"Reddit, Inc.",NYSE,True,True,True,151.29,719631766.55,4736266.95,6.818792857142853,20,4.5071008375588955,216,2026-10-05T17:49:31+00:00
MBB,iShares MBS ETF,NASDAQ,True,True,True,88.88,718276650.0295,7914945.25,0.65829285714286,20,0.7406535296386814,217,2026-10-05T17:49:31+00:00
SLB,SLB Limited,NYSE,True,True,True,50.33,717409580.3605001,13733849.25,1.5643428571428564,20,3.108171780534187,218,2026-10-05T17:49:31+00:00
COF,Capital One Financial,NYSE,True,True,True,196.31,715694465.793,3552726.7,4.480121428571429,20,2.28216668971088,219,2026-10-05T17:49:31+00:00
CVS,CVS HEALTH CORPORATION,NYSE,True,True,True,87.31,709889542.437,7971404.25,2.1070999999999986,20,2.4133547130912825,220,2026-10-05T17:49:31+00:00
FICO,Fair Isaac Corporation,NYSE,True,True,True,680.935,700325435.5552499,947403.9,54.47717857142856,20,8.000349309615244,221,2026-10-05T17:49:31+00:00
VEA,Vanguard FTSE Developed Markets ETF,ARCA,True,True,True,71.075,692836481.9727501,9662048.2,0.9335642857142871,20,1.3134917843324474,222,2026-10-05T17:49:31+00:00
UNP,Union Pacific Corp.,NYSE,True,True,True,277.14,683955421.8335,2464842.2,4.887500000000005,20,1.7635491087537,223,2026-10-05T17:49:31+00:00
HL,Hecla Mining Company,NYSE,True,True,True,17.13,677067716.958,36778571.3,0.857442857142857,20,5.005504128096072,224,2026-10-05T17:49:31+00:00
USHY,iShares Broad USD High Yield Corporate Bond ETF,BATS,True,True,True,35.485,676206291.8995,18766787.3,0.1746071428571437,20,0.49205901890134907,225,2026-10-05T17:49:31+00:00
SBUX,Starbucks Corporation Common Stock,NASDAQ,True,True,True,94.615,670092148.0185,6958793.7,1.8096357142857156,20,1.9126308875820068,226,2026-10-05T17:49:31+00:00
FTNT,"Fortinet, Inc. Common Stock",NASDAQ,True,True,True,183.435,667049255.207,3887838.05,5.912707142857142,20,3.2233255065048336,227,2026-10-05T17:49:31+00:00
XLC,State Street Communication Services Select Sector SPDR ETF,ARCA,True,True,True,111.49,666896720.8654999,5944988.2,1.8460714285714295,20,1.6558179465166647,228,2026-10-05T17:49:31+00:00
EXPE,"Expedia Group, Inc. Common Stock",NASDAQ,True,True,True,262.475,653669927.0764999,2391749.0,11.072307142857127,20,4.218423523328746,229,2026-10-05T17:49:31+00:00
AKAM,"Akamai Technologies, Inc. Common Stock",NASDAQ,True,True,True,107.66,653608541.4165,5918399.65,6.998842857142859,20,6.500875772935964,230,2026-10-05T17:49:31+00:00
XOP,State Street SPDR S&P Oil & Gas Exploration & Production ETF,ARCA,True,True,True,188.33,651462034.27,3465837.55,4.6641,20,2.476557107205437,231,2026-10-05T17:49:31+00:00
CDE,"Coeur Mining, Inc.",NYSE,True,True,True,17.215,645782445.3725,33655120.65,0.9454214285714284,20,5.491846811335628,232,2026-10-05T17:49:31+00:00
AON,Aon plc Class A,NYSE,True,True,True,269.675,644948740.15025,2212247.85,6.566185714285727,20,2.4348514746586547,233,2026-10-05T17:49:31+00:00
NTRA,"Natera, Inc. Common Stock",NASDAQ,True,True,True,418.13,640853096.5680001,1678314.2,14.799978571428577,20,3.53956390869552,234,2026-10-05T17:49:31+00:00
PATH,"UiPath, Inc.",NYSE,True,True,True,12.845,639950540.11175,47670146.3,0.5942642857142858,20,4.626424956903743,235,2026-10-05T17:49:31+00:00
GM,General Motors Company,NYSE,True,True,True,80.53,638355211.6029999,7727502.4,2.7742857142857127,20,3.4450337939720757,236,2026-10-05T17:49:31+00:00
SWKS,"Skyworks Solutions, Inc. Common Stock",NASDAQ,True,True,True,82.655,636688224.3755,7394676.25,4.287642857142855,20,5.187396838839581,237,2026-10-05T17:49:31+00:00
LMT,Lockheed Martin Corp.,NYSE,True,True,True,505.32,631856668.817,1204029.05,10.922571428571432,20,2.161515758048649,238,2026-10-05T17:49:31+00:00
FANG,"Diamondback Energy, Inc. Common Stock",NASDAQ,True,True,True,185.175,627816679.9889998,3252967.85,5.432492857142857,20,2.9337074967694647,239,2026-10-05T17:49:31+00:00
HONA,Honeywell Aerospace Inc. Common Stock,NASDAQ,True,True,True,155.88,627051474.1485001,3904997.1,5.144642857142862,20,3.3003867443821284,240,2026-10-05T17:49:31+00:00
F,Ford Motor Company,NYSE,True,True,True,12.12,622506014.3895,47637189.6,0.3503714285714286,20,2.8908533710513917,241,2026-10-05T17:49:31+00:00
HCA,"HCA Healthcare, Inc.",NYSE,True,True,True,433.465,621582248.2412499,1457718.05,11.608128571428564,20,2.6779852055941227,242,2026-10-05T17:49:31+00:00
LOW,Lowe's Companies Inc.,NYSE,True,True,True,179.575,620533681.1735001,3245681.05,4.277135714285714,20,2.3818102265269188,243,2026-10-05T17:49:31+00:00
ZS,"Zscaler, Inc. Common Stock",NASDAQ,True,True,True,203.7575,619908986.22575,3229164.35,9.254478571428564,20,4.541908185675896,244,2026-10-05T17:49:31+00:00
DVN,Devon Energy Corporation,NYSE,True,True,True,48.155,618481316.9855,12770185.5,1.5603571428571428,20,3.2402806413812537,245,2026-10-05T17:49:31+00:00
AXTI,AXT Inc Common Stock,NASDAQ,True,True,True,85.75,618457552.9189999,8566010.05,6.833885714285715,20,7.96954602249063,246,2026-10-05T17:49:31+00:00
CCL,Carnival Corporation Ltd.,NYSE,True,True,True,25.635,614863609.5600001,26479744.45,0.9389285714285721,20,3.6626821588787677,247,2026-10-05T17:49:31+00:00
PYPL,"PayPal Holdings, Inc. Common Stock",NASDAQ,True,True,True,53.765,614126391.297,11545728.25,1.4380857142857144,20,2.6747618604774748,248,2026-10-05T17:49:31+00:00
FXI,iShares China Large-Cap ETF,ARCA,True,True,True,33.78,608921756.758,17760572.7,0.47357142857142925,20,1.4019284445572209,249,2026-10-05T17:49:31+00:00
TSLL,Direxion Shares ETF Trust Direxion Daily TSLA Bull 2X ETF,NASDAQ,False,False,True,10.3,607970270.81,62797591.6,0.6278571428571428,20,6.095700416088764,250,2026-10-05T17:49:31+00:00
MCHP,Microchip Technology Incorporated Common Stock,NASDAQ,True,True,True,81.45,605928121.5144999,8092945.0,2.722850000000001,20,3.342971147943525,251,2026-10-05T17:49:31+00:00
ASTS,"AST SpaceMobile, Inc. Class A Common Stock",NASDAQ,True,True,True,58.43,604939666.928,10021093.0,3.8709571428571423,20,6.624948045280066,252,2026-10-05T17:49:31+00:00
IYR,iShares U.S. Real Estate ETF,ARCA,True,True,True,94.515,604712601.4405,6176061.45,1.1958071428571415,20,1.2652035580142216,253,2026-10-05T17:49:31+00:00
BNY,Bank of New York Mellon Corporation,NYSE,True,True,True,143.755,602451503.2865,3964034.7,2.823821428571427,20,1.964329191034348,254,2026-10-05T17:49:31+00:00
SHEL,Shell plc American Depositary Shares (Each represents two Ordinary shares),NYSE,True,True,True,96.68,601811660.943,6289712.7,1.6139285714285694,20,1.6693510254743167,255,2026-10-05T17:49:31+00:00
PGR,Progressive Corporation,NYSE,True,True,True,210.78,600623349.938,2850007.4,4.657457142857142,20,2.2096295392623313,256,2026-10-05T17:49:31+00:00
WELL,Welltower Inc.,NYSE,True,True,True,224.85,596866507.9009999,2575611.85,4.689042857142853,20,2.085409320499379,257,2026-10-05T17:49:31+00:00
HON,Honeywell International Inc. Common Stock,NASDAQ,True,True,True,213.12,596299562.4035001,2867438.1,4.047785714285715,20,1.8992988524238525,258,2026-10-05T17:49:31+00:00
DAL,"Delta Air Lines, Inc.",NYSE,True,True,True,83.76,594403436.739,7294308.55,2.4301142857142852,20,2.9012825760676755,259,2026-10-05T17:49:31+00:00
SMTC,Semtech Corporation Common Stock,NASDAQ,True,True,True,193.305,592323585.24875,3406617.8,11.514928571428571,20,5.956870526591951,260,2026-10-05T17:49:31+00:00
CIFR,Cipher Digital Inc. Common Stock,NASDAQ,True,True,True,15.22,591114925.50625,34813303.6,1.2937642857142855,20,8.500422376572178,261,2026-10-05T17:49:31+00:00
VTV,Vanguard Morningstar Value ETF,ARCA,True,True,True,217.83,587220956.6965001,2666838.55,1.9033428571428601,20,0.8737744374708993,262,2026-10-05T17:49:31+00:00
CMI,Cummins Inc.,NYSE,True,True,True,531.52,586833705.8295001,1104106.15,13.141785714285712,20,2.4724912918207615,263,2026-10-05T17:49:31+00:00
LNG,Cheniere Energy Inc,NYSE,True,True,True,274.63,585275418.5059999,2147117.3,7.417171428571431,20,2.7007870329430257,264,2026-10-05T17:49:31+00:00
ADP,"Automatic Data Processing, Inc. Common Stock",NASDAQ,True,True,True,258.49,584664168.439,2186447.8,5.469335714285707,20,2.115879033728851,265,2026-10-05T17:49:31+00:00
REGN,"Regeneron Pharmaceuticals, Inc. Common Stock",NASDAQ,True,True,True,731.86,577933153.1985,743749.75,20.72196428571429,20,2.8314109646263343,266,2026-10-05T17:49:31+00:00
ALL,The Allstate Corporation,NYSE,True,True,True,224.19,575079626.1070001,2434249.35,5.6382285714285745,20,2.5149331243269435,267,2026-10-05T17:49:31+00:00
XLB,State Street Materials Select Sector SPDR ETF,ARCA,True,True,True,49.56,573424172.105,11477205.85,0.7757285714285709,20,1.5652311772166483,268,2026-10-05T17:49:31+00:00
LULU,lululemon athletica inc. Common Stock,NASDAQ,True,True,True,92.41,568663154.4315,5740361.8,3.449171428571429,20,3.7324655649512275,269,2026-10-05T17:49:31+00:00
NVO,Novo-Nordisk A/S,NYSE,True,True,True,37.185,565305396.0442499,14082291.55,1.031842857142858,20,2.774890028621374,270,2026-10-05T17:49:31+00:00
TEAM,Atlassian Corporation Class A Common Stock,NASDAQ,True,True,True,195.79,564712256.3395,3028754.75,8.933635714285716,20,4.56286619045187,271,2026-10-05T17:49:31+00:00
BLK,"Blackrock, Inc.",NYSE,True,True,True,1066.67,554812368.823,519528.9,24.65737142857139,20,2.3116213476118563,272,2026-10-05T17:49:31+00:00
IJH,iShares Core S&P Mid-Cap ETF,ARCA,True,True,True,74.025,554076236.5580001,7575036.0,0.8689142857142856,20,1.1738119361219663,273,2026-10-05T17:49:31+00:00
SHW,The Sherwin-Williams Company,NYSE,True,True,True,318.82,550512167.813,1701061.1,7.928850000000007,20,2.4869362022457837,274,2026-10-05T17:49:31+00:00
IUSB,iShares Trust iShares Core Universal USD Bond ETF,NASDAQ,True,True,True,43.825,550218054.151,12315868.8,0.22737857142857112,20,0.5188330209436877,275,2026-10-05T17:49:31+00:00
OXY,Occidental Petroleum Corporation,NYSE,True,True,True,58.86,548510526.2655,9351119.65,1.6522142857142847,20,2.8070239308771403,276,2026-10-05T17:49:31+00:00
EBAY,eBay Inc. Common Stock,NASDAQ,True,True,True,107.39,543558879.8440001,5020273.3,3.236757142857143,20,3.0140209915794234,277,2026-10-05T17:49:31+00:00
TGT,Target Corporation,NYSE,True,True,True,152.61,543514064.339,3459584.1,3.5356714285714292,20,2.316801932095819,278,2026-10-05T17:49:31+00:00
RBLX,Roblox Corporation,NYSE,True,True,True,43.995,542487577.4252499,11728795.6,2.4799785714285716,20,5.63695549818973,279,2026-10-05T17:49:31+00:00
VCLT,Vanguard Long-Term Corporate Bond ETF,NASDAQ,True,True,True,67.83,540975460.117,7768415.6,0.7190142857142844,20,1.0600240096038396,280,2026-10-05T17:49:31+00:00
CB,Chubb Limited,NYSE,True,True,True,332.145,540932805.2832501,1609826.85,4.659514285714274,20,1.4028554654486067,281,2026-10-05T17:49:31+00:00
BX,Blackstone Inc.,NYSE,True,True,True,112.6,537445335.8280001,4477209.0,3.7417214285714278,20,3.323020806901801,282,2026-10-05T17:49:31+00:00
SO,The Southern Company,NYSE,True,True,True,83.99,535756945.6590001,6297310.4,1.2059000000000037,20,1.4357661626384137,283,2026-10-05T17:49:31+00:00
MAR,Marriott International Class A Common Stock,NASDAQ,True,True,True,356.995,532511471.4434999,1551416.9,6.829135714285704,20,1.9129499612839687,284,2026-10-05T17:49:31+00:00
MARA,"MARA Holdings, Inc. Common Stock",NASDAQ,True,True,True,10.875,531836526.47700006,44011596.45,0.8408857142857143,20,7.7322824302134645,285,2026-10-05T17:49:31+00:00
ACWX,iShares MSCI ACWI ex US ETF,NASDAQ,False,False,True,76.37,526641197.5445,6816256.8,0.9192785714285725,20,1.2037168671318221,286,2026-10-05T17:49:31+00:00
VCSH,Vanguard Short-Term Corporate Bond ETF,NASDAQ,True,True,True,77.035,526313985.73050004,6794816.1,0.20060714285714148,20,0.2604103885988726,287,2026-10-05T17:49:31+00:00
MO,"Altria Group, Inc.",NYSE,True,True,True,67.76,525392430.19949996,7630733.5,1.248114285714282,20,1.8419632315736154,288,2026-10-05T17:49:31+00:00
MTUM,iShares MSCI USA Momentum Factor ETF,BATS,True,True,True,323.41,524327200.83999985,1661477.1,4.590264285714279,20,1.419332823881228,289,2026-10-05T17:49:31+00:00
PWR,"Quanta Services, Inc.",NYSE,True,True,True,691.62,521213226.2535,813669.85,19.632800000000024,20,2.838668633064403,290,2026-10-05T17:49:31+00:00
TEM,"Tempus AI, Inc. Class A Common Stock",NASDAQ,True,True,True,81.91,521171736.9885,6905775.7,5.393757142857141,20,6.584980030346895,291,2026-10-05T17:49:31+00:00
PH,Parker-Hannifin Corporation,NYSE,True,True,True,979.4714,520745773.75302,546607.2,19.59427857142858,20,2.0004952233856526,292,2026-10-05T17:49:31+00:00
ORLY,"O'Reilly Automotive, Inc. Common Stock",NASDAQ,True,True,True,83.54,518393985.43874997,6080526.4,1.7903500000000017,20,2.1431050993536047,293,2026-10-05T17:49:31+00:00
WMB,Williams Companies Inc.,NYSE,True,True,True,71.15,517676411.616,7260181.4,1.6092071428571455,20,2.261710671619319,294,2026-10-05T17:49:31+00:00
PCG,PG&E Corporation,NYSE,True,True,True,12.42,516466358.0715,39564368.95,0.360357142857143,20,2.9014262709914895,295,2026-10-05T17:49:31+00:00
KHC,The Kraft Heinz Company,NYSE,True,True,True,21.9441,510081038.6050949,21108584.6,0.5331000000000008,20,2.4293545873378304,296,2026-10-05T17:49:31+00:00
EQIX,"Equinix, Inc. Common Stock REIT",NASDAQ,True,True,True,1021.86,509125501.00400007,496886.7,24.015649999999987,20,2.350189849881587,297,2026-10-05T17:49:31+00:00
CVNA,Carvana Co.,NYSE,True,True,True,63.69,508857740.24899995,7759522.4,3.041928571428572,20,4.776147859049415,298,2026-10-05T17:49:31+00:00
VRTX,Vertex Pharmaceuticals Incorporated Common Stock,NASDAQ,True,True,True,502.87,508842763.5325001,985471.2,11.528000000000032,20,2.2924413864418303,299,2026-10-05T17:49:31+00:00
O,Realty Income Corporation,NYSE,True,True,True,53.915,506470390.67700005,8958274.05,0.8803428571428584,20,1.632834753116681,300,2026-10-05T17:49:31+00:00
HPQ,HP Inc.,NYSE,True,True,True,31.265,505638667.92974997,15393278.2,1.2953571428571429,20,4.143154143154143,301,2026-10-05T17:49:31+00:00
HLT,Hilton Worldwide Holdings Inc.,NYSE,True,True,True,318.39,505560007.0884999,1629513.6,6.15180714285715,20,1.9321609167552842,302,2026-10-05T17:49:31+00:00
TT,Trane Technologies plc,NYSE,True,True,True,470.59,503574635.4659999,1139524.25,10.727114285714284,20,2.2795032375771447,303,2026-10-05T17:49:31+00:00
VUG,Vanguard Morningstar Growth ETF,ARCA,True,True,True,92.045,502560550.1312501,5619878.55,1.1442714285714277,20,1.2431652219799312,304,2026-10-05T17:49:31+00:00
VGT,Vanguard Information Technology ETF,ARCA,True,True,True,129.07,502180294.3669999,4048794.75,1.8943428571428578,20,1.4676864160090322,305,2026-10-05T17:49:31+00:00
FIX,"Comfort Systems USA, Inc.",NYSE,True,True,True,1720.1501,501402196.471465,305762.65,61.10137142857143,20,3.552095333341633,306,2026-10-05T17:49:31+00:00
TTWO,"Take-Two Interactive Software, Inc. Common Stock",NASDAQ,True,True,True,202.365,499991978.53125,2399880.3,5.367864285714284,20,2.6525655551672886,307,2026-10-05T17:49:31+00:00
URI,"United Rentals, Inc.",NYSE,True,True,True,1087.19,499929569.675,489398.9,33.017849999999996,20,3.036989854579236,308,2026-10-05T17:49:31+00:00
NTAP,"NetApp, Inc. Common Stock",NASDAQ,True,True,True,221.88,498706939.03374994,2475897.7,8.164264285714284,20,3.679585490226376,309,2026-10-05T17:49:31+00:00
CASY,"Casey's General Stores, Inc. Common Stock",NASDAQ,True,True,True,615.24,498674832.901,810157.0,16.678428571428565,20,2.710881700056655,310,2026-10-05T17:49:31+00:00
VXUS,Vanguard STAR Funds Vanguard Total International Stock ETF,NASDAQ,True,True,True,85.785,496854740.97249997,5766252.75,1.0438071428571425,20,1.216771163789873,311,2026-10-05T17:49:31+00:00
AEP,"American Electric Power Company, Inc. Common Stock",NASDAQ,True,True,True,119.94,496302873.68050003,4119951.65,1.858785714285714,20,1.5497629767264582,312,2026-10-05T17:49:31+00:00
MMM,3M Company,NYSE,True,True,True,162.455,495786418.8967501,2993961.35,3.3527928571428567,20,2.0638286646411967,313,2026-10-05T17:49:31+00:00
CSX,CSX Corporation Common Stock,NASDAQ,True,True,True,47.45,495682531.2960001,10457407.95,0.8677000000000002,20,1.8286617492096948,314,2026-10-05T17:49:31+00:00
PDD,PDD Holdings Inc. American Depositary Shares,NASDAQ,True,True,True,77.63,494046356.5345,6305747.85,1.709085714285712,20,2.2015789183121375,315,2026-10-05T17:49:31+00:00
HBAN,Huntington Bancshares Incorporated Common Stock,NASDAQ,True,True,True,15.395,492147731.53175,31061003.75,0.3824999999999998,20,2.4845729132835324,316,2026-10-05T17:49:31+00:00
MRSH,Marsh,NYSE,True,True,True,170.415,490238716.81500006,2824886.5,3.2903428571428566,20,1.9307824177113848,317,2026-10-05T17:49:31+00:00
KR,The Kroger Co.,NYSE,True,True,True,58.81,490158544.0575,8257515.45,1.425964285714286,20,2.42469696601647,318,2026-10-05T17:49:31+00:00
ELV,"Elevance Health, Inc.",NYSE,True,True,True,391.69,488536994.616,1208766.2,8.87358571428572,20,2.2654613889263757,319,2026-10-05T17:49:31+00:00
QID,ProShares UltraShort QQQ,ARCA,False,False,True,12.665,487854097.59000003,35730404.8,0.3644857142857142,20,2.8778974677119167,320,2026-10-05T17:49:31+00:00
TRV,"The Travelers Companies, Inc.",NYSE,True,True,True,361.21,485620483.09300005,1317400.5,6.4246714285714335,20,1.778652703018032,321,2026-10-05T17:49:31+00:00
MDLZ,"Mondelez International, Inc. Class A Common Stock",NASDAQ,True,True,True,58.02,484348061.4050001,7982495.6,1.1103571428571424,20,1.9137489535628098,322,2026-10-05T17:49:31+00:00
UTHR,United Therapeutics Corporation Common Stock,NASDAQ,True,True,True,546.09,484026682.2839999,942450.4,20.878392857142867,20,3.8232512694139915,323,2026-10-05T17:49:31+00:00
RWM,ProShares Short Russell2000,ARCA,False,False,True,14.14,483977772.397,34160443.35,0.18923571428571417,20,1.3383006668013733,324,2026-10-05T17:49:31+00:00
NOC,Northrop Grumman Corp.,NYSE,True,True,True,477.03,483706411.48599994,953307.05,11.231749999999993,20,2.354516487432655,325,2026-10-05T17:49:31+00:00
IJR,iShares Core S&P Small-Cap ETF,ARCA,True,True,True,139.31,482868155.9585,3468981.85,1.741964285714287,20,1.2504230031686792,326,2026-10-05T17:49:31+00:00
CMG,"Chipotle Mexican Grill, Inc.",NYSE,True,True,True,30.75,481800415.1995001,14511506.65,1.1450928571428576,20,3.723879210220675,327,2026-10-05T17:49:31+00:00
PBR,PETROLEO BRASILEIRO S.A.-PETROBRAS ADS (REP 1 COMMON SHARE),NYSE,True,True,True,24.505,481243926.06025,22513723.8,0.7587642857142861,20,3.0963651732882522,328,2026-10-05T17:49:31+00:00
BKR,Baker Hughes Company Class A Common Stock,NASDAQ,True,True,True,57.59,479254799.5535,8306493.95,1.4157142857142848,20,2.458264083546249,329,2026-10-05T17:49:31+00:00
USB,U.S. Bancorp,NYSE,True,True,True,57.775,479181351.7387501,8015860.8,1.2232071428571416,20,2.1171910737466755,330,2026-10-05T17:49:31+00:00
BOXX,Alpha Architect 1-3 Month Box ETF,BATS,True,True,True,118.47,478789959.74249995,4048112.45,0.04035714285714168,20,0.0340652847616626,331,2026-10-05T17:49:31+00:00
AZN,AstraZeneca PLC,NYSE,True,True,True,156.52,476092534.53400004,2930519.95,3.035999999999999,20,1.9396882187579856,332,2026-10-05T17:49:31+00:00
ADSK,"Autodesk, Inc. Common Stock",NASDAQ,True,True,True,219.85,475806686.008,2211277.1,6.9217142857142875,20,3.1483803892264213,333,2026-10-05T17:49:31+00:00
PLD,"PROLOGIS, INC.",NYSE,True,True,True,128.95,474542611.195,3556539.85,2.0735714285714275,20,1.6080429845455042,334,2026-10-05T17:49:31+00:00
JCI,Johnson Controls International plc,NYSE,True,True,True,156.3154,473806213.3405299,3260403.05,3.297928571428567,20,2.1097912115047954,335,2026-10-05T17:49:31+00:00
AXON,"Axon Enterprise, Inc. Common Stock",NASDAQ,True,True,True,410.725,473026033.14074993,1051468.7,17.71718571428571,20,4.313637035555592,336,2026-10-05T17:49:31+00:00
DUK,Duke Energy Corporation,NYSE,True,True,True,113.7801,472628437.514365,4060219.6,1.4041500000000002,20,1.234091022946895,337,2026-10-05T17:49:31+00:00
FDX,FedEx Corporation,NYSE,True,True,True,291.02,472177964.94850004,1592019.2,6.568614285714282,20,2.2571006410948673,338,2026-10-05T17:49:31+00:00
CRH,CRH Public Limited Company,NYSE,True,True,True,82.56,470892957.03499997,5495177.7,2.36485,20,2.864401647286822,339,2026-10-05T17:49:31+00:00
LEN,Lennar Corporation Class A,NYSE,True,True,True,74.345,470744657.62849987,5887485.55,3.5080714285714274,20,4.71863801004967,340,2026-10-05T17:49:31+00:00
EOG,"EOG Resources, Inc.",NYSE,True,True,True,144.515,470665451.73475,3269681.8,3.6058642857142837,20,2.4951487981969236,341,2026-10-05T17:49:31+00:00
JNK,State Street SPDR Bloomberg High Yield Bond ETF,ARCA,True,True,True,92.315,469903310.00324994,5027753.9,0.4557142857142854,20,0.4936513954550023,342,2026-10-05T17:49:31+00:00
IWF,iShares Russell 1000 Growth ETF,ARCA,True,True,True,128.29,466884275.987,3766153.05,1.6160857142857137,20,1.2597129271850602,343,2026-10-05T17:49:31+00:00
FSLR,"First Solar, Inc. Common Stock",NASDAQ,True,True,True,175.17,466854096.79899997,2460183.8,8.726785714285716,20,4.981895138600055,344,2026-10-05T17:49:31+00:00
CL,Colgate-Palmolive Company,NYSE,True,True,True,85.61,466771938.47599995,5389695.75,1.2821142857142849,20,1.4976221068967235,345,2026-10-05T17:49:31+00:00
KMB,Kimberly-Clark Corporation Common Stock,NASDAQ,True,True,True,94.83,465173748.97174996,4747186.5,1.825950000000002,20,1.9254982600442918,346,2026-10-05T17:49:31+00:00
VALE,VALE S.A.,NYSE,True,True,True,14.105,463863246.58475,32538408.95,0.39668571428571436,20,2.812376563528638,347,2026-10-05T17:49:31+00:00
UPS,"United Parcel Service, Inc. Class B",NYSE,True,True,True,93.11,462376927.3435,4791881.7,2.198464285714285,20,2.3611473372508702,348,2026-10-05T17:49:31+00:00
EWT,iShares MSCI Taiwan ETF,ARCA,True,True,True,118.07,461531331.73800004,4090144.6,2.252142857142855,20,1.9074640951493649,349,2026-10-05T17:49:31+00:00
STM,STMicroelectronics N.V.,NYSE,True,True,True,57.36,460292944.32,8851627.65,1.6557142857142852,20,2.88653118151026,350,2026-10-05T17:49:31+00:00
CME,CME Group Inc. Class A Common Stock,NASDAQ,True,True,True,267.47,458493345.97150004,1693693.45,6.009707142857138,20,2.246871478243219,351,2026-10-05T17:49:31+00:00
RKT,"Rocket Companies, Inc.",NYSE,True,True,True,11.595,457699133.96725005,36920437.7,0.6040357142857141,20,5.209449886034619,352,2026-10-05T17:49:31+00:00
WDAY,"Workday, Inc. Class A Common Stock",NASDAQ,True,True,True,187.78,454009951.4269999,2382778.75,7.050371428571428,20,3.7545912389878735,353,2026-10-05T17:49:31+00:00
AMT,American Tower Corporation,NYSE,True,True,True,161.1,452756946.05799997,2644110.15,3.5243642857142867,20,2.187687328190122,354,2026-10-05T17:49:31+00:00
WM,"Waste Management, Inc.",NYSE,True,True,True,205.53,451572904.5094999,2148434.05,3.201749999999996,20,1.5578017807619307,355,2026-10-05T17:49:31+00:00
KVUE,Kenvue Inc.,NYSE,True,True,True,17.295,451172411.43674994,25378984.1,0.2870999999999993,20,1.6600173460537686,356,2026-10-05T17:49:31+00:00
CI,The Cigna Group,NYSE,True,True,True,271.47,449545980.518,1635929.15,7.141650000000003,20,2.6307326776439393,357,2026-10-05T17:49:31+00:00
MDY,State Street SPDR S&P MIDCAP 400 ETF Trust,ARCA,True,True,True,675.215,449243409.1115001,671684.95,7.809857142857156,20,1.1566474593806648,358,2026-10-05T17:49:31+00:00
JBL,Jabil Inc.,NYSE,True,True,True,303.965,445937083.78024995,1471551.3,13.492142857142849,20,4.4387159235908245,359,2026-10-05T17:49:31+00:00
WULF,TeraWulf Inc. Common Stock,NASDAQ,True,True,True,14.625,444673403.02775,27738430.6,0.9942857142857138,20,6.798534798534794,360,2026-10-05T17:49:31+00:00
SPXL,Direxion Daily S&P 500 Bull 3x ETF,ARCA,True,True,True,294.17,444507997.646,1568473.8,7.903214285714289,20,2.6866146397369848,361,2026-10-05T17:49:31+00:00
ONDS,Ondas Inc. Common Stock,NASDAQ,False,False,True,7.4245,444078154.4634,59970870.8,0.3809714285714286,20,5.131273871256362,362,2026-10-05T17:49:31+00:00
ROST,"Ross Stores, Inc. Common Stock",NASDAQ,True,True,True,226.06,443267487.26500005,1924707.1,4.985942857142853,20,2.2055838525802236,363,2026-10-05T17:49:31+00:00
SHV,iShares Trust iShares 0-1 Year Treasury Bond ETF,NYSE,True,True,True,110.085,442541124.23100007,4015330.95,0.05547857142857282,20,0.050396122476788686,364,2026-10-05T17:49:31+00:00
TSEM,Tower Semiconductor Ltd. Ordinary Shares,NASDAQ,True,True,True,247.395,439703689.82025003,1968058.1,12.942964285714288,20,5.231700028583555,365,2026-10-05T17:49:31+00:00
TDG,TransDigm Group Incorporated,NYSE,True,True,True,1093.42,438371433.4575001,397508.3,24.135214285714273,20,2.2073141414748467,366,2026-10-05T17:49:31+00:00
GD,General Dynamics Corporation,NYSE,True,True,True,331.78,437261719.28400004,1267538.2,6.107321428571424,20,1.8407744374499442,367,2026-10-05T17:49:31+00:00
GDXJ,VanEck Junior Gold Miners ETF,ARCA,True,True,True,112.55,435275856.537,3613617.5,4.240042857142859,20,3.767252649616045,368,2026-10-05T17:49:31+00:00
ICE,Intercontinental Exchange  Inc.,NYSE,True,True,True,150.86,434549069.4685,2805354.15,3.4387928571428574,20,2.2794596693244444,369,2026-10-05T17:49:31+00:00
CTVA,"Corteva, Inc. Common Stock",NYSE,True,True,True,12.37,432823344.2245,13668965.15,6.513892857142858,20,52.658794318050596,370,2026-10-05T17:49:31+00:00
VT,Vanguard Total World Stock ETF,ARCA,True,True,True,160.08,432461221.5715,2718741.15,1.6025071428571434,20,1.0010664310701796,371,2026-10-05T17:49:31+00:00
MLM,Martin Marietta Materials,NYSE,True,True,True,485.8309,431358343.74700004,875220.45,13.465421428571432,20,2.771627211972609,372,2026-10-05T17:49:31+00:00
JPST,JPMorgan Ultra-Short Income ETF,ARCA,True,True,True,50.235,430259892.9955001,8546272.4,0.04357142857142904,20,0.08673520169489209,373,2026-10-05T17:49:31+00:00
UAL,"United Airlines Holdings, Inc. Common Stock",NASDAQ,True,True,True,111.49,429696589.9545,3890240.85,3.9274714285714305,20,3.5227118383455296,374,2026-10-05T17:49:31+00:00
XEL,Xcel Energy Inc. Common Stock,NASDAQ,True,True,True,71.65,427143547.7955,5892354.85,1.2223285714285683,20,1.7059714883859989,375,2026-10-05T17:49:31+00:00
IWD,iShares Russell 1000 Value ETF,ARCA,True,True,True,250.51,426811093.878,1696207.85,2.054957142857146,20,0.820309425913994,376,2026-10-05T17:49:31+00:00
APLD,Applied Digital Corporation Common Stock,NASDAQ,True,True,True,24.415,426092547.80200005,16366709.2,1.6171000000000002,20,6.623387261929143,377,2026-10-05T17:49:31+00:00
U,Unity Software Inc.,NYSE,True,True,True,45.98,425965089.09749997,10093457.15,2.2365214285714288,20,4.864117939476792,378,2026-10-05T17:49:31+00:00
PTC,PTC Inc. Common Stock,NASDAQ,True,True,True,193.01,425890320.97574997,2691883.45,7.98567142857143,20,4.137439214844531,379,2026-10-05T17:49:31+00:00
MNST,Monster Beverage Corporation,NASDAQ,True,True,True,43.495,425463728.93950003,9824790.9,0.9536428571428591,20,2.1925344456669946,380,2026-10-05T17:49:31+00:00
IQV,IQVIA Holdings Inc.,NYSE,True,True,True,263.3,421411013.566,1581918.7,6.574128571428572,20,2.4968205740328795,381,2026-10-05T17:49:31+00:00
AGNC,AGNC Investment Corp. Common Stock,NASDAQ,True,True,True,8.715,421234524.313,43324694.1,0.23928571428571413,20,2.745676583886565,382,2026-10-05T17:49:31+00:00
CAH,"Cardinal Health, Inc.",NYSE,True,True,True,232.52,419917740.55850005,1847211.55,5.597685714285715,20,2.40739967068885,383,2026-10-05T17:49:31+00:00
VWO,Vanguard FTSE Emerging Markets ETF,ARCA,True,True,True,60.6,417077986.11300004,6951892.55,0.6771285714285707,20,1.117373880245166,384,2026-10-05T17:49:31+00:00
PCAR,PACCAR Inc. Common Stock,NASDAQ,True,True,True,109.76,414853991.3324999,3610953.75,2.8307142857142855,20,2.5790035401915863,385,2026-10-05T17:49:31+00:00
SHY,iShares 1-3 Year Treasury Bond ETF,NASDAQ,True,True,True,81.035,414810103.14799994,5105065.4,0.13379285714285669,20,0.1651050251654923,386,2026-10-05T17:49:31+00:00
PNC,PNC Financial Services Group,NYSE,True,True,True,221.765,414714972.434,1802619.0,4.76687142857142,20,2.1495147694953762,387,2026-10-05T17:49:31+00:00
RVMD,"Revolution Medicines, Inc. Common Stock",NASDAQ,True,True,True,208.645,413686584.88474995,2070758.2,7.523228571428569,20,3.605755504051652,388,2026-10-05T17:49:31+00:00
KORU,Direxion Daily MSCI South Korea Bull 3X ETF,ARCA,False,False,True,23.0243,413323335.607515,19591811.75,1.8678571428571427,20,8.112546930230854,389,2026-10-05T17:49:31+00:00
HUT,Hut 8 Corp. Common Stock,NASDAQ,True,True,True,88.46,412507034.7775,4359939.05,6.928385714285715,20,7.832224411356223,390,2026-10-05T17:49:31+00:00
CTAS,Cintas Corporation Common Stock,NASDAQ,True,True,True,194.42,412420103.85949993,2085124.15,4.014514285714286,20,2.0648669302100022,391,2026-10-05T17:49:31+00:00
DHI,D.R. Horton Inc.,NYSE,True,True,True,133.905,412101816.7895,2973388.35,3.9039928571428533,20,2.9154944603583535,392,2026-10-05T17:49:31+00:00
BP,BP p.l.c.,NYSE,True,True,True,44.83,411032617.3945,9172381.4,1.1046428571428575,20,2.4640706159778216,393,2026-10-05T17:49:31+00:00
SUNB,"Sunbelt Rentals Holdings, Inc.",NYSE,True,True,True,78.1,410379886.871,5593232.45,2.723707142857148,20,3.4874611304188843,394,2026-10-05T17:49:31+00:00
ACGL,Arch Capital Group Ltd. Common Stock,NASDAQ,True,True,True,94.44,408350817.49649996,4272300.3,1.8189285714285728,20,1.926015005748171,395,2026-10-05T17:49:31+00:00
COR,"Cencora, Inc.",NYSE,True,True,True,314.59,407839160.05350006,1301938.95,8.429642857142865,20,2.679564785003613,396,2026-10-05T17:49:31+00:00
CTSH,Cognizant Technology Solutions Corporation Class A Common Stock,NASDAQ,True,True,True,57.81,404519013.89,6791818.95,2.2589214285714294,20,3.9074925247732732,397,2026-10-05T17:49:31+00:00
HUM,Humana Inc.,NYSE,True,True,True,397.3,404132258.6365,1037711.35,12.855914285714281,20,3.2358203588508134,398,2026-10-05T17:49:31+00:00
VNQ,Vanguard Real Estate ETF,ARCA,True,True,True,89.295,402954530.2735,4373554.25,1.176785714285717,20,1.3178629422540085,399,2026-10-05T17:49:31+00:00
KMI,"Kinder Morgan, Inc.",NYSE,True,True,True,31.4882,401791945.4610999,12893984.05,0.701078571428571,20,2.22648030509388,400,2026-10-05T17:49:31+00:00
IAU,iShares Gold Trust,ARCA,True,True,True,77.66,401757348.5605,5000324.8,1.352721428571428,20,1.7418509252786867,401,2026-10-05T17:49:31+00:00
DKS,"Dick's Sporting Goods, Inc.",NYSE,True,True,True,137.39,401167154.537,3074384.4,4.47974285714286,20,3.2606032878250675,402,2026-10-05T17:49:31+00:00
FPS,"Forgent Power Solutions, Inc.",NYSE,True,True,True,39.49,400142141.9785,11213404.0,2.4088571428571433,20,6.099916796295627,403,2026-10-05T17:49:31+00:00
PSQ,ProShares Short QQQ,ARCA,True,True,True,24.33,399235236.05850005,15852448.5,0.3368714285714281,20,1.38459280136222,404,2026-10-05T17:49:31+00:00
HUBS,"HUBSPOT, INC.",NYSE,True,True,True,217.925,398817176.7245,1807911.75,13.300707142857144,20,6.103341582130156,405,2026-10-05T17:49:31+00:00
JAAA,Janus Henderson AAA CLO ETF,ARCA,True,True,True,50.5,398544762.0575,7873644.45,0.03928571428571358,20,0.0777934936350764,406,2026-10-05T17:49:31+00:00
CARR,Carrier Global Corporation,NYSE,True,True,True,55.67,397775325.377,7172864.85,1.4621357142857145,20,2.626433832020324,407,2026-10-05T17:49:31+00:00
BURL,"BURLINGTON STORES, INC.",NYSE,True,True,True,274.425,397345140.46675,1577100.25,8.838885714285704,20,3.2208748161740743,408,2026-10-05T17:49:31+00:00
VEEV,Veeva Systems Inc.,NYSE,True,True,True,277.375,397255408.031,1479661.55,8.034814285714289,20,2.8967334062962737,409,2026-10-05T17:49:31+00:00
LHX,"L3Harris Technologies, Inc.",NYSE,True,True,True,238.9342,395563492.91924,1621268.65,4.649642857142863,20,1.9459930211509542,410,2026-10-05T17:49:31+00:00
EQT,EQT CORP,NYSE,True,True,True,51.13,395374462.8335,7727875.7,1.4382142857142846,20,2.8128579810566876,411,2026-10-05T17:49:31+00:00
TWST,Twist Bioscience Corporation Common Stock,NASDAQ,True,True,True,203.57,391465474.28099996,2344898.8,13.20282857142857,20,6.485645513301848,412,2026-10-05T17:49:31+00:00
PAYX,"Paychex, Inc. Common Stock",NASDAQ,True,True,True,99.04,390108181.4085,3584669.35,3.0344142857142864,20,3.0638270251557818,413,2026-10-05T17:49:31+00:00
A,Agilent Technologies Inc.,NYSE,True,True,True,170.35,389523214.55799997,2409268.3,5.171271428571424,20,3.035674451758981,414,2026-10-05T17:49:31+00:00
SYY,Sysco Corporation,NYSE,True,True,True,76.6928,389315517.15345997,4916198.5,1.3299999999999994,20,1.7341914756013592,415,2026-10-05T17:49:31+00:00
VIK,Viking Holdings Ltd,NYSE,True,True,True,80.89,389235812.1065,4734519.85,2.6585714285714284,20,3.2866503011143875,416,2026-10-05T17:49:31+00:00
TFC,Truist Financial Corporation,NYSE,True,True,True,46.75,387774782.189,8036707.75,1.0507142857142857,20,2.247517188693659,417,2026-10-05T17:49:31+00:00
STT,State Street Corporation,NYSE,True,True,True,175.96,387620168.98950005,2125557.3,3.715357142857146,20,2.1114782580456617,418,2026-10-05T17:49:31+00:00
GLDM,SPDR Gold MiniShares,ARCA,True,True,True,81.765,387587716.34849995,4588137.65,1.4200785714285717,20,1.7367804946230927,419,2026-10-05T17:49:31+00:00
KKR,KKR & Co. Inc.,NYSE,True,True,True,90.255,386480412.84775,3989466.9,2.9399642857142845,20,3.2573976906700843,420,2026-10-05T17:49:31+00:00
VMRK,Vivmark Residential,NYSE,True,True,True,59.54,385879003.491,6142109.35,1.2878571428571424,20,2.163011660828254,421,2026-10-05T17:49:31+00:00
ARKK,ARK Innovation ETF,BATS,True,True,True,92.14,385489883.801,4391838.4,2.2716428571428557,20,2.4654252845049447,422,2026-10-05T17:49:31+00:00
MSI,"Motorola Solutions, Inc. New",NYSE,True,True,True,455.79,384691993.5585,838324.3,7.589285714285706,20,1.6650838575409082,423,2026-10-05T17:49:31+00:00
EWJ,iShares MSCI Japan ETF,ARCA,True,True,True,99.1,383578934.1415,3932365.3,1.552100000000001,20,1.5661957618567115,424,2026-10-05T17:49:31+00:00
OKLO,Oklo Inc.,NYSE,True,True,True,36.32,381083056.02700007,9958660.15,1.9890999999999994,20,5.476596916299558,425,2026-10-05T17:49:31+00:00
SAP,SAP SE,NYSE,True,True,True,206.59,379551278.73749995,1803697.0,4.412699999999995,20,2.1359697952466212,426,2026-10-05T17:49:31+00:00
MCO,Moody's Corporation,NYSE,True,True,True,446.205,378598359.1555,818541.05,10.327064285714284,20,2.3144214622683035,427,2026-10-05T17:49:31+00:00
CHTR,"Charter Communications, Inc. Class A Common Stock New",NASDAQ,True,True,True,106.68,374847952.1190001,3015752.3,5.131457142857143,20,4.810139803953077,428,2026-10-05T17:49:31+00:00
DT,"Dynatrace, Inc.",NYSE,True,True,True,60.25,374221693.28650004,6691550.1,1.6375714285714287,20,2.717960877296977,429,2026-10-05T17:49:31+00:00
AIG,"American International Group, Inc.",NYSE,True,True,True,75.23,373678535.133,4975639.0,1.4739285714285708,20,1.9592297905470832,430,2026-10-05T17:49:31+00:00
GIS,"General Mills, Inc.",NYSE,True,True,True,31.645,370560135.17800003,10637475.95,1.008764285714287,20,3.18775252240255,431,2026-10-05T17:49:31+00:00
RIVN,"Rivian Automotive, Inc. Class A Common Stock",NASDAQ,True,True,True,14.4694,369545225.58893,24363545.3,0.6733071428571425,20,4.653317641762219,432,2026-10-05T17:49:31+00:00
EMR,Emerson Electric Co.,NYSE,True,True,True,163.18,369509787.7185,2407542.8,3.801571428571429,20,2.3296797576733845,433,2026-10-05T17:49:31+00:00
USFR,WisdomTree Floating Rate Treasury Fund,ARCA,True,True,True,50.4156,369364033.1695799,7323378.65,0.026428571428571246,20,0.05242141604696016,434,2026-10-05T17:49:31+00:00
SE,"Sea Limited American Depositary Shares, each representing one Class A Ordinary Share",NYSE,True,True,True,97.33,369061119.79899997,3607737.9,2.86946428571429,20,2.948180710689705,435,2026-10-05T17:49:31+00:00
TEL,TE Connectivity plc,NYSE,True,True,True,219.78,368817804.6309999,1761187.9,5.660792857142856,20,2.5756633256633252,436,2026-10-05T17:49:31+00:00
IEI,iShares 3-7 Year Treasury Bond ETF,NASDAQ,True,True,True,113.02,368416495.88775,3236462.1,0.4439714285714282,20,0.3928255428874785,437,2026-10-05T17:49:31+00:00
IR,Ingersoll Rand Inc. Common Stock,NYSE,True,True,True,78.44,367482996.215,4955212.5,2.107750000000003,20,2.6870856705762405,438,2026-10-05T17:49:31+00:00
ITW,Illinois Tool Works Inc.,NYSE,True,True,True,265.28,366737008.8835,1373827.85,5.19673571428571,20,1.9589624978459403,439,2026-10-05T17:49:31+00:00
JHX,James Hardie Industries plc,NYSE,True,True,True,25.26,365940156.203,13788971.2,0.986064285714286,20,3.903659088338424,440,2026-10-05T17:49:31+00:00
MTSI,"MACOM Technology Solutions Holdings, Inc. Common Stock",NASDAQ,True,True,True,327.725,365448082.24599993,1324622.45,13.632857142857146,20,4.159846561250178,441,2026-10-05T17:49:31+00:00
KWEB,KraneShares CSI China Internet ETF,ARCA,True,True,True,24.53,365378402.0895,14829528.6,0.41891428571428563,20,1.7077630889290079,442,2026-10-05T17:49:31+00:00
DOCN,"DigitalOcean Holdings, Inc.",NYSE,True,True,True,140.07,365037845.25949997,2738299.0,8.801057142857143,20,6.283327723893156,443,2026-10-05T17:49:31+00:00
TPR,"Tapestry, Inc. Common Stock",NYSE,True,True,True,117.295,361564056.08825,3133900.85,3.164285714285715,20,2.6977157715893387,444,2026-10-05T17:49:31+00:00
DXCM,"DexCom, Inc. Common Stock",NASDAQ,True,True,True,86.795,359407732.07875,4134047.4,1.879642857142861,20,2.1656119098368123,445,2026-10-05T17:49:31+00:00
FISV,"Fiserv, Inc. Common Stock",NASDAQ,True,True,True,45.76,359023771.77500004,7532852.45,1.443571428571428,20,3.154657842157841,446,2026-10-05T17:49:31+00:00
KEYS,"Keysight Technologies, Inc.",NYSE,True,True,True,384.99,358877613.6244999,1040746.85,10.260100000000007,20,2.665030260526249,447,2026-10-05T17:49:31+00:00
APO,"Apollo Global Management, Inc.",NYSE,True,True,True,115.73,358384486.21750003,2911940.85,3.936400000000002,20,3.401365246694895,448,2026-10-05T17:49:31+00:00
AMP,"Ameriprise Financial, Inc.",NYSE,True,True,True,493.49,352547880.8705,674592.35,15.346535714285713,20,3.1097966958369394,449,2026-10-05T17:49:31+00:00
ONON,On Holding AG,NYSE,True,True,True,31.745,351326829.4875,12209463.2,1.2511571428571426,20,3.9412730913754688,450,2026-10-05T17:49:31+00:00
NVDL,GraniteShares ETF Trust GraniteShares 2x Long NVDA Daily ETF,NASDAQ,False,False,True,39.7727,351156239.71693003,9868216.95,1.6407857142857138,20,4.125406910483105,451,2026-10-05T17:49:31+00:00
GWW,"W.W. Grainger, Inc.",NYSE,True,True,True,1288.41,350055747.18,275992.95,24.832485714285717,20,1.9273744937004302,452,2026-10-05T17:49:31+00:00
AME,"Ametek, Inc.",NYSE,True,True,True,253.825,346221269.90524995,1426370.55,4.8972928571428564,20,1.92939736320018,453,2026-10-05T17:49:31+00:00
SN,"SharkNinja, Inc.",NYSE,True,True,True,185.115,344973731.441,2026248.1,5.955185714285714,20,3.2170195361184746,454,2026-10-05T17:49:31+00:00
EXC,Exelon Corporation Common Stock,NASDAQ,True,True,True,40.855,344591957.27425003,8285259.75,0.6478499999999998,20,1.5857300208052867,455,2026-10-05T17:49:31+00:00
QLD,ProShares Ultra QQQ,ARCA,True,True,True,99.61,343736937.02449995,3692343.2,2.511435714285715,20,2.5212686620677793,456,2026-10-05T17:49:31+00:00
NVS,Novartis AG,NYSE,True,True,True,140.4,343177755.79849994,2448087.3,2.112142857142859,20,1.5043752543752555,457,2026-10-05T17:49:31+00:00
LYV,Live Nation Entertainment Inc.,NYSE,True,True,True,171.57,343135241.92300004,2022807.8,3.8490714285714267,20,2.243440827983579,458,2026-10-05T17:49:31+00:00
FLEX,Flex Ltd. Ordinary Shares,NASDAQ,True,True,True,117.94,343003302.822,3077912.85,4.896414285714284,20,4.151614622447248,459,2026-10-05T17:49:31+00:00
B,Barrick Mining Corporation,NYSE,True,True,True,39.8989,342471020.82208997,8074055.4,1.197492857142857,20,3.0013179740365197,460,2026-10-05T17:49:31+00:00
TTD,"The Trade Desk, Inc. Class A Common Stock",NASDAQ,True,True,True,11.96,342381423.38600004,25479461.7,0.48801428571428546,20,4.080387004300046,461,2026-10-05T17:49:31+00:00
RIOT,"Riot Platforms, Inc. Common Stock",NASDAQ,True,True,True,19.08,342357300.446,15515557.8,1.4372357142857146,20,7.532681940700811,462,2026-10-05T17:49:31+00:00
AJG,Arthur J. Gallagher & Co.,NYSE,True,True,True,226.2,341428294.11499995,1446765.15,5.753992857142856,20,2.543763420487558,463,2026-10-05T17:49:31+00:00
HAL,Halliburton Company,NYSE,True,True,True,32.94,340429878.48800004,10077343.0,0.8217857142857147,20,2.494795732500652,464,2026-10-05T17:49:31+00:00
SPXS,Direxion Daily S&P 500 Bear 3x ETF,ARCA,False,False,True,23.655,340285017.6885,13750684.45,0.710385714285715,20,3.0031101851013102,465,2026-10-05T17:49:31+00:00
APD,"Air Products & Chemicals, Inc.",NYSE,True,True,True,281.17,340090118.5115,1194283.7,5.767064285714298,20,2.051095168657502,466,2026-10-05T17:49:31+00:00
JEPQ,J.P. Morgan Exchange-Traded Fund Trust JPMorgan Nasdaq Equity Premium Income ETF,NASDAQ,True,True,True,61.1965,338283322.86675006,5588157.2,0.4300071428571423,20,0.7026662355806987,467,2026-10-05T17:49:31+00:00
ROIV,Roivant Sciences Ltd. Common Shares,NASDAQ,True,True,True,36.175,337857223.227,8621408.4,1.1985714285714282,20,3.3132589594234365,468,2026-10-05T17:49:31+00:00
FAST,Fastenal Company Common Stock,NASDAQ,True,True,True,50.8,337331163.768,6773305.7,0.9150642857142854,20,1.8013076490438693,469,2026-10-05T17:49:31+00:00
OKE,"Oneok, Inc.",NYSE,True,True,True,88.495,337298832.37974995,3671098.9,2.407442857142857,20,2.720428111354152,470,2026-10-05T17:49:31+00:00
OTIS,Otis Worldwide Corporation,NYSE,True,True,True,66.165,335778494.44850004,4983490.8,1.6455285714285728,20,2.48700758925198,471,2026-10-05T17:49:31+00:00
KDP,Keurig Dr Pepper Inc. Common Stock,NASDAQ,True,True,True,30.815,335775756.39475,10742592.55,0.8659714285714285,20,2.810226930298324,472,2026-10-05T17:49:31+00:00
AVAV,"AeroVironment, Inc. Common Stock",NASDAQ,True,True,True,141.23,335737235.44775003,2245460.15,7.003371428571427,20,4.958841201282608,473,2026-10-05T17:49:31+00:00
SCHX,Schwab U.S. Large- Cap ETF,ARCA,True,True,True,30.5224,334868891.24334,11106164.45,0.28965714285714306,20,0.9489985809017084,474,2026-10-05T17:49:31+00:00
FITB,Fifth Third Bancorp,NYSE,True,True,True,51.28,334276331.57400006,6374622.4,1.1280357142857156,20,2.1997576331624717,475,2026-10-05T17:49:31+00:00
IBKR,"Interactive Brokers Group, Inc. Class A Common Stock",NASDAQ,True,True,True,88.955,332751821.88725,3733127.3,2.639085714285718,20,2.9667648971791554,476,2026-10-05T17:49:31+00:00
ALNY,"Alnylam Pharmaceuticals, Inc. Common Stock",NASDAQ,True,True,True,220.105,331122050.91375005,1353653.1,9.084685714285717,20,4.127432686347751,477,2026-10-05T17:49:31+00:00
DLTR,Dollar Tree Inc. Common Stock,NASDAQ,True,True,True,112.33,330291208.96199995,2871219.3,3.381928571428567,20,3.0107082448398175,478,2026-10-05T17:49:31+00:00
RSG,Republic Services Inc.,NYSE,True,True,True,212.56,330119878.721,1522246.0,3.499635714285706,20,1.6464225227162712,479,2026-10-05T17:49:31+00:00
AEM,Agnico Eagle Mines Ltd.,NYSE,True,True,True,183.29,328571410.0785,1696504.15,6.272435714285718,20,3.4221374402780937,480,2026-10-05T17:49:31+00:00
ZTS,ZOETIS INC.,NYSE,True,True,True,70.91,327993330.14550006,4567462.0,1.7397285714285695,20,2.453431915708038,481,2026-10-05T17:49:31+00:00
SNDQ,Tradr 2X Short SNDK Daily ETF,BATS,False,False,True,10.915,327513121.3579999,28881659.15,1.2088071428571427,20,11.074733328970616,482,2026-10-05T17:49:31+00:00
SMR,NuScale Power Corporation,NYSE,True,True,True,7.6868,326923969.9001,37489371.2,0.5071357142857142,20,6.5974880871847095,483,2026-10-05T17:49:31+00:00
DLR,"Digital Realty Trust, Inc.",NYSE,True,True,True,178.36,326904970.898,1800442.65,4.036942857142855,20,2.263367827507768,484,2026-10-05T17:49:31+00:00
BDX,"Becton, Dickinson and Co.",NYSE,True,True,True,179.775,326134763.0245,1803566.8,3.436078571428575,20,1.911321691797288,485,2026-10-05T17:49:31+00:00
VTR,"Ventas, Inc.",NYSE,True,True,True,82.08,326099429.2705,3741660.85,1.4996428571428564,20,1.8270502645502638,486,2026-10-05T17:49:31+00:00
ECL,"Ecolab, Inc.",NYSE,True,True,True,277.27,325139581.99300003,1185013.2,5.1426214285714265,20,1.8547341683454492,487,2026-10-05T17:49:31+00:00
NSC,Norfolk Southern Corp.,NYSE,True,True,True,317.57,324430626.3565,1024304.15,5.14806428571429,20,1.6210801668023713,488,2026-10-05T17:49:31+00:00
ROP,"Roper Technologies, Inc. Common Stock",NASDAQ,True,True,True,358.18,324394947.495,876365.75,8.970471428571427,20,2.504459050916139,489,2026-10-05T17:49:31+00:00
TRGP,Targa Resources Corp.,NYSE,True,True,True,286.03,323339125.484,1135139.4,7.708214285714283,20,2.694897138661778,490,2026-10-05T17:49:31+00:00
YUM,"Yum! Brands, Inc.",NYSE,True,True,True,137.63,322936364.9045,2307964.9,2.810935714285711,20,2.0423859000840743,491,2026-10-05T17:49:31+00:00
RBRK,"Rubrik, Inc.",NYSE,True,True,True,123.34,322795993.149,3036397.9,4.954278571428569,20,4.0167655030230005,492,2026-10-05T17:49:31+00:00
CORO,BlackRock ETF Trust iShares International Country Rotation Active ETF,NASDAQ,True,True,True,36.705,322066701.77225,8681228.3,0.4700071428571445,20,1.2804989588806552,493,2026-10-05T17:49:31+00:00
KEY,KeyCorp,NYSE,True,True,True,20.335,321748699.01374996,15420247.55,0.42660714285714285,20,2.097895957005866,494,2026-10-05T17:49:31+00:00
VGSH,Vanguard Short-Term Treasury ETF,NASDAQ,True,True,True,57.4433,320011734.62618494,5556321.45,0.09356428571428665,20,0.16288111183425508,495,2026-10-05T17:49:31+00:00
MTZ,"MasTec, Inc.",NYSE,True,True,True,222.935,319690642.66550004,1458867.3,10.796049999999997,20,4.842689573193979,496,2026-10-05T17:49:31+00:00
CNQ,Canadian Natural Resources Limited,NYSE,True,True,True,48.44,318715109.73249996,6452657.1,1.1630571428571435,20,2.401026306476349,497,2026-10-05T17:49:31+00:00
TSCO,Tractor Supply Company Common Stock,NASDAQ,True,True,True,30.945,318400810.76675,9784549.85,0.9219500000000007,20,2.9793181450961406,498,2026-10-05T17:49:31+00:00
COO,"The Cooper Companies, Inc. Common Stock",NASDAQ,True,True,True,56.42,318259305.28325,5671500.45,1.5241071428571418,20,2.7013597002076244,499,2026-10-05T17:49:31+00:00
DKNG,DraftKings Inc. Class A Common Stock,NASDAQ,True,True,True,20.045,318144320.14475,14763383.5,1.2534857142857148,20,6.25335851477034,500,2026-10-05T17:49:31+00:00
RVTY,"Revvity, Inc.",NYSE,True,True,True,154.5,318020713.305,2220107.15,5.088642857142856,20,3.293619972260749,501,2026-10-05T17:49:31+00:00
ECHO,EchoStar Corporation Common Stock,NASDAQ,True,True,True,98.73,317798776.23800004,3428901.2,3.079278571428571,20,3.118888454804589,502,2026-10-05T17:49:31+00:00
MKSI,MKS Inc. Common Stock,NASDAQ,True,True,True,282.55,317719597.26750004,1230065.65,9.828521428571431,20,3.478506964633315,503,2026-10-05T17:49:31+00:00
IBB,iShares Biotechnology ETF,NASDAQ,True,True,True,207.41,317647249.18799996,1538318.9,3.9714000000000027,20,1.9147582083795394,504,2026-10-05T17:49:31+00:00
ODFL,"Old Dominion Freight Line, Inc. Common Stock",NASDAQ,True,True,True,179.98,317208352.071,1787042.45,4.821785714285716,20,2.6790675154382244,505,2026-10-05T17:49:31+00:00
SPDN,Direxion Daily S&P 500 Bear 1X ETF,ARCA,False,False,True,8.355,316649095.68925,37218477.8,0.091014285714286,20,1.0893391467897786,506,2026-10-05T17:49:31+00:00
ETR,Entergy Corporation,NYSE,True,True,True,100.975,316352733.061,3101222.4,1.8946214285714262,20,1.8763272380009175,507,2026-10-05T17:49:31+00:00
EAT,"Brinker International, Inc.",NYSE,True,True,True,195.81,316042202.656,1552946.9,9.795707142857145,20,5.002659283416141,508,2026-10-05T17:49:31+00:00
ACWI,iShares MSCI ACWI ETF,NASDAQ,True,True,True,161.04,315454774.82299995,1974933.85,1.600449999999999,20,0.9938214108296071,509,2026-10-05T17:49:31+00:00
MSCI,"MSCI, Inc.",NYSE,True,True,True,549.325,313850677.57625,572251.2,11.377028571428573,20,2.0710924446235968,510,2026-10-05T17:49:31+00:00
CBOE,"Cboe Global Markets, Inc.",BATS,True,True,True,275.805,313181042.29025,1149354.2,10.70275,20,3.8805496637116805,511,2026-10-05T17:49:31+00:00
NUE,Nucor Corporation,NYSE,True,True,True,252.8001,312865417.14078504,1260839.4,8.022257142857143,20,3.173359956288444,512,2026-10-05T17:49:31+00:00
SPTL,State Street SPDR Portfolio Long Term Treasury ETF,ARCA,True,True,True,23.555,312039997.4535,12853889.35,0.24897142857142843,20,1.0569791066500889,513,2026-10-05T17:49:31+00:00
CF,"CF Industries Holding, Inc.",NYSE,True,True,True,117.68,311836682.02849996,2492688.7,4.026399999999998,20,3.4214819850441858,514,2026-10-05T17:49:31+00:00
FERG,Ferguson Enterprises Inc.,NYSE,True,True,True,224.43,310938308.45849997,1410133.3,5.428500000000008,20,2.4187942788397305,515,2026-10-05T17:49:31+00:00
ROKU,"Roku, Inc. Class A Common Stock",NASDAQ,True,True,True,152.87,310285565.01449996,2016082.0,1.713314285714288,20,1.1207655430851626,516,2026-10-05T17:49:31+00:00
SH,ProShares Short S&P500,ARCA,False,False,True,31.91,310262570.15900004,9563978.6,0.2978357142857142,20,0.9333616868872272,517,2026-10-05T17:49:31+00:00
EXE,Expand Energy Corporation Common Stock,NASDAQ,True,True,True,86.665,309592807.77175,3485671.15,2.2224999999999997,20,2.5644723936998783,518,2026-10-05T17:49:31+00:00
FOXA,Fox Corporation Class A Common Stock,NASDAQ,True,True,True,62.52,307803827.3595,4780819.85,1.5158928571428578,20,2.42465268257015,519,2026-10-05T17:49:31+00:00
SNX,TD SYNNEX Corporation,NYSE,True,True,True,282.175,306027958.24824995,1143598.35,13.129271428571418,20,4.652882582996869,520,2026-10-05T17:49:31+00:00
VMC,Vulcan Materials Company(Holding Company),NYSE,True,True,True,245.35,305757815.595,1243252.3,6.815357142857143,20,2.7778101254767242,521,2026-10-05T17:49:31+00:00
ADM,Archer Daniels Midland Company,NYSE,True,True,True,82.87,305567655.299,3640293.4,2.228835714285713,20,2.689556792911443,522,2026-10-05T17:49:31+00:00
MDLN,Medline Inc. Class A common stock,NASDAQ,True,True,True,35.775,305432301.40975004,9047534.8,1.2231571428571428,20,3.419027652989917,523,2026-10-05T17:49:31+00:00
D,"Dominion Energy, Inc Common Stock",NYSE,True,True,True,60.965,305297316.16749996,4864520.95,1.0560714285714303,20,1.7322585558458627,524,2026-10-05T17:49:31+00:00
GH,"Guardant Health, Inc. Common Stock",NASDAQ,True,True,True,184.54,304998288.2165,1747904.0,6.984992857142852,20,3.7850833733298215,525,2026-10-05T17:49:31+00:00
VGIT,Vanguard Intermediate-Term Treasury ETF,NASDAQ,True,True,True,56.425,304578663.02949995,5341081.4,0.251614285714285,20,0.44592695740236604,526,2026-10-05T17:49:31+00:00
PBF,PBF ENERGY INC.,NYSE,True,True,True,84.46,304282449.487,4036882.75,4.728642857142858,20,5.598677311322351,527,2026-10-05T17:49:31+00:00
NVT,nVent Electric plc Ordinary Shares,NYSE,True,True,True,169.96,303903907.12950003,1920302.5,5.54548571428571,20,3.262818142083849,528,2026-10-05T17:49:31+00:00
WAT,Waters Corp,NYSE,True,True,True,436.985,303692017.71,716369.55,11.732142857142858,20,2.6847930380088236,529,2026-10-05T17:49:31+00:00
SPMO,Invesco S&P 500 Momentum ETF,ARCA,True,True,True,153.3,303285185.5695,2016626.35,2.2287285714285736,20,1.4538346845587564,530,2026-10-05T17:49:31+00:00
CPRT,"Copart, Inc. (DE) Common Stock",NASDAQ,True,True,True,27.575,302870785.8242499,10331184.8,0.6563928571428568,20,2.380391141043905,531,2026-10-05T17:49:31+00:00
DINO,HF Sinclair Corporation,NYSE,True,True,True,115.655,301928116.6172501,2754470.15,5.088564285714285,20,4.39977889906557,532,2026-10-05T17:49:31+00:00
FN,Fabrinet,NYSE,True,True,True,454.975,301082437.82250005,736886.25,19.662607142857144,20,4.321689574780404,533,2026-10-05T17:49:31+00:00
CNC,Centene Corporation,NYSE,True,True,True,63.745,300326134.09524995,4671710.7,2.0349999999999997,20,3.1924072476272642,534,2026-10-05T17:49:31+00:00
NDAQ,"Nasdaq, Inc. Common Stock",NASDAQ,True,True,True,91.73,298663994.76250005,3227856.1,2.1443999999999996,20,2.3377302954322463,535,2026-10-05T17:49:31+00:00
GEN,Gen Digital Inc. Common Stock,NASDAQ,True,True,True,22.28,297825052.71975,12108335.65,1.3948714285714285,20,6.2606437548089255,536,2026-10-05T17:49:31+00:00
EW,Edwards Lifesciences Corp,NYSE,True,True,True,87.325,297776470.81874996,3427608.45,2.090542857142858,20,2.3939797963273497,537,2026-10-05T17:49:31+00:00
VKTX,"Viking Therapeutics, Inc. Common Stock",NASDAQ,True,True,True,29.49,297004375.951,8272979.2,3.293371428571429,20,11.167756624521633,538,2026-10-05T17:49:31+00:00
XYZ,"Block, Inc.",NYSE,True,True,True,76.265,296859159.31825,3886356.3,2.1481214285714287,20,2.8166543349785993,539,2026-10-05T17:49:31+00:00
MTD,Mettler-Toledo International,NYSE,True,True,True,1519.945,296498105.45475,208791.45,46.74070714285712,20,3.0751577947134354,540,2026-10-05T17:49:31+00:00
NCLH,Norwegian Cruise Line Holdings Ltd. Ordinary Shares,NYSE,True,True,True,14.9999,295832528.90983,20303314.25,0.584207142857143,20,3.8947402506492907,541,2026-10-05T17:49:31+00:00
UNG,"United States Natural Gas Fund, LP Unit",ARCA,True,True,True,10.51,295823663.0385,27762647.15,0.39061428571428586,20,3.716596438765803,542,2026-10-05T17:49:31+00:00
WEC,"WEC Energy Group, Inc.",NYSE,True,True,True,101.74,295485935.04499996,2868347.15,1.5687642857142887,20,1.5419346232694011,543,2026-10-05T17:49:31+00:00
ATI,ATI Inc.,NYSE,True,True,True,195.35,295308551.65500003,1549460.05,7.4401214285714286,20,3.80861091813229,544,2026-10-05T17:49:31+00:00
XYL,Xylem Inc,NYSE,True,True,True,103.2499,295032932.64394,2794873.05,2.398214285714285,20,2.3227279500651186,545,2026-10-05T17:49:31+00:00
MAGS,Roundhill Magnificent Seven ETF,BATS,True,True,True,73.58,294173200.8414999,4121770.75,1.1907071428571459,20,1.6182483594144412,546,2026-10-05T17:49:31+00:00
BTI,"British American Tobacco p.l.c. American Depositary Shares, American Depositary Shares, each representing one Ordinary Share",NYSE,True,True,True,52.755,293982214.84875,5320819.15,0.9435714285714286,20,1.7885914672949077,547,2026-10-05T17:49:31+00:00
BBY,"Best Buy Company, Inc.",NYSE,True,True,True,87.54,293756045.43450004,3224101.5,2.6789928571428567,20,3.0603071249061644,548,2026-10-05T17:49:31+00:00
MET,"MetLife, Inc.",NYSE,True,True,True,96.735,293607719.13825,3045281.3,1.933878571428572,20,1.9991508465690515,549,2026-10-05T17:49:31+00:00
SITM,SiTime Corporation Common Stock,NASDAQ,True,True,True,713.33,292664967.5915,470669.4,35.25064285714287,20,4.941701997272352,550,2026-10-05T17:49:31+00:00
GNRC,GENERAC HOLDINGS INC,NYSE,True,True,True,215.4,292507161.85249996,1451045.6,11.615049999999998,20,5.39231662024141,551,2026-10-05T17:49:31+00:00
JBHT,"J.B. Hunt Transport Services, Inc. Common Stock",NASDAQ,True,True,True,229.68,292496218.1355,1215541.5,8.461142857142855,20,3.683883166641786,552,2026-10-05T17:49:31+00:00
CRS,Carpenter Technology Corp,NYSE,True,True,True,394.535,291970095.617,717825.85,12.973835714285716,20,3.288386509254113,553,2026-10-05T17:49:31+00:00
SCHG,Schwab U.S. Large-Cap Growth ETF,ARCA,True,True,True,36.72,290716746.1765,8144621.7,0.42796428571428535,20,1.1654800809212564,554,2026-10-05T17:49:31+00:00
NRG,"NRG Energy, Inc.",NYSE,True,True,True,97.595,290708245.84250003,2802623.4,3.522964285714287,20,3.6097794822627054,555,2026-10-05T17:49:31+00:00
DG,Dollar General Corp.,NYSE,True,True,True,119.15,289300765.9795,2345207.3,3.2621428571428583,20,2.7378454529104976,556,2026-10-05T17:49:31+00:00
EFX,"Equifax, Incorporated",NYSE,True,True,True,142.425,289286732.3302499,1886119.7,4.997321428571431,20,3.508738935279221,557,2026-10-05T17:49:31+00:00
KOD,Kodiak Sciences Inc Common Stock,NASDAQ,True,True,True,94.98,288384833.171,3586419.7,9.323971428571427,20,9.816773456065937,558,2026-10-05T17:49:31+00:00
ASX,"ASE Technology Holding Co., Ltd.",NYSE,True,True,True,47.525,288199561.8655,6840994.15,1.7851071428571434,20,3.7561433831817856,559,2026-10-05T17:49:31+00:00
ENTG,"Entegris, Inc. Common Stock",NASDAQ,True,True,True,167.34,287654294.4785,1984610.65,6.43749285714286,20,3.846954020044735,560,2026-10-05T17:49:31+00:00
ROK,"Rockwell Automation, Inc.",NYSE,True,True,True,458.25,287006278.483,671692.85,10.038564285714282,20,2.1906305042475247,561,2026-10-05T17:49:31+00:00
FIG,"Figma, Inc.",NYSE,True,True,True,21.595,286422771.25275004,12910874.85,1.0256785714285714,20,4.749611351834089,562,2026-10-05T17:49:31+00:00
ALB,Albemarle Corporation,NYSE,True,True,True,104.6,285241630.38,2499632.2,4.155714285714285,20,3.972958208139852,563,2026-10-05T17:49:31+00:00
PURR,Hyperliquid Strategies Inc Common Stock,NASDAQ,True,True,True,12.79,282152669.3175,22241663.7,1.0483071428571429,20,8.196302915223947,564,2026-10-05T17:49:31+00:00
INSM,Insmed Incorporated Common Stock,NASDAQ,True,True,True,104.8375,281100299.69387496,2366268.95,5.1082928571428585,20,4.872581716602226,565,2026-10-05T17:49:31+00:00
ARES,Ares Management Corporation Class A Common Stock,NYSE,True,True,True,118.28,280823791.15500003,2261955.9,4.467321428571432,20,3.7769034735977614,566,2026-10-05T17:49:31+00:00
HALO,"Halozyme Therapeutics, Inc. Common Stock",NASDAQ,True,True,True,108.75,280543868.6855,2522117.65,3.330121428571428,20,3.0621806239737266,567,2026-10-05T17:49:31+00:00
BSV,Vanguard Short-Term Bond ETF,ARCA,True,True,True,76.185,279532036.131,3652826.95,0.19725714285714396,20,0.258918609775079,568,2026-10-05T17:49:31+00:00
AFRM,"Affirm Holdings, Inc. Class A Common Stock",NASDAQ,True,True,True,74.73,278499329.956,3947632.5,3.2942714285714283,20,4.408231538299783,569,2026-10-05T17:49:31+00:00
PINS,"Pinterest, Inc. Class A Common Stock",NYSE,True,True,True,19.775,278420340.23800004,14822564.9,0.6757071428571424,20,3.4169767021852966,570,2026-10-05T17:49:31+00:00
CBRE,"CBRE GROUP, INC.",NYSE,True,True,True,129.59,278025865.66050005,2038473.7,3.9838928571428585,20,3.074228611114174,571,2026-10-05T17:49:31+00:00
QBTS,D-Wave Quantum Inc. Common Stock,NASDAQ,True,True,True,15.425,277249804.05474997,16359910.35,1.0042785714285718,20,6.5107200740912266,572,2026-10-05T17:49:31+00:00
UMC,United Microelectronic Corp.,NYSE,True,True,True,23.715,276860955.1969999,11610835.4,1.1353499999999996,20,4.787476280834913,573,2026-10-05T17:49:31+00:00
DRI,"Darden Restaurants, Inc.",NYSE,True,True,True,199.14,276407928.3260001,1340837.85,5.003921428571429,20,2.512765606393206,574,2026-10-05T17:49:31+00:00
PSKY,Paramount Skydance Corporation Class B Common Stock,NASDAQ,True,True,True,9.715,276304207.55925,27304884.4,0.64085,20,6.596500257334021,575,2026-10-05T17:49:31+00:00
SCHB,Schwab U.S. Broad Market ETF,ARCA,True,True,True,29.8199,275361950.837325,9342619.65,0.28784999999999983,20,0.9652949875754104,576,2026-10-05T17:49:31+00:00
EIX,Edison International,NYSE,True,True,True,53.85,274895728.4705,5013643.65,1.353985714285713,20,2.5143653004377216,577,2026-10-05T17:49:31+00:00
TNA,Direxion Daily Small Cap Bull 3x ETF,ARCA,False,False,True,60.98,274659630.015,4473120.75,2.4180571428571427,20,3.965328210654547,578,2026-10-05T17:49:31+00:00
SRE,Sempra,NYSE,True,True,True,78.35,274262332.65250003,3408045.8,1.2589571428571458,20,1.6068374509982715,579,2026-10-05T17:49:31+00:00
UPRO,ProShares UltraPro S&P 500,ARCA,True,True,True,153.78,273041554.1255,1839382.5,4.145621428571427,20,2.6958131282165603,580,2026-10-05T17:49:31+00:00
EL,The Estee Lauder Companies Inc. Class A,NYSE,True,True,True,93.71,272224323.8019999,2849118.8,3.2303571428571423,20,3.44718508468375,581,2026-10-05T17:49:31+00:00
SPXU,ProShares UltraPro Short S&P 500,ARCA,False,False,True,33.2429,272033881.541135,7832538.9,0.9670214285714275,20,2.9089562841130814,582,2026-10-05T17:49:31+00:00
CRL,"Charles River Laboratories International, Inc.",NYSE,True,True,True,303.96,271385149.34799993,957701.1,10.701685714285711,20,3.5207546105690586,583,2026-10-05T17:49:31+00:00
CFG,"Citizens Financial Group, Inc.",NYSE,True,True,True,64.9,270996047.17200005,4074955.55,1.4642857142857153,20,2.2562183579132746,584,2026-10-05T17:49:31+00:00
DECK,Deckers Outdoor Corp,NYSE,True,True,True,79.67,270819080.25200003,3415987.95,1.9767857142857141,20,2.4812171636572287,585,2026-10-05T17:49:31+00:00
TTAN,"ServiceTitan, Inc. Class A Common Stock",NASDAQ,True,True,True,69.8601,270806017.64320004,4542145.45,3.50422857142857,20,5.016065782082434,586,2026-10-05T17:49:31+00:00
HIMS,"Hims & Hers Health, Inc.",NYSE,True,True,True,29.68,270401808.4434999,9385838.45,1.6527214285714287,20,5.568468425105891,587,2026-10-05T17:49:31+00:00
GRML,Greenland Mines Ltd. Common Stock,NASDAQ,False,False,True,7.52,270234467.7845,23965994.2,3.206049999999999,20,42.633643617021264,588,2026-10-05T17:49:31+00:00
VBIL,Vanguard Institutional Index Funds Vanguard 0-3 Month Treasury Bill ETF,NASDAQ,True,True,True,75.535,269949896.47775006,3569768.35,0.035714285714287745,20,0.04728177098601674,589,2026-10-05T17:49:31+00:00
ENB,"Enbridge, Inc",NYSE,True,True,True,46.23,268355188.52799997,5591938.25,0.6576999999999994,20,1.4226692623837323,590,2026-10-05T17:49:31+00:00
RMD,ResMed Inc.,NYSE,True,True,True,223.175,268064497.18675,1201425.65,4.537857142857143,20,2.033317863944054,591,2026-10-05T17:49:31+00:00
STZ,"Constellation Brands, Inc.",NYSE,True,True,True,113.975,268029873.20699996,2255440.7,2.404757142857142,20,2.1098987873280475,592,2026-10-05T17:49:31+00:00
APA,APA Corporation Common Stock,NASDAQ,True,True,True,44.17,267789055.64200005,6090971.7,1.5520500000000002,20,3.5138102784695495,593,2026-10-05T17:49:31+00:00
CLX,Clorox Company,NYSE,True,True,True,81.58,267439185.08449998,3150853.65,2.309764285714285,20,2.8312874303926026,594,2026-10-05T17:49:31+00:00
DGX,Quest Diagnostics Inc.,NYSE,True,True,True,232.235,266104362.97375003,1119717.15,5.247242857142857,20,2.2594539398208093,595,2026-10-05T17:49:31+00:00
RGTI,"Rigetti Computing, Inc. Common Stock",NASDAQ,True,True,True,15.015,265614050.1975,16853831.75,0.9066071428571433,20,6.038009609438184,596,2026-10-05T17:49:31+00:00
XRT,State Street SPDR S&P Retail ETF,ARCA,False,False,True,82.91,265595279.873,3187943.8,1.2732142857142839,20,1.5356582869548714,597,2026-10-05T17:49:31+00:00
EME,"EMCOR Group, Inc.",NYSE,True,True,True,787.64,264796540.25050002,350103.75,20.752707142857144,20,2.6347959909168077,598,2026-10-05T17:49:31+00:00
CCJ,Cameco Corporation,NYSE,True,True,True,87.84,264734705.37450004,2905803.35,3.0449857142857115,20,3.46651379130887,599,2026-10-05T17:49:31+00:00
TLN,Talen Energy Corporation Common Stock,NASDAQ,True,True,True,335.455,264721770.15825,864698.8,13.626778571428568,20,4.062177809670021,600,2026-10-05T17:49:31+00:00
IGSB,iShares Trust iShares 1-5 Year Investment Grade Corporate Bond ETF,NASDAQ,True,True,True,51.065,264720880.44450003,5154331.95,0.14006428571428536,20,0.274286273796701,601,2026-10-05T17:49:31+00:00
WRB,W.R. Berkley Corporation,NYSE,True,True,True,69.92,264255983.2605,3807734.65,1.2739857142857178,20,1.8220619483491387,602,2026-10-05T17:49:31+00:00
SU,"Suncor Energy, Inc.",NYSE,True,True,True,69.34,263628304.84749994,3836647.4,1.7359285714285713,20,2.503502410482508,603,2026-10-05T17:49:31+00:00
TLH,iShares 10-20 Year Treasury Bond ETF,ARCA,True,True,True,91.025,263071772.32725,2806174.55,0.8732071428571432,20,0.9593047435947741,604,2026-10-05T17:49:31+00:00
STRL,"Sterling Infrastructure, Inc. Common Stock",NASDAQ,True,True,True,530.02,261678157.2415,521385.55,23.99283571428571,20,4.5267793129100244,605,2026-10-05T17:49:31+00:00
RF,Regions Financial Corp.,NYSE,True,True,True,27.325,261186994.46899995,9284147.1,0.5917999999999998,20,2.165782250686184,606,2026-10-05T17:49:31+00:00
ZM,"Zoom Communications, Inc. Class A Common Stock",NASDAQ,True,True,True,93.725,260309846.02525005,2827174.8,2.9092857142857125,20,3.104065846130395,607,2026-10-05T17:49:31+00:00
TOST,"Toast, Inc.",NYSE,True,True,True,29.945,260077073.33399996,8486966.8,1.0194285714285716,20,3.4043365217183887,608,2026-10-05T17:49:31+00:00
TSLG,Themes ETF Trust Leverage Shares 2X Long TSLA Daily ETF,NASDAQ,False,False,True,5.1464,259284200.14020005,53870576.9,0.3135214285714286,20,6.092053252204038,609,2026-10-05T17:49:31+00:00
FLUT,Flutter Entertainment plc,NYSE,True,True,True,77.75,259134111.90999994,2965237.45,4.30657142857143,20,5.538998621956822,610,2026-10-05T17:49:31+00:00
GDDY,GoDaddy Inc,NYSE,True,True,True,98.31,259086464.716,2638886.9,4.948185714285715,20,5.0332475987038094,611,2026-10-05T17:49:31+00:00
LH,Labcorp Holdings Inc.,NYSE,True,True,True,307.455,258046761.41925,822401.0,6.228778571428584,20,2.025915523061451,612,2026-10-05T17:49:31+00:00
WWD,"Woodward, Inc. Common Stock",NASDAQ,True,True,True,334.7225,257960505.59225002,790317.75,9.002135714285718,20,2.689432504323945,613,2026-10-05T17:49:31+00:00
ITOT,iShares Core S&P Total U.S. Stock Market ETF,ARCA,True,True,True,169.1,257251978.672,1539474.8,1.5682142857142887,20,0.9273886964602536,614,2026-10-05T17:49:31+00:00
NLY,Annaly Capital Management. Inc.,NYSE,True,True,True,18.415,257040416.64075,12531950.35,0.5068571428571431,20,2.752414568868548,615,2026-10-05T17:49:31+00:00
GOVT,iShares U.S. Treasury Bond ETF,BATS,True,True,True,21.755,256562205.58349997,11653883.0,0.1022428571428574,20,0.4699740617920359,616,2026-10-05T17:49:31+00:00
ULTA,"Ulta Beauty, Inc. Common Stock",NASDAQ,True,True,True,547.93,256375534.9045,470933.4,14.068228571428604,20,2.5675229630479453,617,2026-10-05T17:49:31+00:00
LPLA,LPL Financial Holdings Inc. Common Stock,NASDAQ,True,True,True,331.1425,256021487.94337502,799897.5,12.52311428571429,20,3.781790101154123,618,2026-10-05T17:49:31+00:00
FBTC,Fidelity Wise Origin Bitcoin Fund,BATS,True,True,True,74.155,255754537.72925,3602872.95,2.0763214285714278,20,2.7999749559320715,619,2026-10-05T17:49:31+00:00
NVR,"NVR, Inc.",NYSE,True,True,True,5952.5,255713549.4845,41383.55,142.14319285714288,20,2.3879578808423836,620,2026-10-05T17:49:31+00:00
SPG,"Simon Property Group, Inc.",NYSE,True,True,True,201.99,255180650.85249996,1247904.95,2.6944928571428517,20,1.3339733933080111,621,2026-10-05T17:49:31+00:00
CNP,"CenterPoint Energy, Inc.",NYSE,True,True,True,37.995,254372156.89000002,6698556.45,0.5578571428571435,20,1.468238302032224,622,2026-10-05T17:49:31+00:00
MXL,"MaxLinear, Inc. Common Stock",NASDAQ,True,True,True,107.07,254044825.4835,3040538.4,7.2389214285714285,20,6.760924095051301,623,2026-10-05T17:49:31+00:00
ARGX,argenx SE American Depositary Shares,NASDAQ,True,True,True,918.14,253828445.10400003,262034.7,21.177321428571435,20,2.3065459982760186,624,2026-10-05T17:49:31+00:00
ITUB,Itau Unibanco Holding S.A. American Depositary Shares,NYSE,True,True,True,9.98,253576780.41950002,29648589.4,0.35105000000000003,20,3.5175350701402803,625,2026-10-05T17:49:31+00:00
WSM,"Williams-Sonoma, Inc.",NYSE,True,True,True,237.87,253377695.3355,1116170.5,6.388928571428567,20,2.6858908527466965,626,2026-10-05T17:49:31+00:00
PSA,Public Storage,NYSE,True,True,True,282.0,253177214.12499994,869598.5,5.326807142857144,20,1.8889387031408313,627,2026-10-05T17:49:31+00:00
CCI,Crown Castle Inc.,NYSE,True,True,True,66.565,253170347.69325,3559773.1,1.7242857142857153,20,2.590378899249929,628,2026-10-05T17:49:31+00:00
WPM,Wheaton Precious Metals Corp. Common Stock,NYSE,True,True,True,136.2901,253133842.91972002,1750743.75,5.235100000000001,20,3.8411447346505736,629,2026-10-05T17:49:31+00:00
DOW,Dow Inc.,NYSE,True,True,True,28.4904,252504701.39722005,8803639.05,0.8249999999999998,20,2.895712239912391,630,2026-10-05T17:49:31+00:00
CMS,CMS Energy Corporation,NYSE,True,True,True,64.24,252432663.808,3904338.25,0.981785714285712,20,1.5283090197473725,631,2026-10-05T17:49:31+00:00
USFD,US Foods Holding Corp.,NYSE,True,True,True,96.32,252419522.56550002,2674424.3,2.3932142857142855,20,2.4846493830090175,632,2026-10-05T17:49:31+00:00
MINT,PIMCO Enhanced Short Maturity Active Exchange-Traded Fund,ARCA,True,True,True,100.305,251833684.80900002,2504078.0,0.06513571428571449,20,0.06493765443967349,633,2026-10-05T17:49:31+00:00
MP,MP Materials Corp.,NYSE,True,True,True,46.84,251747024.833,5130180.15,2.277714285714285,20,4.862754666341343,634,2026-10-05T17:49:31+00:00
SPYG,State Street SPDR Portfolio S&P 500 Growth ETF,ARCA,True,True,True,125.7199,251671349.97878003,2053772.95,1.4603142857142828,20,1.1615617620713052,635,2026-10-05T17:49:31+00:00
QRVO,"Qorvo, Inc. Common Stock",NASDAQ,True,True,True,114.17,251126903.24650002,2198518.85,4.49722142857143,20,3.9390570452583247,636,2026-10-05T17:49:31+00:00
VIG,Vanguard Dividend Appreciation ETF,ARCA,True,True,True,236.12,250789455.2625,1060161.95,1.9832500000000002,20,0.839933084872099,637,2026-10-05T17:49:31+00:00
XLRE,State Street Real Estate Select Sector SPDR ETF,ARCA,True,True,True,40.67,250147994.93449998,5947638.05,0.5088500000000005,20,1.251167937054341,638,2026-10-05T17:49:31+00:00
CHRW,"C.H. Robinson Worldwide, Inc. Common Stock",NASDAQ,True,True,True,138.33,249737763.60499996,1669746.3,5.711550000000001,20,4.128930817610063,639,2026-10-05T17:49:31+00:00
DTE,DTE Energy Company,NYSE,True,True,True,125.845,249404381.18300003,1967892.5,2.2253999999999996,20,1.7683658468751238,640,2026-10-05T17:49:31+00:00
HSY,The Hershey Company,NYSE,True,True,True,161.36,249352391.09500003,1490969.85,3.1288928571428563,20,1.9390758906438128,641,2026-10-05T17:49:31+00:00
ROL,"Rollins, Inc.",NYSE,True,True,True,29.675,248762461.84925,7779383.55,0.9257571428571431,20,3.1196533878926473,642,2026-10-05T17:49:31+00:00
VICI,VICI Properties Inc. Common Stock,NYSE,True,True,True,22.665,248491378.09300002,10378925.65,0.38339285714285765,20,1.691563455296085,643,2026-10-05T17:49:31+00:00
LUV,Southwest Airlines Co.,NYSE,True,True,True,41.95,247793733.15849996,6065100.75,1.293571428571429,20,3.083602928656565,644,2026-10-05T17:49:31+00:00
TXG,"10x Genomics, Inc. Class A Common Stock",NASDAQ,True,True,True,95.765,247528529.669,3109418.2,5.783528571428573,20,6.039292613615176,645,2026-10-05T17:49:31+00:00
FDS,Factset Research Systems,NYSE,True,True,True,268.56,246712230.0585,900296.0,10.98363571428571,20,4.0898256308779075,646,2026-10-05T17:49:31+00:00
KNX,Knight-Swift Transportation Holdings Inc. Class A Common Stock,NYSE,True,True,True,65.86,246567129.1795,3707595.4,2.2132142857142862,20,3.360483276213614,647,2026-10-05T17:49:31+00:00
DOV,Dover Corporation,NYSE,True,True,True,191.795,246536797.11250004,1303126.2,4.007857142857146,20,2.089656739152296,648,2026-10-05T17:49:31+00:00
PEG,Public Service Enterprise Group Incorporated,NYSE,True,True,True,68.41,245514288.57900006,3545460.55,1.1121428571428555,20,1.6257021738676447,649,2026-10-05T17:49:31+00:00
MOD,Modine Manufacturing Co,NYSE,True,True,True,182.5,245475722.0075,1314711.65,10.664364285714283,20,5.843487279843443,650,2026-10-05T17:49:31+00:00
TMF,Direxion Daily 20+ Year Treasury Bull 3X ETF,ARCA,True,True,True,24.8699,245402998.759555,8926710.25,0.9366428571428569,20,3.766170580271158,651,2026-10-05T17:49:31+00:00
SPSB,State Street SPDR Portfolio Short Term Corporate Bond ETF,ARCA,True,True,True,29.525,245318484.08349997,8270836.4,0.06427857142857109,20,0.21770896334825096,652,2026-10-05T17:49:31+00:00
AWK,"American Water Works Company, Inc",NYSE,True,True,True,127.7,244690631.07200003,1819547.7,2.5107071428571452,20,1.9660979975388764,653,2026-10-05T17:49:31+00:00
FIVE,"Five Below, Inc. Common Stock",NASDAQ,True,True,True,217.805,244386379.08300003,1046317.5,8.428035714285716,20,3.869532707828432,654,2026-10-05T17:49:31+00:00
MTB,M&T Bank Corp.,NYSE,True,True,True,220.59,244276529.76950002,1074780.5,4.297664285714284,20,1.9482588901193545,655,2026-10-05T17:49:31+00:00
ASST,"Strive, Inc. Class A Common Stock",NASDAQ,True,True,True,30.13,244074509.99400002,8454609.6,1.8410642857142852,20,6.110402541368354,656,2026-10-05T17:49:31+00:00
OMC,Omnicom Group Inc.,NYSE,True,True,True,75.02,244036860.615,3174199.15,1.8561714285714288,20,2.474235441977378,657,2026-10-05T17:49:31+00:00
IOT,Samsara Inc.,NYSE,True,True,True,42.49,243968523.74299997,6150236.25,1.7985357142857161,20,4.232844702955322,658,2026-10-05T17:49:31+00:00
QSR,Restaurant Brands International Inc.,NYSE,True,True,True,70.08,243437103.81949997,3307901.75,1.486785714285715,20,2.1215549575994794,659,2026-10-05T17:49:31+00:00
RMBS,Rambus Inc. Common Stock,NASDAQ,True,True,True,110.36,243431203.3575,2578519.25,5.7045642857142855,20,5.169050639465645,660,2026-10-05T17:49:31+00:00
W,Wayfair Inc.,NYSE,True,True,True,105.645,242415890.5875,2388574.45,4.891771428571429,20,4.6303861314510195,661,2026-10-05T17:49:31+00:00
IDXX,"IDEXX Laboratories, Inc. Common Stock",NASDAQ,True,True,True,525.82,242070240.12999997,468679.15,11.682142857142866,20,2.2216999842423,662,2026-10-05T17:49:31+00:00
CW,Curtiss-Wright Corp.,NYSE,True,True,True,546.51,240775511.12800002,434266.95,13.861057142857135,20,2.536286095928187,663,2026-10-05T17:49:31+00:00
FFIV,"F5, Inc. Common Stock",NASDAQ,True,True,True,458.73,240054353.46899995,555019.0,13.443442857142855,20,2.93057852269153,664,2026-10-05T17:49:31+00:00
SCHF,Schwab International Equity ETF,ARCA,True,True,True,27.585,239973881.55174994,8633099.65,0.36244999999999955,20,1.3139387348196467,665,2026-10-05T17:49:31+00:00
GME,GameStop Corp. Class A,NYSE,True,True,True,25.7288,239884628.65482002,10472261.65,1.0072571428571422,20,3.914901366784079,666,2026-10-05T17:49:31+00:00
RIG,Transocean LTD.,NYSE,True,True,True,5.565,239698740.87200004,43418543.6,0.19928571428571443,20,3.58105506353485,667,2026-10-05T17:49:31+00:00
QXO,"QXO, Inc.",NYSE,True,True,True,11.919,238866554.7703,19836954.4,0.572557142857143,20,4.803734733259024,668,2026-10-05T17:49:31+00:00
LVS,Las Vegas Sands Corp.,NYSE,True,True,True,36.925,238124545.67524996,5952253.3,0.9435785714285717,20,2.555392204275076,669,2026-10-05T17:49:31+00:00
ETSY,"Etsy, Inc.",NYSE,True,True,True,70.995,238104841.85274997,3301637.6,2.857842857142856,20,4.025414264586035,670,2026-10-05T17:49:31+00:00
NYT,New York Times Co.,NYSE,True,True,True,63.87,237791869.35,3593148.6,2.7210642857142866,20,4.260316714755421,671,2026-10-05T17:49:31+00:00
FTAI,FTAI Aviation Ltd. Common Stock,NASDAQ,True,True,True,165.99,236773073.356,1314348.8,7.454428571428575,20,4.490890156894134,672,2026-10-05T17:49:31+00:00
MSTU,T-Rex 2X Long MSTR Daily Target ETF,BATS,False,False,True,43.81,236506182.66649994,5903623.45,4.911307142857142,20,11.21047053836371,673,2026-10-05T17:49:31+00:00
INDA,iShares MSCI India ETF,BATS,True,True,True,46.515,236086148.929,4942356.1,0.4349999999999992,20,0.9351821992905497,674,2026-10-05T17:49:31+00:00
HDB,HDFC Bank Limited,NYSE,True,True,True,22.165,235844642.96400005,10338747.0,0.5592285714285717,20,2.5230253617350407,675,2026-10-05T17:49:31+00:00
QUAL,iShares MSCI USA Quality Factor ETF,BATS,True,True,True,225.655,235734859.78650004,1064492.0,1.9293499999999975,20,0.8549998892114056,676,2026-10-05T17:49:31+00:00
CVE,Cenovus Energy Inc.,NYSE,True,True,True,31.585,235554046.673,7323882.0,1.0282428571428568,20,3.255478414256314,677,2026-10-05T17:49:31+00:00
BIIB,Biogen Inc. Common Stock,NASDAQ,True,True,True,220.7,235171397.662,1063009.2,5.076071428571431,20,2.2999870541782648,678,2026-10-05T17:49:31+00:00
GEHC,GE HealthCare Technologies Inc. Common Stock,NASDAQ,True,True,True,65.365,235144053.07574996,3611083.0,1.3958142857142855,20,2.1354154145403283,679,2026-10-05T17:49:31+00:00
TYL,"Tyler Technologies, Inc.",NYSE,True,True,True,326.075,234271084.60975003,698462.15,10.67907857142857,20,3.2750375132802487,680,2026-10-05T17:49:31+00:00
HIG,"The Hartford Insurance Group, Inc.",NYSE,True,True,True,126.9,233842470.02349997,1799948.2,2.451428571428572,20,1.9317798041202299,681,2026-10-05T17:49:31+00:00
PR,Permian Resources Corporation,NYSE,True,True,True,22.48,233532181.93399996,10348938.15,0.7239357142857143,20,3.2203546009150994,682,2026-10-05T17:49:31+00:00
VICR,Vicor Corporation Common Stock,NASDAQ,True,True,True,306.81,233464108.783,937319.5,19.88365,20,6.480769857566572,683,2026-10-05T17:49:31+00:00
AEHR,Aehr Test Systems Common Stock,NASDAQ,True,True,True,106.72,232808455.94349998,2443787.25,7.393928571428573,20,6.928343863782397,684,2026-10-05T17:49:31+00:00
BKLN,Invesco Senior Loan ETF,ARCA,True,True,True,20.485,232754631.78274995,11327993.65,0.05285000000000092,20,0.257993653893097,685,2026-10-05T17:49:31+00:00
VIAV,Viavi Solutions Inc. Common Stock,NASDAQ,True,True,True,47.29,232621789.52250004,5958008.75,2.3964714285714286,20,5.067607165513699,686,2026-10-05T17:49:31+00:00
BHP,BHP Group Limited American Depositary Shares (Each representing two Ordinary Shares),NYSE,True,True,True,86.68,232514608.74949998,2700769.15,1.9742142857142875,20,2.2775891621069304,687,2026-10-05T17:49:31+00:00
CHYM,"Chime Financial, Inc. Class A Common Stock",NASDAQ,True,True,True,28.19,232425386.10725003,7616493.1,1.2327571428571424,20,4.373029949830231,688,2026-10-05T17:49:31+00:00
BNDX,Vanguard Charlotte Funds Vanguard Total International Bond ETF,NASDAQ,True,True,True,46.745,232314086.87650004,4945931.85,0.17565714285714357,20,0.3757773940681219,689,2026-10-05T17:49:31+00:00
BG,Bunge Global SA,NYSE,True,True,True,107.13,232036669.935,2020972.85,3.5416142857142856,20,3.3059033750716753,690,2026-10-05T17:49:31+00:00
WST,"West Pharmaceutical Services, Inc.",NYSE,True,True,True,373.09,231571321.10500002,637884.3,8.165085714285718,20,2.1885029655808834,691,2026-10-05T17:49:31+00:00
IDEV,iShares Core MSCI International Developed Markets ETF,ARCA,True,True,True,89.485,231427450.67025,2558957.35,1.053214285714284,20,1.1769729962723183,692,2026-10-05T17:49:31+00:00
JEPI,JPMorgan Equity Premium Income ETF,ARCA,True,True,True,56.285,231088153.58900005,4097444.9,0.37510714285714286,20,0.6664424675440045,693,2026-10-05T17:49:31+00:00
CLSK,"CleanSpark, Inc. Common Stock",NASDAQ,True,True,True,12.2499,230506205.17367,16975363.55,0.8407642857142859,20,6.863437952263168,694,2026-10-05T17:49:31+00:00
PODD,Insulet Corporation Common Stock,NASDAQ,True,True,True,135.12,230153757.37399998,1690532.0,3.9241785714285737,20,2.904217415207648,695,2026-10-05T17:49:31+00:00
AFL,Aflac Inc.,NYSE,True,True,True,112.12,230068096.3665,2001719.65,1.7209928571428565,20,1.534956169410325,696,2026-10-05T17:49:31+00:00
AU,AngloGold Ashanti plc,NYSE,True,True,True,94.3,229351397.09149998,2285064.65,3.253100000000001,20,3.4497348886532357,697,2026-10-05T17:49:31+00:00
IVW,iShares S&P 500 Growth ETF,ARCA,True,True,True,145.22,229272624.933,1621224.0,1.694278571428569,20,1.1666978180888095,698,2026-10-05T17:49:31+00:00
ONTO,Onto Innovation Inc.,NYSE,True,True,True,326.545,228546820.94450003,823001.8,13.441785714285711,20,4.116365497645258,699,2026-10-05T17:49:31+00:00
BIDU,"Baidu, Inc. ADS",NASDAQ,True,True,True,86.8,228493473.91149998,2549536.6,1.9839071428571455,20,2.2856073074391077,700,2026-10-05T17:49:31+00:00
AGQ,ProShares Ultra Silver,ARCA,True,True,True,68.23,227237425.85500002,3039926.85,4.345707142857146,20,6.3692029061368105,701,2026-10-05T17:49:31+00:00
STLD,"Steel Dynamics, Inc.",NASDAQ,True,True,True,244.515,227060102.195,969943.0,7.711471428571422,20,3.153782560812802,702,2026-10-05T17:49:31+00:00
TTMI,"TTM Technologies, Inc. Common Stock",NASDAQ,True,True,True,135.88,226853833.16149998,1839713.85,6.914292857142853,20,5.088528743849612,703,2026-10-05T17:49:31+00:00
PPL,PPL Corporation,NYSE,True,True,True,33.025,226811890.5745,6830154.25,0.49607142857142883,20,1.5021087920406626,704,2026-10-05T17:49:31+00:00
GRMN,Garmin Ltd,NYSE,True,True,True,285.475,226387258.51275,803730.1,7.406857142857144,20,2.594572954849687,705,2026-10-05T17:49:31+00:00
TKO,"TKO Group Holdings, Inc.",NYSE,True,True,True,177.59,226265829.14000002,1209376.5,5.568928571428572,20,3.13583454666849,706,2026-10-05T17:49:31+00:00
RL,Ralph Lauren Corporation,NYSE,True,True,True,365.52,226230149.7425,655168.95,9.714457142857153,20,2.6577087827908605,707,2026-10-05T17:49:31+00:00
SPCH,Leverage Shares 2X Long SPCX Daily ETF,BATS,False,False,True,12.44,226194436.22075,22191615.55,0.8489428571428572,20,6.824299494717502,708,2026-10-05T17:49:31+00:00
VGK,Vanguard FTSE Europe ETF,ARCA,True,True,True,86.155,225971075.29399997,2563864.7,1.1360714285714297,20,1.3186366764220645,709,2026-10-05T17:49:31+00:00
QQQI,NEOS ETF Trust NEOS Nasdaq 100 High Income ETF,NASDAQ,True,True,True,56.405,225460004.55474997,4104756.55,0.5681785714285711,20,1.0073195132143802,710,2026-10-05T17:49:31+00:00
CPNG,"Coupang, Inc.",NYSE,True,True,True,14.105,224941923.14124998,15672674.7,0.42242142857142856,20,2.994834658429128,711,2026-10-05T17:49:31+00:00
FIS,"Fidelity National Information Services, Inc.",NYSE,True,True,True,33.155,224794218.88850003,6310027.0,0.9307285714285715,20,2.8072042570609903,712,2026-10-05T17:49:31+00:00
EFG,iShares MSCI EAFE Growth ETF,BATS,True,True,True,120.81,223796031.23000002,1847620.95,1.494814285714283,20,1.2373266167654027,713,2026-10-05T17:49:31+00:00
LYB,LyondellBasell Industries N.V. Class A,NYSE,True,True,True,59.535,222789664.4895,3627237.5,1.7349999999999999,20,2.914252120601327,714,2026-10-05T17:49:31+00:00
TIP,iShares TIPS Bond ETF,ARCA,True,True,True,103.8399,222407037.184165,2116381.35,0.47944285714285784,20,0.4617135196999013,715,2026-10-05T17:49:31+00:00
TECH,Bio-Techne Corp Common Stock,NASDAQ,True,True,True,72.51,222177566.14000002,3069064.15,0.15821428571428595,20,0.21819650491557846,716,2026-10-05T17:49:31+00:00
NI,NiSource Inc.,NYSE,True,True,True,39.68,222140219.4815,5535492.2,0.6215571428571428,20,1.5664242511520738,717,2026-10-05T17:49:31+00:00
VGLT,Vanguard Long-Term Treasury ETF,NASDAQ,True,True,True,49.4867,222003759.10393,4334846.6,0.5251857142857129,20,1.0612663893242285,718,2026-10-05T17:49:31+00:00
DPZ,Domino's Pizza Inc Common Stock,NASDAQ,True,True,True,298.1,221580446.00449997,732061.35,7.475242857142855,20,2.507629271097905,719,2026-10-05T17:49:31+00:00
FWONK,Liberty Media Corporation Series C Common Stock,NASDAQ,True,True,True,96.3,221577345.1455,2347362.25,2.6264285714285682,20,2.727340157246696,720,2026-10-05T17:49:31+00:00
SSO,ProShares Ultra S&P500,ARCA,True,True,True,71.485,221144392.36824998,3158715.5,1.3051285714285714,20,1.8257376672428782,721,2026-10-05T17:49:31+00:00
BAI,iShares A.I. Innovation and Tech Active ETF,ARCA,True,True,True,49.455,220988344.41375002,4717332.55,1.0639285714285711,20,2.1513063824255814,722,2026-10-05T17:49:31+00:00
ED,"Consolidated Edison, Inc.",NYSE,True,True,True,103.53,220696320.1375,2113183.3,1.615714285714287,20,1.5606242496998812,723,2026-10-05T17:49:31+00:00
WAB,Wabtec Inc.,NYSE,True,True,True,291.435,220616610.65025002,774305.8,5.927142857142854,20,2.0337786666470583,724,2026-10-05T17:49:31+00:00
COPX,Global X Copper Miners ETF (NEW),ARCA,True,True,True,86.365,219938016.1885,2507845.85,2.366428571428572,20,2.7400319243079627,725,2026-10-05T17:49:31+00:00
VRSK,"Verisk Analytics, Inc. Common Stock",NASDAQ,True,True,True,161.8851,219464796.76225004,1266516.15,4.517600000000003,20,2.790621249268774,726,2026-10-05T17:49:31+00:00
VRSN,"VeriSign, Inc. Common Stock",NASDAQ,True,True,True,291.745,217859217.6745,743731.0,7.2911285714285725,20,2.499144311446151,727,2026-10-05T17:49:31+00:00
BLDR,"Builders FirstSource, Inc.",NYSE,True,True,True,56.48,216539161.3085,3686336.45,2.4196357142857137,20,4.28405756778632,728,2026-10-05T17:49:31+00:00
FDXF,"FedEx Freight Holding Company, Inc.",NYSE,True,True,True,112.16,216274903.481,1820128.45,4.178928571428572,20,3.725863562257999,729,2026-10-05T17:49:31+00:00
CNH,CNH INDUSTRIAL N.V.,NYSE,True,True,True,13.4426,215995845.52191,16016481.8,0.4574499999999997,20,3.4029875172957587,730,2026-10-05T17:49:31+00:00
CHWY,"Chewy, Inc.",NYSE,True,True,True,18.145,215200535.84775,10810832.0,0.7584285714285716,20,4.17982128095107,731,2026-10-05T17:49:31+00:00
KBWB,Invesco Exchange-Traded Fund Trust II Invesco KBW Bank ETF,NASDAQ,True,True,True,87.95,214980186.46800002,2367574.4,1.5867071428571415,20,1.8041013562900985,732,2026-10-05T17:49:31+00:00
IONS,"Ionis Pharmaceuticals, Inc. Common Stock",NASDAQ,True,True,True,43.77,214829267.74850002,4512722.25,1.9153928571428567,20,4.37604034074219,733,2026-10-05T17:49:31+00:00
FTI,TechnipFMC plc Ordinary Share,NYSE,True,True,True,71.8025,214758085.88562497,2966428.5,1.9703571428571445,20,2.7441344561222025,734,2026-10-05T17:49:31+00:00
IOVA,"Iovance Biotherapeutics, Inc. Common Stock",NASDAQ,True,True,True,14.375,213781849.18225,18372713.4,0.9625000000000005,20,6.695652173913047,735,2026-10-05T17:49:31+00:00
FSLY,"Fastly, Inc. Class A Common Stock",NASDAQ,True,True,True,25.88,213568179.76500002,8278517.95,2.6558642857142862,20,10.262226760874366,736,2026-10-05T17:49:31+00:00
FNV,Franco-Nevada Corporation,NYSE,True,True,True,241.085,213188324.63825002,840117.2,9.795057142857145,20,4.062906088249847,737,2026-10-05T17:49:31+00:00
HUBB,Hubbell Incorporated,NYSE,True,True,True,482.87,212904560.62150002,466548.7,12.033749999999994,20,2.4921303870606986,738,2026-10-05T17:49:31+00:00
LSCC,Lattice Semiconductor Corporation Common Stock,NASDAQ,True,True,True,133.91,212555902.061,1789609.65,5.108878571428574,20,3.815158368627118,739,2026-10-05T17:49:31+00:00
TAP,Molson Coors Beverage Company Class B,NYSE,True,True,True,36.38,212334254.236,5650701.25,0.946357142857142,20,2.601311552658444,740,2026-10-05T17:49:31+00:00
XP,XP Inc. Class A Common Stock,NASDAQ,True,True,True,28.475,211276263.58300003,9721899.5,1.3010714285714278,20,4.569170951962872,741,2026-10-05T17:49:31+00:00
CDW,CDW Corporation Common Stock,NASDAQ,True,True,True,134.05,210965842.06199998,1478087.75,5.340635714285711,20,3.98406245004529,742,2026-10-05T17:49:31+00:00
VEU,Vanguard FTSE All-World Ex-US ETF,ARCA,True,True,True,83.8,210936433.77500004,2505630.0,1.0243428571428563,20,1.2223661779747688,743,2026-10-05T17:49:31+00:00
SCHH,Schwab U.S. REIT ETF,ARCA,True,True,True,21.9151,210800315.62189502,9347929.8,0.28545714285714346,20,1.3025591617521413,744,2026-10-05T17:49:31+00:00
SYF,SYNCHRONY FINANCIAL,NYSE,True,True,True,71.785,210453872.366,2848129.3,1.8403928571428574,20,2.5637568533020234,745,2026-10-05T17:49:31+00:00
TRP,TC Energy Corporation,NYSE,True,True,True,59.61,210004521.666,3498508.9,1.1607285714285724,20,1.9472044479593567,746,2026-10-05T17:49:31+00:00
IXUS,iShares Core MSCI Total International Stock ETF,NASDAQ,True,True,True,96.04,209638285.81599998,2181644.4,1.1610714285714292,20,1.2089456773963236,747,2026-10-05T17:49:31+00:00
ETHU,2x Ether ETF,BATS,False,False,True,30.528,209539758.09225,7344735.6,1.9109714285714288,20,6.25973345312968,748,2026-10-05T17:49:31+00:00
DK,"Delek US Holdings, Inc.",NYSE,True,True,True,76.0086,209316109.66764998,2835703.9,4.132707142857148,20,5.437157299117663,749,2026-10-05T17:49:31+00:00
GWRE,"GUIDEWIRE SOFTWARE, INC.",NYSE,True,True,True,161.83,208955781.43649998,1416909.8,6.796064285714286,20,4.19950830236315,750,2026-10-05T17:49:31+00:00
TEVA,Teva Pharmaceutical Industries Limited,NYSE,True,True,True,39.755,208264608.096875,5288747.25,1.206950000000001,16,3.0359703181989715,751,2026-10-05T17:49:31+00:00
DOCU,"DocuSign, Inc. Common Stock",NASDAQ,True,True,True,69.69,208051771.2515,3049616.35,2.423257142857143,20,3.477194924461391,752,2026-10-05T17:49:31+00:00
RJF,"Raymond James Financial, Inc.",NYSE,True,True,True,159.64,207768085.29999998,1264232.35,3.7528571428571444,20,2.3508250706947784,753,2026-10-05T17:49:31+00:00
IGIB,iShares Trust iShares 5-10 Year Investment Grade Corporate Bond ETF,NASDAQ,True,True,True,50.0543,207535894.83357498,4084583.8,0.28169285714285863,20,0.5627745411340457,754,2026-10-05T17:49:31+00:00
EXR,"Extra Space Storage, Inc.",NYSE,True,True,True,132.88,206815456.62950003,1525535.7,2.6261357142857134,20,1.9763212780596882,755,2026-10-05T17:49:31+00:00
EXPD,"Expeditors International of Washington, Inc.",NYSE,True,True,True,194.13,206785506.75550002,1091571.7,4.283735714285713,20,2.2066325216533835,756,2026-10-05T17:49:31+00:00
BITX,2x Bitcoin ETF,BATS,False,False,True,20.34,206476425.899,10961050.45,1.1262071428571432,20,5.536908273633939,757,2026-10-05T17:49:31+00:00
IWB,iShares Russell 1000 ETF,ARCA,True,True,True,423.17,206440507.2785,494752.85,3.921357142857143,20,0.9266623680452638,758,2026-10-05T17:49:31+00:00
WCN,"Waste Connections, Inc.",NYSE,True,True,True,153.8,206378845.45000002,1322980.45,2.8519642857142906,20,1.854333085639981,759,2026-10-05T17:49:31+00:00
VG,"Venture Global, Inc.",NYSE,True,True,True,13.475,206090853.02824998,14668294.8,0.6596428571428572,20,4.895308772859794,760,2026-10-05T17:49:31+00:00
CAVA,"CAVA Group, Inc.",NYSE,True,True,True,53.68,205436215.71649998,3875547.85,2.0393285714285723,20,3.7990472642112,761,2026-10-05T17:49:31+00:00
TZA,Direxion Daily Small Cap Bear 3x ETF,ARCA,False,False,True,44.94,205401568.839,4607696.35,1.846757142857142,20,4.1093839404920836,762,2026-10-05T17:49:31+00:00
TXRH,"Texas Roadhouse, Inc. Common Stock",NASDAQ,True,True,True,159.005,205277117.82224998,1233372.3,4.037785714285718,20,2.539408015021992,763,2026-10-05T17:49:31+00:00
SCCO,Southern Copper Corporation,NYSE,True,True,True,206.465,204847308.30924997,1024211.8,6.724278571428568,20,3.2568612459392963,764,2026-10-05T17:49:31+00:00
PHM,"Pultegroup, Inc.",NYSE,True,True,True,114.345,204751232.90399998,1734413.85,3.0575000000000014,20,2.67392540119813,765,2026-10-05T17:49:31+00:00
OVV,Ovintiv Inc.,NYSE,True,True,True,61.729,204259244.4881,3295737.25,1.8997428571428567,20,3.077553268549396,766,2026-10-05T17:49:31+00:00
TD,Toronto Dominion Bank,NYSE,True,True,True,117.33,203915109.18800002,1699947.95,1.950092857142856,20,1.6620581753540067,767,2026-10-05T17:49:31+00:00
BBIO,"BridgeBio Pharma, Inc. Common Stock",NASDAQ,True,True,True,66.68,203851344.538,2988393.15,2.436785714285712,20,3.6544476818921887,768,2026-10-05T17:49:31+00:00
ZBH,"Zimmer Biomet Holdings, Inc.",NYSE,True,True,True,91.14,203404902.28399998,2186819.15,2.394985714285716,20,2.627809649205306,769,2026-10-05T17:49:31+00:00
EFV,iShares MSCI EAFE Value ETF,BATS,True,True,True,78.515,203222144.544,2522755.05,1.036135714285717,20,1.3196659419037344,770,2026-10-05T17:49:31+00:00
ARKG,ARK Genomic Revolution ETF,BATS,False,False,True,55.87,203161171.2475,3977648.8,2.0651071428571437,20,3.6962719578613634,771,2026-10-05T17:49:31+00:00
FRO,Frontline Plc,NYSE,True,True,True,53.69,203059207.0115,4042619.4,2.183557142857142,20,4.066971769150944,772,2026-10-05T17:49:31+00:00
GPN,"Global Payments, Inc.",NYSE,True,True,True,80.51,202879888.11500004,2378666.0,2.4611428571428555,20,3.0569405752612786,773,2026-10-05T17:49:31+00:00
ITB,iShares U.S. Home Construction ETF,BATS,True,True,True,85.835,202772507.76674998,2288598.6,2.1279285714285723,20,2.479091945510074,774,2026-10-05T17:49:31+00:00
CELH,"Celsius Holdings, Inc. Common Stock",NASDAQ,True,True,True,27.65,202011461.02150002,7227663.75,1.1351071428571426,20,4.105269956083698,775,2026-10-05T17:49:31+00:00
TECK,Teck Resources Limited,NYSE,True,True,True,68.38,201081623.78700003,3005722.35,2.1599999999999997,20,3.1588183679438426,776,2026-10-05T17:49:31+00:00
SPIB,State Street SPDR Portfolio Intermediate Term Corporate Bond ETF,ARCA,True,True,True,32.15,200363921.044,6164883.75,0.1332571428571439,20,0.4144856698511475,777,2026-10-05T17:49:31+00:00
USAR,"USA Rare Earth, Inc. Class A Common Stock",NASDAQ,True,True,True,13.53,200298178.19599998,12948758.7,0.818942857142857,20,6.0527927357195646,778,2026-10-05T17:49:31+00:00
BN,Brookfield Corporation,NYSE,True,True,True,36.92,199765570.633,5351424.45,0.7350000000000014,20,1.9907908992416072,779,2026-10-05T17:49:31+00:00
CAG,"Conagra Brands, Inc.",NYSE,True,True,True,13.285,199759621.34325,13963837.05,0.417842857142857,20,3.1452228614441626,780,2026-10-05T17:49:31+00:00
RY,Royal Bank of Canada,NYSE,True,True,True,195.655,199139700.93,987207.65,3.0590000000000037,20,1.5634663054867004,781,2026-10-05T17:49:31+00:00
KGC,Kinross Gold Corporation,NYSE,True,True,True,23.615,199003994.16075003,7496305.75,1.0870857142857138,20,4.6033695290523555,782,2026-10-05T17:49:31+00:00
CP,Canadian Pacific Kansas City Limited,NYSE,True,True,True,85.835,198185955.1875,2265740.75,1.5521428571428564,20,1.8082866629496783,783,2026-10-05T17:49:31+00:00
INCY,Incyte Corp. Common Stock,NASDAQ,True,True,True,114.08,197536057.8855,1607810.25,3.3492857142857133,20,2.935909637347224,784,2026-10-05T17:49:31+00:00
TRU,TransUnion,NYSE,True,True,True,64.635,197353763.57475,2814817.25,2.8310714285714296,20,4.380090397727901,785,2026-10-05T17:49:31+00:00
GDXU,MicroSectors Gold Miners 3x Leveraged ETN,ARCA,False,False,True,103.46,196918762.82349998,1521288.25,12.307414285714284,20,11.895818950042804,786,2026-10-05T17:49:31+00:00
MOS,The Mosaic Company,NYSE,True,True,True,21.335,196766392.35025,8200867.2,1.0663857142857143,20,4.998292544109277,787,2026-10-05T17:49:31+00:00
CORT,Corcept Therapeutics Incorporated Common Stock,NASDAQ,True,True,True,121.15,196528912.093,1748598.05,5.544728571428572,20,4.576746654088792,788,2026-10-05T17:49:31+00:00
S,"SentinelOne, Inc.",NYSE,True,True,True,25.35,196355556.804,8542988.65,1.066278571428572,20,4.206227106227108,789,2026-10-05T17:49:31+00:00
AUR,"Aurora Innovation, Inc. Class A Common Stock",NASDAQ,True,True,True,5.725,196175565.406,31994678.85,0.36117142857142853,20,6.308671241422332,790,2026-10-05T17:49:31+00:00
WYNN,"Wynn Resorts, Limited Common stock",NASDAQ,True,True,True,78.25,195974257.95475,2375180.65,2.783850000000002,20,3.557635782747606,791,2026-10-05T17:49:31+00:00
SGI,Somnigroup International Inc.,NYSE,True,True,True,62.905,195778774.28675002,3036995.45,2.1615357142857152,20,3.436190627590359,792,2026-10-05T17:49:31+00:00
RGEN,Repligen Corporation Common Stock,NASDAQ,True,True,True,184.805,195675451.87025,1083232.65,7.4924928571428575,20,4.054269558260251,793,2026-10-05T17:49:31+00:00
HLN,Haleon plc American Depositary Shares (Each representing two Ordinary Shares),NYSE,True,True,True,8.835,195312691.10575,21279052.65,0.17637857142857172,20,1.996361872422996,794,2026-10-05T17:49:31+00:00
NTR,Nutrien Ltd. Common Shares,NYSE,True,True,True,69.97,194883779.2485,2586293.05,2.0773214285714294,20,2.9688744155658564,795,2026-10-05T17:49:31+00:00
VO,Vanguard Morningstar Mid-Cap ETF,ARCA,True,True,True,80.245,194454815.63625,2432381.2,0.8063071428571392,20,1.004806708028088,796,2026-10-05T17:49:31+00:00
KMX,CarMax Inc.,NYSE,True,True,True,55.415,194189231.51399997,3366602.55,2.960135714285715,20,5.341758935821917,797,2026-10-05T17:49:31+00:00
HST,"Host Hotels & Resorts, Inc. Common Stock",NASDAQ,True,True,True,22.495,194018878.53775004,8733757.95,0.43428571428571416,20,1.9305877496586539,798,2026-10-05T17:49:31+00:00
XPO,"XPO, Inc.",NYSE,True,True,True,186.01,193601577.20250002,1083527.1,6.161600000000005,20,3.3125100801032232,799,2026-10-05T17:49:31+00:00
ZBRA,Zebra Technologies Corporation Class A Common Stock,NASDAQ,True,True,True,375.125,193416326.89475,540688.95,9.502878571428576,20,2.5332565335364414,800,2026-10-05T17:49:31+00:00
NBIX,"Neurocrine Biosciences, Inc. Common Stock",NASDAQ,True,True,True,146.46,192930136.25700003,1327339.5,3.702378571428568,20,2.527911082499364,801,2026-10-05T17:49:31+00:00
AMKR,"Amkor Technology, Inc. Common Stock",NASDAQ,True,True,True,55.5,192781554.8725,3765350.7,2.3899500000000016,20,4.306216216216219,802,2026-10-05T17:49:31+00:00
AS,"Amer Sports, Inc.",NYSE,True,True,True,27.4487,192438162.41912502,7033135.55,0.8546428571428571,20,3.113600487975231,803,2026-10-05T17:49:31+00:00
SIMO,Silicon Motion Technology Corporation American Depositary Shares,NASDAQ,True,True,True,284.0,192425307.967,718853.15,12.977707142857147,20,4.569615191146883,804,2026-10-05T17:49:31+00:00
SW,Smurfit WestRock plc,NYSE,True,True,True,42.4033,192238741.847875,4330993.35,1.3628571428571432,20,3.2140355652912462,805,2026-10-05T17:49:31+00:00
BNS,Bank of Nova Scotia,NYSE,True,True,True,90.8,191595328.79899997,2072196.6,1.4589285714285702,20,1.6067495280050335,806,2026-10-05T17:49:31+00:00
CORZ,"Core Scientific, Inc. Common Stock",NASDAQ,True,True,True,16.19,191537475.94550005,11073949.75,0.9510642857142857,20,5.87439336451072,807,2026-10-05T17:49:31+00:00
IT,"Gartner, Inc.",NYSE,True,True,True,184.86,191233149.359,1038485.05,7.582500000000004,20,4.101752677702047,808,2026-10-05T17:49:31+00:00
AEE,Ameren Corporation,NYSE,True,True,True,99.84,191188489.109,1881159.3,1.38357142857143,20,1.3857886904761918,809,2026-10-05T17:49:31+00:00
FBND,Fidelity Total Bond ETF,ARCA,True,True,True,43.16,190745812.792,4344106.6,0.25836428571428527,20,0.5986197537402347,810,2026-10-05T17:49:31+00:00
KTOS,"Kratos Defense & Security Solutions, Inc. Common Stock",NASDAQ,True,True,True,42.3,190334476.328,4151092.65,1.9683928571428564,20,4.653411009793987,811,2026-10-05T17:49:31+00:00
SEI,"Solaris Energy Infrastructure, Inc.",NYSE,True,True,True,75.08,190262754.0195,2813585.75,3.819942857142858,20,5.087830124058149,812,2026-10-05T17:49:31+00:00
CPAY,"Corpay, Inc.",NYSE,True,True,True,402.325,190138138.93575,476687.1,7.674378571428572,20,1.907507256926259,813,2026-10-05T17:49:31+00:00
VYM,Vanguard High Dividend Yield ETF,ARCA,True,True,True,157.03,189821053.999,1194336.2,1.4425285714285718,20,0.9186324724120053,814,2026-10-05T17:49:31+00:00
THC,Tenet Healthcare Corporation New,NYSE,True,True,True,263.335,189751703.43149996,727728.95,7.243749999999985,20,2.7507737292801893,815,2026-10-05T17:49:31+00:00
CART,Maplebear Inc. Common Stock,NASDAQ,True,True,True,45.815,188731201.00375,4160366.75,1.5026785714285715,20,3.279883381924199,816,2026-10-05T17:49:31+00:00
FE,FirstEnergy Corp.,NYSE,True,True,True,43.735,188720214.6365,4227811.3,0.6714285714285714,20,1.5352202387757434,817,2026-10-05T17:49:31+00:00
GTLB,GitLab Inc. Class A Common Stock,NASDAQ,True,True,True,51.295,187600208.323,3886554.65,1.8516428571428567,20,3.609792098923592,818,2026-10-05T17:49:31+00:00
RPRX,Royalty Pharma plc Class A Ordinary Shares,NASDAQ,True,True,True,56.435,186844950.02175003,3180096.85,1.043571428571428,20,1.849156425217379,819,2026-10-05T17:49:31+00:00
NVMI,Nova Ltd. Ordinary Shares,NASDAQ,True,True,True,395.47,186795385.27,517887.5,11.704999999999997,20,2.959769388322754,820,2026-10-05T17:49:31+00:00
PL,Planet Labs PBC,NYSE,True,True,True,17.36,186753435.466,11035789.6,0.9133357142857147,20,5.261150427913104,821,2026-10-05T17:49:31+00:00
INFY,Infosys Limited American Depositary Shares,NYSE,True,True,True,10.675,186421032.74824998,16994409.9,0.3199999999999998,20,2.9976580796252907,822,2026-10-05T17:49:31+00:00
XHB,State Street SPDR S&P Homebuilders ETF,ARCA,False,False,True,96.61,186181373.84049997,1910170.5,2.179642857142856,20,2.2561255119996444,823,2026-10-05T17:49:31+00:00
ET,Energy Transfer LP Common Units representing limited partner interests,NYSE,False,False,False,20.645,185741587.80225003,8963282.45,0.39059285714285785,20,1.8919489326367538,824,2026-10-05T17:49:31+00:00
TSN,"Tyson Foods, Inc.",NYSE,True,True,True,52.035,184736575.3515,3556086.75,0.9389285714285707,20,1.804417356449641,825,2026-10-05T17:49:31+00:00
IP,International Paper Co.,NYSE,True,True,True,31.89,184676910.63750002,5383539.7,1.1392857142857153,20,3.572548492586125,826,2026-10-05T17:49:31+00:00
CCEP,Coca-Cola Europacific Partners plc Ordinary Shares,NASDAQ,True,True,True,100.55,184664020.917,1815615.7,1.969464285714288,20,1.9586914825602069,827,2026-10-05T17:49:31+00:00
PULS,PGIM Ultra Short Bond ETF,ARCA,True,True,True,49.4735,184481845.747175,3721405.75,0.03000000000000063,20,0.06063852365407871,828,2026-10-05T17:49:31+00:00
PPG,"PPG Industries, Inc.",NYSE,True,True,True,105.47,184290394.504,1739998.95,2.1764285714285734,20,2.063552262661016,829,2026-10-05T17:49:31+00:00
EVRG,"Evergy, Inc. Common Stock",NASDAQ,True,True,True,79.425,184200188.81675,2313353.05,1.0974999999999977,20,1.381806735914382,830,2026-10-05T17:49:31+00:00
MKC,"McCormick & Company, Incorporated Non-VTG CS",NYSE,True,True,True,45.08,183779914.21850002,3812427.65,1.3916428571428565,20,3.087051590822663,831,2026-10-05T17:49:31+00:00
UNM,Unum Group,NYSE,True,True,True,90.42,183400082.63699996,1963782.2,2.406585714285716,20,2.6615634973299227,832,2026-10-05T17:49:31+00:00
SDS,ProShares UltraShort S&P500,ARCA,False,False,True,52.9,182506374.7795,3348601.1,1.0019000000000016,20,1.8939508506616287,833,2026-10-05T17:49:31+00:00
EMXC,"iShares, Inc. iShares MSCI Emerging Markets ex China ETF",NASDAQ,True,True,True,102.83,182345874.67549998,1820220.6,1.7510857142857137,20,1.702893819202289,834,2026-10-05T17:49:31+00:00
DY,"Dycom Industries, Inc.",NYSE,True,True,True,278.8,181528899.002,639057.8,9.952314285714282,20,3.569696659151464,835,2026-10-05T17:49:31+00:00
ITA,iShares U.S. Aerospace & Defense ETF,BATS,True,True,True,207.25,181446148.8735,849211.2,3.571785714285714,20,1.7234189212476305,836,2026-10-05T17:49:31+00:00
NTRS,Northern Trust Corporation Common Stock,NASDAQ,True,True,True,170.84,181437228.341,1024434.95,3.546764285714285,20,2.076073686323042,837,2026-10-05T17:49:31+00:00
Q,"Qnity Electronics, Inc.",NYSE,True,True,True,132.7325,180630405.60737503,1474595.6,3.9923142857142864,20,3.0077895660175815,838,2026-10-05T17:49:31+00:00
CIBR,First Trust Exchange-Traded Fund II First Trust NASDAQ Cybersecurity ETF,NASDAQ,True,True,True,105.9699,180000911.15845498,1774589.4,2.356207142857141,20,2.2234683083188163,839,2026-10-05T17:49:31+00:00
OWL,Blue Owl Capital Inc.,NYSE,True,True,True,9.075,179020542.5055,18304894.05,0.367857142857143,20,4.053522235340419,840,2026-10-05T17:49:31+00:00
VTIP,Vanguard Malvern Funds Vanguard Short-Term Inflation-Protected Securities Index Fund ETF Shares,NASDAQ,True,True,True,48.36,178636830.07275,3627396.3,0.15373571428571506,20,0.3178984993501139,841,2026-10-05T17:49:31+00:00
ITT,ITT Inc.,NYSE,True,True,True,207.9825,178324865.1355,874361.55,6.272721428571425,20,3.015985204799166,842,2026-10-05T17:49:31+00:00
GFS,GlobalFoundries Inc. Ordinary Shares,NASDAQ,True,True,True,48.81,178264752.36400002,3810217.55,2.0070785714285724,20,4.112023297333686,843,2026-10-05T17:49:31+00:00
CM,Canadian Imperial Bank of Commerce,NYSE,True,True,True,110.7,178081467.17799997,1570212.05,2.0669285714285723,20,1.8671441476319532,844,2026-10-05T17:49:31+00:00
CHD,"Church & Dwight Co., Inc.",NYSE,True,True,True,95.45,178075594.53799996,1874688.9,1.3971428571428572,20,1.4637431714435383,845,2026-10-05T17:49:31+00:00
SNAP,Snap Inc.,NYSE,True,True,True,5.7,178070273.38799998,32064217.75,0.25971428571428573,20,4.556390977443609,846,2026-10-05T17:49:31+00:00
METU,Direxion Shares ETF Trust Direxion Daily META Bull 2X ETF,NASDAQ,False,False,True,32.22,177906764.19425,6045386.65,2.3973071428571435,20,7.4404318524430275,847,2026-10-05T17:49:31+00:00
PRU,"Prudential Financial, Inc.",NYSE,True,True,True,113.96,177885875.9075,1518837.75,2.382142857142856,20,2.0903324474753036,848,2026-10-05T17:49:31+00:00
ANF,Abercrombie & Fitch Co.,NYSE,True,True,True,139.0,177735210.814,1276648.7,5.0271428571428585,20,3.616649537512848,849,2026-10-05T17:49:31+00:00
LNT,Alliant Energy Corporation Common Stock,NASDAQ,True,True,True,64.49,177406433.9615,2732809.55,1.0789285714285717,20,1.6730168575415907,850,2026-10-05T17:49:31+00:00
IRM,Iron Mountain Inc.,NYSE,True,True,True,112.915,177107623.24824998,1559731.1,2.7024999999999997,20,2.3933932604171275,851,2026-10-05T17:49:31+00:00
ICLR,ICON plc Ordinary Shares,NASDAQ,True,True,True,164.65,176764315.54899997,1050084.7,6.301785714285712,20,3.827382759967028,852,2026-10-05T17:49:31+00:00
CSGP,"CoStar Group, Inc. Common Stock",NASDAQ,True,True,True,27.335,176286899.67900002,6080577.55,0.9757142857142854,20,3.5694687606156403,853,2026-10-05T17:49:31+00:00
UL,Unilever plc,NYSE,True,True,True,59.685,176249050.15675,2850917.95,0.8642857142857149,20,1.4480786031426904,854,2026-10-05T17:49:31+00:00
LII,Lennox International Inc.,NYSE,True,True,True,362.275,175885596.21699998,481288.9,9.638557142857147,20,2.6605636996362287,855,2026-10-05T17:49:31+00:00
RRX,Regal Rexnord Corporation,NYSE,True,True,True,161.825,174427690.82775,1129958.95,5.088749999999998,20,3.1446006488490643,856,2026-10-05T17:49:31+00:00
DYNF,iShares U.S. Equity Factor Rotation Active ETF,ARCA,True,True,True,70.36,174239777.653,2502619.55,0.6623214285714271,20,0.94133233168196,857,2026-10-05T17:49:31+00:00
BUD,Anheuser-Busch INBEV SA/NV,NYSE,True,True,True,74.33,173904505.4235,2252041.3,1.421528571428573,20,1.9124560358247988,858,2026-10-05T17:49:31+00:00
IWO,iShares Russell 2000 Growth ETF,ARCA,True,True,True,363.2491,173719109.19269502,479442.3,5.307307142857143,20,1.4610654624766153,859,2026-10-05T17:49:31+00:00
JAZZ,Jazz Pharmaceuticals plc Common Stock (Ireland),NASDAQ,True,True,True,237.03,173377582.435,726363.75,5.307850000000006,20,2.2393156984348,860,2026-10-05T17:49:31+00:00
RIO,Rio Tinto plc,NYSE,True,True,True,95.5,173318456.50349998,1795475.4,1.9389285714285711,20,2.0302916978309646,861,2026-10-05T17:49:31+00:00
AG,FIRST MAJESTIC SILVER CORP,NYSE,True,True,True,17.4499,172966797.036635,9107887.8,0.8921000000000004,20,5.112350214041344,862,2026-10-05T17:49:31+00:00
AA,Alcoa Corporation,NYSE,True,True,True,43.7599,172801069.330415,3841718.65,1.408414285714286,20,3.218504351505113,863,2026-10-05T17:49:31+00:00
CLF,Cleveland-Cliffs Inc.,NYSE,True,True,True,12.405,172661960.88274997,14439958.5,0.6734642857142854,20,5.428974491852361,864,2026-10-05T17:49:31+00:00
EQH,"Equitable Holdings, Inc.",NYSE,True,True,True,53.92,172467045.46649998,3251777.05,1.46635,20,2.719491839762611,865,2026-10-05T17:49:31+00:00
BWIN,"The Baldwin Insurance Group, Inc. Class A Common Stock",NASDAQ,True,True,True,31.8,172441905.1955,5408198.65,0.15357142857142847,20,0.48292902066486937,866,2026-10-05T17:49:31+00:00
GSK,GSK plc American Depositary Shares (Each representing two Ordinary Shares),NYSE,True,True,True,46.535,172343761.31125,3515064.9,0.8783714285714288,20,1.887550077514621,867,2026-10-05T17:49:31+00:00
JCPB,JPMorgan Core Plus Bond ETF,ARCA,True,True,True,44.44,171922889.32999998,3812909.95,0.23447142857142872,20,0.527613475633278,868,2026-10-05T17:49:31+00:00
ES,Eversource Energy,NYSE,True,True,True,64.915,171837049.21075,2589760.35,1.174278571428571,20,1.80894796492116,869,2026-10-05T17:49:31+00:00
MGM,MGM RESORTS INTERNATIONAL,NYSE,True,True,True,30.615,171027266.06524998,4935447.6,1.3189214285714292,20,4.3080889386621894,870,2026-10-05T17:49:31+00:00
SCHP,Schwab U.S. TIPS ETF,ARCA,True,True,True,25.0301,170390797.067455,6708455.65,0.12059285714285702,20,0.4817913517838802,871,2026-10-05T17:49:31+00:00
TCOM,Trip.com Group Limited American Depositary Shares,NASDAQ,True,True,True,38.79,170232784.617,4293751.15,0.9221357142857138,20,2.377251132471549,872,2026-10-05T17:49:31+00:00
CSL,"Carlisle Companies, Inc.",NYSE,True,True,True,333.97,170142031.527,524156.35,10.534992857142864,20,3.154472814067989,873,2026-10-05T17:49:31+00:00
WCC,Wesco International Inc.,NYSE,True,True,True,383.25,170133591.123,478296.0,11.515607142857144,20,3.0047246295778587,874,2026-10-05T17:49:31+00:00
BROS,Dutch Bros Inc.,NYSE,True,True,True,38.1,170092578.145,4218123.0,1.3409428571428583,20,3.5195350581177385,875,2026-10-05T17:49:31+00:00
OSCR,"Oscar Health, Inc.",NYSE,True,True,True,31.595,169027219.58525,5385925.15,1.6491714285714278,20,5.219722831370242,876,2026-10-05T17:49:31+00:00
USMV,iShares MSCI USA Min Vol Factor ETF,BATS,True,True,True,98.8051,168893563.43845004,1710935.7,0.678764285714289,20,0.6869729251974737,877,2026-10-05T17:49:31+00:00
BJ,"BJs Wholesale Club Holdings, Inc. Common Stock",NYSE,True,True,True,94.92,168350686.5185,1812961.8,2.638928571428569,20,2.7801607368611134,878,2026-10-05T17:49:31+00:00
ERY,Direxion Daily Energy Bear 2X ETF,ARCA,False,False,True,8.895,168135448.1855,18632082.85,0.3544500000000002,20,3.9848229342327173,879,2026-10-05T17:49:31+00:00
AHR,"American Healthcare REIT, Inc.",NYSE,True,True,True,50.58,168127130.011,3209091.15,0.933571428571428,20,1.8457323617465957,880,2026-10-05T17:49:31+00:00
SBAC,SBA Communications Corporation Class A Common Stock,NASDAQ,True,True,True,159.94,168024898.58049998,962981.7,4.680714285714286,20,2.9265438825273766,881,2026-10-05T17:49:31+00:00
RACE,Ferrari N.V.,NYSE,True,True,True,382.85,167922854.8535,416334.7,8.694642857142851,20,2.271031175954773,882,2026-10-05T17:49:31+00:00
ZETA,Zeta Global Holdings Corp.,NYSE,True,True,True,32.935,167652707.218,5452583.3,1.482142857142856,20,4.500206033529242,883,2026-10-05T17:49:31+00:00
XME,State Street SPDR S&P Metals & Mining ETF,ARCA,True,True,True,108.22,167591070.8525,1528163.6,3.018957142857143,20,2.7896480713889695,884,2026-10-05T17:49:31+00:00
ESTC,Elastic N.V.,NYSE,True,True,True,94.8,167583269.811,1901176.25,3.4139285714285696,20,3.6011904761904745,885,2026-10-05T17:49:31+00:00
DBX,"Dropbox, Inc. Class A Common Stock",NASDAQ,True,True,True,34.195,167145194.07750002,4814746.75,1.3067499999999992,20,3.821465126480477,886,2026-10-05T17:49:31+00:00
NXT,Nextpower Inc. Common Stock,NASDAQ,True,True,True,83.19,167074506.6435,2057999.9,3.611457142857143,20,4.341215462023252,887,2026-10-05T17:49:31+00:00
BAX,Baxter International Inc.,NYSE,True,True,True,23.995,167027055.47775,7079900.3,0.656707142857143,20,2.736849938975382,888,2026-10-05T17:49:31+00:00
NVTS,Navitas Semiconductor Corporation Common Stock,NASDAQ,True,True,True,12.095,166885785.69075003,14252478.4,0.7799571428571429,20,6.448591507706845,889,2026-10-05T17:49:31+00:00
BWXT,"BWX Technologies, Inc.",NYSE,True,True,True,136.77,166863304.504,1163706.8,4.519464285714286,20,3.304426618201569,890,2026-10-05T17:49:31+00:00
IQMM,ProShares GENIUS Money Market ETF,ARCA,True,True,True,100.1241,166796795.580925,1666364.85,0.036785714285714324,20,0.036740119797046195,891,2026-10-05T17:49:31+00:00
TDY,Teledyne Technologies Incorporated,NYSE,True,True,True,621.6879,166590569.66363,274342.6,9.595821428571437,20,1.543511049285572,892,2026-10-05T17:49:31+00:00
APTV,Aptiv PLC,NYSE,True,True,True,44.1,166484786.24799997,3773172.6,1.2724499999999992,20,2.885374149659862,893,2026-10-05T17:49:31+00:00
CRBG,"Corebridge Financial, Inc.",NYSE,True,True,True,34.815,166103101.17575,4852819.95,0.9105071428571426,20,2.615272563139861,894,2026-10-05T17:49:31+00:00
HNGE,"Hinge Health, Inc.",NYSE,True,True,True,98.27,165853760.60999995,1771117.4,3.6505428571428564,20,3.714809053773132,895,2026-10-05T17:49:31+00:00
WTW,Willis Towers Watson Public Limited Company Ordinary Shares,NASDAQ,True,True,True,286.455,165420876.89575,544636.3,6.508571428571433,20,2.272109555976134,896,2026-10-05T17:49:31+00:00
EQNR,"Equinor ASA American Depositary Shares (Each Representing One Ordinary Share, nominal value NOK 2.50 per share)",NYSE,True,True,True,42.61,164774413.58200002,3807787.5,1.0975000000000013,20,2.5756864585778017,897,2026-10-05T17:49:31+00:00
ATO,Atmos Energy Corporation,NYSE,True,True,True,157.91,164679228.871,1029676.8,2.037857142857145,20,1.2905181070591762,898,2026-10-05T17:49:31+00:00
ENPH,"Enphase Energy, Inc. Common Stock",NASDAQ,True,True,True,33.29,164633419.414,4778051.35,1.562107142857143,20,4.692421576621037,899,2026-10-05T17:49:31+00:00
DOG,ProShares Short Dow30,ARCA,False,False,True,22.14,164599448.7415,7469677.15,0.21479285714285698,20,0.970157439669634,900,2026-10-05T17:49:31+00:00
AVUV,Avantis U.S. Small Cap Value ETF,ARCA,True,True,True,121.028,164419703.9457,1354475.95,1.426714285714286,20,1.1788299283754884,901,2026-10-05T17:49:31+00:00
ARWR,"Arrowhead Pharmaceuticals, Inc. Common Stock",NASDAQ,True,True,True,63.405,164011168.04249996,2335795.15,2.992121428571427,20,4.719062264129685,902,2026-10-05T17:49:31+00:00
BR,Broadridge Financial Solutions Inc,NYSE,True,True,True,157.434,163712760.9974,993967.45,3.331235714285715,20,2.115956981519694,903,2026-10-05T17:49:31+00:00
TROW,"T. Rowe Price Group, Inc. Common Stock",NASDAQ,True,True,True,103.31,163496448.34149998,1558479.0,2.1224357142857153,20,2.054433950523391,904,2026-10-05T17:49:31+00:00
TENB,"Tenable Holdings, Inc. Common Stock",NASDAQ,True,True,True,38.055,163461365.81800002,4738476.3,1.8393642857142858,20,4.83343656737429,905,2026-10-05T17:49:31+00:00
VLTO,Veralto Corporation,NYSE,True,True,True,96.02,162929873.90300006,1709918.4,1.5755714285714302,20,1.6408783884309834,906,2026-10-05T17:49:31+00:00
FIGR,"Figure Technology Solutions, Inc. Class A Common Stock",NASDAQ,True,True,True,27.78,162928886.86775,4887038.9,2.003035714285714,20,7.210351743289106,907,2026-10-05T17:49:31+00:00
RGLD,"Royal Gold, Inc. Common Stock",NASDAQ,True,True,True,234.4625,162768855.13449997,655035.3,6.9014142857142895,20,2.943504520217216,908,2026-10-05T17:49:31+00:00
PAYC,"PAYCOM SOFTWARE, INC.",NYSE,True,True,True,221.72,162219384.3845,728904.15,6.992128571428572,20,3.1535849591505376,909,2026-10-05T17:49:31+00:00
AER,Aercap Holdings N.V.,NYSE,True,True,True,144.82,161872654.628,1130414.15,2.934271428571433,20,2.026150689525917,910,2026-10-05T17:49:31+00:00
AMDL,GraniteShares ETF Trust GraniteShares 2x Long AMD Daily ETF,NASDAQ,False,False,True,84.0092,161629193.99422997,2313482.85,6.142192857142859,20,7.311333588634171,911,2026-10-05T17:49:31+00:00
COMP,"Compass, Inc.",NYSE,True,True,True,9.19,160555948.31550002,16498036.7,0.48071428571428587,20,5.230840976216386,912,2026-10-05T17:49:31+00:00
NTNX,"Nutanix, Inc. Class A Common Stock",NASDAQ,True,True,True,73.89,159740379.9505,2309339.4,1.8574999999999997,20,2.5138719718500466,913,2026-10-05T17:49:31+00:00
FORM,"FormFactor, Inc. FormFactor, Inc. Common Stock",NASDAQ,True,True,True,148.2,159708355.9565,1266018.95,7.008207142857144,20,4.7288847117794495,914,2026-10-05T17:49:31+00:00
MAS,Masco Corporation,NYSE,True,True,True,68.485,159654311.48725003,2331896.4,1.7110642857142864,20,2.4984511728324255,915,2026-10-05T17:49:31+00:00
TOL,"Toll Brothers, Inc.",NYSE,True,True,True,136.03,159483717.00550002,1179807.65,3.542721428571428,20,2.604367734008254,916,2026-10-05T17:49:31+00:00
SPHY,State Street SPDR Portfolio High Yield Bond ETF,ARCA,True,True,True,22.45,159414384.76599997,7008095.55,0.11363571428571463,20,0.5061724467069695,917,2026-10-05T17:49:31+00:00
VTWO,Vanguard Scottsdale Funds Vanguard Russell 2000 ETF,NASDAQ,True,True,True,114.4,159297590.67800003,1387222.8,1.5365357142857152,20,1.343125624375625,918,2026-10-05T17:49:31+00:00
BLCR,BlackRock ETF Trust iShares Large Cap Core Active ETF,NASDAQ,False,False,True,50.155,159240755.91825002,3205594.6,0.5573499999999986,20,1.111255109161596,919,2026-10-05T17:49:31+00:00
EG,"Everest Group, Ltd.",NYSE,True,True,True,368.85,159021266.7065,427073.2,6.576071428571432,20,1.7828579174654826,920,2026-10-05T17:49:31+00:00
ACVA,ACV Auctions Inc.,NYSE,True,True,True,10.46,158812935.51350003,15636673.05,0.036071428571429136,20,0.3448511335700682,921,2026-10-05T17:49:31+00:00
JKHY,"Jack Henry & Associates, Inc. Common Stock",NASDAQ,True,True,True,143.555,158790107.6475,1037106.65,3.7626428571428567,20,2.6210461893649515,922,2026-10-05T17:49:31+00:00
CACI,CACI INTERNATIONAL CLA,NYSE,True,True,True,632.6,158597426.803,254759.15,16.79017142857143,20,2.654152928955332,923,2026-10-05T17:49:31+00:00
JD,"JD.com, Inc. American Depositary Shares",NASDAQ,True,True,True,26.425,158176379.26599997,5899317.3,0.46439285714285716,20,1.7573996486011625,924,2026-10-05T17:49:31+00:00
RBC,RBC Bearings Incorporated,NYSE,True,True,True,520.55,157938947.19950002,318533.8,11.699278571428563,20,2.2474841170739723,925,2026-10-05T17:49:31+00:00
AMRZ,Amrize Ltd,NYSE,True,True,True,37.21,157846408.376,4064537.0,1.0549999999999997,20,2.835259338887395,926,2026-10-05T17:49:31+00:00
PAAA,PGIM AAA CLO ETF,ARCA,True,True,True,51.32,157785491.491,3068174.1,0.037142857142857366,20,0.07237501391827234,927,2026-10-05T17:49:31+00:00
GRAL,"GRAIL, Inc. Common Stock",NASDAQ,True,True,True,153.66,157781918.89299998,1481293.25,11.161592857142859,20,7.263824584890576,928,2026-10-05T17:49:31+00:00
CGDV,Capital Group Dividend Value ETF,ARCA,True,True,True,49.545,157628100.37,3203923.85,0.46560714285714205,20,0.9397661577498073,929,2026-10-05T17:49:31+00:00
ALLE,Allegion Public Limited Company,NYSE,True,True,True,153.905,157614992.45475,1026172.45,3.0158571428571372,20,1.9595576120705223,930,2026-10-05T17:49:31+00:00
AGX,"Argan, Inc",NYSE,True,True,True,388.766,157563158.7522,407554.3,15.465128571428576,20,3.9780043963280156,931,2026-10-05T17:49:31+00:00
LABD,Direxion Daily S&P Biotech Bear 3X ETF,ARCA,False,False,True,7.275,157496109.65950003,21754103.9,0.5692928571428572,20,7.825331369661266,932,2026-10-05T17:49:31+00:00
LDOS,"Leidos Holdings, Inc.",NYSE,True,True,True,118.988,156394557.7038,1237441.35,3.184671428571428,20,2.6764643733581774,933,2026-10-05T17:49:31+00:00
PYLD,PIMCO Multi Sector Bond Active ETF,ARCA,True,True,True,25.1799,156196126.42652002,6103514.15,0.13212857142857157,20,0.5247382691296295,934,2026-10-05T17:49:31+00:00
HSBC,HSBC Holdings PLC,NYSE,True,True,True,96.87,155733795.9845,1544780.05,1.8436428571428587,20,1.9032134377442538,935,2026-10-05T17:49:31+00:00
AVEM,Avantis Emerging Markets Equity ETF,ARCA,True,True,True,96.68,155362786.121,1637092.6,1.3623071428571427,20,1.4090888941426796,936,2026-10-05T17:49:31+00:00
DUOL,"Duolingo, Inc. Class A Common Stock",NASDAQ,True,True,True,146.345,155313340.914,1069196.2,6.430021428571428,20,4.393741794097118,937,2026-10-05T17:49:31+00:00
PFG,Principal Financial Group Inc Common Stock,NASDAQ,True,True,True,111.9,154832945.65225,1345243.8,2.4942785714285742,20,2.2290246393463575,938,2026-10-05T17:49:31+00:00
BB,BlackBerry Limited,NYSE,True,True,True,9.085,154810139.769,18206007.15,0.5574285714285715,20,6.135702492334303,939,2026-10-05T17:49:31+00:00
CHKP,Check Point Software Technologies Ltd. Ordinary Shares,NASDAQ,True,True,True,129.225,154790075.81599998,1152806.75,4.328535714285713,20,3.3496116961003777,940,2026-10-05T17:49:31+00:00
M,Macy's Inc.,NYSE,True,True,True,22.465,154756153.24550003,6989042.8,0.7016214285714286,20,3.1231757336809642,941,2026-10-05T17:49:31+00:00
SWK,"Stanley Black & Decker, Inc.",NYSE,True,True,True,90.15,154642451.26,1718758.8,2.636421428571428,20,2.924483004516282,942,2026-10-05T17:49:31+00:00
EQX,Equinox Gold Corp.,AMEX,True,True,True,11.155,154631146.586,12962074.35,0.5230785714285711,20,4.6891848626496735,943,2026-10-05T17:49:31+00:00
BIV,Vanguard Intermediate-Term Bond ETF,ARCA,True,True,True,72.422,154612066.61740002,2102068.4,0.4087500000000018,20,0.5644003203446492,944,2026-10-05T17:49:31+00:00
HAS,"Hasbro, Inc. Common Stock",NASDAQ,True,True,True,90.605,153846267.41300002,1733685.4,2.295000000000001,20,2.5329727939959175,945,2026-10-05T17:49:31+00:00
SJM,The J.M. Smucker Company,NYSE,True,True,True,115.85,153801655.5495,1267817.8,2.58557857142857,20,2.2318330353289344,946,2026-10-05T17:49:31+00:00
VTRS,Viatris Inc. Common Stock,NASDAQ,True,True,True,17.725,153148010.70374998,8873356.6,0.4571000000000005,20,2.5788434414668573,947,2026-10-05T17:49:31+00:00
BTSG,"BrightSpring Health Services, Inc. Common Stock",NASDAQ,True,True,True,61.65,152349534.03500003,2629907.85,1.8038928571428567,20,2.926022477117367,948,2026-10-05T17:49:31+00:00
SPYI,NEOS S&P 500 High Income ETF,BATS,True,True,True,53.855,152344950.04325,2854868.7,0.42049285714285795,20,0.7807870339668702,949,2026-10-05T17:49:31+00:00
VB,Vanguard Morningstar Small-Cap ETF,ARCA,True,True,True,291.44,152279072.7875,525309.15,3.5239000000000096,20,1.2091339555311589,950,2026-10-05T17:49:31+00:00
PAAS,Pan American Silver Corp.,NYSE,True,True,True,45.225,152228879.87300003,3136191.15,1.7910142857142854,20,3.9602305930664135,951,2026-10-05T17:49:31+00:00
MEDP,"Medpace Holdings, Inc. Common Stock",NASDAQ,True,True,True,615.875,152101800.23025,248829.25,16.41713571428574,20,2.6656603554756635,952,2026-10-05T17:49:31+00:00
LQDA,Liquidia Corporation Common Stock,NASDAQ,True,True,True,27.4651,151830242.27961,3859178.9,6.613885714285717,20,24.081054553909205,953,2026-10-05T17:49:31+00:00
INVH,Invitation Homes Inc. Common Stock,NYSE,True,True,True,26.125,151792383.06199998,5613326.3,0.4245000000000004,20,1.624880382775121,954,2026-10-05T17:49:31+00:00
STRC,Strategy Inc Variable Rate Series A Perpetual Stretch Preferred Stock,NASDAQ,True,True,True,99.605,151020146.996,1530506.95,0.5705642857142854,20,0.5728269521753782,955,2026-10-05T17:49:31+00:00
MAA,"Mid-America Apartment Communities, Inc.",NYSE,True,True,True,115.885,150913493.215,1254060.55,2.1115785714285744,20,1.8221327794180218,956,2026-10-05T17:49:31+00:00
IVE,iShares S&P 500 Value ETF,ARCA,True,True,True,230.46,150558781.444,649139.6,1.8611285714285697,20,0.8075711930176905,957,2026-10-05T17:49:31+00:00
JOBY,"Joby Aviation, Inc.",NYSE,True,True,True,5.74,150496393.44300002,24067517.25,0.2570500000000001,20,4.478222996515681,958,2026-10-05T17:49:31+00:00
WY,Weyerhaeuser Company,NYSE,True,True,True,18.62,150186666.405,7262082.65,0.5549999999999997,20,2.980665950590761,959,2026-10-05T17:49:31+00:00
ALLY,Ally Financial Inc.,NYSE,True,True,True,37.825,149973345.14624998,3775687.15,0.8272499999999994,20,2.1870456047587554,960,2026-10-05T17:49:31+00:00
BWA,BorgWarner Inc.,NYSE,True,True,True,60.785,149808029.23925,2411260.95,1.8117857142857143,20,2.980646071046664,961,2026-10-05T17:49:31+00:00
MTN,"Vail Resorts, Inc.",NYSE,False,False,True,140.87,149551380.1345,1079987.0,4.550635714285717,20,3.2303795799572064,962,2026-10-05T17:49:31+00:00
BNO,"United States Brent Oil Fund, LP",ARCA,True,True,True,61.78,149529654.20700002,2452687.7,2.2008714285714293,20,3.56243351986311,963,2026-10-05T17:49:31+00:00
TXT,"Textron, Inc.",NYSE,True,True,True,75.79,149151820.56949997,1895944.45,1.6312642857142876,20,2.152347652347655,964,2026-10-05T17:49:31+00:00
BRO,"Brown & Brown, Inc.",NYSE,True,True,True,60.31,148338789.19050002,2327848.65,1.6583071428571432,20,2.7496387711111643,965,2026-10-05T17:49:31+00:00
SCMB,Schwab Municipal Bond ETF,ARCA,False,False,True,23.99,148321503.1605,6085632.3,0.2022857142857146,20,0.8432084797236958,966,2026-10-05T17:49:31+00:00
RDW,Redwire Corporation,NYSE,True,True,True,10.51,148315951.9,13477943.4,0.7417142857142857,20,7.057224412124508,967,2026-10-05T17:49:31+00:00
VXX,iPath Series B S&P 500 VIX Short-Term Futures ETN,BATS,False,False,True,17.165,147776588.40325,8269508.15,0.48042857142857087,20,2.798884773833795,968,2026-10-05T17:49:31+00:00
CPB,The Campbell's Company Common Stock,NASDAQ,False,False,True,19.275,147757416.99449998,7195598.95,0.6410714285714276,20,3.325921808412076,969,2026-10-05T17:49:31+00:00
SCO,ProShares UltraShort Bloomberg Crude Oil,ARCA,True,True,True,19.44,147716458.082,7293907.9,0.7254214285714282,20,3.731591710758375,970,2026-10-05T17:49:31+00:00
ESI,Element Solutions Inc.,NYSE,True,True,True,38.195,147661592.41924995,4285461.35,1.2770357142857158,20,3.343463056121785,971,2026-10-05T17:49:31+00:00
AR,ANTERO RESOURCES CORPORATION,NYSE,True,True,True,34.8,147554018.7465,4129717.55,1.2482142857142864,20,3.5868226600985245,972,2026-10-05T17:49:31+00:00
UDR,"UDR, Inc.",NYSE,True,True,True,33.495,147138021.90074998,4281458.5,0.5563285714285716,20,1.6609302028021249,973,2026-10-05T17:49:31+00:00
GGLL,Direxion Shares ETF Trust Direxion Daily GOOGL Bull 2X ETF,NASDAQ,False,False,True,100.92,147064191.955,1482067.85,5.212150000000002,20,5.164635354736427,974,2026-10-05T17:49:31+00:00
BOIL,ProShares Ultra Bloomberg Natural Gas,ARCA,False,False,True,20.12,147040253.92049998,7064219.85,1.5102357142857148,20,7.5061417211019625,975,2026-10-05T17:49:31+00:00
BWET,Breakwave Tanker Shipping ETF,ARCA,False,False,True,893.69,146896995.9745,200591.75,86.78506428571426,20,9.710868901488686,976,2026-10-05T17:49:31+00:00
FROG,JFrog Ltd. Ordinary Shares,NASDAQ,True,True,True,97.2,146819838.8085,1598305.7,4.7475499999999995,20,4.884310699588477,977,2026-10-05T17:49:31+00:00
SFM,"Sprouts Farmers Market, Inc. Common Stock",NASDAQ,True,True,True,64.96,146325827.7655,2136219.6,2.4510714285714275,20,3.7732010907811384,978,2026-10-05T17:49:31+00:00
ONC,BeOne Medicines Ltd. American Depositary Shares,NASDAQ,True,True,True,360.54,146270045.238,410974.25,8.962435714285716,20,2.485836721108813,979,2026-10-05T17:49:31+00:00
SM,SM Energy Company,NYSE,True,True,True,35.51,146244357.493,4019205.65,1.5339142857142853,20,4.319668503841975,980,2026-10-05T17:49:31+00:00
KRMN,Karman Holdings Inc.,NYSE,True,True,True,33.6,146140983.871,4168838.7,2.2617500000000006,20,6.731398809523811,981,2026-10-05T17:49:31+00:00
IWR,iShares Russell Mid-Cap ETF,ARCA,True,True,True,109.22,145840693.89750004,1344365.15,1.0982142857142836,20,1.0055065791194686,982,2026-10-05T17:49:31+00:00
TRI,Thomson Reuters Corporation Common Shares,NASDAQ,True,True,True,95.485,145640590.28825,1483826.65,3.3089285714285706,20,3.465390973900163,983,2026-10-05T17:49:31+00:00
ESS,"Essex Property Trust, Inc",NYSE,True,True,True,270.5,145247302.1835,533499.0,4.374935714285722,20,1.617351465540008,984,2026-10-05T17:49:31+00:00
BAM,Brookfield Asset Management Ltd.,NYSE,True,True,True,44.695,144671407.00675002,3162625.35,1.047428571428571,20,2.343502788742747,985,2026-10-05T17:49:31+00:00
IYW,iShares U.S. Technology ETF,ARCA,True,True,True,271.38,144471494.68849996,556289.95,3.886642857142868,20,1.4321773369971509,986,2026-10-05T17:49:31+00:00
GFL,GFL Environmental Inc. Subordinate Voting Shares,NYSE,True,True,True,42.21,144456608.69,3428555.15,1.394178571428571,20,3.302957999120045,987,2026-10-05T17:49:31+00:00
WSO,"Watsco, Inc.",NYSE,True,True,True,293.634,144437922.2367,465300.35,9.361450000000007,20,3.1881355701315264,988,2026-10-05T17:49:31+00:00
CYTK,"Cytokinetics, Incorporated Common Stock",NASDAQ,True,True,True,63.565,144332339.27850002,2114058.9,2.0889285714285717,20,3.286287377375241,989,2026-10-05T17:49:31+00:00
HEI,HEICO Corporation,NYSE,True,True,True,302.0,144175328.623,471390.3,7.154814285714285,20,2.3691438032166507,990,2026-10-05T17:49:31+00:00
IFF,International Flavors & Fragrances Inc.,NYSE,True,True,True,83.39,143457784.319,1701510.4,1.6817071428571444,20,2.0166772309115535,991,2026-10-05T17:49:31+00:00
MKTX,"MarketAxess Holdings, Inc. Common Stock",NASDAQ,True,True,True,164.13,143421487.8845,876821.6,0.375,20,0.22847742643026867,992,2026-10-05T17:49:31+00:00
AXSM,"Axsome Therapeutics, Inc. Common Stock",NASDAQ,True,True,True,178.04,143228260.51800004,719373.55,7.567749999999999,20,4.250589755111211,993,2026-10-05T17:49:31+00:00
WING,Wingstop Inc. Common Stock,NASDAQ,True,True,True,105.87,142894675.6365,1360463.8,4.6165,20,4.360536507036932,994,2026-10-05T17:49:31+00:00
LYFT,"Lyft, Inc. Class A Common Stock",NASDAQ,True,True,True,15.555,142891053.508,9351139.45,0.4502142857142855,20,2.894338063094089,995,2026-10-05T17:49:31+00:00
GFI,Gold Fields Ltd ADR,NYSE,True,True,True,35.65,142335755.98999998,3551778.85,1.7213571428571437,20,4.828491284311764,996,2026-10-05T17:49:31+00:00
MTCH,"Match Group, Inc. Common Stock",NASDAQ,True,True,True,40.475,142166016.02025002,3397808.95,1.1756714285714291,20,2.9046854319244697,997,2026-10-05T17:49:31+00:00
INTW,GraniteShares ETF Trust GraniteShares 2x Long INTC Daily ETF,NASDAQ,False,False,True,29.68,142083503.839,4984086.45,3.305657142857143,20,11.137658837119755,998,2026-10-05T17:49:31+00:00
CONL,GraniteShares ETF Trust GraniteShares 2x Long COIN Daily ETF,NASDAQ,False,False,True,5.655,142044135.46525002,24272862.65,0.6872714285714286,20,12.153340911961601,999,2026-10-05T17:49:31+00:00
UCO,ProShares Ultra Bloomberg Crude Oil,ARCA,False,False,True,54.4404,141891635.6282,2709647.05,1.9421428571428565,20,3.5674661779539765,1000,2026-10-05T17:49:31+00:00
ABVX,Abivax SA American Depositary Shares,NASDAQ,True,True,True,92.3,141833826.28249997,1382431.1,4.548399999999999,20,4.927843986998916,1001,2026-10-05T17:49:31+00:00
CAI,"Caris Life Sciences, Inc. Common Stock",NASDAQ,True,True,True,29.755,141749946.954,4818799.15,1.563571428571429,20,5.254819118035385,1002,2026-10-05T17:49:31+00:00
HYMB,State Street SPDR Nuveen ICE High Yield Municipal Bond ETF,ARCA,False,False,True,23.295,141723635.77175,5960723.9,0.22587857142857132,20,0.9696440069910767,1003,2026-10-05T17:49:31+00:00
CMF,iShares California Muni Bond ETF,ARCA,False,False,True,53.975,141721068.14239997,2601108.25,0.33476428571428485,20,0.6202210017865398,1004,2026-10-05T17:49:31+00:00
HII,"Huntington Ingalls Industries, Inc.",NYSE,True,True,True,266.735,141011305.27025,518014.55,7.07186428571429,20,2.651269719277294,1005,2026-10-05T17:49:31+00:00
PHYS,Sprott Physical Gold Trust,ARCA,True,True,True,31.15,140754217.8915,4369736.35,0.5378571428571431,20,1.7266681953680358,1006,2026-10-05T17:49:31+00:00
UGL,ProShares Ultra Gold,ARCA,True,True,True,45.12,140391423.84150004,2902612.1,1.6362928571428565,20,3.6265355876393097,1007,2026-10-05T17:49:31+00:00
RBA,"RB Global, Inc.",NYSE,True,True,True,82.75,140221469.1675,1692219.3,1.8282142857142856,20,2.2093223996547255,1008,2026-10-05T17:49:31+00:00
MSTX,Tidal Trust II Defiance Daily Target 2x Long MSTR ETF,NASDAQ,False,False,True,20.19,139929583.5035,7982326.2,2.2456214285714284,20,11.12244392556428,1009,2026-10-05T17:49:31+00:00
GKOS,Glaukos Corporation,NYSE,True,True,True,164.015,139906572.94175,851130.4,6.433600000000003,20,3.9225680577995936,1010,2026-10-05T17:49:31+00:00
PKG,Packaging Corp of America,NYSE,True,True,True,228.56,139875591.5415,599178.55,4.918321428571425,20,2.1518732186609317,1011,2026-10-05T17:49:31+00:00
POOL,Pool Corporation Common Stock,NASDAQ,True,True,True,160.445,139841924.09849998,835723.45,4.337492857142855,20,2.7034141650676897,1012,2026-10-05T17:49:31+00:00
SCHA,Schwab U.S Small- Cap ETF,ARCA,True,True,True,33.259,139699536.58919996,4194987.45,0.4479214285714289,20,1.3467675774119152,1013,2026-10-05T17:49:31+00:00
OC,Owens Corning,NYSE,True,True,True,118.84,139520162.79650003,1124450.25,4.6326785714285705,20,3.898248545463287,1014,2026-10-05T17:49:31+00:00
BRKR,Bruker Corporation Common Stock,NASDAQ,True,True,True,63.6,139216513.421,2317669.6,3.104914285714287,20,4.881940700808627,1015,2026-10-05T17:49:31+00:00
AVY,Avery Dennison Corp.,NYSE,True,True,True,169.6,138947341.39000002,816397.7,3.642957142857138,20,2.147970013477086,1016,2026-10-05T17:49:31+00:00
OLLI,"Ollie's Bargain Outlet Holdings, Inc. Common Stock",NASDAQ,True,True,True,87.82,138904468.4615,1732224.75,2.837928571428569,20,3.231528776393269,1017,2026-10-05T17:49:31+00:00
CZR,"Caesars Entertainment, Inc. Common Stock",NASDAQ,True,True,True,29.76,138642754.702,4677512.75,0.10067857142857152,20,0.33830165130568385,1018,2026-10-05T17:49:31+00:00
PRAX,"Praxis Precision Medicines, Inc. Common Stock",NASDAQ,True,True,True,284.91,138366224.30249998,460774.45,14.748571428571434,20,5.176572050321657,1019,2026-10-05T17:49:31+00:00
CG,The Carlyle Group Inc. Common Stock,NASDAQ,True,True,True,39.93,138266986.20050004,3386573.9,1.30982142857143,20,3.2802940860792136,1020,2026-10-05T17:49:31+00:00
LTH,"Life Time Group Holdings, Inc.",NYSE,True,True,True,40.54,138209698.85500002,3419877.8,1.5,20,3.70004933399112,1021,2026-10-05T17:49:31+00:00
TPL,Texas Pacific Land Corporation,NYSE,True,True,True,347.3,138145546.0395,392351.3,13.226271428571437,20,3.808313109292092,1022,2026-10-05T17:49:31+00:00
PNR,Pentair plc,NYSE,True,True,True,52.83,138137437.0205,2500235.55,1.3257999999999994,20,2.50955896271058,1023,2026-10-05T17:49:31+00:00
AVT,"Avnet, Inc. Common Stock",NASDAQ,True,True,True,106.7,138055038.227,1404833.95,3.8966785714285734,20,3.651994912304193,1024,2026-10-05T17:49:31+00:00
CNI,Canadian National Railway,NYSE,True,True,True,119.6,138044514.97149998,1147877.8,2.209757142857145,20,1.8476230291447702,1025,2026-10-05T17:49:31+00:00
IAGG,iShares Core International Aggregate Bond Fund,BATS,True,True,True,48.965,137850184.14425,2795594.95,0.1656071428571439,20,0.33821534332103315,1026,2026-10-05T17:49:31+00:00
UHS,"Universal Health Services, Inc. Class B",NYSE,True,True,True,176.745,137763730.16025,779406.4,4.888571428571431,20,2.765889517990003,1027,2026-10-05T17:49:31+00:00
TTE,TotalEnergies SE,NYSE,True,True,True,84.305,137509477.93125,1541896.4,1.712457142857142,20,2.0312640328060514,1028,2026-10-05T17:49:31+00:00
FCNCA,"First Citizens BancShares, Inc. Class A Common Stock",NASDAQ,True,True,True,2097.78,137405508.223,65246.0,51.34570714285706,20,2.4476211586942886,1029,2026-10-05T17:49:31+00:00
DAR,DARLING INGREDIENTS INC.,NYSE,True,True,True,63.8,137306769.5275,2158591.85,2.297771428571429,20,3.60152261531572,1030,2026-10-05T17:49:31+00:00
STE,STERIS plc,NYSE,True,True,True,210.8925,137144055.3315,653344.3,3.54535714285714,20,1.6811205438112498,1031,2026-10-05T17:49:31+00:00
AEIS,"Advanced Energy Industries, Inc. Common Stock",NASDAQ,True,True,True,296.15,136942452.51849997,502592.6,11.623492857142853,20,3.9248667422396943,1032,2026-10-05T17:49:31+00:00
APG,APi Group Corporation,NYSE,True,True,True,41.2,136765667.11799997,3588931.75,0.9947714285714296,20,2.4144937586685185,1033,2026-10-05T17:49:31+00:00
CAKE,Cheesecake Factory Incorporated (The) Common Stock,NASDAQ,True,True,True,109.195,136617804.85899997,1328579.05,3.222771428571432,20,2.951391023921821,1034,2026-10-05T17:49:31+00:00
JMUB,JPMorgan Municipal ETF,ARCA,False,False,True,47.505,136238067.18300003,2836904.55,0.29217142857142875,20,0.6150330040446874,1035,2026-10-05T17:49:31+00:00
CROX,"Crocs, Inc. Common Stock",NASDAQ,True,True,True,119.54,136102784.311,1144984.55,4.579285714285712,20,3.8307559932120725,1036,2026-10-05T17:49:31+00:00
PCOR,"Procore Technologies, Inc.",NYSE,True,True,True,53.975,135785323.5535,2621081.5,2.147471428571427,20,3.978640905180967,1037,2026-10-05T17:49:31+00:00
PFGC,Performance Food Group Company,NYSE,True,True,True,93.94,135667277.05049998,1470863.5,2.087142857142855,20,2.2217829009398073,1038,2026-10-05T17:49:31+00:00
PSLV,Sprott Physical Silver Trust,ARCA,True,True,True,19.77,135510415.22100002,6581296.85,0.6180714285714287,20,3.126309704458415,1039,2026-10-05T17:49:31+00:00
MHK,"Mohawk Industries, Inc.",NYSE,True,True,True,126.22,135289550.95799997,1083242.55,4.2967857142857175,20,3.4042035448310233,1040,2026-10-05T17:49:31+00:00
IEX,IDEX Corporation,NYSE,True,True,True,237.045,135164390.12125,596459.0,4.542321428571427,20,1.9162274794116843,1041,2026-10-05T17:49:31+00:00
GAP,"The Gap, Inc.",NYSE,True,True,True,23.285,134984278.69575003,6217554.85,0.7973142857142855,20,3.4241541151569055,1042,2026-10-05T17:49:31+00:00
VSXY,Victorias Secret & Co.,NYSE,True,True,True,89.73,134981816.77299997,1676021.6,3.7967214285714297,20,4.231273184633266,1043,2026-10-05T17:49:31+00:00
IVZ,Invesco LTD,NYSE,True,True,True,30.535,134538211.691,4360914.35,0.8578928571428569,20,2.809539404430512,1044,2026-10-05T17:49:31+00:00
AMCR,Amcor plc Ordinary Shares,NYSE,True,True,True,41.61,134392896.79150003,3166023.6,0.8705785714285719,20,2.0922340096817393,1045,2026-10-05T17:49:31+00:00
EDV,Vanguard World Funds Extended Duration ETF,ARCA,True,True,True,53.795,134269131.2295,2334315.0,1.0142642857142843,20,1.8854248270550873,1046,2026-10-05T17:49:31+00:00
GLPI,"Gaming and Leisure Properties, Inc. Common Stock",NASDAQ,True,True,True,38.095,134217906.5755,3388206.7,0.6535642857142854,20,1.715616972606078,1047,2026-10-05T17:49:31+00:00
UVXY,ProShares Ultra VIX Short-Term Futures ETF,BATS,True,True,True,16.5715,133693985.4445,7557121.7,0.7108785714285707,20,4.289765992387959,1048,2026-10-05T17:49:31+00:00
TRMB,Trimble Inc. Common Stock,NASDAQ,True,True,True,58.6,133279364.97050002,2304157.1,1.4226785714285708,20,2.427779132130667,1049,2026-10-05T17:49:31+00:00
ELF,"e.l.f. Beauty, Inc.",NYSE,True,True,True,106.05,133233248.932,1342951.3,3.878371428571427,20,3.6571159156731987,1050,2026-10-05T17:49:31+00:00
AVTR,"Avantor, Inc.",NYSE,True,True,True,15.705,133118532.93174998,8744047.1,0.44786428571428594,20,2.8517305680629477,1051,2026-10-05T17:49:31+00:00
ALGN,"Align Technology, Inc. Common Stock",NASDAQ,True,True,True,139.54,133086324.95474999,898854.25,4.334742857142861,20,3.1064518110526453,1052,2026-10-05T17:49:31+00:00
SPLV,Invesco S&P 500 Low Volatility ETF,ARCA,True,True,True,71.1651,132981277.746195,1841213.2,0.6378571428571443,20,0.896306114734813,1053,2026-10-05T17:49:31+00:00
EVR,Evercore Inc.,NYSE,True,True,True,264.9275,132816767.154,498644.1,8.032492857142854,20,3.031958878237576,1054,2026-10-05T17:49:31+00:00
IHI,iShares U.S. Medical Devices ETF,ARCA,False,False,True,51.54,132557719.20799999,2573228.25,0.778214285714287,20,1.5099229447308633,1055,2026-10-05T17:49:31+00:00
EGO,Eldorado Gold Corporation,NYSE,True,True,True,37.45,132187764.92999999,3209551.0,1.7960714285714292,20,4.79591836734694,1056,2026-10-05T17:49:31+00:00
DD,"DuPont de Nemours, Inc. Common Stock",NYSE,True,True,True,131.055,132176587.55525002,1023830.55,2.0589142857142866,20,1.5710307013958158,1057,2026-10-05T17:49:31+00:00
SPDW,State Street SPDR Portfolio Developed World ex-US ETF,ARCA,True,True,True,50.48,131282608.31199999,2578745.6,0.6435785714285706,20,1.274917930722208,1058,2026-10-05T17:49:31+00:00
BZ,KANZHUN LIMITED American Depository Shares,NASDAQ,True,True,True,15.135,130588029.15324998,8606353.6,0.4353571428571428,20,2.8764925197036195,1059,2026-10-05T17:49:31+00:00
AEO,American Eagle Outfitters,NYSE,True,True,True,17.84,129668585.33950002,8073772.05,0.62135,20,3.482903587443946,1060,2026-10-05T17:49:31+00:00
JLL,"Jones Lang LaSalle, Inc.",NYSE,True,True,True,303.25,129076064.49100001,396318.95,9.004214285714292,20,2.969238016723592,1061,2026-10-05T17:49:31+00:00
TW,Tradeweb Markets Inc. Class A Common Stock,NASDAQ,True,True,True,104.94,129045735.55250001,1264699.9,2.519285714285713,20,2.4006915516349463,1062,2026-10-05T17:49:31+00:00
NWSA,News Corporation Class A Common Stock,NASDAQ,True,True,True,28.815,128747673.898,4400428.0,0.7017857142857142,20,2.4354874693240123,1063,2026-10-05T17:49:31+00:00
BAH,Booz Allen Hamilton Holding Corporation,NYSE,True,True,True,68.95,128686782.14449999,1742285.7,2.384992857142859,20,3.4590179218895707,1064,2026-10-05T17:49:31+00:00
EPAM,"EPAM SYSTEMS, INC.",NYSE,True,True,True,108.08,128565838.771,1128060.5,5.1699071428571415,20,4.783407793169079,1065,2026-10-05T17:49:31+00:00
MKL,Markel Group Inc.,NYSE,True,True,True,1740.44,128412136.16299999,73043.35,24.834635714285746,20,1.4269170850064203,1066,2026-10-05T17:49:31+00:00
MUSA,MURPHY USA INC.,NYSE,True,True,True,511.9,128194931.92600003,247791.7,13.432135714285712,20,2.623976502106996,1067,2026-10-05T17:49:31+00:00
BEN,"Franklin Templeton, Inc.",NYSE,True,True,True,33.055,128115619.94825001,3876139.8,0.7953285714285732,20,2.4060764526654763,1068,2026-10-05T17:49:31+00:00
STIP,iShares 0-5 Year TIPS Bond ETF,ARCA,True,True,True,99.905,127963034.23900001,1279878.5,0.19677142857142574,20,0.1969585391836502,1069,2026-10-05T17:49:31+00:00
DVA,DaVita Inc.,NYSE,True,True,True,179.09,127513956.80150004,700332.45,5.105064285714284,20,2.850557979627162,1070,2026-10-05T17:49:31+00:00
MGY,Magnolia Oil & Gas Corporation Class A Common Stock,NYSE,True,True,True,24.12,127489466.80350001,5027827.7,0.8432142857142865,20,3.4959132906894133,1071,2026-10-05T17:49:31+00:00
JETS,U.S. Global Jets ETF,ARCA,True,True,True,28.03,127383932.86850002,4503070.7,0.7181999999999997,20,2.5622547270781295,1072,2026-10-05T17:49:31+00:00
BAP,Credicorp LTD,NYSE,True,True,True,377.995,127375454.0395,334942.35,9.271421428571434,20,2.4527894359902733,1073,2026-10-05T17:49:31+00:00
ARW,"Arrow Electronics, Inc.",NYSE,True,True,True,243.0,127302343.04549997,569453.15,7.651564285714288,20,3.1487918871252214,1074,2026-10-05T17:49:31+00:00
VFLO,Victory Portfolios II VictoryShares Free Cash Flow ETF,NASDAQ,True,True,True,52.0499,126944362.89449501,2407742.7,0.6306857142857153,20,1.2116943822864508,1075,2026-10-05T17:49:31+00:00
QLYS,"Qualys, Inc. Common Stock",NASDAQ,True,True,True,196.425,126711411.02125001,718549.45,7.9792071428571445,20,4.062215676648667,1076,2026-10-05T17:49:31+00:00
ARMK,ARAMARK,NYSE,True,True,True,55.49,126697199.062,2247297.8,1.1582142857142859,20,2.0872486677136166,1077,2026-10-05T17:49:31+00:00
HRI,Herc Holdings Inc.,NYSE,True,True,True,137.7,126528292.53649998,922504.75,7.842671428571426,20,5.695476709202198,1078,2026-10-05T17:49:31+00:00
MANH,"Manhattan Associates, Inc. Common Stock",NASDAQ,True,True,True,206.585,126453787.6085,609774.85,5.991914285714283,20,2.9004595133791335,1079,2026-10-05T17:49:31+00:00
H,Hyatt Hotels Corporation,NYSE,True,True,True,157.205,126173320.96900001,792448.1,4.576749999999996,20,2.9113259756369048,1080,2026-10-05T17:49:31+00:00
IBN,ICICI Bank Limited,NYSE,True,True,True,27.7695,125691467.72040002,4458161.35,0.389642857142858,20,1.403132419175203,1081,2026-10-05T17:49:31+00:00
DDS,Dillards Inc.,NYSE,False,False,False,666.93,125635139.36600001,193358.9,21.73356428571427,20,3.2587474376192813,1082,2026-10-05T17:49:31+00:00
MSGS,Madison Square Garden Sports Corp.,NYSE,True,True,True,403.08,125324266.652,313896.75,11.624992857142855,20,2.8840410978324043,1083,2026-10-05T17:49:31+00:00
UDOW,ProShares UltraPro Dow 30,ARCA,True,True,True,64.16,124862555.59,1881514.45,1.942064285714285,20,3.0269081759885985,1084,2026-10-05T17:49:31+00:00
KIM,Kimco Realty Corp.,NYSE,True,True,True,22.255,124569910.17825,5479062.7,0.31709999999999944,20,1.4248483486856862,1085,2026-10-05T17:49:31+00:00
PLNT,"Planet Fitness, Inc.",NYSE,True,True,True,42.405,124381980.61050001,2781775.35,2.207057142857142,20,5.204709687199957,1086,2026-10-05T17:49:31+00:00
FNF,"Fidelity National Financial, Inc.",NYSE,True,True,True,39.2,124130440.87599997,2954714.95,1.153571428571428,20,2.942784256559765,1087,2026-10-05T17:49:31+00:00
AGI,Alamos Gold Inc. Class A Common Shares,NYSE,True,True,True,32.25,124065891.36449997,3589156.65,1.223964285714286,20,3.795238095238096,1088,2026-10-05T17:49:31+00:00
ELAN,Elanco Animal Health Incorporated Common Stock,NYSE,True,True,True,22.605,123810281.401,5461417.8,0.7107857142857138,20,3.144373874300879,1089,2026-10-05T17:49:31+00:00
AVDE,Avantis International Equity ETF,ARCA,True,True,True,90.25,123510536.80299997,1355092.0,1.0496428571428587,20,1.163039176889594,1090,2026-10-05T17:49:31+00:00
JEF,Jefferies Financial Group Inc.,NYSE,True,True,True,46.31,123485565.836,2564839.0,1.6430357142857146,20,3.5479069623962736,1091,2026-10-05T17:49:31+00:00
SANM,Sanmina Corporation Common Stock,NASDAQ,True,True,True,229.1475,123457126.07025,581513.85,9.811742857142857,20,4.281845910229374,1092,2026-10-05T17:49:31+00:00
MGK,Vanguard Morningstar Mega Cap Growth ETF,ARCA,True,True,True,94.5962,123387796.30612,1343798.55,1.2054642857142852,20,1.274326332045352,1093,2026-10-05T17:49:31+00:00
Z,"Zillow Group, Inc. Class C Capital Stock",NASDAQ,True,True,True,27.42,123285064.53849998,4176436.9,1.2003428571428572,20,4.377618005626758,1094,2026-10-05T17:49:31+00:00
TPG,TPG Inc. Class A Common Stock,NASDAQ,True,True,True,44.81,123061584.996,2673772.05,1.4885714285714289,20,3.321962572129946,1095,2026-10-05T17:49:31+00:00
PCVX,"Vaxcyte, Inc. Common Stock",NASDAQ,True,True,True,73.07,122874047.3015,1977344.15,4.581057142857143,20,6.26940898160277,1096,2026-10-05T17:49:31+00:00
IWN,iShares Russell 2000 Value ETF,ARCA,True,True,True,213.57,122591024.50599997,572290.95,2.698214285714284,20,1.2633863771664016,1097,2026-10-05T17:49:31+00:00
SMMT,Summit Therapeutics Inc. Common Stock,NASDAQ,True,True,True,17.565,122517669.62,7216066.05,1.138264285714286,20,6.480297669879224,1098,2026-10-05T17:49:31+00:00
FHN,First Horizon Corporation,NYSE,True,True,True,23.485,122486305.71574998,5152085.35,0.46357142857142847,20,1.9739043158246903,1099,2026-10-05T17:49:31+00:00
FLOT,iShares Floating Rate Bond ETF,BATS,True,True,True,50.895,122210236.6405,2397574.5,0.04249999999999941,20,0.08350525591904787,1100,2026-10-05T17:49:31+00:00
CGGR,Capital Group Growth ETF,ARCA,True,True,True,48.355,122168676.08324997,2582518.85,0.6155214285714291,20,1.272921990634741,1101,2026-10-05T17:49:31+00:00
SNY,Sanofi ADS,NASDAQ,True,True,True,39.39,122101361.31525,2927839.95,0.7354214285714272,20,1.8670257135603636,1102,2026-10-05T17:49:31+00:00
BMRN,BioMarin Pharmaceutical Inc. Common Stock,NASDAQ,True,True,True,57.94,121995000.87199998,1952152.6,1.4753571428571415,20,2.546353370481777,1103,2026-10-05T17:49:31+00:00
SUI,"Sun Communities, Inc",NYSE,True,True,True,112.02,121929735.03050001,1072790.15,1.8764428571428584,20,1.6750962838268688,1104,2026-10-05T17:49:31+00:00
SUB,iShares Short-Term National Muni Bond ETF,ARCA,False,False,True,104.535,121671759.96299998,1161270.4,0.2712285714285727,20,0.25946197104182595,1105,2026-10-05T17:49:31+00:00
URA,Global X Uranium ETF,ARCA,True,True,True,40.1155,120909431.57482497,2856871.3,1.2371499999999993,20,3.083970036519548,1106,2026-10-05T17:49:31+00:00
MULL,GraniteShares ETF Trust GraniteShares 2x Long MU Daily ETF,NASDAQ,False,False,True,25.4,120844164.403,4930867.65,1.952935714285714,20,7.688723284589425,1107,2026-10-05T17:49:31+00:00
MOH,"Molina Healthcare, Inc.",NYSE,True,True,True,190.87,120800248.44749999,618068.0,6.671842857142857,20,3.495490573239826,1108,2026-10-05T17:49:31+00:00
PEN,"Penumbra, Inc.",NYSE,True,True,True,317.935,120793625.13724999,379052.35,1.4593214285714242,20,0.45899993035413655,1109,2026-10-05T17:49:31+00:00
SSPC,Leverage Shares 2X Short SPCX Daily ETF,BATS,False,False,True,6.845,120782533.6855,13668523.6,0.7547785714285713,20,11.026713972659916,1110,2026-10-05T17:49:31+00:00
JXN,Jackson Financial Inc.,NYSE,True,True,True,134.31,120767914.9085,908265.8,4.6471928571428505,20,3.4600497782315913,1111,2026-10-05T17:49:31+00:00
AYI,Acuity Inc.,NYSE,True,True,True,305.27,120681022.31500001,392993.9,10.491278571428577,20,3.436721122753162,1112,2026-10-05T17:49:31+00:00
MDGL,"Madrigal Pharmaceuticals, Inc. Common Stock",NASDAQ,True,True,True,494.815,120640571.42725003,231552.85,14.607849999999985,20,2.9521841496316776,1113,2026-10-05T17:49:31+00:00
CNM,"Core & Main, Inc.",NYSE,True,True,True,41.79,120345225.13999999,2865088.85,1.125357142857144,20,2.692886199706016,1114,2026-10-05T17:49:31+00:00
DGRO,iShares Core Dividend Growth ETF,ARCA,True,True,True,76.04,120173986.75250001,1564266.5,0.6248857142857135,20,0.8217855264146678,1115,2026-10-05T17:49:31+00:00
VLUE,iShares MSCI USA Value Factor ETF,BATS,True,True,True,199.7414,120152263.36354999,600399.6,2.6328571428571417,20,1.3181329172906275,1116,2026-10-05T17:49:31+00:00
EXEL,"Exelixis, Inc. Common Stock",NASDAQ,True,True,True,59.11,120080728.60300002,2078882.75,1.5974,20,2.702419218406361,1117,2026-10-05T17:49:31+00:00
AES,AES Corporation,NYSE,True,True,True,14.9,120005341.34850001,8085037.8,0.04500714285714264,20,0.30206136145733314,1118,2026-10-05T17:49:31+00:00
BALL,Ball Corporation,NYSE,True,True,True,57.198,119945402.97420001,2039178.0,1.2895714285714281,20,2.254574335765985,1119,2026-10-05T17:49:31+00:00
BINC,iShares Flexible Income Active ETF,ARCA,False,False,True,50.53,119732487.761,2344125.95,0.15310714285714308,20,0.30300245964208006,1120,2026-10-05T17:49:31+00:00
NTSK,"Netskope, Inc. Class A Common Stock",NASDAQ,True,True,True,18.025,119696049.6115,6947421.25,0.8240285714285714,20,4.571587081434516,1121,2026-10-05T17:49:31+00:00
AVLV,Avantis U.S. Large Cap Value ETF,ARCA,True,True,True,92.06,119680807.27950001,1299196.25,0.8178142857142865,20,0.8883492132460206,1122,2026-10-05T17:49:31+00:00
CLH,"Clean Harbors, Inc",NYSE,True,True,True,323.045,119570771.64700003,378509.3,6.060357142857141,20,1.8760101976062593,1123,2026-10-05T17:49:31+00:00
ZSL,ProShares UltraShort Silver,ARCA,False,False,True,27.12,118937925.7785,4768331.6,1.4431714285714279,20,5.3214285714285685,1124,2026-10-05T17:49:31+00:00
RAM,Roundhill T-REX 2X Long DRAM Daily Target ETF,BATS,False,False,True,14.34,118829352.92325,8673565.05,0.9433999999999999,20,6.578800557880054,1125,2026-10-05T17:49:31+00:00
GPC,Genuine Parts Company,NYSE,True,True,True,126.01,118813494.87149999,915655.95,2.8930785714285707,20,2.2959118890790973,1126,2026-10-05T17:49:31+00:00
VSAT,"ViaSat, Inc. Common Stock",NASDAQ,True,True,True,71.765,118761921.66125003,1617631.2,3.474721428571427,20,4.8418050979884715,1127,2026-10-05T17:49:31+00:00
SGOL,abrdn Physical Gold Shares ETF,ARCA,True,True,True,39.335,118396901.35175002,2912043.1,0.6802285714285722,20,1.729321396793116,1128,2026-10-05T17:49:31+00:00
PNW,Pinnacle West Capital Corporation,NYSE,True,True,True,96.42,118358656.8,1256706.2,1.7930857142857153,20,1.8596615995495904,1129,2026-10-05T17:49:31+00:00
IBRX,"ImmunityBio, Inc. Common Stock",NASDAQ,True,True,True,10.355,118352790.94575,13318225.85,0.6877642857142859,20,6.641856935917778,1130,2026-10-05T17:49:31+00:00
GMED,GLOBUS MEDICAL INC,NYSE,True,True,True,76.5851,118303381.174625,1583481.2,1.522578571428569,20,1.9880872015947866,1131,2026-10-05T17:49:31+00:00
AN,"AutoNation, Inc.",NYSE,True,True,True,161.58,118290521.98849997,667355.95,8.683564285714287,20,5.374157869609039,1132,2026-10-05T17:49:31+00:00
SOLS,Solstice Advanced Materials Inc. Common Stock,NASDAQ,True,True,True,58.515,118131719.92825,2025278.95,1.8471857142857147,20,3.1567729886109794,1133,2026-10-05T17:49:31+00:00
FLR,Fluor Corporation,NYSE,True,True,True,51.0,117906880.20299998,2258532.05,1.8826,20,3.691372549019608,1134,2026-10-05T17:49:31+00:00
CPT,Camden Property Trust,NYSE,True,True,True,97.155,117759037.998,1183088.5,1.755357142857142,20,1.8067594491864978,1135,2026-10-05T17:49:31+00:00
ONB,Old National Bancorp Common Stock,NASDAQ,True,True,True,25.015,117568887.7085,4664586.45,0.5239285714285715,20,2.094457611147597,1136,2026-10-05T17:49:31+00:00
AGCO,AGCO Corporation,NYSE,True,True,True,117.73,117553367.851,980586.2,3.8492214285714295,20,3.2695331933843788,1137,2026-10-05T17:49:31+00:00
SIG,Signet Jewelers Limited,NYSE,True,True,True,102.62,117494518.36400001,1176239.75,3.7568571428571422,20,3.6609405017122802,1138,2026-10-05T17:49:31+00:00
IAUM,iShares Gold Trust Micro,ARCA,True,True,True,41.18,116842896.3295,2753435.1,0.7114214285714284,20,1.7275896759869558,1139,2026-10-05T17:49:31+00:00
SIRI,SiriusXM Holdings Inc. Common Stock,NASDAQ,True,True,True,26.09,116668470.09199998,4298768.85,0.7403499999999996,20,2.83767727098505,1140,2026-10-05T17:49:31+00:00
FTV,Fortive Corporation,NYSE,True,True,True,57.315,116623511.13450003,2094173.6,1.0496428571428562,20,1.8313580339228057,1141,2026-10-05T17:49:31+00:00
ALC,Alcon Inc. Ordinary Shares,NYSE,True,True,True,63.92,116491320.016,1772569.6,1.0290428571428554,20,1.6098918290720514,1142,2026-10-05T17:49:31+00:00
FND,"Floor & Decor Holdings, Inc.",NYSE,True,True,True,46.99,116251563.84950002,2475518.25,1.8890714285714283,20,4.020156264250751,1143,2026-10-05T17:49:31+00:00
SAIL,"SailPoint, Inc. Common Stock",NASDAQ,True,True,True,19.97,116220243.70300002,5815679.85,1.0921785714285712,20,5.4690965018957,1144,2026-10-05T17:49:31+00:00
SSNC,"SS&C Technologies Holdings, Inc. Common Stock",NASDAQ,True,True,True,79.145,116173756.12649998,1462059.15,1.4487000000000012,20,1.8304378040305782,1145,2026-10-05T17:49:31+00:00
PDBC,Invesco Actively Managed Exch-Traded Commodity Fd Tr Invesco Optimum Yield Diversified Commodity Strategy No K-1 ETF,NASDAQ,True,True,True,19.345,116053925.35075,5928617.4,0.3047642857142857,20,1.5754163128161576,1146,2026-10-05T17:49:31+00:00
ICLN,iShares Global Clean Energy ETF,NASDAQ,True,True,True,17.295,115863551.74425001,6620591.95,0.37047142857142845,20,2.142072440424564,1147,2026-10-05T17:49:31+00:00
VMBS,Vanguard Mortgage-Backed Securities ETF,NASDAQ,True,True,True,44.08,115738603.31549999,2579538.15,0.31492857142857134,20,0.7144477573243452,1148,2026-10-05T17:49:31+00:00
VOYA,"VOYA FINANCIAL, INC.",NYSE,True,True,True,98.58,115682849.88949999,1158401.4,2.712771428571428,20,2.751847665420398,1149,2026-10-05T17:49:31+00:00
GLXY,Galaxy Digital Inc. Class A Common Stock,NASDAQ,True,True,True,22.62,115660274.59750001,4773630.65,1.5257142857142854,20,6.74497915877226,1150,2026-10-05T17:49:31+00:00
BMO,Bank of Montreal,NYSE,True,True,True,165.42,115637941.69000001,674392.35,2.900349999999995,20,1.7533248700278052,1151,2026-10-05T17:49:31+00:00
AMBA,"Ambarella, Inc. Ordinary Shares",NASDAQ,True,True,True,68.58,115609956.046,1713329.6,3.729207142857144,20,5.437747364912721,1152,2026-10-05T17:49:31+00:00
INIO,INNIO N.V. Ordinary Shares,NASDAQ,True,True,True,19.31,115579243.27849999,5887618.4,1.356364285714286,20,7.024154768069839,1153,2026-10-05T17:49:31+00:00
CINF,Cincinnati Financial Corporation Common Stock,NASDAQ,True,True,True,163.25,115203863.89400001,693751.4,2.506607142857147,20,1.535440822577119,1154,2026-10-05T17:49:31+00:00
ALK,"Alaska Air Group, Inc.",NYSE,True,True,True,39.655,115041279.70525,2864738.35,1.5495571428571426,20,3.907595871534845,1155,2026-10-05T17:49:31+00:00
BCS,Barclays PLC,NYSE,True,True,True,23.7005,114819059.70925,4598303.85,0.5471857142857142,20,2.3087517743748616,1156,2026-10-05T17:49:31+00:00
SOUN,"SoundHound AI, Inc Class A Common Stock",NASDAQ,True,True,True,5.945,114781959.8195,18673882.8,0.23281428571428572,20,3.9161360086507266,1157,2026-10-05T17:49:31+00:00
EPD,Enterprise Products Partners L.P.,NYSE,True,True,True,36.725,114685946.03475001,3061236.95,0.7211928571428575,20,1.9637654381017222,1158,2026-10-05T17:49:31+00:00
SAIA,"Saia, Inc. Common Stock",NASDAQ,True,True,True,350.5101,114592080.59238,333676.6,12.42107142857142,20,3.5437128426745534,1159,2026-10-05T17:49:31+00:00
LUNR,"Intuitive Machines, Inc. Class A Common Stock",NASDAQ,True,True,True,14.185,114467199.99575,7736294.15,1.033364285714286,20,7.284908605669975,1160,2026-10-05T17:49:31+00:00
SRRK,Scholar Rock Holding Corporation Common Stock,NASDAQ,True,True,True,44.28,114314571.03549998,2289994.95,2.3514285714285705,20,5.310362627435796,1161,2026-10-05T17:49:31+00:00
RNG,"RINGCENTRAL, INC.",NYSE,True,True,True,80.2,114150432.3295,1521544.25,3.5029714285714286,20,4.367794798717492,1162,2026-10-05T17:49:31+00:00
MLI,"Mueller Industries, Inc.",NYSE,True,True,True,63.87,114109661.09550002,1880553.7,1.3135714285714286,20,2.0566328927061663,1163,2026-10-05T17:49:31+00:00
L,Loews Corporation,NYSE,True,True,True,106.215,114029039.00249998,1067171.25,1.4810714285714266,20,1.3944089145331888,1164,2026-10-05T17:49:31+00:00
BMNU,T-REX 2X Long BMNR Daily Target ETF,BATS,False,False,True,20.73,113998591.4325,5587165.75,2.4684714285714286,20,11.907725174005927,1165,2026-10-05T17:49:31+00:00
RH,RH,NYSE,True,True,True,117.53,113976904.93900001,888840.85,5.138521428571432,20,4.372093447265747,1166,2026-10-05T17:49:31+00:00
GGG,Graco Inc,NYSE,True,True,True,78.92,113861736.9025,1477577.5,1.3262499999999966,20,1.6804992397364376,1167,2026-10-05T17:49:31+00:00
USIG,iShares Broad USD Investment Grade Corporate Bond ETF,NASDAQ,True,True,True,48.4374,113613574.48864,2306259.45,0.2659857142857141,20,0.5491329309288155,1168,2026-10-05T17:49:31+00:00
SYRE,"Spyre Therapeutics, Inc. Common Stock",NASDAQ,True,True,True,92.42,113373316.7,1263176.4,4.723585714285714,20,5.110999474448944,1169,2026-10-05T17:49:31+00:00
HYD,VanEck High Yield Muni ETF,BATS,False,False,True,47.855,112980809.70625,2327155.35,0.4007142857142852,20,0.8373509261608718,1170,2026-10-05T17:49:31+00:00
TKR,The Timken Company,NYSE,True,True,True,121.93,112817755.88999999,957013.8,2.918271428571429,20,2.393399022858549,1171,2026-10-05T17:49:31+00:00
BTDR,Bitdeer Technologies Group Class A Ordinary Shares,NASDAQ,True,True,True,10.78,112779040.3065,9592134.0,0.8488,20,7.873840445269018,1172,2026-10-05T17:49:31+00:00
FNDF,Schwab Fundamental International Equity ETF,ARCA,True,True,True,53.8399,112340478.490955,2048190.65,0.6513571428571429,20,1.2098037753731765,1173,2026-10-05T17:49:31+00:00
HLI,"Houlihan Lokey, Inc.",NYSE,True,True,True,126.94,112260569.06400001,854158.05,4.100121428571433,20,3.2299680388935195,1174,2026-10-05T17:49:31+00:00
CCK,Crown Holdings Inc.,NYSE,True,True,True,106.87,112104788.654,1025994.65,2.4426428571428582,20,2.2856207140852045,1175,2026-10-05T17:49:31+00:00
TBIL,"The RBB Fund, Inc. F/m US Treasury 3 Month Bill Fund",NASDAQ,True,True,True,49.87,112069566.07925001,2245508.25,0.022142857142856798,20,0.04440115729467976,1176,2026-10-05T17:49:31+00:00
ALHC,"Alignment Healthcare, Inc. Common Stock",NASDAQ,True,True,True,8.19,111939868.43399999,12546483.25,0.6381000000000002,20,7.791208791208794,1177,2026-10-05T17:49:31+00:00
HBM,Hudbay Minerals Inc.,NYSE,True,True,True,27.51,111611252.755,4159781.8,1.1767928571428572,20,4.277691229163421,1178,2026-10-05T17:49:31+00:00
KBE,State Street SPDR S&P Bank ETF,ARCA,True,True,True,64.435,111569812.3645,1701982.4,1.1214285714285712,20,1.7404028422884632,1179,2026-10-05T17:49:31+00:00
CUBE,CubeSmart,NYSE,True,True,True,37.63,111505053.67650001,2879851.35,0.7603571428571441,20,2.020614251547021,1180,2026-10-05T17:49:31+00:00
UBS,UBS Group AG,NYSE,False,False,True,48.26,111411175.8595,2234010.6,1.0425000000000009,20,2.1601740571902215,1181,2026-10-05T17:49:31+00:00
DTM,"DT Midstream, Inc.",NYSE,True,True,True,123.13,111169997.08399999,889053.1,2.824464285714288,20,2.2938879929459013,1182,2026-10-05T17:49:31+00:00
SCHE,Schwab Emerging Markets Equity ETF,ARCA,True,True,True,37.255,110915458.03325,3012315.7,0.41738571428571397,20,1.1203481795348649,1183,2026-10-05T17:49:31+00:00
SPXC,"SPX Technologies, Inc.",NYSE,True,True,True,178.05,110912354.399,624536.1,5.657885714285716,20,3.177694869017532,1184,2026-10-05T17:49:31+00:00
J,Jacobs Solutions Inc.,NYSE,True,True,True,139.89,110733843.0865,786061.3,3.708750000000003,20,2.651190220887843,1185,2026-10-05T17:49:31+00:00
SRLN,State Street Blackstone Senior Loan ETF,ARCA,True,True,True,40.235,110685479.87349999,2735234.25,0.12296428571428615,20,0.30561522483978165,1186,2026-10-05T17:49:31+00:00
NDSN,Nordson Corporation Common Stock,NASDAQ,True,True,True,335.125,110644795.54750001,347464.85,5.67865,20,1.6944871316672883,1187,2026-10-05T17:49:31+00:00
REXR,"REXFORD INDUSTRIAL REALTY, INC.",NYSE,True,True,True,37.145,110624653.20874998,2925840.55,0.7853571428571416,20,2.1143010980135726,1188,2026-10-05T17:49:31+00:00
UPST,"Upstart Holdings, Inc. Common stock",NASDAQ,True,True,True,24.245,110571017.01725002,4478479.95,1.0155642857142861,20,4.188757623073978,1189,2026-10-05T17:49:31+00:00
EGP,EastGroup Properties Inc.,NYSE,True,True,True,197.255,110407140.96200001,551105.55,3.231164285714288,20,1.6380645792067567,1190,2026-10-05T17:49:31+00:00
FLS,Flowserve Corporation,NYSE,True,True,True,74.98,110345334.382,1489943.05,2.0889285714285726,20,2.7859810235110327,1191,2026-10-05T17:49:31+00:00
VFC,V.F. Corporation,NYSE,True,True,True,14.215,110339167.01550002,8107003.0,0.4939285714285714,20,3.474699763830963,1192,2026-10-05T17:49:31+00:00
BBWI,"Bath & Body Works, Inc.",NYSE,True,True,True,17.435,110233570.7085,6470601.7,0.6600714285714288,20,3.7858986439428097,1193,2026-10-05T17:49:31+00:00
SEDG,"SolarEdge Technologies, Inc. Common Stock",NASDAQ,True,True,True,34.1,110185963.17350002,3199763.1,2.112407142857143,20,6.194742354419774,1194,2026-10-05T17:49:31+00:00
INFQ,"Infleqtion, Inc.",NYSE,True,True,True,12.5899,110108111.03872499,8153839.65,0.8448928571428572,20,6.710878220977587,1195,2026-10-05T17:49:31+00:00
LECO,"Lincoln Electric Holdings, Inc. Common Shares",NASDAQ,True,True,True,277.185,110071494.59124999,420442.3,6.236135714285723,20,2.249809951579531,1196,2026-10-05T17:49:31+00:00
FNDX,Schwab Fundamental U.S. Large Company ETF,ARCA,True,True,True,31.865,109944859.8515,3435515.6,0.26892857142857196,20,0.8439622514626455,1197,2026-10-05T17:49:31+00:00
FRT,Federal Realty Investment Trust,NYSE,True,True,True,106.06,109883538.59350002,989250.35,1.7913071428571439,20,1.6889563858732262,1198,2026-10-05T17:49:31+00:00
ADC,Agree Realty Corporation,NYSE,True,True,True,65.675,109719611.126,1607243.65,1.1785999999999999,20,1.7945945945945945,1199,2026-10-05T17:49:31+00:00
LEU,Centrus Energy Corp.,NYSE,True,True,True,142.025,109329693.61524999,726271.0,7.486142857142858,20,5.271003595946388,1200,2026-10-05T17:49:31+00:00
VSH,"Vishay Intertechnology, Inc.",NYSE,True,True,True,37.26,109266452.24749999,3284667.6,1.6247214285714282,20,4.360497661222299,1201,2026-10-05T17:49:31+00:00
SAN,Banco Santander S.A.,NYSE,True,True,True,13.885,108997362.55574998,7624277.0,0.3567857142857142,20,2.5695766243119493,1202,2026-10-05T17:49:31+00:00
WPC,W.P. Carey Inc. (REIT),NYSE,True,True,True,64.71,108926142.74000001,1633624.95,1.139750000000001,20,1.7613197341987346,1203,2026-10-05T17:49:31+00:00
NAVN,"Navan, Inc. Class A Common Stock",NASDAQ,True,True,True,21.97,108901646.94125001,5073933.0,0.9653571428571429,20,4.393978802262826,1204,2026-10-05T17:49:31+00:00
ASHR,Xtrackers Harvest CSI 300 China A-Shares ETF,ARCA,False,False,True,32.685,108546994.52425,3264105.15,0.3382071428571441,20,1.0347472628335446,1205,2026-10-05T17:49:31+00:00
GBTC,Grayscale Bitcoin Trust ETF,ARCA,True,True,True,65.85,108525032.33049998,1730229.9,1.842142857142857,20,2.7974834580757135,1206,2026-10-05T17:49:31+00:00
KGS,"Kodiak Gas Services, Inc.",NYSE,True,True,True,52.955,108504431.76925,1915775.0,2.213571428571427,20,4.1800990058944905,1207,2026-10-05T17:49:31+00:00
AIZ,"Assurant, Inc.",NYSE,True,True,True,268.855,108298824.853,395169.1,5.7997214285714325,20,2.157193070082919,1208,2026-10-05T17:49:31+00:00
BTG,B2Gold Corp.,AMEX,True,True,True,5.1399,108226448.22405998,20275249.1,0.21284285714285714,20,4.14099218161554,1209,2026-10-05T17:49:31+00:00
SOXQ,Invesco Exchange-Traded Fund Trust II Invesco PHLX Semiconductor ETF,NASDAQ,True,True,True,103.505,108202649.74375,1140737.65,2.591785714285717,20,2.504019819608441,1210,2026-10-05T17:49:31+00:00
XENE,Xenon Pharmaceuticals Inc. Common Shares,NASDAQ,True,True,True,37.38,108196442.37249999,2657399.75,2.919757142857143,20,7.811014293357793,1211,2026-10-05T17:49:31+00:00
XE,"X-Energy, Inc. Class A Common Stock",NASDAQ,False,False,True,14.34,107944716.91025,6861258.05,0.9230999999999999,20,6.437238493723848,1212,2026-10-05T17:49:31+00:00
SDOW,ProShares UltraPro Short Dow 30,ARCA,False,False,True,25.5897,107931123.91483,4328133.05,0.7404571428571428,20,2.8935749260723758,1213,2026-10-05T17:49:31+00:00
VDE,Vanguard Energy ETF,ARCA,True,True,True,178.255,107592326.48025,604444.2,3.3057857142857108,20,1.854526220462658,1214,2026-10-05T17:49:31+00:00
NUGT,Direxion Daily Gold Miners Index Bull 2X ETF,ARCA,True,True,True,145.725,107551175.05574998,647217.05,10.278971428571426,20,7.053677425679483,1215,2026-10-05T17:49:31+00:00
COKE,"Coca-Cola Consolidated, Inc. Common Stock",NASDAQ,True,True,True,194.205,107379518.05675001,558315.45,5.591749999999997,20,2.879302798589118,1216,2026-10-05T17:49:31+00:00
IGLB,iShares 10+ Year Investment Grade Corporate Bond ETF,ARCA,True,True,True,45.1944,107184740.35706002,2296954.7,0.4550071428571429,20,1.006777704443787,1217,2026-10-05T17:49:31+00:00
NEU,NewMarket Corporation,NYSE,True,True,True,930.49,107152764.00799999,120017.5,20.848342857142875,20,2.24057677751968,1218,2026-10-05T17:49:31+00:00
FUTU,Futu Holdings Limited American Depositary Shares,NASDAQ,True,True,True,110.52,107056493.8125,966716.5,3.8257071428571416,20,3.4615518845974864,1219,2026-10-05T17:49:31+00:00
SNA,Snap-on Incorporated,NYSE,True,True,True,369.75,106984799.021,287746.5,5.625221428571438,20,1.521358060465568,1220,2026-10-05T17:49:31+00:00
EHC,Encompass Health Corporation Common Stock,NYSE,True,True,True,121.66,106839990.42050001,875686.65,3.013778571428574,20,2.4772140156407807,1221,2026-10-05T17:49:31+00:00
NKTR,Nektar Therapeutics Common Stock,NASDAQ,True,True,True,42.18,106732843.8935,1822427.35,4.524978571428572,20,10.727782293571769,1222,2026-10-05T17:49:31+00:00
TFLO,iShares Treasury Floating Rate Bond ETF,ARCA,True,True,True,50.53,106584685.7885,2106710.8,0.027857142857143913,20,0.05512990868225591,1223,2026-10-05T17:49:31+00:00
IAG,IAMGold Corporation,NYSE,True,True,True,18.39,106538116.6275,5403245.9,0.7699928571428575,20,4.187019342810536,1224,2026-10-05T17:49:31+00:00
SF,Stifel Financial Corp.,NYSE,True,True,True,70.82,106245710.29850002,1441657.85,1.9571357142857155,20,2.7635353209343627,1225,2026-10-05T17:49:31+00:00
VTES,Vanguard Short-Term Tax-Exempt Bond ETF,ARCA,False,False,True,98.665,106180646.76804999,1071738.15,0.3342785714285727,20,0.33880157242038483,1226,2026-10-05T17:49:31+00:00
EWBC,"East West Bancorp, Inc. Common Stock",NASDAQ,True,True,True,127.68,105998922.7555,835568.15,2.5837142857142843,20,2.023585750089508,1227,2026-10-05T17:49:31+00:00
VAL,Valaris Limited,NYSE,True,True,True,84.14,105918944.229,1277559.75,2.9316285714285706,20,3.4842269686576786,1228,2026-10-05T17:49:31+00:00
DAVE,Dave Inc. Class A Common Stock,NASDAQ,True,True,True,372.67,105230909.2545,303299.0,18.689978571428583,20,5.015155116169421,1229,2026-10-05T17:49:31+00:00
TXNM,"TXNM Energy, Inc.",NYSE,True,True,True,58.5,105222950.1505,1804130.5,0.39250000000000085,20,0.6709401709401724,1230,2026-10-05T17:49:31+00:00
INOD,Innodata Inc. Common Stock,NASDAQ,True,True,True,68.395,105210868.45975001,1601748.5,5.151392857142859,20,7.531826679059668,1231,2026-10-05T17:49:31+00:00
DOC,"Healthpeak Properties, Inc.",NYSE,True,True,True,19.315,104914392.2595,5182349.6,0.3689285714285719,20,1.910062497688697,1232,2026-10-05T17:49:31+00:00
HDV,iShares Core High Dividend ETF,ARCA,True,True,True,28.1262,104656964.48237,3656041.3,0.26236428571428555,20,0.9328109937150612,1233,2026-10-05T17:49:31+00:00
SPMD,State Street SPDR Portfolio S&P 400 Mid Cap ETF,ARCA,True,True,True,64.8498,104634045.6084,1630336.35,0.752128571428571,20,1.1598009113807153,1234,2026-10-05T17:49:31+00:00
AMH,AMERICAN HOMES 4 RENT,NYSE,True,True,True,30.24,104555878.49199998,3367952.45,0.4773571428571431,20,1.5785619803476956,1235,2026-10-05T17:49:31+00:00
RRC,Range Resources Corp,NYSE,True,True,True,38.775,104387663.55575,2670406.85,1.187928571428571,20,3.063645574283871,1236,2026-10-05T17:49:31+00:00
TFX,Teleflex Incorporated,NYSE,True,True,True,126.585,104374426.0275,824474.05,3.4796642857142857,20,2.748875684887061,1237,2026-10-05T17:49:31+00:00
LAD,"Lithia Motors, Inc.",NYSE,True,True,True,303.87,104354711.88850002,325397.9,14.293192857142856,20,4.703719635746489,1238,2026-10-05T17:49:31+00:00
VFH,Vanguard Financials ETF,ARCA,True,True,True,131.425,104103549.3355,776019.35,1.7811357142857145,20,1.3552487839343461,1239,2026-10-05T17:49:31+00:00
FRVO,Fervo Energy Company Class A common stock,NASDAQ,True,True,True,13.405,103876951.998,6729000.8,1.2367857142857142,20,9.226301486652101,1240,2026-10-05T17:49:31+00:00
SHLD,Global X Defense Tech ETF,ARCA,True,True,True,60.47,103836680.33949998,1676860.65,0.7949499999999995,20,1.3146188192492136,1241,2026-10-05T17:49:31+00:00
RS,"Reliance, Inc.",NYSE,True,True,True,413.815,103823676.6715,265300.55,9.830835714285712,20,2.375659585632641,1242,2026-10-05T17:49:31+00:00
SCZ,iShares MSCI EAFE Small-Cap ETF,NASDAQ,True,True,True,84.17,103665118.06199999,1215193.95,1.002285714285716,20,1.1907873521274992,1243,2026-10-05T17:49:31+00:00
SYNA,Synaptics Incorporated Common Stock $0.001 Par Value,NASDAQ,True,True,True,119.68,103608876.4665,964891.05,5.186778571428569,20,4.33387246944232,1244,2026-10-05T17:49:31+00:00
PTGX,"Protagonist Therapeutics, Inc. Common Stock",NASDAQ,True,True,True,142.46,103541308.278,725507.4,4.738564285714288,20,3.3262419526283082,1245,2026-10-05T17:49:31+00:00
VOOG,Vanguard S&P 500 Growth ETF,ARCA,True,True,True,87.29,103387232.4425,1215749.1,1.0221500000000003,20,1.170981784855081,1246,2026-10-05T17:49:31+00:00
ACA,"Arcosa, Inc. Common Stock",NYSE,True,True,True,146.73,103381654.20899999,708440.25,0.4653928571428533,20,0.31717634917389304,1247,2026-10-05T17:49:31+00:00
VUSB,Vanguard Ultra-Short Bond ETF,BATS,True,True,True,49.405,103313560.72575,2085942.85,0.0483857142857147,20,0.09793687741263982,1248,2026-10-05T17:49:31+00:00
ASO,"Academy Sports and Outdoors, Inc. Common Stock",NASDAQ,True,True,True,51.34,103278778.13224998,2056023.1,1.7030357142857129,20,3.317171239356667,1249,2026-10-05T17:49:31+00:00
PNFP,"Pinnacle Financial Partners, Inc.",NYSE,True,True,True,96.92,103163274.68100001,1072320.05,2.4403500000000014,20,2.5179013619479997,1250,2026-10-05T17:49:31+00:00
EWC,iShares MSCI Canada ETF,ARCA,True,True,True,58.79,103087161.80700001,1719925.05,0.6396071428571426,20,1.0879522756542654,1251,2026-10-05T17:49:31+00:00
IWP,iShares Russell Mid-Cap Growth ETF,ARCA,True,True,True,142.23,103069817.296,744196.95,1.7885785714285711,20,1.2575255371079037,1252,2026-10-05T17:49:31+00:00
WEX,WEX Inc.,NYSE,True,True,True,174.93,102925652.20049998,558467.1,6.1382071428571425,20,3.508950518983103,1253,2026-10-05T17:49:31+00:00
DBMF,iMGP DBi Managed Futures Strategy ETF,ARCA,True,True,True,33.28,102890698.505,3193285.5,0.3553714285714281,20,1.0678228021978007,1254,2026-10-05T17:49:31+00:00
SCHV,Schwab U.S. Large-Cap Value ETF,ARCA,True,True,True,33.62,102799539.78050002,3031166.9,0.3017785714285708,20,0.8976162148381048,1255,2026-10-05T17:49:31+00:00
VTEC,Vanguard California Tax-Exempt Bond ETF,BATS,False,False,True,94.09,102774243.98049998,1081239.0,0.6102142857142903,20,0.6485431881329474,1256,2026-10-05T17:49:31+00:00
BIO,"Bio-Rad Laboratories, Inc.Class A",NYSE,True,True,True,378.81,102400086.35599998,272328.15,11.138199999999992,20,2.940313085715792,1257,2026-10-05T17:49:31+00:00
GMAB,Genmab A/S ADS,NASDAQ,True,True,True,35.995,102227004.58075,2943483.55,0.8517857142857156,20,2.3664000952513287,1258,2026-10-05T17:49:31+00:00
ELS,"Equity Lifestyle Properties, Inc.",NYSE,True,True,True,58.51,101893295.9745,1700427.9,0.870714285714285,20,1.4881461044510083,1259,2026-10-05T17:49:31+00:00
CHRD,Chord Energy Corporation Common Stock,NASDAQ,True,True,True,140.14,101869004.0435,713293.0,4.446842857142863,20,3.173143183347269,1260,2026-10-05T17:49:31+00:00
ALKS,Alkermes plc Ordinary Shares,NASDAQ,True,True,True,42.605,101622317.1375,2360281.0,1.5543785714285698,20,3.6483477794356762,1261,2026-10-05T17:49:31+00:00
MNDY,monday.com Ltd. Ordinary Shares,NASDAQ,True,True,True,81.19,101433331.15975,1200406.55,4.60467142857143,20,5.671476079038588,1262,2026-10-05T17:49:31+00:00
SNDU,T-REX 2X Long SNDK Daily Target ETF,BATS,False,False,True,25.0345,101210208.576525,3933708.3,2.6984285714285714,20,10.778839487221918,1263,2026-10-05T17:49:31+00:00
KVYO,"Klaviyo, Inc.",NYSE,True,True,True,16.42,101159994.436,6276488.65,0.8325000000000002,20,5.0700365408038985,1264,2026-10-05T17:49:31+00:00
RNR,RenaissanceRe Holdings Ltd.,NYSE,True,True,True,325.055,100918867.48550001,309360.0,6.221399999999993,20,1.9139530233345106,1265,2026-10-05T17:49:31+00:00
ZION,Zions Bancorporation N.A. Common Stock,NASDAQ,True,True,True,63.785,100712855.40124999,1544747.25,1.393928571428571,20,2.185354819202902,1266,2026-10-05T17:49:31+00:00
IALT,BlackRock ETF Trust iShares Systematic Alternatives Active ETF,NASDAQ,True,True,True,30.08,100525104.39050001,3380976.0,0.25456428571428547,20,0.8462908434650448,1267,2026-10-05T17:49:31+00:00
RAL,Ralliant Corporation,NYSE,True,True,True,74.64,100492980.01550002,1478140.25,1.9972642857142873,20,2.67586319093554,1268,2026-10-05T17:49:31+00:00
TVTX,"Travere Therapeutics, Inc. Common Stock",NASDAQ,True,True,True,57.38,100468211.882,1626672.95,2.2446428571428574,20,3.911890653786785,1269,2026-10-05T17:49:31+00:00
QNT,Quantinuum Inc. Class A Common Stock,NASDAQ,True,True,True,45.03,100430610.47099999,2022426.5,3.0499642857142866,20,6.773182957393485,1270,2026-10-05T17:49:31+00:00
UNF,Unifirst Corp,NYSE,True,True,True,254.68,100420413.04000002,382646.8,7.07921428571428,20,2.779650654042045,1271,2026-10-05T17:49:31+00:00
BRX,BRIXMOR PROPERTY GROUP INC.,NYSE,True,True,True,27.325,100378073.062,3574734.75,0.4379857142857139,20,1.6028754411188066,1272,2026-10-05T17:49:31+00:00
MAT,"Mattel, Inc. Common Stock",NASDAQ,True,True,True,15.275,100247882.919,7131141.1,0.7377285714285714,20,4.829646948795885,1273,2026-10-05T17:49:31+00:00
GOOGM,Alphabet Inc. Depositary Shares representing a 1/20th Interest in a Share of Series A Mandatory Convertible Preferred Stock,NASDAQ,True,True,True,49.2,100230795.877,2046931.75,0.8988571428571441,20,1.8269454123112685,1274,2026-10-05T17:49:31+00:00
MSFU,Direxion Shares ETF Trust Direxion Daily MSFT Bull 2X ETF,NASDAQ,False,False,True,41.165,100204933.581,2613232.35,1.818885714285715,20,4.41852475230345,1275,2026-10-05T17:49:31+00:00
OIH,VanEck Oil Services ETF,ARCA,False,False,True,396.91,99751220.87150002,249442.5,8.847557142857141,20,2.229109153928382,1276,2026-10-05T17:49:31+00:00
AMG,Affiliated Managers Group,NYSE,True,True,True,377.57,99709658.7865,276117.55,10.635000000000003,20,2.8166962417564965,1277,2026-10-05T17:49:31+00:00
HSIC,"Henry Schein, Inc. Common Stock",NASDAQ,True,True,True,83.95,99656338.6665,1158433.45,1.9114285714285688,20,2.2768654811537448,1278,2026-10-05T17:49:31+00:00
WTRG,"Essential Utilities, Inc.",NYSE,True,True,True,38.61,99541495.10300002,2457302.3,0.7515000000000001,20,1.9463869463869465,1279,2026-10-05T17:49:31+00:00
VLY,Valley National Bancorp Common Stock,NASDAQ,True,True,True,12.835,99468672.49275,7519753.4,0.3224999999999999,20,2.5126606934164384,1280,2026-10-05T17:49:31+00:00
QURE,uniQure N.V. Ordinary Shares,NASDAQ,True,True,True,22.78,99350760.92950001,3292756.6,3.1932071428571414,20,14.01759061833688,1281,2026-10-05T17:49:31+00:00
SPYV,State Street SPDR Portfolio S&P 500 Value ETF,ARCA,True,True,True,61.715,99237895.18625,1597167.65,0.49596428571428575,20,0.8036365319845836,1282,2026-10-05T17:49:31+00:00
URTH,iShares MSCI World ETF,ARCA,True,True,True,208.57,99167340.37899998,479147.65,2.0020285714285677,20,0.9598832868718262,1283,2026-10-05T17:49:31+00:00
SILJ,Amplify Junior Silver Miners ETF,ARCA,True,True,True,27.09,99107398.44399999,3391996.2,1.1437785714285709,20,4.2221431208142155,1284,2026-10-05T17:49:31+00:00
TECL,Direxion Daily Technology Bull 3x ETF,ARCA,True,True,True,250.0,99052912.75799999,452899.35,10.262178571428567,20,4.104871428571427,1285,2026-10-05T17:49:31+00:00
SCHR,Schwab Intermediately-Term U.S. Treasury ETF,ARCA,True,True,True,23.605,98936751.10525,4146865.05,0.10634285714285673,20,0.45050987986806496,1286,2026-10-05T17:49:31+00:00
BULL,Webull Corporation Class A Ordinary Shares,NASDAQ,True,True,True,7.265,98893448.69550002,12329554.95,0.41445,20,5.70474879559532,1287,2026-10-05T17:49:31+00:00
WMS,"ADVANCED DRAINAGE SYSTEMS, INC.",NYSE,True,True,True,131.02,98829699.96700001,770103.9,3.8400928571428556,20,2.9309211243648723,1288,2026-10-05T17:49:31+00:00
ENS,"EnerSys, Inc.",NYSE,True,True,True,195.7,98597032.8055,547773.05,5.147142857142853,20,2.630118986787355,1289,2026-10-05T17:49:31+00:00
TGTX,"TG Therapeutics, Inc. Common Stock",NASDAQ,True,True,True,54.32,98558998.01950002,1766244.2,2.288178571428568,20,4.212405322953917,1290,2026-10-05T17:49:31+00:00
OHI,Omega Healthcare Investors Inc.,NYSE,True,True,True,45.6,98459138.09549999,2111149.95,0.7366214285714291,20,1.6153978696741864,1291,2026-10-05T17:49:31+00:00
FCEL,"FuelCell Energy, Inc. Common Stock",NASDAQ,True,True,True,17.845,98409352.84025,5788834.6,1.2632928571428566,20,7.079253892646998,1292,2026-10-05T17:49:31+00:00
REG,Regency Centers Corporation Common Stock,NASDAQ,True,True,True,71.41,98280603.88849999,1337623.6,1.009992857142856,20,1.4143577330105814,1293,2026-10-05T17:49:31+00:00
LNTH,"Lantheus Holdings, Inc. Common Stock",NASDAQ,True,True,True,100.2,98203080.101,981019.65,0.4178571428571384,20,0.41702309666381077,1294,2026-10-05T17:49:31+00:00
MTDR,MATADOR RESOURCES COMPANY,NYSE,True,True,True,53.84,97954381.00850001,1746007.85,2.001142857142857,20,3.716832944173211,1295,2026-10-05T17:49:31+00:00
PRIM,Primoris Services Corporation,NYSE,True,True,True,80.555,97903590.77900001,1298194.65,3.266457142857141,20,4.054940280376315,1296,2026-10-05T17:49:31+00:00
SITE,"SiteOne Landscape Supply, Inc.",NYSE,True,True,True,88.08,97583387.1205,1066891.95,2.779549999999998,20,3.1557107175295167,1297,2026-10-05T17:49:31+00:00
WHR,Whirlpool Corp.,NYSE,True,True,True,30.305,97561059.63524999,2965022.8,1.3620928571428579,20,4.494614278643319,1298,2026-10-05T17:49:31+00:00
VEEA,Veea Inc. Common Stock,NASDAQ,False,False,True,5.335,97552043.46375,19908463.0,1.1698642857142858,20,21.928102825010043,1299,2026-10-05T17:49:31+00:00
VONG,Vanguard Scottsdale Funds Vanguard Russell 1000 Growth ETF,NASDAQ,True,True,True,132.065,97381005.9865,761999.25,1.6391357142857166,20,1.2411583040818661,1300,2026-10-05T17:49:31+00:00
ARE,"Alexandria Real Estate Equities, Inc.",NYSE,True,True,True,46.98,97190653.122,1899576.5,1.819749999999998,20,3.873456790123453,1301,2026-10-05T17:49:31+00:00
SCHO,Schwab Short-Term U.S. Treasury ETF,ARCA,True,True,True,23.8124,97012417.43822001,4060898.05,0.040714285714286244,20,0.17097934569504225,1302,2026-10-05T17:49:31+00:00
SPSM,State Street SPDR Portfolio S&P 600 Small Cap ETF,ARCA,True,True,True,54.17,96625155.6775,1782504.1,0.6683285714285709,20,1.233761438856509,1303,2026-10-05T17:49:31+00:00
FER,Ferrovial N.V. Ordinary Shares,NASDAQ,True,True,True,51.81,96442064.21249999,1754676.2,1.1243571428571433,20,2.170154686078254,1304,2026-10-05T17:49:31+00:00
ACI,"Albertsons Companies, Inc.",NYSE,True,True,True,11.59,96428583.316,7996847.15,0.3158214285714287,20,2.724947614938988,1305,2026-10-05T17:49:31+00:00
CRUS,"Cirrus Logic, Inc. Common Stock",NASDAQ,True,True,True,121.62,96038326.1305,811654.65,2.9179071428571413,20,2.3992000845725547,1306,2026-10-05T17:49:31+00:00
BCE,"BCE, Inc.",NYSE,True,True,True,19.625,95855057.91024998,4401094.05,0.47777857142857066,20,2.434540491355774,1307,2026-10-05T17:49:31+00:00
HRL,Hormel Foods Corporation,NYSE,True,True,True,20.2,95785110.21000001,4695001.35,0.42658571428571335,20,2.111810466760957,1308,2026-10-05T17:49:31+00:00
TSLQ,Investment Managers Series Trust II Tradr 2X Short TSLA Daily ETF,NASDAQ,True,True,True,16.8,95776084.7315,5242274.15,1.1947071428571425,20,7.111352040816324,1309,2026-10-05T17:49:31+00:00
ORA,"Ormat Technologies, Inc.",NYSE,True,True,True,91.42,95731505.18050002,1007399.6,3.008757142857139,20,3.2911366690627206,1310,2026-10-05T17:49:31+00:00
PCTY,Paylocity Holding Corporation Common Stock,NASDAQ,True,True,True,146.335,95729614.63975,663218.05,4.124014285714288,20,2.8182008991111407,1311,2026-10-05T17:49:31+00:00
STNG,Scorpio Tankers Inc.,NYSE,True,True,True,86.22,95647107.29349999,1130508.45,3.1606214285714276,20,3.665763661066374,1312,2026-10-05T17:49:31+00:00
ALSN,"ALLISON TRANSMISSION HOLDINGS, INC.",NYSE,True,True,True,118.035,95470666.90675,805026.0,3.9180142857142886,20,3.3193665317188024,1313,2026-10-05T17:49:31+00:00
HTFL,"Heartflow, Inc. Common Stock",NASDAQ,True,True,True,51.86,95405246.8705,1942522.5,2.2965000000000004,20,4.428268414963363,1314,2026-10-05T17:49:31+00:00
FLTW,Franklin FTSE Taiwan ETF,ARCA,False,False,True,114.025,95315303.82375,861448.0,2.1772571428571417,20,1.909455946377673,1315,2026-10-05T17:49:31+00:00
NNN,"NNN REIT, Inc.",NYSE,True,True,True,40.77,95296921.372,2281419.4,0.7511714285714289,20,1.8424611934545716,1316,2026-10-05T17:49:31+00:00
ACM,Aecom,NYSE,True,True,True,60.595,94942197.1545,1538996.15,1.983199999999999,20,3.2728773001072677,1317,2026-10-05T17:49:31+00:00
ARCC,Ares Capital Corporation Common Stock,NASDAQ,False,False,True,18.965,94939417.034,4901361.05,0.2945857142857139,20,1.553312492938117,1318,2026-10-05T17:49:31+00:00
PFF,iShares Trust iShares Preferred and Income Securities ETF,NASDAQ,True,True,True,29.475,94788858.48099999,3176576.7,0.24571428571428555,20,0.8336362534835811,1319,2026-10-05T17:49:31+00:00
IBP,"INSTALLED BUILDING PRODUCTS, INC.",NYSE,True,True,True,192.44,94687530.81750001,471042.4,8.107757142857144,20,4.213135077352496,1320,2026-10-05T17:49:31+00:00
KRYS,"Krystal Biotech, Inc. Common Stock",NASDAQ,True,True,True,334.57,94678413.33700001,279840.55,10.337278571428568,20,3.089720707603362,1321,2026-10-05T17:49:31+00:00
EMBJ,Embraer S.A. American Depositary Shares (Each representing Four Common Shares),NYSE,True,True,True,75.545,94410503.17175,1250287.5,2.542664285714286,20,3.3657611830224177,1322,2026-10-05T17:49:31+00:00
DHT,"DHT HOLDINGS, INC.",NYSE,True,True,True,23.934,94061586.98979999,4213533.9,0.9672142857142857,20,4.041172748868913,1323,2026-10-05T17:49:31+00:00
UEC,Uranium Energy Corp.,AMEX,True,True,True,9.454,93960665.50279999,9444712.9,0.5296428571428571,20,5.602314968720721,1324,2026-10-05T17:49:31+00:00
POWL,"Powell Industries, Inc. Common Stock",NASDAQ,True,True,True,197.385,93802544.40799999,510411.65,7.6957071428571435,20,3.898830783928436,1325,2026-10-05T17:49:31+00:00
PTEN,"Patterson-UTI Energy, Inc. Common Stock",NASDAQ,True,True,True,11.645,93621737.4615,7971886.65,0.4467857142857146,20,3.8367171686192756,1326,2026-10-05T17:49:31+00:00
AAOX,Tradr 2X Long AAOI Daily ETF,BATS,False,False,True,12.9301,93611665.43489501,9092129.15,1.36685,20,10.571070602702221,1327,2026-10-05T17:49:31+00:00
UMBF,UMB Financial Corporation Common Stock,NASDAQ,True,True,True,130.925,93521675.179,692241.55,2.8442785714285717,20,2.1724487847459013,1328,2026-10-05T17:49:31+00:00
BSP,Bending Spoons S.p.A. Ordinary Shares,NASDAQ,False,False,True,31.79,93470364.79775,2611130.7,2.073614285714286,20,6.522850851570576,1329,2026-10-05T17:49:31+00:00
CHDN,"Churchill Downs, Incorporated Common Stock",NASDAQ,True,True,True,79.05,93271547.1205,1163890.3,2.8965785714285692,20,3.664236016987438,1330,2026-10-05T17:49:31+00:00
ILF,iShares Latin America 40 ETF,ARCA,True,True,True,37.985,93247431.49,2640341.25,0.8203571428571433,20,2.159687094529797,1331,2026-10-05T17:49:31+00:00
ATRC,"AtriCure, Inc. Common Stock",NASDAQ,True,True,True,55.43,93232422.21724999,1639111.35,2.4778571428571436,20,4.47024561222649,1332,2026-10-05T17:49:31+00:00
SJNK,State Street SPDR Bloomberg Short Term High Yield Bond ETF,ARCA,True,True,True,24.115,93069192.37025002,3817860.55,0.1014214285714287,20,0.4205740351292918,1333,2026-10-05T17:49:31+00:00
CGNX,Cognex Corporation Common Stock,NASDAQ,True,True,True,65.09,93046390.4205,1531062.45,1.9499928571428582,20,2.995840923556396,1334,2026-10-05T17:49:31+00:00
ITGR,Integer Holdings Corporation,NYSE,True,True,True,126.51,92991330.21999997,736602.65,0.19214285714285598,20,0.15187958038325505,1335,2026-10-05T17:49:31+00:00
DFTX,"Definium Therapeutics, Inc. Common Shares",NASDAQ,True,True,True,36.405,92903419.79725,2429259.4,1.802785714285714,20,4.9520277826829115,1336,2026-10-05T17:49:31+00:00
AMZD,Direxion Shares ETF Trust Direxion Daily AMZN Bear 1X ETF,NASDAQ,False,False,True,8.59,92716365.185145,10665601.7,0.18017142857142865,20,2.0974555130550483,1337,2026-10-05T17:49:31+00:00
AAON,"AAON, Inc. Common Stock",NASDAQ,True,True,True,84.78,92513928.4495,1147886.0,3.9339285714285737,20,4.6401610892056775,1338,2026-10-05T17:49:31+00:00
RPM,"RPM International, Inc.",NYSE,True,True,True,97.42,92330575.39149998,926017.6,2.4392714285714296,20,2.5038713083262465,1339,2026-10-05T17:49:31+00:00
LABU,Direxion Daily S&P Biotech Bull 3X ETF,ARCA,False,False,True,255.185,92294038.0605,351996.85,20.438142857142854,20,8.009147425257305,1340,2026-10-05T17:49:31+00:00
ALM,Almonty Industries Inc. Common Shares,NASDAQ,True,True,True,13.505,92262638.806,6324724.5,0.9446428571428571,20,6.994763844078912,1341,2026-10-05T17:49:31+00:00
AIT,"Applied Industrial Technologies, Inc.",NYSE,True,True,True,351.14,92214637.357,282278.75,7.848928571428575,20,2.2352704253085878,1342,2026-10-05T17:49:31+00:00
MSM,"MSC Industrial Direct Co., Inc. Class A",NYSE,True,True,True,130.665,92113941.692,751142.75,3.136428571428572,20,2.400358605157136,1343,2026-10-05T17:49:31+00:00
PZA,Invesco National AMT-Free Municipal Bond ETF,ARCA,False,False,True,21.295,91744118.507,4221321.75,0.23099285714285753,20,1.0847281387314276,1344,2026-10-05T17:49:31+00:00
BOOT,"Boot Barn Holdings, Inc.",NYSE,True,True,True,121.95,91578633.27149998,715765.85,4.69339285714286,20,3.848620629063436,1345,2026-10-05T17:49:31+00:00
OSK,Oshkosh Corp.,NYSE,True,True,True,135.13,91459369.0955,660623.0,4.57589285714286,20,3.386289393282661,1346,2026-10-05T17:49:31+00:00
ALGM,"Allegro MicroSystems, Inc. Common Stock",NASDAQ,True,True,True,38.73,91081383.9805,2535245.3,1.6260857142857137,20,4.198517207037733,1347,2026-10-05T17:49:31+00:00
SEIC,SEI Investments Company Common Stock,NASDAQ,True,True,True,103.27,90931407.66650002,865406.15,2.407499999999998,20,2.331267551079692,1348,2026-10-05T17:49:31+00:00
JPIE,JPMorgan Income ETF,ARCA,True,True,True,44.625,90857809.25474998,2012686.0,0.15391428571428584,20,0.3449059623849543,1349,2026-10-05T17:49:31+00:00
SIVR,abrdn Physical Silver Shares ETF,ARCA,True,True,True,57.905,90791880.27900001,1520222.6,1.7246357142857147,20,2.9783882467588545,1350,2026-10-05T17:49:31+00:00
CE,Celanese Corporation Common Stock,NYSE,True,True,True,45.87,90721080.854,1976167.35,1.9070928571428567,20,4.157603787100189,1351,2026-10-05T17:49:31+00:00
MT,ArcelorMittal,NYSE,True,True,True,65.06,90502150.96600002,1283769.55,1.9924999999999982,20,3.0625576391023643,1352,2026-10-05T17:49:31+00:00
RELY,"Remitly Global, Inc. Common Stock",NASDAQ,True,True,True,22.885,90436307.19325,4133938.35,0.9522071428571431,20,4.1608352320609265,1353,2026-10-05T17:49:31+00:00
BEX,Tradr 2X Long BE Daily ETF,BATS,False,False,True,38.985,90421135.17325,2467382.4,5.377214285714284,20,13.79303395078693,1354,2026-10-05T17:49:31+00:00
SARO,"StandardAero, Inc.",NYSE,True,True,True,21.04,90420704.71200001,4007094.55,0.6849285714285713,20,3.2553639326453014,1355,2026-10-05T17:49:31+00:00
LYG,Lloyds Banking Group PLC,NYSE,True,True,True,5.485,90362208.115,15685228.0,0.12548571428571442,20,2.2877978903503084,1356,2026-10-05T17:49:31+00:00
VXF,Vanguard Extended Market ETF,ARCA,True,True,True,237.52,90239070.8725,383225.05,3.029285714285718,20,1.275381321272195,1357,2026-10-05T17:49:31+00:00
SPTI,State Street SPDR Portfolio Intermediate Term Treasury ETF,ARCA,True,True,True,27.165,90018842.57675001,3280601.75,0.12331428571428583,20,0.45394546554126936,1358,2026-10-05T17:49:31+00:00
BOND,PIMCO Active Bond Exchange-Traded Fund,NYSE,True,True,True,86.22,89949542.0225,1022306.95,0.5531428571428572,20,0.6415481989594725,1359,2026-10-05T17:49:31+00:00
QGEN,QIAGEN N.V.,NYSE,True,True,True,45.495,89933558.02,2056873.8,1.417142857142858,20,3.11494198734555,1360,2026-10-05T17:49:31+00:00
SHAK,Shake Shack Inc.,NYSE,True,True,True,62.56,89918641.26099999,1517772.8,2.4582071428571437,20,3.92935924369748,1361,2026-10-05T17:49:31+00:00
UVIX,2x Long VIX Futures ETF,BATS,False,False,True,34.84,89906199.33124998,2361234.95,2.0311,20,5.82979334098737,1362,2026-10-05T17:49:31+00:00
BPOP,"Popular, Inc. Common Stock",NASDAQ,True,True,True,159.47,89894821.48550001,558016.65,2.8580642857142897,20,1.7922269302779767,1363,2026-10-05T17:49:31+00:00
ARQT,"Arcutis Biotherapeutics, Inc. Common Stock",NASDAQ,True,True,True,25.35,89811412.016,3510595.35,1.4771428571428569,20,5.82699351930121,1364,2026-10-05T17:49:31+00:00
DFCF,Dimensional Core Fixed Income ETF,ARCA,True,True,True,40.015,89805897.0345,2219554.75,0.23319285714285698,20,0.5827636065047032,1365,2026-10-05T17:49:31+00:00
LITX,Tradr 2X Long LITE Daily ETF,BATS,False,False,True,42.8191,89774153.96698,2703493.8,4.341614285714285,20,10.139433770710465,1366,2026-10-05T17:49:31+00:00
CALM,"Cal-Maine Foods, Inc. Common Stock",NASDAQ,True,True,True,65.48,89753898.637,1277179.75,2.359585714285718,20,3.6035212496727516,1367,2026-10-05T17:49:31+00:00
CRGY,Crescent Energy Company,NYSE,True,True,True,13.685,89730606.21425,6484190.9,0.49957857142857137,20,3.650555874523722,1368,2026-10-05T17:49:31+00:00
HRB,"H&R Block, Inc.",NYSE,True,True,True,42.17,89674941.0755,2062318.9,1.4553214285714284,20,3.4510823537382698,1369,2026-10-05T17:49:31+00:00
EWA,iShares MSCI Australia ETF,ARCA,False,False,True,28.365,89629628.11925,3117221.4,0.4062285714285717,20,1.432147263982273,1370,2026-10-05T17:49:31+00:00
NBIL,GraniteShares ETF Trust GraniteShares 2x Long NBIS Daily ETF,NASDAQ,False,False,True,25.7,89585325.449,3543168.2,3.319478571428571,20,12.916259032795995,1371,2026-10-05T17:49:31+00:00
CRSP,CRISPR Therapeutics AG Common Shares,NASDAQ,True,True,True,55.79,89161248.47075,1613666.7,3.0825500000000003,20,5.5252733464778645,1372,2026-10-05T17:49:31+00:00
KYMR,"Kymera Therapeutics, Inc. Common Stock",NASDAQ,True,True,True,106.695,89151164.37224999,778033.9,5.089557142857144,20,4.7701927389822805,1373,2026-10-05T17:49:31+00:00
DFAC,U.S. Core Equity 2 Portfolio ETF Class Shares,ARCA,False,False,True,45.2871,88956431.34704499,1980848.1,0.41031428571428713,20,0.9060290584168275,1374,2026-10-05T17:49:31+00:00
BEKE,KE Holdings Inc. American Depositary Shares (each representing three Class A Ordinary Shares),NYSE,True,True,True,16.47,88930138.48050001,5363697.8,0.40642857142857164,20,2.4676901726082066,1375,2026-10-05T17:49:31+00:00
GRID,First Trust NASDAQ Clean Edge Smart Grid Infrastructure Index Fund,NASDAQ,True,True,True,182.365,88751148.002,497723.65,2.899542857142858,20,1.5899667464386573,1376,2026-10-05T17:49:31+00:00
FBIN,"Fortune Brands Innovations, Inc.",NYSE,True,True,True,38.86,88706970.97199997,2249458.55,1.3874999999999993,20,3.5705095213587215,1377,2026-10-05T17:49:31+00:00
KBH,KB Home,NYSE,True,True,True,45.05,88691746.47900002,1847754.45,1.5378714285714277,20,3.413699064531471,1378,2026-10-05T17:49:31+00:00
BXP,"BXP, Inc.",NYSE,True,True,True,59.825,88615275.1755,1403782.95,1.351064285714285,20,2.258360694883886,1379,2026-10-05T17:49:31+00:00
CTRE,"CareTrust REIT, Inc",NYSE,True,True,True,36.45,88526592.833,2358048.0,0.6121071428571432,20,1.679306290417402,1380,2026-10-05T17:49:31+00:00
VYMI,Vanguard Whitehall Funds Vanguard International High Dividend Yield ETF,NASDAQ,True,True,True,100.995,88322226.70725001,855828.75,1.1938571428571447,20,1.1820952946751273,1381,2026-10-05T17:49:31+00:00
OUST,"Ouster, Inc. Common Stock",NASDAQ,True,True,True,44.36,88206845.27050002,2272213.2,2.683064285714285,20,6.048386577354114,1382,2026-10-05T17:49:31+00:00
NVDX,T-Rex 2X Long NVIDIA Daily Target ETF,BATS,False,False,True,22.4,88190416.8145,4400187.45,0.9194071428571432,20,4.104496173469389,1383,2026-10-05T17:49:31+00:00
WRBY,Warby Parker Inc.,NYSE,True,True,True,26.045,88189831.408,3495920.95,1.7428571428571424,20,6.691714889065627,1384,2026-10-05T17:49:31+00:00
BSY,"Bentley Systems, Incorporated Class B Common Stock",NASDAQ,True,True,True,34.495,88184965.95500001,2753271.75,1.2507142857142861,20,3.6257842751537503,1385,2026-10-05T17:49:31+00:00
PVAL,Putnam Focused Large Cap Value ETF,ARCA,True,True,True,53.185,88137608.90725002,1653760.9,0.4645857142857141,20,0.8735277132381576,1386,2026-10-05T17:49:31+00:00
SPHQ,Invesco S&P 500 Quality ETF,ARCA,True,True,True,85.385,88023548.03125,1044279.1,0.8472285714285712,20,0.9922452086766658,1387,2026-10-05T17:49:31+00:00
VVV,Valvoline Inc.,NYSE,True,True,True,30.36,88001476.3645,3038976.5,1.0522571428571426,20,3.46593261810653,1388,2026-10-05T17:49:31+00:00
AUGO,Aura Minerals Inc. Common Shares,NASDAQ,True,True,True,84.42,87956929.44500001,1026286.45,4.510628571428572,20,5.343080515788405,1389,2026-10-05T17:49:31+00:00
ORKA,"Oruka Therapeutics, Inc. Common Stock",NASDAQ,True,True,True,83.93,87953381.853,978771.85,4.339992857142858,20,5.170967302684209,1390,2026-10-05T17:49:31+00:00
KOLD,ProShares UltraShort Bloomberg Natural Gas,ARCA,False,False,True,27.455,87862100.35900001,3237842.6,1.945185714285714,20,7.084996227593204,1391,2026-10-05T17:49:31+00:00
BOX,"BOX, INC.",NYSE,True,True,True,35.21,87645545.379,2602924.95,1.0706428571428557,20,3.040735180752217,1392,2026-10-05T17:49:31+00:00
DNTH,"Dianthus Therapeutics, Inc. Common Stock",NASDAQ,True,True,True,88.7,87583606.48599999,905348.7,4.712135714285714,20,5.312441617007569,1393,2026-10-05T17:49:31+00:00
WAL,Western Alliance Bancorporation,NYSE,True,True,True,76.675,87488501.25599998,1126246.85,2.2485714285714287,20,2.932600493735153,1394,2026-10-05T17:49:31+00:00
PAG,"Penske Automotive Group, Inc.",NYSE,True,True,True,200.845,87457592.98475,417034.6,3.7123357142857167,20,1.848358542301634,1395,2026-10-05T17:49:31+00:00
EUFN,iShares MSCI Europe Financials ETF,NASDAQ,True,True,True,39.135,87414997.938,2139065.0,0.7046071428571439,20,1.8004526456040473,1396,2026-10-05T17:49:31+00:00
GPIQ,Goldman Sachs ETF Trust Goldman Sachs Nasdaq-100 Premium Income ETF,NASDAQ,True,True,True,58.395,87356297.947,1522077.5,0.5988500000000008,20,1.0255158832091802,1397,2026-10-05T17:49:31+00:00
IDA,"IDACORP, Inc.",NYSE,True,True,True,133.1,87298095.5855,660345.35,2.3314214285714283,20,1.7516314264248145,1398,2026-10-05T17:49:31+00:00
ACMR,"ACM Research, Inc. Class A Common Stock",NASDAQ,True,True,True,78.01,87280134.3195,1159464.1,4.733964285714286,20,6.068406980790009,1399,2026-10-05T17:49:31+00:00
DX,"Dynex Capital, Inc.",NYSE,True,True,True,10.92,87021472.3795,7361442.9,0.29190714285714275,20,2.6731423338566187,1400,2026-10-05T17:49:31+00:00
INSW,"International Seaways, Inc. Common Stock",NYSE,True,True,True,117.37,86849689.86500001,803780.0,4.867864285714282,20,4.147451892062948,1401,2026-10-05T17:49:31+00:00
ICSH,iShares Ultra Short Duration Bond Active ETF,BATS,True,True,True,50.275,86722516.84825,1721879.55,0.035749999999999664,20,0.07110890104425592,1402,2026-10-05T17:49:31+00:00
CLMT,"Calumet, Inc. Common Stock",NASDAQ,True,True,True,55.7662,86651456.21856001,1557984.2,2.5088500000000002,20,4.498872076634234,1403,2026-10-05T17:49:31+00:00
IWY,iShares Russell Top 200 Growth ETF,ARCA,True,True,True,301.64,86643065.562,296066.95,3.8067785714285702,20,1.2620271089472783,1404,2026-10-05T17:49:31+00:00
BBJP,JPMorgan BetaBuilders Japan ETF,BATS,True,True,True,79.84,86488429.685,1099002.1,1.231571428571431,20,1.5425493844832552,1405,2026-10-05T17:49:31+00:00
OGE,OGE Energy Corp.,NYSE,True,True,True,45.18,86098082.7395,1889330.4,0.7725000000000003,20,1.7098273572377163,1406,2026-10-05T17:49:31+00:00
YOU,"Clear Secure, Inc.",NYSE,True,True,True,40.87,86029222.76249999,2119005.9,1.616692857142856,20,3.9556957600754985,1407,2026-10-05T17:49:31+00:00
FOUR,"Shift4 Payments, Inc.",NYSE,True,True,True,37.34,85733303.353,2161639.15,1.7289285714285707,20,4.630231846353965,1408,2026-10-05T17:49:31+00:00
JMST,JPMorgan Ultra-Short Municipal Income ETF,ARCA,False,False,True,50.565,85694298.10812502,1691279.6,0.05999285714285766,20,0.11864502549759252,1409,2026-10-05T17:49:31+00:00
QTEC,First Trust NASDAQ-100-Technology Sector Index Fund,NASDAQ,True,True,True,337.91,85674728.435,262343.5,5.592142857142851,20,1.6549207946325504,1410,2026-10-05T17:49:31+00:00
RSI,"Rush Street Interactive, Inc.",NYSE,True,True,True,21.35,85670585.104,3846717.85,1.238571428571428,20,5.801271328203409,1411,2026-10-05T17:49:31+00:00
AAPD,Direxion Shares ETF Trust Direxion Daily AAPL Bear 1X ETF,NASDAQ,False,False,True,10.29,85588513.685235,8153386.15,0.20870000000000008,20,2.0281827016520904,1412,2026-10-05T17:49:31+00:00
SPTS,State Street SPDR Portfolio Short Term Treasury ETF,ARCA,True,True,True,28.6018,85520365.46061,2981640.05,0.05035714285714299,20,0.1760628451955576,1413,2026-10-05T17:49:31+00:00
RYAAY,Ryanair Holdings plc American Depositary Shares,NASDAQ,True,True,True,54.67,85504637.492,1582405.85,1.2550000000000001,20,2.295591732211451,1414,2026-10-05T17:49:31+00:00
IEUR,iShares Core MSCI Europe ETF,ARCA,True,True,True,73.215,85462642.69875,1141138.85,0.9271357142857143,20,1.266319352981922,1415,2026-10-05T17:49:31+00:00
SCHM,Schwab U.S. Mid-Cap ETF,ARCA,True,True,True,34.865,85266247.25649999,2457028.8,0.42061428571428444,20,1.206408391551081,1416,2026-10-05T17:49:31+00:00
WH,"Wyndham Hotels & Resorts, Inc. Common Stock",NYSE,True,True,True,72.04,85221109.22400002,1228857.2,2.066249999999999,20,2.868198223209326,1417,2026-10-05T17:49:31+00:00
MCHI,iShares MSCI China ETF,NASDAQ,True,True,True,52.205,85219204.01500002,1614373.75,0.6667857142857139,20,1.2772449272784483,1418,2026-10-05T17:49:31+00:00
VMI,"Valmont Industries, Inc.",NYSE,True,True,True,481.645,85190938.319,180514.15,10.951957142857143,20,2.2738650132062292,1419,2026-10-05T17:49:31+00:00
VOYG,"Voyager Technologies, Inc.",NYSE,True,True,True,30.28,85177076.653,2609733.3,2.5110642857142866,20,8.292814682015477,1420,2026-10-05T17:49:31+00:00
MAC,The Macerich Company,NYSE,True,True,True,23.025,84977450.91749999,3735283.25,0.4378428571428576,20,1.9015976423142567,1421,2026-10-05T17:49:31+00:00
RDVY,First Trust Rising Dividend Achievers ETF,NASDAQ,True,True,True,79.535,84897087.46949999,1068771.2,0.8538571428571393,20,1.07356150481818,1422,2026-10-05T17:49:31+00:00
FNDE,Schwab Fundamental Emerging Markets Equity ETF,ARCA,True,True,True,42.95,84818390.8715,2005248.75,0.45644285714285715,20,1.0627307500415766,1423,2026-10-05T17:49:31+00:00
AXTX,Tradr 2X Long AXTI Daily ETF,BATS,False,False,True,42.22,84586984.675,2715585.3,5.863057142857144,20,13.886918860391152,1424,2026-10-05T17:49:31+00:00
UUUU,Energy Fuels Inc.,AMEX,True,True,True,10.685,84567759.051,7079970.3,0.5064928571428569,20,4.740223276957013,1425,2026-10-05T17:49:31+00:00
CVLT,"Commvault Systems, Inc. Common Stock",NASDAQ,True,True,True,152.63,84521989.67850001,585709.5,5.661021428571439,20,3.708983442685867,1426,2026-10-05T17:49:31+00:00
VNOM,"Viper Energy, Inc. Class A Common Stock",NASDAQ,True,True,True,41.185,84280198.82525,2000199.0,1.1119857142857146,20,2.699977453649908,1427,2026-10-05T17:49:31+00:00
MANE,"Veradermics, Incorporated",NYSE,True,True,True,118.8475,84111529.34862502,760026.35,6.291235714285714,20,5.293536434746809,1428,2026-10-05T17:49:31+00:00
ZCSH,The Zcash ETF,ARCA,False,False,True,35.04,83949481.71599999,2319396.65,3.3928571428571423,20,9.682811480756685,1429,2026-10-05T17:49:31+00:00
RGA,"Reinsurance Group of America, Incorporated",NYSE,True,True,True,252.195,83866788.8845,338707.05,5.209278571428568,20,2.0655756741523694,1430,2026-10-05T17:49:31+00:00
AOS,A.O. Smith Corporation,NYSE,True,True,True,57.04,83847179.6165,1462103.6,1.2274214285714276,20,2.1518608495291507,1431,2026-10-05T17:49:31+00:00
DEO,Diageo plc,NYSE,True,True,True,83.78,83822017.278,972051.7,1.4007142857142847,20,1.6718957814684705,1432,2026-10-05T17:49:31+00:00
FIVN,"Five9, Inc. Common Stock",NASDAQ,True,True,True,35.0,83705075.781,2411774.1,2.198578571428571,20,6.281653061224489,1433,2026-10-05T17:49:31+00:00
WIX,Wix.com Ltd. Ordinary Shares,NASDAQ,True,True,True,74.03,83517933.8615,1087596.9,4.7687214285714274,20,6.441606684548734,1434,2026-10-05T17:49:31+00:00
AIRR,First Trust Exchange-Traded Fund VI First Trust RBA American Industrial Renaissance ETF,NASDAQ,True,True,True,106.81,83495406.11774999,790803.45,2.008721428571429,20,1.8806492169005047,1435,2026-10-05T17:49:31+00:00
XMTR,"Xometry, Inc. Class A Common Stock",NASDAQ,True,True,True,106.32,83354774.01925,858207.25,5.626599999999999,20,5.292136945071482,1436,2026-10-05T17:49:31+00:00
RYAN,"Ryan Specialty Holdings, Inc.",NYSE,True,True,True,38.22,83229193.155,2148423.1,1.4514214285714278,20,3.7975442924422493,1437,2026-10-05T17:49:31+00:00
WFRD,Weatherford International plc Ordinary Shares,NASDAQ,True,True,True,82.4,83013277.0925,986998.1,2.9371428571428564,20,3.564493758668515,1438,2026-10-05T17:49:31+00:00
CELC,Celcuity Inc. Common Stock,NASDAQ,True,True,True,73.31,82945024.84850001,1024283.95,4.4704,20,6.097940253717091,1439,2026-10-05T17:49:31+00:00
VPU,Vanguard Utilities ETF,ARCA,True,True,True,173.49,82682898.65249999,469371.85,2.3385000000000065,20,1.347916306415359,1440,2026-10-05T17:49:31+00:00
HQY,"HealthEquity, Inc. Common Stock",NASDAQ,True,True,True,90.82,82672503.89250001,899239.95,2.3624214285714262,20,2.6012127599333037,1441,2026-10-05T17:49:31+00:00
TTC,Toro Company (The),NYSE,True,True,True,99.92,82665860.088,873016.85,2.0146857142857146,20,2.0162987532883454,1442,2026-10-05T17:49:31+00:00
MPLX,MPLX LP,NYSE,True,True,True,57.33,82576985.85099998,1418684.95,1.2024928571428564,20,2.0974932097381065,1443,2026-10-05T17:49:31+00:00
CPRI,Capri Holdings Limited,NYSE,True,True,True,14.475,82495829.70899999,5731557.05,0.7628571428571427,20,5.270170244263507,1444,2026-10-05T17:49:31+00:00
EXP,"Eagle Materials, Inc.",NYSE,True,True,True,171.355,82460004.23275,460671.9,4.659642857142866,20,2.719292029495997,1445,2026-10-05T17:49:31+00:00
COLB,"Columbia Banking System, Inc. Common Stock",NASDAQ,True,True,True,29.075,82247403.75225,2783699.65,0.6292857142857137,20,2.1643532735536155,1446,2026-10-05T17:49:31+00:00
PTCT,"PTC Therapeutics, Inc. Common Stock",NASDAQ,True,True,True,64.06,82232885.26250002,1256898.15,2.1494500000000003,20,3.355369965657197,1447,2026-10-05T17:49:31+00:00
CCC,CCC Intelligent Solutions Holdings Inc. Common Stock,NASDAQ,True,True,True,6.545,82218234.11775,12301056.8,0.2810642857142857,20,4.2943359161846555,1448,2026-10-05T17:49:31+00:00
VONV,Vanguard Scottsdale Funds Vanguard Russell 1000 Value ETF,NASDAQ,True,True,True,109.855,82159251.178565,744966.6,0.9280428571428588,20,0.8447889100567646,1449,2026-10-05T17:49:31+00:00
SCHI,Schwab 5-10 Year Corporate Bond ETF,ARCA,True,True,True,21.3029,82033846.067365,3788757.7,0.12458571428571423,20,0.5848298320215286,1450,2026-10-05T17:49:31+00:00
BETA,"Beta Technologies, Inc.",NYSE,True,True,True,21.29,82033215.4585,3817573.55,1.6021285714285711,20,7.525263369791316,1451,2026-10-05T17:49:31+00:00
LNC,Lincoln National Corp.,NYSE,True,True,True,41.11,81844492.70500001,1948269.4,1.1046142857142855,20,2.6869722347708236,1452,2026-10-05T17:49:31+00:00
LUMN,"Lumen Technologies, Inc.",NYSE,True,True,True,5.665,81787600.99775,13032241.2,0.27497857142857146,20,4.85399066952465,1453,2026-10-05T17:49:31+00:00
GIL,Gildan Activewear Inc.,NYSE,True,True,True,40.42,81737230.987,1867989.95,1.8778500000000002,20,4.6458436417615045,1454,2026-10-05T17:49:31+00:00
PB,Prosperity Bancshares Inc,NYSE,True,True,True,67.735,81695306.48274998,1186141.55,1.2753500000000042,20,1.8828522920203798,1455,2026-10-05T17:49:31+00:00
EMN,Eastman Chemical Company,NYSE,True,True,True,65.49,81685945.6805,1232100.25,1.6247000000000007,20,2.480836768972363,1456,2026-10-05T17:49:31+00:00
VOE,Vanguard Morningstar Mid-Cap Value ETF,ARCA,True,True,True,199.5284,81501478.46042,406249.95,1.9748857142857108,20,0.9897767507210556,1457,2026-10-05T17:49:31+00:00
VERA,"Vera Therapeutics, Inc. Class A Common Stock",NASDAQ,True,True,True,29.43,81366911.42625001,2431606.1,1.9696357142857137,20,6.692612009125769,1458,2026-10-05T17:49:31+00:00
BNTX,BioNTech SE American Depositary Share,NASDAQ,True,True,True,98.55,81327945.8935,829598.75,2.944592857142859,20,2.9879176632601308,1459,2026-10-05T17:49:31+00:00
ALV,"Autoliv, Inc.",NYSE,True,True,True,112.94,81326403.018,699271.85,2.6699999999999986,20,2.3640871259075604,1460,2026-10-05T17:49:31+00:00
VCTR,"Victory Capital Holdings, Inc. Class A Common Stock",NASDAQ,True,True,True,114.38,81287566.7365,750212.45,3.7291642857142873,20,3.2603289785926624,1461,2026-10-05T17:49:31+00:00
SIL,Global X Silver Miners ETF (NEW),ARCA,True,True,True,86.265,81272281.2335,883698.65,3.3597714285714266,20,3.89470982272234,1462,2026-10-05T17:49:31+00:00
WK,Workiva Inc.,NYSE,True,True,True,71.91,81269131.7035,1143079.3,3.193635714285717,20,4.441156604485769,1463,2026-10-05T17:49:31+00:00
PENG,"Penguin Solutions, Inc. Common Stock",NASDAQ,True,True,True,61.73,81146621.131,1496494.1,3.132878571428571,20,5.075131332299645,1464,2026-10-05T17:49:31+00:00
RARE,Ultragenyx Pharmaceutical Inc. Common Stock,NASDAQ,True,True,True,14.785,81006082.286,5576344.8,0.8967285714285715,20,6.065123919029905,1465,2026-10-05T17:49:31+00:00
OEF,iShares S&P 100 ETF,ARCA,True,True,True,387.4265,80944437.77600001,211885.4,3.9714571428571372,20,1.025086601679838,1466,2026-10-05T17:49:31+00:00
GOOGN,Alphabet Inc. Depositary Shares representing a 1/20th Interest in a Share of Series B Mandatory Convertible Preferred Stock,NASDAQ,True,True,True,48.89,80927029.6025,1665910.45,0.8865000000000006,20,1.8132542442217237,1467,2026-10-05T17:49:31+00:00
SHAZ,"SharonAI Holdings, Inc. Class A Common Stock",NASDAQ,True,True,True,46.88,80640656.05450001,1465146.85,4.279199999999999,20,9.127986348122864,1468,2026-10-05T17:49:31+00:00
BYD,Boyd Gaming Corporation,NYSE,True,True,True,70.03,80484821.162,1117388.55,1.9675000000000031,20,2.809510209910043,1469,2026-10-05T17:49:31+00:00
AVS,Direxion Shares ETF Trust Direxion Daily AVGO Bear 1X ETF,NASDAQ,False,False,True,7.9506,80347476.11262003,9808896.25,0.2292857142857143,20,2.883879383766185,1470,2026-10-05T17:49:31+00:00
IYT,iShares U.S. Transportation ETF,BATS,False,False,True,80.09,80312628.01249999,999498.6,1.1146428571428564,20,1.3917378663289504,1471,2026-10-05T17:49:31+00:00
BILL,"BILL Holdings, Inc.",NYSE,True,True,True,44.05,80304157.072,1734290.1,1.752278571428572,20,3.9779309226528308,1472,2026-10-05T17:49:31+00:00
UI,Ubiquiti Inc. Common Stock,NYSE,True,True,True,617.375,80290358.89899999,141930.35,20.019078571428565,20,3.2426124432360504,1473,2026-10-05T17:49:31+00:00
EWW,iShares MSCI Mexico ETF,ARCA,False,False,True,71.61,80229693.407,1097565.65,1.4600000000000009,20,2.0388213936601045,1474,2026-10-05T17:49:31+00:00
EZU,iShare MSCI Eurozone ETF of ISHARES INC.,BATS,True,True,True,66.7,80225490.0515,1177602.45,0.9674999999999991,20,1.4505247376311832,1475,2026-10-05T17:49:31+00:00
VIST,Vista Energy S.A.B. de C.V.,NYSE,True,True,True,66.69,80206358.28150001,1112120.35,2.474635714285714,20,3.710654842233789,1476,2026-10-05T17:49:31+00:00
CRML,Critical Metals Corp. Ordinary Shares,NASDAQ,False,False,True,7.28,80120960.96300001,10049659.7,0.7187142857142856,20,9.872448979591836,1477,2026-10-05T17:49:31+00:00
IQLT,iShares MSCI Intl Quality Factor ETF,ARCA,True,True,True,49.635,79959613.81025,1598836.75,0.5400285714285715,20,1.08799953949546,1478,2026-10-05T17:49:31+00:00
FCFS,"FirstCash Holdings, Inc. Common Stock",NASDAQ,True,True,True,211.965,79828067.24200001,364301.5,5.285714285714284,20,2.493673146847019,1479,2026-10-05T17:49:31+00:00
CGMU,Capital Group Municipal Income ETF,ARCA,False,False,True,25.985,79770036.102,3042981.9,0.15522142857142843,20,0.5973501195744793,1480,2026-10-05T17:49:31+00:00
SDGR,"Schrodinger, Inc. Common Stock",NASDAQ,True,True,True,32.165,79679611.91849999,2795968.2,2.34875,20,7.302191823410539,1481,2026-10-05T17:49:31+00:00
SSRM,SSR Mining Inc. Common Stock,NASDAQ,True,True,True,33.61,79580803.07699999,2237636.4,1.4266214285714278,20,4.244633824967057,1482,2026-10-05T17:49:31+00:00
FNGU,"MicroSectors FANG+ 3x Leveraged ETNs due February 17, 2045",ARCA,False,False,True,35.85,79566838.899,2351394.5,1.4542571428571431,20,4.056505279936243,1483,2026-10-05T17:49:31+00:00
COCO,"The Vita Coco Company, Inc. Common Stock",NASDAQ,True,True,True,55.41,79499951.45075,1428006.2,2.4382142857142854,20,4.40031453837626,1484,2026-10-05T17:49:31+00:00
SONY,Sony Group Corporation American Depositary Shares (Each Representing One Share of Dollar Validated Common Stock),NYSE,True,True,True,23.515,79449946.3285,3368538.8,0.42878571428571455,20,1.823456152607759,1485,2026-10-05T17:49:31+00:00
LEA,Lear Corporation,NYSE,True,True,True,121.64,79373347.706,646486.35,3.653892857142858,20,3.003857988443652,1486,2026-10-05T17:49:31+00:00
CHE,Chemed Corporation,NYSE,True,True,True,508.92,79294223.071,156292.0,11.99607142857142,20,2.3571625065966004,1487,2026-10-05T17:49:31+00:00
SPHR,Sphere Entertainment Co.,NYSE,True,True,True,113.37,79239341.28950001,582844.35,6.8139285714285736,20,6.010345392457063,1488,2026-10-05T17:49:31+00:00
ETH,Grayscale Ethereum Staking Mini ETF Shares,ARCA,True,True,True,25.735,79209148.68349999,3211856.65,0.8019428571428566,20,3.1161564295428663,1489,2026-10-05T17:49:31+00:00
FTXN,First Trust Exchange-Traded Fund VI First Trust Nasdaq Oil & Gas ETF,NASDAQ,False,False,True,39.75,79138305.96373,2046725.0,0.7916500000000006,20,1.9915723270440266,1490,2026-10-05T17:49:31+00:00
FNB,F.N.B. Corp,NYSE,True,True,True,17.525,79105307.08150001,4464170.35,0.338221428571429,20,1.9299368249439601,1491,2026-10-05T17:49:31+00:00
LFUS,"Littelfuse, Inc. Common Stock",NASDAQ,True,True,True,456.105,79021651.69525,189391.0,13.127157142857142,20,2.8780998109771088,1492,2026-10-05T17:49:31+00:00
ZROZ,PIMCO 25+ Year Zero Coupon U.S. Treasury Index Exchange-Traded Fund,ARCA,True,True,True,52.45,78944145.51250002,1405504.75,1.0752857142857155,20,2.050115756502794,1493,2026-10-05T17:49:31+00:00
LW,"Lamb Weston Holdings, Inc.",NYSE,True,True,True,44.17,78759006.28250001,1743008.05,1.5735714285714282,20,3.56253436398331,1494,2026-10-05T17:49:31+00:00
IUSG,iShares Core S&P U.S. Growth ETF,NASDAQ,True,True,True,197.95,78740746.72942,409225.2,2.215128571428575,20,1.1190343881932687,1495,2026-10-05T17:49:31+00:00
SCI,Service Corporation International,NYSE,True,True,True,76.97,78703401.95699999,1002042.55,1.4485642857142855,20,1.8819855602368267,1496,2026-10-05T17:49:31+00:00
CFR,Cullen/Frost Bankers Inc.,NYSE,True,True,True,154.805,78670743.242,495781.0,2.922850000000001,20,1.8880850101740905,1497,2026-10-05T17:49:31+00:00
HXL,Hexcel Corporation,NYSE,True,True,True,86.33,78603772.66349998,895998.6,2.4261285714285705,20,2.810296040111862,1498,2026-10-05T17:49:31+00:00
DFIV,Dimensional International Value ETF,ARCA,True,True,True,55.645,78402890.82324998,1371271.25,0.6712357142857154,20,1.2062821714183043,1499,2026-10-05T17:49:31+00:00
URBN,"Urban Outfitters, Inc. Common Stock",NASDAQ,True,True,True,81.3,78377408.943,1022521.5,2.134521428571432,20,2.625487612018982,1500,2026-10-05T17:49:31+00:00
TNGX,"Tango Therapeutics, Inc.",NASDAQ,True,True,True,22.89,78364145.16999999,3279841.0,1.6286071428571431,20,7.1149285402234295,1501,2026-10-05T17:49:31+00:00
SBET,"SharpLink, Inc. Common Stock",NASDAQ,True,True,True,9.46,78363274.10800001,8464356.7,0.5955357142857144,20,6.295303533675627,1502,2026-10-05T17:49:31+00:00
LGND,Ligand Pharmaceuticals Incorporated Common Stock,NASDAQ,True,True,True,309.68,78148686.59850001,264340.7,9.565564285714297,20,3.088854393475296,1503,2026-10-05T17:49:31+00:00
VRNS,"Varonis Systems, Inc. Common Stock",NASDAQ,True,True,True,47.76,78075418.73775,1658556.2,1.752607142857143,20,3.6696129456807856,1504,2026-10-05T17:49:31+00:00
PARR,"Par Pacific Holdings, Inc. Common Stock",NYSE,True,True,True,87.31,78032005.521,951371.0,4.421835714285716,20,5.064523782253712,1505,2026-10-05T17:49:31+00:00
TIGO,Millicom International Cellular S.A. Common Stock,NASDAQ,True,True,True,91.1951,77939042.005645,844407.55,3.181064285714286,20,3.488196499279332,1506,2026-10-05T17:49:31+00:00
FNDA,Schwab Fundamental U.S. Small Company ETF,ARCA,True,True,True,35.9251,77791566.277025,2172879.2,0.43838571428571477,20,1.2202769492241212,1507,2026-10-05T17:49:31+00:00
CDNA,"CareDx, Inc. Common Stock",NASDAQ,True,True,True,69.57,77673767.897,1326627.3,3.241185714285713,20,4.6588841659993,1508,2026-10-05T17:49:31+00:00
TRMD,TORM plc Class A Common Stock,NASDAQ,True,True,True,41.06,77622054.9725,2156708.65,1.6782285714285703,20,4.087259063391549,1509,2026-10-05T17:49:31+00:00
PRMB,Primo Brands Corporation,NYSE,True,True,True,19.875,77352751.15774998,3805413.25,0.6610857142857134,20,3.3262174303683696,1510,2026-10-05T17:49:31+00:00
DOCS,"Doximity, Inc.",NYSE,True,True,True,28.26,77218876.729,2926267.9,1.0896428571428574,20,3.8557779799818026,1511,2026-10-05T17:49:31+00:00
ING,ING Groep N.V. American Depositary Shares,NYSE,True,True,True,34.805,77049926.34125,2136228.6,0.6968571428571434,20,2.002175385309994,1512,2026-10-05T17:49:31+00:00
SPAB,State Street SPDR Portfolio Aggregate Bond ETF,ARCA,True,True,True,24.2022,76829485.08765,3123010.5,0.14176428571428495,20,0.5857495835679605,1513,2026-10-05T17:49:31+00:00
MBGL,Mobility Global Inc.,NYSE,True,True,True,17.595,76777536.91725,4059782.9,0.6338285714285712,20,3.6023220882555913,1514,2026-10-05T17:49:31+00:00
SPEM,State Street SPDR Portfolio Emerging Markets ETF,ARCA,True,True,True,52.7936,76512332.03152001,1464203.8,0.5839785714285719,20,1.1061541009299838,1515,2026-10-05T17:49:31+00:00
ASAN,"Asana, Inc. Class A Common Stock",NYSE,True,True,True,8.93,76425275.5135,8307148.75,0.6388285714285711,20,7.153735402335623,1516,2026-10-05T17:49:31+00:00
IMO,Imperial Oil Limited,AMEX,True,True,True,124.46,76424848.5635,599457.15,2.835000000000001,20,2.277840269966255,1517,2026-10-05T17:49:31+00:00
SOLV,Solventum Corporation,NYSE,True,True,True,87.465,76383811.40625001,860284.0,1.7029785714285717,20,1.9470400405059984,1518,2026-10-05T17:49:31+00:00
DB,Deutsche Bank Aktiengesellschaft,NYSE,True,True,True,35.105,76318158.40200001,2043557.65,0.8578571428571432,20,2.4436893401428383,1519,2026-10-05T17:49:31+00:00
PGX,Invesco Preferred ETF,ARCA,True,True,True,10.0551,76278026.366815,7400222.0,0.0905642857142859,20,0.9006801097382016,1520,2026-10-05T17:49:31+00:00
LAMR,Lamar Advertising Company Class A Common Stock,NASDAQ,True,True,True,145.075,76159331.6095,521524.05,2.600142857142856,20,1.7922749316855806,1521,2026-10-05T17:49:31+00:00
IESC,"IES Holdings, Inc. Common Stock",NASDAQ,True,True,True,337.79,76019220.715,234288.9,12.893514285714284,20,3.817020718705196,1522,2026-10-05T17:49:31+00:00
CGON,"CG Oncology, Inc. Common stock",NASDAQ,True,True,True,67.82,75891183.24,1053318.05,3.5046642857142873,20,5.167597000463414,1523,2026-10-05T17:49:31+00:00
IDEF,BlackRock ETF Trust iShares Defense Industrials and Tech Active ETF,NASDAQ,False,False,True,31.8201,75845799.51850002,2377366.05,0.4513071428571424,20,1.418308373817626,1524,2026-10-05T17:49:31+00:00
DFAI,Dimensional International Core Equity Market ETF,ARCA,True,True,True,41.485,75793723.12325,1800782.4,0.4775714285714291,20,1.151190619673205,1525,2026-10-05T17:49:31+00:00
MVLL,GraniteShares ETF Trust GraniteShares 2x Long MRVL Daily ETF,NASDAQ,False,False,True,37.1942,75779052.4181,2408948.55,3.107292857142856,20,8.354240330865716,1526,2026-10-05T17:49:31+00:00
VCRM,Vanguard Core Tax-Exempt Bond ETF,BATS,False,False,True,71.365,75719790.67025001,1050058.65,0.5075000000000013,20,0.7111329082883785,1527,2026-10-05T17:49:31+00:00
CNK,"Cinemark Holdings, Inc.",NYSE,True,True,True,36.375,75704496.04125,2101174.85,1.212142857142857,20,3.3323514972999506,1528,2026-10-05T17:49:31+00:00
ATKR,Atkore Inc.,NYSE,True,True,True,94.78,75582835.265,800222.35,0.15964285714286014,20,0.16843517318301343,1529,2026-10-05T17:49:31+00:00
UGI,UGI Corporation,NYSE,True,True,True,37.04,75491633.227,2022271.3,0.7284857142857152,20,1.9667540882443717,1530,2026-10-05T17:49:31+00:00
CR,Crane Company,NYSE,True,True,True,211.955,75389690.381,373661.95,4.517785714285714,20,2.131483434826125,1531,2026-10-05T17:49:31+00:00
JBND,JPMorgan Active Bond ETF,NYSE,False,False,True,50.745,75347431.26075001,1462722.0,0.305692857142856,20,0.602409808144361,1532,2026-10-05T17:49:31+00:00
STWD,"STARWOOD PROPERTY TRUST, INC.",NYSE,True,True,True,13.035,75189714.174,5193648.4,0.3465571428571428,20,2.658666228286481,1533,2026-10-05T17:49:31+00:00
XAR,State Street SPDR S&P Aerospace & Defense ETF,ARCA,True,True,True,231.9756,75180211.54646,313450.7,4.835650000000001,20,2.084551133826144,1534,2026-10-05T17:49:31+00:00
LKQ,LKQ Corporation Common Stock,NASDAQ,True,True,True,22.815,75004479.40550001,3194760.4,0.6128428571428566,20,2.6861400707554526,1535,2026-10-05T17:49:31+00:00
NTES,"NetEase, Inc. American Depositary Shares",NASDAQ,True,True,True,118.79,74979050.6905,633682.15,2.3960642857142886,20,2.0170589154931298,1536,2026-10-05T17:49:31+00:00
PAVE,Global X U.S. Infrastructure Development ETF,BATS,True,True,True,54.4599,74878715.93895002,1404403.95,0.8098499999999993,20,1.4870574496097115,1537,2026-10-05T17:49:31+00:00
MTG,MGIC Investment Corp.,NYSE,True,True,True,27.1201,74838138.55596001,2610356.9,0.8189285714285711,20,3.0196369903819344,1538,2026-10-05T17:49:31+00:00
DFIC,Dimensional International Core Equity 2 ETF,BATS,True,True,True,37.65,74773046.93724999,1952514.6,0.43389999999999923,20,1.152456839309427,1539,2026-10-05T17:49:31+00:00
GBIL,Goldman Sachs Access Treasury 0-1 Year ETF,ARCA,True,True,True,99.879,74655193.55455,746696.85,0.042142857142857384,20,0.04219391177610647,1540,2026-10-05T17:49:31+00:00
ENVA,"Enova International, Inc.",NYSE,True,True,True,178.57,74628395.5105,417342.7,5.647035714285715,20,3.162365298922392,1541,2026-10-05T17:49:31+00:00
AIR,AAR Corp.,NYSE,True,True,True,103.035,74547793.584,670639.2,5.748571428571428,20,5.579241450547317,1542,2026-10-05T17:49:31+00:00
SCHZ,Schwab US Aggregate Bond ETF,ARCA,True,True,True,21.955,74490510.63624999,3339907.5,0.1353928571428578,20,0.6166834759410512,1543,2026-10-05T17:49:31+00:00
LBRT,Liberty Energy Inc.,NYSE,True,True,True,19.57,74392797.25400001,3867400.3,0.8923857142857139,20,4.559967880867215,1544,2026-10-05T17:49:31+00:00
REET,iShares Global REIT ETF,ARCA,True,True,True,25.56,74331371.72150001,2825436.55,0.2737571428571438,20,1.0710373351218458,1545,2026-10-05T17:49:31+00:00
SLS,"SELLAS Life Sciences Group, Inc. Common Stock",NASDAQ,False,False,True,11.66,74311735.62025,6229130.1,0.7243071428571428,20,6.211896593972066,1546,2026-10-05T17:49:31+00:00
HR,Healthcare Realty Trust Incorporated,NYSE,True,True,True,17.385,74298559.15024999,4078282.55,0.3150357142857147,20,1.8121122478326985,1547,2026-10-05T17:49:31+00:00
NGG,National Grid PLC,NYSE,True,True,True,76.02,74094646.31650001,974499.35,1.1879071428571402,20,1.5626244973127337,1548,2026-10-05T17:49:31+00:00
FLY,Firefly Aerospace Inc. Common Stock,NASDAQ,True,True,True,22.42,74013262.09225,3310942.4,1.7336642857142857,20,7.732668535746144,1549,2026-10-05T17:49:31+00:00
NVST,"Envista Holdings Corporation Common stock, $0.01 par value per share",NYSE,True,True,True,23.365,73954113.96925,3042825.35,0.6814285714285714,20,2.916450123811562,1550,2026-10-05T17:49:31+00:00
EXK,Endeavour Silver Corp.,NYSE,True,True,True,8.58,73890136.74600002,7641290.3,0.49760000000000015,20,5.799533799533801,1551,2026-10-05T17:49:31+00:00
CXW,"CoreCivic, Inc.",NYSE,True,True,True,33.55,73844732.519,2194714.5,1.8442857142857139,20,5.497125824994677,1552,2026-10-05T17:49:31+00:00
WOLF,"Wolfspeed, Inc.",NYSE,True,True,True,34.19,73825287.6305,2605864.35,2.3078142857142856,20,6.749968662516191,1553,2026-10-05T17:49:31+00:00
KIE,State Street SPDR S&P Insurance ETF,ARCA,False,False,True,59.625,73787062.48175001,1208016.75,0.8139285714285711,20,1.3650793650793647,1554,2026-10-05T17:49:31+00:00
JMKE,Jersey Mike's Subs Inc.,NYSE,True,True,True,16.38,73754280.53099999,3866786.05,0.8879571428571426,20,5.420983778126634,1555,2026-10-05T17:49:31+00:00
GEO,"The GEO Group, Inc.",NYSE,True,True,True,32.235,73691808.68,2369181.05,1.45435,20,4.511710873274391,1556,2026-10-05T17:49:31+00:00
GGOV,iShares Global Government Bond USD Hedged Active ETF,ARCA,False,False,True,49.43,73677098.23950002,1468827.8,0.5633571428571423,20,1.139706944885985,1557,2026-10-05T17:49:31+00:00
VV,Vanguard Morningstar Large-Cap ETF,ARCA,True,True,True,357.42,73622945.93750001,208515.8,3.3383714285714348,20,0.9340192010999482,1558,2026-10-05T17:49:31+00:00
KNTK,Kinetik Holdings Inc.,NYSE,True,True,True,53.372,73615361.74890003,1388331.75,1.5938571428571418,20,2.9863170629864757,1559,2026-10-05T17:49:31+00:00
TTEK,"Tetra Tech, Inc. Common Stock",NASDAQ,True,True,True,33.489,73544380.87085,2098299.6,0.9962000000000008,20,2.9747081131117703,1560,2026-10-05T17:49:31+00:00
LPX,Louisiana-Pacific Corp.,NYSE,True,True,True,66.905,73525350.23524998,1113182.9,2.2313571428571435,20,3.3351126864317218,1561,2026-10-05T17:49:31+00:00
MUZ,Defiance Daily Target 2X Short MU ETF,ARCA,False,False,True,6.8201,73319414.41950499,9966939.85,0.5952714285714286,20,8.72819208767362,1562,2026-10-05T17:49:31+00:00
KNSL,"Kinsale Capital Group, Inc.",NYSE,True,True,True,334.65,73284360.495,211785.8,9.363571428571422,20,2.7980192525239573,1563,2026-10-05T17:49:31+00:00
YPF,YPF Sociedad Anonima American Depositary Shares (Each representing ten (10) Class D shares of Capital Stock),NYSE,True,True,True,51.53,73279449.47649999,1360486.45,1.7580714285714276,20,3.4117435058634342,1564,2026-10-05T17:49:31+00:00
ELVN,"Enliven Therapeutics, Inc. Common Stock",NASDAQ,True,True,True,46.135,73165984.46175,1471202.25,2.1196357142857143,20,4.594420102494233,1565,2026-10-05T17:49:31+00:00
HMY,Harmony Gold Mining Company Limited,NYSE,True,True,True,17.255,73122426.68200001,3816222.65,0.7024214285714278,20,4.070828331332529,1566,2026-10-05T17:49:31+00:00
BKH,Black Hills Corporation,NYSE,True,True,True,70.87,73039305.146,1030486.25,1.6139285714285683,20,2.277308552883545,1567,2026-10-05T17:49:31+00:00
MIRM,"Mirum Pharmaceuticals, Inc. Common Stock",NASDAQ,True,True,True,82.41,72984696.78399998,797352.8,3.7190999999999965,20,4.512923188933378,1568,2026-10-05T17:49:31+00:00
PEGA,Pegasystems Inc. Common Stock,NASDAQ,True,True,True,34.325,72914196.7765,2063927.8,1.3646357142857148,20,3.9756320882322354,1569,2026-10-05T17:49:31+00:00
POR,Portland General Electric Company,NYSE,True,True,True,44.62,72902167.50299999,1577850.45,1.0310785714285717,20,2.3107991291541277,1570,2026-10-05T17:49:31+00:00
EWTX,"Edgewise Therapeutics, Inc. Common Stock",NASDAQ,True,True,True,40.82,72801400.46000001,1710257.9,2.199364285714285,20,5.387957583817455,1571,2026-10-05T17:49:31+00:00
PBUS,Invesco MSCI USA ETF,BATS,True,True,True,77.73,72631700.9685,948433.15,0.678842857142857,20,0.8733344360515335,1572,2026-10-05T17:49:31+00:00
RELX,RELX PLC,NYSE,True,True,True,33.58,72573888.57149999,2145561.55,0.5714571428571443,20,1.7017782693780354,1573,2026-10-05T17:49:31+00:00
GLL,ProShares UltraShort Gold,ARCA,False,False,True,25.27,72546506.77400002,3067749.0,0.7917642857142858,20,3.1332183843066317,1574,2026-10-05T17:49:31+00:00
GL,Globe Life Inc.,NYSE,True,True,True,165.57,72499651.871,428457.55,2.978278571428569,20,1.79880326836297,1575,2026-10-05T17:49:31+00:00
ERIC,Ericsson American Depositary Shares,NASDAQ,True,True,True,9.2,72407976.78050001,7395158.2,0.2276071428571429,20,2.473990683229814,1576,2026-10-05T17:49:31+00:00
LFST,"LifeStance Health Group, Inc. Common Stock",NASDAQ,True,True,True,12.025,72393534.64325002,5794938.3,0.41963571428571417,20,3.4896940896940882,1577,2026-10-05T17:49:31+00:00
YETI,"YETI Holdings, Inc. Common Stock",NYSE,True,True,True,40.615,72328564.468,1743454.75,1.6207642857142868,20,3.9905559170609055,1578,2026-10-05T17:49:31+00:00
VSEC,VSE Corporation Common Stock,NASDAQ,True,True,True,170.205,72202966.137,404837.35,8.372142857142856,20,4.918858351483714,1579,2026-10-05T17:49:31+00:00
AAP,ADVANCE AUTO PARTS INC,NYSE,True,True,True,39.32,72056954.01400001,1733628.0,1.6167857142857152,20,4.111866007847699,1580,2026-10-05T17:49:31+00:00
CX,Cemex S.A.B. de C.V.,NYSE,True,True,True,9.525,71980166.42675,7171975.4,0.26672142857142855,20,2.800224971878515,1581,2026-10-05T17:49:31+00:00
FTEC,Fidelity MSCI Information Technology Index ETF,ARCA,True,True,True,308.11,71910844.39299999,243181.75,4.4603214285714285,20,1.4476392939441851,1582,2026-10-05T17:49:31+00:00
IYE,iShares U.S. Energy ETF,ARCA,True,True,True,66.91,71760151.522,1073227.2,1.2682142857142853,20,1.8954032068663658,1583,2026-10-05T17:49:31+00:00
LAZ,"Lazard, Inc.",NYSE,True,True,True,35.71,71718569.132,1926905.15,1.4685714285714286,20,4.112493499219907,1584,2026-10-05T17:49:31+00:00
CMC,Commercial Metals Company,NYSE,True,True,True,66.18,71714135.12400001,1101415.95,1.9135928571428582,20,2.891497215386609,1585,2026-10-05T17:49:31+00:00
THG,"The Hanover Insurance Group, Inc.",NYSE,True,True,True,221.73,71611988.1045,320450.8,4.233757142857148,20,1.9094200797623904,1586,2026-10-05T17:49:31+00:00
COWZ,Pacer US Cash Cows 100 ETF,BATS,True,True,True,67.665,71565581.485,1044611.25,0.6860499999999996,20,1.013891967782457,1587,2026-10-05T17:49:31+00:00
TFI,State Street SPDR Nuveen ICE Municipal Bond ETF,ARCA,False,False,True,42.69,71558441.18725,1651566.2,0.2841071428571428,20,0.6655121641066826,1588,2026-10-05T17:49:31+00:00
POST,"POST HOLDINGS, INC.",NYSE,True,True,True,72.65,71532094.67249998,933116.1,1.9550071428571445,20,2.6909940025562897,1589,2026-10-05T17:49:31+00:00
CACC,Credit Acceptance Corporation Common Stock,NASDAQ,True,True,True,535.3,71424225.27499999,126466.35,20.401935714285703,20,3.811308745429797,1590,2026-10-05T17:49:31+00:00
TREX,"Trex Company, Inc.",NYSE,True,True,True,44.77,71217345.13049999,1619949.4,1.4908285714285714,20,3.3299722390631477,1591,2026-10-05T17:49:31+00:00
CLDX,"Celldex Therapeutics, Inc.",NASDAQ,True,True,True,32.79,71142165.25850001,2104359.9,2.0988857142857134,20,6.400993334204677,1592,2026-10-05T17:49:31+00:00
SBIL,Simplify Government Money Market ETF,ARCA,True,True,True,100.11,71068736.7973,709524.85,0.042214285714287314,20,0.042167901023161834,1593,2026-10-05T17:49:31+00:00
PI,"Impinj, Inc. Common Stock",NASDAQ,True,True,True,188.51,70910901.065,398477.2,6.06302142857143,20,3.216286366013172,1594,2026-10-05T17:49:31+00:00
LOGI,Logitech International S.A. Ordinary Shares,NASDAQ,True,True,True,101.25,70815058.33475001,695833.55,2.9321428571428547,20,2.895943562610227,1595,2026-10-05T17:49:31+00:00
INGM,Ingram Micro Holding Corporation,NYSE,True,True,True,27.85,70772500.5635,2632285.1,0.9917857142857142,20,3.561169530648884,1596,2026-10-05T17:49:31+00:00
FLNC,"Fluence Energy, Inc. Class A Common Stock",NASDAQ,True,True,True,7.545,70732938.665,8674400.4,0.55265,20,7.324718356527502,1597,2026-10-05T17:49:31+00:00
AXTA,Axalta Coating Systems Ltd.,NYSE,True,True,True,33.085,70609805.99350001,2142028.95,0.8353571428571424,20,2.524881797966276,1598,2026-10-05T17:49:31+00:00
KLAR,Klarna Group plc,NYSE,True,True,True,13.205,70520753.49625,5291499.5,0.44314285714285706,20,3.355871693622545,1599,2026-10-05T17:49:31+00:00
FAS,Direxion Daily Financial Bull 3x ETF,ARCA,True,True,True,143.81,70461044.83549999,454332.9,6.1466928571428525,20,4.274176244449519,1600,2026-10-05T17:49:31+00:00
GLNG,Golar Lng Ltd,NASDAQ,True,True,True,50.11,70346511.646,1397737.65,1.2430357142857151,20,2.4806140776007086,1601,2026-10-05T17:49:31+00:00
SHYG,iShares 0-5 Year High Yield Corporate Bond ETF,ARCA,True,True,True,41.045,70266530.62875,1692274.7,0.16427142857142993,20,0.40022275203174545,1602,2026-10-05T17:49:31+00:00
VBK,Vanguard Morningstar Small-Cap Growth ETF,ARCA,True,True,True,347.72,70150826.821,206140.5,4.4850500000000055,20,1.2898452778097333,1603,2026-10-05T17:49:31+00:00
IDCC,"InterDigital, Inc. Common Stock",NASDAQ,True,True,True,344.23,70108195.10300002,210854.0,10.812128571428559,20,3.140960570382755,1604,2026-10-05T17:49:31+00:00
ERAS,"Erasca, Inc. Common Stock",NASDAQ,True,True,True,14.3801,70088352.123045,4631114.8,1.0011785714285717,20,6.962250411531016,1605,2026-10-05T17:49:31+00:00
XPEV,"XPeng Inc. American depositary shares, each representing two Class A ordinary shares",NYSE,True,True,True,9.435,70043566.903,6869684.75,0.28172142857142835,20,2.985918691801042,1606,2026-10-05T17:49:31+00:00
GVA,Granite Construction Inc.,NYSE,True,True,True,120.9175,70029783.65812501,604221.25,3.16839285714286,20,2.620293056954419,1607,2026-10-05T17:49:31+00:00
USRT,iShares Core U.S. REIT ETF,ARCA,False,False,True,61.35,69987512.5265,1121028.0,0.7160428571428571,20,1.1671440214227498,1608,2026-10-05T17:49:31+00:00
NFG,National Fuel Gas Co.,NYSE,True,True,True,76.56,69829391.929,880059.8,1.648928571428572,20,2.153772951186745,1609,2026-10-05T17:49:31+00:00
FOX,Fox Corporation Class B Common Stock,NASDAQ,True,True,True,56.1999,69789793.21045,1214046.95,1.3618500000000004,20,2.4232249523575673,1610,2026-10-05T17:49:31+00:00
BIRK,Birkenstock Holding plc,NYSE,True,True,True,33.68,69788921.4595,2194219.75,1.0858571428571424,20,3.224041398031895,1611,2026-10-05T17:49:31+00:00
MATX,"Matsons, Inc.",NYSE,True,True,True,230.43,69686420.40849999,303701.15,7.8066928571428615,20,3.387880422316045,1612,2026-10-05T17:49:31+00:00
FCN,"FTI Consulting, Inc.",NYSE,True,True,True,136.78,69665104.09400001,499064.25,4.88089285714286,20,3.5684258350218307,1613,2026-10-05T17:49:31+00:00
MFC,Manulife Financial Corp.,NYSE,True,True,True,43.17,69542488.611,1598475.8,0.6476000000000001,20,1.5001158211721104,1614,2026-10-05T17:49:31+00:00
SYM,Symbotic Inc. Class A Common Stock,NASDAQ,True,True,True,42.9108,69485976.32518,1615986.1,1.7808428571428563,20,4.150104069704728,1615,2026-10-05T17:49:31+00:00
CHEF,"The Chefs' Warehouse, Inc. Common Stock",NASDAQ,True,True,True,112.7,69467480.0735,628471.7,3.616521428571428,20,3.208980859424515,1616,2026-10-05T17:49:31+00:00
RHP,"Ryman Hospitality Properties, Inc",NYSE,True,True,True,121.39,69408910.4235,571709.7,2.7542857142857153,20,2.2689560213244215,1617,2026-10-05T17:49:31+00:00
DYN,"Dyne Therapeutics, Inc. Common Stock",NASDAQ,True,True,True,15.25,69344911.201,3884417.4,0.8193571428571429,20,5.372833723653396,1618,2026-10-05T17:49:31+00:00
TEX,Terex Corporation,NYSE,True,True,True,57.82,69269922.8375,1212401.25,2.2335714285714277,20,3.862973760932943,1619,2026-10-05T17:49:31+00:00
RYN,Rayonier Inc.,NYSE,True,True,True,18.16,69110366.85350001,3546718.8,0.45035714285714207,20,2.4799402139710467,1620,2026-10-05T17:49:31+00:00
MRP,"Millrose Properties, Inc.",NYSE,True,True,True,22.51,68940731.89,2574992.4,1.1557857142857138,20,5.134543377546485,1621,2026-10-05T17:49:31+00:00
RYTM,"Rhythm Pharmaceuticals, Inc. Common Stock",NASDAQ,True,True,True,90.375,68939154.73275,703412.75,3.502357142857144,20,3.8753606006718053,1622,2026-10-05T17:49:31+00:00
INSP,"Inspire Medical Systems, Inc.",NYSE,True,True,True,70.325,68931418.72325,962988.2,3.6553499999999977,20,5.197795947387128,1623,2026-10-05T17:49:31+00:00
BRZE,"Braze, Inc. Class A Common Stock",NASDAQ,True,True,True,26.52,68911505.04025,2728306.8,1.2711428571428574,20,4.793148028442147,1624,2026-10-05T17:49:31+00:00
GPIX,Goldman Sachs ETF Trust Goldman Sachs S&P 500 Premium Income ETF,NASDAQ,True,True,True,56.18,68858465.654,1234204.2,0.4597214285714278,20,0.8183008696536629,1625,2026-10-05T17:49:31+00:00
MYRG,"MYR Group, Inc. Common Stock",NASDAQ,True,True,True,304.8,68841278.4775,240250.8,10.984435714285711,20,3.6038174915635532,1626,2026-10-05T17:49:31+00:00
CENX,Century Aluminum Company Common Stock,NASDAQ,True,True,True,36.8,68793147.575,1740312.95,1.3672857142857155,20,3.7154503105590098,1627,2026-10-05T17:49:31+00:00
DFUS,Dimensional U.S. Equity Market ETF,ARCA,True,True,True,84.5065,68746150.656075,824945.05,0.7839142857142859,20,0.9276378571048214,1628,2026-10-05T17:49:31+00:00
CNX,CNX Resources Corporation,NYSE,True,True,True,32.265,68673813.733,2055695.85,0.8917857142857145,20,2.763941466870338,1629,2026-10-05T17:49:31+00:00
SWX,"Southwest Gas Holdings, Inc.",NYSE,True,True,True,83.1,68672409.53949998,810876.2,1.4778571428571428,20,1.7784081141481864,1630,2026-10-05T17:49:31+00:00
GPI,"Group 1 Automotive, Inc.",NYSE,True,True,True,242.97,68579842.4945,267715.2,11.901785714285719,20,4.898458951428456,1631,2026-10-05T17:49:31+00:00
EXLS,"ExlService Holdings, Inc. Common Stock",NASDAQ,True,True,True,35.65,68563136.441,1941880.35,0.9639285714285718,20,2.7038669605289534,1632,2026-10-05T17:49:31+00:00
GSY,Invesco Ultra Short Duration ETF,ARCA,True,True,True,49.991,68299323.82645002,1365473.3,0.04285714285714448,20,0.08572971706336037,1633,2026-10-05T17:49:31+00:00
VIRT,"Virtu Financial, Inc. Class A",NYSE,True,True,True,62.345,68257734.93024999,1205856.4,2.3483428571428573,20,3.7666899625356605,1634,2026-10-05T17:49:31+00:00
MTRN,Materion Corporation,NYSE,True,True,True,318.48,68221465.226,259179.95,11.717142857142866,20,3.6790827860910778,1635,2026-10-05T17:49:31+00:00
ICVT,iShares Convertible Bond ETF,BATS,True,True,True,113.85,68141711.7275,597912.0,1.1387071428571431,20,1.0001819436602049,1636,2026-10-05T17:49:31+00:00
AVDV,Avantis International Small Cap Value ETF,ARCA,True,True,True,108.85,68068159.6725,615128.0,1.337850000000001,20,1.2290767110702812,1637,2026-10-05T17:49:31+00:00
WT,"WisdomTree, Inc.",NYSE,True,True,True,24.475,68033769.7115,2909110.15,0.8608000000000003,20,3.517058222676201,1638,2026-10-05T17:49:31+00:00
ULS,UL Solutions Inc.,NYSE,True,True,True,68.87,67924872.849,1024445.4,2.0560714285714297,20,2.985438403617583,1639,2026-10-05T17:49:31+00:00
WGS,GeneDx Holdings Corp. Class A Common Stock,NASDAQ,True,True,True,76.22,67862743.87375,779623.85,6.65442857142857,20,8.730554410166057,1640,2026-10-05T17:49:31+00:00
MIDD,Middleby Corporation (The) Common Stock,NASDAQ,True,True,True,105.97,67829221.4725,623620.55,2.6892857142857145,20,2.537780234298117,1641,2026-10-05T17:49:31+00:00
SPLB,State Street SPDR Portfolio Long Term Corporate Bond ETF,ARCA,True,True,True,20.18,67765994.1565,3256118.25,0.2113928571428573,20,1.0475364575959232,1642,2026-10-05T17:49:31+00:00
WTFC,Wintrust Financial Corporation Common Stock,NASDAQ,True,True,True,147.03,67762779.0475,460263.4,3.0362499999999994,20,2.065054750731143,1643,2026-10-05T17:49:31+00:00
MGA,Magna International,NYSE,True,True,True,64.86,67693837.626,1052998.45,1.5718928571428563,20,2.4235165851724583,1644,2026-10-05T17:49:31+00:00
EPRT,"Essential Properties Realty Trust, Inc.",NYSE,True,True,True,25.79,67615201.77950001,2500065.75,0.5464714285714288,20,2.1189276020606003,1645,2026-10-05T17:49:31+00:00
PDI,PIMCO Dynamic Income Fund,NYSE,True,True,True,14.265,67538325.53625001,4720114.45,0.26642857142857135,20,1.8677081768564412,1646,2026-10-05T17:49:31+00:00
BLLN,"BillionToOne, Inc. Class A Common Stock",NASDAQ,True,True,True,110.08,67532742.1985,620196.9,7.503449999999999,20,6.816360828488372,1647,2026-10-05T17:49:31+00:00
KSS,Kohls Corporation,NYSE,True,True,True,19.65,67499216.744,3820649.7,0.8818928571428576,20,4.488004362050166,1648,2026-10-05T17:49:31+00:00
ARR,"ARMOUR Residential REIT, Inc.",NYSE,True,True,True,13.555,67444800.692,4593879.45,0.3808142857142857,20,2.809400853664963,1649,2026-10-05T17:49:31+00:00
AXS,Axis Capital Holders Limited,NYSE,True,True,True,96.29,67436267.1,693684.3,1.8342714285714286,20,1.904944883758883,1650,2026-10-05T17:49:31+00:00
PAA,"Plains All American Pipeline, L.P. Common Units representing Limited Partner Interests",NASDAQ,True,True,True,24.0599,67418973.818565,2697784.3,0.5339285714285721,20,2.219163718172445,1651,2026-10-05T17:49:31+00:00
GPK,Graphic Packaging Holding Company,NYSE,True,True,True,8.685,67349124.36650002,7187056.7,0.37178571428571416,20,4.2807796693807045,1652,2026-10-05T17:49:31+00:00
COGT,"Cogent Biosciences, Inc. Common Stock",NASDAQ,True,True,True,30.89,67311082.311,2076778.0,1.3189214285714288,20,4.269735929334505,1653,2026-10-05T17:49:31+00:00
SQM,Sociedad Quimica y Minera de Chile SA,NYSE,True,True,True,66.0,67257677.86600001,976359.65,2.165821428571428,20,3.281547619047618,1654,2026-10-05T17:49:31+00:00
ADPT,Adaptive Biotechnologies Corporation Common Stock,NASDAQ,True,True,True,29.4232,67137337.90378,2427156.95,1.302528571428571,20,4.426875973478653,1655,2026-10-05T17:49:31+00:00
AIQ,Global X Funds Global X Artificial Intelligence & Technology ETF,NASDAQ,True,True,True,66.82,67122158.736,1033696.75,1.0253928571428566,20,1.5345597981784744,1656,2026-10-05T17:49:31+00:00
INDV,"Indivior Pharmaceuticals, Inc. Common Stock",NASDAQ,True,True,True,35.9152,67104796.31294,1902966.45,0.9568428571428568,20,2.6641724315689648,1657,2026-10-05T17:49:31+00:00
BITU,ProShares Ultra Bitcoin ETF,ARCA,False,False,True,15.7801,67007410.90403501,4608517.9,0.8606214285714284,20,5.453840144051232,1658,2026-10-05T17:49:31+00:00
AMLP,Alerian MLP ETF,ARCA,True,True,True,53.055,66984236.52774999,1242758.5,0.798128571428571,20,1.5043418554868928,1659,2026-10-05T17:49:31+00:00
AAAU,Goldman Sachs Physical Gold ETF Shares,BATS,True,True,True,40.72,66919687.451,1591351.0,0.700285714285714,20,1.7197586303676669,1660,2026-10-05T17:49:31+00:00
FAF,First American Financial Corporation,NYSE,True,True,True,62.495,66845809.90574999,994469.4,2.242028571428571,20,3.587532716903066,1661,2026-10-05T17:49:31+00:00
SVXY,ProShares Short VIX Short-Term Futures ETF,BATS,False,False,True,64.565,66818268.087749995,1056548.3,0.865357142857144,20,1.3402883030390211,1662,2026-10-05T17:49:31+00:00
WTS,"Watts Water Technologies, Inc. Class A",NYSE,True,True,True,367.64,66816134.69499999,188397.65,6.830128571428576,20,1.8578306417768946,1663,2026-10-05T17:49:31+00:00
UCTT,"Ultra Clean Holdings, Inc. Common Stock",NASDAQ,True,True,True,75.19,66806079.4735,896630.5,4.124278571428573,20,5.485142401155171,1664,2026-10-05T17:49:31+00:00
VCRB,Vanguard Malvern Funds Vanguard Core Bond ETF,NASDAQ,True,True,True,73.155,66669696.76458,897008.6,0.3451071428571422,20,0.47174785436011507,1665,2026-10-05T17:49:31+00:00
MAIR,Madison Air Solutions Corporation,NYSE,True,True,True,25.15,66663585.5795,2708373.25,0.9236642857142865,20,3.6726214143709206,1666,2026-10-05T17:49:31+00:00
MUFG,"Mitsubishi UFJ Financial Group, Inc.",NYSE,True,True,True,23.035,66624642.983500004,2867887.75,0.504500000000001,20,2.1901454308660773,1667,2026-10-05T17:49:31+00:00
BTC,Grayscale Bitcoin Mini Trust ETF,ARCA,True,True,True,37.68,66609605.11099999,1855436.4,1.0479857142857136,20,2.7812784349408535,1668,2026-10-05T17:49:31+00:00
ECO,Okeanis Eco Tankers Corp.,NYSE,True,True,True,88.76,66483830.69100002,823053.25,3.8799785714285693,20,4.371314298590097,1669,2026-10-05T17:49:31+00:00
RLAY,"Relay Therapeutics, Inc. Common Stock",NASDAQ,True,True,True,19.15,66479467.46250001,3570992.45,0.95035,20,4.962663185378591,1670,2026-10-05T17:49:31+00:00
RHI,Robert Half Inc.,NYSE,True,True,True,33.81,66462151.90950002,1778868.2,1.4792357142857153,20,4.375142603625304,1671,2026-10-05T17:49:31+00:00
ESAB,ESAB Corporation,NYSE,True,True,True,72.52,66292445.870500006,970915.5,3.1295785714285693,20,4.315469624143091,1672,2026-10-05T17:49:31+00:00
IWV,iShares Russell 3000 ETF,ARCA,True,True,True,439.13,66156467.49299999,152538.45,3.986921428571427,20,0.9079136994902254,1673,2026-10-05T17:49:31+00:00
AMZU,Direxion Shares ETF Trust Direxion Daily AMZN Bull 2X ETF,NASDAQ,False,False,True,35.2854,66120249.305445,1898677.25,1.4375142857142846,20,4.073963411819859,1674,2026-10-05T17:49:31+00:00
QYLD,Global X Funds Global X NASDAQ-100 Covered Call ETF,NASDAQ,True,True,True,18.655,65996686.79950001,3570690.65,0.0841357142857136,20,0.45100892139219295,1675,2026-10-05T17:49:31+00:00
PVH,PVH Corp.,NYSE,True,True,True,74.9,65846870.517000005,898599.9,2.2723214285714257,20,3.033806980736216,1676,2026-10-05T17:49:31+00:00
IRE,Defiance Daily Target 2X Long IREN ETF,ARCA,False,False,True,8.805,65765454.65525,6225036.95,1.2092642857142855,20,13.733836294313292,1677,2026-10-05T17:49:31+00:00
DLLL,GraniteShares ETF Trust GraniteShares 2x Long DELL Daily ETF,NASDAQ,False,False,True,34.0,65763459.24299999,1899041.35,3.1971071428571425,20,9.403256302521006,1678,2026-10-05T17:49:31+00:00
TMV,Direxion Daily 20+ Year Treasury Bear 3X ETF,ARCA,False,False,True,51.57,65658775.594000004,1414056.5,1.5503642857142848,20,3.006329815230337,1679,2026-10-05T17:49:31+00:00
NOV,NOV Inc.,NYSE,True,True,True,19.685,65627966.410500005,3269529.25,0.5988785714285719,20,3.0423092274756005,1680,2026-10-05T17:49:31+00:00
SSB,SouthState Bank Corporation,NYSE,True,True,True,101.915,65623317.29375,636878.7,1.934107142857142,20,1.8977649441761681,1681,2026-10-05T17:49:31+00:00
ETHE,Grayscale Ethereum Staking ETF Shares,ARCA,True,True,True,21.66,65521387.276,3152535.75,0.6743214285714283,20,3.1132106582245074,1682,2026-10-05T17:49:31+00:00
EWH,iShares MSCI Hong Kong ETF,ARCA,False,False,True,21.745,65498222.8865,2921012.55,0.28855714285714207,20,1.3270045659100578,1683,2026-10-05T17:49:31+00:00
IRT,Independence Realty Trust Inc.,NYSE,True,True,True,14.67,65483630.94299998,4386647.55,0.2757142857142858,20,1.8794429837374629,1684,2026-10-05T17:49:31+00:00
HWC,Hancock Whitney Corporation Common Stock,NASDAQ,True,True,True,73.53,65381536.61100002,884244.85,1.510714285714285,20,2.0545549921314907,1685,2026-10-05T17:49:31+00:00
ESE,"ESCO Technologies, Inc.",NYSE,True,True,True,274.81,65329020.78150002,245853.75,7.239821428571438,20,2.6344825255891116,1686,2026-10-05T17:49:31+00:00
PJT,PJT Partners Inc.,NYSE,True,True,True,138.4403,65327981.586600006,426225.65,4.512771428571436,20,3.2597238149378724,1687,2026-10-05T17:49:31+00:00
NXST,"Nexstar Media Group, Inc. Common Stock",NASDAQ,True,True,True,158.05,65229302.99749998,400106.85,6.0286928571428575,20,3.814421295250147,1688,2026-10-05T17:49:31+00:00
DFAR,DFA Real Estate Securities Portfolio ETF Class Shares,ARCA,True,True,True,24.1,65160264.07450001,2597502.0,0.30097857142857165,20,1.2488737403675172,1689,2026-10-05T17:49:31+00:00
IUSV,iShares Core S&P U.S. Value ETF,NASDAQ,True,True,True,111.455,65028302.632570006,580338.6,0.9136214285714307,20,0.8197222453648833,1690,2026-10-05T17:49:31+00:00
XSD,State Street SPDR S&P Semiconductor ETF,ARCA,False,False,True,552.665,64978386.22725,127272.0,15.109992857142847,20,2.734023840326934,1691,2026-10-05T17:49:31+00:00
IOND,Ionic Digital Inc. Class A Common Stock,NASDAQ,True,True,True,83.845,64869423.85450001,776951.25,3.327142857142856,20,3.9682066398030367,1692,2026-10-05T17:49:31+00:00
FR,"First Industrial Realty Trust, Inc.",NYSE,True,True,True,60.18,64807922.3615,1060622.4,1.0274714285714286,20,1.7073303897830319,1693,2026-10-05T17:49:31+00:00
G,GENPACT LIMITED,NYSE,True,True,True,33.18,64748807.19450001,1887453.15,1.014642857142857,20,3.057995350038749,1694,2026-10-05T17:49:31+00:00
KLIC,"Kulicke and Soffa Industries, Inc. Common Stock",NASDAQ,True,True,True,99.835,64705420.969500005,738367.45,3.7961785714285696,20,3.80245261824868,1695,2026-10-05T17:49:31+00:00
BFAM,BRIGHT HORIZONS FAMILY SOLUTIONS INC.,NYSE,True,True,True,64.77,64701777.045,985794.65,2.003921428571428,20,3.0939037032135683,1696,2026-10-05T17:49:31+00:00
VOX,Vanguard Communication Services ETF,ARCA,True,True,True,192.49,64583455.541499995,335364.1,3.4232142857142867,20,1.778385519099323,1697,2026-10-05T17:49:31+00:00
FEZ,State Street SPDR EURO STOXX 50 ETF,ARCA,True,True,True,66.575,64578098.0875,948293.45,0.9583428571428578,20,1.4394935893997114,1698,2026-10-05T17:49:31+00:00
TSDD,GraniteShares ETF Trust GraniteShares 2x Short TSLA Daily ETF,NASDAQ,False,False,True,7.0297,64446025.15897,8345474.15,0.5018714285714283,20,7.139300803326291,1699,2026-10-05T17:49:31+00:00
ASB,Associated Banc-Corp,NYSE,True,True,True,29.185,64437008.8115,2183060.95,0.5752428571428572,20,1.9710222961893342,1700,2026-10-05T17:49:31+00:00
GTX,Garrett Motion Inc. Common Stock,NASDAQ,True,True,True,27.11,64183373.349,2420047.05,0.7578642857142857,20,2.795515624176635,1701,2026-10-05T17:49:31+00:00
HYLB,Xtrackers USD High Yield Corporate Bond ETF,ARCA,True,True,True,34.985,64095392.143999994,1805786.7,0.17106428571428672,20,0.48896465832295766,1702,2026-10-05T17:49:31+00:00
EQPT,EquipmentShare.com Inc Class A Common Stock,NASDAQ,True,True,True,19.04,64094584.97700001,3589337.4,1.1641714285714286,20,6.114345738295319,1703,2026-10-05T17:49:31+00:00
MMED,"MiniMed Group, Inc. Common Stock",NASDAQ,False,False,True,19.955,64024871.1015,3065598.15,0.8219357142857143,20,4.118946200379426,1704,2026-10-05T17:49:31+00:00
SECZ,Securitize Corp.,NYSE,False,False,True,11.785,63991524.18125,5027816.6,1.8259857142857143,20,15.494151160676406,1705,2026-10-05T17:49:31+00:00
SMCIP,"Super Micro Computer, Inc. Depositary Shares representing a 1/20th Interest in a Share of 7% Series A Mandatory Convertible Preferred Stock",NASDAQ,True,True,True,72.43,63951425.301,933415.45,3.2453571428571424,20,4.480680854421016,1706,2026-10-05T17:49:31+00:00
VBR,Vanguard Morningstar Small-Cap Value ETF,ARCA,True,True,True,235.55,63946769.7725,269476.9,2.749771428571431,20,1.167383327773904,1707,2026-10-05T17:49:31+00:00
LIFE,Ethos Technologies Inc. Class A Common Stock,NASDAQ,True,True,True,35.43,63909980.9465,1751526.5,2.7623071428571406,20,7.796520301600736,1708,2026-10-05T17:49:31+00:00
NICE,NICE Ltd American Depositary Shares,NASDAQ,True,True,True,115.15,63909236.379499994,578365.0,5.7303428571428565,20,4.976415855095837,1709,2026-10-05T17:49:31+00:00
NESR,National Energy Services Reunited Corp Ordinary Shares,NASDAQ,True,True,True,24.59,63742939.63849999,2144889.35,1.5923071428571436,20,6.4754255504560545,1710,2026-10-05T17:49:31+00:00
JBTM,JBT Marel Corporation,NYSE,True,True,True,110.25,63638687.26550001,573112.85,3.0232499999999973,20,2.742176870748297,1711,2026-10-05T17:49:31+00:00
ESGU,iShares Trust iShares ESG Aware MSCI USA ETF,NASDAQ,True,True,True,169.52,63606112.267,379840.25,1.5469571428571405,20,0.9125514056495637,1712,2026-10-05T17:49:31+00:00
BUG,Global X Funds Global X Cybersecurity ETF,NASDAQ,True,True,True,47.5,63554064.858500004,1404221.85,1.3908357142857137,20,2.928075187969924,1713,2026-10-05T17:49:31+00:00
THO,"Thor Industries, Inc.",NYSE,True,True,True,66.7,63376754.20849999,894388.15,2.590778571428573,20,3.8842257442707244,1714,2026-10-05T17:49:31+00:00
RRR,"Red Rock Resorts, Inc. Class A Common Stock",NASDAQ,True,True,True,52.165,63352440.32975,1227254.05,2.139942857142857,20,4.102257945256124,1715,2026-10-05T17:49:31+00:00
ENSG,"The Ensign Group, Inc. Common Stock",NASDAQ,True,True,True,173.165,63335047.84875001,364362.8,3.7461999999999978,20,2.1633701960557836,1716,2026-10-05T17:49:31+00:00
FRPT,"Freshpet, Inc. Common Stock",NASDAQ,True,True,True,61.315,63267367.44074999,1031694.7,2.0406571428571434,20,3.3281532134993776,1717,2026-10-05T17:49:31+00:00
MI,NFT Limited,AMEX,False,False,True,9.615,63188636.74175,6642505.8,0.9659142857142856,20,10.045910407844884,1718,2026-10-05T17:49:31+00:00
POET,POET Technologies Inc. Common Shares,NASDAQ,True,True,True,7.7699,63178087.668715,8083397.9,0.4157142857142856,20,5.350317066040562,1719,2026-10-05T17:49:31+00:00
VCYT,"Veracyte, Inc. Common Stock",NASDAQ,True,True,True,46.73,63168171.06474999,1458135.6,2.569557142857145,20,5.498731313625391,1720,2026-10-05T17:49:31+00:00
MUR,Murphy Oil Corp.,NYSE,True,True,True,38.71,63137046.30849999,1681635.45,1.3241642857142852,20,3.4207292320183034,1721,2026-10-05T17:49:31+00:00
TMDX,"TransMedics Group, Inc. Common Stock",NASDAQ,True,True,True,82.41,63088583.81149999,744326.9,3.794064285714285,20,4.603888224383309,1722,2026-10-05T17:49:31+00:00
AXGN,"Axogen, Inc. Common Stock",NASDAQ,True,True,True,37.45,63041948.97475,1481109.1,1.9303571428571449,20,5.15449170322335,1723,2026-10-05T17:49:31+00:00
NWG,"NatWest Group plc American Depositary Shares, (each representing two (2) Ordinary Shares)",NYSE,True,True,True,17.575,63017534.8715,3447842.0,0.43928571428571445,20,2.4994919731761844,1724,2026-10-05T17:49:31+00:00
BTU,Peabody Energy Corporation,NYSE,True,True,True,25.545,62939068.556750014,2388417.7,1.1721357142857138,20,4.588513267902579,1725,2026-10-05T17:49:31+00:00
TS,Tenaris S. A.,NYSE,True,True,True,58.49,62780588.565,1117199.6,1.2371428571428578,20,2.115135676428206,1726,2026-10-05T17:49:31+00:00
GXO,"GXO Logistics, Inc.",NYSE,True,True,True,46.22,62776192.988500014,1372094.95,1.3627428571428568,20,2.9483835074488463,1727,2026-10-05T17:49:31+00:00
INGR,Ingredion Incorporated,NYSE,True,True,True,96.51,62759665.822000004,642029.2,1.6996785714285727,20,1.7611424426780362,1728,2026-10-05T17:49:31+00:00
BKV,BKV Corporation,NYSE,True,True,True,22.095,62700604.33025,2637175.7,0.8795857142857137,20,3.9809265186047242,1729,2026-10-05T17:49:31+00:00
ZTO,"ZTO Express (Cayman) Inc. American Depositary Shares, each representing one Class A ordinary share",NYSE,True,True,True,19.665,62635679.45,3146737.05,0.44155714285714354,20,2.2453960989430133,1730,2026-10-05T17:49:31+00:00
FLG,"Flagstar Bank, National Association",NYSE,True,True,True,11.6339,62604352.121994995,5042942.1,0.2764285714285715,20,2.3760610923986927,1731,2026-10-05T17:49:31+00:00
FETH,Fidelity Ethereum Fund,BATS,True,True,True,26.87,62021425.4755,2406167.25,0.8371428571428571,20,3.115529799564038,1732,2026-10-05T17:49:31+00:00
ABCL,AbCellera Biologics Inc. Common Shares,NASDAQ,True,True,True,13.505,61967597.45025001,4846175.35,0.8036285714285719,20,5.950600306764694,1733,2026-10-05T17:49:31+00:00
JBS,JBS N.V.,NYSE,True,True,True,11.885,61959727.126250006,5216736.3,0.3871357142857142,20,3.2573471963459335,1734,2026-10-05T17:49:31+00:00
RUN,Sunrun Inc. Common Stock,NASDAQ,True,True,True,7.655,61778842.78374998,7468647.95,0.4257428571428569,20,5.561631053466452,1735,2026-10-05T17:49:31+00:00
ORCX,Tidal Trust II Defiance Daily Target 2X Long ORCL ETF,NASDAQ,False,False,True,20.11,61706933.94450001,2921408.1,1.7220428571428568,20,8.563117141436384,1736,2026-10-05T17:49:31+00:00
IGF,iShares Global Infrastructure ETF,NASDAQ,True,True,True,62.01,61424260.0765,980614.2,0.5985714285714298,20,0.9652820973575709,1737,2026-10-05T17:49:31+00:00
AAPU,Direxion Shares ETF Trust Direxion Daily AAPL Bull 2X ETF,NASDAQ,False,False,True,44.2299,61335048.40343501,1410798.4,1.7227214285714285,20,3.894924990948269,1738,2026-10-05T17:49:31+00:00
BFH,"Bread Financial Holdings, Inc.",NYSE,True,True,True,98.56,61258251.375499986,588835.3,3.3853499999999976,20,3.43481128246753,1739,2026-10-05T17:49:31+00:00
MIAX,"Miami International Holdings, Inc.",NYSE,True,True,True,34.165,61118461.1475,1629739.0,1.3646428571428564,20,3.994271497564339,1740,2026-10-05T17:49:31+00:00
KNF,Knife River Corporation,NYSE,True,True,True,51.77,61018091.836500004,1124817.0,2.4177999999999984,20,4.670272358508785,1741,2026-10-05T17:49:31+00:00
ARXS,"Arxis, Inc. Class A Common Stock",NASDAQ,True,True,True,50.46,60957170.48049998,1208563.2,2.421064285714286,20,4.797987090198743,1742,2026-10-05T17:49:31+00:00
BSOL,Bitwise Solana Staking ETF,ARCA,False,False,True,16.53,60945018.05050001,3911889.65,0.6824999999999999,20,4.128856624319418,1743,2026-10-05T17:49:31+00:00
RCAT,"Red Cat Holdings, Inc. Common Stock",NASDAQ,False,False,True,6.365,60863658.462249994,8658435.85,0.36071428571428577,20,5.667152957019415,1744,2026-10-05T17:49:31+00:00
SNEX,StoneX Group Inc. Common Stock,NASDAQ,True,True,True,67.5801,60849785.87888999,901283.25,2.6697285714285734,20,3.9504655533634505,1745,2026-10-05T17:49:31+00:00
COHU,"Cohu, Inc. Common Stock",NASDAQ,True,True,True,75.64,60723769.721,1004521.9,3.4265285714285705,20,4.530048349323863,1746,2026-10-05T17:49:31+00:00
GGB,Gerdau S.A.,NYSE,True,True,True,5.16,60692089.3045,12247741.9,0.17749999999999996,20,3.439922480620154,1747,2026-10-05T17:49:31+00:00
ORI,Old Republic International Corporation,NYSE,True,True,True,37.93,60673380.932500005,1547997.6,0.7135714285714287,20,1.8812850740085123,1748,2026-10-05T17:49:31+00:00
CNXC,Concentrix Corporation Common Stock,NASDAQ,True,True,True,25.6,60629002.58150001,2221195.15,2.3464071428571427,20,9.165652901785712,1749,2026-10-05T17:49:31+00:00
KSPI,Joint Stock Company Kaspi.kz American Depository Shares,NASDAQ,True,True,True,94.28,60600251.65849999,622308.35,2.56790714285714,20,2.723702951694039,1750,2026-10-05T17:49:31+00:00
PIPR,Piper Sandler Companies,NYSE,True,True,True,65.71,60424116.498,860455.5,2.638642857142859,20,4.015587973128685,1751,2026-10-05T17:49:31+00:00
VSNT,"Versant Media Group, Inc. Class A Common Stock",NASDAQ,True,True,True,30.64,60415537.19225,1754748.25,1.1542142857142863,20,3.767017903767253,1752,2026-10-05T17:49:31+00:00
SCHK,Schwab 1000 Index ETF,ARCA,True,True,True,37.2899,60390119.87946501,1638297.1,0.35752857142857203,20,0.958781255590849,1753,2026-10-05T17:49:31+00:00
R,"Ryder System, Inc.",NYSE,True,True,True,239.655,60332302.722,253757.7,5.842464285714287,20,2.437864549337292,1754,2026-10-05T17:49:31+00:00
GLBE,Global-E Online Ltd. Ordinary Shares,NASDAQ,True,True,True,39.39,60305548.523,1554340.55,1.5475000000000005,20,3.92866209697893,1755,2026-10-05T17:49:31+00:00
KEX,Kirby Corporation,NYSE,True,True,True,139.84,60280102.34250001,446806.5,3.6384571428571397,20,2.6018715266426913,1756,2026-10-05T17:49:31+00:00
NAIL,Direxion Daily Homebuilders & Supplies Bull 3X ETF,ARCA,True,True,True,26.92,60278814.401999995,2026973.8,2.107992857142857,20,7.830582678836764,1757,2026-10-05T17:49:31+00:00
CWB,State Street SPDR Bloomberg Convertible Securities ETF,ARCA,True,True,True,102.155,60258499.228,591862.9,1.302492857142859,20,1.275016256808633,1758,2026-10-05T17:49:31+00:00
TARS,"Tarsus Pharmaceuticals, Inc. Common Stock",NASDAQ,True,True,True,74.78,60152213.372,767223.25,2.660721428571427,20,3.5580655637488996,1759,2026-10-05T17:49:31+00:00
HCC,"Warrior Met Coal, Inc.",NYSE,True,True,True,92.345,60114687.64600001,655551.55,3.3363714285714274,20,3.612942150166688,1760,2026-10-05T17:49:31+00:00
DXD,ProShares UltraShort Dow 30,ARCA,False,False,True,17.915,60052444.453999996,3403421.15,0.34405714285714317,20,1.9204975878154797,1761,2026-10-05T17:49:31+00:00
TU,Telus Corporation,NYSE,True,True,True,7.9179,60024304.563664995,6905507.0,0.2013499999999999,20,2.5429722527437812,1762,2026-10-05T17:49:31+00:00
VOT,Vanguard Morningstar Mid-Cap Growth ETF,ARCA,True,True,True,300.0495,59989141.35672499,203425.9,3.669478571428564,20,1.222957735783117,1763,2026-10-05T17:49:31+00:00
IWS,iShares Russell Mid-Cap Value ETF,ARCA,True,True,True,164.025,59924719.191250004,365962.65,1.587299999999999,20,0.9677183356195695,1764,2026-10-05T17:49:31+00:00
WMG,Warner Music Group Corp. Class A Common Stock,NASDAQ,True,True,True,27.45,59892635.11524999,2155485.6,0.8352785714285719,20,3.042909185532138,1765,2026-10-05T17:49:31+00:00
QUBT,Quantum Computing Inc. Common Stock,NASDAQ,False,False,True,7.845,59870628.795499995,7031669.1,0.42418571428571417,20,5.4070836747700985,1766,2026-10-05T17:49:31+00:00
DCI,"Donaldson Company, Inc.",NYSE,True,True,True,90.28,59824090.43650001,683864.15,1.6326428571428562,20,1.8084214190771557,1767,2026-10-05T17:49:31+00:00
UMAC,"Unusual Machines, Inc.",AMEX,True,True,True,21.87,59797318.081999995,2551201.8,1.6991428571428566,20,7.769286040890977,1768,2026-10-05T17:49:31+00:00
RITM,Rithm Capital Corp.,NYSE,True,True,True,8.775,59611413.02275,6416467.1,0.24107857142857142,20,2.747334147334147,1769,2026-10-05T17:49:31+00:00
NSIT,"Insight Enterprises, Inc. Common Stock",NASDAQ,True,True,True,158.71,59587525.513,377298.65,6.2342357142857106,20,3.928067364555296,1770,2026-10-05T17:49:31+00:00
HHH,Howard Hughes Holdings Inc.,NYSE,True,True,True,71.81,59510030.39000001,889531.2,2.9781214285714284,20,4.147223824775698,1771,2026-10-05T17:49:31+00:00
USDE,StablecoinX Inc. Class A Common Stock,NASDAQ,False,False,True,14.1699,59427861.842185,5114197.0,2.1003142857142856,20,14.822364912344375,1772,2026-10-05T17:49:31+00:00
GSG,iShares S&P  GSCI Commodity-Indexed Trust,ARCA,True,True,True,35.505,59381140.793999985,1648793.0,0.6407142857142846,20,1.8045748083770865,1773,2026-10-05T17:49:31+00:00
CVI,"CVR ENERGY, INC.",NYSE,True,True,True,56.44,59325597.516499996,1158044.8,2.748792857142856,20,4.870292092740709,1774,2026-10-05T17:49:31+00:00
STAG,"STAG INDUSTRIAL, INC.",NYSE,True,True,True,36.32,59324998.998500004,1606494.65,0.6208714285714301,20,1.7094477658905014,1775,2026-10-05T17:49:31+00:00
AMX,America Movil S.A.B de C.V American Depositary Shares (each representing the right to receive twenty (20) Series B Shares),NYSE,True,True,True,22.165,59296801.74225,2651851.4,0.5396357142857143,20,2.43462988624279,1776,2026-10-05T17:49:31+00:00
MUNI,PIMCO Intermediate Municipal Bond Active Exchange-Traded Fund,ARCA,True,True,True,49.675,59294047.96699999,1185710.8,0.28914285714285676,20,0.5820691638507434,1777,2026-10-05T17:49:31+00:00
SBLK,Star Bulk Carriers Corp. Common Shares,NASDAQ,True,True,True,30.815,59285806.22849999,1933707.5,0.9083499999999999,20,2.947752717832224,1778,2026-10-05T17:49:31+00:00
IRTC,"iRhythm Holdings, Inc. Common Stock",NASDAQ,True,True,True,107.94,59217903.49899999,524544.55,3.511342857142857,20,3.253050636597051,1779,2026-10-05T17:49:31+00:00
SLAB,"Silicon Laboratories, Inc. Common Stock",NASDAQ,True,True,True,222.69,59200932.0105,268103.65,0.9621928571428607,20,0.43207726307551336,1780,2026-10-05T17:49:31+00:00
HTHT,H World Group Limited American Depositary Shares,NASDAQ,True,True,True,41.63,59112617.088499986,1375500.55,0.8407142857142844,20,2.0194914381798807,1781,2026-10-05T17:49:31+00:00
SNDG,Leverage Shares 2X Long SNDK Daily ETF,BATS,False,False,True,10.03,58934493.73924999,5743231.85,1.075342857142857,20,10.721264777097279,1782,2026-10-05T17:49:31+00:00
CNO,"CNO Financial Group, Inc.",NYSE,True,True,True,54.435,58920860.01774999,1079641.3,1.1503571428571442,20,2.1132674618483405,1783,2026-10-05T17:49:31+00:00
CBSH,"Commerce Bancshares, Inc. Common Stock",NASDAQ,True,True,True,55.24,58639607.180999994,1032549.4,1.009014285714286,20,1.8266008068687292,1784,2026-10-05T17:49:31+00:00
TDS,Telephone and Data Systems Inc.,NYSE,True,True,True,35.41,58559513.760000005,1617055.8,1.0915571428571431,20,3.082623956106024,1785,2026-10-05T17:49:31+00:00
CVCO,"Cavco Industries, Inc. Common Stock When Issued",NASDAQ,True,True,True,569.11,58482830.467499994,106633.65,18.31787142857143,20,3.218687323816385,1786,2026-10-05T17:49:31+00:00
AFG,"American Financial Group, Inc.",NYSE,True,True,True,140.9,58435490.88199999,414684.7,2.0775785714285684,20,1.4745057284801764,1787,2026-10-05T17:49:31+00:00
HLNE,Hamilton Lane Incorporated Class A Common Stock,NASDAQ,True,True,True,87.065,58431714.05974998,651896.55,3.62193571428571,20,4.160036425987148,1788,2026-10-05T17:49:31+00:00
SBSW,"Sibanye-Stillwater American Depositary Shares, each representing four ordinary shares",NYSE,True,True,True,10.0,58381887.2735,5196918.7,0.48607142857142865,20,4.860714285714287,1789,2026-10-05T17:49:31+00:00
VHT,Vanguard Health Care ETF,ARCA,True,True,True,313.87,58356286.0245,184865.8,3.9917571428571414,20,1.2717867725036294,1790,2026-10-05T17:49:31+00:00
NEOG,Neogen Corporation Common Stock,NASDAQ,True,True,True,12.585,58130269.40625,4511294.55,0.6116428571428567,20,4.860094216470852,1791,2026-10-05T17:49:31+00:00
FENI,Fidelity Enhanced International ETF,ARCA,True,True,True,39.985,58107307.30875001,1438336.65,0.4861642857142862,20,1.2158666642848224,1792,2026-10-05T17:49:31+00:00
SMG,The Scotts Miracle-Gro Company,NYSE,True,True,True,49.355,58051766.6365,1112513.15,1.8054071428571439,20,3.658002518199056,1793,2026-10-05T17:49:31+00:00
OLED,Universal Display Corporation Common Stock,NASDAQ,True,True,True,80.1,57970099.8255,740031.3,2.4391785714285725,20,3.045166755840915,1794,2026-10-05T17:49:31+00:00
CHH,Choice Hotels Intnl.,NYSE,True,True,True,100.1,57910414.35050001,579935.2,2.913271428571431,20,2.9103610675039273,1795,2026-10-05T17:49:31+00:00
SMCX,Tidal Trust II Defiance Daily Target 2X Long SMCI ETF,NASDAQ,False,False,True,15.34,57889956.02149999,4281064.05,1.433964285714286,20,9.347876699571616,1796,2026-10-05T17:49:31+00:00
MTH,Meritage Homes Corporation,NYSE,True,True,True,62.47,57871012.75100001,901470.65,2.1039285714285754,20,3.3679023073932695,1797,2026-10-05T17:49:31+00:00
SATA,"Strive, Inc. Variable Rate Series A Perpetual Preferred Stock",NASDAQ,False,False,True,100.01,57763360.056499995,577711.4,0.06642857142857597,20,0.0664219292356524,1798,2026-10-05T17:49:31+00:00
NOBL,ProShares S&P 500 Dividend Aristocrats ETF,BATS,True,True,True,54.485,57726510.2255,1043366.0,0.543257142857143,20,0.9970765217163311,1799,2026-10-05T17:49:31+00:00
NUAI,"New Era Energy & Digital, Inc. Common Stock",NASDAQ,True,True,True,5.915,57724434.910749994,8702848.4,0.6827857142857143,20,11.543291872962204,1800,2026-10-05T17:49:31+00:00
JAN,"Janus Living, Inc.",NYSE,True,True,True,29.035,57632435.095249996,1908101.65,0.7974285714285713,20,2.7464390267903265,1801,2026-10-05T17:49:31+00:00
MUD,Direxion Shares ETF Trust Direxion Daily MU Bear 1X ETF,NASDAQ,False,False,True,9.09,57588889.832499996,6067971.9,0.384157142857143,20,4.226151186547227,1802,2026-10-05T17:49:31+00:00
LSTR,"Landstar System, Inc. Common Stock",NASDAQ,True,True,True,171.35,57588355.342999995,338487.15,4.319457142857142,20,2.520838717745633,1803,2026-10-05T17:49:31+00:00
VIS,Vanguard Industrials ETF,ARCA,False,False,True,327.7,57425603.948,176352.7,4.377650000000009,20,1.3358712236801982,1804,2026-10-05T17:49:31+00:00
XLG,Invesco S&P 500 Top 50 ETF,ARCA,True,True,True,64.69,57125095.76800001,901016.55,0.709071428571428,20,1.096106706711127,1805,2026-10-05T17:49:31+00:00
APPF,"AppFolio, Inc. Class A Common Stock",NASDAQ,True,True,True,202.98,57109861.073,272554.9,7.332321428571425,20,3.612336894556816,1806,2026-10-05T17:49:31+00:00
THRO,iShares U.S. Thematic Rotation Active ETF,ARCA,False,False,True,44.685,56996398.75675001,1291753.6,0.40944285714285805,20,0.9162870250483562,1807,2026-10-05T17:49:31+00:00
AMR,"Alpha Metallurgical Resources, Inc.",NYSE,True,True,True,173.375,56973385.8245,306227.95,8.849107142857147,20,5.104027191265838,1808,2026-10-05T17:49:31+00:00
HAE,Haemonetics Corporation,NYSE,True,True,True,105.25,56964073.572000004,538833.45,2.362142857142859,20,2.244316253817443,1809,2026-10-05T17:49:31+00:00
SON,Sonoco Products Company,NYSE,True,True,True,48.295,56930277.526,1160582.35,1.1335000000000004,20,2.347033854436278,1810,2026-10-05T17:49:31+00:00
TM,Toyota Motor Corporation American Depositary Shares (Each representing ten Ordinary Shares),NYSE,True,True,True,184.345,56896680.73724999,299017.3,3.07865,20,1.6700480078114404,1811,2026-10-05T17:49:31+00:00
CBRL,"Cracker Barrel Old Country Store, Inc Common Stock",NASDAQ,True,True,True,55.68,56820344.48625,1158843.1,2.699699999999999,20,4.848599137931033,1812,2026-10-05T17:49:31+00:00
WU,The Western Union Company,NYSE,True,True,True,6.03,56816206.6365,8975924.3,0.20305714285714296,20,3.3674484719260858,1813,2026-10-05T17:49:31+00:00
MORN,"Morningstar, Inc. Common Stock",NASDAQ,True,True,True,186.36,56807524.88125,288043.7,6.142142857142862,20,3.295848281360196,1814,2026-10-05T17:49:31+00:00
EMLC,VanEck J. P. Morgan EM Local Currency Bond ETF,ARCA,True,True,True,24.715,56637207.37225,2259621.45,0.16783571428571367,20,0.6790844195254447,1815,2026-10-05T17:49:31+00:00
RDN,Radian Group Inc.,NYSE,True,True,True,33.72,56301285.275,1679765.25,0.9355142857142867,20,2.774360277919,1816,2026-10-05T17:49:31+00:00
VOD,Vodafone Group Plc American Depositary Shares,NASDAQ,True,True,True,16.81,56125194.179000005,3320681.1,0.3261071428571429,20,1.9399592079544492,1817,2026-10-05T17:49:31+00:00
OCTV,Octave Intelligence plc Class B Ordinary Shares,NASDAQ,True,True,True,20.12,56124886.823,3000904.7,0.753957142857143,20,3.7473019028685037,1818,2026-10-05T17:49:31+00:00
AAXJ,iShares MSCI All Country Asia ex Japan ETF,NASDAQ,True,True,True,119.55,55988381.38325001,479358.6,1.8505714285714288,20,1.547947660871124,1819,2026-10-05T17:49:31+00:00
OMF,"OneMain Holdings, Inc.",NYSE,True,True,True,56.2924,55933389.51094,944524.3,1.4509928571428574,20,2.577599919603459,1820,2026-10-05T17:49:31+00:00
LRN,"Stride, Inc.",NYSE,True,True,True,78.555,55922124.557500005,700168.95,2.2278571428571436,20,2.836047537212327,1821,2026-10-05T17:49:31+00:00
ESNT,Essent Group LTD,NYSE,True,True,True,61.545,55921811.69100001,864347.6,1.6627928571428592,20,2.7017513317781447,1822,2026-10-05T17:49:31+00:00
TH,Target Hospitality Corp. Common Stock,NASDAQ,True,True,True,18.93,55874283.20050001,2828076.8,1.0207071428571428,20,5.3920081503282775,1823,2026-10-05T17:49:31+00:00
STNE,StoneCo Ltd. Class A Common Shares,NASDAQ,True,True,True,11.565,55854164.43075,5582210.95,0.5142714285714284,20,4.446791427336173,1824,2026-10-05T17:49:31+00:00
FLKR,Franklin FTSE South Korea ETF,ARCA,True,True,True,62.99,55842844.82000001,916981.3,1.7809142857142863,20,2.8272968498401116,1825,2026-10-05T17:49:31+00:00
TME,"Tencent Music Entertainment Group American Depositary Shares, each representing two Class A Ordinary Shares",NYSE,True,True,True,7.835,55777749.822000004,6942537.25,0.21410714285714258,20,2.732701248974379,1826,2026-10-05T17:49:31+00:00
WLK,Westlake Corporation,NYSE,True,True,True,65.45,55699741.60599999,831396.9,2.282592857142858,20,3.487536832914986,1827,2026-10-05T17:49:31+00:00
CBC,"Central Bancompany, Inc. Class A Common Stock",NASDAQ,True,True,True,32.025,55695471.19925,1748793.35,0.728928571428571,20,2.2761235641797692,1828,2026-10-05T17:49:31+00:00
DLB,"Dolby Laboratories, Inc.Class A",NYSE,True,True,True,59.22,55587354.0365,935092.75,1.457285714285715,20,2.460799922806003,1829,2026-10-05T17:49:31+00:00
GPCR,Structure Therapeutics Inc. American Depositary Shares,NASDAQ,True,True,True,27.63,55511366.36099999,1572287.75,1.9838285714285722,20,7.179980352618792,1830,2026-10-05T17:49:31+00:00
CRDU,Tradr 2X Long CRDO Daily ETF,BATS,False,False,True,10.59,55340761.1275,6654758.45,1.1957785714285711,20,11.29158235532173,1831,2026-10-05T17:49:31+00:00
ST,Sensata Technologies Holding plc,NYSE,True,True,True,43.705,55334473.15100001,1311862.95,1.0499999999999983,20,2.402471113144945,1832,2026-10-05T17:49:31+00:00
AMRX,"Amneal Pharmaceuticals, Inc. Class A Common Stock",NASDAQ,True,True,True,20.565,55311624.12175001,2889948.55,0.9888785714285717,20,4.80855128338717,1833,2026-10-05T17:49:31+00:00
PRI,"PRIMERICA, INC.",NYSE,True,True,True,279.79,55303149.587,195219.15,5.559664285714291,20,1.9870847012810646,1834,2026-10-05T17:49:31+00:00
RDNT,"RadNet, Inc. Common Stock",NASDAQ,True,True,True,70.315,55292491.46875,752794.3,2.5146642857142862,20,3.5762842717973213,1835,2026-10-05T17:49:31+00:00
ROAD,"Construction Partners, Inc. Class A Common Stock",NASDAQ,True,True,True,90.34,55207623.88200001,588147.6,3.650021428571427,20,4.040315949271006,1836,2026-10-05T17:49:31+00:00
SCHQ,Schwab Long-Term U.S. Treasury ETF,ARCA,True,True,True,28.0759,55103105.369805016,1892823.0,0.2931428571428573,20,1.0441084956950883,1837,2026-10-05T17:49:31+00:00
ESLT,Elbit Systems Ltd. Ordinary Shares,NASDAQ,True,True,True,715.82,55092379.84575,76385.7,17.001071428571443,20,2.3750483960452966,1838,2026-10-05T17:49:31+00:00
IMAX,Imax Corp,NYSE,True,True,True,52.5,55061479.484500006,1028469.6,1.942378571428572,20,3.699768707482994,1839,2026-10-05T17:49:31+00:00
ITRI,"Itron, Inc. Common Stock",NASDAQ,True,True,True,87.71,54956018.464,606176.2,2.574635714285713,20,2.9353958662475352,1840,2026-10-05T17:49:31+00:00
CAMT,Camtek Ltd. Ordinary Shares,NASDAQ,True,True,True,166.7,54911628.921000004,371663.65,6.915892857142866,20,4.148705973091102,1841,2026-10-05T17:49:31+00:00
CLBK,"Columbia Financial, Inc. Common Stock",NASDAQ,True,True,True,11.335,54757044.887,4801674.4,0.26000000000000006,20,2.2937803264225853,1842,2026-10-05T17:49:31+00:00
SEZL,Sezzle Inc. Common Stock,NASDAQ,True,True,True,109.88,54654845.88075,485971.4,5.351421428571428,20,4.8702415622237245,1843,2026-10-05T17:49:31+00:00
MEOH,Methanex Corporation Common Stock,NASDAQ,True,True,True,60.255,54599774.761250004,891726.4,1.8359428571428589,20,3.0469552022950106,1844,2026-10-05T17:49:31+00:00
MRCY,Mercury Systems Inc Common Stock,NASDAQ,True,True,True,83.5,54537765.760249995,651700.75,2.935750000000001,20,3.515868263473055,1845,2026-10-05T17:49:31+00:00
AWI,"Armstrong World Industries, Inc.",NYSE,True,True,True,164.765,54533835.74525,335824.7,3.697635714285712,20,2.2441876091923114,1846,2026-10-05T17:49:31+00:00
IMVT,"Immunovant, Inc. Common Stock",NASDAQ,True,True,True,33.455,54472664.92375,1522769.4,1.341428571428572,20,4.0096504899972265,1847,2026-10-05T17:49:31+00:00
MIR,"Mirion Technologies, Inc.",NYSE,True,True,True,14.76,54363343.008,3498461.2,0.6628571428571427,20,4.490902051877661,1848,2026-10-05T17:49:31+00:00
NTLA,"Intellia Therapeutics, Inc. Common Stock",NASDAQ,True,True,True,12.46,54312824.4065,4494332.9,0.6937428571428571,20,5.56775968814492,1849,2026-10-05T17:49:31+00:00
SKUU,GraniteShares ETF Trust GraniteShares 2x Long SK Hynix Daily ETF,NASDAQ,False,False,True,31.8,54308316.6755,1842175.3,2.302528571428572,20,7.24065588499551,1850,2026-10-05T17:49:31+00:00
BEPC,Brookfield Renewable Corporation Class A Exchangeable Subordinate Voting Shares,NYSE,True,True,True,28.58,54279763.39799999,1839733.1,0.7285642857142854,20,2.5492102369289205,1851,2026-10-05T17:49:31+00:00
SRPT,"Sarepta Therapeutics, Inc. Common Stock (DE)",NASDAQ,True,True,True,17.385,54241298.9505,2738995.1,0.9824999999999999,20,5.651423641069886,1852,2026-10-05T17:49:31+00:00
FSM,Fortuna Mining Corp.,NYSE,True,True,True,11.145,54173003.39950001,4681222.55,0.4201785714285717,20,3.770108312504008,1853,2026-10-05T17:49:31+00:00
BAND,Bandwidth Inc. Class A Common Stock,NASDAQ,True,True,True,62.445,54126236.4395,972368.05,4.129278571428571,20,6.612664859361953,1854,2026-10-05T17:49:31+00:00
YUMC,"Yum China Holdings, Inc. Common Stock",NYSE,True,True,True,40.27,54058835.3645,1303847.6,0.6428571428571423,20,1.5963673773457718,1855,2026-10-05T17:49:31+00:00
UBSI,"United Bankshares, Inc. Common Stock",NASDAQ,True,True,True,46.77,53972118.14299999,1150873.15,0.8350000000000009,20,1.7853324780842437,1856,2026-10-05T17:49:31+00:00
AM,Antero Midstream Corporation Common Stock,NYSE,True,True,True,20.73,53970403.020500004,2548628.75,0.4839285714285718,20,2.3344359451450645,1857,2026-10-05T17:49:31+00:00
SSD,"Simpson Manufacturing Co., Inc.",NYSE,True,True,True,174.36,53960051.039,310995.65,3.476964285714278,20,1.9941295513387691,1858,2026-10-05T17:49:31+00:00
RXO,"RXO, Inc.",NYSE,True,True,True,28.51,53957919.897,2413399.15,1.4935428571428577,20,5.238663125720301,1859,2026-10-05T17:49:31+00:00
SAIC,Science Applications International Corporation Common Stock,NASDAQ,True,True,True,126.99,53923458.847,413139.65,3.362235714285713,20,2.647638171734556,1860,2026-10-05T17:49:31+00:00
LXP,LXP Industrial Trust,NYSE,True,True,True,60.95,53910226.6645,885802.0,0.09035714285714239,20,0.1482479784366569,1861,2026-10-05T17:49:31+00:00
DOX,Amdocs Limited Ordinary Shares,NASDAQ,True,True,True,58.51,53897339.1015,908228.0,1.3584928571428574,20,2.3218131210782045,1862,2026-10-05T17:49:31+00:00
BHF,"Brighthouse Financial, Inc. Common Stock",NASDAQ,True,True,True,50.175,53831335.38375001,1057691.9,1.6337214285714288,20,3.2560466937148558,1863,2026-10-05T17:49:31+00:00
ACAD,ACADIA Pharmaceuticals Inc. Common Stock,NASDAQ,True,True,True,20.075,53813861.70975,2284850.65,1.0524142857142862,20,5.242412382138412,1864,2026-10-05T17:49:31+00:00
DSGX,Descartes Systems Group Inc. (The) Common Stock,NASDAQ,True,True,True,79.72,53750404.73149999,690105.15,2.4935000000000014,20,3.127822378324136,1865,2026-10-05T17:49:31+00:00
FHB,"First Hawaiian, Inc. Common Stock",NASDAQ,True,True,True,25.14,53731647.77424999,2117784.5,0.46071428571428513,20,1.832594613024205,1866,2026-10-05T17:49:31+00:00
ATR,"AptarGroup, Inc.",NYSE,True,True,True,120.21,53687797.103,433890.3,2.178914285714286,20,1.812589872485056,1867,2026-10-05T17:49:31+00:00
BKAG,BNY Mellon Core Bond ETF,ARCA,True,True,True,39.715,53535405.91745,1333431.25,0.2164214285714284,20,0.5449362421539176,1868,2026-10-05T17:49:31+00:00
VVX,"V2X, Inc.",NYSE,True,True,True,71.39,53490657.3075,717631.15,2.7002714285714293,20,3.7824225081544047,1869,2026-10-05T17:49:31+00:00
MC,MOELIS & COMPANY,NYSE,True,True,True,56.31,53471491.07,888373.2,1.9482071428571426,20,3.4597889235609,1870,2026-10-05T17:49:31+00:00
BXDC,Blackstone Digital Infrastructure Trust Inc.,NYSE,True,True,True,17.22,53420874.778500006,2823776.8,0.6757857142857144,20,3.9244234279077492,1871,2026-10-05T17:49:31+00:00
PPLI,People Incorporated Common Stock,NASDAQ,True,True,False,42.015,53407153.567,1383908.3,1.5539071428571423,20,3.6984580336954473,1872,2026-10-05T17:49:31+00:00
PENN,"PENN Entertainment, Inc. Common Stock",NASDAQ,True,True,True,15.3003,53351854.67511,3313479.9,0.6557142857142859,20,4.285630253748527,1873,2026-10-05T17:49:31+00:00
MGNI,"Magnite, Inc. Common Stock",NASDAQ,True,True,True,24.91,53348125.6335,2162733.35,1.2033714285714283,20,4.83087687102139,1874,2026-10-05T17:49:31+00:00
QMCO,Quantum Corporation Common Stock,NASDAQ,True,True,True,34.45,53322347.62974999,1849053.85,2.9463071428571426,20,8.552415509019282,1875,2026-10-05T17:49:31+00:00
RKLX,Tidal Trust II Defiance Daily Target 2X Long RKLB ETF,NASDAQ,False,False,True,18.32,53269833.772999994,3190906.0,1.9654214285714293,20,10.728282907049287,1876,2026-10-05T17:49:31+00:00
IRDM,Iridium Communications Inc Common Stock,NASDAQ,True,True,True,48.55,53248363.29900001,1118370.3,0.9291714285714286,20,1.9138443430925411,1877,2026-10-05T17:49:31+00:00
ADT,ADT Inc.,NYSE,True,True,True,6.2907,53149673.253225,7995941.4,0.16807857142857133,20,2.6718580035381008,1878,2026-10-05T17:49:31+00:00
BC,Brunswick Corporation,NYSE,True,True,True,65.51,53131844.36849999,788207.3,2.035178571428571,20,3.1066685565998635,1879,2026-10-05T17:49:31+00:00
OZK,Bank OZK Common Stock,NASDAQ,True,True,True,46.665,53119678.546500005,1119653.55,0.9046428571428561,20,1.9385896435076742,1880,2026-10-05T17:49:31+00:00
BLV,Vanguard Long-Term Bond ETF,ARCA,True,True,True,62.015,53105296.29125,827815.3,0.6336857142857139,20,1.021826516626161,1881,2026-10-05T17:49:31+00:00
KBR,"KBR, Inc.",NYSE,True,True,True,34.695,53101503.710750006,1491690.75,1.0617857142857139,20,3.06034216540053,1882,2026-10-05T17:49:31+00:00
PLXS,Plexus Corp. Common Stock,NASDAQ,True,True,True,274.97,53059965.08349999,207373.7,7.323207142857143,20,2.6632749546703796,1883,2026-10-05T17:49:31+00:00
DPC,DPC Holdings PLC,NYSE,False,False,True,41.57,53054887.596999995,1280249.45,2.048292857142855,20,4.927334272655412,1884,2026-10-05T17:49:31+00:00
PSN,Parsons Corporation,NYSE,True,True,True,42.685,53008410.4795,1203229.3,1.5708285714285708,20,3.680048193577535,1885,2026-10-05T17:49:31+00:00
STEP,StepStone Group Inc. Class A Common Stock,NASDAQ,True,True,True,46.16,53005721.889,1130686.9,1.9724999999999997,20,4.273180242634314,1886,2026-10-05T17:49:31+00:00
FRSH,Freshworks Inc. Class A Common Stock,NASDAQ,True,True,True,12.92,52973549.9825,4227545.7,0.45715,20,3.538312693498452,1887,2026-10-05T17:49:31+00:00
NVAX,"Novavax, Inc. Common Stock",NASDAQ,True,True,True,11.78,52964163.65800001,5156192.9,0.64785,20,5.499575551782683,1888,2026-10-05T17:49:31+00:00
EBC,"Eastern Bankshares, Inc. Common Stock",NASDAQ,True,True,True,21.35,52889863.23475,2464762.55,0.41749999999999965,20,1.9555035128805605,1889,2026-10-05T17:49:31+00:00
MRX,Marex Group Limited Ordinary Shares,NASDAQ,True,True,True,74.61,52834590.084,725393.2,3.2374714285714288,20,4.339192371761732,1890,2026-10-05T17:49:31+00:00
NEAR,iShares Short Duration Bond Active ETF,BATS,True,True,True,49.76,52734818.8185,1055090.5,0.10779285714285843,20,0.21662551676619463,1891,2026-10-05T17:49:31+00:00
KRG,Kite Realty Group Trust,NYSE,True,True,True,24.19,52706121.246999994,2091775.2,0.4350000000000005,20,1.7982637453493198,1892,2026-10-05T17:49:31+00:00
EWU,iShares MSCI United Kingdom ETF,ARCA,False,False,True,46.175,52614878.484500006,1114728.1,0.5527500000000006,20,1.1970763400108297,1893,2026-10-05T17:49:31+00:00
CBZ,"CBIZ, Inc.",NYSE,True,True,True,54.74,52602246.10300001,962686.75,0.08392857142857275,20,0.15332219844459766,1894,2026-10-05T17:49:31+00:00
AROC,Archrock Inc,NYSE,True,True,True,30.035,52596728.10300001,1688556.9,0.8610785714285711,20,2.866917168065827,1895,2026-10-05T17:49:31+00:00
TCBI,"Texas Capital Bancshares, Inc. Common Stock",NASDAQ,True,True,True,93.69,52544807.4625,550896.3,1.6570071428571396,20,1.7686061936782362,1896,2026-10-05T17:49:31+00:00
IGM,iShares Expanded Tech Sector ETF,ARCA,True,True,True,173.15,52442055.532,316591.25,2.5403071428571473,20,1.467113567922118,1897,2026-10-05T17:49:31+00:00
CGCP,Capital Group Core Plus Income ETF,ARCA,True,True,True,21.1143,52319871.577425,2435350.65,0.12575714285714312,20,0.5956017621097698,1898,2026-10-05T17:49:31+00:00
NE,Noble Corporation plc,NYSE,True,True,True,42.765,52246000.02175001,1188075.9,1.535492857142857,20,3.5905363197541376,1899,2026-10-05T17:49:31+00:00
PBA,PEMBINA PIPELINE CORPORATION,NYSE,True,True,True,46.245,52199101.91975,1115786.0,0.9157142857142847,20,1.9801368487712936,1900,2026-10-05T17:49:31+00:00
ORCU,Direxion Shares ETF Trust Direxion Daily ORCL Bull 2X ETF,NASDAQ,False,False,True,7.185,52135841.570999995,6956868.45,0.6186142857142857,20,8.60980216721344,1901,2026-10-05T17:49:31+00:00
WAY,Waystar Holding Corp. Common Stock,NASDAQ,True,True,True,25.905,51955800.0695,2043547.15,1.070707142857143,20,4.133206496263822,1902,2026-10-05T17:49:31+00:00
COLD,"Americold Realty Trust, Inc.",NYSE,True,True,True,14.4,51832738.64650001,3593623.65,0.4889285714285713,20,3.3953373015873005,1903,2026-10-05T17:49:31+00:00
IJK,iShares S&P Mid-Cap 400 Growth ETF,ARCA,True,True,True,112.8451,51784532.696275,467744.65,1.3415714285714284,20,1.1888610392222865,1904,2026-10-05T17:49:31+00:00
NOG,"Northern Oil and Gas, Inc.",NYSE,True,True,True,24.31,51752430.276,2118534.9,0.8896357142857146,20,3.6595463360169256,1905,2026-10-05T17:49:31+00:00
SUN,SUNOCO L.P.,NYSE,False,False,False,74.195,51620553.04925,676611.5,2.123428571428571,20,2.8619564275605787,1906,2026-10-05T17:49:31+00:00
RAMP,"LiveRamp Holdings, Inc. Common Stock",NYSE,True,True,True,37.695,51332612.166,1363394.7,0.19821428571428612,20,0.5258370757773873,1907,2026-10-05T17:49:31+00:00
AMPX,"Amprius Technologies, Inc.",NYSE,True,True,True,9.4,51291062.1035,5333896.2,0.5877857142857145,20,6.253039513677813,1908,2026-10-05T17:49:31+00:00
EPR,EPR Properties,NYSE,True,True,True,56.37,51248028.667500004,889127.7,1.0807071428571429,20,1.9171671861932642,1909,2026-10-05T17:49:31+00:00
PTIR,GraniteShares ETF Trust GraniteShares 2x Long PLTR Daily ETF,NASDAQ,False,False,True,21.5071,51230766.95889501,2596924.35,1.2270714285714281,20,5.705424853055168,1910,2026-10-05T17:49:31+00:00
LMND,"Lemonade, Inc.",NYSE,True,True,True,46.4,51207699.0085,1087051.7,1.9086928571428576,20,4.113562192118228,1911,2026-10-05T17:49:31+00:00
UUP,Invesco DB US Dollar Index Bullish Fund,ARCA,True,True,True,29.02,51203113.7325,1795532.05,0.12565,20,0.4329772570640938,1912,2026-10-05T17:49:31+00:00
AUB,Atlantic Union Bankshares Corporation,NYSE,True,True,True,38.635,51174502.54175,1311494.9,0.7489285714285714,20,1.9384717779955258,1913,2026-10-05T17:49:31+00:00
LGN,Legence Corp. Class A Common stock,NASDAQ,True,True,True,54.71,51164158.184,947486.15,2.529864285714286,20,4.6241350497428,1914,2026-10-05T17:49:31+00:00
LEVI,Levi Strauss & Co. Class A Common Stock,NYSE,True,True,True,20.28,51107322.883999996,2561532.85,0.48321428571428654,20,2.382713440405752,1915,2026-10-05T17:49:31+00:00
FTSM,First Trust Exchange-Traded Fund IV First Trust Enhanced Short Maturity ETF,NASDAQ,False,False,True,59.56,50828961.81825,851947.1,0.05457142857142878,20,0.09162429243020277,1916,2026-10-05T17:49:31+00:00
HESM,Hess Midstream LP Class A Share representing a limited partner Interest,NYSE,True,True,True,38.39,50810151.225999996,1301457.95,0.8425285714285715,20,2.1946563465188107,1917,2026-10-05T17:49:31+00:00
BMI,"Badger Meter, Inc.",NYSE,True,True,True,125.34,50762978.27600001,394123.5,4.078349999999999,20,3.2538295835327897,1918,2026-10-05T17:49:31+00:00
WAFD,"WaFd, Inc. Common Stock",NASDAQ,True,True,True,30.29,50665918.967,1572479.6,0.7474999999999995,20,2.467811158798282,1919,2026-10-05T17:49:31+00:00
LIVN,LivaNova PLC Ordinary Shares,NASDAQ,True,True,True,76.415,50591760.88225,652402.85,2.1771428571428544,20,2.8491040465129283,1920,2026-10-05T17:49:31+00:00
CGBL,Capital Group Core Balanced ETF,ARCA,True,True,True,37.0799,50542046.49111001,1354600.8,0.3063357142857142,20,0.8261503248005366,1921,2026-10-05T17:49:31+00:00
MMSI,"Merit Medical Systems, Inc. Common Stock",NASDAQ,True,True,True,86.88,50521508.95900001,583010.5,1.7705285714285748,20,2.037901210207844,1922,2026-10-05T17:49:31+00:00
IYF,iShares U.S. Financials ETF,ARCA,False,False,True,126.88,50500395.847,388731.95,1.7217785714285705,20,1.3570133759682932,1923,2026-10-05T17:49:31+00:00
BCRX,"BioCryst Pharmaceuticals, Inc. Common Stock",NASDAQ,True,True,True,8.11,50468542.537999995,5953991.4,0.3023857142857143,20,3.728553813633962,1924,2026-10-05T17:49:31+00:00
BLSH,Bullish,NYSE,True,True,True,34.5656,50441859.2097,1376775.8,2.5322214285714297,20,7.325842538742071,1925,2026-10-05T17:49:31+00:00
VPL,Vanguard FTSE Pacific ETF,ARCA,True,True,True,118.31,50405487.695,431104.95,1.912857142857144,20,1.6168178031080584,1926,2026-10-05T17:49:31+00:00
SBRA,"Sabra Health Care REIT, Inc. Common Stock",NASDAQ,True,True,True,19.145,50330693.44950001,2519874.05,0.3592857142857139,20,1.8766555982539248,1927,2026-10-05T17:49:31+00:00
SLM,SLM Corporation Common Stock,NASDAQ,True,True,True,22.82,50323808.863,2076638.25,0.7224642857142862,20,3.165925879554278,1928,2026-10-05T17:49:31+00:00
HGER,Harbor Commodity All-Weather Strategy ETF,NYSE,True,True,True,35.395,50310448.3485,1408713.9,0.3974285714285714,20,1.122838173269025,1929,2026-10-05T17:49:31+00:00
SMTH,ALPS Smith Core Plus Bond ETF,ARCA,True,True,True,24.475,50306542.24125,2017706.55,0.12950714285714252,20,0.5291405223989479,1930,2026-10-05T17:49:31+00:00
FUL,H.B. Fuller Company,NYSE,True,True,True,50.605,50286521.22625001,1000466.95,1.946785714285713,20,3.8470224568436184,1931,2026-10-05T17:49:31+00:00
DFSV,U.S. Small Cap Value Portfolio ETF Class Shares,ARCA,True,True,True,38.4999,50275122.89393,1297306.85,0.4916785714285713,20,1.277090515633992,1932,2026-10-05T17:49:31+00:00
TRNO,Terreno Realty Corporation,NYSE,True,True,True,65.035,50253682.73149999,765264.2,0.9874928571428586,20,1.51840217904645,1933,2026-10-05T17:49:31+00:00
NOVT,Novanta Inc. Common Stock,NASDAQ,True,True,True,149.91,50219984.288,356429.65,5.33642857142857,20,3.5597549005593825,1934,2026-10-05T17:49:31+00:00
EFAV,iShares MSCI EAFE Min Vol Factor ETF,BATS,True,True,True,90.82,50215890.09700001,542906.65,0.8760642857142855,20,0.9646160380029571,1935,2026-10-05T17:49:31+00:00
KD,"Kyndryl Holdings, Inc.",NYSE,True,True,True,11.465,50204827.302499995,4120759.35,0.5936785714285715,20,5.1781820447324165,1936,2026-10-05T17:49:31+00:00
LOPE,"Grand Canyon Education, Inc. Common Stock",NASDAQ,True,True,True,154.5,50180079.903,331826.75,4.338621428571433,20,2.808169209431348,1937,2026-10-05T17:49:31+00:00
CAR,"Avis Budget Group, Inc. Common Stock",NASDAQ,True,True,True,109.0,50176367.87549999,438667.9,5.847171428571429,20,5.364377457404982,1938,2026-10-05T17:49:31+00:00
SHOO,"Steven Madden, Ltd. Common Stock",NASDAQ,True,True,True,45.83,50071779.149000004,1153460.6,1.2857142857142878,20,2.8053988342009335,1939,2026-10-05T17:49:31+00:00
BEAM,Beam Therapeutics Inc. Common Stock,NASDAQ,True,True,True,25.085,50047947.165249996,2013565.1,1.2789214285714283,20,5.0983513197983985,1940,2026-10-05T17:49:31+00:00
IVLU,iShares MSCI Intl Value Factor ETF,ARCA,True,True,True,42.675,50045699.330249995,1148289.9,0.5575071428571421,20,1.3064022093899053,1941,2026-10-05T17:49:31+00:00
EVTR,Eaton Vance Total Return Bond ETF,NYSE,True,True,True,48.055,50029527.50768,1023789.1,0.28606428571428566,20,0.5952851643206444,1942,2026-10-05T17:49:31+00:00
HAYW,"Hayward Holdings, Inc.",NYSE,True,True,True,12.51,49849395.969500005,3911593.6,0.31376428571428555,20,2.5081077994747045,1943,2026-10-05T17:49:31+00:00
CECO,CECO Environmental Corp. Common Stock,NASDAQ,True,True,True,76.0,49824787.844000004,687569.75,3.361785714285714,20,4.423402255639097,1944,2026-10-05T17:49:31+00:00
RUM,RUM Group Inc. Class A Common Stock,NASDAQ,True,True,True,7.435,49747048.05675001,6062742.45,0.5399714285714283,20,7.262561245076374,1945,2026-10-05T17:49:31+00:00
SVIX,-1x Short VIX Futures ETF,BATS,False,False,True,29.385,49704037.316750005,1752266.1,0.7725000000000003,20,2.628892291985708,1946,2026-10-05T17:49:31+00:00
BKD,"Brookdale Senior Living, Inc.",NYSE,True,True,True,10.6,49679357.687500015,4351784.1,0.30272142857142903,20,2.8558625336927266,1947,2026-10-05T17:49:31+00:00
NPO,Enpro Inc.,NYSE,True,True,True,337.935,49668094.965500005,164303.4,10.699421428571437,20,3.1661181672722383,1948,2026-10-05T17:49:31+00:00
DV,"DoubleVerify Holdings, Inc.",NYSE,True,True,True,13.485,49667097.28125,3689898.85,0.04321428571428625,20,0.3204618888712366,1949,2026-10-05T17:49:31+00:00
BGC,"BGC Group, Inc. Class A Common Stock",NASDAQ,True,True,True,12.165,49656588.297000006,4141076.35,0.4043071428571428,20,3.323527684810052,1950,2026-10-05T17:49:31+00:00
FMX,"FOMENTO ECONOMICO MEXICANO, S.A.B. DE C.V.",NYSE,True,True,True,117.18,49654644.20200001,417317.1,2.670249999999999,20,2.278759173920463,1951,2026-10-05T17:49:31+00:00
VC,Visteon Corporation Common Stock,NASDAQ,True,True,True,89.73,49574267.36100001,532137.3,3.064642857142858,20,3.4154049449937123,1952,2026-10-05T17:49:31+00:00
ZIM,ZIM Integrated Shipping Services Ltd.,NYSE,True,True,True,29.475,49570989.276499994,1680182.4,0.9636857142857137,20,3.2695019992729897,1953,2026-10-05T17:49:31+00:00
CRC,California Resources Corporation,NYSE,True,True,True,53.35,49482819.80100001,918038.75,1.665035714285715,20,3.120966662203777,1954,2026-10-05T17:49:31+00:00
OPCH,"Option Care Health, Inc. Common Stock",NASDAQ,True,True,True,23.24,49265910.499,2080030.35,0.7107142857142854,20,3.058150971231865,1955,2026-10-05T17:49:31+00:00
KRC,Kilroy Realty Corp.,NYSE,True,True,True,33.6,49227554.5835,1433136.45,0.6518214285714288,20,1.939944727891157,1956,2026-10-05T17:49:31+00:00
WHD,"Cactus, Inc.",NYSE,True,True,True,65.48,49147753.96800001,742224.4,1.9721785714285711,20,3.0118793088402125,1957,2026-10-05T17:49:31+00:00
NEBX,Tradr 2X Long NBIS Daily ETF,BATS,False,False,True,26.3295,49064992.062850006,1874130.95,3.377249999999999,20,12.826867202187659,1958,2026-10-05T17:49:31+00:00
MAN,ManpowerGroup,NYSE,True,True,True,54.32,48993638.7,862006.9,2.2415285714285713,20,4.126525352409004,1959,2026-10-05T17:49:31+00:00
ABG,"Asbury Automotive Group, Inc.",NYSE,True,True,True,172.0393,48980425.477579996,261253.3,8.371064285714288,20,4.865786064994619,1960,2026-10-05T17:49:31+00:00
SPHD,Invesco S&P 500 High Dividend Low Volatility ETF,ARCA,True,True,True,48.1101,48967236.374425,991208.25,0.5060142857142854,20,1.0517838992525175,1961,2026-10-05T17:49:31+00:00
RDVI,FT Vest Rising Dividend Achievers Target Income ETF,BATS,False,False,True,28.2483,48960287.41133501,1729319.95,0.29908571428571434,20,1.058774206892855,1962,2026-10-05T17:49:31+00:00
GDXD,MicroSectors Gold Miners -3x Inverse Leveraged ETN,ARCA,False,False,True,22.66,48940240.8315,2569054.2,1.8845785714285714,20,8.316763333753626,1963,2026-10-05T17:49:31+00:00
KFY,Korn Ferry,NYSE,True,True,True,71.9,48921231.784,648975.1,1.6929428571428602,20,2.3545797734949376,1964,2026-10-05T17:49:31+00:00
FDN,First Trust Dow Jones Internet Index Fund ETF,ARCA,True,True,True,294.23,48893514.67300001,168553.2,4.493035714285717,20,1.5270488102116426,1965,2026-10-05T17:49:31+00:00
NBIZ,Tradr 2X Short NBIS Daily ETF,BATS,False,False,True,20.94,48857201.59249999,2208964.3,3.0122571428571425,20,14.385182153090458,1966,2026-10-05T17:49:31+00:00
KTB,"Kontoor Brands, Inc. Common Stock",NYSE,True,True,True,64.36,48826026.9155,737592.9,2.0349714285714278,20,3.1618574092160157,1967,2026-10-05T17:49:31+00:00
PGY,Pagaya Technologies Ltd. Class A Ordinary Shares,NASDAQ,False,False,True,18.97,48729505.2695,2518068.15,1.0675571428571433,20,5.627607500564805,1968,2026-10-05T17:49:31+00:00
SPYD,State Street SPDR Portfolio S&P 500 High Dividend ETF,ARCA,True,True,True,45.365,48602538.83299999,1038042.85,0.5191142857142849,20,1.1443057108217456,1969,2026-10-05T17:49:31+00:00
FSS,Federal Signal Corp.,NYSE,True,True,True,118.26,48556325.64700001,424827.85,3.4410714285714263,20,2.9097509120340153,1970,2026-10-05T17:49:31+00:00
FESM,Fidelity Enhanced Small Cap Core ETF,ARCA,True,True,True,45.99,48545840.697000004,1063757.6,0.5880857142857161,20,1.2787251887056232,1971,2026-10-05T17:49:31+00:00
WSC,WillScot Holdings Corporation Class A Common Stock,NASDAQ,True,True,True,17.405,48502855.55624999,2688017.85,0.6610999999999996,20,3.7983338121229506,1972,2026-10-05T17:49:31+00:00
ARKB,ARK 21Shares Bitcoin ETF,BATS,True,True,True,28.25,48396670.42,1813591.7,0.789992857142857,20,2.796434892541087,1973,2026-10-05T17:49:31+00:00
FLRN,State Street SPDR Bloomberg Investment Grade Floating Rate ETF,ARCA,True,True,True,30.74,48192567.0235,1564945.9,0.026421428571428405,20,0.08595129658890177,1974,2026-10-05T17:49:31+00:00
AI,"C3.ai, Inc.",NYSE,True,True,True,11.15,48182455.166999996,4493316.95,0.47940714285714287,20,4.299615631005765,1975,2026-10-05T17:49:31+00:00
VNO,Vornado Realty Trust,NYSE,True,True,True,33.76,48169418.89099999,1393360.9,0.9260714285714288,20,2.7431025727826683,1976,2026-10-05T17:49:31+00:00
CWST,"Casella Waste Systems, Inc. Class A Common Stock",NASDAQ,True,True,True,82.92,48055710.014,560087.25,2.8148214285714266,20,3.394623044586863,1977,2026-10-05T17:49:31+00:00
TDW,"Tidewater, Inc.",NYSE,True,True,True,84.8,47958050.5755,549693.1,2.6739999999999986,20,3.1533018867924514,1978,2026-10-05T17:49:31+00:00
JGRO,JPMorgan Active Growth ETF,ARCA,True,True,True,98.52,47929701.99099999,500578.5,1.133821428571429,20,1.1508540687895137,1979,2026-10-05T17:49:31+00:00
OUT,OUTFRONT Media Inc.,NYSE,True,True,True,29.01,47908137.2935,1700261.65,0.6542857142857148,20,2.255379918254791,1980,2026-10-05T17:49:31+00:00
LMUB,iShares Long-Term National Muni Bond ETF,ARCA,False,False,True,46.3601,47857893.49913501,1010475.9,0.42427142857142947,20,0.9151650418601975,1981,2026-10-05T17:49:31+00:00
BANC,"Banc of California, Inc.",NYSE,True,True,True,17.715,47837461.5125,2643690.0,0.4405000000000004,20,2.4865932825289327,1982,2026-10-05T17:49:31+00:00
ERO,Ero Copper Corp.,NYSE,True,True,True,38.51,47811341.136,1329707.55,1.7925000000000004,20,4.65463515969878,1983,2026-10-05T17:49:31+00:00
TNK,Teekay Tankers Ltd.,NYSE,True,True,True,103.43,47682552.857,484293.65,3.981507142857143,20,3.849470311183547,1984,2026-10-05T17:49:31+00:00
AIS,VistaShares Artificial Intelligence Supercycle ETF,ARCA,True,True,True,77.675,47540927.8435,636760.15,2.1089785714285694,20,2.715131730194489,1985,2026-10-05T17:49:31+00:00
XRAY,DENTSPLY SIRONA Inc. Common Stock,NASDAQ,True,True,True,8.54,47529357.13375,4976602.4,0.3760714285714286,20,4.4036467045834735,1986,2026-10-05T17:49:31+00:00
FTDR,"frontdoor, inc. Common Stock",NASDAQ,True,True,True,78.1,47432207.574,617029.15,2.799100000000002,20,3.583994878361078,1987,2026-10-05T17:49:31+00:00
BILI,Bilibili Inc. American Depositary Shares,NASDAQ,True,True,True,14.725,47418586.27525,3116987.1,0.41249999999999976,20,2.801358234295414,1988,2026-10-05T17:49:31+00:00
PAGP,"Plains GP Holdings, L.P. Class A Units representing Limited Partner Interests",NASDAQ,True,True,True,26.27,47418239.131000005,1751432.5,0.4987928571428574,20,1.8987166240687379,1989,2026-10-05T17:49:31+00:00
FIBK,"First Interstate BancSystem, Inc. Common Stock (DE)",NASDAQ,True,True,True,35.74,47361528.472,1290783.6,0.7357142857142845,20,2.058517867135659,1990,2026-10-05T17:49:31+00:00
GENI,Genius Sports Limited,NYSE,True,True,True,6.165,47320232.18174999,7636900.45,0.4592785714285714,20,7.449774070212026,1991,2026-10-05T17:49:31+00:00
SLGN,Silgan Holdings Inc,NYSE,True,True,True,35.05,47259684.19600001,1284815.1,1.01,20,2.8815977175463625,1992,2026-10-05T17:49:31+00:00
BCO,The Brink's Company,NYSE,True,True,True,103.85,47255667.971999995,445816.3,3.1946357142857145,20,3.0762019396107028,1993,2026-10-05T17:49:31+00:00
MMYT,MakeMyTrip Limited Ordinary Shares,NASDAQ,True,True,True,45.035,47231806.8145,989656.8,1.7599999999999996,20,3.9080714999444868,1994,2026-10-05T17:49:31+00:00
HOG,"Harley-Davidson, Inc.",NYSE,True,True,True,27.0407,47164459.173700005,1810909.45,1.0209285714285716,20,3.7755256758463043,1995,2026-10-05T17:49:31+00:00
BFLY,"Butterfly Network, Inc.",NYSE,True,True,True,9.065,47150565.25025,5458899.4,0.6911071428571429,20,7.62390670553936,1996,2026-10-05T17:49:31+00:00
GATX,GATX Corporation,NYSE,True,True,True,172.82,47144061.8525,264949.7,5.009907142857145,20,2.8989162960636183,1997,2026-10-05T17:49:31+00:00
GNTX,Gentex Corporation Common Stock,NASDAQ,True,True,True,21.995,46986279.776999995,2106091.65,0.42857142857142855,20,1.9484947877764427,1998,2026-10-05T17:49:31+00:00
AVL,Direxion Shares ETF Trust Direxion Daily AVGO Bull 2X ETF,NASDAQ,False,False,True,38.2,46896891.622999996,1277116.5,1.992642857142856,20,5.216342557965591,1999,2026-10-05T17:49:31+00:00
PK,Park Hotels & Resorts Inc. Common Stock,NYSE,True,True,True,15.42,46837965.06999999,3065178.6,0.38287857142857123,20,2.4829998147118757,2000,2026-10-05T17:49:31+00:00
AESI,Atlas Energy Solutions Inc.,NYSE,True,True,True,12.66,46714221.579500005,3686546.5,0.8826142857142855,20,6.971676822387721,2001,2026-10-05T17:49:31+00:00
BDC,Belden Inc.,NYSE,True,True,True,112.46,46672580.6315,413709.4,3.636421428571428,20,3.233524300703742,2002,2026-10-05T17:49:31+00:00
EWS,iShares MSCI Singapore ETF,ARCA,True,True,True,33.25,46660180.423,1397526.7,0.3401071428571437,20,1.022878625134267,2003,2026-10-05T17:49:31+00:00
PTON,"Peloton Interactive, Inc. Class A Common Stock",NASDAQ,True,True,True,5.01,46614141.622999996,9417687.45,0.18714285714285722,20,3.735386370116911,2004,2026-10-05T17:49:31+00:00
HIMU,iShares High Yield Muni Active ETF,BATS,True,True,True,45.23,46552018.84025,1008203.1,0.40889285714285706,20,0.9040301948769779,2005,2026-10-05T17:49:31+00:00
BUFR,FT Vest Laddered Buffer ETF,BATS,True,True,True,37.7937,46459289.717939995,1240228.9,0.19005714285714145,20,0.5028804876398485,2006,2026-10-05T17:49:31+00:00
OGS,"ONE GAS, INC.",NYSE,True,True,True,72.84,46388790.324999996,622131.35,1.2867857142857164,20,1.7665921393269033,2007,2026-10-05T17:49:31+00:00
KAI,Kadant Inc.,NYSE,True,True,True,273.62,46344611.27,170608.05,8.343557142857138,20,3.049322835632314,2008,2026-10-05T17:49:31+00:00
VDC,Vanguard Consumer Staples ETF,ARCA,True,True,True,219.47,46317765.61749999,207953.4,2.293764285714287,20,1.0451379622336934,2009,2026-10-05T17:49:31+00:00
VISN,"Vistance Networks, Inc. Common Stock",NASDAQ,True,True,True,6.175,46210509.971750006,7224092.2,0.1928571428571428,20,3.1231925968768066,2010,2026-10-05T17:49:31+00:00
PPA,Invesco Aerospace & Defense ETF,ARCA,True,True,True,155.9,46195034.0915,291823.2,2.3167214285714306,20,1.4860304224319631,2011,2026-10-05T17:49:31+00:00
FLO,"Flowers Foods, Inc.",NYSE,True,True,True,5.52,46178106.3355,7809312.85,0.19603571428571437,20,3.551371635610768,2012,2026-10-05T17:49:31+00:00
TNL,Travel + Leisure Co.,NYSE,True,True,True,62.21,46173042.242,721994.7,1.7503571428571445,20,2.8136266562564614,2013,2026-10-05T17:49:31+00:00
CRI,Carter's Inc.,NYSE,True,True,True,32.02,46164663.965,1508852.4,1.0189500000000002,20,3.1822298563397884,2014,2026-10-05T17:49:31+00:00
PSI,Invesco Semiconductors ETF,ARCA,True,True,True,160.65,46104531.992,315585.85,4.840721428571429,20,3.013209728335779,2015,2026-10-05T17:49:31+00:00
GPOR,Gulfport Energy Corporation,NYSE,True,True,True,157.63,45983596.8185,283290.5,5.0369642857142845,20,3.195435060403657,2016,2026-10-05T17:49:31+00:00
ACYN,FT Vest Laddered Autocallable Barrier & Income ETF,ARCA,False,False,True,20.755,45954061.256000005,2211954.75,0.08267857142857084,20,0.39835495749733,2017,2026-10-05T17:49:31+00:00
HUBG,"Hub Group, Inc. Class A Common Stock",NASDAQ,True,True,True,29.08,45943025.0385,1412382.05,1.2085714285714282,20,4.156022794262133,2018,2026-10-05T17:49:31+00:00
TGB,Trekor Metals Limited,AMEX,True,True,True,9.0401,45920230.372155,5318545.75,0.4882142857142859,20,5.400540765193813,2019,2026-10-05T17:49:31+00:00
GSAT,"Globalstar, Inc. Common Stock",NASDAQ,True,True,True,83.68,45879366.371,556052.75,0.6052642857142863,20,0.7233081808249119,2020,2026-10-05T17:49:31+00:00
NVDQ,T-Rex 2X Inverse NVIDIA Daily Target ETF,BATS,False,False,True,7.505,45869945.052,5396320.1,0.3874285714285716,20,5.162272770533932,2021,2026-10-05T17:49:31+00:00
GNW,"Genworth Financial, Inc.",NYSE,True,True,True,9.685,45832484.07399999,4636693.95,0.26955714285714294,20,2.783243602035549,2022,2026-10-05T17:49:31+00:00
OLN,Olin Corp.,NYSE,True,True,True,16.529,45822407.161,2765208.8,0.5704999999999999,20,3.451509468207392,2023,2026-10-05T17:49:31+00:00
ESGD,iShares Trust iShares ESG Aware MSCI EAFE ETF,NASDAQ,True,True,True,102.97,45810017.135060005,440441.1,1.2856785714285743,20,1.2485952912776288,2024,2026-10-05T17:49:31+00:00
DIOD,Diodes Incorporated Common Stock,NASDAQ,True,True,True,103.75,45787211.22750001,486519.85,4.009992857142858,20,3.8650533562822726,2025,2026-10-05T17:49:31+00:00
MBLY,Mobileye Global Inc. Class A Common Stock,NASDAQ,True,True,True,7.58,45754427.174,5857677.0,0.3463214285714287,20,4.568884281944969,2026,2026-10-05T17:49:31+00:00
NAMS,NewAmsterdam Pharma Company N.V. Ordinary Shares,NASDAQ,True,True,True,23.015,45731206.09549999,1985169.45,1.3566071428571433,20,5.894447720430777,2027,2026-10-05T17:49:31+00:00
NCNO,"nCino, Inc. Common Stock",NASDAQ,True,True,True,19.065,45670391.52625,2246354.35,0.9157071428571434,20,4.803079689783075,2028,2026-10-05T17:49:31+00:00
CNR,"Core Natural Resources, Inc.",NYSE,True,True,True,91.45,45614829.768,495123.9,3.039035714285714,20,3.3231664453643672,2029,2026-10-05T17:49:31+00:00
XMMO,Invesco S&P MidCap Momentum ETF,ARCA,True,True,True,152.76,45593475.524000004,306673.7,2.123500000000001,20,1.3900890285415035,2030,2026-10-05T17:49:31+00:00
DVY,iShares Select Dividend ETF,NASDAQ,True,True,True,153.315,45545735.921749994,289982.9,1.633571428571429,20,1.0655000675546613,2031,2026-10-05T17:49:31+00:00
GTES,Gates Industrial Corporation Ltd.,NYSE,True,True,True,28.11,45536723.0055,1743586.6,0.8417785714285715,20,2.9945875895715814,2032,2026-10-05T17:49:31+00:00
GBCI,Glacier Bancorp Inc,NYSE,True,True,True,43.8364,45499028.19827999,1019198.3,0.8724285714285719,20,1.990192103887573,2033,2026-10-05T17:49:31+00:00
FENY,Fidelity MSCI Energy Index ETF,ARCA,False,False,True,35.06,45331401.02,1299839.45,0.6721428571428579,20,1.9171216689756359,2034,2026-10-05T17:49:31+00:00
MZTI,The Marzetti Company Common Stock,NASDAQ,True,True,True,98.31,45300932.98200001,447160.4,2.804964285714285,20,2.8531830797622675,2035,2026-10-05T17:49:31+00:00
ITM,VanEck Intermediate Muni ETF,BATS,False,False,True,44.075,45209552.964,1017604.1,0.28642857142857026,20,0.6498662993274424,2036,2026-10-05T17:49:31+00:00
USD,ProShares Ultra Semiconductors,ARCA,True,True,True,102.41,45177873.49949999,497505.8,4.114707142857143,20,4.017876323461715,2037,2026-10-05T17:49:31+00:00
RTO,Rentokil Initial plc American Depositary Shares (each representing five (5) Ordinary Shares),NYSE,True,True,True,20.03,45174598.589999996,2147830.05,0.4621428571428571,20,2.307253405605876,2038,2026-10-05T17:49:31+00:00
BKU,"Bankunited, Inc.",NYSE,True,True,True,43.335,45168690.4565,1024809.25,0.8964142857142845,20,2.0685687913102213,2039,2026-10-05T17:49:31+00:00
ASH,Ashland Inc.,NYSE,True,True,True,69.05,45161670.0575,648103.55,1.5782071428571416,20,2.2856004965346,2040,2026-10-05T17:49:31+00:00
CRAK,VanEck Oil Refiners ETF,ARCA,True,True,True,65.16,45086247.221999995,696309.6,1.3418428571428578,20,2.0593045689730785,2041,2026-10-05T17:49:31+00:00
SAM,Boston Beer Company,NYSE,True,True,True,166.61,45065263.936500005,267710.85,4.937235714285715,20,2.9633489672202837,2042,2026-10-05T17:49:31+00:00
CPA,"Copa Holdings, S.A.",NYSE,True,True,True,136.54,45032545.162,342908.8,4.346992857142858,20,3.1836772060516028,2043,2026-10-05T17:49:31+00:00
PII,Polaris Inc.,NYSE,True,True,True,52.895,45012719.11125,820651.0,1.9982785714285727,20,3.7778212901570516,2044,2026-10-05T17:49:31+00:00
HOMB,"Home BancShares, Inc.",NYSE,True,True,True,28.755,44994507.68775,1533199.2,0.5157142857142859,20,1.7934769108478035,2045,2026-10-05T17:49:31+00:00
RCUS,"Arcus Biosciences, Inc.",NYSE,True,True,True,24.9,44940279.21349999,1760698.6,1.2135714285714285,20,4.873780837636259,2046,2026-10-05T17:49:31+00:00
PBLS,"Parabilis Medicines, Inc. Common Stock",NASDAQ,True,True,True,29.46,44936715.6375,1199752.1,3.489157142857144,20,11.843710600329748,2047,2026-10-05T17:49:31+00:00
HRMY,"Harmony Biosciences Holdings, Inc. Common Stock",NASDAQ,True,True,True,40.645,44873917.57599999,1086339.3,1.334271428571428,20,3.282744319280177,2048,2026-10-05T17:49:31+00:00
HP,"Helmerich & Payne, Inc.",NYSE,True,True,True,40.51,44704145.8465,1098222.15,1.467142857142857,20,3.621680713756745,2049,2026-10-05T17:49:31+00:00
LOAR,Loar Holdings Inc.,NYSE,True,True,True,62.36,44695580.92,694736.8,2.478214285714287,20,3.9740447173096327,2050,2026-10-05T17:49:31+00:00
ECG,"Everus Construction Group, Inc.",NYSE,True,True,True,125.91,44487503.385,383508.9,4.084985714285715,20,3.244369561024315,2051,2026-10-05T17:49:31+00:00
YMM,Full Truck Alliance Co. Ltd. American Depositary Shares (each representing 20 Class A Ordinary Shares),NYSE,True,True,True,8.415,44351261.67299999,5390863.3,0.17607142857142888,20,2.092352092352096,2052,2026-10-05T17:49:31+00:00
VWOB,Vanguard Whitehall Funds Vanguard Emerging Markets Government Bond ETF,NASDAQ,True,True,True,62.62,44327589.68675001,692223.0,0.38539999999999963,20,0.6154583200255503,2053,2026-10-05T17:49:31+00:00
IYH,iShares U.S. Healthcare ETF,ARCA,False,False,True,70.79,44294220.98850001,622656.7,0.9107071428571426,20,1.2864912316105983,2054,2026-10-05T17:49:31+00:00
SIGI,"Selective Insurance Group, Inc. Common Stock",NASDAQ,True,True,True,85.43,44237341.75224999,508213.85,1.6875,20,1.9753014163642748,2055,2026-10-05T17:49:31+00:00
SKY,"Champion Homes, Inc.",NYSE,True,True,True,86.57,44161882.4215,516853.35,2.9531928571428585,20,3.4113351705473707,2056,2026-10-05T17:49:31+00:00
MSTY,YieldMax MSTR Option Income Strategy ETF,ARCA,False,False,True,16.4861,44086125.13098501,2752817.85,0.8491071428571433,20,5.150442753939035,2057,2026-10-05T17:49:31+00:00
CGUS,Capital Group Core Equity ETF,ARCA,False,False,True,45.315,44079763.998,988796.4,0.4419285714285723,20,0.9752368342239266,2058,2026-10-05T17:49:31+00:00
AVAH,Aveanna Healthcare Holdings Inc. Common Stock,NASDAQ,True,True,True,12.225,43927114.319749996,3288176.15,0.472835714285714,20,3.867776803973121,2059,2026-10-05T17:49:31+00:00
SPTM,State Street SPDR Portfolio S&P 1500 Composite Stock Market ETF,ARCA,True,True,True,93.63,43887537.7455,474641.25,0.831785714285717,20,0.888375215513956,2060,2026-10-05T17:49:31+00:00
SMMD,iShares Russell 2500 ETF,BATS,True,True,True,87.3,43858888.543500006,503917.2,1.1161357142857125,20,1.2785059728358676,2061,2026-10-05T17:49:31+00:00
HYMC,Hycroft Mining Holding Corporation Class A Common Stock,NASDAQ,True,True,True,18.71,43845304.991,2107136.6,1.3492071428571428,20,7.2111552263877225,2062,2026-10-05T17:49:31+00:00
KNSA,"Kiniksa Pharmaceuticals International, plc Class A Ordinary Shares",NASDAQ,True,True,True,76.48,43836778.75050001,572424.65,2.379185714285716,20,3.1108599820681433,2063,2026-10-05T17:49:31+00:00
PECO,"Phillips Edison & Company, Inc. Common Stock",NASDAQ,True,True,True,37.625,43834946.676249996,1165970.35,0.6105714285714282,20,1.622781205505457,2064,2026-10-05T17:49:31+00:00
IJS,iShares S&P Small-Cap 600 Value ETF,ARCA,True,True,True,131.18,43808972.326,331818.15,1.6485642857142844,20,1.2567192298477545,2065,2026-10-05T17:49:31+00:00
LEGN,Legend Biotech Corporation American Depositary Shares,NASDAQ,True,True,True,18.6,43790716.32400001,2357194.7,0.8659000000000004,20,4.655376344086023,2066,2026-10-05T17:49:31+00:00
AMLX,"Amylyx Pharmaceuticals, Inc. Common Stock",NASDAQ,True,True,True,27.745,43788456.796,1391114.95,1.399357142857143,20,5.043637206189017,2067,2026-10-05T17:49:31+00:00
CVSA,Covista Inc.,NYSE,True,True,True,125.925,43786895.78525,354119.3,3.390242857142858,20,2.692271476786069,2068,2026-10-05T17:49:31+00:00
MOAT,VanEck Morningstar Wide Moat ETF,BATS,True,True,True,107.34,43757415.3635,405523.55,1.072814285714285,20,0.999454337352604,2069,2026-10-05T17:49:31+00:00
OSIS,"OSI Systems, Inc. Common Stock (DE)",NASDAQ,True,True,True,198.27,43718227.9165,219065.4,5.544607142857141,20,2.796493237936723,2070,2026-10-05T17:49:31+00:00
FAZ,Direxion Daily Financial Bear 3x ETF,ARCA,False,False,True,38.665,43683584.897,1238670.55,1.4591214285714302,20,3.7737525632262523,2071,2026-10-05T17:49:31+00:00
FLMI,Franklin Dynamic Municipal Bond ETF,ARCA,False,False,True,23.265,43619419.054249994,1848457.5,0.1675999999999997,20,0.7203954437996978,2072,2026-10-05T17:49:31+00:00
AEG,Aegon Ltd.,NYSE,True,True,True,8.495,43602143.85875,4930467.65,0.1391214285714284,20,1.6376860338013939,2073,2026-10-05T17:49:31+00:00
SEB,Seaboard Corporation,AMEX,True,True,True,4075.26,43552095.0385,10412.55,128.20873571428572,20,3.146025915261498,2074,2026-10-05T17:49:31+00:00
CGGO,Capital Group Global Growth Equity ETF,ARCA,True,True,True,40.2299,43540844.96768,1092010.05,0.48845714285714287,20,1.2141644469838178,2075,2026-10-05T17:49:31+00:00
CRCG,Themes ETF Trust Leverage Shares 2X Long CRCL Daily ETF,NASDAQ,False,False,True,12.07,43522497.13300001,3084975.8,1.7571714285714288,20,14.55817256480057,2076,2026-10-05T17:49:31+00:00
ERIE,Erie Indemnity Company Class A Common Stock,NASDAQ,True,True,True,219.33,43466911.11799999,184787.65,6.473000000000001,20,2.9512606574568006,2077,2026-10-05T17:49:31+00:00
CURB,Curbline Properties Corp.,NYSE,True,True,True,28.19,43356118.107499994,1515404.2,0.5539285714285717,20,1.964982516596565,2078,2026-10-05T17:49:31+00:00
SR,Spire Inc.,NYSE,True,True,True,77.84,43319659.5405,548023.85,1.6021428571428586,20,2.0582513580971975,2079,2026-10-05T17:49:31+00:00
MSA,Mine Safety Incorporated,NYSE,True,True,True,183.385,43275221.39125,239393.25,3.7473714285714306,20,2.0434448992946157,2080,2026-10-05T17:49:31+00:00
SLG,SL Green Realty Corp.,NYSE,True,True,True,48.75,43251400.487,846654.15,1.617678571428571,20,3.3183150183150176,2081,2026-10-05T17:49:31+00:00
SPSC,"SPS Commerce, Inc. Common Stock",NASDAQ,True,True,True,81.16,43235578.698750004,531705.35,2.5982142857142856,20,3.2013483066957686,2082,2026-10-05T17:49:31+00:00
MSGE,Madison Square Garden Entertainment Corp.,NYSE,True,True,True,79.69,43200938.666,543755.75,2.9942785714285725,20,3.75740817094814,2083,2026-10-05T17:49:31+00:00
RCI,"Rogers Communications, Inc.",NYSE,True,True,True,30.21,43200283.719500005,1291969.0,0.919064285714286,20,3.042251856055233,2084,2026-10-05T17:49:31+00:00
SPHB,Invesco S&P 500 High Beta ETF,ARCA,False,False,True,155.62,43118919.955,289755.25,2.8089285714285745,20,1.8049920135127713,2085,2026-10-05T17:49:31+00:00
OII,Oceaneering International Inc.,NYSE,True,True,True,46.28,43066401.70650001,921864.5,1.5029285714285707,20,3.247468823311518,2086,2026-10-05T17:49:31+00:00
AAMI,Acadian Asset Management Inc.,NYSE,True,True,True,96.24,42975389.1955,470699.1,3.3202785714285716,20,3.449998515615723,2087,2026-10-05T17:49:31+00:00
TDC,TERADATA CORPORATION,NYSE,True,True,True,29.83,42957883.7565,1486843.75,0.8468071428571431,20,2.8387768785019882,2088,2026-10-05T17:49:31+00:00
LVHI,Franklin International Low Volatility High Dividend Index ETF,BATS,True,True,True,41.706,42917750.5329,1016656.0,0.3653285714285716,20,0.8759616636181163,2089,2026-10-05T17:49:31+00:00
PATK,"Patrick Industries, Inc. Common Stock",NASDAQ,True,True,True,67.05,42912124.065500006,607439.65,2.164135714285714,20,3.2276446148929367,2090,2026-10-05T17:49:31+00:00
TAK,Takeda Pharmaceutical Company Limited American Depositary Shares (each representing 1/2 of a share of Common Stock),NYSE,False,False,True,17.8709,42905899.460235,2314837.35,0.2810642857142859,20,1.572748354667565,2091,2026-10-05T17:49:31+00:00
HGV,Hilton Grand Vacations Inc. Common Stock,NYSE,True,True,True,34.35,42863185.265,1174160.1,1.3461857142857145,20,3.9190268247036815,2092,2026-10-05T17:49:31+00:00
ATRO,Astronics Corporation Common Stock,NASDAQ,True,True,True,68.57,42831887.48725,625601.0,2.745357142857144,20,4.00372924435926,2093,2026-10-05T17:49:31+00:00
TAL,TAL Education Group,NYSE,True,True,True,12.335,42687740.286249995,3612422.05,0.32284285714285704,20,2.6172910996583463,2094,2026-10-05T17:49:31+00:00
SPMB,State Street SPDR Portfolio Mortgage Backed Bond ETF,ARCA,True,True,True,20.965,42663464.24025001,1997489.3,0.15457142857142867,20,0.7372832271472868,2095,2026-10-05T17:49:31+00:00
SFD,"Smithfield Foods, Inc. Common Stock",NASDAQ,True,True,True,18.765,42656146.8935,2159503.0,0.360378571428571,20,1.9204826614898534,2096,2026-10-05T17:49:31+00:00
IXN,iShares Global Tech ETF,ARCA,True,True,True,152.83,42627337.221999995,294144.15,2.391078571428573,20,1.5645348239407009,2097,2026-10-05T17:49:31+00:00
IYM,iShares U.S. Basic Materials ETF,ARCA,False,False,True,182.31,42599057.61,233250.7,3.0506428571428574,20,1.6733272212949686,2098,2026-10-05T17:49:31+00:00
JMBS,Janus Henderson Mortgage-Backed Securities ETF,ARCA,True,True,True,42.065,42546864.71924999,988310.8,0.3294357142857121,20,0.7831587169516513,2099,2026-10-05T17:49:31+00:00
BH,Biglari Holdings Inc. Class B Common Stock,NYSE,True,True,True,373.25,42541484.879,119729.05,12.090971428571423,20,3.2393761362549025,2100,2026-10-05T17:49:31+00:00
SUNC,SunocoCorp LLC,NYSE,False,False,False,74.825,42504188.037250005,542049.6,2.205142857142857,20,2.9470669657772897,2101,2026-10-05T17:49:31+00:00
JQUA,JPMorgan U.S. Quality Factor ETF,ARCA,True,True,True,75.03,42357121.644999996,572237.8,0.5821285714285713,20,0.7758610841377733,2102,2026-10-05T17:49:31+00:00
TBLL,Invesco Short Term Treasury ETF,ARCA,True,True,True,105.635,42182619.65075,399434.95,0.04731428571428405,20,0.04479034951889435,2103,2026-10-05T17:49:31+00:00
SXT,Sensient Technology Corporation,NYSE,True,True,True,129.45,42065548.348500006,325343.55,2.6741428571428534,20,2.0657727749268857,2104,2026-10-05T17:49:31+00:00
BITB,Bitwise Bitcoin ETF,ARCA,True,True,True,46.24,41993273.337500006,953450.25,1.2814142857142856,20,2.771224666337123,2105,2026-10-05T17:49:31+00:00
DGRW,WisdomTree Trust WisdomTree U.S. Quality Dividend Growth Fund,NASDAQ,True,True,True,98.69,41986882.59799999,427712.1,0.8140928571428552,20,0.8248990344947362,2106,2026-10-05T17:49:31+00:00
ABCB,Ameris Bancorp,NYSE,True,True,True,81.29,41985503.2755,507403.75,1.5342857142857156,20,1.887422455758046,2107,2026-10-05T17:49:31+00:00
SBS,COMPANHIA DE SANEAMENTO B SICO DO ESTADO DE SAO PAULO-SABESP ADS'S,NYSE,True,True,True,6.285,41970653.25699999,7745919.05,0.19774999999999995,20,3.1463802704852815,2108,2026-10-05T17:49:31+00:00
WDCX,Tradr 2X Long WDC Daily ETF,BATS,False,False,True,15.99,41961004.847,2621264.35,1.9824285714285723,20,12.397927275976063,2109,2026-10-05T17:49:31+00:00
SG,"Sweetgreen, Inc.",NYSE,True,True,True,9.145,41935558.85875,5427831.4,0.46034999999999965,20,5.033898305084742,2110,2026-10-05T17:49:31+00:00
GDS,GDS Holdings Limited ADS,NASDAQ,True,True,True,29.395,41863607.7325,1341837.95,1.4639214285714282,20,4.980171554929166,2111,2026-10-05T17:49:31+00:00
WKC,World Kinect Corporation,NYSE,True,True,True,36.435,41857800.862500004,1174577.3,0.9235999999999994,20,2.5349252092767927,2112,2026-10-05T17:49:31+00:00
VONE,Vanguard Scottsdale Funds Vanguard Russell 1000 ETF,NASDAQ,True,True,True,350.05,41837874.637925,120713.4,3.2184928571428606,20,0.919438039463751,2113,2026-10-05T17:49:31+00:00
PPC,Pilgrim's Pride Corporation Common Stock,NASDAQ,True,True,True,28.23,41766706.06950001,1462545.5,1.1889857142857139,20,4.211780780324881,2114,2026-10-05T17:49:31+00:00
LITZ,Tradr 2X Short LITE Daily ETF,BATS,False,False,True,18.49,41759869.026499994,1703970.1,3.495435714285714,20,18.904465734373794,2115,2026-10-05T17:49:31+00:00
CARG,"CarGurus, Inc. Class A Common Stock",NASDAQ,True,True,True,29.5,41658447.078499995,1299338.6,1.2512500000000002,20,4.241525423728814,2116,2026-10-05T17:49:31+00:00
ACLS,"Axcelis Technologies, Inc. Common Stock",NASDAQ,True,True,True,143.01,41654314.309499994,349570.35,5.928928571428569,20,4.145813979042423,2117,2026-10-05T17:49:31+00:00
ASTX,Tradr 2X Long ASTS Daily ETF,BATS,False,False,True,9.42,41645003.234500006,4116577.7,1.2837928571428574,20,13.628374279648167,2118,2026-10-05T17:49:31+00:00
WES,"Western Midstream Partners, LP",NYSE,True,True,True,45.65,41610054.92599999,897258.85,0.9365428571428583,20,2.051572523861683,2119,2026-10-05T17:49:31+00:00
SMBS,Schwab Mortgage-Backed Securities ETF,ARCA,True,True,True,23.845,41596473.565500006,1709194.25,0.19012857142857115,20,0.7973519456010534,2120,2026-10-05T17:49:31+00:00
DAN,Dana Incorporated,NYSE,True,True,True,28.17,41582558.323,1429061.7,1.0678571428571426,20,3.790760180536537,2121,2026-10-05T17:49:31+00:00
EWG,iShares MSCI Germany ETF,ARCA,False,False,True,41.155,41577450.361999996,984219.6,0.5560714285714283,20,1.3511637190412544,2122,2026-10-05T17:49:31+00:00
BIPC,Brookfield Infrastructure Corporation Class A Exchangeable Subordinate Voting Shares,NYSE,True,True,True,36.12,41522534.24100001,1154084.5,0.8212499999999997,20,2.273671096345514,2123,2026-10-05T17:49:31+00:00
CHPY,YieldMax Semiconductor Portfolio Option Income ETF,ARCA,False,False,True,71.37,41520316.87899999,608476.05,1.6566571428571446,20,2.321223403190619,2124,2026-10-05T17:49:31+00:00
PHVS,Pharvaris N.V. Ordinary Shares,NASDAQ,True,True,True,30.81,41490072.65900001,1145340.25,1.4291357142857155,20,4.6385449993044965,2125,2026-10-05T17:49:31+00:00
FDVV,Fidelity High Dividend ETF,ARCA,False,False,True,61.04,41419154.507999994,669112.05,0.622207142857142,20,1.0193432877738238,2126,2026-10-05T17:49:31+00:00
FBCG,Fidelity Blue Chip Growth ETF,BATS,True,True,True,64.59,41401082.41675,661766.0,0.8467142857142841,20,1.310906155309311,2127,2026-10-05T17:49:31+00:00
VNT,Vontier Corporation,NYSE,True,True,True,31.7,41373230.524000004,1308183.15,0.7682142857142854,20,2.4233889139251907,2128,2026-10-05T17:49:31+00:00
NG,NovaGold Resources Inc.,AMEX,True,True,True,6.505,41362845.904249996,5725638.15,0.37998571428571426,20,5.841440650049412,2129,2026-10-05T17:49:31+00:00
FMC,FMC Corporation,NYSE,True,True,True,9.155,41322133.19725001,4171038.85,0.5339071428571428,20,5.831863930717017,2130,2026-10-05T17:49:31+00:00
NBIG,Themes ETF Trust Leverage Shares 2X Long NBIS Daily ETF,NASDAQ,False,False,True,17.7,41304219.87899999,2342397.05,2.270685714285714,20,12.82873284907183,2131,2026-10-05T17:49:31+00:00
RLI,RLI Corp.,NYSE,True,True,True,56.0,41295413.690500006,708534.9,1.2699928571428576,20,2.267844387755103,2132,2026-10-05T17:49:31+00:00
PUMP,ProPetro Holding Corp.,NYSE,True,True,True,9.645,41288966.8205,4064036.4,0.4667285714285712,20,4.839072798637338,2133,2026-10-05T17:49:31+00:00
CMPS,COMPASS Pathways Plc American Depository Shares,NASDAQ,True,True,True,11.495,41205990.26799999,2973242.25,0.7426142857142859,20,6.460324364630586,2134,2026-10-05T17:49:31+00:00
KMT,Kennametal Inc.,NYSE,True,True,True,33.04,41194349.2145,1356517.7,0.9767785714285709,20,2.956351608439985,2135,2026-10-05T17:49:31+00:00
MLYS,"Mineralys Therapeutics, Inc. Common Stock",NASDAQ,True,True,True,23.5,41169234.1295,1499383.65,1.4010571428571432,20,5.961945288753801,2136,2026-10-05T17:49:31+00:00
JMTG,JPMorgan Mortgage-Backed Securities ETF,ARCA,True,True,True,48.0159,41115246.311400004,844666.5,0.2709071428571426,20,0.5642029887123695,2137,2026-10-05T17:49:31+00:00
DUST,Direxion Daily Gold Miners Index Bear 2X ETF,ARCA,False,False,True,40.33,41100571.494,1142157.7,2.2865928571428564,20,5.669707059615315,2138,2026-10-05T17:49:31+00:00
HACK,Amplify Cybersecurity ETF,ARCA,True,True,True,124.7,41073199.654,343164.75,3.0667785714285714,20,2.459325237713369,2139,2026-10-05T17:49:31+00:00
FULT,Fulton Financial Corporation Common Stock,NASDAQ,True,True,True,22.8,41072314.3415,1771567.4,0.4403571428571433,20,1.9313909774436109,2140,2026-10-05T17:49:31+00:00
ZD,"Ziff Davis, Inc. Common Stock",NASDAQ,True,True,True,55.9,40931701.153500006,717546.1,1.6478928571428573,20,2.947929976999745,2141,2026-10-05T17:49:31+00:00
CRWG,Themes ETF Trust Leverage Shares 2X Long CRWV Daily ETF,NASDAQ,False,False,True,18.5266,40925997.71880999,2262359.35,1.8175857142857141,20,9.81068147574684,2142,2026-10-05T17:49:31+00:00
FLTR,VanEck IG Floating Rate ETF,ARCA,True,True,True,25.515,40875950.4295,1598785.45,0.025350000000001316,20,0.09935332157554894,2143,2026-10-05T17:49:31+00:00
ZWS,Zurn Elkay Water Solutions Corporation,NYSE,True,True,True,48.1051,40787542.91820001,877164.45,0.9274999999999994,20,1.9280699967363115,2144,2026-10-05T17:49:31+00:00
CUZ,Cousins Properties Inc.,NYSE,True,True,True,27.61,40756396.85649999,1446290.25,0.62145,20,2.2508149221296634,2145,2026-10-05T17:49:31+00:00
IWX,iShares Russell Top 200 Value ETF,ARCA,True,True,True,110.225,40696084.5605,366864.5,0.8666499999999989,20,0.7862553867090033,2146,2026-10-05T17:49:31+00:00
FTS,Fortis Inc. Common Shares,NYSE,True,True,True,52.7,40632407.251,758375.85,0.6353571428571415,20,1.2056112767687694,2147,2026-10-05T17:49:31+00:00
MMS,"MAXIMUS, Inc.",NYSE,True,True,True,54.235,40571824.19275,736125.55,1.5749428571428565,20,2.9039234021256686,2148,2026-10-05T17:49:31+00:00
PGEN,"Precigen, Inc. Common Stock",NASDAQ,True,True,True,7.725,40571353.37675,5232135.5,0.5270357142857144,20,6.822468793342582,2149,2026-10-05T17:49:31+00:00
AVUS,Avantis U.S. Equity ETF,ARCA,True,True,True,130.425,40566082.66425,314323.65,1.1358857142857133,20,0.8709110326131595,2150,2026-10-05T17:49:31+00:00
WLTH,Wealthfront Corporation Common Stock,NASDAQ,True,True,True,10.635,40518159.09825,3968265.2,0.5282785714285713,20,4.9673584525488605,2151,2026-10-05T17:49:31+00:00
PEB,Pebblebrook Hotel Trust,NYSE,True,True,True,19.22,40493658.95599999,2215493.75,0.47964285714285715,20,2.495540359744314,2152,2026-10-05T17:49:31+00:00
DCO,Ducommun Incorporated,NYSE,True,True,True,175.32,40479580.910500005,238717.0,5.9628,20,3.401095140314853,2153,2026-10-05T17:49:31+00:00
WSBC,"WesBanco, Inc. Common Stock",NASDAQ,True,True,True,38.03,40445582.904,1035874.55,0.8326785714285708,20,2.189530821531872,2154,2026-10-05T17:49:31+00:00
FUTY,Fidelity MSCI Utilities Index ETF,ARCA,True,True,True,51.775,40422692.133,775464.15,0.7106999999999998,20,1.3726702076291641,2155,2026-10-05T17:49:31+00:00
JIRE,JPMorgan International Research Enhanced Equity ETF,ARCA,True,True,True,82.19,40420857.12,488941.8,0.9898357142857149,20,1.2043262127822303,2156,2026-10-05T17:49:31+00:00
WEN,Wendy's Company (The) Common Stock,NASDAQ,True,True,True,6.115,40409228.92600001,5887239.6,0.2557071428571428,20,4.181637659151967,2157,2026-10-05T17:49:31+00:00
VAC,MARRIOTT VACATIONS WORLDWIDE CORPORATION,NYSE,True,True,True,102.985,40221322.578999996,393497.35,3.7439214285714266,20,3.635404601224865,2158,2026-10-05T17:49:31+00:00
LYTE,Roundhill Photonics & Optics ETF,BATS,False,False,True,26.02,40106661.663499996,1599130.3,1.024642857142858,20,3.9379049083122912,2159,2026-10-05T17:49:31+00:00
QTUM,Defiance Quantum ETF,NASDAQ,True,True,True,156.1365,40093786.51850001,266295.1,2.8268785714285736,20,1.8105174455867612,2160,2026-10-05T17:49:31+00:00
APLE,"Apple Hospitality REIT, Inc.",NYSE,True,True,True,16.485,40030030.60875,2532778.15,0.2987428571428566,20,1.8122102344122328,2161,2026-10-05T17:49:31+00:00
DJCO,Daily Journal Corp. (S.C.) Common Stock,NASDAQ,True,True,True,658.46,40026224.0675,60662.9,21.477078571428553,20,3.2617134786362953,2162,2026-10-05T17:49:31+00:00
NJR,New Jersey Resources Corp,NYSE,True,True,True,50.895,40018922.186749995,766568.1,1.0085714285714293,20,1.98167094718819,2163,2026-10-05T17:49:31+00:00
PFSI,"PennyMac Financial Services, Inc. Common Stock",NYSE,True,True,True,62.815,39963336.5185,604872.35,1.841071428571429,20,2.930942336339137,2164,2026-10-05T17:49:31+00:00
FBP,First BanCorp.,NYSE,True,True,True,27.19,39910125.17099999,1461459.1,0.5289285714285707,20,1.9453055219881232,2165,2026-10-05T17:49:31+00:00
REMX,VanEck Rare Earth and Strategic Metals ETF,ARCA,True,True,True,63.55,39907356.034,585182.15,1.610164285714286,20,2.533696751714061,2166,2026-10-05T17:49:31+00:00
ICUI,"ICU Medical, Inc. Common Stock",NASDAQ,True,True,True,162.44,39882310.5695,249789.65,4.4720428571428545,20,2.7530428817673323,2167,2026-10-05T17:49:31+00:00
PRGO,PERRIGO COMPANY PLC,NYSE,True,True,True,14.505,39860556.15550001,2793423.45,0.67,20,4.619096863150638,2168,2026-10-05T17:49:31+00:00
VSS,Vanguard FTSE All-World EX-US Small-Cap Index Fund,ARCA,True,True,True,155.85,39859662.4705,254301.2,1.7716714285714232,20,1.1367798707548433,2169,2026-10-05T17:49:31+00:00
GHC,GRAHAM HOLDINGS COMPANY,NYSE,True,True,True,1162.17,39842555.013,34842.65,24.323178571428553,20,2.0929105527959377,2170,2026-10-05T17:49:31+00:00
RING,iShares MSCI Global Gold Miners Fund,NASDAQ,True,True,True,76.1806,39840467.12364,485585.1,2.565814285714285,20,3.368067835793214,2171,2026-10-05T17:49:31+00:00
ACHC,"Acadia Healthcare Company, Inc. Common Stock",NASDAQ,True,True,True,28.7,39825674.8115,1413882.0,1.1714285714285715,20,4.081632653061225,2172,2026-10-05T17:49:31+00:00
HZO,"MarineMax, Inc.",NYSE,True,True,True,52.365,39795960.9035,760373.0,0.13964285714285754,20,0.266672122873785,2173,2026-10-05T17:49:31+00:00
CSTM,Constellium SE Class A Ordinary shares,NYSE,True,True,True,25.57,39762801.16250001,1574199.8,0.8173285714285713,20,3.1964355550589416,2174,2026-10-05T17:49:31+00:00
SKDD,GraniteShares ETF Trust GraniteShares 2x Short SK Hynix Daily ETF,NASDAQ,False,False,True,6.2271,39726081.279295005,5623919.4,0.5653571428571426,20,9.078979667214956,2175,2026-10-05T17:49:31+00:00
SLF,Sun Life Financial Inc.,NYSE,True,True,True,78.63,39666063.2235,498290.85,1.107135714285715,20,1.4080321941825193,2176,2026-10-05T17:49:31+00:00
NAT,Nordic American Tanker,NYSE,True,True,True,8.3547,39594840.90946,5065537.45,0.3557857142857146,20,4.258509752423362,2177,2026-10-05T17:49:31+00:00
UYLD,Angel Oak Funds Trust Angel Oak UltraShort Income ETF,NASDAQ,False,False,True,50.752,39572373.032689996,777203.3,0.0797142857142862,20,0.15706629436137726,2178,2026-10-05T17:49:31+00:00
IRON,"Disc Medicine, Inc. Common Stock",NASDAQ,True,True,True,63.57,39568232.333,579444.55,2.5360714285714274,20,3.9894154924829754,2179,2026-10-05T17:49:31+00:00
ICHR,Ichor Holdings Ordinary Shares,NASDAQ,True,True,True,64.3,39542422.374,690690.0,2.843607142857142,20,4.422406131970672,2180,2026-10-05T17:49:31+00:00
JNUG,Direxion Daily Junior Gold Miners Index Bull 2X ETF,ARCA,False,False,True,145.0389,39535145.960504994,236647.8,11.630257142857142,20,8.01871576718876,2181,2026-10-05T17:49:31+00:00
NLR,VanEck Uranium and Nuclear ETF,ARCA,True,True,True,103.755,39527799.19574999,362630.5,2.818214285714286,20,2.716220216581645,2182,2026-10-05T17:49:31+00:00
NASA,Tema Space Innovators ETF,ARCA,True,True,True,25.265,39454804.61925001,1639433.5,0.8056428571428571,20,3.1887704616776453,2183,2026-10-05T17:49:31+00:00
SBIT,ProShares UltraShort Bitcoin ETF,ARCA,False,False,True,29.18,39425860.37450001,1226850.75,1.8698928571428577,20,6.408131792813084,2184,2026-10-05T17:49:31+00:00
VRDN,"Viridian Therapeutics, Inc. Common Stock",NASDAQ,True,True,True,19.17,39396964.17225,1857753.8,0.9017857142857141,20,4.704150830911392,2185,2026-10-05T17:49:31+00:00
FHI,"Federated Hermes, Inc.",NYSE,True,True,True,56.72,39377534.0345,681757.8,1.4342785714285722,20,2.528699879105381,2186,2026-10-05T17:49:31+00:00
BHVN,Biohaven Ltd.,NYSE,True,True,True,13.04,39375376.57399999,2930989.5,0.8763785714285711,20,6.720694566170024,2187,2026-10-05T17:49:31+00:00
NEO,"NeoGenomics, Inc. Common Stock",NASDAQ,True,True,True,18.87,39334136.146,2091603.8,0.8415642857142862,20,4.459800136270728,2188,2026-10-05T17:49:31+00:00
JIVE,J.P. Morgan Exchange-Traded Fund Trust JPMorgan International Value ETF,NASDAQ,False,False,True,95.32,39313857.26685999,405409.55,1.123899999999999,20,1.1790809903482995,2189,2026-10-05T17:49:31+00:00
GARP,iShares MSCI USA Quality GARP ETF,BATS,True,True,True,87.345,39273512.51425,465159.3,1.128778571428571,20,1.2923219090143352,2190,2026-10-05T17:49:31+00:00
OPLN,"OPENLANE, Inc",NYSE,True,True,True,35.625,39240604.043249995,1128729.75,0.7702499999999998,20,2.162105263157894,2191,2026-10-05T17:49:31+00:00
TLTW,iShares 20+ Year Treasury Bond BuyWrite Strategy ETF,BATS,True,True,True,19.795,39164083.62375,1899453.15,0.21082857142857112,20,1.065059719265325,2192,2026-10-05T17:49:31+00:00
SOLT,Volatility Shares Trust 2x Solana ETF,NASDAQ,False,False,True,77.37,39132381.907,565809.1,6.016071428571428,20,7.775715947487952,2193,2026-10-05T17:49:31+00:00
AOR,iShares Core 60/40 Balanced Allocation ETF,ARCA,True,True,True,68.74,39108896.572000004,567000.65,0.49217142857142854,20,0.7159898582650983,2194,2026-10-05T17:49:31+00:00
CQQQ,Invesco China Technology ETF,ARCA,True,True,True,44.91,39105071.545499995,847880.35,0.701785714285715,20,1.5626491077392897,2195,2026-10-05T17:49:31+00:00
SNN,Smith & Nephew plc,NYSE,False,False,True,26.915,39098232.915750004,1427171.3,0.4299999999999997,20,1.597622143785992,2196,2026-10-05T17:49:31+00:00
DFAS,U.S. Small Cap Portfolio ETF Class Shares,ARCA,False,False,True,79.29,39095046.425,494722.85,0.9296428571428551,20,1.1724591463524467,2197,2026-10-05T17:49:31+00:00
TRIP,"TripAdvisor, Inc. Common Stock",NASDAQ,True,True,True,8.545,39093132.98125,4494659.6,0.34607142857142875,20,4.049987461339131,2198,2026-10-05T17:49:31+00:00
JAVA,JPMorgan Active Value ETF,ARCA,False,False,True,80.68,39092306.5245,484394.75,0.6889571428571435,20,0.8539379559458892,2199,2026-10-05T17:49:31+00:00
RSPT,Invesco S&P 500 Equal Weight Technology ETF,ARCA,True,True,True,68.55,39085414.3995,595667.3,1.0624928571428554,20,1.549953110346981,2200,2026-10-05T17:49:31+00:00
NATL,NCR Atleos Corporation,NYSE,False,False,True,45.745,39011353.057500005,852117.75,0.5657142857142864,20,1.2366691129397451,2201,2026-10-05T17:49:31+00:00
BBVA,"Banco Bilbao Vizcaya Argentaria, S.A.",NYSE,True,True,True,26.945,38990161.33725,1375134.8,0.6543714285714292,20,2.428544919545107,2202,2026-10-05T17:49:31+00:00
ABSI,Absci Corporation Common Stock,NASDAQ,True,True,True,11.26,38986159.876,4009950.2,0.8662857142857147,20,7.693478812484145,2203,2026-10-05T17:49:31+00:00
EXPO,"Exponent, Inc. Common Stock",NASDAQ,True,True,True,68.65,38945335.23625,581379.7,2.1221714285714297,20,3.0912912288003342,2204,2026-10-05T17:49:31+00:00
BBCA,JPMorgan BetaBuilders Canada ETF,BATS,True,True,True,100.9701,38912014.296295,378976.95,1.083921428571428,20,1.0735073339250214,2205,2026-10-05T17:49:31+00:00
GNR,State Street SPDR S&P Global Natural Resources ETF,ARCA,True,True,True,74.8,38878336.07349999,501961.0,1.034949999999999,20,1.383622994652405,2206,2026-10-05T17:49:31+00:00
AGO,"Assured Guaranty, LTD",NYSE,True,True,True,69.035,38848252.636,552137.85,1.4207214285714298,20,2.057972663969624,2207,2026-10-05T17:49:31+00:00
STUB,"StubHub Holdings, Inc.",NYSE,True,True,True,5.48,38817514.7615,6786607.3,0.2852571428571428,20,5.205422314911365,2208,2026-10-05T17:49:31+00:00
CSHI,NEOS Enhanced Income 1-3 Month T-Bill ETF,ARCA,True,True,True,49.755,38785744.484,780954.4,0.029999999999999614,20,0.060295447693698344,2209,2026-10-05T17:49:31+00:00
BCI,abrdn Bloomberg All Commodity Strategy K-1 Free ETF,ARCA,True,True,True,25.915,38727797.241500005,1472408.5,0.2901428571428567,20,1.1195942779967458,2210,2026-10-05T17:49:31+00:00
COLM,Columbia Sportswear Company Common Stock,NASDAQ,True,True,True,56.895,38705438.4015,676373.15,1.492828571428571,20,2.623830866382935,2211,2026-10-05T17:49:31+00:00
POWI,"Power Integrations, Inc. Common Stock",NASDAQ,True,True,True,54.335,38626390.3205,759706.65,2.3193714285714284,20,4.268650830167347,2212,2026-10-05T17:49:31+00:00
AMBQ,"Ambiq Micro, Inc.",NYSE,True,True,True,66.755,38612556.73625,587409.1,3.9701285714285732,20,5.947312667857949,2213,2026-10-05T17:49:31+00:00
VIXY,ProShares VIX Short-Term Futures ETF,BATS,True,True,True,16.47,38574099.659499995,2247247.6,0.5511857142857144,20,3.3466042154566757,2214,2026-10-05T17:49:31+00:00
HURN,Huron Consulting Group Inc. Common Stock,NASDAQ,True,True,True,158.91,38554891.807,243948.05,5.312857142857136,20,3.343312027472869,2215,2026-10-05T17:49:31+00:00
SMFG,"Sumitomo Mitsui Financial Group, Inc American Depositary Shares (each representing 1.2 shares of Common Stock)",NYSE,True,True,True,25.69,38532728.3395,1467103.65,0.6203571428571435,20,2.4147806261469187,2216,2026-10-05T17:49:31+00:00
DIVO,Amplify CWP Enhanced Dividend Income ETF,ARCA,True,True,True,46.975,38503363.59774999,815197.75,0.3833285714285713,20,0.8160267619554471,2217,2026-10-05T17:49:31+00:00
PRM,"Perimeter Solutions, Inc.",NYSE,True,True,True,28.06,38461890.839,1309656.7,1.32,20,4.704205274411975,2218,2026-10-05T17:49:31+00:00
MDA,MDA Space Ltd.,NYSE,True,True,True,29.665,38434312.54075,1277436.7,1.3417857142857144,20,4.52312730249693,2219,2026-10-05T17:49:31+00:00
BVN,Compania de Minas Buenaventura S.A.,NYSE,True,True,True,31.6,38391424.770500004,1150526.8,1.2985928571428569,20,4.1094710669077745,2220,2026-10-05T17:49:31+00:00
AX,"Axos Financial, Inc. Common Stock",NYSE,True,True,True,88.86,38366855.3915,424013.75,2.2368428571428587,20,2.5172663258416144,2221,2026-10-05T17:49:31+00:00
DRH,Diamondrock Hospitality Company Common Stock,NASDAQ,True,True,True,12.535,38274608.831,3105415.1,0.2699999999999997,20,2.1539688871160725,2222,2026-10-05T17:49:31+00:00
CALX,"CALIX, INC.",NYSE,True,True,True,34.685,38263300.343499996,1103867.8,1.0500000000000007,20,3.0272452068617577,2223,2026-10-05T17:49:31+00:00
ESGE,"iShares, Inc. iShares ESG Aware MSCI EM ETF",NASDAQ,True,True,True,55.77,38233935.15075,697904.4,0.8360714285714289,20,1.499141883757269,2224,2026-10-05T17:49:31+00:00
EYE,"National Vision Holdings, Inc. Common Stock",NASDAQ,True,True,True,16.61,38214465.421,2293805.75,0.6600000000000005,20,3.9735099337748374,2225,2026-10-05T17:49:31+00:00
INBX,"Inhibrx Biosciences, Inc. Common Stock",NASDAQ,True,True,True,97.245,38212121.87,354640.65,5.974257142857142,20,6.1435108672498755,2226,2026-10-05T17:49:31+00:00
WTM,White Mountains Insurance Group Ltd.,NYSE,True,True,True,2035.92,38188314.0115,18655.5,33.442671428571394,20,1.642631902460381,2227,2026-10-05T17:49:31+00:00
EEFT,"Euronet Worldwide, Inc. Common Stock",NASDAQ,True,True,True,64.215,38158937.21625,570967.25,1.9392857142857167,20,3.019988654186275,2228,2026-10-05T17:49:31+00:00
ARX,Accelerant Holdings,NYSE,True,True,True,19.73,38084607.5915,1928044.65,0.0864285714285715,20,0.4380566215335605,2229,2026-10-05T17:49:31+00:00
REZI,"Resideo Technologies, Inc. Common Stock",NYSE,True,True,True,18.54,38076242.780999996,2043272.9,0.6029142857142856,20,3.251964863615349,2230,2026-10-05T17:49:31+00:00
YINN,Direxion Daily FTSE China Bull 3X ETF,ARCA,True,True,True,24.345,38073226.127749994,1471269.6,1.0521428571428573,20,4.321802658216707,2231,2026-10-05T17:49:31+00:00
UTI,"Universal Technical Institute, Inc.",NYSE,True,True,True,19.1188,38048498.62636,1883153.55,1.077692857142857,20,5.636822693594038,2232,2026-10-05T17:49:31+00:00
DAMD,Defiance Daily Target 2X Short AMD ETF,ARCA,False,False,True,8.35,37949773.844500005,3820561.85,0.861571428571429,20,10.318220701454239,2233,2026-10-05T17:49:31+00:00
ROG,Rogers Corporation,NYSE,True,True,True,159.825,37891994.30425,269933.0,7.157114285714287,20,4.478094344260464,2234,2026-10-05T17:49:31+00:00
WTTR,"Select Water Solutions, Inc.",NYSE,True,True,True,20.35,37860250.003,1879492.25,0.8955214285714285,20,4.4005967005967,2235,2026-10-05T17:49:31+00:00
NXE,NexGen Energy Ltd.,NYSE,True,True,True,9.03,37852663.839999996,4001877.25,0.33004285714285725,20,3.6549596582819186,2236,2026-10-05T17:49:31+00:00
SXI,Standex International Corporation,NYSE,True,True,True,290.755,37835530.4015,139101.05,9.22158571428572,20,3.17160004618518,2237,2026-10-05T17:49:31+00:00
MDU,"MDU Resources Group, Inc.",NYSE,True,True,True,18.625,37828213.61,2018788.05,0.3396357142857145,20,1.823547459252158,2238,2026-10-05T17:49:31+00:00
ALGT,Allegiant Travel Company Common Stock,NASDAQ,True,True,True,75.3482,37826138.84498,486698.05,3.544635714285715,20,4.70434026862714,2239,2026-10-05T17:49:31+00:00
SNK,GraniteShares 2x Short SpaceX Daily ETF,BATS,False,False,True,11.238,37825241.742699996,2571270.3,1.2332142857142858,20,10.973609945847,2240,2026-10-05T17:49:31+00:00
TNDM,"Tandem Diabetes Care, Inc. Common Stock",NASDAQ,True,True,True,16.66,37820861.5485,2235090.2,1.0626428571428572,20,6.378408506259648,2241,2026-10-05T17:49:31+00:00
HASI,"HA Sustainable Infrastructure Capital, Inc.",NYSE,True,True,True,36.485,37792861.42275,1029358.45,0.8438357142857146,20,2.312829147007577,2242,2026-10-05T17:49:31+00:00
SDVY,First Trust Exchange-Traded Fund VI First Trust SMID Cap Rising Dividend Achievers ETF,NASDAQ,True,True,True,41.565,37757043.978,906403.35,0.5065500000000007,20,1.2186936124142926,2243,2026-10-05T17:49:31+00:00
RDY,Dr. Reddy's Laboratories Limited American Depositary Shares,NYSE,True,True,True,12.305,37674466.906,3088555.35,0.29535,20,2.400243803331979,2244,2026-10-05T17:49:31+00:00
LTM,"LATAM Airlines Group S.A. American Depositary Shares (each representing two thousand (2,000) shares of Common Stock)",NYSE,True,True,True,51.11,37640915.9865,738296.3,1.7332142857142847,20,3.3911451491181466,2245,2026-10-05T17:49:31+00:00
SRTY,ProShares UltraPro Short Russell2000,ARCA,False,False,True,25.32,37635913.36,1493794.9,1.0024857142857146,20,3.959264274430153,2246,2026-10-05T17:49:31+00:00
DUSB,Dimensional Ultrashort Fixed Income ETF,ARCA,True,True,True,50.5401,37613860.05867,743989.8,0.053928571428571104,20,0.1067045206253472,2247,2026-10-05T17:49:31+00:00
BBUS,JPMorgan BetaBuilders U.S. Equity ETF,BATS,False,False,True,139.96,37553866.96975,272029.55,1.2938857142857156,20,0.924468215408485,2248,2026-10-05T17:49:31+00:00
IJT,iShares S&P SmallCap 600 Growth ETF,NASDAQ,True,True,True,164.26,37551102.25000001,229214.35,2.0237571428571477,20,1.2320450157415972,2249,2026-10-05T17:49:31+00:00
NWS,News Corporation Class B Common Stock,NASDAQ,True,True,True,31.83,37509933.565500006,1153806.05,0.7238571428571434,20,2.2741349131547075,2250,2026-10-05T17:49:31+00:00
PSMT,"PriceSmart, Inc. Common Stock",NASDAQ,True,True,True,173.375,37481136.4355,219948.3,3.7508928571428584,20,2.1634565866721607,2251,2026-10-05T17:49:31+00:00
BLFS,"BioLife Solutions, Inc. Common Stock",NASDAQ,True,True,True,37.83,37311552.3445,1007235.1,1.0543571428571425,20,2.7870926324534566,2252,2026-10-05T17:49:31+00:00
ALKT,"Alkami Technology, Inc. Common Stock",NASDAQ,True,True,True,14.05,37293832.244,2264832.05,0.9050000000000002,20,6.441281138790036,2253,2026-10-05T17:49:31+00:00
PICK,iShares MSCI Global Metals & Mining Producers ETF,BATS,True,True,True,61.22,37271894.983500004,604616.0,1.287192857142857,20,2.1025691884071493,2254,2026-10-05T17:49:31+00:00
VTEI,Vanguard Intermediate-Term Tax-Exempt Bond ETF,BATS,False,False,True,95.39,37259906.99775,388605.35,0.5630142857142845,20,0.5902235933685759,2255,2026-10-05T17:49:31+00:00
ACIW,"ACI Worldwide, Inc. Common Stock",NASDAQ,True,True,True,51.29,37218349.940500006,737074.65,1.2055642857142854,20,2.350486031807926,2256,2026-10-05T17:49:31+00:00
BCPC,Balchem Corporation Common Stock,NASDAQ,True,True,True,166.85,36987262.5045,221726.85,3.022492857142857,20,1.8115030609187035,2257,2026-10-05T17:49:31+00:00
MFG,"Mizuho Financial Group, Inc. American Depositary Shares (Each representing one-fifth of an Ordinary Share)",NYSE,True,True,True,11.055,36912555.561000004,3353254.8,0.28172142857142873,20,2.54836208567552,2258,2026-10-05T17:49:31+00:00
TBBK,The Bancorp Inc Common Stock,NASDAQ,True,True,True,48.62,36898000.1965,732059.0,1.3067857142857144,20,2.6877534230475413,2259,2026-10-05T17:49:31+00:00
SKM,"SK Telecom Co., Ltd. American Depositary Shares (Each representing 5/9th of a Ordinary Share of SK Telecom Co., LTD.)",NYSE,True,True,True,36.57,36871462.507999994,1017886.1,0.9625071428571411,20,2.6319582796202927,2260,2026-10-05T17:49:31+00:00
TPC,Tutor Perini Corporation,NYSE,True,True,True,88.16,36838767.1025,431067.4,2.551407142857142,20,2.8940643634949432,2261,2026-10-05T17:49:31+00:00
LAUR,"Laureate Education, Inc. Common Stock",NASDAQ,True,True,True,38.595,36823630.8275,995599.8,1.0068571428571431,20,2.6087761182980778,2262,2026-10-05T17:49:31+00:00
TSMX,Direxion Shares ETF Trust Direxion Daily TSM Bull 2X ETF,NASDAQ,False,False,True,102.18,36793752.131295,425775.25,3.8907642857142855,20,3.807755221877359,2263,2026-10-05T17:49:31+00:00
DNLI,Denali Therapeutics Inc. Common Stock,NASDAQ,True,True,True,19.92,36791118.402,1778991.4,0.8359357142857152,20,4.1964644291451565,2264,2026-10-05T17:49:31+00:00
CSW,"CSW Industrials, Inc.",NYSE,True,True,True,303.1,36778012.923999995,125110.35,9.104285714285721,20,3.003723429325543,2265,2026-10-05T17:49:31+00:00
BNL,"Broadstone Net Lease, Inc.",NYSE,True,True,True,18.485,36750964.9845,1902394.1,0.36321428571428555,20,1.9649136365392779,2266,2026-10-05T17:49:31+00:00
MGV,Vanguard Morningstar Mega Cap Value ETF,ARCA,True,True,True,161.78,36713825.9025,223863.45,1.3407785714285703,20,0.8287665789520152,2267,2026-10-05T17:49:31+00:00
COHX,Tradr 2X Long COHR Daily ETF,BATS,True,True,True,29.925,36615569.370000005,1456543.45,3.138492857142857,20,10.487862513426423,2268,2026-10-05T17:49:31+00:00
PAY,"Paymentus Holdings, Inc.",NYSE,True,True,True,31.62,36604622.02900001,1119141.55,1.4245428571428573,20,4.505195626637752,2269,2026-10-05T17:49:31+00:00
FBL,GraniteShares ETF Trust GraniteShares 2x Long META Daily ETF,NASDAQ,False,False,True,33.47,36567731.101155,1196533.75,2.460428571428571,20,7.351146015621664,2270,2026-10-05T17:49:31+00:00
UFPI,"UFP Industries, Inc. Common Stock",NASDAQ,True,True,True,78.39,36554130.268,456552.95,2.290464285714287,20,2.9218832577041547,2271,2026-10-05T17:49:31+00:00
RWL,Invesco S&P 500 Revenue ETF,ARCA,True,True,True,130.53,36525712.326,278280.4,1.0984357142857135,20,0.8415197382101536,2272,2026-10-05T17:49:31+00:00
ENOV,Enovis Corporation,NYSE,True,True,True,18.405,36455430.28524999,1973531.8,0.7911785714285718,20,4.298715411184851,2273,2026-10-05T17:49:31+00:00
OBDC,Blue Owl Capital Corporation,NYSE,True,True,True,10.265,36362622.41525,3352323.55,0.2188285714285715,20,2.131793194628071,2274,2026-10-05T17:49:31+00:00
CGXU,Capital Group International Focus Equity ETF,ARCA,False,False,True,34.91,36327897.44499999,1041657.0,0.586078571428572,20,1.6788271882800692,2275,2026-10-05T17:49:31+00:00
CWEN,"Clearway Energy, Inc. Class C Common Stock",NYSE,True,True,True,29.825,36327272.161,1193443.45,0.7078000000000004,20,2.3731768650461036,2276,2026-10-05T17:49:31+00:00
SHC,Sotera Health Company Common Stock,NASDAQ,True,True,True,18.565,36305400.54000001,1952019.85,0.44732142857142826,20,2.409487899657572,2277,2026-10-05T17:49:31+00:00
BILS,State Street SPDR Bloomberg 3-12 Month T-Bill ETF,ARCA,True,True,True,99.0924,36271499.88164,365608.25,0.044549999999998945,20,0.04495803916344639,2278,2026-10-05T17:49:31+00:00
NRIX,"Nurix Therapeutics, Inc. Common stock",NASDAQ,True,True,True,22.9,36228256.988749996,1473174.2,0.9176142857142858,20,4.007049282595135,2279,2026-10-05T17:49:31+00:00
EDU,"New Oriental Education and Technology Group, Inc. American Depositary Shares (each representing ten (10) Common Shares)",NYSE,True,True,True,56.515,36101113.36525,645841.9,1.2607142857142861,20,2.2307604807825996,2280,2026-10-05T17:49:31+00:00
LINE,"Lineage, Inc. Common Stock",NASDAQ,True,True,True,35.23,36045782.65224999,989068.85,1.018221428571429,20,2.8902112647500116,2281,2026-10-05T17:49:31+00:00
LI,Li Auto Inc. American Depositary Shares,NASDAQ,True,True,True,10.845,36041544.76675,3095116.2,0.3917857142857145,20,3.6125930316801704,2282,2026-10-05T17:49:31+00:00
GLOB,GLOBANT S.A.,NYSE,True,True,True,35.32,36028918.942999996,987326.15,1.7903571428571412,20,5.068961333117613,2283,2026-10-05T17:49:31+00:00
IONX,Tidal Trust II Defiance Daily Target 2X Long IONQ ETF,NASDAQ,False,False,True,25.63,35943778.46174999,1451413.55,3.25242142857143,20,12.689900228526843,2284,2026-10-05T17:49:31+00:00
PS,Pershing Square Inc.,NYSE,False,False,True,53.48,35931055.61799999,766286.45,4.2493,20,7.945587135377711,2285,2026-10-05T17:49:31+00:00
SONO,"Sonos, Inc. Common Stock",NASDAQ,True,True,True,17.59,35858882.856,2178727.65,0.6518571428571434,20,3.7058393567773926,2286,2026-10-05T17:49:31+00:00
LMBS,First Trust Exchange-Traded Fund IV First Trust Low Duration Opportunities ETF,NASDAQ,True,True,True,48.405,35696906.168385,730532.9,0.2541285714285714,20,0.5250047958445851,2287,2026-10-05T17:49:31+00:00
FMDE,Fidelity Enhanced Mid Cap Core ETF,ARCA,False,False,True,41.34,35673498.698750004,871148.15,0.4045714285714297,20,0.9786439975119247,2288,2026-10-05T17:49:31+00:00
BXSL,Blackstone Secured Lending Fund,NYSE,False,False,True,23.645,35669414.89575,1459912.95,0.4388857142857151,20,1.8561459686433288,2289,2026-10-05T17:49:31+00:00
BELFB,Bel Fuse Inc. Class B Common Stock,NASDAQ,True,True,True,258.925,35660663.42,145285.75,8.618021428571426,20,3.3283852191064693,2290,2026-10-05T17:49:31+00:00
FBK,FB Financial Corporation,NYSE,True,True,True,52.91,35543810.25450001,664076.25,1.019642857142856,20,1.9271269271269251,2291,2026-10-05T17:49:31+00:00
FIGS,"FIGS, Inc.",NYSE,True,True,True,13.64,35523501.9635,2662962.6,0.6045,20,4.431818181818182,2292,2026-10-05T17:49:31+00:00
PAGS,PagSeguro Digital Ltd.,NYSE,True,True,True,11.025,35511882.74,3688778.95,0.45894285714285726,20,4.1627470035633305,2293,2026-10-05T17:49:31+00:00
QTWO,Q2 Holdings Inc,NYSE,True,True,True,57.71,35472968.93,611466.45,1.7682071428571444,20,3.063952768769961,2294,2026-10-05T17:49:31+00:00
DNOW,DNOW Inc.,NYSE,True,True,True,16.075,35433138.197749995,2248384.0,0.4554785714285715,20,2.833459231281938,2295,2026-10-05T17:49:31+00:00
CON,"Concentra Group Holdings Parent, Inc.",NYSE,True,True,True,36.22,35373381.568500005,1004652.55,1.011492857142857,20,2.79263627041098,2296,2026-10-05T17:49:31+00:00
CTRI,"Centuri Holdings, Inc.",NYSE,True,True,True,20.71,35361432.76,1764591.0,0.7041000000000002,20,3.3998068565910193,2297,2026-10-05T17:49:31+00:00
BBT,Beacon Financial Corporation,NYSE,True,True,True,28.365,35283060.90875,1201739.65,0.6799999999999999,20,2.397320641635819,2298,2026-10-05T17:49:31+00:00
BOKF,BOK Financial Corporation Common Stock,NASDAQ,True,True,True,128.59,35209163.85250001,266922.2,2.455671428571431,20,1.909690822436761,2299,2026-10-05T17:49:31+00:00
BXMT,"Blackstone Mortgage Trust, Inc. (NEW)",NYSE,True,True,True,10.87,35101958.414,2778957.8,0.38678571428571423,20,3.558286239978972,2300,2026-10-05T17:49:31+00:00
HIW,Highwoods Properties Inc.,NYSE,True,True,True,29.74,35071227.7035,1164013.6,0.7428214285714289,20,2.4977183206840246,2301,2026-10-05T17:49:31+00:00
LPG,DORIAN LPG LTD,NYSE,True,True,True,57.695,35034803.52525,630666.15,2.3660714285714293,20,4.100999096232654,2302,2026-10-05T17:49:31+00:00
AYA,Aya Gold & Silver Inc. Common Shares,NASDAQ,True,True,True,27.05,35028606.121999994,1257078.05,1.3898071428571428,20,5.137919197253763,2303,2026-10-05T17:49:31+00:00
FLJP,Franklin FTSE Japan ETF,ARCA,True,True,True,42.085,35024127.60349999,844029.95,0.6310714285714282,20,1.4995162850693315,2304,2026-10-05T17:49:31+00:00
IWC,iShares Micro-Cap ETF,ARCA,False,False,True,186.93,34857884.30386001,185618.85,2.8082071428571425,20,1.5022773994849101,2305,2026-10-05T17:49:31+00:00
NYF,iShares New York Muni Bond ETF,ARCA,False,False,True,50.47,34821591.901999995,682602.35,0.32171428571428506,20,0.6374366667610166,2306,2026-10-05T17:49:31+00:00
ORC,"Orchid Island Capital, Inc.",NYSE,True,True,True,5.1,34775638.86350001,5993809.35,0.17392857142857152,20,3.410364145658265,2307,2026-10-05T17:49:31+00:00
TALO,"Talos Energy, Inc. Common Stock",NYSE,True,True,True,17.16,34773986.113,2039469.25,0.6246428571428572,20,3.6401098901098905,2308,2026-10-05T17:49:31+00:00
AZTA,"Azenta, Inc.",NASDAQ,True,True,True,41.32,34763866.39150001,1008250.95,1.596178571428572,20,3.862968469091413,2309,2026-10-05T17:49:31+00:00
VGNT,Versigent PLC,NYSE,True,True,True,47.49,34716583.404999994,752242.2,1.7122857142857144,20,3.605571097674699,2310,2026-10-05T17:49:31+00:00
SLDE,"Slide Insurance Holdings, Inc. Common Stock",NASDAQ,True,True,True,23.925,34697275.509,1418003.4,0.8502785714285717,20,3.553933422898941,2311,2026-10-05T17:49:31+00:00
ARMG,Themes ETF Trust Leverage Shares 2X Long ARM Daily ETF,NASDAQ,False,False,True,22.4894,34685863.62449001,1549994.6,2.9924857142857144,20,13.30620520905722,2312,2026-10-05T17:49:31+00:00
SGHC,Super Group (SGHC) Limited,NYSE,True,True,True,11.65,34663461.501,2797016.5,0.4542857142857141,20,3.8994481912936836,2313,2026-10-05T17:49:31+00:00
MSGY,Masonglory Limited Class A Ordinary Shares,NASDAQ,False,False,True,5.0101,34585509.162920006,5472885.15,1.7698071428571427,20,35.32478678783143,2314,2026-10-05T17:49:31+00:00
NN,NextNav Inc. Common Stock,NASDAQ,True,True,True,13.285,34510312.79675,2359351.35,0.8880642857142856,20,6.684714231947954,2315,2026-10-05T17:49:31+00:00
FEIM,"Frequency Electronics, Inc. Common Stock",NASDAQ,True,True,True,85.661,34503837.1137,411143.1,4.175142857142856,20,4.874030021997007,2316,2026-10-05T17:49:31+00:00
XNCR,"Xencor, Inc. Common Stock",NASDAQ,True,True,True,25.62,34440741.9765,1397173.65,1.1289071428571427,20,4.406351065016169,2317,2026-10-05T17:49:31+00:00
EROC,"ERock, Inc.",NYSE,True,True,True,12.3,34438645.669999994,2747280.1,0.9686785714285717,20,7.875435540069688,2318,2026-10-05T17:49:31+00:00
MWH,"SOLV Energy, Inc. Class A Common Stock",NASDAQ,True,True,True,25.12,34429933.524000004,1360978.8,1.1549999999999996,20,4.59792993630573,2319,2026-10-05T17:49:31+00:00
VIPS,Vipshop Holdings Limited,NYSE,True,True,True,12.735,34338127.3175,2756392.45,0.2700857142857143,20,2.1208144034999163,2320,2026-10-05T17:49:31+00:00
DFAE,Dimensional Emerging Core Equity Market ETF,ARCA,True,True,True,40.41,34308871.081,862192.45,0.5817785714285709,20,1.4396896100682282,2321,2026-10-05T17:49:31+00:00
PPLT,abrdn Physical Platinum Shares ETF,ARCA,True,True,True,15.525,34185405.45924999,2136911.4,0.4016571428571429,20,2.5871635610766046,2322,2026-10-05T17:49:31+00:00
COUR,"Coursera, Inc.",NYSE,True,True,True,5.195,34173457.23925,6758105.35,0.23333571428571442,20,4.491544067097486,2323,2026-10-05T17:49:31+00:00
FA,First Advantage Corporation Common Stock,NASDAQ,True,True,True,18.495,34172365.19925,1755573.3,0.770178571428571,20,4.164252886880622,2324,2026-10-05T17:49:31+00:00
LION,Lionsgate Studios Corp.,NYSE,True,True,True,11.26,34096362.7765,3054550.35,0.43382142857142864,20,3.8527657954833803,2325,2026-10-05T17:49:31+00:00
DRS,"Leonardo DRS, Inc. Common Stock",NASDAQ,True,True,True,36.695,34083173.22675,921932.5,0.8994142857142856,20,2.4510540556323357,2326,2026-10-05T17:49:31+00:00
PWP,Perella Weinberg Partners Class A Common Stock,NASDAQ,True,True,True,15.81,34002632.99925,2276540.0,0.8942785714285713,20,5.656410951477364,2327,2026-10-05T17:49:31+00:00
ERX,Direxion Daily Energy Bull 2X ETF,ARCA,True,True,True,106.81,33920090.58499999,316489.7,3.9690285714285696,20,3.7159709497505564,2328,2026-10-05T17:49:31+00:00
DXJ,WisdomTree Japan Hedged Equity Fund,ARCA,True,True,True,183.2,33872803.658999994,190498.35,2.241107142857144,20,1.223311759201498,2329,2026-10-05T17:49:31+00:00
DUHP,U.S. High Relative Profitability Portfolio ETF Class Shares,ARCA,True,True,True,42.5048,33872166.34899999,806869.85,0.37287142857142896,20,0.8772454606807442,2330,2026-10-05T17:49:31+00:00
MWA,"Mueller Water Products, Inc.",NYSE,True,True,True,22.01,33870495.990499996,1523945.5,0.4451714285714282,20,2.0225871357175293,2331,2026-10-05T17:49:31+00:00
CRK,"Comstock Resources, Inc.",NYSE,True,True,True,13.01,33843280.701500006,2507502.6,0.6587071428571429,20,5.063083342483805,2332,2026-10-05T17:49:31+00:00
DBA,Invesco DB Agriculture Fund,ARCA,True,True,True,28.455,33790229.866500005,1179572.35,0.27677142857142883,20,0.9726636041870632,2333,2026-10-05T17:49:31+00:00
ATMU,Atmus Filtration Technologies Inc.,NYSE,True,True,True,46.45,33782008.343499996,757211.55,1.2579214285714286,20,2.7081193295402124,2334,2026-10-05T17:49:31+00:00
SKYW,"SkyWest, Inc. Common Stock",NASDAQ,True,True,True,96.87,33778756.31975001,345720.0,2.9123500000000004,20,3.006451945906886,2335,2026-10-05T17:49:31+00:00
BRUN,Boost Run Inc. Class A Common Stock,NASDAQ,True,True,True,14.45,33771992.8005,2081975.15,1.3213785714285715,20,9.144488383588731,2336,2026-10-05T17:49:31+00:00
AMTM,"Amentum Holdings, Inc.",NYSE,True,True,True,18.4,33754028.530499995,1750886.0,0.5906142857142854,20,3.2098602484472036,2337,2026-10-05T17:49:31+00:00
CSQR,"Csquare, Inc.",NYSE,True,True,True,17.615,33656266.2905,1923908.05,0.920171428571429,20,5.223794655528976,2338,2026-10-05T17:49:31+00:00
EWL,iShares MSCI Switzerland ETF,ARCA,True,True,True,59.205,33625767.19825,558266.05,0.6685714285714285,20,1.1292482536465307,2339,2026-10-05T17:49:31+00:00
CVBF,CVB Financial Corporation Common Stock,NASDAQ,True,True,True,22.295,33625612.987,1500781.05,0.43607142857142883,20,1.9559158043123068,2340,2026-10-05T17:49:31+00:00
NVDU,Direxion Shares ETF Trust Direxion Daily NVDA Bull 2X ETF,NASDAQ,False,False,True,157.6,33533084.460045,237369.6,6.329399999999999,20,4.016116751269035,2341,2026-10-05T17:49:31+00:00
PLTU,Direxion Shares ETF Trust Direxion Daily PLTR Bull 2X ETF,NASDAQ,False,False,True,57.6,33461002.25800001,633328.2,3.3035285714285716,20,5.735292658730159,2342,2026-10-05T17:49:31+00:00
ALG,"Alamo Group, Inc.",NYSE,True,True,True,164.445,33459843.068999995,203770.55,5.192842857142858,20,3.157799177319382,2343,2026-10-05T17:49:31+00:00
GFF,Griffon Corp,NYSE,True,True,True,95.13,33444806.025499992,353114.35,2.6386071428571407,20,2.7736856331936726,2344,2026-10-05T17:49:31+00:00
AGIO,"Agios Pharmaceuticals, Inc. Common Stock",NASDAQ,True,True,True,31.22,33437125.3195,1003860.9,1.2379357142857133,20,3.965200878557698,2345,2026-10-05T17:49:31+00:00
CGCB,Capital Group Core Bond ETF,ARCA,True,True,True,24.885,33435958.452249996,1321303.8,0.14497142857142922,20,0.5825655156577425,2346,2026-10-05T17:49:31+00:00
PVLA,"Palvella Therapeutics, Inc. Common Stock",NASDAQ,True,True,True,132.41,33382473.884000003,228694.5,6.592428571428565,20,4.978799615911612,2347,2026-10-05T17:49:31+00:00
TBBB,BBB Foods Inc.,NYSE,True,True,True,54.085,33320166.202999998,638887.35,1.5858214285714283,20,2.932091020747764,2348,2026-10-05T17:49:31+00:00
BEP,Brookfield Renewable Partners L.P.,NYSE,True,True,True,28.42,33319121.890000004,1131812.45,0.7130071428571431,20,2.5088217553031074,2349,2026-10-05T17:49:31+00:00
LTPZ,PIMCO 15+ Year U.S. TIPS Index Exchange-Traded Fund,ARCA,False,False,True,44.385,33289594.888,720658.1,0.55132142857143,20,1.242134569272119,2350,2026-10-05T17:49:31+00:00
DFSD,Dimensional Short-Duration Fixed Income ETF,ARCA,True,True,True,46.505,33271567.81540001,712519.15,0.13764285714285712,20,0.29597431919762845,2351,2026-10-05T17:49:31+00:00
GCT,GigaCloud Technology Inc Class A Ordinary Shares,NASDAQ,True,True,True,54.41,33264816.22525,631548.6,2.549978571428572,20,4.68659910205582,2352,2026-10-05T17:49:31+00:00
ISTB,iShares Core 1-5 Year USD Bond ETF,NASDAQ,True,True,True,47.0842,33261302.92993,702608.5,0.12233571428571466,20,0.25982328315170405,2353,2026-10-05T17:49:31+00:00
TYRA,"Tyra Biosciences, Inc. Common Stock",NASDAQ,True,True,True,20.865,33246351.4555,1426369.95,1.3251714285714293,20,6.351169080141047,2354,2026-10-05T17:49:31+00:00
PACS,"PACS Group, Inc.",NYSE,True,True,True,42.56,33241527.953999996,780255.5,1.4282142857142845,20,3.355766648764766,2355,2026-10-05T17:49:31+00:00
NUTX,Nutex Health Inc. Common Stock,NASDAQ,True,True,True,219.46,33217107.079749994,158714.35,10.078064285714287,20,4.592210100115869,2356,2026-10-05T17:49:31+00:00
SFNC,Simmons First National Corporation Class A Common Stock,NASDAQ,True,True,True,22.83,33125333.149749994,1446615.4,0.47103571428571406,20,2.0632313372129394,2357,2026-10-05T17:49:31+00:00
AEMD,"Aethlon Medical, Inc. Common Stock",NASDAQ,False,False,True,6.4164,33069810.5313,4912863.25,1.0630857142857144,20,16.568258124270844,2358,2026-10-05T17:49:31+00:00
BIZD,VanEck BDC Income ETF,ARCA,False,False,True,12.355,33032213.979250003,2556074.5,0.23747142857142883,20,1.9220674105336206,2359,2026-10-05T17:49:31+00:00
CGMS,Capital Group U.S. Multi-Sector Income ETF,ARCA,True,True,True,26.19,32936518.753499996,1239282.2,0.12714285714285697,20,0.4854633720613096,2360,2026-10-05T17:49:31+00:00
TAN,Invesco Solar ETF,ARCA,False,False,True,43.53,32930125.683999993,725098.5,1.2764285714285717,20,2.9322962817104794,2361,2026-10-05T17:49:31+00:00
XRP,Bitwise XRP ETF,ARCA,True,True,True,16.68,32919634.445000004,2026425.15,0.8564857142857142,20,5.134806440561836,2362,2026-10-05T17:49:31+00:00
BOH,Bank of Hawaii Corp.,NYSE,True,True,True,68.525,32793887.483749997,456354.4,1.619642857142858,20,2.363579506957837,2363,2026-10-05T17:49:31+00:00
REYN,Reynolds Consumer Products Inc. Common Stock,NASDAQ,True,True,True,22.18,32791700.8685,1493097.8,0.5330000000000003,20,2.4030658250676296,2364,2026-10-05T17:49:31+00:00
CDP,COPT Defense Properties,NYSE,True,True,True,33.51,32781157.121000003,954966.75,0.6467857142857137,20,1.9301274672805544,2365,2026-10-05T17:49:31+00:00
SNDX,"Syndax Pharmaceuticals, Inc. Common Stock",NASDAQ,True,True,True,17.82,32781029.282000005,1813286.9,0.791321428571428,20,4.440636523969854,2366,2026-10-05T17:49:31+00:00
SGRY,"Surgery Partners, Inc. Common Stock",NASDAQ,True,True,True,13.37,32768217.249499995,2299852.95,0.7853214285714286,20,5.873757880115398,2367,2026-10-05T17:49:31+00:00
APPS,"Digital Turbine, Inc. Common Stock",NASDAQ,True,True,True,11.325,32756109.671500005,2887288.65,0.8618714285714285,20,7.610343740145065,2368,2026-10-05T17:49:31+00:00
VECO,Veeco Instruments Inc. Common Stock,NASDAQ,True,True,True,56.4501,32744763.6404,688637.85,2.7082142857142872,20,4.7975367372498665,2369,2026-10-05T17:49:31+00:00
PLSE,"Pulse Biosciences, Inc Common Stock (DE)",NASDAQ,True,True,True,50.41,32729561.586000003,631041.1,3.3176857142857155,20,6.581403916456488,2370,2026-10-05T17:49:31+00:00
SKT,Tanger Inc.,NYSE,True,True,True,35.1277,32712653.4093,921412.4,0.6122357142857143,20,1.7428858544274586,2371,2026-10-05T17:49:31+00:00
KALU,Kaiser Aluminum Corporation Common Stock,NASDAQ,True,True,True,156.7925,32704257.167625,214029.3,5.871135714285718,20,3.744525863345325,2372,2026-10-05T17:49:31+00:00
PTRN,Pattern Group Inc. Series A Common Stock,NASDAQ,True,True,True,17.43,32683572.641500004,1738818.4,0.92175,20,5.288296041308089,2373,2026-10-05T17:49:31+00:00
NWE,"NorthWestern Energy Group, Inc. Common Stock",NASDAQ,True,True,True,69.18,32677414.849499993,473937.95,1.558571428571428,20,2.25292198405815,2374,2026-10-05T17:49:31+00:00
NOWL,GraniteShares ETF Trust GraniteShares 2x Long NOW Daily ETF,NASDAQ,False,False,True,7.16,32661470.860000003,4442702.2,0.5572714285714285,20,7.7831205107741415,2375,2026-10-05T17:49:31+00:00
RUSHA,"Rush Enterprises, Inc. Common Stock Cl A",NASDAQ,True,True,True,47.53,32604881.948250003,677905.35,1.2473357142857158,20,2.624312464308259,2376,2026-10-05T17:49:31+00:00
LASR,"nLIGHT, Inc. Common Stock",NASDAQ,True,True,True,39.72,32580729.726999998,817528.0,1.467407142857142,20,3.6943785066896826,2377,2026-10-05T17:49:31+00:00
GSLC,Goldman Sachs ActiveBeta U.S. Large Cap Equity ETF,ARCA,True,True,True,147.58,32519603.732500006,222962.85,1.3156928571428577,20,0.8915116256558189,2378,2026-10-05T17:49:31+00:00
ODD,ODDITY Tech Ltd. Class A Ordinary Shares,NASDAQ,True,True,True,20.25,32490075.3115,1857568.75,1.1647857142857148,20,5.752028218694888,2379,2026-10-05T17:49:31+00:00
MOO,VanEck Agribusiness ETF,ARCA,True,True,True,82.235,32457649.955749996,382634.5,1.167585714285713,20,1.4198160324505538,2380,2026-10-05T17:49:31+00:00
IDYA,"IDEAYA Biosciences, Inc. Common Stock",NASDAQ,True,True,True,38.21,32431616.421499997,853622.25,1.5714285714285714,20,4.112610760085243,2381,2026-10-05T17:49:31+00:00
CAPR,"Capricor Therapeutics, Inc. Common Stock",NASDAQ,False,False,True,8.165,32381608.772499997,3611780.6,0.7484071428571427,20,9.16603971656023,2382,2026-10-05T17:49:31+00:00
IXC,iShares Global Energy ETF,ARCA,True,True,True,58.52,32377927.167000003,553734.9,1.0098642857142859,20,1.7256737623278977,2383,2026-10-05T17:49:31+00:00
FTXL,First Trust Exchange-Traded Fund VI First Trust Nasdaq Semiconductor ETF,NASDAQ,True,True,True,262.03,32321776.653999995,132027.0,6.670900000000001,20,2.54585352822196,2384,2026-10-05T17:49:31+00:00
MBX,"MBX Biosciences, Inc. Common Stock",NASDAQ,True,True,True,58.12,32308422.1,538584.25,3.570750000000001,20,6.143754301445288,2385,2026-10-05T17:49:31+00:00
FTCS,First Trust Capital Strength ETF,NASDAQ,True,True,True,94.1705,32247977.450844996,336968.35,0.8364000000000027,20,0.888176233533859,2386,2026-10-05T17:49:31+00:00
AZZ,AZZ Inc.,NYSE,True,True,True,139.885,32216531.048750002,238520.45,3.4639714285714343,20,2.476299409208589,2387,2026-10-05T17:49:31+00:00
FELC,Fidelity Enhanced Large Cap Core ETF,ARCA,False,False,True,43.965,32181429.064999998,739088.5,0.408135714285715,20,0.9283196048805071,2388,2026-10-05T17:49:31+00:00
CALF,Pacer US Small Cap Cash Cows ETF,BATS,True,True,True,54.195,32161520.523499995,585162.5,0.654285714285714,20,1.2072805872971935,2389,2026-10-05T17:49:31+00:00
GRNY,FundStrat Granny Shots US Large Cap ETF,ARCA,True,True,True,28.5001,32135776.787755005,1149953.4,0.35354285714285666,20,1.240496900512127,2390,2026-10-05T17:49:31+00:00
GGAL,Grupo Financiero Galicia S.A. American Depositary Shares,NASDAQ,True,True,True,38.22,32087957.062,802288.75,1.4566428571428567,20,3.8112058010017185,2391,2026-10-05T17:49:31+00:00
NWL,Newell Brands Inc. Common Stock,NASDAQ,True,True,True,5.505,32064056.446999997,5651828.45,0.21087142857142865,20,3.8305436616063337,2392,2026-10-05T17:49:31+00:00
XRPN,Armada Acquisition Corp. II Class A Ordinary Shares,NASDAQ,False,False,True,38.3207,32040183.357045002,1221517.55,4.938007142857143,20,12.88600454286363,2393,2026-10-05T17:49:31+00:00
CBT,Cabot Corporation,NYSE,True,True,True,77.98,32032966.646000005,409255.15,1.9577071428571446,20,2.5105246766570204,2394,2026-10-05T17:49:31+00:00
NNE,Nano Nuclear Energy Inc. Common Stock,NASDAQ,True,True,True,15.57,32010495.167000003,1929260.75,0.9567785714285718,20,6.145013303972844,2395,2026-10-05T17:49:31+00:00
PPH,VanEck Pharmaceutical ETF,NASDAQ,True,True,True,107.71,32003493.006859995,289949.95,1.553299999999999,20,1.442113081422337,2396,2026-10-05T17:49:31+00:00
ETON,"Eton Pharmaceuticals, Inc. Common Stock",NASDAQ,True,True,True,55.68,31958800.025,574041.05,3.5378714285714286,20,6.353935755336618,2397,2026-10-05T17:49:31+00:00
IPGP,IPG Photonics Corporation Common Stock,NASDAQ,True,True,True,84.665,31884969.0075,406292.95,2.8332500000000027,20,3.346424142207527,2398,2026-10-05T17:49:31+00:00
BW,"Babcock & Wilcox Enterprises, Inc.",NYSE,True,True,True,5.59,31876022.488500006,4778980.85,0.4282357142857142,20,7.660746230513671,2399,2026-10-05T17:49:31+00:00
FDL,First Trust Morningstar Dividend Leaders Index Fund,ARCA,False,False,True,49.055,31874856.533,630045.45,0.4910714285714291,20,1.0010629468380983,2400,2026-10-05T17:49:31+00:00
CALY,Callaway Golf Company,NYSE,True,True,True,14.375,31869788.206749998,2165820.6,0.39392857142857146,20,2.740372670807454,2401,2026-10-05T17:49:31+00:00
OCUL,"Ocular Therapeutix, Inc. Common Stock",NASDAQ,True,True,True,6.975,31856970.448750008,3596051.8,0.6346785714285714,20,9.099334357398874,2402,2026-10-05T17:49:31+00:00
BHE,Benchmark Electronics,NYSE,True,True,True,87.41,31849924.577500004,400182.15,2.992678571428572,20,3.4237256279928756,2403,2026-10-05T17:49:31+00:00
GEF,"Greif, Inc.",NYSE,True,True,True,82.58,31820723.7375,386137.4,1.985978571428571,20,2.404914714735494,2404,2026-10-05T17:49:31+00:00
MCY,Mercury General Corp.,NYSE,True,True,True,102.605,31790218.924000002,315593.95,2.0142785714285756,20,1.9631388055441505,2405,2026-10-05T17:49:31+00:00
ARTY,iShares Future AI & Tech ETF,ARCA,True,True,True,80.77,31769375.356,411154.5,1.6106285714285704,20,1.9940925732680086,2406,2026-10-05T17:49:31+00:00
CLBT,Cellebrite DI Ltd. Ordinary Shares,NASDAQ,True,True,True,11.11,31745327.77525,2800249.15,0.40439285714285705,20,3.6398997042561394,2407,2026-10-05T17:49:31+00:00
GRDN,"Guardian Pharmacy Services, Inc.",NYSE,True,True,True,42.38,31726303.062,722971.7,1.6206357142857146,20,3.824057843996495,2408,2026-10-05T17:49:31+00:00
DFCA,Dimensional California Municipal Bond ETF,ARCA,False,False,True,47.74,31679725.833249994,659581.95,0.26750000000000035,20,0.5603267700041901,2409,2026-10-05T17:49:31+00:00
TRLV,Trulieve Cannabis Corp.,NYSE,True,True,True,10.555,31638009.179999996,2754999.65,0.8092357142857145,20,7.6668471272924155,2410,2026-10-05T17:49:31+00:00
YSS,York Space Systems Inc.,NYSE,False,False,True,8.18,31632228.638000004,3646651.7,0.6874642857142854,20,8.40420887181278,2411,2026-10-05T17:49:31+00:00
FCG,First Trust Natural Gas ETF,ARCA,True,True,True,29.59,31620547.226999998,1046197.0,0.7235785714285711,20,2.445348331965431,2412,2026-10-05T17:49:31+00:00
APAM,ARTISAN PARTNERS ASSET MANAGEMENT INC.,NYSE,True,True,True,34.35,31609450.079999994,861593.2,0.8951785714285708,20,2.606051154086087,2413,2026-10-05T17:49:31+00:00
BGFI,BNY Mellon Global Fixed Income ETF,BATS,False,False,True,24.5,31561922.740055006,1275605.1,0.1628857142857148,20,0.6648396501457747,2414,2026-10-05T17:49:31+00:00
AIPO,Tidal Trust II Defiance AI & Power Infrastructure ETF,NASDAQ,True,True,True,29.06,31489454.740750004,1102546.85,0.6342142857142858,20,2.18243043948481,2415,2026-10-05T17:49:31+00:00
EXTR,"Extreme Networks, Inc. Common Stock",NASDAQ,True,True,True,23.5,31436255.5315,1434735.45,0.7419642857142862,20,3.15729483282675,2416,2026-10-05T17:49:31+00:00
BLTE,"Belite Bio, Inc American Depositary Shares",NASDAQ,True,True,True,159.12,31256975.203999996,179813.55,5.573442857142861,20,3.5026664511958647,2417,2026-10-05T17:49:31+00:00
TFII,TFI International Inc.,NYSE,False,False,True,115.565,31256474.296500005,251029.25,3.7466000000000017,20,3.2419850300696593,2418,2026-10-05T17:49:31+00:00
PWZ,Invesco California AMT-Free Municipal Bond ETF,ARCA,False,False,True,22.265,31239600.552500002,1381911.5,0.22747142857142905,20,1.0216547431907883,2419,2026-10-05T17:49:31+00:00
SGVT,Schwab Government Money Market ETF,ARCA,True,True,True,100.54,31233251.6235,310336.2,0.041071428571430806,20,0.04085083406746648,2420,2026-10-05T17:49:31+00:00
MBBA,iShares Mortgage-Backed Securities Active ETF,BATS,False,False,True,46.6122,31229912.51306501,652751.0,0.43369285714285766,20,0.9304277788708913,2421,2026-10-05T17:49:31+00:00
UNFI,United Natural Foods Inc,NYSE,True,True,True,45.22,31201188.011000007,686631.2,1.451157142857144,20,3.209104694509385,2422,2026-10-05T17:49:31+00:00
IYZ,iShares U.S. Telecommunications ETF,BATS,False,False,True,42.85,31160203.599,735675.4,0.6272214285714297,20,1.4637606267711312,2423,2026-10-05T17:49:31+00:00
APPN,Appian Corporation Class A Common Stock,NASDAQ,True,True,True,37.41,31132373.182,857124.75,1.9319285714285708,20,5.164203612479473,2424,2026-10-05T17:49:31+00:00
PGNY,"Progyny, Inc. Common Stock",NASDAQ,True,True,True,25.33,31125053.7565,1180133.1,0.7070214285714285,20,2.7912413287462634,2425,2026-10-05T17:49:31+00:00
IMNM,"Immunome, Inc. Common Stock",NASDAQ,True,True,True,21.38,31123157.351499997,1334020.1,1.1386071428571427,20,5.325571294935186,2426,2026-10-05T17:49:31+00:00
PSNL,"Personalis, Inc. Common Stock",NASDAQ,True,True,True,16.385,31122519.90325,1907850.2,0.378914285714286,20,2.3125681154365942,2427,2026-10-05T17:49:31+00:00
GIB,CGI Inc.,NYSE,True,True,True,70.51,31109722.277499996,446867.45,1.6857214285714284,20,2.390755110723909,2428,2026-10-05T17:49:31+00:00
INDB,Independent Bank Corp. Common Stock,NASDAQ,True,True,True,79.93,31072917.1445,382530.65,1.6192857142857144,20,2.0258797876713555,2429,2026-10-05T17:49:31+00:00
LLYVK,"Liberty Live Holdings, Inc. Series C Liberty Live Group Common Stock",NASDAQ,True,True,True,99.96,31067808.621,317108.1,2.6145857142857136,20,2.6156319670725425,2430,2026-10-05T17:49:31+00:00
URGN,UroGen Pharma Ltd. Ordinary Shares,NASDAQ,True,True,True,41.65,31058739.834249992,735685.8,1.6058357142857145,20,3.8555479334590985,2431,2026-10-05T17:49:31+00:00
UFPT,"UFP Technologies, Inc. Common Stock",NASDAQ,True,True,True,303.29,31038929.7515,108179.1,7.552635714285718,20,2.490235653759015,2432,2026-10-05T17:49:31+00:00
IHF,iShares U.S. Healthcare Providers ETF,ARCA,True,True,True,55.63,31005288.509499997,551996.9,0.7182071428571426,20,1.291042859710844,2433,2026-10-05T17:49:31+00:00
SKYY,First Trust Cloud Computing ETF,NASDAQ,True,True,True,169.61,30973678.9565,189164.4,3.406657142857138,20,2.0085237561801415,2434,2026-10-05T17:49:31+00:00
THRM,Gentherm Inc Common Stock,NASDAQ,True,True,True,32.44,30929750.100999992,921708.0,1.8350357142857148,20,5.656706887440551,2435,2026-10-05T17:49:31+00:00
SATL,Satellogic Inc. Class A Common Stock,NASDAQ,True,True,True,5.315,30926265.822000004,5691402.1,0.5124214285714287,20,9.641042870581913,2436,2026-10-05T17:49:31+00:00
DFAU,Dimensional US Core Equity Market ETF,ARCA,True,True,True,53.2607,30918292.312494993,587116.3,0.4845642857142854,20,0.9097970655929896,2437,2026-10-05T17:49:31+00:00
HCI,"HCI Group, Inc.",NYSE,True,True,True,186.54,30913882.8995,169296.55,4.257492857142852,20,2.2823484813674555,2438,2026-10-05T17:49:31+00:00
PZZA,"Papa John's International, Inc. Common Stock",NASDAQ,True,True,True,19.105,30884524.815249998,1516372.05,0.6639500000000004,20,3.4752682543836713,2439,2026-10-05T17:49:31+00:00
PAC,"Grupo Aeroportuario del Pacifico, S.A.B. de C.V. Amer. Dep. Shares (each rep. 10 Ser. B shares)",NYSE,True,True,True,208.2,30870760.297500003,150053.15,6.31982142857143,20,3.035456978180322,2440,2026-10-05T17:49:31+00:00
SHLS,"Shoals Technologies Group, Inc. Class A Common Stock",NASDAQ,True,True,True,8.005,30846904.290499993,4078370.65,0.45821428571428585,20,5.724101008298386,2441,2026-10-05T17:49:31+00:00
NTST,NetSTREIT Corp.,NYSE,True,True,True,17.43,30808654.016000003,1681207.75,0.4253571428571427,20,2.440373739857388,2442,2026-10-05T17:49:31+00:00
SOMN,The Southern Company 2025 Series A Corporate Units,NYSE,True,True,True,45.29,30766470.232000005,675762.7,0.5066999999999996,20,1.1187900198719356,2443,2026-10-05T17:49:31+00:00
PLMR,"Palomar Holdings, Inc. Common stock",NASDAQ,True,True,True,126.98,30702333.378499996,233808.05,3.7428571428571433,20,2.947595796863398,2444,2026-10-05T17:49:31+00:00
FELE,"Franklin Electric Co., Inc. Common Stock",NASDAQ,True,True,True,99.595,30691429.23,317614.85,1.9095428571428568,20,1.9173079543580065,2445,2026-10-05T17:49:31+00:00
ARCB,ArcBest Corporation Common Stock,NASDAQ,True,True,True,131.33,30683434.311000008,234173.95,4.551428571428572,20,3.465642710293589,2446,2026-10-05T17:49:31+00:00
XAGG,Eaton Vance Income Opportunities ETF,ARCA,True,True,True,48.165,30641392.79610001,627295.65,0.20789999999999814,20,0.43164123326066256,2447,2026-10-05T17:49:31+00:00
ESGV,Vanguard ESG U.S. Stock ETF,BATS,True,True,True,137.69,30616159.554250002,225141.3,1.4196571428571414,20,1.0310531940279914,2448,2026-10-05T17:49:31+00:00
ADMA,ADMA Biologics Inc Common Stock,NASDAQ,True,True,True,10.045,30558308.5125,3233415.15,0.43536428571428615,20,4.334139230605139,2449,2026-10-05T17:49:31+00:00
TOTL,State Street DoubleLine Total Return Tactical ETF,ARCA,True,True,True,37.205,30552278.55120001,809132.45,0.18736428571428526,20,0.5035997465778397,2450,2026-10-05T17:49:31+00:00
ETHT,ProShares Ultra Ether ETF,ARCA,False,False,True,19.63,30500470.048499994,1659121.05,1.2003928571428568,20,6.115093515755766,2451,2026-10-05T17:49:31+00:00
ECPG,Encore Capital Group Inc Common Stock,NASDAQ,True,True,True,98.31,30463114.969,310174.65,3.1285714285714294,20,3.1823531976110564,2452,2026-10-05T17:49:31+00:00
PBI,Pitney Bowes Inc.,NYSE,True,True,True,16.86,30432303.737,1810449.0,0.4482714285714283,20,2.658786646331129,2453,2026-10-05T17:49:31+00:00
LOFF,Direxion Daily SpaceX Bull 2X ETF,ARCA,False,False,True,20.94,30429885.5075,1777680.05,1.4184785714285713,20,6.7740141902033,2454,2026-10-05T17:49:31+00:00
DFEM,Dimensional Emerging Markets Core Equity 2 ETF,ARCA,True,True,True,40.82,30393859.384499997,757056.35,0.5629714285714295,20,1.3791558759711646,2455,2026-10-05T17:49:31+00:00
BBNX,"Beta Bionics, Inc. Common Stock",NASDAQ,True,True,True,19.075,30351113.259250004,1481216.7,1.4090142857142858,20,7.386706609249205,2456,2026-10-05T17:49:31+00:00
IJJ,iShares S&P Mid-Cap 400 Value ETF,ARCA,True,True,True,141.65,30338325.397499997,214710.05,1.6585571428571464,20,1.1708839695426376,2457,2026-10-05T17:49:31+00:00
BIP,Brookfield Infrastructure Partners L.P. Limited Partnership Units,NYSE,True,True,True,35.94,30327942.406999994,848154.75,0.8010714285714293,20,2.2289132681453236,2458,2026-10-05T17:49:31+00:00
INTR,Inter & Co. Inc. Class A Common Shares,NASDAQ,True,True,True,6.66,30313916.7075,5403507.5,0.31195714285714293,20,4.684041184041185,2459,2026-10-05T17:49:31+00:00
OMDA,"Omada Health, Inc. Common Stock",NASDAQ,True,True,True,20.77,30299471.2415,1485975.2,0.8770928571428568,20,4.222883279455257,2460,2026-10-05T17:49:31+00:00
UGP,Ultrapar Participacoes S.A.,NYSE,True,True,True,7.775,30234219.5285,4052843.55,0.2742785714285714,20,3.527698667891594,2461,2026-10-05T17:49:31+00:00
NMIH,NMI Holdings Inc. Common Stock,NASDAQ,True,True,True,39.53,30134569.18,734437.15,1.1682142857142854,20,2.955260019515015,2462,2026-10-05T17:49:31+00:00
CATY,Cathay General Bancorp Common Stock,NASDAQ,True,True,True,60.92,30100741.194999993,490243.7,1.1567857142857163,20,1.8988603320514057,2463,2026-10-05T17:49:31+00:00
UCB,"United Community Banks, Inc.",NYSE,True,True,True,34.08,30081735.652,872712.4,0.695764285714285,20,2.041561871227362,2464,2026-10-05T17:49:31+00:00
SRZN,"Surrozen, Inc. Common Stock",NASDAQ,True,True,True,27.78,30065162.165999997,968088.3,3.5467857142857135,20,12.76740717885426,2465,2026-10-05T17:49:31+00:00
ANIP,"ANI Pharmaceuticals, Inc.",NASDAQ,True,True,True,72.485,30054563.8755,405988.3,2.3989499999999992,20,3.3095812926812433,2466,2026-10-05T17:49:31+00:00
ATEN,A10 NETWORKS INC,NYSE,True,True,True,28.205,30008829.369750004,1145319.8,0.9995714285714286,20,3.5439511738040372,2467,2026-10-05T17:49:31+00:00
WINA,Winmark Corporation Common Stock,NASDAQ,True,True,True,293.965,29997024.92075,101673.05,10.383564285714284,20,3.5322450923457844,2468,2026-10-05T17:49:31+00:00
WOR,"Worthington Enterprises, Inc.",NYSE,True,True,True,62.19,29981861.866999995,505359.75,2.9878714285714274,20,4.804424229894561,2469,2026-10-05T17:49:31+00:00
BRBR,"BellRing Brands, Inc.",NYSE,True,True,True,7.74,29947508.085,3570947.65,0.405335714285714,20,5.236895533407158,2470,2026-10-05T17:49:31+00:00
OGN,Organon & Co.,NYSE,True,True,True,13.75,29869135.505000003,2181835.3,0.039642857142857126,20,0.2883116883116882,2471,2026-10-05T17:49:31+00:00
XERS,"Xeris Biopharma Holdings, Inc. Common Stock",NASDAQ,True,True,True,9.985,29865415.612749994,3301773.75,0.6371357142857141,20,6.380928535660632,2472,2026-10-05T17:49:31+00:00
BLBD,Blue Bird Corporation Common Stock,NASDAQ,True,True,True,57.025,29853933.7865,505738.05,2.0446285714285706,20,3.585495083609944,2473,2026-10-05T17:49:31+00:00
WERN,"Werner Enterprises, Inc. Common Stock",NASDAQ,True,True,True,34.31,29819698.31225,835744.05,1.2215999999999991,20,3.5604779947537137,2474,2026-10-05T17:49:31+00:00
FFBC,First Financial Bancorp. Common Stock,NASDAQ,True,True,True,31.655,29791414.9615,931679.65,0.6608571428571436,20,2.0876864408691946,2475,2026-10-05T17:49:31+00:00
ZG,"Zillow Group, Inc. Class A Common Stock",NASDAQ,True,True,True,28.14,29786813.8525,979326.3,1.2622642857142854,20,4.485658442481469,2476,2026-10-05T17:49:31+00:00
CGHM,Capital Group Municipal High-Income ETF,ARCA,False,False,True,24.05,29742970.341999996,1223073.9,0.1901928571428567,20,0.7908226908226889,2477,2026-10-05T17:49:31+00:00
HAFN,Hafnia Limited,NYSE,True,True,True,10.345,29706120.45575,3149692.1,0.4127071428571428,20,3.989435890354207,2478,2026-10-05T17:49:31+00:00
DXC,DXC Technology Company,NYSE,True,True,True,11.415,29701324.764750004,2679996.75,0.5319642857142858,20,4.660221513046744,2479,2026-10-05T17:49:31+00:00
DRIP,Direxion Daily S&P Oil & Gas Exp. & Prod. Bear 2X ETF,ARCA,False,False,True,33.99,29648671.16699999,861500.85,1.71742142857143,20,5.052725591560547,2480,2026-10-05T17:49:31+00:00
BNC,BNB Standard Corporation Common Stock,NASDAQ,True,True,True,6.1,29640410.397999994,5559322.85,0.49389285714285736,20,8.096604215456678,2481,2026-10-05T17:49:31+00:00
FTRE,Fortrea Holdings Inc. Common Stock,NASDAQ,True,True,True,20.965,29627119.612,1532638.0,1.0199928571428567,20,4.865217539436474,2482,2026-10-05T17:49:31+00:00
ARIS,Aris Mining Corporation,NYSE,True,True,True,17.555,29612291.810750008,1593752.7,0.8634357142857141,20,4.918460349106887,2483,2026-10-05T17:49:31+00:00
AVPT,"AvePoint, Inc. Class A Common Stock",NASDAQ,True,True,True,14.375,29586309.568,2193496.75,0.4764285714285717,20,3.3142857142857163,2484,2026-10-05T17:49:31+00:00
RNST,Renasant Corporation,NYSE,True,True,True,39.84,29531035.765999995,735233.65,0.8078571428571425,20,2.0277538726333897,2485,2026-10-05T17:49:31+00:00
LCII,LCI Industries,NYSE,True,True,True,82.78,29410659.222500004,338023.85,2.3741857142857135,20,2.8680668208331888,2486,2026-10-05T17:49:31+00:00
FUN,Six Flags Entertainment Corporation,NYSE,True,True,True,12.11,29401645.5695,2415675.85,0.6578499999999999,20,5.4322873658133775,2487,2026-10-05T17:49:31+00:00
SRAD,Sportradar Group AG Class A Ordinary Shares,NASDAQ,True,True,True,12.18,29367772.571999997,2307775.6,0.6764285714285715,20,5.553600750645087,2488,2026-10-05T17:49:31+00:00
LBTYA,Liberty Global Ltd. Class A Common Shares,NASDAQ,True,True,True,9.045,29221626.567,3013487.25,0.33035714285714274,20,3.652373055358129,2489,2026-10-05T17:49:31+00:00
ANAB,"AnaptysBio, Inc. Common Stock",NASDAQ,True,True,True,49.55,29203091.856499992,554013.95,2.2758571428571424,20,4.593051751477583,2490,2026-10-05T17:49:31+00:00
HTO,H2O America Common Stock,NASDAQ,True,True,True,58.38,29119450.900500007,467828.45,1.2747785714285713,20,2.183587823618656,2491,2026-10-05T17:49:31+00:00
HMC,"Honda Motor Co., Ltd. American Depositary Share, each representing three (3) shares of Common Stock",NYSE,True,True,True,31.845,29071268.039250005,907514.65,0.5728571428571431,20,1.7988919543323694,2492,2026-10-05T17:49:31+00:00
SFBS,ServisFirst Bancshares Inc.,NYSE,True,True,True,39.81,29065096.511,702369.95,1.022857142857143,20,2.569347256611763,2493,2026-10-05T17:49:31+00:00
FIXD,First Trust Exchange-Traded Fund VIII First Trust Smith Opportunistic Fixed Income ETF,NASDAQ,False,False,True,41.165,29037904.275350004,694338.6,0.603121428571429,20,1.465131613194289,2494,2026-10-05T17:49:31+00:00
VSDM,Vanguard Short Duration Tax-Exempt Bond ETF,BATS,False,False,True,74.375,29011771.583250005,388052.45,0.25336428571428776,20,0.34065786314526086,2495,2026-10-05T17:49:31+00:00
PLPC,Preformed Line Products Company Common Stock,NASDAQ,True,True,True,412.685,28967836.374249995,70030.85,17.613978571428582,20,4.268141214589477,2496,2026-10-05T17:49:31+00:00
CNA,CNA Financial Corporation,NYSE,True,True,True,46.49,28949609.2825,614511.4,0.9540214285714299,20,2.0521002980671756,2497,2026-10-05T17:49:31+00:00
ELMT,The Elmet Group Co. Common Stock,NASDAQ,False,False,True,21.635,28889209.017750006,1376258.7,1.9810999999999996,20,9.156921654726135,2498,2026-10-05T17:49:31+00:00
CIB,Grupo Cibest S.A. American Depositary Shares (each representing four (4) Preferred Shares),NYSE,True,True,True,96.765,28877856.984249998,296992.45,2.8642785714285717,20,2.9600357272036084,2499,2026-10-05T17:49:31+00:00
GUSH,Direxion Daily S&P Oil & Gas Exp. & Prod. Bull 2X ETF,ARCA,False,False,True,44.52,28852779.396999996,645648.25,2.1284000000000005,20,4.780772686433064,2500,2026-10-05T17:49:31+00:00
OR,OR Royalties Inc.,NYSE,True,True,True,34.28,28850105.507,807711.75,1.1282142857142854,20,3.291173528921486,2501,2026-10-05T17:49:31+00:00
SCYB,Schwab High Yield Bond ETF,ARCA,True,True,True,25.055,28845129.767500002,1132333.9,0.13385714285714226,20,0.5342532143569837,2502,2026-10-05T17:49:31+00:00
MTBA,Simplify MBS ETF,ARCA,True,True,True,46.625,28844892.745000005,611272.9,0.2864714285714288,20,0.6144159325928769,2503,2026-10-05T17:49:31+00:00
ETOR,eToro Group Ltd. Class A Common Shares,NASDAQ,True,True,True,25.4925,28764909.719875,1036470.5,0.9201785714285712,20,3.609605065915745,2504,2026-10-05T17:49:31+00:00
PBH,Prestige Consumer Healthcare Inc.,NYSE,True,True,True,45.535,28754386.84275,619331.0,1.3632285714285715,20,2.9938038243737157,2505,2026-10-05T17:49:31+00:00
JOYY,JOYY Inc. American Depositary Shares,NASDAQ,True,True,True,80.925,28752686.551,365382.75,1.805657142857143,20,2.231272342115716,2506,2026-10-05T17:49:31+00:00
BKGI,BNY Mellon Global Infrastructure Income ETF,BATS,False,False,True,41.65,28724178.994,659031.0,0.472642857142857,20,1.134796775853198,2507,2026-10-05T17:49:31+00:00
DBC,Invesco DB Commodity Index Tracking Fund,ARCA,True,True,True,32.455,28705324.69325,874407.4,0.5029571428571421,20,1.5497061865880206,2508,2026-10-05T17:49:31+00:00
ATAT,Atour Lifestyle Holdings Limited American Depositary Shares,NASDAQ,True,True,True,32.11,28597665.389500003,880015.55,0.8142857142857147,20,2.535925612848691,2509,2026-10-05T17:49:31+00:00
ANDG,Andersen Group Inc.,NYSE,True,True,True,56.39,28581509.356,521473.55,2.189135714285713,20,3.882134623666808,2510,2026-10-05T17:49:31+00:00
REPL,"Replimune Group, Inc. Common Stock",NASDAQ,True,True,True,13.02,28530481.949,2177441.05,0.7536928571428569,20,5.788731621680929,2511,2026-10-05T17:49:31+00:00
MRNX,Defiance Daily Target 2X Long MRNA ETF,ARCA,False,False,True,154.48,28499930.98848,245419.0,18.70509285714285,20,12.10842365169786,2512,2026-10-05T17:49:31+00:00
LPTH,"LightPath Technologies, Inc. Class A Common Stock",NASDAQ,True,True,True,10.87,28460449.813,2850450.05,0.5446142857142856,20,5.0102510185306866,2513,2026-10-05T17:49:31+00:00
WSFS,WSFS Financial Corporation Common Stock,NASDAQ,True,True,True,77.85,28423156.295999996,362812.35,1.4419500000000005,20,1.8522157996146444,2514,2026-10-05T17:49:31+00:00
HE,"Hawaiian Electric Industries, Inc.",NYSE,True,True,True,8.845,28410307.622499995,2936115.1,0.27530000000000016,20,3.11249293386094,2515,2026-10-05T17:49:31+00:00
SDRL,Seadrill Limited,NYSE,True,True,True,45.605,28391012.305749994,606101.1,1.6161357142857153,20,3.543768697041367,2516,2026-10-05T17:49:31+00:00
IYK,iShares U.S. Consumer Staples ETF,ARCA,False,False,True,71.48,28377547.873000003,393847.6,0.75,20,1.0492445439283715,2517,2026-10-05T17:49:31+00:00
GOLF,Acushnet Holdings Corp.,NYSE,True,True,True,83.745,28212570.23025,339779.5,2.088635714285714,20,2.4940422882389566,2518,2026-10-05T17:49:31+00:00
NMRK,"Newmark Group, Inc. Class A Common Stock",NASDAQ,True,True,True,12.58,28184948.142749995,2083962.65,0.48492857142857154,20,3.8547581194640026,2519,2026-10-05T17:49:31+00:00
IDV,iShares International Select Dividend ETF,BATS,True,True,True,41.65,28172256.107499998,649738.95,0.5135785714285694,20,1.2330818041502267,2520,2026-10-05T17:49:31+00:00
LTC,"LTC Properties, Inc.",NYSE,True,True,True,42.565,28104852.41025,656438.35,0.8234714285714284,20,1.934620999815408,2521,2026-10-05T17:49:31+00:00
TSLZ,T-Rex 2X Inverse Tesla Daily Target ETF,BATS,False,False,True,10.58,28049483.91324999,2450941.15,0.7517214285714287,20,7.1051174723197414,2522,2026-10-05T17:49:31+00:00
SKHX,Leverage Shares 2X Long SK Hynix Daily ETF,BATS,False,False,True,18.87,27987196.9315,1586419.75,1.3880642857142858,20,7.355931561813915,2523,2026-10-05T17:49:31+00:00
NHI,National Health Investors,NYSE,True,True,True,65.23,27938576.574500002,410959.3,1.2645142857142855,20,1.938547118985567,2524,2026-10-05T17:49:31+00:00
SBCF,Seacoast Banking Corporation of Florida Common Stock,NASDAQ,True,True,True,32.62,27866773.748499997,838318.05,0.6853000000000006,20,2.1008583690987144,2525,2026-10-05T17:49:31+00:00
SUPN,"Supernus Pharmaceuticals, Inc. Common Stock",NASDAQ,True,True,True,42.69,27846301.416500002,654680.4,1.3941071428571423,20,3.265652712244419,2526,2026-10-05T17:49:31+00:00
REM,iShares Mortgage Real Estate ETF,BATS,False,False,True,17.64,27809972.020999998,1468851.85,0.4156642857142859,20,2.356373501781666,2527,2026-10-05T17:49:31+00:00
VOR,Vor Biopharma Inc. Common Stock,NASDAQ,True,True,True,19.11,27761859.244750004,1335866.85,1.2978714285714286,20,6.791582567092772,2528,2026-10-05T17:49:31+00:00
SDY,State Street SPDR S&P Dividend ETF,ARCA,True,True,True,147.66,27746661.573000003,185240.3,1.3280214285714302,20,0.8993779145140391,2529,2026-10-05T17:49:31+00:00
VPLS,Vanguard Malvern Funds Vanguard Core Plus Bond ETF,NASDAQ,False,False,True,73.505,27739526.69691,372022.65,0.3594642857142846,20,0.48903378778897305,2530,2026-10-05T17:49:31+00:00
DFNM,Dimensional National Municipal Bond ETF,ARCA,False,False,True,46.185,27724851.066099994,599098.75,0.2172714285714277,20,0.47043721678343114,2531,2026-10-05T17:49:31+00:00
CCXI,Churchill Capital Corp XI Class A Ordinary Shares,NASDAQ,True,True,True,11.895,27723852.00274999,2240269.35,0.6596428571428571,20,5.5455473488260365,2532,2026-10-05T17:49:31+00:00
BITI,ProShares Short Bitcoin ETF,ARCA,False,False,True,17.27,27687967.128000002,1530677.85,0.5260857142857139,20,3.04624038382,2533,2026-10-05T17:49:31+00:00
ROBN,T-Rex 2X Long HOOD Daily Target ETF,BATS,False,False,True,32.445,27678855.63125,811670.4,3.469092857142858,20,10.692226405125158,2534,2026-10-05T17:49:31+00:00
YELP,YELP INC.,NYSE,True,True,True,18.545,27670280.6315,1427968.35,0.7824142857142863,20,4.219003967184072,2535,2026-10-05T17:49:31+00:00
ABM,"ABM Industries, Inc.",NYSE,True,True,True,48.815,27661885.414249998,558367.9,1.0007142857142861,20,2.0500139008794145,2536,2026-10-05T17:49:31+00:00
SWMR,"Swarmer, Inc Common Stock",NASDAQ,False,False,True,15.176,27622079.28315,1186870.3,1.9631071428571427,20,12.935603208072896,2537,2026-10-05T17:49:31+00:00
SSL,Sasol Limited,NYSE,True,True,True,14.085,27599245.58925,1943880.25,0.42318571428571455,20,3.004513413459102,2538,2026-10-05T17:49:31+00:00
MHO,"M/I Homes, Inc.",NYSE,True,True,True,133.2675,27554387.914375,197998.2,3.5108928571428573,20,2.634470412623376,2539,2026-10-05T17:49:31+00:00
AVNT,Avient Corporation,NYSE,True,True,True,41.79,27541327.111500002,670527.2,1.059642857142857,20,2.5356373705260995,2540,2026-10-05T17:49:31+00:00
FCPT,"Four Corners Property Trust, Inc.",NYSE,True,True,True,21.35,27509884.385500003,1218720.5,0.4525857142857149,20,2.1198394111743086,2541,2026-10-05T17:49:31+00:00
FFIN,"First Financial Bankshares, Inc. Common Stock",NASDAQ,True,True,True,32.04,27450970.002000004,843660.2,0.6686428571428567,20,2.0869003031924365,2542,2026-10-05T17:49:31+00:00
FHLC,Fidelity MSCI Health Care Index ETF,ARCA,False,False,True,81.1,27370905.441499997,336652.4,1.00315,20,1.2369297163995068,2543,2026-10-05T17:49:31+00:00
PDFS,"PDF Solutions, Inc. Common Stock",NASDAQ,True,True,True,56.3,27366001.770000003,578503.55,2.227492857142857,20,3.9564704389748795,2544,2026-10-05T17:49:31+00:00
OMER,Omeros Corporation Common Stock,NASDAQ,True,True,True,18.96,27278787.628000002,1440613.5,0.8857785714285716,20,4.671827908378543,2545,2026-10-05T17:49:31+00:00
TEN,Tsakos Energy Navigation Ltd.,NYSE,True,True,True,51.24,27252199.877000004,559554.5,2.2210500000000004,20,4.3346018735363,2546,2026-10-05T17:49:31+00:00
CGMM,Capital Group U.S. Small and Mid Cap ETF,ARCA,False,False,True,31.67,27228468.490000002,863383.2,0.37085,20,1.1709820018945374,2547,2026-10-05T17:49:31+00:00
DBEF,Xtrackers MSCI EAFE Hedged Equity ETF,ARCA,True,True,True,55.16,27224883.4385,494932.35,0.5399642857142872,20,0.9789055215995055,2548,2026-10-05T17:49:31+00:00
IBOC,International Bancshares Corporation Common Stock,NASDAQ,True,True,True,69.82,27182900.4445,387353.95,1.0335714285714275,20,1.4803371935998677,2549,2026-10-05T17:49:31+00:00
CLOA,BlackRock ETF Trust II iShares AAA CLO Active ETF,NASDAQ,True,True,True,51.775,27152761.184864998,523176.35,0.05622857142857031,20,0.10860177967855203,2550,2026-10-05T17:49:31+00:00
FVD,First Trust Value Line Dividend Fund,ARCA,True,True,True,47.16,27150851.989499997,566160.9,0.40938571428571435,20,0.8680782745668244,2551,2026-10-05T17:49:31+00:00
CWK,Cushman & Wakefield Ltd.,NYSE,True,True,True,11.895,27108307.882749997,2197146.6,0.48678571428571427,20,4.092355731699994,2552,2026-10-05T17:49:31+00:00
PHIN,PHINIA Inc.,NYSE,True,True,True,60.09,27093988.145,440225.95,1.7748214285714279,20,2.9536053063262235,2553,2026-10-05T17:49:31+00:00
CXT,"Crane NXT, Co.",NYSE,True,True,True,49.75,27089389.0445,563275.0,1.8046428571428572,20,3.6274228284278536,2554,2026-10-05T17:49:31+00:00
FMB,First Trust Exchange-Traded Fund III First Trust Managed Municipal ETF,NASDAQ,False,False,True,47.975,27040842.481000006,557021.9,0.3652357142857155,20,0.761304250725827,2555,2026-10-05T17:49:31+00:00
PONY,Pony AI Inc. American Depositary Shares,NASDAQ,True,True,True,6.18,27038364.71825,4021245.65,0.3571357142857143,20,5.778895053166898,2556,2026-10-05T17:49:31+00:00
GOLD,"Gold.com, Inc.",NYSE,True,True,True,41.8925,27033504.883125,592047.8,1.6156642857142869,20,3.856691020383808,2557,2026-10-05T17:49:31+00:00
SPNT,SiriusPoint Ltd.,NYSE,True,True,True,24.55,27021217.071000002,1086053.05,0.6557142857142857,20,2.670933954029677,2558,2026-10-05T17:49:31+00:00
TRAX,"First Tracks Biotherapeutics, Inc. Ordinary Shares",NASDAQ,True,True,True,33.2,27000810.221499998,723192.35,2.7997928571428576,20,8.433111015490534,2559,2026-10-05T17:49:31+00:00
DJT,Trump Media & Technology Group Corp. Common Stock,NASDAQ,True,True,True,8.715,26999432.029000003,3022472.7,0.3417785714285716,20,3.9217277272354742,2560,2026-10-05T17:49:31+00:00
AADX,"Applied Aerospace & Defense, Inc.",NYSE,True,True,True,11.85,26986466.357499998,2183276.75,0.6332428571428571,20,5.343821579264617,2561,2026-10-05T17:49:31+00:00
IDT,IDT Corporation Class B,NYSE,True,True,True,80.705,26925879.304750003,370914.45,3.212057142857142,20,3.979997698850309,2562,2026-10-05T17:49:31+00:00
CLIP,Global X 1-3 Month T-Bill ETF,ARCA,True,True,True,100.095,26908161.2815,268539.85,0.04357142857142853,20,0.04353007500017836,2563,2026-10-05T17:49:31+00:00
CLOI,VanEck CLO ETF,ARCA,True,True,True,52.81,26900272.556,508557.2,0.057157142857142115,20,0.10823166608055691,2564,2026-10-05T17:49:31+00:00
FSV,FirstService Corporation Common Shares,NASDAQ,True,True,True,127.535,26881949.617000002,204082.95,3.0075714285714272,20,2.358232193963561,2565,2026-10-05T17:49:31+00:00
VEEE,Twin Vee PowerCats Co. Common Stock,NASDAQ,False,False,True,10.73,26876599.502749998,1585912.55,2.318007142857143,20,21.603048861669553,2566,2026-10-05T17:49:31+00:00
PUK,PRUDENTIAL PLC ADS (REP 2 ORD SHARES),NYSE,False,False,True,24.51,26817778.711000003,1042096.8,0.4396428571428575,20,1.7937285073148,2567,2026-10-05T17:49:31+00:00
HLIO,"Helios Technologies, Inc.",NYSE,True,True,True,71.62,26735784.0425,388303.1,2.0487357142857143,20,2.860563689312642,2568,2026-10-05T17:49:31+00:00
EWP,iShares MSCI Spain ETF,ARCA,True,True,True,58.45,26715639.0125,442702.0,0.9475071428571441,20,1.621055847488698,2569,2026-10-05T17:49:31+00:00
TPB,"Turning Point Brands, Inc.",NYSE,True,True,True,57.7601,26694227.315365,427264.05,3.1784714285714273,20,5.502884220372588,2570,2026-10-05T17:49:31+00:00
CC,The Chemours Company,NYSE,True,True,True,13.925,26652103.2715,1849842.3,0.4916642857142857,20,3.5308027699410105,2571,2026-10-05T17:49:31+00:00
BCC,Boise Cascade Company,NYSE,True,True,True,75.95,26543886.5915,349753.25,2.2930214285714294,20,3.0191197216213683,2572,2026-10-05T17:49:31+00:00
KT,KT Corp.,NYSE,True,True,True,18.95,26495611.0165,1366026.15,0.3604428571428568,20,1.9020731247644158,2573,2026-10-05T17:49:31+00:00
VNET,"VNET Group, Inc. American Depositary Shares",NASDAQ,True,True,True,5.455,26485556.410499997,4225582.1,0.41964285714285715,20,7.692811313342935,2574,2026-10-05T17:49:31+00:00
JPLD,JPMorgan Limited Duration Bond ETF,ARCA,False,False,True,51.225,26463423.41155,513610.0,0.12673571428571556,20,0.2474098863557161,2575,2026-10-05T17:49:31+00:00
TSLT,T-REX 2X Long Tesla Daily Target ETF,BATS,False,False,True,14.39,26449036.441999998,1961038.95,0.8736285714285713,20,6.0710811079122395,2576,2026-10-05T17:49:31+00:00
OTEX,Open Text Corporation Common Shares,NASDAQ,True,True,True,22.085,26392653.580749996,1155799.55,0.6454999999999994,20,2.922798279375139,2577,2026-10-05T17:49:31+00:00
HNI,HNI Corporation,NYSE,True,True,True,47.655,26365871.21975,565046.8,1.4360714285714284,20,3.0134748265059876,2578,2026-10-05T17:49:31+00:00
OKLL,Tidal Trust II Defiance Daily Target 2x Long OKLO ETF,NASDAQ,False,False,True,9.145,26360170.93901,2536323.35,1.0447357142857143,20,11.424119347028041,2579,2026-10-05T17:49:31+00:00
GSOL,Grayscale Solana Staking ETF Shares,ARCA,False,False,True,9.055,26355896.32775,3121972.15,0.3698571428571427,20,4.0845625936735805,2580,2026-10-05T17:49:31+00:00
NIC,"Nicolet Bankshares,Inc.",NYSE,True,True,True,165.59,26352639.263499998,157362.7,3.7296428571428595,20,2.252335803576822,2581,2026-10-05T17:49:31+00:00
NEA,Nuveen AMT-Free Quality Municipal Income Fund,NYSE,False,False,True,9.9518,26306096.18744,2576478.4,0.22466428571428562,20,2.2575241234177295,2582,2026-10-05T17:49:31+00:00
DGII,Digi International Inc. Common Stock,NASDAQ,True,True,True,75.23,26301783.05,360083.25,2.680350000000001,20,3.562873853515886,2583,2026-10-05T17:49:31+00:00
IWMI,NEOS Russell 2000 High Income ETF,BATS,True,True,True,49.75,26257819.75025,523433.6,0.6092714285714292,20,1.2246661880832748,2584,2026-10-05T17:49:31+00:00
PRCT,PROCEPT BioRobotics Corporation Common Stock,NASDAQ,True,True,True,17.92,26255033.998499997,1394395.25,0.9462785714285721,20,5.280572385204085,2585,2026-10-05T17:49:31+00:00
AIA,iShares Asia 50 ETF,NASDAQ,True,True,True,146.695,26237738.976000004,183153.05,2.545171428571428,20,1.7350089836541314,2586,2026-10-05T17:49:31+00:00
DORM,"Dorman Products, Inc. Common Stock",NASDAQ,True,True,True,123.295,26210948.795999996,211973.45,3.505357142857141,20,2.8430651225573955,2587,2026-10-05T17:49:31+00:00
LIND,Lindblad Expeditions Holdings Inc. Common Stock,NASDAQ,True,True,True,35.75,26195467.14675,906816.7,1.4856714285714285,20,4.155724275724276,2588,2026-10-05T17:49:31+00:00
GSHD,"Goosehead Insurance, Inc. Class A Common Stock",NASDAQ,True,True,True,45.6,26187919.97725,529802.55,3.060357142857144,20,6.711309523809526,2589,2026-10-05T17:49:31+00:00
CGDG,Capital Group Dividend Growers ETF,ARCA,True,True,True,37.1699,26184604.404395003,696492.15,0.3152142857142865,20,0.8480364104134972,2590,2026-10-05T17:49:31+00:00
ADEA,Adeia Inc. Common Stock,NASDAQ,True,True,True,26.18,26177186.117,1031158.9,1.0436999999999999,20,3.9866310160427805,2591,2026-10-05T17:49:31+00:00
AVGX,Tidal Trust II Defiance Daily Target 2X Long AVGO ETF,NASDAQ,False,False,True,40.315,26124052.16111,674076.35,2.0849714285714294,20,5.171701422724617,2592,2026-10-05T17:49:31+00:00
MAIN,Main Street Capital Corporation,NYSE,False,False,True,55.145,26086951.951499995,467524.9,1.0535357142857136,20,1.9104827532608823,2593,2026-10-05T17:49:31+00:00
MUX,McEwen Inc.,NYSE,True,True,True,17.795,26073266.55375,1406916.45,0.831092857142857,20,4.670372897683938,2594,2026-10-05T17:49:31+00:00
DPST,Direxion Daily Regional Banks Bull 3X ETF,ARCA,False,False,True,115.64,26043327.396,217274.7,6.324464285714285,20,5.469097445273508,2595,2026-10-05T17:49:31+00:00
TRVI,"Trevi Therapeutics, Inc. Common Stock",NASDAQ,True,True,True,13.7,26037585.969750002,1747248.2,0.5740285714285713,20,4.189989572471324,2596,2026-10-05T17:49:31+00:00
CGAU,Centerra Gold Inc.,NYSE,True,True,True,21.575,25998486.156249996,1160866.4,0.7974999999999997,20,3.696407879490149,2597,2026-10-05T17:49:31+00:00
FPE,First Trust Preferred Securities and Income ETF,ARCA,False,False,True,17.035,25990879.3175,1503652.75,0.09009999999999987,20,0.5289110654534774,2598,2026-10-05T17:49:31+00:00
GOF,Guggenheim Strategic Opportunities Fund,NYSE,True,True,True,8.685,25973083.836499996,2985708.7,0.14939999999999984,20,1.7202072538860085,2599,2026-10-05T17:49:31+00:00
ANGL,VanEck Fallen Angel High Yield Bond ETF,NASDAQ,True,True,True,27.54,25937123.547775,920340.45,0.16457857142857055,20,0.5975982985786875,2600,2026-10-05T17:49:31+00:00
ALMS,Alumis Inc. Common Stock,NASDAQ,True,True,True,7.135,25911727.33725,3104278.6,0.4328142857142857,20,6.0660726799479425,2601,2026-10-05T17:49:31+00:00
AGM,Federal Agricultural Mortgage Corporation,NYSE,True,True,True,215.455,25860051.607,118001.7,5.485578571428576,20,2.5460437545791814,2602,2026-10-05T17:49:31+00:00
WGMI,CoinShares ETF Trust CoinShares Bitcoin Mining and Digital Power ETF,NASDAQ,False,False,True,43.92,25805741.83275,548125.8,2.4103928571428566,20,5.488144028103044,2603,2026-10-05T17:49:31+00:00
FCOM,Fidelity MSCI Communication Services Index ETF,ARCA,True,True,True,72.69,25795926.0445,356402.1,1.2814285714285691,20,1.762867755438945,2604,2026-10-05T17:49:31+00:00
VIGI,Vanguard Whitehall Funds Vanguard International Dividend Appreciation ETF,NASDAQ,True,True,True,94.2,25793214.685999997,268856.35,1.0319928571428585,20,1.0955338186229922,2605,2026-10-05T17:49:31+00:00
PRKS,United Parks & Resorts Inc.,NYSE,True,True,True,34.07,25768602.561499998,742116.0,1.5764857142857165,20,4.627196108851531,2606,2026-10-05T17:49:31+00:00
VIA,"Via Transportation, Inc.",NYSE,True,True,True,30.525,25761326.324999996,914295.1,1.4236285714285712,20,4.663811863811864,2607,2026-10-05T17:49:31+00:00
URTY,ProShares UltraPro Russell2000,ARCA,False,False,True,70.8,25720260.372,357582.5,2.805557142857146,20,3.962651331719133,2608,2026-10-05T17:49:31+00:00
GO,Grocery Outlet Holding Corp. Common Stock,NASDAQ,True,True,True,11.555,25719504.323749997,2257643.95,0.48464285714285704,20,4.194226370773319,2609,2026-10-05T17:49:31+00:00
BRSL,Brightstar Lottery PLC,NYSE,True,True,True,10.105,25679693.48525,2498018.5,0.3174999999999998,20,3.142008906481937,2610,2026-10-05T17:49:31+00:00
URNM,Sprott Uranium Miners ETF,ARCA,True,True,True,47.7592,25668485.113259997,503771.25,1.4941928571428562,20,3.128596913563997,2611,2026-10-05T17:49:31+00:00
DFLV,Dimensional US Large Cap Value ETF,ARCA,True,True,True,40.66,25662578.458500005,626239.05,0.3555428571428578,20,0.8744290633124886,2612,2026-10-05T17:49:31+00:00
ALRM,"Alarm.com Holdings, Inc. Common Stock",NASDAQ,True,True,True,55.86,25626652.803000003,470982.85,1.250914285714286,20,2.2393739450667494,2613,2026-10-05T17:49:31+00:00
EC,Ecopetrol S.A,NYSE,True,True,True,17.44,25623599.031000003,1496814.25,0.5621357142857144,20,3.2232552424639587,2614,2026-10-05T17:49:31+00:00
HAPN,"Happen, Inc. Common Stock",NASDAQ,True,True,True,15.57,25591000.279000003,1619323.9,0.5214285714285714,20,3.348931094595834,2615,2026-10-05T17:49:31+00:00
TSLR,GraniteShares ETF Trust GraniteShares 2x Long TSLA Daily ETF,NASDAQ,False,False,True,17.9098,25490986.99821,1516239.1,1.0793428571428563,20,6.026548912566619,2616,2026-10-05T17:49:31+00:00
CGSD,Capital Group Short Duration Income ETF,ARCA,True,True,True,25.265,25471888.575,1000157.4,0.06892142857142806,20,0.2727940968590068,2617,2026-10-05T17:49:31+00:00
DIHP,Dimensional International High Profitability ETF,BATS,True,True,True,33.85,25466804.5595,744476.9,0.37667857142857236,20,1.1127875079130645,2618,2026-10-05T17:49:31+00:00
IPAR,"Interparfums, Inc. Common Stock",NASDAQ,True,True,True,112.535,25422795.29,224284.75,3.4592785714285705,20,3.073957943243054,2619,2026-10-05T17:49:31+00:00
IDU,iShares U.S. Utilities ETF,ARCA,False,False,True,102.33,25421005.918749996,245985.35,1.224414285714285,20,1.1965350197540165,2620,2026-10-05T17:49:31+00:00
BZH,"Beazer Homes USA, Inc. New",NYSE,True,True,True,33.425,25410645.39,762526.9,0.05785714285714251,20,0.17309541617694096,2621,2026-10-05T17:49:31+00:00
STOK,"Stoke Therapeutics, Inc. Common Stock",NASDAQ,True,True,True,25.23,25385289.292,938070.35,1.212442857142857,20,4.805560274050166,2622,2026-10-05T17:49:31+00:00
PRVA,"Privia Health Group, Inc. Common Stock",NASDAQ,True,True,True,20.31,25383638.691999998,1267661.0,0.5767214285714282,20,2.839593444467889,2623,2026-10-05T17:49:31+00:00
PLTZ,Tidal Trust II Defiance Daily Target 2x Short PLTR ETF,NASDAQ,False,False,True,7.7516,25370845.7885,2941476.85,0.4947928571428572,20,6.383106160571458,2624,2026-10-05T17:49:31+00:00
FLXR,TCW Flexible Income ETF,NYSE,True,True,True,37.675,25361644.905500002,665583.2,0.27626428571428463,20,0.7332827756185392,2625,2026-10-05T17:49:31+00:00
GRND,Grindr Inc.,NYSE,True,True,True,13.5,25358427.1175,1677559.8,0.7201571428571428,20,5.334497354497354,2626,2026-10-05T17:49:31+00:00
BATRK,"Atlanta Braves Holdings, Inc. Series C Common Stock",NASDAQ,True,True,True,52.135,25347588.577,487060.4,1.1284357142857135,20,2.1644494375864842,2627,2026-10-05T17:49:31+00:00
MATW,Matthews International Corporation Class A Common Stock,NASDAQ,True,True,True,19.21,25223717.099,1269352.25,0.6257142857142851,20,3.2572320963783707,2628,2026-10-05T17:49:31+00:00
CTA,Simplify Managed Futures Strategy ETF,ARCA,True,True,True,28.87,25201737.9115,846615.45,0.7254214285714282,20,2.512717106239793,2629,2026-10-05T17:49:31+00:00
IREZ,Tradr 2X Short IREN Daily ETF,BATS,False,False,True,10.02,25167717.475999996,2959173.55,0.9973785714285716,20,9.95387795836898,2630,2026-10-05T17:49:31+00:00
WDFC,WD-40 Company Common Stock,NASDAQ,True,True,True,205.1521,25166808.25197,128047.05,3.9660071428571433,20,1.933203288124832,2631,2026-10-05T17:49:31+00:00
ESQ,"Esquire Financial Holdings, Inc. Common Stock",NASDAQ,True,True,True,119.39,25116164.083,207605.0,3.2708285714285728,20,2.7396168619051617,2632,2026-10-05T17:49:31+00:00
SOBO,South Bow Corporation,NYSE,True,True,True,33.93,25098146.493,717931.7,0.7182142857142851,20,2.116752978821943,2633,2026-10-05T17:49:31+00:00
DXYZ,Destiny Tech100 Inc.,NYSE,True,True,True,32.97,25056855.5615,797433.75,1.0909928571428573,20,3.3090471857532826,2634,2026-10-05T17:49:31+00:00
AQN,Algonquin Power & Utilities Corp,NYSE,True,True,True,5.0799,25021085.99619,4778428.75,0.09663571428571435,20,1.9023152874212947,2635,2026-10-05T17:49:31+00:00
GRBK,"Green Brick Partners, Inc",NYSE,True,True,True,65.915,25014905.525749996,370516.15,1.6753499999999997,20,2.5416824698475304,2636,2026-10-05T17:49:31+00:00
SGML,Sigma Lithium Corporation Common Shares,NASDAQ,True,True,True,9.395,24986211.4455,2629030.4,0.6855499999999998,20,7.296966471527407,2637,2026-10-05T17:49:31+00:00
BL,"BlackLine, Inc. Common Stock",NASDAQ,True,True,True,27.61,24969362.898000002,886935.35,1.068378571428571,20,3.869534847622495,2638,2026-10-05T17:49:31+00:00
MGC,Vanguard Morningstar Mega Cap ETF,ARCA,True,True,True,286.485,24941107.607,88205.8,2.785428571428566,20,0.9722772820317175,2639,2026-10-05T17:49:31+00:00
AOM,iShares Core 40/60 Moderate Allocation ETF,ARCA,True,True,True,48.66,24937974.899,508964.75,0.29742857142857104,20,0.6112383301039274,2640,2026-10-05T17:49:31+00:00
BIAF,"bioAffinity Technologies, Inc. Common Stock",NASDAQ,False,False,True,6.05,24888694.736250002,2732285.5,1.3566857142857143,20,22.424557260920896,2641,2026-10-05T17:49:31+00:00
CIGI,Colliers International Group Inc. Subordinate Voting Shares,NASDAQ,True,True,True,89.67,24851809.764,271798.5,2.609642857142858,20,2.910274179929584,2642,2026-10-05T17:49:31+00:00
PLAB,"Photronics, Inc. Common Stock",NASDAQ,True,True,True,30.96,24821510.615000002,841328.0,0.9045571428571433,20,2.92169619785899,2643,2026-10-05T17:49:31+00:00
APPX,Investment Managers Series Trust II Tradr 2X Long APP Daily ETF,NASDAQ,False,False,True,10.26,24809896.059704997,2076707.25,1.2746642857142854,20,12.423628515733775,2644,2026-10-05T17:49:31+00:00
DFAX,Dimensional World ex U.S. Core Equity 2 ETF,ARCA,True,True,True,37.43,24798484.49525,660273.6,0.520428571428573,20,1.3904049463760968,2645,2026-10-05T17:49:31+00:00
SPB,"Spectrum Brands Holdings, Inc.",NYSE,True,True,True,76.15,24788729.218,295300.6,2.2412357142857138,20,2.943185442266203,2646,2026-10-05T17:49:31+00:00
PRCH,"Porch Group, Inc. Common Stock",NASDAQ,True,True,True,17.39,24782824.158499997,1505033.85,0.8982142857142861,20,5.165119526821656,2647,2026-10-05T17:49:31+00:00
SMA,"SmartStop Self Storage REIT, Inc.",NYSE,True,True,True,32.55,24758591.215,769687.2,0.7810714285714295,20,2.3996050032916423,2648,2026-10-05T17:49:31+00:00
PRGS,Progress Software Corporation Common Stock (DE),NASDAQ,True,True,True,36.71,24710988.489749998,621701.6,1.7775785714285715,20,4.842218936062576,2649,2026-10-05T17:49:31+00:00
WCLD,WisdomTree Trust WisdomTree Cloud Computing Fund,NASDAQ,False,False,True,41.87,24695254.56131,612094.2,1.0221428571428552,20,2.4412296564195253,2650,2026-10-05T17:49:31+00:00
DXPE,"DXP Enterprises, Inc. Common Stock",NASDAQ,True,True,True,196.77,24673132.5255,132185.3,6.121942857142857,20,3.111217592693427,2651,2026-10-05T17:49:31+00:00
ATEC,"Alphatec Holdings, Inc. Common Stock",NASDAQ,True,True,True,10.395,24643411.015,2429422.35,0.412585714285714,20,3.9690785405071094,2652,2026-10-05T17:49:31+00:00
AVA,Avista Corporation,NYSE,True,True,True,35.19,24625000.616,684637.2,0.5726714285714282,20,1.627369788495107,2653,2026-10-05T17:49:31+00:00
CPK,Chesapeake Utilities,NYSE,True,True,True,126.245,24603621.1425,190201.85,3.009928571428572,20,2.3841962623696555,2654,2026-10-05T17:49:31+00:00
STN,"Stantec, Inc.",NYSE,True,True,True,66.85,24583589.089999996,354422.05,1.476242857142854,20,2.208291484132916,2655,2026-10-05T17:49:31+00:00
FLYW,Flywire Corporation Voting Common Stock,NASDAQ,True,True,True,17.89,24556943.594499998,1402406.1,0.513814285714286,20,2.872075381298412,2656,2026-10-05T17:49:31+00:00
SUZ,Suzano S.A. American Depositary Shares (each representing one Ordinary Share ) representing one Ordinary Share),NYSE,True,True,True,8.385,24534133.435,2726091.25,0.25232857142857146,20,3.009285288355056,2657,2026-10-05T17:49:31+00:00
STRA,"Strategic Education, Inc. Common Stock",NASDAQ,True,True,True,79.2,24500791.648000002,308177.85,2.504642857142856,20,3.1624278499278478,2658,2026-10-05T17:49:31+00:00
OUNZ,VanEck Merk Gold ETF,ARCA,True,True,True,39.6973,24496299.996019997,595786.1,0.6786928571428577,20,1.7096700711203474,2659,2026-10-05T17:49:31+00:00
CHAT,Roundhill Generative AI & Technology ETF,ARCA,True,True,True,95.5464,24430782.540820003,268493.6,2.1096142857142857,20,2.20794743257128,2660,2026-10-05T17:49:31+00:00
SLYV,State Street SPDR S&P 600 Small Cap Value ETF,ARCA,True,True,True,104.6,24405695.757,232438.55,1.317607142857143,20,1.25966266047528,2661,2026-10-05T17:49:31+00:00
XSMO,Invesco S&P SmallCap Momentum ETF,ARCA,True,True,True,83.81,24352641.000499997,295022.5,1.181514285714287,20,1.4097533536741285,2662,2026-10-05T17:49:31+00:00
NTCT,"NetScout Systems, Inc. Common Stock",NASDAQ,True,True,True,41.235,24341754.81575,627019.2,1.005000000000001,20,2.4372499090578414,2663,2026-10-05T17:49:31+00:00
BUSE,First Busey Corporation Class A Common Stock,NASDAQ,True,True,True,29.67,24306644.702999998,810239.5,0.5651142857142852,20,1.904665607395636,2664,2026-10-05T17:49:31+00:00
BRC,Brady Corporation,NYSE,True,True,True,86.04,24299903.1065,286089.1,1.926242857142857,20,2.238775984591884,2665,2026-10-05T17:49:31+00:00
AKR,Acadia Realty Trust,NYSE,True,True,True,18.58,24277853.009,1253045.85,0.3349999999999996,20,1.8030139935414402,2666,2026-10-05T17:49:31+00:00
SMST,Tidal Trust II Defiance Daily Target 2x Short MSTR ETF,NASDAQ,False,False,True,12.0,24276552.329529997,1704250.5,1.906342857142857,20,15.886190476190473,2667,2026-10-05T17:49:31+00:00
INRO,BlackRock ETF Trust iShares U.S. Industry Rotation Active ETF,NASDAQ,False,False,True,37.43,24239613.530915,652955.8,0.4067428571428578,20,1.08667608106561,2668,2026-10-05T17:49:31+00:00
ADUS,Addus HomeCare Corporation Common Stock,NASDAQ,True,True,True,113.185,24212680.648,210252.8,2.82249285714286,20,2.493698685464381,2669,2026-10-05T17:49:31+00:00
SPYU,MAX S&P 500 4x Leveraged ETN,ARCA,False,False,True,35.59,24192095.540000003,708827.5,1.2403142857142861,20,3.4850078272387917,2670,2026-10-05T17:49:31+00:00
WLY,"John Wiley & Sons, Inc. Class A",NYSE,True,True,True,48.22,24173349.800499998,501977.95,1.4691071428571425,20,3.0466759495170934,2671,2026-10-05T17:49:31+00:00
NXL,"Nexalin Technology, Inc. Common Stock",NASDAQ,False,False,True,5.75,24065336.712970003,3212259.95,1.1352714285714285,20,19.743850931677017,2672,2026-10-05T17:49:31+00:00
IE,Ivanhoe Electric Inc.,AMEX,True,True,True,10.45,24037529.444000002,2369971.15,0.681707142857143,20,6.523513328776488,2673,2026-10-05T17:49:31+00:00
ATEX,Anterix Inc. Common Stock,NASDAQ,True,True,True,83.47,24029133.56,297803.1,4.1295928571428595,20,4.947397696349419,2674,2026-10-05T17:49:31+00:00
ABI,Victory Portfolios II VictoryShares Pioneer Asset-Based Income ETF,NASDAQ,False,False,True,24.53,24014181.451965,978110.75,0.07232142857142827,20,0.2948284898957532,2675,2026-10-05T17:49:31+00:00
SPCF,ProShares Ultra SpaceX,ARCA,False,False,True,20.7,23981896.6275,1411497.8,1.4126,20,6.824154589371981,2676,2026-10-05T17:49:31+00:00
LIF,"Life360, Inc. Common Stock",NASDAQ,True,True,True,42.645,23855285.315500002,577388.15,1.6450000000000007,20,3.8574275999531027,2677,2026-10-05T17:49:31+00:00
CSR,Centerspace,NYSE,True,True,True,54.9,23849425.5455,422146.35,1.0214285714285722,20,1.8605256310174358,2678,2026-10-05T17:49:31+00:00
IHG,InterContinental Hotels Group Plc,NYSE,True,True,True,160.02,23815958.3125,151819.75,2.4196785714285687,20,1.5121100933811826,2679,2026-10-05T17:49:31+00:00
STAA,STAAR Surgical Company Common Stock,NASDAQ,True,True,True,22.185,23790274.39575001,1097973.85,1.0385714285714287,20,4.681412795003059,2680,2026-10-05T17:49:31+00:00
PLAY,"Dave & Buster's Entertainment, Inc. Common Stock",NASDAQ,True,True,True,6.775,23768456.93175,3336431.9,0.386592857142857,20,5.706167633104901,2681,2026-10-05T17:49:31+00:00
DNA,"Ginkgo Bioworks Holdings, Inc.",NYSE,True,True,True,14.71,23764170.5385,2257197.35,1.2683,20,8.622025832766825,2682,2026-10-05T17:49:31+00:00
NHC,National Healthcare Corp.,AMEX,True,True,True,230.57,23752574.208499998,105975.25,5.888035714285716,20,2.5536868258167655,2683,2026-10-05T17:49:31+00:00
JBBB,Janus Henderson B-BBB CLO ETF,BATS,False,False,True,47.405,23742881.008500002,500480.3,0.162035714285715,20,0.3418114424337412,2684,2026-10-05T17:49:31+00:00
PD,"PagerDuty, Inc.",NYSE,True,True,True,15.43,23722709.859,1630980.55,0.5741285714285714,20,3.720859179705583,2685,2026-10-05T17:49:31+00:00
IQQ,iShares Trust iShares Nasdaq 100 ETF,NASDAQ,True,True,True,25.55,23714570.4885,951916.7,0.32617857142857104,20,1.2766284596030177,2686,2026-10-05T17:49:31+00:00
CGEM,"Cullinan Therapeutics, Inc. Common Stock",NASDAQ,True,True,True,16.11,23694273.925,1295654.75,1.2350642857142857,20,7.666444976500843,2687,2026-10-05T17:49:31+00:00
ANDE,"Andersons, Inc. (The) Common Stock",NASDAQ,True,True,True,67.67,23660427.731,343885.75,1.9307642857142844,20,2.8532056830416495,2688,2026-10-05T17:49:31+00:00
MCRI,"Monarch Casino & Resort, Inc. Common Stock",NASDAQ,True,True,True,119.065,23655136.7745,197854.4,2.816428571428571,20,2.365454643622031,2689,2026-10-05T17:49:31+00:00
COAG,"Hemab Therapeutics Holdings, Inc. Common Stock",NASDAQ,True,True,True,30.71,23618986.952499997,613884.05,2.629414285714286,20,8.56207842954831,2690,2026-10-05T17:49:31+00:00
CNS,Cohen & Steers Inc.,NYSE,True,True,True,73.04,23567630.8455,317042.25,2.104285714285712,20,2.88100453763104,2691,2026-10-05T17:49:31+00:00
WYFI,"WhiteFiber, Inc. Ordinary Shares",NASDAQ,False,False,True,17.3042,23566473.100219995,1259436.1,1.246071428571429,20,7.2009768066216795,2692,2026-10-05T17:49:31+00:00
BJRI,"BJ's Restaurants, Inc. Common Stock",NASDAQ,True,True,True,61.15,23529674.18725,389476.45,2.2427000000000015,20,3.6675388389206893,2693,2026-10-05T17:49:31+00:00
KN,KNOWLES CORPORATION,NYSE,True,True,True,39.42,23524017.9615,644903.15,1.1067857142857136,20,2.8076755816481826,2694,2026-10-05T17:49:31+00:00
CPER,United States Copper Index Fund,ARCA,True,True,True,39.875,23511540.22525,588156.95,0.6564214285714277,20,1.6461979399910411,2695,2026-10-05T17:49:31+00:00
TWM,ProShares UltraShort Russell2000,ARCA,False,False,True,23.2702,23499560.611229997,1011185.4,0.6060857142857142,20,2.6045573922257406,2696,2026-10-05T17:49:31+00:00
MBC,"MasterBrand, Inc.",NYSE,True,True,True,6.955,23471055.44975,3361825.0,0.38844285714285715,20,5.5850878093868745,2697,2026-10-05T17:49:31+00:00
VNLA,Janus Henderson Short Duration Income ETF,ARCA,True,True,True,48.5912,23465571.613140002,481532.7,0.05274285714285857,20,0.10854405148022393,2698,2026-10-05T17:49:31+00:00
VRIG,Invesco Actively Managed Exchange-Traded Fund Trust Invesco Variable Rate Investment Grade ETF,NASDAQ,True,True,True,25.0461,23435567.901475005,935199.8,0.02217142857142892,20,0.08852247883474441,2699,2026-10-05T17:49:31+00:00
SAH,"Sonic Automotive, Inc.",NYSE,True,True,True,61.85,23373305.4465,353898.1,3.5978500000000007,20,5.817057396928052,2700,2026-10-05T17:49:31+00:00
FINA,Fidelity MSCI North American Subset Index ETF,ARCA,False,False,True,25.82,23352443.52658,918855.4,0.14384285714285763,20,0.5570985946663735,2701,2026-10-05T17:49:31+00:00
DEI,"Douglas Emmett, Inc.",NYSE,True,True,True,9.765,23344084.882,2309208.4,0.2964214285714286,20,3.0355497037524692,2702,2026-10-05T17:49:31+00:00
SHM,State Street SPDR Nuveen ICE Short Term Municipal Bond ETF,ARCA,False,False,True,46.7,23323589.970500004,497481.35,0.1983714285714276,20,0.42477821963903123,2703,2026-10-05T17:49:31+00:00
BLZE,"Backblaze, Inc. Class A Common Stock",NASDAQ,True,True,True,13.935,23320744.553500004,1725485.9,0.756057142857143,20,5.425598441744837,2704,2026-10-05T17:49:31+00:00
ALNT,Allient Inc. Common Stock,NASDAQ,True,True,True,118.41,23272549.999,220494.55,5.5812214285714274,20,4.7134713525643335,2705,2026-10-05T17:49:31+00:00
IIPR,"Innovative Industrial Properties, Inc. Common stock",NYSE,True,True,True,50.69,23253963.9515,425706.35,1.2919857142857138,20,2.5487980159513,2706,2026-10-05T17:49:31+00:00
LZB,La-Z-Boy Incorporated,NYSE,True,True,True,29.355,23184170.554749995,768685.6,0.8396857142857138,20,2.8604521011266013,2707,2026-10-05T17:49:31+00:00
TECS,Direxion Daily Technology Bear 3x ETF,ARCA,False,False,True,48.145,23183698.404200003,416581.1,2.590935714285714,20,5.381526044834799,2708,2026-10-05T17:49:31+00:00
HUN,Huntsman Corporation,NYSE,True,True,True,8.885,23181652.502249997,2570580.8,0.32286428571428577,20,3.6338130074764856,2709,2026-10-05T17:49:31+00:00
CERT,"Certara, Inc. Common Stock",NASDAQ,True,True,True,9.735,23173509.29575,2684888.15,0.3979857142857148,20,4.088194291584127,2710,2026-10-05T17:49:31+00:00
IREX,Tradr 2X Long IREN Daily ETF,BATS,False,False,True,12.87,23166624.943,1489251.55,1.7605285714285714,20,13.67932067932068,2711,2026-10-05T17:49:31+00:00
TBUX,T. Rowe Price Ultra Short-Term Bond ETF,ARCA,False,False,True,49.64,23125759.395499997,464991.8,0.05687142857142951,20,0.11456774490618353,2712,2026-10-05T17:49:31+00:00
CUBI,CUSTOMERS BANCORP INC,NYSE,True,True,True,75.75,23111717.17,300014.7,1.7582142857142864,20,2.321074964639322,2713,2026-10-05T17:49:31+00:00
GNL,"Global Net Lease, Inc.",NYSE,True,True,True,8.185,23103948.8375,2669608.2,0.15035714285714288,20,1.8369840300200717,2714,2026-10-05T17:49:31+00:00
IVR,Invesco Mortgage Capital Inc.,NYSE,True,True,True,5.745,23091370.6245,3605025.45,0.18142857142857155,20,3.1580256123337085,2715,2026-10-05T17:49:31+00:00
JTEK,J.P. Morgan Exchange-Traded Fund Trust JPMorgan U.S. Tech Leaders ETF,NASDAQ,False,False,True,108.67,23068038.53216,223503.25,1.8083642857142865,20,1.664087867593896,2716,2026-10-05T17:49:31+00:00
BBEU,JPMorgan BetaBuilders Europe ETF,BATS,False,False,True,75.15,23055801.799,297168.4,0.9453785714285701,20,1.257988784336088,2717,2026-10-05T17:49:31+00:00
EFOR,"Everforth, Inc.",NYSE,True,True,True,35.785,23018747.267750002,694433.95,1.884292857142856,20,5.2655941236352,2718,2026-10-05T17:49:31+00:00
KMPR,Kemper Corporation,NYSE,True,True,True,26.04,22990814.034,872493.25,0.8752499999999996,20,3.361175115207372,2719,2026-10-05T17:49:31+00:00
GRPN,"Groupon, Inc. Common Stock",NASDAQ,True,True,True,19.285,22970247.646250002,1162167.8,1.1738571428571432,20,6.08689210711508,2720,2026-10-05T17:49:31+00:00
SMPL,The Simply Good Foods Company Common Stock,NASDAQ,True,True,True,9.915,22959908.488,2311485.85,0.3382142857142854,20,3.4111375261148305,2721,2026-10-05T17:49:31+00:00
REAL,"The RealReal, Inc. Common Stock",NASDAQ,True,True,True,9.41,22958342.00450001,2476259.6,0.41000000000000003,20,4.357066950053135,2722,2026-10-05T17:49:31+00:00
TDIV,First Trust Exchange-Traded Fund VI First Trust NASDAQ Technology Dividend Index Fund,NASDAQ,False,False,True,115.59,22900704.858450003,200129.35,1.5394714285714326,20,1.3318378999666343,2723,2026-10-05T17:49:31+00:00
INVX,"Innovex International, Inc.",NYSE,True,True,True,29.07,22894482.9875,796022.8,1.0536500000000004,20,3.6245270037839714,2724,2026-10-05T17:49:31+00:00
YANG,Direxion Daily FTSE China Bear 3X ETF,ARCA,False,False,True,32.645,22878829.310000002,728398.0,1.3273142857142857,20,4.065903769993216,2725,2026-10-05T17:49:31+00:00
MAZE,"Maze Therapeutics, Inc. Common Stock",NASDAQ,True,True,True,26.34,22870675.7505,876497.9,2.0065642857142856,20,7.617935784792277,2726,2026-10-05T17:49:31+00:00
PRDO,Perdoceo Education Corporation Common Stock,NASDAQ,True,True,True,31.78,22855052.7845,715546.55,1.0350714285714289,20,3.2569900206778755,2727,2026-10-05T17:49:31+00:00
XXRP,Teucrium 2x Long Daily XRP ETF,ARCA,False,False,True,34.97,22834048.788,673085.5,3.6040214285714263,20,10.306037828342655,2728,2026-10-05T17:49:31+00:00
KWR,Quaker Houghton,NYSE,True,True,True,161.52,22818180.481999997,145163.65,4.035500000000003,20,2.4984522040614183,2729,2026-10-05T17:49:31+00:00
WBI,WaterBridge Infrastructure LLC,NYSE,True,True,True,29.3,22808443.273500003,749546.95,1.1438214285714288,20,3.903827401267675,2730,2026-10-05T17:49:31+00:00
ALH,Alliance Laundry Holdings Inc.,NYSE,True,True,True,21.39,22806111.075500004,1060539.35,0.647142857142857,20,3.0254458024443993,2731,2026-10-05T17:49:31+00:00
MLTX,MoonLake Immunotherapeutics Class A Ordinary Shares,NASDAQ,True,True,True,11.625,22699614.2975,1824009.9,0.6281500000000001,20,5.4034408602150545,2732,2026-10-05T17:49:31+00:00
GTY,Getty Realty Corp.,NYSE,True,True,True,28.0,22681541.4855,759022.65,0.6710642857142857,20,2.396658163265306,2733,2026-10-05T17:49:31+00:00
HAWK,"HawkEye 360, Inc.",NYSE,True,True,True,14.34,22669927.599499997,1408101.25,0.729392857142857,20,5.086421597927872,2734,2026-10-05T17:49:31+00:00
HELO,JPMorgan Hedged Equity Laddered Overlay ETF,ARCA,True,True,True,69.74,22665651.1385,327455.8,0.46509285714285653,20,0.6668954074316842,2735,2026-10-05T17:49:31+00:00
LCLN,"Lincoln International, Inc.",NYSE,True,True,True,24.02,22665535.171500005,898626.85,1.1765214285714287,20,4.898090876650412,2736,2026-10-05T17:49:31+00:00
TX,Ternium S.A. American Depositary Shares,NYSE,True,True,True,58.28,22626407.011,400515.1,1.4662857142857153,20,2.5159329346014334,2737,2026-10-05T17:49:31+00:00
DAPP,VanEck Digital Transformation ETF,NASDAQ,False,False,True,18.88,22619846.2165,1116117.25,0.8730428571428567,20,4.6241676755447925,2738,2026-10-05T17:49:31+00:00
ONEQ,Fidelity Nasdaq Composite Index ETF,NASDAQ,True,True,True,108.22,22588791.720999997,214716.2,1.3522714285714303,20,1.2495577791271764,2739,2026-10-05T17:49:31+00:00
VYX,NCR Voyix Corporation,NYSE,True,True,True,6.845,22586561.661749996,3094217.95,0.38274285714285716,20,5.591568402379213,2740,2026-10-05T17:49:31+00:00
SNDR,"Schneider National, Inc.",NYSE,True,True,True,32.46,22574603.8465,689501.1,0.9388071428571418,20,2.8921969897016075,2741,2026-10-05T17:49:31+00:00
DCH,Dauch Corporation,NYSE,True,True,True,5.71,22573243.2815,3924770.1,0.29157857142857146,20,5.106454841130849,2742,2026-10-05T17:49:31+00:00
ZBIO,"Zenas BioPharma, Inc. Common Stock",NASDAQ,True,True,True,28.39,22561397.955000002,752835.1,2.0790642857142854,20,7.3232274945906495,2743,2026-10-05T17:49:31+00:00
ETHD,ProShares UltraShort Ether ETF,ARCA,False,False,True,24.23,22522488.3575,841313.55,1.7140785714285716,20,7.074199634455517,2744,2026-10-05T17:49:31+00:00
TMSL,T. Rowe Price Small-Mid Cap ETF,ARCA,False,False,True,41.81,22522351.3685,545139.6,0.5260714285714292,20,1.2582430724023659,2745,2026-10-05T17:49:31+00:00
SPUS,SP Funds S&P 500 Sharia ETF,ARCA,True,True,True,60.765,22507817.051749997,379984.45,0.6467285714285715,20,1.0643109872929672,2746,2026-10-05T17:49:31+00:00
PRG,"PROG Holdings, Inc.",NYSE,True,True,True,31.15,22493286.9485,654071.8,1.1834142857142858,20,3.7990827791790873,2747,2026-10-05T17:49:31+00:00
FSEC,Fidelity Investment Grade Securitized ETF,ARCA,True,True,True,41.475,22491908.20325,532259.95,0.3357142857142854,20,0.8094376991302842,2748,2026-10-05T17:49:31+00:00
HELP,Helus Pharma Inc. Common Stock,NASDAQ,True,True,True,11.505,22463814.25875,1734925.9,0.9421071428571431,20,8.188675731048614,2749,2026-10-05T17:49:31+00:00
VSTS,Vestis Corporation,NYSE,True,True,True,14.065,22462962.334250003,1647074.95,0.5755928571428569,20,4.092377228175307,2750,2026-10-05T17:49:31+00:00
MMIT,NYLIM MacKay Muni Intermediate ETF,ARCA,False,False,True,22.97,22457439.439,968388.95,0.17499285714285712,20,0.7618322034952422,2751,2026-10-05T17:49:31+00:00
MLPX,Global X MLP & Energy Infrastructure ETF,ARCA,False,False,True,71.84,22411007.270499997,308403.25,1.2010857142857136,20,1.6718899140948131,2752,2026-10-05T17:49:31+00:00
IFRA,iShares U.S. Infrastructure ETF,BATS,True,True,True,56.68,22405340.254,399013.45,0.7172285714285701,20,1.2653997378767998,2753,2026-10-05T17:49:31+00:00
BALT,Innovator Defined Wealth Shield ETF,BATS,True,True,True,35.02,22401483.019999996,642341.2,0.15882857142857226,20,0.45353675450763065,2754,2026-10-05T17:49:31+00:00
OTTR,Otter Tail Corporation Common Stock,NASDAQ,True,True,True,88.795,22302733.19125,252118.95,1.778264285714285,20,2.002662633835559,2755,2026-10-05T17:49:31+00:00
CWVX,Tradr 2X Long CRWV Daily ETF,BATS,True,True,True,15.45,22286228.3545,1473315.8,1.5062285714285717,20,9.749052242256127,2756,2026-10-05T17:49:31+00:00
HEFA,iShares Currency Hedged MSCI EAFE ETF,BATS,True,True,True,46.6801,22279148.676615,478231.5,0.42049285714285745,20,0.9007968216496054,2757,2026-10-05T17:49:31+00:00
OI,"O-I Glass, Inc.",NYSE,True,True,True,5.535,22278038.156250004,3671936.5,0.23235714285714293,20,4.197961027229321,2758,2026-10-05T17:49:31+00:00
IDMO,Invesco S&P International Developed Momentum ETF,ARCA,True,True,True,61.6,22277890.261,360345.15,0.7888857142857145,20,1.280658627087199,2759,2026-10-05T17:49:31+00:00
FBT,First Trust NYSE Arca Biotechnology Index Fund,ARCA,True,True,True,269.145,22268451.748519998,82257.3,4.474685714285714,20,1.6625557652141836,2760,2026-10-05T17:49:31+00:00
NSP,"Insperity, Inc",NYSE,True,True,True,47.055,22268251.57425,454003.0,1.9578499999999994,20,4.16076931250664,2761,2026-10-05T17:49:31+00:00
HWKN,"Hawkins, Inc. Common Stock",NASDAQ,True,True,True,132.4,22262598.507500004,178332.95,3.7439071428571435,20,2.8277244281398364,2762,2026-10-05T17:49:31+00:00
AKRE,Akre Focus ETF,ARCA,True,True,True,53.47,22260653.901,407038.85,0.8485785714285713,20,1.5870180875791495,2763,2026-10-05T17:49:31+00:00
FIDU,Fidelity MSCI Industrials Index ETF,ARCA,False,False,True,90.48,22257896.161250003,248176.55,1.1674857142857127,20,1.290324617910823,2764,2026-10-05T17:49:31+00:00
IOO,iShares Global 100 ETF,ARCA,True,True,True,145.64,22221119.779999997,154173.8,1.5234928571428614,20,1.0460676030917753,2765,2026-10-05T17:49:31+00:00
FCF,First Commonwealth Financial Corporation,NYSE,True,True,True,20.52,22213880.892,1064252.35,0.3849928571428572,20,1.8761835143414094,2766,2026-10-05T17:49:31+00:00
PTY,PIMCO Corporate & Income Opportunity Fund,NYSE,True,True,True,10.85,22207715.211,1996367.75,0.22501428571428597,20,2.073864384463465,2767,2026-10-05T17:49:31+00:00
AGYS,"Agilysys, Inc. Common Stock (DE)",NASDAQ,True,True,True,99.505,22191524.42,218325.25,3.6657071428571464,20,3.6839426590192925,2768,2026-10-05T17:49:31+00:00
VIR,"Vir Biotechnology, Inc. Common Stock",NASDAQ,True,True,True,11.38,22178749.0685,2047398.8,0.5812714285714288,20,5.107833291488829,2769,2026-10-05T17:49:31+00:00
UNIT,Uniti Group Inc. Common Stock,NASDAQ,True,True,True,8.045,22165982.0685,2448938.55,0.36900000000000016,20,4.5866998135487895,2770,2026-10-05T17:49:31+00:00
FRDM,Freedom 100 Emerging Markets ETF,BATS,True,True,True,72.21,22059456.456,310689.4,1.4321214285714277,20,1.9832729934516382,2771,2026-10-05T17:49:31+00:00
XTEN,BondBloxx Bloomberg Ten Year Target Duration US Treasury ETF,ARCA,False,False,True,41.94,22048161.456250004,511848.05,0.34305000000000163,20,0.8179542203147393,2772,2026-10-05T17:49:31+00:00
RECS,Columbia Research Enhanced Core ETF,ARCA,False,False,True,45.745,22040739.25675,486571.15,0.4117142857142854,20,0.9000202988617017,2773,2026-10-05T17:49:31+00:00
OMAH,VistaShares Target 15 Berkshire Select Income ETF,ARCA,True,True,True,17.585,22026227.20025,1228466.75,0.17122857142857154,20,0.9737194849506483,2774,2026-10-05T17:49:31+00:00
RPV,Invesco S&P 500 Pure Value ETF,ARCA,True,True,True,116.55,21986173.4315,187974.7,1.3073642857142858,20,1.121719678862536,2775,2026-10-05T17:49:31+00:00
NVDY,YieldMax NVDA Option Income Strategy ETF,ARCA,True,True,True,12.98,21979984.644,1755103.65,0.19911428571428605,20,1.5340083645168416,2776,2026-10-05T17:49:31+00:00
DLO,DLocal Limited Class A Common Shares,NASDAQ,True,True,True,14.755,21955346.53775,1537339.65,0.41557857142857113,20,2.81652708524955,2777,2026-10-05T17:49:31+00:00
HOS,"Hornbeck Offshore Services, Inc.",NYSE,True,True,True,7.985,21919691.907,2635894.85,0.3367785714285714,20,4.217640218266392,2778,2026-10-05T17:49:31+00:00
CAE,CAE Inc. Common Shares,NASDAQ,True,True,True,23.855,21919360.63575,907247.55,0.572064285714286,20,2.398089648770849,2779,2026-10-05T17:49:31+00:00
FFSM,Fidelity Fundamental Small-Mid Cap ETF,BATS,False,False,True,34.745,21917815.75925,632730.8,0.5277071428571419,20,1.518800238472131,2780,2026-10-05T17:49:31+00:00
GIII,"G-III Apparel Group, LTD. Common Stock",NASDAQ,True,True,True,27.28,21883734.138499998,793336.5,0.7353571428571433,20,2.695590699622959,2781,2026-10-05T17:49:31+00:00
BTCI,NEOS Bitcoin High Income ETF,BATS,True,True,True,34.29,21865511.789,659412.3,0.8379071428571423,20,2.443590384535265,2782,2026-10-05T17:49:31+00:00
HTGC,"Hercules Capital, Inc.",NYSE,True,True,True,16.795,21755509.425499998,1260549.2,0.3340285714285715,20,1.988857227916472,2783,2026-10-05T17:49:31+00:00
UPWK,Upwork Inc. Common Stock,NASDAQ,True,True,True,8.245,21739889.2775,2604766.9,0.2578142857142856,20,3.126916746079874,2784,2026-10-05T17:49:31+00:00
ZYME,Zymeworks Inc. Common Stock,NASDAQ,True,True,True,26.33,21700159.636249997,812599.0,1.1962928571428573,20,4.543459389072758,2785,2026-10-05T17:49:31+00:00
CSIQ,Canadian Solar Inc. Common Shares (ON),NASDAQ,True,True,True,11.02,21664622.12275,1834930.2,0.657492857142857,20,5.966359865180191,2786,2026-10-05T17:49:31+00:00
NAD,Nuveen Quality Municipal Income Fund,NYSE,False,False,True,10.105,21654346.89175,2084395.25,0.2382000000000001,20,2.3572488866897583,2787,2026-10-05T17:49:31+00:00
RPD,"Rapid7, Inc. Common Stock",NASDAQ,True,True,True,12.38,21637689.938,1801037.6,0.7708499999999999,20,6.226575121163165,2788,2026-10-05T17:49:31+00:00
VPG,"Vishay Precision Group, Inc.",NYSE,True,True,True,78.0801,21624905.486629996,319281.85,3.4840000000000004,20,4.462084449174631,2789,2026-10-05T17:49:31+00:00
FALN,iShares Trust iShares Fallen Angels USD Bond ETF,NASDAQ,False,False,True,25.745,21621751.451750003,824780.6,0.14900000000000016,20,0.5787531559526128,2790,2026-10-05T17:49:31+00:00
TAC,TransAlta Corporation,NYSE,True,True,True,12.465,21583331.34525,1792610.2,0.3507214285714286,20,2.8136496475846657,2791,2026-10-05T17:49:31+00:00
TETH,21Shares Ethereum Staking ETF,BATS,False,False,True,13.475,21569097.428,1661970.0,0.4157714285714282,20,3.0855022528491887,2792,2026-10-05T17:49:31+00:00
GLDI,"UBS AG ETRACS Gold Shares Covered Call ETNs due February 2, 2033",NASDAQ,False,False,True,139.58,21520649.74982,147875.55,2.4021357142857136,20,1.7209741469305868,2793,2026-10-05T17:49:31+00:00
ESTA,Establishment Labs Holdings Inc. Common Shares,NASDAQ,True,True,True,65.635,21514265.7385,315942.7,2.6855999999999995,20,4.091719357050353,2794,2026-10-05T17:49:31+00:00
INVA,"Innoviva, Inc. Common Stock",NASDAQ,True,True,True,20.53,21505824.839999996,1034032.65,0.4942785714285713,20,2.4075916776842243,2795,2026-10-05T17:49:31+00:00
TCAF,T. Rowe Price Capital Appreciation Equity ETF,ARCA,True,True,True,43.1,21464434.169999998,505667.2,0.4342642857142859,20,1.0075737487570438,2796,2026-10-05T17:49:31+00:00
VAW,Vanguard Materials ETF,ARCA,True,True,True,222.48,21461737.813999996,95625.9,3.5725428571428597,20,1.6057815790825511,2797,2026-10-05T17:49:31+00:00
USTB,Victory Portfolios II VictoryShares Short-Term Bond ETF,NASDAQ,True,True,True,49.94,21452573.0185,428895.75,0.09660000000000021,20,0.19343211854225115,2798,2026-10-05T17:49:31+00:00
CEF,Sprott Physical Gold and Silver Trust,ARCA,False,False,True,41.47,21452235.150000002,496825.95,0.9081357142857135,20,2.1898618622756536,2799,2026-10-05T17:49:31+00:00
AMN,AMN Healthcare Services,NYSE,True,True,True,36.24,21443821.356000002,618392.65,1.0319357142857146,20,2.8475047303689696,2800,2026-10-05T17:49:31+00:00
PRLB,"PROTO LABS, INC.",NYSE,True,True,True,97.8173,21430222.144424997,240309.6,3.6947785714285737,20,3.777224040561918,2801,2026-10-05T17:49:31+00:00
IVT,InvenTrust Properties Corp.,NYSE,True,True,True,30.15,21427630.658499997,693494.6,0.5423642857142862,20,1.7988865197820436,2802,2026-10-05T17:49:31+00:00
UTZ,"Utz Brands, Inc.",NYSE,True,True,True,14.265,21394446.254,1501657.3,0.03142857142857088,20,0.2203194632216676,2803,2026-10-05T17:49:31+00:00
NBSD,Neuberger Short Duration Income ETF,ARCA,False,False,True,49.905,21366892.642500002,426639.6,0.10749999999999968,20,0.21540927762749157,2804,2026-10-05T17:49:31+00:00
DAC,Danaos Corporation,NYSE,True,True,True,166.65,21340153.9845,134845.4,4.077078571428568,20,2.446491792036344,2805,2026-10-05T17:49:31+00:00
SBH,"Sally Beauty Holdings, Inc.",NYSE,True,True,True,16.275,21282267.178499997,1310784.85,0.5642857142857142,20,3.4671933289444805,2806,2026-10-05T17:49:31+00:00
IEO,iShares U.S. Oil & Gas Exploration & Production ETF,BATS,True,True,True,139.39,21253583.981500003,154629.15,3.329278571428572,20,2.3884629969356284,2807,2026-10-05T17:49:31+00:00
BILZ,PIMCO Ultra Short Government Active ETF,ARCA,True,True,True,100.665,21220870.001000002,210608.95,0.045707142857143675,20,0.04540519828852498,2808,2026-10-05T17:49:31+00:00
FRME,First Merchants Corporation Common Stock,NASDAQ,True,True,True,40.03,21174322.27,521112.95,0.726071428571429,20,1.8138182077727432,2809,2026-10-05T17:49:31+00:00
BLMN,"Bloomin' Brands, Inc. Common Stock",NASDAQ,True,True,True,8.18,21129502.025750004,2542590.15,0.4459642857142859,20,5.451886133426479,2810,2026-10-05T17:49:31+00:00
CRAI,"CRA International, Inc. Common Stock",NASDAQ,True,True,True,170.97,21107349.77,127389.8,5.834821428571431,20,3.412775006475657,2811,2026-10-05T17:49:31+00:00
IOSP,Innospec Inc. Common Stock,NASDAQ,True,True,True,98.0402,21099122.71418,222310.05,2.2867999999999986,20,2.33251258157368,2812,2026-10-05T17:49:31+00:00
RWR,State Street SPDR Dow Jones REIT ETF,ARCA,True,True,True,104.43,21060736.27,196537.05,1.1464285714285702,20,1.0977961997783876,2813,2026-10-05T17:49:31+00:00
PAYO,Payoneer Global Inc. Common Stock,NASDAQ,True,True,True,7.16,21047495.452999998,2950561.9,0.030000000000000186,20,0.41899441340782384,2814,2026-10-05T17:49:31+00:00
AEVA,"Aeva Technologies, Inc. Common Stock",NASDAQ,True,True,True,14.255,21036123.366499998,1408391.25,0.906285714285714,20,6.357668988324897,2815,2026-10-05T17:49:31+00:00
DIVB,iShares Core Dividend ETF,BATS,False,False,True,64.89,21031633.5895,315540.8,0.7353571428571409,20,1.1332364661074756,2816,2026-10-05T17:49:31+00:00
WTV,WisdomTree U.S. Value Fund,ARCA,True,True,True,103.4201,21014108.216609996,199588.2,0.9854571428571423,20,0.952868100936996,2817,2026-10-05T17:49:31+00:00
ACT,"Enact Holdings, Inc. Common Stock",NASDAQ,True,True,True,46.18,21004063.188499995,441729.45,1.2087571428571435,20,2.617490564870385,2818,2026-10-05T17:49:31+00:00
PLUS,ePlus inc. Common Stock,NASDAQ,True,True,True,92.015,20999530.1195,229980.0,2.410985714285715,20,2.620209437902206,2819,2026-10-05T17:49:31+00:00
AMPL,"Amplitude, Inc. Class A Common Stock",NASDAQ,True,True,True,14.535,20986647.873999998,1563372.4,0.6699285714285714,20,4.609071698854981,2820,2026-10-05T17:49:31+00:00
FSK,FS KKR Capital Corp. Common Stock,NYSE,True,True,True,11.115,20978595.114249997,1832088.5,0.315892857142857,20,2.842040999935735,2821,2026-10-05T17:49:31+00:00
BKSY,BlackSky Technology Inc.,NYSE,True,True,True,21.31,20968513.116000004,957506.45,1.3910642857142863,20,6.527753569752634,2822,2026-10-05T17:49:31+00:00
AVEX,AEVEX Corp.,NYSE,True,True,True,14.855,20949498.354,1331294.1,0.9660714285714281,20,6.5033418281482875,2823,2026-10-05T17:49:31+00:00
SPCG,Tradr 2X Short SpaceX Daily ETF,BATS,False,False,True,11.72,20939477.868,1360376.05,1.2806928571428569,20,10.927413456850314,2824,2026-10-05T17:49:31+00:00
NFXL,Direxion Shares ETF Trust Direxion Daily NFLX Bull 2X ETF,NASDAQ,False,False,True,12.76,20938361.926,1382420.05,0.7380785714285711,20,5.784314823107924,2825,2026-10-05T17:49:31+00:00
OTF,Blue Owl Technology Finance Corp.,NYSE,True,True,True,9.56,20913886.599500004,2013762.7,0.24955000000000002,20,2.610355648535565,2826,2026-10-05T17:49:31+00:00
MFP,"Midera Food Processing, Inc. Common Stock",NASDAQ,True,True,True,43.36,20876343.302500002,487947.25,1.8927857142857138,20,4.365280706378492,2827,2026-10-05T17:49:31+00:00
WSE,Wise Group plc Class A Ordinary Shares,NASDAQ,True,True,True,11.615,20858889.1985,1786847.55,0.28080714285714276,20,2.417624992312895,2828,2026-10-05T17:49:31+00:00
BOTZ,Global X Funds Global X Robotics & Artificial Intelligence ETF,NASDAQ,True,True,True,36.16,20855590.111250002,590668.75,0.49045714285714276,20,1.3563527180783816,2829,2026-10-05T17:49:31+00:00
DGP,"DB Gold Double Long ETN due February 15, 2038",ARCA,False,False,True,146.3,20828667.695100002,135908.75,5.857092857142855,20,4.0034811053608035,2830,2026-10-05T17:49:31+00:00
LMAT,"LeMaitre Vascular, Inc. Common Stock",NASDAQ,True,True,True,81.045,20814808.636,259086.25,1.976314285714283,20,2.438539435763197,2831,2026-10-05T17:49:31+00:00
BHYP,Bitwise Hyperliquid ETF,ARCA,True,True,True,52.8,20784046.718000002,421134.4,2.6811499999999997,20,5.077935606060606,2832,2026-10-05T17:49:31+00:00
GPRE,Green Plains Inc. Common Stock,NASDAQ,True,True,True,15.29,20765160.4865,1380336.1,0.4878285714285715,20,3.190507334392227,2833,2026-10-05T17:49:31+00:00
MINO,PIMCO Municipal Income Opportunities Active ETF,ARCA,False,False,True,42.5601,20762415.825375,482229.55,0.33713571428571193,20,0.7921403245897259,2834,2026-10-05T17:49:31+00:00
SHO,"Sunstone Hotel Investors, Inc.",NYSE,True,True,True,11.375,20753548.9185,1870734.65,0.18357142857142847,20,1.6138147566718986,2835,2026-10-05T17:49:31+00:00
FWD,AB Disruptors ETF,ARCA,False,False,True,135.4,20742549.007000003,159212.0,1.9297500000000005,20,1.4252215657311673,2836,2026-10-05T17:49:31+00:00
BKE,"The Buckle, Inc.",NYSE,True,True,True,43.17,20733027.061499998,501739.35,0.8771428571428572,20,2.0318342764485924,2837,2026-10-05T17:49:31+00:00
SAIQ,WISeSat.Space Holdings Corp. Ordinary Shares,NASDAQ,False,False,True,6.9408,20721422.96279,3273663.4,1.8914214285714288,20,27.25076977540671,2838,2026-10-05T17:49:31+00:00
KURA,"Kura Oncology, Inc. Common Stock",NASDAQ,True,True,True,10.6,20697407.98975,1835569.4,0.4845142857142858,20,4.5708894878706205,2839,2026-10-05T17:49:31+00:00
MLPI,NEOS MLP & Energy Infrastructure High Income ETF,BATS,True,True,True,51.7099,20652417.748675,395371.85,0.8620857142857125,20,1.6671579606336746,2840,2026-10-05T17:49:31+00:00
CEVA,"CEVA, Inc. Common Stock",NASDAQ,True,True,True,36.72,20606089.652999997,639485.85,1.7258642857142845,20,4.700066137566134,2841,2026-10-05T17:49:31+00:00
ZLAB,Zai Lab Limited American Depositary Shares,NASDAQ,True,True,True,25.13,20530090.476000004,811542.2,1.084992857142857,20,4.317520322892388,2842,2026-10-05T17:49:31+00:00
PFFA,Virtus InfraCap U.S. Preferred Stock ETF,ARCA,True,True,True,19.665,20515606.512000002,1013989.55,0.1995785714285717,20,1.014892303221824,2843,2026-10-05T17:49:31+00:00
XYLD,Global X S&P 500 Covered Call ETF,ARCA,True,True,True,41.825,20487227.796249997,492947.35,0.20511428571428528,20,0.4904107249594387,2844,2026-10-05T17:49:31+00:00
TAFI,AB Tax-Aware Short Duration Municipal ETF,ARCA,False,False,True,24.625,20472887.523250002,828645.4,0.0855714285714291,20,0.3474981870920979,2845,2026-10-05T17:49:31+00:00
QQQE,Direxion Shares ETF Trust Direxion NASDAQ-100 Equal Weighted Index ETF,NASDAQ,False,False,True,121.96,20462917.938,171147.75,1.2937071428571443,20,1.060763482172142,2846,2026-10-05T17:49:31+00:00
TDOC,"Teladoc Health, Inc.",NYSE,True,True,True,5.675,20435672.842,3355615.8,0.21880714285714273,20,3.8556324732536167,2847,2026-10-05T17:49:31+00:00
PPTA,Perpetua Resources Corp. Common Shares,NASDAQ,True,True,True,20.4,20410486.322499998,898788.3,1.0881999999999998,20,5.334313725490196,2848,2026-10-05T17:49:31+00:00
IMMX,"Immix Biopharma, Inc. Common Stock",NASDAQ,True,True,True,10.24,20371102.522,1769940.7,0.8818071428571429,20,8.611397879464286,2849,2026-10-05T17:49:31+00:00
AMSC,American Superconductor Corporation Common Stock,NASDAQ,True,True,True,29.92,20366106.4815,689967.65,1.271057142857143,20,4.248185637891521,2850,2026-10-05T17:49:31+00:00
EAGG,iShares ESG Aware U.S. Aggregate Bond ETF,ARCA,True,True,True,44.975,20360103.6415,445654.15,0.23221428571428554,20,0.516318589692686,2851,2026-10-05T17:49:31+00:00
VCR,Vanguard Consumer Discretionary ETF,ARCA,True,True,True,372.3,20345322.018999998,54684.45,5.004057142857143,20,1.344092705575381,2852,2026-10-05T17:49:31+00:00
PFS,"Provident Financial Services, Inc.",NYSE,True,True,True,22.48,20334702.5365,889558.25,0.4252857142857141,20,1.8918403660396532,2853,2026-10-05T17:49:31+00:00
ETHB,iShares Staked Ethereum Trust ETF Shares of Fractional Undivided Beneficial Interest,NASDAQ,False,False,True,34.76,20326881.049000002,613232.35,1.0668499999999987,20,3.0691887226697316,2854,2026-10-05T17:49:31+00:00
ASM,Avino Silver & Gold Mines Ltd. (Canada),AMEX,True,True,True,5.555,20275025.50625,3228121.65,0.28926428571428586,20,5.2072778706442095,2855,2026-10-05T17:49:31+00:00
PHG,KONINKLIJKE PHILIPS  N.V.,NYSE,True,True,True,23.86,20264203.864,822554.55,0.38034285714285737,20,1.5940605915459236,2856,2026-10-05T17:49:31+00:00
BKDV,BNY Mellon Dynamic Value ETF,ARCA,False,False,True,34.08,20260557.3635,593748.1,0.2957499999999997,20,0.8678110328638489,2857,2026-10-05T17:49:31+00:00
TRN,"Trinity Industries, Inc.",NYSE,True,True,True,26.7,20241232.914499998,735557.3,0.8108571428571424,20,3.036918138041732,2858,2026-10-05T17:49:31+00:00
TNET,"TRINET GROUP, INC.",NYSE,True,True,True,63.33,20218991.981499996,307621.85,2.0097214285714293,20,3.17341138255397,2859,2026-10-05T17:49:31+00:00
IBDT,iShares iBonds Dec 2028 Term Corporate ETF,ARCA,True,True,True,24.895,20214532.583249997,809449.7,0.0931285714285716,20,0.3740854445815288,2860,2026-10-05T17:49:31+00:00
WCMI,First Trust WCM International Equity ETF,ARCA,True,True,True,19.225,20195450.110000003,1045429.6,0.2362000000000002,20,1.2286085825747732,2861,2026-10-05T17:49:31+00:00
EVER,"EverQuote, Inc. Class A Common Stock",NASDAQ,True,True,True,19.11,20189807.759999998,982127.15,1.2495714285714281,20,6.5388353143455165,2862,2026-10-05T17:49:31+00:00
OSW,OneSpaWorld Holdings Limited Common Shares,NASDAQ,True,True,True,23.29,20179664.352000006,903796.8,0.6617857142857141,20,2.8415015641293007,2863,2026-10-05T17:49:31+00:00
BSBR,BANCO SANTANDER (BRASIL) SA,NYSE,False,False,True,5.79,20170787.041500002,3480223.15,0.15962857142857154,20,2.756970145571184,2864,2026-10-05T17:49:31+00:00
CCOI,"Cogent Communications Holdings, Inc.",NASDAQ,True,True,True,8.556,20165080.0482,2319972.3,0.6875999999999999,20,8.036465638148666,2865,2026-10-05T17:49:31+00:00
GUNR,Northern Trust Morningstar Global Upstream Natural Resources ETF,ARCA,True,True,True,53.51,20161407.926000006,370091.35,0.7381142857142861,20,1.3793950396454608,2866,2026-10-05T17:49:31+00:00
PFFD,Global X U.S. Preferred ETF,ARCA,True,True,True,17.575,20132226.278000005,1128010.3,0.16162142857142875,20,0.9196098353993102,2867,2026-10-05T17:49:31+00:00
CMBT,CMB.TECH NV,NYSE,True,True,True,20.07,20131622.8705,1035731.35,0.5430357142857137,20,2.7057085913588126,2868,2026-10-05T17:49:31+00:00
VCEL,Vericel Corporation Common Stock,NASDAQ,True,True,True,40.54,20112630.252,506627.75,1.1743142857142854,20,2.896680527168933,2869,2026-10-05T17:49:31+00:00
EZPW,"EZCORP, Inc. Class A Non Voting Common Stock",NASDAQ,True,True,True,30.6,20094218.7885,649878.7,1.0584500000000001,20,3.4589869281045753,2870,2026-10-05T17:49:31+00:00
INTA,"Intapp, Inc. Common Stock",NASDAQ,True,True,True,36.73,20091966.188,542518.95,1.3707142857142856,20,3.7318657383999065,2871,2026-10-05T17:49:31+00:00
CLYM,"Climb Bio, Inc. Common Stock",NASDAQ,True,True,True,11.14,20083556.483999997,1514143.15,0.7603714285714283,20,6.825596306745315,2872,2026-10-05T17:49:31+00:00
NIQ,NIQ Global Intelligence plc,NYSE,True,True,True,17.2,20034469.9835,1124465.85,0.6202285714285717,20,3.605980066445184,2873,2026-10-05T17:49:31+00:00
COLL,"Collegium Pharmaceutical, Inc. Common Stock",NASDAQ,True,True,True,21.96,19940749.665,883996.0,0.8817928571428573,20,4.015450169138695,2874,2026-10-05T17:49:31+00:00
EWI,iShares MSCI Italy ETF,ARCA,False,False,True,57.38,19898412.0805,331481.75,0.9206428571428583,20,1.6044664641736812,2875,2026-10-05T17:49:31+00:00
DFIS,Dimensional International Small Cap ETF,BATS,True,True,True,36.1014,19832434.623719998,540484.95,0.43644999999999967,20,1.2089558853673255,2876,2026-10-05T17:49:31+00:00
DFGP,Dimensional ETF Trust Dimensional Global Core Plus Fixed Income ETF,NASDAQ,True,True,True,51.885,19814622.588920005,378323.6,0.2801357142857149,20,0.5399165737413798,2877,2026-10-05T17:49:31+00:00
NXRT,NexPoint Residential Trust Inc,NYSE,True,True,True,18.465,19778764.248250004,950287.35,0.765,20,4.1429731925264015,2878,2026-10-05T17:49:31+00:00
SVM,Silvercorp Metals Inc. Common Shares,AMEX,True,True,True,10.48,19767124.956999995,1718752.25,0.5246285714285712,20,5.005997818974916,2879,2026-10-05T17:49:31+00:00
ECH,iShares MSCI Chile ETF,BATS,True,True,True,37.975,19724890.1245,506831.05,0.7228499999999995,20,1.9034891375905187,2880,2026-10-05T17:49:31+00:00
PDM,"Piedmont Realty Trust, Inc.",NYSE,True,True,True,8.995,19719611.504999995,2125134.9,0.22178571428571406,20,2.4656555229095507,2881,2026-10-05T17:49:31+00:00
MEAR,iShares Short Maturity Municipal Bond Active ETF,BATS,False,False,True,49.575,19638880.614249997,394321.65,0.13317142857142933,20,0.2686261796700541,2882,2026-10-05T17:49:31+00:00
AWR,American States Water Company,NYSE,True,True,True,81.31,19630510.542,232532.2,1.4909214285714267,20,1.83362615738707,2883,2026-10-05T17:49:31+00:00
TRMK,Trustmark Corporation Common Stock,NASDAQ,True,True,True,45.87,19624994.512000002,423670.2,0.9021357142857133,20,1.9667227257155293,2884,2026-10-05T17:49:31+00:00
SNPE,Xtrackers S&P 500 Scored & Screened ETF,ARCA,True,True,True,71.075,19607515.357250005,279886.35,0.6532071428571413,20,0.9190392442590802,2885,2026-10-05T17:49:31+00:00
CAIE,Calamos Autocallable Income ETF,ARCA,True,True,True,26.7559,19592313.17413,734943.8,0.28332142857142856,20,1.0589119729533618,2886,2026-10-05T17:49:31+00:00
BANR,Banner Corporation Common Stock,NASDAQ,True,True,True,67.78,19560385.1525,280463.2,1.3514071428571444,20,1.9938140201492243,2887,2026-10-05T17:49:31+00:00
ORIC,"Oric Pharmaceuticals, Inc. Common Stock",NASDAQ,True,True,True,12.49,19525271.692499995,1522701.55,0.7607142857142861,20,6.090586755118384,2888,2026-10-05T17:49:31+00:00
HROW,"Harrow, Inc. Common Stock",NASDAQ,True,True,True,30.64,19508810.4755,585237.25,1.2500000000000007,20,4.079634464751961,2889,2026-10-05T17:49:31+00:00
BCAT,BlackRock Capital Allocation Term Trust,NYSE,False,False,True,13.6687,19500498.535915,1364317.45,0.24868571428571432,20,1.819380879569486,2890,2026-10-05T17:49:31+00:00
PWV,Invesco Large Cap Value ETF,ARCA,True,True,True,76.995,19484701.70125,247128.75,0.8359928571428605,20,1.0857755141799603,2891,2026-10-05T17:49:31+00:00
AGL,"agilon health, inc.",NYSE,True,True,True,83.47,19478088.168,227696.75,5.363571428571428,20,6.42574748840473,2892,2026-10-05T17:49:31+00:00
RSPN,Invesco S&P 500 Equal Weight Industrials ETF,ARCA,False,False,True,58.92,19477257.45475,328893.05,0.7055357142857142,20,1.1974469013674713,2893,2026-10-05T17:49:31+00:00
GOVZ,iShares 25+ Year Treasury STRIPS Bond ETF,BATS,True,True,True,30.1399,19477087.210305,601217.6,0.6057000000000008,20,2.0096284327419824,2894,2026-10-05T17:49:31+00:00
VITL,"Vital Farms, Inc. Common Stock",NASDAQ,True,True,True,9.17,19474915.5845,1866761.55,0.6797500000000002,20,7.412758996728465,2895,2026-10-05T17:49:31+00:00
OGC,OceanaGold Corporation,NYSE,False,False,True,26.55,19474804.1415,681288.45,1.0860714285714288,20,4.090664514393329,2896,2026-10-05T17:49:31+00:00
SKHL,Direxion Daily SK Hynix Bull 2X ETF,ARCA,False,False,True,12.19,19473727.021999996,1712106.9,0.8874714285714285,20,7.2803234501347704,2897,2026-10-05T17:49:31+00:00
BKLC,BNY Mellon US Large Cap Core Equity ETF,ARCA,True,True,True,49.56,19449617.7125,397058.2,0.4560928571428577,20,0.9202842153810687,2898,2026-10-05T17:49:31+00:00
AVBP,"ArriVent BioPharma, Inc. Common Stock",NASDAQ,True,True,True,28.39,19437937.733999997,664016.85,1.5303571428571432,20,5.390479545111459,2899,2026-10-05T17:49:31+00:00
BMA,Banco Macro S.A.,NYSE,True,True,True,68.505,19435394.179,274443.35,2.8830999999999984,20,4.208597912561125,2900,2026-10-05T17:49:31+00:00
GSIE,Goldman Sachs ActiveBeta International Equity ETF,ARCA,True,True,True,45.83,19426509.8865,417215.75,0.5725,20,1.249181758673358,2901,2026-10-05T17:49:31+00:00
CGNG,Capital Group New Geography Equity ETF,ARCA,False,False,True,37.575,19425706.151750002,528335.0,0.519164285714285,20,1.3816747457465999,2902,2026-10-05T17:49:31+00:00
NBHC,NATIONAL BANK HOLDINGS CORP.,NYSE,True,True,True,38.0,19410619.374,484569.75,0.7511785714285715,20,1.9767857142857141,2903,2026-10-05T17:49:31+00:00
EFC,Ellington Financial Inc. Common Stock,NYSE,True,True,True,11.53,19393587.9555,1570521.0,0.24720714285714265,20,2.1440341965060075,2904,2026-10-05T17:49:31+00:00
GBDC,"Golub Capital BDC, Inc. Common Stock",NASDAQ,False,False,True,12.455,19366229.279749997,1537837.5,0.20321428571428576,20,1.6315880025233702,2905,2026-10-05T17:49:31+00:00
SFL,SFL Corporation Ltd.,NYSE,True,True,True,13.525,19361903.773500003,1473538.0,0.4449928571428573,20,3.2901505149194628,2906,2026-10-05T17:49:31+00:00
VRTS,"Virtus Investment Partners, Inc.",NYSE,True,True,True,133.96,19352321.336999997,144235.5,4.5246785714285735,20,3.3776340485432765,2907,2026-10-05T17:49:31+00:00
APLX,Tradr 2X Long APLD Daily ETF,BATS,False,False,True,6.81,19349667.161749996,2514931.45,0.9588428571428574,20,14.079924480805545,2908,2026-10-05T17:49:31+00:00
MD,"Pediatrix Medical Group, Inc.",NYSE,True,True,True,26.21,19338099.205000002,739072.6,0.8017357142857142,20,3.058892461982885,2909,2026-10-05T17:49:31+00:00
IBDS,iShares iBonds Dec 2027 Term Corporate ETF,ARCA,True,True,True,24.065,19292843.4975,800051.05,0.02747142857142875,20,0.1141551156095107,2910,2026-10-05T17:49:31+00:00
PFBC,Preferred Bank Common Stock,NASDAQ,True,True,True,106.445,19292331.09725,182057.95,2.4442214285714305,20,2.2962294410929878,2911,2026-10-05T17:49:31+00:00
CDNL,Cardinal Infrastructure Group Inc. Class A Common Stock,NASDAQ,True,True,True,29.12,19217911.606,619574.05,2.2764428571428574,20,7.817454866562009,2912,2026-10-05T17:49:31+00:00
PRK,Park National Corporation,AMEX,True,True,True,181.94,19196011.925499998,104631.15,3.775750000000002,20,2.0752720677146326,2913,2026-10-05T17:49:31+00:00
IYJ,iShares U.S. Industrials ETF,BATS,True,True,True,156.75,19179121.314499997,122869.45,1.8303857142857152,20,1.1677101845522904,2914,2026-10-05T17:49:31+00:00
DFGR,Dimensional Global Real Estate ETF,ARCA,True,True,True,26.83,19167531.261499997,695222.2,0.3185428571428575,20,1.1872637239763606,2915,2026-10-05T17:49:31+00:00
FBRT,"Franklin BSP Realty Trust, Inc.",NYSE,True,True,True,6.13,19136569.0835,2582771.05,0.3001142857142855,20,4.895828478210204,2916,2026-10-05T17:49:31+00:00
CWT,California Water Service,NYSE,True,True,True,45.67,19101220.003500003,405146.65,0.8939285714285715,20,1.9573649472926897,2917,2026-10-05T17:49:31+00:00
DMRA,"Damora Therapeutics, Inc. Ordinary Shares",NASDAQ,True,True,True,20.6,19078761.182499997,828403.0,1.4598214285714288,20,7.086511789181693,2918,2026-10-05T17:49:31+00:00
DUKU,Duke Energy Corporation Corporate Units,NYSE,False,False,True,48.1,19055589.402500004,388926.1,0.9107071428571432,20,1.893362043362044,2919,2026-10-05T17:49:31+00:00
ICF,iShares Select U.S. REIT ETF,BATS,True,True,True,62.6,19054188.371,294672.5,0.7285714285714283,20,1.1638521223185756,2920,2026-10-05T17:49:31+00:00
GENB,"Generate Biomedicines, Inc. Common Stock",NASDAQ,True,True,True,13.9299,19044662.96582,1201823.15,0.9496428571428567,20,6.817298452557856,2921,2026-10-05T17:49:31+00:00
IHE,iShares U.S. Pharmaceuticals ETF,ARCA,False,False,True,98.605,19007059.596000005,188681.35,1.5834285714285719,20,1.6058298985128254,2922,2026-10-05T17:49:31+00:00
LNN,Lindsay Corporation,NYSE,True,True,True,115.46,18996496.629,162976.65,2.803921428571429,20,2.428478632055629,2923,2026-10-05T17:49:31+00:00
JOE,St. Joe Company,NYSE,True,True,True,66.01,18989775.427500002,293430.95,1.479378571428571,20,2.241143116843767,2924,2026-10-05T17:49:31+00:00
AVTX,"Avalo Therapeutics, Inc. Common Stock",NASDAQ,True,True,True,14.6782,18973753.65494,1176404.05,0.8526357142857145,20,5.808857450407506,2925,2026-10-05T17:49:31+00:00
GPGI,"GPGI, Inc.",NYSE,True,True,True,12.82,18956108.082000002,1526047.7,0.6556857142857143,20,5.114553153554714,2926,2026-10-05T17:49:31+00:00
STC,Stewart Information Services Corporation,NYSE,True,True,True,51.12,18937395.504499998,318890.7,2.211071428571427,20,4.3252570981444185,2927,2026-10-05T17:49:31+00:00
CASH,"Pathward Financial, Inc. Common Stock",NASDAQ,True,True,True,74.135,18932554.380749997,248518.65,1.7431714285714281,20,2.3513474452976704,2928,2026-10-05T17:49:31+00:00
ENR,"Energizer Holdings, Inc",NYSE,True,True,True,21.25,18914723.7535,886541.45,0.8178571428571436,20,3.848739495798323,2929,2026-10-05T17:49:31+00:00
OCFC,OceanFirst Financial Corp. Common Stock,NASDAQ,True,True,True,16.915,18867557.146999996,1072002.85,0.42852857142857076,20,2.5334234196191003,2930,2026-10-05T17:49:31+00:00
EFSC,Enterprise Financial Services Corporation Common Stock,NASDAQ,True,True,True,59.86,18849935.70325,306501.75,1.191785714285715,20,1.9909550856761025,2931,2026-10-05T17:49:31+00:00
RAPP,"Rapport Therapeutics, Inc. Common Stock",NASDAQ,True,True,True,32.245,18839714.710999995,495724.25,2.5649857142857146,20,7.954677358615955,2932,2026-10-05T17:49:31+00:00
MSBT,Morgan Stanley Bitcoin Trust,ARCA,False,False,True,24.45,18787254.43325,788820.2,0.6735642857142855,20,2.7548641542506567,2933,2026-10-05T17:49:31+00:00
PRF,Invesco RAFI US 1000 ETF,ARCA,False,False,True,55.11,18767906.959,339895.9,0.44284999999999997,20,0.8035746688441299,2934,2026-10-05T17:49:31+00:00
SCHC,Schwab International Small-Cap Equity ETF,ARCA,True,True,True,49.683,18723480.276049998,373167.9,0.5986142857142863,20,1.2048674309407368,2935,2026-10-05T17:49:31+00:00
SPAX,T-REX 2X Long SPCX Daily Target ETF,ARCA,False,False,True,12.64,18678222.009999998,1813280.45,0.85735,20,6.782832278481012,2936,2026-10-05T17:49:31+00:00
CBU,"Community Financial System, Inc.",NYSE,True,True,True,60.46,18660593.655,303080.3,1.1056928571428573,20,1.828800623789046,2937,2026-10-05T17:49:31+00:00
DFAT,U.S. Targeted Value Portfolio ETF Class Shares,ARCA,False,False,True,68.15,18658155.636,272223.3,0.8324785714285708,20,1.2215386227858707,2938,2026-10-05T17:49:31+00:00
RLJ,RLJ Lodging Trust,NYSE,True,True,True,11.25,18655862.919,1701584.4,0.2668428571428571,20,2.371936507936508,2939,2026-10-05T17:49:31+00:00
BULZ,MicroSectors FANG & Innovation 3x Leveraged ETN,ARCA,False,False,True,45.2,18645675.226499997,440097.8,2.364385714285714,20,5.230941845764854,2940,2026-10-05T17:49:31+00:00
LBTYK,Liberty Global Ltd. Class C Common Shares,NASDAQ,True,True,True,8.865,18639592.646250002,1932107.75,0.28214285714285686,20,3.182660543066631,2941,2026-10-05T17:49:31+00:00
SKWD,"Skyward Specialty Insurance Group, Inc. Common Stock",NASDAQ,True,True,True,55.23,18629194.94975,333966.8,1.2776785714285717,20,2.313377822611935,2942,2026-10-05T17:49:31+00:00
KSTR,KraneShares China Technology & Semiconductor STAR 50 Index ETF,ARCA,False,False,True,22.29,18620537.6275,809389.55,0.5023571428571427,20,2.253733256425046,2943,2026-10-05T17:49:31+00:00
XOVR,EntrepreneurShares Series Trust ERShares Private-Public Crossover ETF,NASDAQ,True,True,True,22.36,18596481.932,882865.3,0.38679285714285655,20,1.7298428315870151,2944,2026-10-05T17:49:31+00:00
METC,"Ramaco Resources, Inc. Class A Common Stock",NASDAQ,True,True,True,8.055,18594360.913,1924320.8,0.5418285714285715,20,6.726611687505544,2945,2026-10-05T17:49:31+00:00
KB,KB Financial Group Inc,NYSE,True,True,True,124.88,18592675.479500003,146189.25,2.987742857142856,20,2.3924910771483474,2946,2026-10-05T17:49:31+00:00
NGVT,Ingevity Corporation,NYSE,True,True,True,72.93,18582257.876000002,266272.45,2.0809071428571437,20,2.853293765058472,2947,2026-10-05T17:49:31+00:00
SCHY,Schwab International Dividend Equity ETF,ARCA,True,True,True,31.275,18565585.92375,576514.7,0.3275428571428571,20,1.0472993034144111,2948,2026-10-05T17:49:31+00:00
TOWN,TowneBank Common Stock,NASDAQ,True,True,True,35.92,18528561.2335,506252.45,0.6378571428571423,20,1.7757715558383693,2949,2026-10-05T17:49:31+00:00
SHOE,"Shoe Station Group, Inc. Common Stock",NASDAQ,True,True,True,12.6461,18526730.853815,1436661.35,0.4805642857142857,20,3.8000987317377346,2950,2026-10-05T17:49:31+00:00
FLIA,Franklin International Aggregate Bond ETF,BATS,False,False,True,19.9601,18525551.85461,923947.8,0.07154285714285713,20,0.3584293522720684,2951,2026-10-05T17:49:31+00:00
CHCO,City Holding Company Common Stock,NASDAQ,True,True,True,142.89,18525059.5585,130372.5,2.706057142857144,20,1.893804424982255,2952,2026-10-05T17:49:31+00:00
NBTB,NBT Bancorp Inc. Common Stock,NASDAQ,True,True,True,51.09,18493775.4675,360807.0,0.9192000000000006,20,1.799177921315327,2953,2026-10-05T17:49:31+00:00
SPAL,GraniteShares 2x Long SpaceX Daily ETF,BATS,False,False,True,21.24,18484334.3535,1071141.3,1.4293000000000002,20,6.72928436911488,2954,2026-10-05T17:49:31+00:00
KNG,FT Vest S&P 500 Dividend Aristocrats Target Income ETF,BATS,False,False,True,48.32,18473148.071500003,374500.3,0.47456428571428433,20,0.9821280747398268,2955,2026-10-05T17:49:31+00:00
WD,"Walker & Dunlop, Inc.",NYSE,True,True,True,33.19,18470480.001,487898.95,1.3996428571428565,20,4.217061937760942,2956,2026-10-05T17:49:31+00:00
XMHQ,Invesco S&P MidCap Quality ETF,ARCA,True,True,True,114.795,18425038.94725,162035.4,1.314085714285716,20,1.1447238244572637,2957,2026-10-05T17:49:31+00:00
SENEA,Seneca Foods Corp. Class A Common Stock,NASDAQ,True,True,True,177.95,18414866.996999998,100427.35,5.369999999999998,20,3.017701601573475,2958,2026-10-05T17:49:31+00:00
ADNT,Adient plc Ordinary Shares,NYSE,True,True,True,17.45,18397616.060999997,1030185.05,0.8154499999999997,20,4.673065902578795,2959,2026-10-05T17:49:31+00:00
XNTK,State Street SPDR NYSE Technology ETF,ARCA,True,True,True,389.76,18395889.344499998,49602.3,6.745378571428566,20,1.7306492640159499,2960,2026-10-05T17:49:31+00:00
LB,LandBridge Company LLC,NYSE,True,True,True,84.22,18392310.979999997,218448.75,3.0107142857142852,20,3.574821046917936,2961,2026-10-05T17:49:31+00:00
BLKB,"Blackbaud, Inc. Common Stock",NASDAQ,True,True,True,42.37,18389345.441,424480.7,1.331785714285715,20,3.1432280252200027,2962,2026-10-05T17:49:31+00:00
EPI,WisdomTree India Earnings Fund ETF,ARCA,True,True,True,40.485,18326833.99175,441048.9,0.3550000000000009,20,0.876867975793506,2963,2026-10-05T17:49:31+00:00
PALL,abrdn Physical Palladium Shares ETF,ARCA,True,True,True,21.27,18323942.122500006,796757.05,0.5899357142857143,20,2.773557660017463,2964,2026-10-05T17:49:31+00:00
NVCR,NovoCure Limited Ordinary Shares,NASDAQ,True,True,True,15.15,18255308.2945,1138926.95,0.6189285714285716,20,4.085337105139086,2965,2026-10-05T17:49:31+00:00
ANRO,Alto Neuroscience Inc.,NYSE,True,True,True,24.51,18252566.297,626023.2,1.7801571428571425,20,7.262983038992829,2966,2026-10-05T17:49:31+00:00
FWONA,Liberty Media Corporation Series A Common Stock,NASDAQ,True,True,True,88.94,18191498.3635,210774.75,2.328692857142857,20,2.618273956760577,2967,2026-10-05T17:49:31+00:00
BSCQ,Invesco BulletShares 2026 Corporate Bond ETF,NASDAQ,True,True,True,19.53,18146896.325500004,929050.55,0.02053571428571464,20,0.10514958671640878,2968,2026-10-05T17:49:31+00:00
BEG,Themes ETF Trust Leverage Shares 2x Long BE Daily ETF,NASDAQ,False,False,True,53.86,18113367.670039997,357120.85,7.206878571428571,20,13.380762293777519,2969,2026-10-05T17:49:31+00:00
ARI,"APOLLO COMMERCIAL REAL ESTATE FINANCE, INC.",NYSE,True,True,True,6.165,18110397.30975,2839272.2,0.11519285714285697,20,1.8684972772563986,2970,2026-10-05T17:49:31+00:00
VSTM,"Verastem, Inc. Common Stock",NASDAQ,True,True,True,7.945,17993070.03375,2312060.15,0.47357142857142864,20,5.960622134316282,2971,2026-10-05T17:49:31+00:00
DFEN,Direxion Daily Aerospace & Defense Bull 3X ETF,ARCA,True,True,True,47.02,17930345.258,346996.35,2.5227857142857153,20,5.36534605335116,2972,2026-10-05T17:49:31+00:00
SPBO,State Street SPDR Portfolio Corporate Bond ETF,ARCA,True,True,True,27.345,17917080.219499998,644963.95,0.15474285714285685,20,0.5658908653971726,2973,2026-10-05T17:49:31+00:00
IBDU,iShares iBonds Dec 2029 Term Corporate ETF,ARCA,True,True,True,22.625,17900028.923750002,787114.3,0.07284999999999948,20,0.3219889502762408,2974,2026-10-05T17:49:31+00:00
MRVI,"Maravai LifeSciences Holdings, Inc. Class A Common Stock",NASDAQ,True,True,True,8.2356,17831911.676649995,2465546.65,0.39244285714285715,20,4.765200557856831,2975,2026-10-05T17:49:31+00:00
SCHL,Scholastic Corporation Common Stock,NASDAQ,True,True,True,37.21,17820191.3155,512240.8,1.3188999999999995,20,3.544477291050791,2976,2026-10-05T17:49:31+00:00
UWM,ProShares Ultra Russell2000,ARCA,True,True,True,58.82,17781423.384,299114.8,1.548364285714287,20,2.632377228347989,2977,2026-10-05T17:49:31+00:00
PNRG,PrimeEnergy Resources Corporation Common Stock,NASDAQ,True,True,True,209.4,17763038.415999997,85446.35,7.816457142857146,20,3.7327875562832595,2978,2026-10-05T17:49:31+00:00
NNI,"Nelnet, Inc. Class A",NYSE,True,True,True,125.055,17716205.2535,141019.55,2.078792857142859,20,1.6623028724504088,2979,2026-10-05T17:49:31+00:00
QGRW,WisdomTree U.S. Quality Growth Fund,ARCA,True,True,True,70.19,17696105.32,260764.5,0.8405500000000004,20,1.197535261433253,2980,2026-10-05T17:49:31+00:00
PSIX,"Power Solutions International, Inc. Common Stock",NASDAQ,True,True,True,45.77,17687646.233000003,397767.65,2.3543714285714286,20,5.143918349511532,2981,2026-10-05T17:49:31+00:00
TSPA,T. Rowe Price U.S. Equity Research ETF,ARCA,True,True,True,49.1018,17672164.11675,365377.85,0.47275000000000034,20,0.9627956612588547,2982,2026-10-05T17:49:31+00:00
ALLW,SSGA Active Trust State Street Bridgewater All Weather ETF,NASDAQ,True,True,True,28.5301,17666635.84332,605364.15,0.3266000000000004,20,1.1447558893940097,2983,2026-10-05T17:49:31+00:00
HMN,Horace Mann Educators Corporation,NYSE,True,True,True,45.675,17660578.049999997,371574.85,0.9681428571428567,20,2.1196340605207595,2984,2026-10-05T17:49:31+00:00
E,ENI S.p.A.,NYSE,False,False,True,54.7,17634686.11,320382.65,0.991071428571428,20,1.8118307652128482,2985,2026-10-05T17:49:31+00:00
UCON,First Trust Smith Unconstrained Bond ETF,ARCA,True,True,True,23.7301,17634507.558985002,734076.8,0.1767428571428576,20,0.7448045189141959,2986,2026-10-05T17:49:31+00:00
IMTM,iShares MSCI Intl Momentum Factor ETF,ARCA,True,True,True,53.14,17633514.0735,332008.1,0.6289285714285704,20,1.1835313726544419,2987,2026-10-05T17:49:31+00:00
FEGE,First Eagle Global Equity ETF,NYSE,True,True,True,50.52,17610522.080999997,342678.35,0.5350928571428584,20,1.059170342721414,2988,2026-10-05T17:49:31+00:00
NBR,Nabors Industries Ltd.,NYSE,True,True,True,83.8025,17564364.980625,207117.75,3.1122785714285692,20,3.7138254484395685,2989,2026-10-05T17:49:31+00:00
NEXT,NextDecade Corporation Common Stock,NASDAQ,True,True,True,6.57,17555333.723500002,2547372.45,0.3149571428571428,20,4.793868232224396,2990,2026-10-05T17:49:31+00:00
CWEB,Direxion Daily CSI China Internet Index Bull 2X ETF,ARCA,True,True,True,18.3476,17551169.64892,931148.5,0.6256428571428577,20,3.4099438462951976,2991,2026-10-05T17:49:31+00:00
QNST,"QuinStreet, Inc. Common Stock",NASDAQ,True,True,True,14.86,17514147.541999996,1086246.75,0.7537571428571426,20,5.072389925014418,2992,2026-10-05T17:49:31+00:00
SPCQ,Defiance Daily Target 2X Short SPCX ETF,BATS,False,False,True,8.26,17457312.736250002,1607700.2,0.9253642857142858,20,11.202957454168109,2993,2026-10-05T17:49:31+00:00
EVSM,Eaton Vance Short Duration Municipal Income ETF,ARCA,False,False,True,49.205,17402253.011,352646.25,0.13131428571428622,20,0.26687183358253475,2994,2026-10-05T17:49:31+00:00
VET,VERMILION ENERGY INC.,NYSE,True,True,True,11.779,17339115.63265,1399122.25,0.43249999999999983,20,3.6717887766363853,2995,2026-10-05T17:49:31+00:00
IXJ,iShares Global Healthcare ETF,ARCA,True,True,True,101.22,17327621.870500002,169573.9,1.1437571428571434,20,1.1299714906709577,2996,2026-10-05T17:49:31+00:00
LINC,Lincoln Educational Services Corporation Common Stock,NASDAQ,True,True,True,22.31,17310062.1345,729696.25,1.1493928571428573,20,5.151917781904336,2997,2026-10-05T17:49:31+00:00
FLRT,Pacer Aristotle Pacific Floating Rate High Income ETF,ARCA,False,False,True,46.52,17307414.013910003,371045.5,0.10373571428571589,20,0.22299164721778994,2998,2026-10-05T17:49:31+00:00
FWDI,"Forward Industries, Inc. Common Stock",NASDAQ,True,True,True,7.885,17284017.22,2301751.4,0.6249928571428571,20,7.926352024639913,2999,2026-10-05T17:49:31+00:00
NWBI,"Northwest Bancshares, Inc. Common Stock",NASDAQ,True,True,True,15.1,17282396.0625,1130389.5,0.29607142857142854,20,1.9607379375591296,3000,2026-10-05T17:49:31+00:00
MGRC,McGrath RentCorp Common Stock,NASDAQ,True,True,True,116.09,17278456.7335,153454.0,2.5133928571428563,20,2.1650382092711316,3001,2026-10-05T17:49:31+00:00
ALOY,REalloys Inc. Common Stock,NASDAQ,False,False,True,8.11,17270480.700500004,2011056.45,0.5318357142857142,20,6.557776994891667,3002,2026-10-05T17:49:31+00:00
SPCU,Defiance Daily Target 2X Long SPCX ETF,BATS,False,False,True,16.555,17243346.559249997,1273223.05,1.11885,20,6.7583811537299905,3003,2026-10-05T17:49:31+00:00
QDEL,QuidelOrtho Corporation Common Stock,NASDAQ,True,True,True,12.155,17242971.148500003,1567761.7,0.6467142857142857,20,5.320561791150027,3004,2026-10-05T17:49:31+00:00
PWB,Invesco Large Cap Growth ETF,ARCA,False,False,True,166.555,17197715.628250003,107760.3,2.3930928571428587,20,1.4368183826020584,3005,2026-10-05T17:49:31+00:00
FTHI,First Trust Exchange-Traded Fund VI First Trust BuyWrite Income ETF,NASDAQ,True,True,True,23.815,17174637.670000006,722775.9,0.19461428571428563,20,0.8171920458294589,3006,2026-10-05T17:49:31+00:00
INMU,iShares Intermediate Muni Income Active ETF,ARCA,False,False,True,22.89,17153565.843499996,742918.1,0.17785714285714352,20,0.7770080509267956,3007,2026-10-05T17:49:31+00:00
FTGC,First Trust Exchange-Traded Fund VII First Trust Global Tactical Commodity Strategy Fund,NASDAQ,True,True,True,30.69,17141618.434860002,551181.2,0.3251571428571428,20,1.0594888981985755,3008,2026-10-05T17:49:31+00:00
GBX,"The Greenbrier Companies, Inc.",NYSE,True,True,True,40.88,17086531.797000002,405493.95,1.1417857142857133,20,2.79301789208834,3009,2026-10-05T17:49:31+00:00
ITIC,Investors Title Company Common Stock,NASDAQ,True,True,True,293.24,17070006.891000003,58250.3,7.464999999999991,20,2.545696357932066,3010,2026-10-05T17:49:31+00:00
JBIO,"Jade Biosciences, Inc. Common Stock",NASDAQ,True,True,True,14.425,17051086.05375,1036098.9,0.9643928571428575,20,6.6855657340926,3011,2026-10-05T17:49:31+00:00
PMT,PennyMac Mortgage Investment Trust,NYSE,True,True,True,7.825,17037488.509749997,1984851.8,0.2648571428571428,20,3.3847558192606106,3012,2026-10-05T17:49:31+00:00
IBDV,iShares iBonds Dec 2030 Term Corporate ETF,ARCA,True,True,True,21.075,17015933.954,801376.6,0.07929285714285735,20,0.3762413150313516,3013,2026-10-05T17:49:31+00:00
XXI,"Twenty One Capital, Inc.",NYSE,False,False,True,6.71,16990435.0055,2796669.7,0.4388571428571428,20,6.540344901000637,3014,2026-10-05T17:49:31+00:00
IBDW,iShares iBonds Dec 2031 Term Corporate ETF,ARCA,True,True,True,19.985,16974233.255500004,841094.8,0.09982142857142838,20,0.4994817541727715,3015,2026-10-05T17:49:31+00:00
GTO,Invesco Total Return Bond ETF,ARCA,False,False,True,44.4699,16966434.811890002,376025.65,0.20864999999999867,20,0.46919376926864836,3016,2026-10-05T17:49:31+00:00
TILE,"Interface, Inc. Common Stock",NASDAQ,True,True,True,35.1,16965791.739,490278.15,0.8711857142857136,20,2.48201058201058,3017,2026-10-05T17:49:31+00:00
ROCQ,J.P. Morgan Exchange-Traded Fund Trust JPMorgan Nasdaq Equity Premium Yield ETF,NASDAQ,False,False,True,56.72,16906532.451585,302291.0,0.5533357142857156,20,0.9755566189804576,3018,2026-10-05T17:49:31+00:00
LMB,"Limbach Holdings, Inc. Common Stock",NASDAQ,True,True,True,50.16,16882208.480499998,335955.75,2.5537499999999995,20,5.091208133971292,3019,2026-10-05T17:49:31+00:00
VERX,"Vertex, Inc. Class A Common Stock",NASDAQ,True,True,True,12.185,16872091.104,1392713.75,0.5229071428571429,20,4.291400433788616,3020,2026-10-05T17:49:31+00:00
IVES,Dan IVES Wedbush AI Revolution ETF,ARCA,True,True,True,42.1,16821639.1095,412123.0,0.6885142857142854,20,1.6354258568035283,3021,2026-10-05T17:49:31+00:00
RVLV,"Revolve Group, Inc.",NYSE,True,True,True,21.16,16788077.336,807132.4,0.7467928571428575,20,3.529266810694034,3022,2026-10-05T17:49:31+00:00
HLIT,Harmonic Inc. Common Stock,NASDAQ,True,True,True,11.235,16753707.10725,1497017.8,0.3902714285714284,20,3.4737109797189887,3023,2026-10-05T17:49:31+00:00
ASR,"Grupo Aeroportuario del Sureste, S.A. de C.V. American Depositary Shares",NYSE,True,True,True,238.89,16748776.794499999,69171.95,6.736871428571429,20,2.820072597668981,3024,2026-10-05T17:49:31+00:00
PRTH,"Priority Technology Holdings, Inc. Common Stock",NASDAQ,True,True,True,7.79,16732298.292750005,2199704.4,0.2007499999999999,20,2.5770218228498063,3025,2026-10-05T17:49:31+00:00
GQGU,GQG US Equity ETF,ARCA,False,False,True,26.89,16727302.794750001,633163.85,0.3345857142857148,20,1.2442756202518215,3026,2026-10-05T17:49:31+00:00
UE,UBRAN EDGE PROPERTIES,NYSE,True,True,True,19.66,16720996.542,834508.4,0.3191357142857143,20,1.6232742333963088,3027,2026-10-05T17:49:31+00:00
VSGX,Vanguard ESG International Stock ETF,BATS,True,True,True,81.896,16709421.002799999,203697.35,1.0923571428571424,20,1.3338345497425301,3028,2026-10-05T17:49:31+00:00
DHC,Diversified Healthcare Trust Common Shares of Beneficial Interest,NASDAQ,True,True,True,7.615,16703833.701500002,2118698.5,0.2403,20,3.1556139198949444,3029,2026-10-05T17:49:31+00:00
USLM,"United States Lime & Minerals, Inc. Common Stock",NASDAQ,True,True,True,111.11,16685772.737,147066.25,3.4066000000000005,20,3.0659706597065974,3030,2026-10-05T17:49:31+00:00
INTF,iShares International Equity Factor ETF,ARCA,True,True,True,41.5,16683279.8715,397334.85,0.4900999999999987,20,1.1809638554216837,3031,2026-10-05T17:49:31+00:00
XHR,"Xenia Hotels & Resorts, Inc.",NYSE,True,True,True,18.27,16679777.098999998,934322.65,0.43696428571428647,20,2.3917038079599697,3032,2026-10-05T17:49:31+00:00
EMA,Emera Incorporated,NYSE,True,True,True,47.945,16647386.669499997,342210.9,0.6310714285714286,20,1.316240334907558,3033,2026-10-05T17:49:31+00:00
HSAI,Hesai Group American Depositary Share,NASDAQ,True,True,True,16.03,16622537.705000002,994183.7,0.5846357142857143,20,3.6471348364673375,3034,2026-10-05T17:49:31+00:00
IGOV,iShares Trust iShares International Treasury Bond ETF,NASDAQ,False,False,True,39.63,16608265.160710003,412056.55,0.3398071428571449,20,0.8574492628239841,3035,2026-10-05T17:49:31+00:00
EPOL,iShares MSCI Poland ETF,ARCA,True,True,True,43.39,16580743.89,370517.3,0.7371428571428557,20,1.6988772923320021,3036,2026-10-05T17:49:31+00:00
JPIB,JPMorgan International Bond Opportunities ETF,ARCA,True,True,True,46.515,16566479.42625,353041.05,0.18463571428571512,20,0.3969380077087286,3037,2026-10-05T17:49:31+00:00
PAM,PAMPA ENERGIA S.A.,NYSE,True,True,True,80.07,16557632.4745,201136.35,2.39989285714286,20,2.9972434833806174,3038,2026-10-05T17:49:31+00:00
TOPT,iShares Top 20 U.S. Stocks ETF,ARCA,True,True,True,35.51,16547796.8685,475839.9,0.42323571428571377,20,1.1918775395260879,3039,2026-10-05T17:49:31+00:00
DFUV,Dimensional US Marketwide Value ETF,ARCA,True,True,True,55.71,16543425.318500001,294905.8,0.49042142857142884,20,0.8803113059978978,3040,2026-10-05T17:49:31+00:00
CXM,"Sprinklr, Inc.",NYSE,True,True,True,5.175,16539141.930750001,3094391.05,0.21899285714285735,20,4.231746031746035,3041,2026-10-05T17:49:31+00:00
LABX,Tradr 2X Long ALAB Daily ETF,BATS,False,False,True,15.47,16532177.4765,1332503.3,1.689557142857143,20,10.921507064364208,3042,2026-10-05T17:49:31+00:00
LINT,Direxion Shares ETF Trust Direxion Daily INTC Bull 2X ETF,NASDAQ,False,False,True,151.96,16521394.54822,115859.05,16.29791428571429,20,10.725134433873578,3043,2026-10-05T17:49:31+00:00
PDO,PIMCO Dynamic Income Opportunities Fund,NYSE,True,True,True,11.955,16490470.641999999,1374393.6,0.22047142857142862,20,1.8441775706518497,3044,2026-10-05T17:49:31+00:00
NPK,"National Presto Industries, Inc.",NYSE,True,True,True,151.47,16480743.127500001,110151.5,4.253571428571432,20,2.808193984664575,3045,2026-10-05T17:49:31+00:00
HLF,Herbalife Ltd.,NYSE,True,True,True,12.42,16455659.101999998,1349266.35,0.4017857142857144,20,3.2349896480331273,3046,2026-10-05T17:49:31+00:00
DOO,BRP Inc. Common Subordinate Voting Shares,NASDAQ,True,True,True,55.07,16446792.23875,281494.05,1.7628571428571422,20,3.2011206516381736,3047,2026-10-05T17:49:31+00:00
ALMR,"Alamar Biosciences, Inc. Common Stock",NASDAQ,True,True,True,36.476,16440197.400799999,506104.65,2.4004214285714283,20,6.580824181849512,3048,2026-10-05T17:49:31+00:00
OMCL,"Omnicell, Inc. Common Stock ($0.001 par value)",NASDAQ,True,True,True,34.045,16427730.684000004,495245.85,0.9202357142857142,20,2.7029981327234958,3049,2026-10-05T17:49:31+00:00
NMM,Navios Maritime Partners L.P.,NYSE,False,False,True,93.21,16406695.4095,179587.25,2.525514285714284,20,2.709488558860942,3050,2026-10-05T17:49:31+00:00
ARLO,"Arlo Technologies, Inc.",NYSE,True,True,True,12.66,16387880.982000003,1242823.4,0.4742857142857143,20,3.7463326562852632,3051,2026-10-05T17:49:31+00:00
JDST,Direxion Daily Junior Gold Miners Index Bear 2X ETF,ARCA,False,False,True,25.84,16377746.554500002,703243.5,1.6373000000000002,20,6.336300309597524,3052,2026-10-05T17:49:31+00:00
SKOR,FlexShares Trust Northern Trust Credit-Scored US Corporate Bond ETF,NASDAQ,False,False,True,46.595,16374124.241819998,347743.65,0.1752142857142854,20,0.37603666855732465,3053,2026-10-05T17:49:31+00:00
PMMF,iShares Prime Money Market ETF,NYSE,True,True,True,100.3,16373110.2685,163275.75,0.036428571428571796,20,0.0363196125907994,3054,2026-10-05T17:49:31+00:00
CGIC,Capital Group International Core Equity ETF,ARCA,False,False,True,36.31,16372371.8905,448503.85,0.4425071428571426,20,1.2186922138726042,3055,2026-10-05T17:49:31+00:00
MORT,VanEck Mortgage REIT Income ETF,ARCA,True,True,True,7.845,16365373.387,1863459.1,0.20652142857142858,20,2.6325229900755716,3056,2026-10-05T17:49:31+00:00
VIV,"Telefonica Brasil, S.A. American Depositary Shares (each representing two (2) Common Shares)",NYSE,True,True,True,12.725,16351620.23175,1381545.15,0.33964285714285697,20,2.6690990738142,3057,2026-10-05T17:49:31+00:00
FLDR,Fidelity Low Duration Bond Factor ETF,BATS,False,False,True,49.745,16347108.241069999,327516.5,0.06355000000000086,20,0.1277515328173703,3058,2026-10-05T17:49:31+00:00
EPC,Edgewell Personal Care Company,NYSE,True,True,True,26.65,16304839.814,599235.2,0.8902499999999994,20,3.3405253283302043,3059,2026-10-05T17:49:31+00:00
DTCR,Global X Funds Global X Data Center & Digital Infrastructure ETF,NASDAQ,True,True,True,27.285,16304593.336000001,588216.35,0.4856214285714278,20,1.7798109898164844,3060,2026-10-05T17:49:31+00:00
TBT,ProShares Trust UltraShort Lehman 20+ Year Treasury,ARCA,False,False,True,43.36,16300828.882499998,401300.7,0.9006285714285731,20,2.0770954138112847,3061,2026-10-05T17:49:31+00:00
KLRA,"Kailera Therapeutics, Inc. Common Stock",NASDAQ,True,True,True,10.935,16282605.1435,1312930.45,0.9430000000000002,20,8.623685413808872,3062,2026-10-05T17:49:31+00:00
WGO,"Winnebago Industries, Inc.",NYSE,True,True,True,24.82,16245703.5605,596184.1,0.8905642857142857,20,3.5880914009439393,3063,2026-10-05T17:49:31+00:00
RSKD,Riskified Ltd.,NYSE,False,False,True,7.875,16222130.169999998,2223622.6,0.3535357142857144,20,4.489342403628119,3064,2026-10-05T17:49:31+00:00
RFIX,Simplify Bond Bull ETF,ARCA,False,False,True,36.065,16210470.60258,448082.05,1.106928571428572,20,3.0692598680953056,3065,2026-10-05T17:49:31+00:00
EE,"Excelerate Energy, Inc.",NYSE,True,True,True,34.38,16209725.41,456375.0,1.3610714285714298,20,3.9589046787999704,3066,2026-10-05T17:49:31+00:00
WMK,"Weis Markets, Inc.",NYSE,True,True,True,73.6625,16189449.60025,223620.6,1.5507071428571433,20,2.1051513902693273,3067,2026-10-05T17:49:31+00:00
FG,"F&G Annuities & Life, Inc.",NYSE,True,True,True,22.48,16184846.835499998,712374.1,0.7627357142857145,20,3.3929524656837837,3068,2026-10-05T17:49:31+00:00
LFTO,"Liftoff Mobile, Inc. Common Stock",NASDAQ,True,True,True,15.25,16162602.424999997,968646.4,0.8418571428571431,20,5.520374707259955,3069,2026-10-05T17:49:31+00:00
VGUS,Vanguard Institutional Index Funds Vanguard Ultra-Short Treasury ETF,NASDAQ,True,True,True,75.455,16138383.18425,213666.05,0.03571428571428571,20,0.047331900754470496,3070,2026-10-05T17:49:31+00:00
MLAB,"Mesa Laboratories, Inc. Common Stock",NASDAQ,True,True,True,141.63,16135994.328499999,125065.9,4.903928571428567,20,3.4624928132659516,3071,2026-10-05T17:49:31+00:00
BSCR,Invesco BulletShares 2027 Corporate Bond ETF,NASDAQ,True,True,True,19.5667,16131230.176065002,824198.55,0.018571428571428683,20,0.09491344259087471,3072,2026-10-05T17:49:31+00:00
APMD,"Apnimed, Inc. Common Stock",NASDAQ,False,False,True,21.56,16127322.794999996,631530.85,2.5982642857142864,20,12.051318579379808,3073,2026-10-05T17:49:31+00:00
KSA,iShares MSCI Saudi Arabia ETF,ARCA,True,True,True,36.495,16116625.307249997,433493.8,0.3014857142857136,20,0.8261014228955024,3074,2026-10-05T17:49:31+00:00
CONY,YieldMax COIN Option Income Strategy ETF,ARCA,False,False,True,19.76,16093144.528,800072.9,0.9711571428571426,20,4.914762868710235,3075,2026-10-05T17:49:31+00:00
OXM,"Oxford Industries, Inc.",NYSE,True,True,True,25.5184,16085333.009280002,574788.95,1.1162499999999997,20,4.3742946266223575,3076,2026-10-05T17:49:31+00:00
GNK,GENCO SHIPPING & TRADING LTD,NYSE,True,True,True,27.64,16081528.837999996,593261.45,0.7939285714285715,20,2.872389911101923,3077,2026-10-05T17:49:31+00:00
CRCA,ProShares Ultra CRCL,ARCA,False,False,True,17.8399,16040301.704435,770142.9,2.529585714285715,20,14.179371601218142,3078,2026-10-05T17:49:31+00:00
SPIP,State Street SPDR Portfolio TIPS ETF,ARCA,True,True,True,24.285,16039837.691,651495.8,0.12520714285714263,20,0.5155739874702188,3079,2026-10-05T17:49:31+00:00
LZ,"LegalZoom.com, Inc. Common Stock",NASDAQ,True,True,True,5.775,16027121.492499998,2740702.1,0.2333000000000001,20,4.0398268398268415,3080,2026-10-05T17:49:31+00:00
DIN,"Dine Brands Global, Inc.",NYSE,True,True,True,29.57,15995012.041000003,561527.35,1.2993999999999999,20,4.394318566114305,3081,2026-10-05T17:49:31+00:00
VTC,Vanguard Scottsdale Funds Vanguard Total Corporate Bond ETF,NASDAQ,True,True,True,72.33,15994596.662194997,218052.9,0.39807142857142913,20,0.5503545258833529,3082,2026-10-05T17:49:31+00:00
NP,Neptune Insurance Holdings Inc.,NYSE,True,True,True,26.89,15980520.461000005,555316.8,1.3435714285714284,20,4.996546777878127,3083,2026-10-05T17:49:31+00:00
JHMM,John Hancock Multifactor Mid Cap ETF,ARCA,True,True,True,73.22,15978991.672999999,219664.85,0.7582142857142864,20,1.035528934327078,3084,2026-10-05T17:49:31+00:00
FTSL,First Trust Exchange-Traded Fund IV First Trust Senior Loan Fund ETF,NASDAQ,True,True,True,44.59,15978328.94847,357053.85,0.1616500000000001,20,0.36252522987216884,3085,2026-10-05T17:49:31+00:00
SLQD,iShares 0-5 Year Investment Grade Corporate Bond ETF,NASDAQ,False,False,True,49.3371,15959520.775365,321582.9,0.10860714285714275,20,0.22013280646236352,3086,2026-10-05T17:49:31+00:00
PNTG,"The Pennant Group, Inc. Common Stock",NASDAQ,True,True,True,40.13,15933056.3005,396687.05,1.573007142857145,20,3.919778576768365,3087,2026-10-05T17:49:31+00:00
SCSC,"ScanSource, Inc. Common Stock",NASDAQ,True,True,True,60.78,15917455.041,272820.6,1.748892857142858,20,2.877415033140602,3088,2026-10-05T17:49:31+00:00
FSUN,FirstSun Capital Bancorp Common Stock,NASDAQ,True,True,True,39.455,15894607.855749998,403103.15,0.9203571428571428,20,2.332675561670619,3089,2026-10-05T17:49:31+00:00
WABC,Westamerica Bancorporation Common Stock,NASDAQ,True,True,True,59.32,15881651.829000002,266042.75,1.2221428571428572,20,2.0602543107600426,3090,2026-10-05T17:49:31+00:00
GLUE,"Monte Rosa Therapeutics, Inc. Common Stock",NASDAQ,True,True,True,10.4114,15880504.380549997,1281141.5,0.6125928571428572,20,5.883866311378461,3091,2026-10-05T17:49:31+00:00
UPBD,"Upbound Group, Inc. Common Stock",NASDAQ,True,True,True,15.83,15864424.176999997,947749.25,0.5707142857142857,20,3.6052702824654816,3092,2026-10-05T17:49:31+00:00
IAK,iShares U.S. Insurance ETF,ARCA,False,False,True,138.06,15857602.600499999,111970.35,1.7893714285714342,20,1.2960824486248257,3093,2026-10-05T17:49:31+00:00
BTGO,"BitGo Holdings, Inc.",NYSE,True,True,True,7.31,15857268.214999998,2119963.1,0.5953571428571428,20,8.144420558921242,3094,2026-10-05T17:49:31+00:00
METD,Direxion Shares ETF Trust Direxion Daily META Bear 1X ETF,NASDAQ,False,False,True,12.49,15814606.757500002,1194079.4,0.5203000000000003,20,4.165732586068858,3095,2026-10-05T17:49:31+00:00
JPC,Nuveen Preferred & Income Opportunities Fund,NYSE,True,True,True,6.635,15809200.251250003,2273759.65,0.13291428571428573,20,2.0032296264398752,3096,2026-10-05T17:49:31+00:00
MFA,"MFA Financial, Inc",NYSE,True,True,True,7.325,15801713.353250002,1927304.9,0.21715000000000031,20,2.9645051194539294,3097,2026-10-05T17:49:31+00:00
CRWL,GraniteShares ETF Trust GraniteShares 2x Long CRWD Daily ETF,NASDAQ,False,False,True,111.04,15798082.41072,177453.5,7.484307142857142,20,6.7401901502675985,3098,2026-10-05T17:49:31+00:00
SB,"Safe Bulkers, Inc.",NYSE,True,True,True,8.765,15795871.62175,1840305.7,0.3334999999999999,20,3.8049058756417558,3099,2026-10-05T17:49:31+00:00
VRP,Invesco Variable Rate Preferred ETF,ARCA,False,False,True,23.655,15787076.404500002,660288.55,0.10813571428571375,20,0.45713681794848343,3100,2026-10-05T17:49:31+00:00
FMS,Fresenius Medical Care AG,NYSE,True,True,True,22.565,15739034.738,702341.6,0.38213571428571413,20,1.693488651831217,3101,2026-10-05T17:49:31+00:00
CRVL,CorVel Corp. Common Stock,NASDAQ,True,True,True,76.36,15734461.82025,218741.3,1.5044214285714281,20,1.9701694978672448,3102,2026-10-05T17:49:31+00:00
VOOV,Vanguard S&P 500 Value ETF,ARCA,True,True,True,222.52,15651720.217499997,69797.6,1.8071357142857127,20,0.8121228268406043,3103,2026-10-05T17:49:31+00:00
LRGF,iShares U.S. Equity Factor ETF,ARCA,True,True,True,79.27,15632980.530000001,199812.7,0.7257928571428575,20,0.9155958838688755,3104,2026-10-05T17:49:31+00:00
AVIG,Avantis Core Fixed Income ETF,ARCA,True,True,True,39.25,15628522.434999999,393037.15,0.21056428571428398,20,0.5364695177433987,3105,2026-10-05T17:49:31+00:00
OMAB,Grupo Aeroportuario del Centro Norte S.A.B. de C.V. ADS,NASDAQ,True,True,True,94.875,15626123.03775,159167.3,3.0730642857142842,20,3.23906644080557,3106,2026-10-05T17:49:31+00:00
IART,Integra LifeSciences Holdings Corporation Common Stock,NASDAQ,True,True,True,13.13,15612680.320999999,1021622.5,0.8814285714285715,20,6.713088891306714,3107,2026-10-05T17:49:31+00:00
PBAM,"Private Bancorp of America, Inc. Common Stock",NASDAQ,True,True,True,86.36,15608683.4095,175091.45,1.818714285714286,20,2.1059683716006092,3108,2026-10-05T17:49:31+00:00
BLOK,Amplify Blockchain Technology ETF,ARCA,True,True,True,61.595,15593892.971250001,245631.7,1.7461714285714283,20,2.8349239850173364,3109,2026-10-05T17:49:31+00:00
WRD,WeRide Inc. American Depositary Shares,NASDAQ,True,True,True,5.135,15577836.098999998,2804582.25,0.21413571428571446,20,4.170121018222288,3110,2026-10-05T17:49:31+00:00
NZF,Nuveen Municipal Credit Income Fund,NYSE,True,True,True,10.825,15577761.38125,1402654.0,0.2318357142857145,20,2.141669416034314,3111,2026-10-05T17:49:31+00:00
BANF,BancFirst Corporation Common Stock,NASDAQ,True,True,True,108.375,15575686.36075,143519.05,2.151628571428568,20,1.9853550832097513,3112,2026-10-05T17:49:31+00:00
CIM,Chimera Investment Corp.,NYSE,True,True,True,9.1613,15569366.610714996,1487520.2,0.30178571428571416,20,3.2941363593126973,3113,2026-10-05T17:49:31+00:00
GLWG,Themes ETF Trust Leverage Shares 2X Long GLW Daily ETF,NASDAQ,False,False,True,14.24,15566620.078639999,1134416.2,1.2464642857142858,20,8.753260433386838,3114,2026-10-05T17:49:31+00:00
TRIN,Trinity Capital Inc.,NYSE,True,True,True,17.57,15555571.455999997,876262.25,0.35078571428571437,20,1.996503780795187,3115,2026-10-05T17:49:31+00:00
EEMV,iShares MSCI Emerging Markets Min Vol Factor ETF,BATS,True,True,True,75.315,15544895.439499998,206526.9,0.8576499999999976,20,1.1387505808935772,3116,2026-10-05T17:49:31+00:00
IGPT,Invesco AI and Next Gen Software ETF,ARCA,False,False,True,103.73,15541732.921,156009.2,2.1428428571428557,20,2.065788930051919,3117,2026-10-05T17:49:31+00:00
IBDR,iShares iBonds Dec 2026 Term Corporate ETF,ARCA,True,True,True,24.18,15540061.24,641987.25,0.01869999999999905,20,0.07733664185276697,3118,2026-10-05T17:49:31+00:00
EPAC,Enerpac Tool Group Corp.,NYSE,True,True,True,36.11,15539506.572999999,438255.7,0.9552428571428558,20,2.645369308066618,3119,2026-10-05T17:49:31+00:00
SLVO,"UBS AG ETRACS Silver Shares Covered Call ETNs due April 21, 2033",NASDAQ,False,False,True,64.8485,15528535.44829,230066.4,1.725985714285715,20,2.661566133812987,3120,2026-10-05T17:49:31+00:00
CHPT,"ChargePoint Holdings, Inc.",NYSE,False,False,True,8.95,15515649.156499997,1652505.55,0.8515857142857142,20,9.514924181963288,3121,2026-10-05T17:49:31+00:00
EMLP,First Trust North American Energy Infrastructure Fund,ARCA,True,True,True,41.81,15505247.737999996,367553.45,0.4725928571428583,20,1.1303345064407038,3122,2026-10-05T17:49:31+00:00
QLTY,GMO U.S. Quality ETF,ARCA,False,False,True,43.5501,15499915.555300001,362060.15,0.3986785714285718,20,0.9154481193580998,3123,2026-10-05T17:49:31+00:00
HODL,VanEck Bitcoin ETF,BATS,True,True,True,24.12,15484475.281500002,676650.9,0.6650000000000004,20,2.7570480928689896,3124,2026-10-05T17:49:31+00:00
MLN,VanEck Long Muni ETF,BATS,False,False,True,16.215,15472417.034499997,940446.65,0.16828571428571365,20,1.0378397427426067,3125,2026-10-05T17:49:31+00:00
ICFI,"ICF International, Inc. Common Stock",NASDAQ,True,True,True,82.48,15468815.435500002,181744.0,2.2839571428571426,20,2.7691041984203957,3126,2026-10-05T17:49:31+00:00
FBNC,First Bancorp Common Stock,NASDAQ,True,True,True,62.255,15465780.502,245035.85,1.4871428571428578,20,2.3887926385717737,3127,2026-10-05T17:49:31+00:00
VTEL,Vanguard Long-Term Tax-Exempt Bond ETF,BATS,True,True,True,95.7,15449014.54937,159429.0,0.819114285714288,20,0.8559187938498308,3128,2026-10-05T17:49:31+00:00
BRVE,"Braveheart Bio, Inc. Common Stock",NASDAQ,False,False,True,20.655,15442940.5185,621611.6,2.450978571428572,20,11.866272434899889,3129,2026-10-05T17:49:31+00:00
AIP,"Arteris, Inc. Common Stock",NASDAQ,True,True,True,24.38,15439877.270499999,670926.25,1.1048642857142856,20,4.531846947146373,3130,2026-10-05T17:49:31+00:00
BWMN,Bowman Consulting Group Ltd. Common Stock,NASDAQ,True,True,True,42.755,15434326.72175,362801.5,0.08607142857142643,20,0.20131312962560266,3131,2026-10-05T17:49:31+00:00
REPX,"Riley Exploration Permian, Inc.",AMEX,True,True,True,43.12,15430823.599999998,362275.1,1.5599928571428567,20,3.6177941956003172,3132,2026-10-05T17:49:31+00:00
GRC,The Gorman-Rupp Company Common Shares,NYSE,True,True,True,77.805,15408106.180750001,208328.75,2.1074928571428564,20,2.7086856334976623,3133,2026-10-05T17:49:31+00:00
AMSF,"AMERISAFE, Inc. Common Stock",NASDAQ,True,True,True,23.3,15397828.679999998,632300.1,0.5560714285714283,20,2.386572654812997,3134,2026-10-05T17:49:31+00:00
CRVS,"Corvus Pharmaceuticals, Inc. Common Stock",NASDAQ,True,True,True,10.69,15329210.1505,1239874.3,0.752635714285714,20,7.040558599492179,3135,2026-10-05T17:49:31+00:00
HFXI,NYLIM FTSE International Equity Currency Neutral ETF,ARCA,False,False,True,37.46,15324913.126999998,408047.75,0.4777714285714286,20,1.2754175882846466,3136,2026-10-05T17:49:31+00:00
DRN,Direxion Daily Real Estate Bull 3X ETF,ARCA,False,False,True,8.12,15314138.467500001,1677971.45,0.327635714285714,20,4.034922589725542,3137,2026-10-05T17:49:31+00:00
EQWL,Invesco S&P 100 Equal Weight ETF,ARCA,True,True,True,129.89,15309181.4125,117251.65,1.0571000000000015,20,0.81384248210024,3138,2026-10-05T17:49:31+00:00
NAC,Nuveen California Quality Municipal Income Fund,NYSE,False,False,True,10.035,15308876.8495,1445213.9,0.25068571428571457,20,2.498113744750519,3139,2026-10-05T17:49:31+00:00
ROCK,"Gibraltar Industries, Inc. Common Stock",NASDAQ,True,True,True,41.125,15306820.435749998,361788.05,1.8787928571428572,20,4.568493269648285,3140,2026-10-05T17:49:31+00:00
NVG,Nuveen AMT-Free Municipal Credit Income Fund,NYSE,False,False,True,10.4842,15302334.007009998,1394492.5,0.25925000000000026,20,2.472768546956375,3141,2026-10-05T17:49:31+00:00
JJSF,J & J Snack Foods Corp. Common Stock,NASDAQ,True,True,True,77.67,15299481.1335,193003.6,1.6813999999999996,20,2.1647997940002566,3142,2026-10-05T17:49:31+00:00
JANX,"Janux Therapeutics, Inc. Common Stock",NASDAQ,True,True,True,16.53,15293373.68375,894090.85,0.6927428571428569,20,4.190821882291935,3143,2026-10-05T17:49:31+00:00
CCS,"CENTURY COMMUNITIES, INC.",NYSE,True,True,True,58.46,15271970.289,250231.4,1.872828571428572,20,3.203606861834711,3144,2026-10-05T17:49:31+00:00
SHYM,iShares Short Duration High Yield Muni Active ETF,BATS,False,False,True,21.285,15241381.820000002,710423.35,0.14506428571428515,20,0.6815329373468881,3145,2026-10-05T17:49:31+00:00
SNDA,"Sonida Senior Living, Inc.",NYSE,True,True,True,37.23,15233648.7315,396286.6,0.9938142857142849,20,2.6693910440888664,3146,2026-10-05T17:49:31+00:00
FELG,Fidelity Enhanced Large Cap Growth ETF,ARCA,True,True,True,46.1306,15208725.539139997,339909.05,0.5513642857142855,20,1.1952246138447917,3147,2026-10-05T17:49:31+00:00
MNR,Mach Natural Resources LP Common Units representing Limited Partner Interests,NYSE,True,True,True,10.58,15200483.817499999,1373301.0,0.2594285714285714,20,2.4520658925195784,3148,2026-10-05T17:49:31+00:00
QFIN,"Qfin Holdings, Inc. American Depositary Shares",NASDAQ,True,True,True,6.715,15195526.647249997,1992253.45,0.2814785714285712,20,4.19178810764812,3149,2026-10-05T17:49:31+00:00
CGGE,Capital Group Global Equity ETF,ARCA,False,False,True,35.275,15191732.465750003,435566.95,0.35157857142857096,20,0.9966791535891452,3150,2026-10-05T17:49:31+00:00
FDIS,Fidelity MSCI Consumer Discretionary Index ETF,ARCA,True,True,True,96.71,15166732.543115001,157631.7,1.2328571428571433,20,1.2747979969570298,3151,2026-10-05T17:49:31+00:00
MLKN,"MillerKnoll, Inc. Common Stock",NASDAQ,True,True,True,20.695,15164269.1115,738198.55,0.860735714285714,20,4.159148172436406,3152,2026-10-05T17:49:31+00:00
TDAY,"USA TODAY Co., Inc.",NYSE,True,True,True,7.37,15153045.563499998,2308827.35,0.28892857142857137,20,3.9203333979453374,3153,2026-10-05T17:49:31+00:00
NBN,Northeast Bank Common Stock,NASDAQ,True,True,True,126.55,15147844.900999999,116579.6,3.9960714285714323,20,3.1577016424902666,3154,2026-10-05T17:49:31+00:00
AMDY,YieldMax AMD Option Income Strategy ETF,ARCA,False,False,True,51.97,15138094.469500002,309320.3,1.7779714285714283,20,3.4211495643090792,3155,2026-10-05T17:49:31+00:00
BROL,Baron Risk Optimized Large Cap ETF,NYSE,False,False,True,26.5,15084205.597404998,581717.0,0.1725571428571424,20,0.651159029649594,3156,2026-10-05T17:49:31+00:00
NCLD,Roundhill ETF Trust Roundhill Neocloud ETF,NASDAQ,False,False,True,23.345,15067450.021620002,628854.95,1.2346071428571432,20,5.288529204785364,3157,2026-10-05T17:49:31+00:00
SPCM,Tradr 2X Long SpaceX Daily ETF,BATS,False,False,True,21.585,15067427.569999998,861936.35,1.4449999999999998,20,6.694463747973129,3158,2026-10-05T17:49:31+00:00
SPSK,SP Funds Dow Jones Global Sukuk ETF,ARCA,False,False,True,17.365,15064074.285750002,854130.85,0.0978714285714281,20,0.5636131792192808,3159,2026-10-05T17:49:31+00:00
FTCB,First Trust Core Investment Grade ETF,ARCA,False,False,True,19.685,15055702.182,749589.1,0.11546428571428535,20,0.5865597445480587,3160,2026-10-05T17:49:31+00:00
USPH,US Physical Therapy Inc,NYSE,True,True,True,83.75,15027693.198499998,182068.7,2.3049857142857135,20,2.752221748400852,3161,2026-10-05T17:49:31+00:00
UVV,Universal Corporation,NYSE,True,True,True,42.345,15025360.377,345429.9,0.9050285714285715,20,2.1372737547020226,3162,2026-10-05T17:49:31+00:00
CNMD,CONMED Corporation,NYSE,True,True,True,47.32,14982010.101,324937.25,1.3882142857142874,20,2.9336734693877586,3163,2026-10-05T17:49:31+00:00
STBA,"S&T Bancorp, Inc. Common Stock",NASDAQ,True,True,True,49.46,14980076.51,301582.1,0.9478571428571446,20,1.9164115302408908,3164,2026-10-05T17:49:31+00:00
VNQI,Vanguard International Equity Index Funds Vanguard Global ex-U.S. Real Estate ETF,NASDAQ,True,True,True,41.875,14959626.97335,345873.25,0.4217642857142861,20,1.0071982942430713,3165,2026-10-05T17:49:31+00:00
PAR,PAR Technology Corp.,NYSE,True,True,True,14.785,14958192.399,963813.05,0.7424999999999997,20,5.021981738248223,3166,2026-10-05T17:49:31+00:00
RDVT,"Red Violet, Inc. Common Stock",NASDAQ,True,True,True,79.595,14921873.532250002,194050.55,2.66704285714286,20,3.3507668284978456,3167,2026-10-05T17:49:31+00:00
RSPD,Invesco S&P 500 Equal Weight Consumer Discretionary ETF,ARCA,False,False,True,51.8,14910358.80264,282720.1,0.6779142857142857,20,1.3087148372862658,3168,2026-10-05T17:49:31+00:00
WFG,West Fraser Timber Co. Ltd,NYSE,True,True,True,66.475,14895637.451750001,210598.15,2.052835714285714,20,3.0881319507870844,3169,2026-10-05T17:49:31+00:00
ADIG,ADI Global Distribution Inc.,NYSE,True,True,True,17.94,14868915.965,746608.7,1.1776357142857148,20,6.564301640388599,3170,2026-10-05T17:49:31+00:00
AORT,"Artivion, Inc.",NYSE,True,True,True,22.84,14867920.447,622894.35,0.9153499999999993,20,4.00766199649737,3171,2026-10-05T17:49:31+00:00
DBD,"Diebold Nixdorf, Incorporated",NYSE,True,True,True,65.245,14855860.36025,233656.15,1.9360642857142842,20,2.967375715708919,3172,2026-10-05T17:49:31+00:00
TCBK,TriCo Bancshares Common Stock,NASDAQ,False,False,True,52.36,14823636.3515,280976.1,1.0382928571428576,20,1.9829886500054577,3173,2026-10-05T17:49:31+00:00
LWLG,"Lightwave Logic, Inc. Common Stock",NASDAQ,True,True,True,5.455,14817178.240999997,2834907.5,0.3356642857142856,20,6.153332460390203,3174,2026-10-05T17:49:31+00:00
MRVU,Direxion Shares ETF Trust Direxion Daily MRVL Bull 2X ETF,NASDAQ,False,False,True,152.5,14817001.838499999,114734.65,12.196928571428572,20,7.997985948477752,3175,2026-10-05T17:49:31+00:00
AOA,iShares Core 80/20 Aggressive Allocation ETF,ARCA,True,True,True,98.015,14812298.548749998,151308.0,0.8316071428571428,20,0.8484488525808732,3176,2026-10-05T17:49:31+00:00
PEBO,Peoples Bancorp Inc. Common Stock,NASDAQ,True,True,True,37.28,14807081.1455,386158.65,0.8919999999999979,20,2.3927038626609383,3177,2026-10-05T17:49:31+00:00
HIMX,"Himax Technologies, Inc. American Depositary Shares",NASDAQ,True,True,True,14.86,14805099.477000002,1044449.95,0.5563642857142855,20,3.744039607767736,3178,2026-10-05T17:49:31+00:00
GSUS,Goldman Sachs MarketBeta U.S. Equity ETF,BATS,False,False,True,107.19,14803304.38538,139433.4,0.9545785714285729,20,0.890548158810125,3179,2026-10-05T17:49:31+00:00
CMPR,Cimpress PLC Ordinary Shares (Ireland),NASDAQ,True,True,True,75.62,14790014.093500003,184881.65,2.7835714285714275,20,3.6809989798617133,3180,2026-10-05T17:49:31+00:00
MGEE,"MGE Energy, Inc",NASDAQ,True,True,True,70.99,14772071.566999998,204222.3,1.668221428571427,20,2.349938623146115,3181,2026-10-05T17:49:31+00:00
FET,"Forum Energy Technologies, Inc.",NYSE,True,True,True,89.04,14767804.502500003,180076.5,3.1100999999999996,20,3.492924528301886,3182,2026-10-05T17:49:31+00:00
TRFK,Pacer Data and Digital Revolution ETF,ARCA,False,False,True,103.41,14750249.195499998,148205.25,2.149399999999999,20,2.0785223866163807,3183,2026-10-05T17:49:31+00:00
GMUB,Goldman Sachs Municipal Income ETF,ARCA,False,False,True,48.87,14744594.089549998,300315.65,0.3343999999999997,20,0.6842643748721091,3184,2026-10-05T17:49:31+00:00
IBTI,iShares Trust iShares iBonds Dec 2028 Term Treasury ETF,NASDAQ,True,True,True,21.865,14741698.748000002,672834.05,0.03378571428571472,20,0.15451961713109863,3185,2026-10-05T17:49:31+00:00
EEMA,iShares MSCI Emerging Markets Asia ETF,NASDAQ,True,True,True,118.8999,14739549.300895,126130.15,1.7956071428571434,20,1.5101838965862404,3186,2026-10-05T17:49:31+00:00
MRAM,"Everspin Technologies, Inc. Common Stock",NASDAQ,True,True,True,18.2,14720949.1095,871600.25,1.0501071428571436,20,5.769819466248042,3187,2026-10-05T17:49:31+00:00
HCSG,"Healthcare Services Group, Inc. Common Stock",NASDAQ,True,True,True,21.09,14699756.331999999,689251.55,0.5145642857142855,20,2.439849624060149,3188,2026-10-05T17:49:31+00:00
CLSE,Convergence Long/Short Equity ETF,BATS,True,True,True,34.47,14689480.603999998,430999.05,0.29409285714285766,20,0.8531849641510232,3189,2026-10-05T17:49:31+00:00
BBW,"Build-A-Bear Workshop, Inc.",NYSE,True,True,True,25.635,14688356.054250002,561818.35,1.0750785714285713,20,4.193791969684304,3190,2026-10-05T17:49:31+00:00
TFPM,Triple Flag Precious Metals Corp.,NYSE,True,True,True,30.48,14671195.798500001,453936.05,1.000235714285714,20,3.281613235845518,3191,2026-10-05T17:49:31+00:00
FELV,Fidelity Enhanced Large Cap Value ETF,ARCA,False,False,True,41.785,14649998.0675,348730.9,0.365000000000001,20,0.873519205456506,3192,2026-10-05T17:49:31+00:00
MICC,The Magnum Ice Cream Company N.V.,NYSE,True,True,True,17.135,14645495.508249998,779304.45,0.4239285714285716,20,2.474050606527993,3193,2026-10-05T17:49:31+00:00
WDS,"Woodside Energy Group Limited American Depositary Shares, each representing one Ordinary Share",NYSE,True,True,True,21.855,14644400.755,639898.75,0.48852142857142894,20,2.2352845050168333,3194,2026-10-05T17:49:31+00:00
FRHC,Freedom Holding Corp. Common Stock,NASDAQ,False,False,True,174.84,14625894.335499998,86084.1,6.09739285714286,20,3.4874129816648702,3195,2026-10-05T17:49:31+00:00
SA,"Seabridge Gold, Inc.",NYSE,True,True,True,26.83,14615369.992499998,489985.45,1.4194571428571428,20,5.290559608114584,3196,2026-10-05T17:49:31+00:00
AHCO,AdaptHealth Corp. Common Stock,NASDAQ,True,True,True,5.655,14609615.978249997,2528695.2,0.20770714285714295,20,3.6729821902235713,3197,2026-10-05T17:49:31+00:00
RPG,Invesco S&P 500 Pure Growth ETF,ARCA,True,True,True,59.9,14601451.426500002,252739.2,0.8982142857142849,20,1.499523014548055,3198,2026-10-05T17:49:31+00:00
MQ,"Marqeta, Inc. Class A Common Stock",NASDAQ,True,True,True,16.83,14601235.05875,888706.7,0.48155,20,2.8612596553773026,3199,2026-10-05T17:49:31+00:00
RHLD,"Resolute Holdings Management, Inc.",NYSE,True,True,True,115.3,14600198.817499999,118966.2,5.680764285714284,20,4.926942138520628,3200,2026-10-05T17:49:31+00:00
CWI,State Street SPDR MSCI ACWI ex-US ETF,ARCA,False,False,True,40.795,14599476.95975,357494.4,0.5048071428571436,20,1.2374240540682524,3201,2026-10-05T17:49:31+00:00
SII,Sprott Inc.,NYSE,True,True,True,114.94,14591780.099999998,116333.9,4.201557142857145,20,3.655435133858661,3202,2026-10-05T17:49:31+00:00
ASTH,Astrana Health Inc. Common Stock,NASDAQ,True,True,True,36.295,14590508.289749999,410529.65,1.881814285714285,20,5.184775549564086,3203,2026-10-05T17:49:31+00:00
TFIN,"Triumph Financial, Inc.",NYSE,True,True,True,62.14,14560644.720500004,230931.6,1.6670928571428572,20,2.6828015081153156,3204,2026-10-05T17:49:31+00:00
FTH,"Faeth Therapeutics, Inc. Common Stock",NASDAQ,False,False,True,27.8,14550232.775,436951.05,2.3633714285714293,20,8.501336073997948,3205,2026-10-05T17:49:31+00:00
KARD,"Kardigan, Inc. Common Stock",NASDAQ,False,False,True,15.305,14522633.632250002,878634.05,1.2555428571428575,20,8.203481588649836,3206,2026-10-05T17:49:31+00:00
BELFA,Bel Fuse Inc. Class A Common Stock,NASDAQ,True,True,True,208.93,14521859.742500003,72497.7,6.896785714285717,20,3.3010030700644797,3207,2026-10-05T17:49:31+00:00
IAI,iShares U.S. Broker-Dealers & Securities Exchanges ETF,ARCA,True,True,True,177.2,14520768.257499998,79474.3,3.1177071428571463,20,1.7594284101902633,3208,2026-10-05T17:49:31+00:00
FDMT,"4D Molecular Therapeutics, Inc. Common Stock",NASDAQ,True,True,True,12.91,14479134.428,1007365.0,0.97635,20,7.56274206041828,3209,2026-10-05T17:49:31+00:00
GVI,iShares Intermediate Government/Credit Bond ETF,BATS,False,False,True,102.73,14473473.716100002,139757.6,0.33227857142857126,20,0.3234484293084506,3210,2026-10-05T17:49:31+00:00
AOSL,Alpha and Omega Semiconductor Limited Common Shares,NASDAQ,True,True,True,29.3448,14446829.815760002,545867.4,1.260714285714286,20,4.296210182772709,3211,2026-10-05T17:49:31+00:00
OPY,"Oppenheimer Holdings, Inc.",NYSE,True,True,True,121.63,14435552.3985,121931.2,4.94487857142857,20,4.065508979222701,3212,2026-10-05T17:49:31+00:00
AMAL,Amalgamated Financial Corp. Common Stock (DE),NASDAQ,True,True,True,47.905,14425751.286500001,303244.15,1.0711357142857152,20,2.235958071778969,3213,2026-10-05T17:49:31+00:00
GMRS,GMR Solutions Inc.,NYSE,True,True,True,9.85,14423901.014500001,1235453.75,0.6915714285714287,20,7.021029731689632,3214,2026-10-05T17:49:31+00:00
DRVN,Driven Brands Holdings Inc. Common Stock,NASDAQ,True,True,True,11.565,14417191.045249999,1182051.75,0.3985357142857144,20,3.4460502748440502,3215,2026-10-05T17:49:31+00:00
EWQ,iShares MSCI France ETF,ARCA,False,False,True,41.705,14403269.995499998,329752.05,0.6574999999999999,20,1.5765495743915596,3216,2026-10-05T17:49:31+00:00
XCCC,BondBloxx CCC-Rated USD High Yield Corporate Bond ETF,ARCA,True,True,True,33.555,14385969.407480005,412468.1,0.24990714285714283,20,0.7447687166059985,3217,2026-10-05T17:49:31+00:00
LGIH,"LGI Homes, Inc. Common Stock",NASDAQ,True,True,True,47.03,14373179.046,290283.8,2.2357142857142853,20,4.753804562437349,3218,2026-10-05T17:49:31+00:00
OFG,OFG BANCORP,NYSE,True,True,True,51.37,14351171.336000001,276296.45,0.9544142857142849,20,1.8579215217330833,3219,2026-10-05T17:49:31+00:00
ARKX,ARK Space & Defense Innovation ETF,BATS,True,True,True,32.905,14342664.232499998,445383.05,0.5996428571428589,20,1.8223457138515693,3220,2026-10-05T17:49:31+00:00
FDT,First Trust Developed Markets ex-US AlphaDEX Fund,NASDAQ,False,False,True,94.65,14341672.643915001,150687.5,1.5056428571428577,20,1.5907478680854281,3221,2026-10-05T17:49:31+00:00
EFXT,Enerflex Ltd.,NYSE,True,True,True,25.315,14339832.361999998,612647.3,1.0542714285714287,20,4.164611608024605,3222,2026-10-05T17:49:31+00:00
UTG,Reaves Utility Income Fund,AMEX,True,True,True,35.31,14312216.334,400285.55,0.6659642857142855,20,1.8860500869846655,3223,2026-10-05T17:49:31+00:00
XRPT,Volatility Shares Trust 2x XRP ETF,NASDAQ,False,False,True,37.79,14303972.674665,392503.9,3.853171428571429,20,10.196272634483803,3224,2026-10-05T17:49:31+00:00
WLDN,"Willdan Group, Inc. Common Stock",NASDAQ,True,True,True,73.735,14297571.425999999,180656.7,2.5211285714285725,20,3.419174844278257,3225,2026-10-05T17:49:31+00:00
ULCC,"Frontier Group Holdings, Inc. Common Stock",NASDAQ,True,True,True,6.18,14262320.302500004,2426303.7,0.31228571428571433,20,5.053166897827093,3226,2026-10-05T17:49:31+00:00
XHLF,BondBloxx Bloomberg Six Month Target Duration US Treasury ETF,ARCA,True,True,True,50.1282,14261532.413479999,284183.5,0.027907142857143543,20,0.05567154387578956,3227,2026-10-05T17:49:31+00:00
SECU,iShares Securitized Income Active ETF,BATS,False,False,True,48.3728,14260434.7658,291847.4,0.20943571428571467,20,0.432961735284529,3228,2026-10-05T17:49:31+00:00
BCAX,Bicara Therapeutics Inc. Common Stock,NASDAQ,True,True,True,17.41,14228267.530499998,682133.1,1.1937499999999999,20,6.856691556576679,3229,2026-10-05T17:49:31+00:00
SGMT,Sagimet Biosciences Inc. Series A Common Stock,NASDAQ,True,True,True,8.84,14204941.788999999,1419159.45,0.8127214285714285,20,9.193681318681318,3230,2026-10-05T17:49:31+00:00
MUNY,Vanguard New York Tax-Exempt Bond ETF,BATS,False,False,True,97.26,14165793.23375,144636.75,0.621771428571427,20,0.6392879175112348,3231,2026-10-05T17:49:31+00:00
CBL,"CBL & Associates Properties, Inc.",NYSE,True,True,True,54.71,14144557.654000003,262892.5,1.2981285714285715,20,2.37274460140481,3232,2026-10-05T17:49:31+00:00
HLMN,Hillman Solutions Corp. Common Stock,NASDAQ,True,True,True,7.045,14144203.4465,1979212.2,0.22271428571428548,20,3.1613099462638106,3233,2026-10-05T17:49:31+00:00
GHM,Graham Corporation,NYSE,True,True,True,91.7475,14140140.111750001,163328.15,3.3440214285714274,20,3.6448093174979457,3234,2026-10-05T17:49:31+00:00
FWRG,"First Watch Restaurant Group, Inc. Common Stock",NASDAQ,True,True,True,10.44,14136783.825749999,1338982.5,0.4228571428571426,20,4.0503557744937035,3235,2026-10-05T17:49:31+00:00
FXL,First Trust Technology AlphaDEX Fund,ARCA,True,True,True,229.695,14132519.30837,63912.45,3.323757142857145,20,1.4470306897656218,3236,2026-10-05T17:49:31+00:00
PDBA,Invesco Actively Managed Exchange-Traded Commodity Fund Trust Invesco Agriculture Commodity Strategy No K-1 ETF,NASDAQ,True,True,True,38.01,14109665.001105001,367115.3,0.36435714285714227,20,0.9585823279588063,3237,2026-10-05T17:49:31+00:00
VCX,"Fundrise Innovation Fund, LLC",NYSE,False,False,True,29.935,14093910.914250001,449040.65,1.1101642857142853,20,3.7085828819585274,3238,2026-10-05T17:49:31+00:00
BOBS,"Bobs Discount Furniture, Inc.",NYSE,True,True,True,14.36,14090438.307500001,965448.8,0.7432142857142857,20,5.1755869478710705,3239,2026-10-05T17:49:31+00:00
TJGC,TJGC Group Limited Class A Ordinary Shares,NASDAQ,False,False,True,33.01,14077731.925500002,1091194.75,5.056971428571428,20,15.31951356731726,3240,2026-10-05T17:49:31+00:00
IDEQ,Lazard International Dynamic Equity ETF,ARCA,False,False,True,35.25,14072388.375,395708.7,0.42997857142857143,20,1.2197973657548127,3241,2026-10-05T17:49:31+00:00
FNCL,Fidelity MSCI Financials Index ETF,ARCA,True,True,True,76.48,14062926.949250001,179863.15,1.0178428571428566,20,1.3308614763897184,3242,2026-10-05T17:49:31+00:00
ENLT,Enlight Renewable Energy Ltd. Ordinary Shares,NASDAQ,False,False,True,66.02,14061631.080500003,194819.35,2.59242857142857,20,3.9267321590859896,3243,2026-10-05T17:49:31+00:00
BSCS,Invesco BulletShares 2028 Corporate Bond ETF,NASDAQ,True,True,True,20.15,14035892.154200003,695713.8,0.041392857142857356,20,0.20542360864941617,3244,2026-10-05T17:49:31+00:00
DFDV,DeFi Development Corp. Common Stock,NASDAQ,False,False,True,5.315,14031001.892500002,2472043.9,0.5708857142857141,20,10.741029431528016,3245,2026-10-05T17:49:31+00:00
SHG,Shinhan Financial Group Co Ltd,NYSE,True,True,True,78.68,14025972.7405,174379.25,2.2994571428571455,20,2.922543394582035,3246,2026-10-05T17:49:31+00:00
DDM,ProShares Ultra Dow30,ARCA,False,False,True,62.06,14002034.764499996,220429.5,1.2135785714285714,20,1.9554923806454583,3247,2026-10-05T17:49:31+00:00
FTK,"Flotek Industries, Inc.",NYSE,True,True,True,30.515,14001553.339000002,481454.75,1.7892214285714285,20,5.86341611853655,3248,2026-10-05T17:49:31+00:00
VEON,VEON Ltd. ADS,NASDAQ,False,False,True,76.22,14000044.176500002,198854.65,3.0624714285714285,20,4.017936799490197,3249,2026-10-05T17:49:31+00:00
LBRX,LB Pharmaceuticals Inc Common Stock,NASDAQ,True,True,True,35.63,13996991.510999998,345218.1,1.8482142857142851,20,5.187241890862433,3250,2026-10-05T17:49:31+00:00
JGLO,J.P. Morgan Exchange-Traded Fund Trust JPMorgan Global Select Equity ETF,NASDAQ,True,True,True,73.1456,13992666.24648,192974.65,0.6603785714285694,20,0.9028274720947936,3251,2026-10-05T17:49:31+00:00
IBTH,iShares Trust iShares iBonds Dec 2027 Term Treasury ETF,NASDAQ,True,True,True,22.27,13992331.546499997,627445.1,0.018571428571427923,20,0.08339213548014335,3252,2026-10-05T17:49:31+00:00
AMDD,Direxion Shares ETF Trust Direxion Daily AMD Bear 1X ETF,NASDAQ,False,False,True,21.79,13976141.419235002,575179.95,1.001564285714286,20,4.596440044581395,3253,2026-10-05T17:49:31+00:00
HTH,HILLTOP HOLDINGS INC.,NYSE,True,True,True,38.41,13972995.666499998,363161.15,0.6822857142857153,20,1.7763231301372437,3254,2026-10-05T17:49:31+00:00
BSCU,Invesco Exchange-Traded Self-Indexed Fund Trust Invesco BulletShares 2030 Corporate Bond ETF,NASDAQ,False,False,True,16.14,13970647.967650002,859421.45,0.06445714285714312,20,0.3993627190653229,3255,2026-10-05T17:49:31+00:00
NAVI,Navient Corporation Common Stock,NASDAQ,True,True,True,9.06,13941804.4185,1480761.95,0.3492857142857143,20,3.8552507095553454,3256,2026-10-05T17:49:31+00:00
KRP,"Kimbell Royalty Partners, LP Common Units representing Limited Partner Interests",NYSE,True,True,True,14.805,13939079.857750002,949545.35,0.27227142857142816,20,1.8390505138225475,3257,2026-10-05T17:49:31+00:00
MSFD,Direxion Shares ETF Trust Direxion Daily MSFT Bear 1X ETF,NASDAQ,True,True,True,9.75,13930927.166375,1371015.1,0.23639285714285713,20,2.4245421245421244,3258,2026-10-05T17:49:31+00:00
FXY,Invesco CurrencyShares Japanese Yen Trust,ARCA,False,False,True,57.965,13890692.772,236561.4,0.3325571428571423,20,0.5737205949402955,3259,2026-10-05T17:49:31+00:00
CRSR,"Corsair Gaming, Inc. Common Stock",NASDAQ,True,True,True,13.59,13882845.769,1040989.2,0.5528428571428572,20,4.0680121938400085,3260,2026-10-05T17:49:31+00:00
SMU,Tradr 2X Long SMR Daily ETF,BATS,False,False,True,15.19,13867682.995999997,662130.3,2.101121428571429,20,13.832267469199666,3261,2026-10-05T17:49:31+00:00
SKE,Skeena Resources Limited,NYSE,True,True,True,30.29,13866729.959000003,448013.8,1.381171428571428,20,4.559826439654764,3262,2026-10-05T17:49:31+00:00
SHEN,Shenandoah Telecommunications Co Common Stock,NASDAQ,True,True,True,11.09,13860689.0905,1189289.7,0.5215,20,4.702434625788999,3263,2026-10-05T17:49:31+00:00
REAX,Real REMAX Group Inc. Common Stock,NASDAQ,True,True,True,16.39,13840868.828000003,788237.3,1.2914999999999999,20,7.879804758999389,3264,2026-10-05T17:49:31+00:00
ZGN,Ermenegildo Zegna N.V.,NYSE,True,True,True,12.69,13840043.2495,1137870.55,0.40250000000000014,20,3.1717888100866833,3265,2026-10-05T17:49:31+00:00
XQQI,NEOS ETF Trust NEOS Boosted Nasdaq-100 High Income ETF,NASDAQ,False,False,True,51.94,13835955.334939996,277759.05,0.7661785714285715,20,1.4751223939710658,3266,2026-10-05T17:49:31+00:00
EIDO,iShares MSCI Indonesia ETF,ARCA,False,False,True,11.91,13790307.247499999,1114035.95,0.18327857142857137,20,1.538862900323857,3267,2026-10-05T17:49:31+00:00
SOLZ,Volatility Shares Trust Solana ETF,NASDAQ,True,True,True,11.8951,13777197.838480001,1241499.4,0.4914214285714286,20,4.131292957364197,3268,2026-10-05T17:49:31+00:00
LLYVA,"Liberty Live Holdings, Inc. Series A Liberty Live Group Common Stock",NASDAQ,True,True,True,97.325,13765677.59725,144890.9,2.6133999999999964,20,2.685229899820186,3269,2026-10-05T17:49:31+00:00
XTN,State Street SPDR S&P Transportation ETF,ARCA,False,False,True,100.74,13741846.091270003,135828.6,1.5592928571428541,20,1.547838849655404,3270,2026-10-05T17:49:31+00:00
AIN,Albany International Corp Class A,NYSE,True,True,True,61.025,13738706.890250001,227705.35,1.6192642857142872,20,2.6534441388189873,3271,2026-10-05T17:49:31+00:00
CSWC,Capital Southwest Corporation Common Stock,NASDAQ,False,False,True,23.725,13736083.39325,581780.35,0.416742857142857,20,1.7565557729941288,3272,2026-10-05T17:49:31+00:00
SEPN,"Septerna, Inc. Common Stock",NASDAQ,True,True,True,37.93,13729943.7565,355826.95,1.8875714285714302,20,4.97646039697187,3273,2026-10-05T17:49:31+00:00
TDAQ,TappAlpha Innovation 100 Growth & Daily Income ETF,BATS,True,True,True,27.84,13725569.601499999,506668.2,0.3658071428571427,20,1.3139624384236448,3274,2026-10-05T17:49:31+00:00
CTS,CTS Corporation,NYSE,True,True,True,62.304,13711581.189400002,234803.95,1.659999999999999,20,2.664355418592705,3275,2026-10-05T17:49:31+00:00
FRNM,"Freenome, Inc. Common stock",NASDAQ,True,True,True,16.5,13683348.942250002,843604.3,0.920014285714286,20,5.575844155844158,3276,2026-10-05T17:49:31+00:00
MNPR,Monopar Therapeutics Inc. Common Stock,NASDAQ,True,True,True,78.7,13674251.79975,146760.9,4.4085714285714275,20,5.60174260301325,3277,2026-10-05T17:49:31+00:00
SMLF,iShares U.S. Small Cap Equity Factor ETF,ARCA,True,True,True,85.81,13591191.7535,159898.0,1.05052142857143,20,1.2242412639219553,3278,2026-10-05T17:49:31+00:00
DBO,Invesco DB Oil Fund,ARCA,True,True,True,23.63,13576613.1525,550600.85,0.9142785714285709,20,3.8691433407895515,3279,2026-10-05T17:49:31+00:00
IAUI,NEOS Gold High Income ETF,BATS,False,False,True,48.05,13556453.326820001,272900.8,0.7516214285714281,20,1.564248550616916,3280,2026-10-05T17:49:31+00:00
TSLS,Direxion Shares ETF Trust Direxion Daily TSLA Bear 1X ETF,NASDAQ,False,False,True,53.3,13537453.855500001,242595.1,1.756835714285715,20,3.2961270436880206,3281,2026-10-05T17:49:31+00:00
CUE,"Cue Biopharma, Inc. Common Stock",NASDAQ,False,False,True,24.625,13536962.108999997,455797.55,4.9544428571428565,20,20.119564902102972,3282,2026-10-05T17:49:31+00:00
NOMD,Nomad Foods Limited,NYSE,True,True,True,10.695,13531552.52975,1252067.05,0.29932142857142885,20,2.798704334468713,3283,2026-10-05T17:49:31+00:00
HG,"Hamilton Insurance Group, Ltd. Class B Common Shares",NYSE,True,True,True,34.39,13529792.477500001,394945.65,0.7693642857142861,20,2.2371744277821635,3284,2026-10-05T17:49:31+00:00
CADL,"Candel Therapeutics, Inc. Common Stock",NASDAQ,True,True,True,10.4,13504811.847750003,1226279.5,0.6743214285714288,20,6.483859890109893,3285,2026-10-05T17:49:31+00:00
NWN,Northwest Natural Holding Company,NYSE,True,True,True,47.19,13490748.585499998,281290.8,0.7676714285714284,20,1.6267671722217176,3286,2026-10-05T17:49:31+00:00
IX,ORIX Corporation American Depositary Shares (each representing One (1) Share of Common Stock),NYSE,True,True,True,37.385,13465872.044,347758.5,0.7638785714285723,20,2.0432755688874478,3287,2026-10-05T17:49:31+00:00
LIME,"Neutron Holdings, Inc. Common Stock",NASDAQ,False,False,True,27.145,13465348.372000003,449186.85,1.6781714285714284,20,6.1822487698339605,3288,2026-10-05T17:49:31+00:00
PFIX,Simplify Interest Rate Hedge ETF,ARCA,False,False,True,67.64,13453143.852000002,230896.35,1.9292571428571412,20,2.8522429669679794,3289,2026-10-05T17:49:31+00:00
DKL,"DELEK LOGISTICS PARTNERS, LP",NYSE,True,True,True,55.27,13443522.967500001,239400.45,1.2533928571428572,20,2.267763446974592,3290,2026-10-05T17:49:31+00:00
ARHS,"Arhaus, Inc. Class A Common Stock",NASDAQ,True,True,True,10.235,13442213.63075,1507851.8,0.4968500000000001,20,4.854421104054716,3291,2026-10-05T17:49:31+00:00
EVTC,"EVERTEC, INC.",NYSE,True,True,True,29.19,13441917.216,477266.45,0.8437785714285716,20,2.8906425879704405,3292,2026-10-05T17:49:31+00:00
LADR,LADDER CAPITAL CORP,NYSE,True,True,True,8.515,13403807.94275,1454425.1,0.19142142857142833,20,2.2480496602633977,3293,2026-10-05T17:49:31+00:00
QCML,GraniteShares ETF Trust GraniteShares 2x Long QCOM Daily ETF,NASDAQ,False,False,True,17.77,13396475.89715,716177.85,1.7863714285714287,20,10.052737358308548,3294,2026-10-05T17:49:31+00:00
IMCG,iShares Morningstar Mid-Cap Growth ETF,ARCA,True,True,True,96.38,13380904.013,141286.15,1.072185714285712,20,1.112456644828504,3295,2026-10-05T17:49:31+00:00
CGIE,Capital Group International Equity ETF,ARCA,True,True,True,36.735,13370406.57925,361228.45,0.42770714285714256,20,1.1643041863540018,3296,2026-10-05T17:49:31+00:00
USAC,USA COMPRESSION PARTNERS LP,NYSE,False,False,False,25.71,13361535.724999998,505793.35,0.623635714285714,20,2.4256542757126174,3297,2026-10-05T17:49:31+00:00
ABTC,American Bitcoin Corp. Class A Common Stock,NASDAQ,False,False,True,8.43,13357849.7015,1469489.55,0.7027928571428576,20,8.33680732079309,3298,2026-10-05T17:49:31+00:00
AUPH,Aurinia Pharmaceuticals Inc Ordinary Shares,NASDAQ,True,True,True,15.745,13352324.7455,814208.3,0.3888428571428569,20,2.469627546159777,3299,2026-10-05T17:49:31+00:00
TIC,"TIC Solutions, Inc",NYSE,True,True,True,8.37,13333285.370000001,1489823.55,0.35241428571428585,20,4.210445468509986,3300,2026-10-05T17:49:31+00:00
FIZZ,National Beverage Corp. Common Stock,NASDAQ,True,True,True,30.0,13308846.314,432276.2,0.7850357142857141,20,2.6167857142857134,3301,2026-10-05T17:49:31+00:00
CLM,"Cornerstone Strategic Investment Fund, Inc.",AMEX,True,True,True,6.385,13300666.52775,2073594.3,0.09106428571428563,20,1.4262221725025157,3302,2026-10-05T17:49:31+00:00
SKHZ,Leverage Shares 1X Short SK Hynix Daily ETF,BATS,False,False,True,9.0101,13283631.66093,1391801.05,0.3824928571428569,20,4.245156625818326,3303,2026-10-05T17:49:31+00:00
EXI,iShares Global Industrials ETF,ARCA,True,True,True,191.93,13275301.48872,69171.45,2.3981000000000017,20,1.2494659511280162,3304,2026-10-05T17:49:31+00:00
RSPS,Invesco S&P 500 Equal Weight Consumer Staples ETF,ARCA,False,False,True,28.73,13267538.080000002,442724.05,0.30321428571428577,20,1.0553925712296754,3305,2026-10-05T17:49:31+00:00
XPRO,Expro Ltd,NYSE,True,True,True,16.99,13265803.515500002,793349.8,0.6887785714285716,20,4.054023375094594,3306,2026-10-05T17:49:31+00:00
NULV,Nuveen ESG Large-Cap Value ETF,BATS,False,False,True,53.42,13261221.550749999,249793.3,0.4717785714285715,20,0.883149703160935,3307,2026-10-05T17:49:31+00:00
AMRC,"Ameresco, Inc.",NYSE,True,True,True,21.51,13250273.522000002,587045.4,1.160342857142857,20,5.39443448230059,3308,2026-10-05T17:49:31+00:00
PCRX,"Pacira BioSciences, Inc. Common Stock",NASDAQ,True,True,True,25.0,13232507.373000002,528583.95,0.7857142857142859,20,3.1428571428571437,3309,2026-10-05T17:49:31+00:00
NWPX,"NWPX Infrastructure, Inc. Common Stock",NASDAQ,True,True,True,106.77,13214369.20075,128053.7,2.9565214285714285,20,2.769056315979609,3310,2026-10-05T17:49:31+00:00
DISV,Dimensional International Small Cap Value ETF,BATS,True,True,True,42.86,13206621.294,301303.3,0.5296428571428571,20,1.2357509499366708,3311,2026-10-05T17:49:31+00:00
DLN,WisdomTree U.S. LargeCap Dividend Fund,ARCA,True,True,True,98.11,13205096.518000003,133971.75,0.7312428571428568,20,0.7453295863243877,3312,2026-10-05T17:49:31+00:00
SCTX,Scribe Therapeutics Inc. Common Stock,NASDAQ,False,False,True,15.615,13202022.428,524594.45,3.8331357142857145,20,24.54777915008463,3313,2026-10-05T17:49:31+00:00
PAYP,PayPay Corporation American Depository Shares,NASDAQ,True,True,True,15.22,13174816.319500001,771158.8,0.5838499999999998,20,3.836070959264124,3314,2026-10-05T17:49:31+00:00
DON,WisdomTree U.S. MidCap Dividend Fund,ARCA,False,False,True,54.94,13168740.695,237876.8,0.5947285714285714,20,1.0825055905143273,3315,2026-10-05T17:49:31+00:00
KMLM,KraneShares Mount Lucas Managed Futures Index Strategy ETF,ARCA,True,True,True,31.42,13163946.005,427405.7,0.34914285714285753,20,1.111212148767847,3316,2026-10-05T17:49:31+00:00
DMC,Del Monte Corporation,NYSE,False,False,True,29.7,13160081.909,426180.95,0.6986214285714285,20,2.3522607022607023,3317,2026-10-05T17:49:31+00:00
ROCY,J.P. Morgan Exchange-Traded Fund Trust JPMorgan Equity Premium Yield ETF,NASDAQ,False,False,True,55.42,13126491.123985002,239730.4,0.41632857142857,20,0.7512244161468242,3318,2026-10-05T17:49:31+00:00
NMAX,"Newsmax, Inc.",NYSE,True,True,True,9.855,13090778.157500003,1229555.5,0.5654428571428572,20,5.737624121185766,3319,2026-10-05T17:49:31+00:00
ACHV,"Achieve Life Sciences, Inc. Common Shares",NASDAQ,True,True,True,7.02,13078134.9715,1710068.35,0.46380000000000005,20,6.606837606837608,3320,2026-10-05T17:49:31+00:00
NMZ,Nuveen Municipal High Income Opportunity Fund,NYSE,False,False,True,8.835,13077762.962749999,1424271.55,0.20285,20,2.295981890209394,3321,2026-10-05T17:49:31+00:00
XPH,State Street SPDR S&P Pharmaceuticals ETF,ARCA,False,False,True,63.73,13057803.327499999,197323.15,1.3552428571428565,20,2.1265382977292586,3322,2026-10-05T17:49:31+00:00
GSL,"Global Ship Lease, Inc.",NYSE,False,False,True,45.44,13049289.4385,290086.5,1.0888142857142848,20,2.3961581991951695,3323,2026-10-05T17:49:31+00:00
VTHR,Vanguard Scottsdale Funds Vanguard Russell 3000 ETF,NASDAQ,True,True,True,340.5501,13022754.68482,38633.5,3.1239571428571327,20,0.9173267436589015,3324,2026-10-05T17:49:31+00:00
FNDB,Schwab Fundamental U.S. Broad Market ETF,ARCA,False,False,True,30.996,13005924.689400002,415550.4,0.26676428571428595,20,0.8606410043692283,3325,2026-10-05T17:49:31+00:00
EMGF,iShares Emerging Markets Equity Factor ETF,BATS,True,True,True,73.285,13005829.519000001,180241.7,1.0998285714285703,20,1.5007553679860413,3326,2026-10-05T17:49:31+00:00
SLYG,State Street SPDR S&P 600 Small Cap Growth ETF,ARCA,True,True,True,109.615,13002499.866749998,119108.15,1.3484928571428563,20,1.230208326545506,3327,2026-10-05T17:49:31+00:00
SAFT,"Safety Insurance Group, Inc. Common Stock",NASDAQ,True,True,True,103.81,12989494.950000001,125446.85,0.21784999999999957,20,0.20985454195164202,3328,2026-10-05T17:49:31+00:00
BYND,"Beyond Meat, Inc. Common Stock",NASDAQ,False,False,True,8.085,12968413.468999999,1314971.65,0.7984785714285713,20,9.876049120947076,3329,2026-10-05T17:49:31+00:00
UBND,Victory Portfolios II VictoryShares Core Plus Bond ETF,NASDAQ,False,False,True,20.595,12952005.675050002,621251.5,0.09925714285714322,20,0.48194776818229296,3330,2026-10-05T17:49:31+00:00
AMPH,"Amphastar Pharmaceuticals, Inc. Common Stock",NASDAQ,True,True,True,25.59,12948358.285500001,523557.4,1.0092571428571424,20,3.9439513202701932,3331,2026-10-05T17:49:31+00:00
ECVT,Ecovyst Inc.,NYSE,True,True,True,10.375,12940803.2115,1258809.05,0.2629428571428573,20,2.534388984509468,3332,2026-10-05T17:49:31+00:00
WWW,"Wolverine World Wide, Inc.",NYSE,True,True,True,19.13,12931539.214499999,669140.75,0.6239285714285714,20,3.2615189306250465,3333,2026-10-05T17:49:31+00:00
CDRE,"Cadre Holdings, Inc.",NYSE,True,True,True,25.67,12910868.910500001,485765.45,0.9735357142857138,20,3.792503756469473,3334,2026-10-05T17:49:31+00:00
WEAT,Teucrium Wheat Fund,ARCA,True,True,True,25.04,12883384.558500001,497935.45,0.45739285714285643,20,1.826648790506615,3335,2026-10-05T17:49:31+00:00
IMCR,Immunocore Holdings plc American Depositary Shares,NASDAQ,False,False,True,29.88,12882714.83975,406664.1,1.1642857142857146,20,3.896538535092753,3336,2026-10-05T17:49:31+00:00
BSCT,Invesco BulletShares 2029 Corporate Bond ETF,NASDAQ,True,True,True,18.215,12855603.90575,702798.75,0.048450000000000264,20,0.26598956903650983,3337,2026-10-05T17:49:31+00:00
GSST,Goldman Sachs Ultra Short Bond ETF,BATS,True,True,True,50.3101,12836926.473955002,254557.5,0.04400714285714358,20,0.0874717856993796,3338,2026-10-05T17:49:31+00:00
PUBM,"PubMatic, Inc. Class A Common Stock",NASDAQ,True,True,True,18.5,12826040.22,720189.75,0.7782142857142856,20,4.206563706563706,3339,2026-10-05T17:49:31+00:00
PSEP,Innovator U.S. Equity Power Buffer ETF - September,BATS,False,False,True,47.235,12821292.57575,273503.45,0.26287142857142903,20,0.5565183202528402,3340,2026-10-05T17:49:31+00:00
PFXF,VanEck Preferred Securities ex Financials ETF,ARCA,False,False,True,17.695,12781586.282500003,721895.9,0.19285714285714256,20,1.0898962580228457,3341,2026-10-05T17:49:31+00:00
BKUI,BNY Mellon Ultra Short Income ETF,ARCA,False,False,True,49.49,12763844.248794999,257499.45,0.04191428571428751,20,0.08469243425800667,3342,2026-10-05T17:49:31+00:00
CNXN,"PC Connection, Inc. Common Stock",NASDAQ,True,True,True,91.965,12762801.55375,145707.15,2.326671428571427,20,2.529953165412306,3343,2026-10-05T17:49:31+00:00
FSTA,Fidelity MSCI Consumer Staples Index ETF,ARCA,True,True,True,51.14,12754244.6645,246268.2,0.542707142857142,20,1.0612185038270279,3344,2026-10-05T17:49:31+00:00
AXTQ,Tradr 2X Short AXTI Daily ETF,BATS,False,False,True,18.975,12747876.37102,467677.95,5.420935714285714,20,28.568831168831167,3345,2026-10-05T17:49:31+00:00
MLPA,Global X MLP ETF,ARCA,True,True,True,54.39,12746993.867999999,231137.5,0.8019785714285709,20,1.4744963622514633,3346,2026-10-05T17:49:31+00:00
DSI,iShares ESG MSCI KLD 400 ETF,ARCA,True,True,True,149.2,12716213.018000001,86886.75,1.430821428571422,20,0.9589955955572536,3347,2026-10-05T17:49:31+00:00
ETHW,Bitwise Ethereum ETF,ARCA,False,False,True,19.31,12693346.733000001,690370.8,0.6003571428571435,20,3.1090478656506657,3348,2026-10-05T17:49:31+00:00
MNRO,"Monro, Inc. Common Stock",NASDAQ,True,True,True,13.65,12681420.632000001,972223.15,0.6584285714285716,20,4.823652537938253,3349,2026-10-05T17:49:31+00:00
STCE,Schwab Crypto Thematic Natural Language Processing ETF,ARCA,False,False,True,65.24,12677000.044015,184324.3,2.7529642857142846,20,4.219749058421651,3350,2026-10-05T17:49:31+00:00
XBB,BondBloxx BB-Rated USD High Yield Corporate Bond ETF,ARCA,False,False,True,39.34,12668116.45307,315952.45,0.16239285714285703,20,0.4127932311714718,3351,2026-10-05T17:49:31+00:00
CHA,Chagee Holdings Limited American Depositary Shares,NASDAQ,True,True,True,11.19,12662478.2565,1054650.9,0.4071428571428575,20,3.6384527001149016,3352,2026-10-05T17:49:31+00:00
OMFL,Invesco Russell 1000 Dynamic Multifactor ETF,BATS,True,True,True,70.76,12655402.3675,180984.85,0.5692857142857152,20,0.8045304045869349,3353,2026-10-05T17:49:31+00:00
HOPE,"Hope Bancorp, Inc. Common Stock",NASDAQ,True,True,True,13.67,12653068.784500001,917492.1,0.29607142857142826,20,2.165848050998012,3354,2026-10-05T17:49:31+00:00
BCH,Banco de ChileAmerican Depositary Shares (Each representing 200 shares of Common Stock),NYSE,True,True,True,39.025,12645699.426250001,308751.5,1.008571428571429,20,2.584423904090785,3355,2026-10-05T17:49:31+00:00
AMUU,Direxion Shares ETF Trust Direxion Daily AMD Bull 2X ETF,NASDAQ,True,True,True,297.2391,12617314.963295002,51765.7,20.798728571428573,20,6.997305728428249,3356,2026-10-05T17:49:31+00:00
QBTX,Tradr 2X Long QBTS Daily ETF,BATS,False,False,True,19.5985,12593355.6106,521733.75,2.7499285714285713,20,14.031321639046718,3357,2026-10-05T17:49:31+00:00
HYS,PIMCO 0-5 Year High Yield Corporate Bond Index Exchange-Traded Fund,ARCA,True,True,True,89.87,12579653.9255,138101.3,0.4567142857142881,20,0.5081943760034362,3358,2026-10-05T17:49:31+00:00
RUSHB,"Rush Enterprises, Inc. Class B",NASDAQ,True,True,True,56.4225,12571840.816,229612.9,1.86035,20,3.2971775444193363,3359,2026-10-05T17:49:31+00:00
BXC,BlueLinx Holdings Inc.,NYSE,True,True,True,75.44,12561325.099999998,164424.95,4.370592857142859,20,5.793468792607183,3360,2026-10-05T17:49:31+00:00
SYBT,"Stock Yards Bancorp, Inc. Common Stock",NASDAQ,True,True,True,77.92,12507264.752500001,158876.2,1.802507142857145,20,2.3132791874450014,3361,2026-10-05T17:49:31+00:00
VELO,"Velo3D, Inc. Common Stock",NASDAQ,False,False,True,9.225,12503724.996000001,1195770.2,0.8434428571428568,20,9.143012001548584,3362,2026-10-05T17:49:31+00:00
KOF,"Coca-Cola FEMSA, S.A.B DE C.V",NYSE,True,True,True,107.585,12478728.469499998,113351.85,2.3214214285714285,20,2.157755661636314,3363,2026-10-05T17:49:31+00:00
RES,"RPC, Inc.",NYSE,True,True,True,6.155,12465506.4325,2095078.15,0.2031428571428573,20,3.3004525937101103,3364,2026-10-05T17:49:31+00:00
XRPZ,Franklin XRP ETF,ARCA,True,True,True,16.21,12444225.205,792814.5,0.8239285714285715,20,5.082841279633383,3365,2026-10-05T17:49:31+00:00
HFWA,Heritage Financial Corporation Common Stock,NASDAQ,True,True,True,28.05,12404261.052500002,439499.0,0.5846428571428568,20,2.0842882607588478,3366,2026-10-05T17:49:31+00:00
INCM,Franklin Income Focus ETF,ARCA,False,False,True,28.445,12404183.302250002,428964.9,0.21101428571428546,20,0.7418326092961345,3367,2026-10-05T17:49:31+00:00
OSBC,"Old Second Bancorp, Inc. Common Stock",NASDAQ,True,True,True,24.88,12366282.4045,495013.3,0.5249999999999998,20,2.1101286173633436,3368,2026-10-05T17:49:31+00:00
UITB,Victory Portfolios II VictoryShares Core Intermediate Bond ETF,NASDAQ,True,True,True,44.565,12339148.66667,273861.5,0.22035000000000032,20,0.494446314372266,3369,2026-10-05T17:49:31+00:00
COMT,iShares U.S. ETF Trust iShares GSCI Commodity Dynamic Roll Strategy ETF,NASDAQ,True,True,True,36.86,12334514.824870002,331252.25,0.6039071428571425,20,1.6383807456786286,3370,2026-10-05T17:49:31+00:00
DFGX,Dimensional ETF Trust Dimensional International Core Fixed Income ETF,NASDAQ,True,True,True,51.175,12332723.634809999,240290.4,0.20154285714285688,20,0.3938306930002089,3371,2026-10-05T17:49:31+00:00
HOOG,Themes ETF Trust Leverage Shares 2X Long HOOD Daily ETF,NASDAQ,False,False,True,32.45,12318842.877999997,362804.2,3.4455785714285723,20,10.618115782522564,3372,2026-10-05T17:49:31+00:00
FXN,First Trust Energy AlphaDEX Fund,ARCA,False,False,True,22.9,12303082.2835,533160.75,0.4928571428571425,20,2.1522145976294436,3373,2026-10-05T17:49:31+00:00
CGSM,Capital Group Short Duration Municipal Income ETF,ARCA,False,False,True,25.755,12297917.800950002,475293.2,0.09304285714285651,20,0.36126133621765294,3374,2026-10-05T17:49:31+00:00
DFH,"Dream Finders Homes, Inc.",NYSE,True,True,True,10.14,12287629.395,1058155.8,0.6839214285714288,20,6.744787264018035,3375,2026-10-05T17:49:31+00:00
ARCO,ARCOS DORADOS HOLDINGS INC.,NYSE,True,True,True,8.145,12280022.342499997,1644902.4,0.25889285714285737,20,3.1785495045163583,3376,2026-10-05T17:49:31+00:00
FUBO,FuboTV Inc.,NYSE,False,False,True,8.52,12269309.586,1213631.1,0.4944571428571427,20,5.803487592219985,3377,2026-10-05T17:49:31+00:00
SVV,"Savers Value Village, Inc.",NYSE,True,True,True,9.245,12253926.908499999,1312254.6,0.3328642857142857,20,3.6004790234103377,3378,2026-10-05T17:49:31+00:00
CSTL,"Castle Biosciences, Inc. Common Stock",NASDAQ,True,True,True,35.63,12251531.1125,350098.0,1.4806214285714294,20,4.155547091135081,3379,2026-10-05T17:49:31+00:00
SLVM,Sylvamo Corporation,NYSE,True,True,True,34.095,12244787.443,351932.15,1.2982142857142855,20,3.8076383214966585,3380,2026-10-05T17:49:31+00:00
DCOM,"Dime Commercial Bancshares, Inc.",NYSE,True,True,True,39.67,12237568.7215,303777.9,0.7630499999999992,20,1.9234938240483972,3381,2026-10-05T17:49:31+00:00
FTLS,First Trust Long/Short Equity ETF,ARCA,True,True,True,77.77,12220572.58125,159091.3,0.5017071428571427,20,0.6451165524715735,3382,2026-10-05T17:49:31+00:00
KC,Kingsoft Cloud Holdings Limited American Depositary Shares,NASDAQ,True,True,True,9.305,12219027.96775,1264493.85,0.317842857142857,20,3.4158286635449433,3383,2026-10-05T17:49:31+00:00
AVO,"Mission Produce, Inc. Common Stock",NASDAQ,True,True,True,12.88,12200329.517,944956.2,0.41321428571428587,20,3.2081854480922813,3384,2026-10-05T17:49:31+00:00
OLMA,"Olema Pharmaceuticals, Inc. Common Stock",NASDAQ,True,True,True,8.24,12196795.2845,1290900.1,0.4739285714285713,20,5.75156033287101,3385,2026-10-05T17:49:31+00:00
IFS,Intercorp Financial Services Inc.,NYSE,False,False,True,54.41,12191385.006000001,222169.65,1.2846428571428576,20,2.3610418252947207,3386,2026-10-05T17:49:31+00:00
BBAX,JPMorgan BetaBuilders Developed Asia Pacific-ex Japan ETF,BATS,False,False,True,61.53,12170509.21575,194325.75,0.7651785714285708,20,1.2435861716700323,3387,2026-10-05T17:49:31+00:00
OBX,"Obsidian Therapeutics, Inc. Common Stock",NASDAQ,False,False,True,13.83,12154983.11,730987.8,1.422957142857143,20,10.288916434252661,3388,2026-10-05T17:49:31+00:00
GCOW,Pacer Global Cash Cows Dividend ETF,BATS,True,True,True,44.44,12152929.241500001,266220.85,0.4267071428571434,20,0.9601870901375865,3389,2026-10-05T17:49:31+00:00
ADTN,"ADTRAN Holdings, Inc. Common Stock",NASDAQ,True,True,True,7.05,12117666.55675,1700038.1,0.26275,20,3.7269503546099285,3390,2026-10-05T17:49:31+00:00
IDRV,iShares Self-Driving EV and Tech ETF,ARCA,True,True,True,33.1177,12116289.474280002,348744.6,0.5371357142857148,20,1.6218992088391246,3391,2026-10-05T17:49:31+00:00
GPRK,GEOPARK LIMITED,NYSE,True,True,True,11.345,12107423.636999998,1066040.35,0.41799285714285705,20,3.6843795252785987,3392,2026-10-05T17:49:31+00:00
DEC,Diversified Energy Company,NYSE,True,True,True,13.705,12100375.253,857952.55,0.3877500000000001,20,2.829259394381613,3393,2026-10-05T17:49:31+00:00
JMOM,JPMorgan U.S. Momentum Factor ETF,ARCA,False,False,True,85.32,12079379.863499999,145189.9,0.9190642857142868,20,1.0771967718170263,3394,2026-10-05T17:49:31+00:00
VTOL,Bristow Group Inc.,NYSE,True,True,True,40.84,12077156.583,287596.0,1.0585928571428578,20,2.5920491115153226,3395,2026-10-05T17:49:31+00:00
FLOC,Flowco Holdings Inc.,NYSE,True,True,True,18.61,12070792.262000002,612784.15,0.7049999999999998,20,3.788285867813003,3396,2026-10-05T17:49:31+00:00
MCHPP,Microchip Technology Incorporated Depositary Shares Each Representing a 1/20th Interest in a Share of 7.50% Series A Mandatory Convertible Preferred Stock,NASDAQ,True,True,True,69.19,12068931.39623,188562.15,1.84712857142857,20,2.669646728470256,3397,2026-10-05T17:49:31+00:00
LKFN,Lakeland Financial Corporation Common Stock,NASDAQ,True,True,True,58.64,12049953.90925,202607.5,1.1076071428571426,20,1.88882527772364,3398,2026-10-05T17:49:31+00:00
CNOB,"ConnectOne Bancorp, Inc. Common Stock",NASDAQ,True,True,True,30.62,12040323.466000002,385753.55,0.6310714285714286,20,2.060977885602314,3399,2026-10-05T17:49:31+00:00
OVL,Overlay Shares Large Cap Equity ETF,BATS,True,True,True,57.37,12028065.003500002,211332.7,0.7298428571428575,20,1.2721681316765863,3400,2026-10-05T17:49:31+00:00
MTX,Minerals Technologies Inc,NYSE,True,True,True,66.425,12023676.585250001,178068.9,1.5464857142857171,20,2.328168181085009,3401,2026-10-05T17:49:31+00:00
TFSL,TFS Financial Corporation Common Stock,NASDAQ,True,True,True,16.87,12012816.850499999,715557.05,0.31928571428571495,20,1.8926242696248663,3402,2026-10-05T17:49:31+00:00
PXF,Invesco RAFI Developed Markets ex-U.S. ETF,ARCA,True,True,True,76.36,12007436.5195,154280.1,0.9099785714285744,20,1.1916953528399352,3403,2026-10-05T17:49:31+00:00
MQQQ,Investment Managers Series Trust II Tradr 2X Long Innovation 100 Monthly ETF,NASDAQ,False,False,True,249.76,11974185.769195002,51756.2,5.552285714285716,20,2.223048412189989,3404,2026-10-05T17:49:31+00:00
KFRC,Kforce Inc.,NYSE,True,True,True,51.91,11967258.3525,230790.45,1.6624357142857147,20,3.202534606599335,3405,2026-10-05T17:49:31+00:00
ARKQ,ARK Autonomous Technology & Robotics ETF,BATS,True,True,True,125.78,11962858.349000001,97469.95,2.313221428571429,20,1.8391011516707179,3406,2026-10-05T17:49:31+00:00
PSUS,"Pershing Square USA, Ltd.",NYSE,True,True,True,37.56,11949046.226,314053.2,0.727135714285715,20,1.9359310816978565,3407,2026-10-05T17:49:31+00:00
ARGT,Global X MSCI Argentina ETF,ARCA,True,True,True,89.595,11926194.940000001,130618.6,1.964407142857142,20,2.1925410378449044,3408,2026-10-05T17:49:31+00:00
EDRY,EuroDry Ltd. Common Shares,NASDAQ,False,False,True,58.66,11920285.439,198930.8,6.28157857142857,20,10.708453070965856,3409,2026-10-05T17:49:31+00:00
DOLE,Dole plc,NYSE,True,True,True,12.86,11885699.0865,903223.1,0.21714285714285694,20,1.6885136636303029,3410,2026-10-05T17:49:31+00:00
NHP,"National Healthcare Properties, Inc. Class A Common Stock",NASDAQ,True,True,True,15.87,11883829.238999998,737240.0,0.5030142857142855,20,3.169592222522278,3411,2026-10-05T17:49:31+00:00
PRSU,"Pursuit Attractions and Hospitality, Inc.",NYSE,True,True,True,53.09,11880111.433999998,241160.5,1.4933714285714292,20,2.8129053090439426,3412,2026-10-05T17:49:31+00:00
CHT,"CHUNGHWA TELECOM CO., LTD",NYSE,True,True,True,46.275,11869898.30675,260693.1,0.6225857142857139,20,1.3454040287103488,3413,2026-10-05T17:49:31+00:00
JBGS,JBG SMITH Properties Common Shares,NYSE,True,True,True,10.67,11858207.151500002,1087433.05,0.35886428571428564,20,3.363301646806801,3414,2026-10-05T17:49:31+00:00
NSSC,"NAPCO Security Technologies, Inc. Common Stock",NASDAQ,True,True,True,36.34,11857825.824000001,329629.3,0.8300000000000003,20,2.28398458998349,3415,2026-10-05T17:49:31+00:00
TKC,TURKCELL ILETISIM HIZMETLERI A.S. ADS,NYSE,True,True,True,5.175,11832973.99975,2319144.05,0.12892857142857134,20,2.4913733609385766,3416,2026-10-05T17:49:31+00:00
CALI,BlackRock ETF Trust II iShares Short-Term California Muni Active ETF,NASDAQ,True,True,True,49.795,11827671.689554999,236900.15,0.10775000000000036,20,0.21638718746862207,3417,2026-10-05T17:49:31+00:00
IONL,GraniteShares ETF Trust GraniteShares 2x Long IONQ Daily ETF,NASDAQ,False,False,True,14.24,11827221.544499999,854980.35,1.7837357142857146,20,12.526233948635637,3418,2026-10-05T17:49:31+00:00
CLOZ,Eldridge BBB-B CLO ETF,ARCA,False,False,True,26.245,11798751.072749998,449434.75,0.0739571428571428,20,0.2817951718694715,3419,2026-10-05T17:49:31+00:00
EVSD,Morgan Stanley ETF Trust Eaton Vance Short Duration Income ETF,NASDAQ,True,True,True,49.845,11777590.844655002,234761.2,0.15149999999999914,20,0.303942220884741,3420,2026-10-05T17:49:31+00:00
UTES,Virtus Reaves Utilities ETF,ARCA,True,True,True,72.34,11758404.731,163308.25,1.1568500000000006,20,1.5991844069671006,3421,2026-10-05T17:49:31+00:00
VIOO,Vanguard S&P Small-Cap 600 ETF,ARCA,True,True,True,129.63,11756559.3655,90879.9,1.5770214285714366,20,1.2165559118810743,3422,2026-10-05T17:49:31+00:00
TNC,TENNANT COMPANY,NYSE,True,True,True,68.79,11723310.1435,172265.9,2.0155428571428575,20,2.9299939775299566,3423,2026-10-05T17:49:31+00:00
MBIN,Merchants Bancorp Common Stock,NASDAQ,True,True,True,49.75,11718487.012,225949.6,1.3337214285714285,20,2.6808470926058865,3424,2026-10-05T17:49:31+00:00
TTI,"TETRA Technologies, Inc.",NYSE,True,True,True,6.025,11713936.898750002,1877021.65,0.22825000000000026,20,3.788381742738593,3425,2026-10-05T17:49:31+00:00
CORP,PIMCO Investment Grade Corporate Bond Index Exchange-Traded Fund,ARCA,False,False,True,91.2299,11699790.677480001,126214.05,0.5105071428571435,20,0.5595831441853422,3426,2026-10-05T17:49:31+00:00
DEA,"Easterly Government Properties, Inc.",NYSE,True,True,True,23.11,11694521.0735,501546.15,0.45999285714285726,20,1.9904494034740687,3427,2026-10-05T17:49:31+00:00
RSPA,Invesco S&P 500 Equal Weight Income Advantage ETF,ARCA,False,False,True,52.1528,11694273.66816,222608.55,0.5255571428571427,20,1.0077256501226066,3428,2026-10-05T17:49:31+00:00
IONZ,Tidal Trust II Defiance Daily Target 2x Short IONQ ETF,NASDAQ,False,False,True,21.54,11687435.901184998,494057.4,2.995349999999999,20,13.905988857938715,3429,2026-10-05T17:49:31+00:00
PAX,Patria Investments Limited Class A Common Shares,NASDAQ,True,True,True,11.165,11658191.951750001,1116821.85,0.3014285714285712,20,2.699763290896294,3430,2026-10-05T17:49:31+00:00
MQY,"Blackrock Muni Yield Quality Fund, Inc",NYSE,True,True,True,9.8701,11649083.361370001,1139687.15,0.18035714285714263,20,1.8273081615904865,3431,2026-10-05T17:49:31+00:00
QDTE,Roundhill Nasdaq-100 0DTE Covered Call ETF Strategy ETF,BATS,True,True,True,29.77,11640861.0305,401423.25,0.33092857142857085,20,1.1116176400019175,3432,2026-10-05T17:49:31+00:00
FEOE,First Eagle Overseas Equity ETF,NYSE,False,False,True,53.96,11615793.92,212581.1,0.7080071428571431,20,1.312096261781214,3433,2026-10-05T17:49:31+00:00
RYZ,RYERSON HOLDING CORPORATION,NYSE,True,True,True,27.055,11604812.9565,475171.95,0.9037071428571427,20,3.340259260237083,3434,2026-10-05T17:49:31+00:00
FTXH,First Trust Exchange-Traded Fund VI First Trust Nasdaq Pharmaceuticals ETF,NASDAQ,False,False,True,40.7701,11602922.103435,279051.8,0.6775785714285705,20,1.6619497411793704,3435,2026-10-05T17:49:31+00:00
IRMD,iRadimed Corporation Common Stock,NASDAQ,True,True,True,86.06,11592403.523,137398.7,2.0805785714285685,20,2.4175907174396567,3436,2026-10-05T17:49:31+00:00
FREL,Fidelity MSCI Real Estate Index ETF,ARCA,True,True,True,27.08,11571480.84925,417053.3,0.34213571428571427,20,1.2634258282338047,3437,2026-10-05T17:49:31+00:00
LILAK,Liberty Latin America Ltd. Class C Common Stock,NASDAQ,True,True,True,8.8,11569859.055500003,1355309.85,0.30214285714285705,20,3.433441558441557,3438,2026-10-05T17:49:31+00:00
MGTX,MeiraGTx Holdings plc Ordinary Shares,NASDAQ,True,True,True,10.95,11564495.916500002,966932.6,0.6142857142857141,20,5.609915198956294,3439,2026-10-05T17:49:31+00:00
ARCT,Arcturus Therapeutics Holdings Inc. Common Stock,NASDAQ,True,True,True,13.837,11557908.388600001,790438.65,1.2661642857142859,20,9.150569384362838,3440,2026-10-05T17:49:31+00:00
HIFS,Hingham Institution for Savings Common Stock,NASDAQ,True,True,True,286.7,11530371.191999998,38550.25,9.578850000000005,20,3.341070805720267,3441,2026-10-05T17:49:31+00:00
MAMA,"Mama's Creations, Inc. Common Stock",NASDAQ,True,True,True,12.825,11530332.691750001,841018.7,0.5598928571428571,20,4.3656363130047335,3442,2026-10-05T17:49:31+00:00
PLGO,Pelagos Insurance Capital Limited,NYSE,True,True,True,24.58,11525427.290499998,477473.35,0.452907142857143,20,1.8425839823317456,3443,2026-10-05T17:49:31+00:00
ULTY,YieldMax Ultra Option Income Strategy ETF,ARCA,True,True,True,25.9,11504479.3235,448651.85,0.35962857142857146,20,1.3885273028130174,3444,2026-10-05T17:49:31+00:00
IDVO,Amplify CWP International Enhanced Dividend Income ETF,ARCA,True,True,True,42.24,11486123.203,271343.9,0.5719999999999997,20,1.354166666666666,3445,2026-10-05T17:49:31+00:00
TLK,PT Telekomunikasi Indonesia,NYSE,True,True,True,12.955,11479957.75525,834596.3,0.3028500000000002,20,2.337707448861445,3446,2026-10-05T17:49:31+00:00
HMOP,Hartford Municipal Opportunities ETF,ARCA,False,False,True,36.9376,11476971.532089997,306569.15,0.2989285714285706,20,0.8092798975260184,3447,2026-10-05T17:49:31+00:00
VREX,Varex Imaging Corporation Common Stock,NASDAQ,True,True,True,18.49,11475746.061500002,621009.85,0.04377142857142857,20,0.23673027891524379,3448,2026-10-05T17:49:31+00:00
HBNC,"Horizon Bancorp, Inc. Common Stock",NASDAQ,True,True,True,19.31,11451077.217000002,591792.3,0.3924999999999998,20,2.0326255825996884,3449,2026-10-05T17:49:31+00:00
TMP,Tompkins Financial Corporation,AMEX,True,True,True,98.63,11414642.8545,116201.35,2.5141000000000013,20,2.549021595863329,3450,2026-10-05T17:49:31+00:00
TRS,TriMas Corporation Common Stock,NASDAQ,True,True,True,39.015,11400304.635249998,294106.0,0.9464285714285714,20,2.42580692407682,3451,2026-10-05T17:49:31+00:00
HOV,"Hovnanian Enterprises, Inc. Class A",NYSE,True,True,True,112.07,11399229.525,98771.15,4.572678571428573,20,4.080198600364569,3452,2026-10-05T17:49:31+00:00
SOFX,Tidal Trust II Defiance Daily Target 2X Long SOFI ETF,NASDAQ,False,False,True,7.14,11396030.181965,1450270.55,0.5279571428571427,20,7.3943577430972365,3453,2026-10-05T17:49:31+00:00
AB,"AllianceBernstein Holding, L.P.",NYSE,True,True,True,35.07,11380756.71,318636.8,0.5996285714285717,20,1.7098048800358474,3454,2026-10-05T17:49:31+00:00
APEI,"American Public Education, Inc. Common Stock",NASDAQ,True,True,True,44.53,11370212.043249998,262975.9,1.8228571428571425,20,4.093548490584196,3455,2026-10-05T17:49:31+00:00
AAOZ,Tradr 2X Short AAOI Daily ETF,BATS,False,False,True,9.51,11370166.48725,878286.9,1.8661214285714287,20,19.62272795553553,3456,2026-10-05T17:49:31+00:00
RGNX,REGENXBIO Inc. Common Stock,NASDAQ,True,True,True,7.8,11341530.6985,1436390.85,0.4571071428571429,20,5.860347985347985,3457,2026-10-05T17:49:31+00:00
RGTX,Tidal Trust II Defiance Daily Target 2X Long RGTI ETF,NASDAQ,False,False,True,8.51,11308431.358000001,1187755.3,1.0826357142857144,20,12.72192378714118,3458,2026-10-05T17:49:31+00:00
SLDB,Solid Biosciences Inc. Common Stock,NASDAQ,True,True,True,7.14,11289801.861499999,1380243.55,0.4527857142857144,20,6.341536614645859,3459,2026-10-05T17:49:31+00:00
NVGS,NAVIGATOR HOLDINGS LTD.,NYSE,True,True,True,23.655,11287294.1705,473934.5,0.7849999999999996,20,3.3185373071232283,3460,2026-10-05T17:49:31+00:00
ADAM,"Adamas Trust, Inc. Common Stock",NASDAQ,True,True,True,7.755,11286696.89625,1313826.25,0.24555714285714286,20,3.1664364004789536,3461,2026-10-05T17:49:31+00:00
TAFM,AB Tax-Aware Intermediate Municipal ETF,ARCA,False,False,True,23.965,11282922.9615,465233.0,0.17035714285714296,20,0.7108580966290129,3462,2026-10-05T17:49:31+00:00
MCB,"Metropolitan Bank Holding Corp. Common Stock, $0.01 par value per share",NYSE,True,True,True,88.42,11277019.6635,126322.45,2.0196357142857146,20,2.284139011858985,3463,2026-10-05T17:49:31+00:00
FMHI,First Trust Exchange-Traded Fund III First Trust Municipal High Income ETF,NASDAQ,False,False,True,44.75,11275786.888545,248247.3,0.44456428571428575,20,0.993439744612929,3464,2026-10-05T17:49:31+00:00
EPP,iShares MSCI Pacific ex Japan ETF,ARCA,False,False,True,54.935,11271459.3315,202642.5,0.6378500000000003,20,1.1610994812050608,3465,2026-10-05T17:49:31+00:00
BHC,Bausch Health Companies Inc,NYSE,True,True,True,5.895,11238844.603750002,1929654.7,0.19892857142857157,20,3.374530473767118,3466,2026-10-05T17:49:31+00:00
EUV,Corgi Lithography & Semiconductor Photonics ETF,BATS,True,True,True,26.92,11210830.128500002,458327.7,0.745707142857143,20,2.7700859690087034,3467,2026-10-05T17:49:31+00:00
NUV,"Nuveen Municipal Value Fund, Inc.",NYSE,True,True,True,8.125,11208522.48925,1348951.1,0.1499928571428574,20,1.8460659340659373,3468,2026-10-05T17:49:31+00:00
ONT,"Onterris, Inc.",NYSE,True,True,True,13.8,11198027.3675,715234.8,1.2231714285714284,20,8.863561076604553,3469,2026-10-05T17:49:31+00:00
WEAV,"Weave Communications, Inc.",NYSE,True,True,True,7.37,11185308.799,1525845.55,0.02971428571428555,20,0.403178910641595,3470,2026-10-05T17:49:31+00:00
PKX,POSCO Holdings Inc. American Depositary Shares (Each representing 1/4th of a share of Common Stock),NYSE,True,True,True,58.32,11165052.42,189623.45,1.556821428571428,20,2.6694468939839298,3471,2026-10-05T17:49:31+00:00
RIGL,"Rigel Pharmaceuticals, Inc. Common Stock",NASDAQ,True,True,True,47.93,11154848.1155,237296.15,1.6505000000000005,20,3.443563530148134,3472,2026-10-05T17:49:31+00:00
TGLS,Tecnoglass Holdings Inc.,NYSE,True,True,True,35.61,11147988.768000003,305212.2,1.356935714285714,20,3.810546796646206,3473,2026-10-05T17:49:31+00:00
IDHQ,Invesco S&P International Developed Quality ETF,ARCA,False,False,True,43.32,11145211.486,254712.25,0.498821428571429,20,1.151480675372643,3474,2026-10-05T17:49:31+00:00
PAYS,"Paysign, Inc. Common Stock",NASDAQ,True,True,True,14.55,11141411.948000003,851189.9,0.647142857142857,20,4.447717231222384,3475,2026-10-05T17:49:31+00:00
SDCI,USCF SummerHaven Dynamic Commodity Strategy No K-1 Fund,ARCA,True,True,True,31.15,11131723.4395,354182.6,0.3666999999999998,20,1.1772070626003206,3476,2026-10-05T17:49:31+00:00
WNC,Wabash National Corp.,NYSE,True,True,True,14.255,11123413.43,881758.05,0.8089999999999999,20,5.675201683619782,3477,2026-10-05T17:49:31+00:00
AEHG,Leverage Shares 2X Long AEHR Daily ETF,BATS,False,False,True,10.1298,11112178.15758,1329553.5,1.2635357142857144,20,12.473451739281275,3478,2026-10-05T17:49:31+00:00
EWD,iShares MSCI Sweden ETF,ARCA,False,False,True,49.92,11109379.655,216281.9,0.8086071428571435,20,1.6198059752747265,3479,2026-10-05T17:49:31+00:00
CARY,Angel Oak Funds Trust Angel Oak Income ETF,NASDAQ,True,True,True,20.075,11102426.821915,545877.9,0.0850357142857148,20,0.4235901085216179,3480,2026-10-05T17:49:31+00:00
CRUX,Columbia Core Bond ETF,ARCA,False,False,True,28.4,11096222.44305,384633.2,0.13628571428571462,20,0.47987927565392474,3481,2026-10-05T17:49:31+00:00
HELE,Helen of Troy Limited Common Stock,NASDAQ,True,True,True,26.005,11072896.741499998,399818.85,1.2713857142857148,20,4.889004861702422,3482,2026-10-05T17:49:31+00:00
FLNG,FLEX LNG Ltd. Ordinary Shares,NYSE,True,True,True,31.55,11056041.980500001,350046.55,0.7253928571428574,20,2.2991849671722897,3483,2026-10-05T17:49:31+00:00
WRLD,World Acceptance Corporation Common Stock,NASDAQ,True,True,True,177.19,11055235.4935,61825.4,4.939371428571432,20,2.787612973966608,3484,2026-10-05T17:49:31+00:00
BKKT,"Bakkt, Inc.",NYSE,True,True,True,7.61,11045035.572500002,1326915.7,0.701207142857143,20,9.214285714285717,3485,2026-10-05T17:49:31+00:00
SSMR,Sunshine Silver Mining & Refining Company,NYSE,False,False,True,15.43,11043273.804500002,667321.3,1.027857142857143,20,6.661420238866773,3486,2026-10-05T17:49:31+00:00
SPGP,Invesco S&P 500 GARP ETF,ARCA,True,True,True,120.54,11035003.106749998,91175.3,1.1402214285714283,20,0.9459278484913127,3487,2026-10-05T17:49:31+00:00
WS,"Worthington Steel, Inc.",NYSE,True,True,True,38.96,11031355.581,316816.9,1.4865214285714288,20,3.815506746846583,3488,2026-10-05T17:49:31+00:00
CTRN,"Citi Trends, Inc. Common Stock",NASDAQ,True,True,True,47.24,11008867.754,198495.4,2.4793214285714287,20,5.248351880972542,3489,2026-10-05T17:49:31+00:00
UTF,"Cohen & Steers  Infrastructure Fund, Inc.",NYSE,True,True,True,25.1254,10950743.645490002,439631.6,0.40879999999999966,20,1.6270387735120622,3490,2026-10-05T17:49:31+00:00
CYRX,"CryoPort, Inc. Common Stock",NASDAQ,True,True,True,18.08,10947627.729,647792.5,0.5710714285714287,20,3.158580910240203,3491,2026-10-05T17:49:31+00:00
KMTS,"Kestra Medical Technologies, Ltd. Common Stock",NASDAQ,True,True,True,27.84,10927210.369499998,428522.25,1.296292857142857,20,4.656224343185549,3492,2026-10-05T17:49:31+00:00
OOMA,"Ooma, Inc. Common Stock",NYSE,True,True,True,20.91,10922628.786500001,494024.45,0.8392785714285717,20,4.013766482202638,3493,2026-10-05T17:49:31+00:00
IVOO,Vanguard S&P Mid-Cap 400 ETF,ARCA,True,True,True,125.12,10922018.093999999,87944.5,1.3968714285714279,20,1.1164253744976245,3494,2026-10-05T17:49:31+00:00
PMBS,PIMCO ETF Trust PIMCO Mortgage-Backed Securities Active Exchange-Traded Fund,NASDAQ,True,True,True,45.81,10890747.217860002,232915.5,0.3635714285714283,20,0.793650793650793,3495,2026-10-05T17:49:31+00:00
QTTB,Q32 Bio Inc. Common Stock,NASDAQ,True,True,True,8.48,10887619.8145,1161600.7,0.7897071428571427,20,9.312584231805927,3496,2026-10-05T17:49:31+00:00
CRMG,Themes ETF Trust Leverage Shares 2X Long CRM Daily ETF,NASDAQ,False,False,True,7.855,10882896.549390001,1241701.95,0.540057142857143,20,6.875329635355099,3497,2026-10-05T17:49:31+00:00
IBTK,iShares Trust iShares iBonds Dec 2030 Term Treasury ETF,NASDAQ,False,False,True,18.935,10879542.840300001,571075.4,0.061771428571429,20,0.3262288279452284,3498,2026-10-05T17:49:31+00:00
DEM,WisdomTree Emerging Markets High Dividend Fund,ARCA,True,True,True,55.795,10877188.991500001,194109.35,0.6137357142857139,20,1.0999833574437026,3499,2026-10-05T17:49:31+00:00
ASC,ARDMORE SHIPPING CORPORATION,NYSE,True,True,True,19.405,10864842.93525,586370.85,0.6444500000000003,20,3.3210512754444745,3500,2026-10-05T17:49:31+00:00
