id,family,side,desc,cond,split,n,sessions,exp_bps,t,win,gross_bps,per_session,avg_hold,excess_bps,n_rsi,thr,entry,exit,k,g,conf,inst
F1_C0_all_L,F1,long,overnight MOC->MOO if C0_all,C0_all,train,1277566,1748.0,-2.23,-1.03,0.494,5.0,730.9,1.0,0.0,,,,,,,,
F1_C0_all_L,F1,long,overnight MOC->MOO if C0_all,C0_all,valid1,405663,460.0,-0.61,-0.22,0.491,5.77,881.9,1.0,0.0,,,,,,,,
F1_C0_all_L,F1,long,overnight MOC->MOO if C0_all,C0_all,valid2,399075,404.0,-0.06,-0.02,0.485,5.77,987.8,1.0,0.0,,,,,,,,
F1_C0_all_L,F1,long,overnight MOC->MOO if C0_all,C0_all,trainvalid1,1683229,2208.0,-1.84,-1.04,0.493,5.19,762.3,1.0,0.0,,,,,,,,
F1_C0_all_L,F1,long,overnight MOC->MOO if C0_all,C0_all,all_open,2082304,2612.0,-1.5,-0.94,0.492,5.3,797.2,1.0,0.0,,,,,,,,
F1_C0_all_L,F1,long,overnight MOC->MOO if C0_all,C0_all,month_up,703936,876.0,8.03,3.24,0.508,14.81,803.6,1.0,0.0,,,,,,,,
F1_C0_all_L,F1,long,overnight MOC->MOO if C0_all,C0_all,year_up,1695609,2110.0,-0.12,-0.07,0.496,6.65,803.6,1.0,0.0,,,,,,,,
F1_C0_all_L,F1,long,overnight MOC->MOO if C0_all,C0_all,month_flat,656962,854.0,1.75,0.86,0.506,8.67,769.3,1.0,0.0,,,,,,,,
F1_C0_all_L,F1,long,overnight MOC->MOO if C0_all,C0_all,year_flat,0,,,,,,,,,,,,,,,,
F1_C0_all_L,F1,long,overnight MOC->MOO if C0_all,C0_all,month_down,721406,882.0,-13.77,-4.01,0.463,-7.05,817.9,1.0,-0.0,,,,,,,,
F1_C0_all_L,F1,long,overnight MOC->MOO if C0_all,C0_all,year_down,386695,502.0,-7.54,-2.06,0.475,-0.62,770.3,1.0,0.0,,,,,,,,
F1_C0_all_L,F1,long,overnight MOC->MOO if C0_all,C0_all,day_up,697700,872.0,-3.53,-1.15,0.483,3.28,800.1,1.0,0.0,,,,,,,,
F1_C0_all_L,F1,long,overnight MOC->MOO if C0_all,C0_all,day_flat,679797,869.0,-0.17,-0.09,0.488,6.63,782.3,1.0,-0.0,,,,,,,,
F1_C0_all_L,F1,long,overnight MOC->MOO if C0_all,C0_all,day_down,704807,871.0,-0.77,-0.25,0.503,6.02,809.2,1.0,0.0,,,,,,,,
F1_C0_all_L,F1,long,overnight MOC->MOO if C0_all,C0_all,y2016,145263,238.0,-7.48,-2.13,0.451,1.2,610.3,1.0,0.0,,,,,,,,
F1_C0_all_L,F1,long,overnight MOC->MOO if C0_all,C0_all,y2017,163738,251.0,-1.59,-0.91,0.475,6.29,652.3,1.0,-0.0,,,,,,,,
F1_C0_all_L,F1,long,overnight MOC->MOO if C0_all,C0_all,y2018,175157,251.0,-3.17,-0.92,0.493,4.19,697.8,1.0,0.0,,,,,,,,
F1_C0_all_L,F1,long,overnight MOC->MOO if C0_all,C0_all,y2019,182275,252.0,-0.61,-0.19,0.504,6.59,723.3,1.0,-0.0,,,,,,,,
F1_C0_all_L,F1,long,overnight MOC->MOO if C0_all,C0_all,y2020,192168,253.0,2.91,0.26,0.531,10.41,759.6,1.0,-0.0,,,,,,,,
F1_C0_all_L,F1,long,overnight MOC->MOO if C0_all,C0_all,y2021,207427,252.0,4.62,1.27,0.532,10.74,823.1,1.0,0.0,,,,,,,,
F1_C0_all_L,F1,long,overnight MOC->MOO if C0_all,C0_all,y2022,211538,251.0,-11.16,-1.84,0.46,-4.61,842.8,1.0,0.0,,,,,,,,
F1_C0_all_L,F1,long,overnight MOC->MOO if C0_all,C0_all,y2023,216132,250.0,-3.51,-0.98,0.47,3.03,864.5,1.0,0.0,,,,,,,,
F1_C0_all_L,F1,long,overnight MOC->MOO if C0_all,C0_all,y2024,189531,210.0,2.71,0.65,0.516,8.89,902.5,1.0,0.0,,,,,,,,
F1_C0_all_L,F1,long,overnight MOC->MOO if C0_all,C0_all,y2025,204613,211.0,-1.98,-0.35,0.484,4.06,969.7,1.0,0.0,,,,,,,,
F1_C0_all_L,F1,long,overnight MOC->MOO if C0_all,C0_all,y2026,194462,193.0,1.95,0.42,0.486,7.58,1007.6,1.0,-0.0,,,,,,,,
F1_C0_all_S,F1,short,overnight MOC->MOO if C0_all,C0_all,train,1277566,1748.0,-13.43,-6.17,0.395,-5.0,730.9,1.0,-0.0,,,,,,,,
F1_C0_all_S,F1,short,overnight MOC->MOO if C0_all,C0_all,valid1,405663,460.0,-13.34,-4.89,0.413,-5.77,881.9,1.0,-0.0,,,,,,,,
F1_C0_all_S,F1,short,overnight MOC->MOO if C0_all,C0_all,valid2,399075,404.0,-12.8,-3.51,0.434,-5.77,987.8,1.0,-0.0,,,,,,,,
F1_C0_all_S,F1,short,overnight MOC->MOO if C0_all,C0_all,trainvalid1,1683229,2208.0,-13.41,-7.54,0.399,-5.19,762.3,1.0,-0.0,,,,,,,,
F1_C0_all_S,F1,short,overnight MOC->MOO if C0_all,C0_all,all_open,2082304,2612.0,-13.29,-8.32,0.406,-5.3,797.2,1.0,-0.0,,,,,,,,
F1_C0_all_S,F1,short,overnight MOC->MOO if C0_all,C0_all,month_up,703936,876.0,-22.8,-9.19,0.391,-14.81,803.6,1.0,-0.0,,,,,,,,
F1_C0_all_S,F1,short,overnight MOC->MOO if C0_all,C0_all,year_up,1695609,2110.0,-14.62,-8.23,0.4,-6.65,803.6,1.0,-0.0,,,,,,,,
F1_C0_all_S,F1,short,overnight MOC->MOO if C0_all,C0_all,month_flat,656962,854.0,-16.76,-8.26,0.373,-8.67,769.3,1.0,-0.0,,,,,,,,
F1_C0_all_S,F1,short,overnight MOC->MOO if C0_all,C0_all,year_flat,0,,,,,,,,,,,,,,,,
F1_C0_all_S,F1,short,overnight MOC->MOO if C0_all,C0_all,month_down,721406,882.0,-0.86,-0.25,0.45,7.05,817.9,1.0,0.0,,,,,,,,
F1_C0_all_S,F1,short,overnight MOC->MOO if C0_all,C0_all,year_down,386695,502.0,-7.49,-2.04,0.43,0.62,770.3,1.0,-0.0,,,,,,,,
F1_C0_all_S,F1,short,overnight MOC->MOO if C0_all,C0_all,day_up,697700,872.0,-11.31,-3.68,0.417,-3.28,800.1,1.0,-0.0,,,,,,,,
F1_C0_all_S,F1,short,overnight MOC->MOO if C0_all,C0_all,day_flat,679797,869.0,-14.64,-7.69,0.394,-6.63,782.3,1.0,0.0,,,,,,,,
F1_C0_all_S,F1,short,overnight MOC->MOO if C0_all,C0_all,day_down,704807,871.0,-13.96,-4.49,0.406,-6.02,809.2,1.0,-0.0,,,,,,,,
F1_C0_all_S,F1,short,overnight MOC->MOO if C0_all,C0_all,y2016,145263,238.0,-11.06,-3.16,0.402,-1.2,610.3,1.0,-0.0,,,,,,,,
F1_C0_all_S,F1,short,overnight MOC->MOO if C0_all,C0_all,y2017,163738,251.0,-15.36,-8.81,0.346,-6.29,652.3,1.0,0.0,,,,,,,,
F1_C0_all_S,F1,short,overnight MOC->MOO if C0_all,C0_all,y2018,175157,251.0,-12.75,-3.7,0.378,-4.19,697.8,1.0,-0.0,,,,,,,,
F1_C0_all_S,F1,short,overnight MOC->MOO if C0_all,C0_all,y2019,182275,252.0,-14.98,-4.74,0.371,-6.59,723.3,1.0,0.0,,,,,,,,
F1_C0_all_S,F1,short,overnight MOC->MOO if C0_all,C0_all,y2020,192168,253.0,-19.1,-1.74,0.401,-10.41,759.6,1.0,0.0,,,,,,,,
F1_C0_all_S,F1,short,overnight MOC->MOO if C0_all,C0_all,y2021,207427,252.0,-18.05,-4.97,0.375,-10.74,823.1,1.0,-0.0,,,,,,,,
F1_C0_all_S,F1,short,overnight MOC->MOO if C0_all,C0_all,y2022,211538,251.0,-3.13,-0.52,0.473,4.61,842.8,1.0,-0.0,,,,,,,,
F1_C0_all_S,F1,short,overnight MOC->MOO if C0_all,C0_all,y2023,216132,250.0,-10.77,-3.02,0.436,-3.03,864.5,1.0,-0.0,,,,,,,,
F1_C0_all_S,F1,short,overnight MOC->MOO if C0_all,C0_all,y2024,189531,210.0,-16.26,-3.9,0.386,-8.89,902.5,1.0,-0.0,,,,,,,,
F1_C0_all_S,F1,short,overnight MOC->MOO if C0_all,C0_all,y2025,204613,211.0,-11.29,-2.02,0.422,-4.06,969.7,1.0,-0.0,,,,,,,,
F1_C0_all_S,F1,short,overnight MOC->MOO if C0_all,C0_all,y2026,194462,193.0,-14.4,-3.11,0.446,-7.58,1007.6,1.0,0.0,,,,,,,,
F1_o2c_bot10_L,F1,long,overnight MOC->MOO if o2c_bot10,o2c_bot10,train,128568,1748.0,-3.57,-1.22,0.493,4.9,73.6,1.0,-0.11,,,,,,,,
F1_o2c_bot10_L,F1,long,overnight MOC->MOO if o2c_bot10,o2c_bot10,valid1,40777,460.0,-0.39,-0.1,0.49,7.51,88.6,1.0,1.74,,,,,,,,
F1_o2c_bot10_L,F1,long,overnight MOC->MOO if o2c_bot10,o2c_bot10,valid2,40044,404.0,5.78,0.96,0.507,12.83,99.1,1.0,7.04,,,,,,,,
F1_o2c_bot10_L,F1,long,overnight MOC->MOO if o2c_bot10,o2c_bot10,trainvalid1,169345,2208.0,-2.81,-1.15,0.492,5.52,76.7,1.0,0.33,,,,,,,,
F1_o2c_bot10_L,F1,long,overnight MOC->MOO if o2c_bot10,o2c_bot10,all_open,209389,2612.0,-1.16,-0.51,0.495,6.92,80.2,1.0,1.62,,,,,,,,
F1_o2c_bot10_L,F1,long,overnight MOC->MOO if o2c_bot10,o2c_bot10,month_up,70794,876.0,12.28,3.53,0.515,20.33,80.8,1.0,5.51,,,,,,,,
F1_o2c_bot10_L,F1,long,overnight MOC->MOO if o2c_bot10,o2c_bot10,year_up,170496,2110.0,0.23,0.09,0.5,8.35,80.8,1.0,1.69,,,,,,,,
F1_o2c_bot10_L,F1,long,overnight MOC->MOO if o2c_bot10,o2c_bot10,month_flat,66077,854.0,0.22,0.07,0.508,8.4,77.4,1.0,-0.27,,,,,,,,
F1_o2c_bot10_L,F1,long,overnight MOC->MOO if o2c_bot10,o2c_bot10,year_flat,0,,,,,,,,,,,,,,,,
F1_o2c_bot10_L,F1,long,overnight MOC->MOO if o2c_bot10,o2c_bot10,month_down,72518,882.0,-15.55,-3.26,0.465,-7.52,82.2,1.0,-0.47,,,,,,,,
F1_o2c_bot10_L,F1,long,overnight MOC->MOO if o2c_bot10,o2c_bot10,year_down,38893,502.0,-7.26,-1.45,0.476,0.67,77.5,1.0,1.3,,,,,,,,
F1_o2c_bot10_L,F1,long,overnight MOC->MOO if o2c_bot10,o2c_bot10,day_up,70158,872.0,-1.12,-0.3,0.493,6.55,80.5,1.0,3.26,,,,,,,,
F1_o2c_bot10_L,F1,long,overnight MOC->MOO if o2c_bot10,o2c_bot10,day_flat,68378,869.0,0.65,0.22,0.494,8.74,78.7,1.0,2.1,,,,,,,,
F1_o2c_bot10_L,F1,long,overnight MOC->MOO if o2c_bot10,o2c_bot10,day_down,70853,871.0,-2.96,-0.6,0.499,5.54,81.3,1.0,-0.48,,,,,,,,
F1_o2c_bot10_L,F1,long,overnight MOC->MOO if o2c_bot10,o2c_bot10,y2016,14647,238.0,-5.33,-1.21,0.471,4.71,61.5,1.0,3.5,,,,,,,,
F1_o2c_bot10_L,F1,long,overnight MOC->MOO if o2c_bot10,o2c_bot10,y2017,16495,251.0,-2.07,-0.85,0.48,7.3,65.7,1.0,1.01,,,,,,,,
F1_o2c_bot10_L,F1,long,overnight MOC->MOO if o2c_bot10,o2c_bot10,y2018,17628,251.0,-2.81,-0.63,0.49,5.47,70.2,1.0,1.28,,,,,,,,
F1_o2c_bot10_L,F1,long,overnight MOC->MOO if o2c_bot10,o2c_bot10,y2019,18334,252.0,-0.94,-0.24,0.498,7.5,72.8,1.0,0.92,,,,,,,,
F1_o2c_bot10_L,F1,long,overnight MOC->MOO if o2c_bot10,o2c_bot10,y2020,19337,253.0,-5.56,-0.39,0.521,3.74,76.4,1.0,-6.7,,,,,,,,
F1_o2c_bot10_L,F1,long,overnight MOC->MOO if o2c_bot10,o2c_bot10,y2021,20862,252.0,2.89,0.46,0.521,9.78,82.8,1.0,-0.98,,,,,,,,
F1_o2c_bot10_L,F1,long,overnight MOC->MOO if o2c_bot10,o2c_bot10,y2022,21265,251.0,-10.95,-1.31,0.464,-3.31,84.7,1.0,1.31,,,,,,,,
F1_o2c_bot10_L,F1,long,overnight MOC->MOO if o2c_bot10,o2c_bot10,y2023,21733,250.0,-5.28,-1.1,0.462,2.69,86.9,1.0,-0.34,,,,,,,,
F1_o2c_bot10_L,F1,long,overnight MOC->MOO if o2c_bot10,o2c_bot10,y2024,19044,210.0,5.19,0.76,0.522,13.01,90.7,1.0,4.13,,,,,,,,
F1_o2c_bot10_L,F1,long,overnight MOC->MOO if o2c_bot10,o2c_bot10,y2025,20543,211.0,5.83,0.74,0.522,13.24,97.4,1.0,9.16,,,,,,,,
F1_o2c_bot10_L,F1,long,overnight MOC->MOO if o2c_bot10,o2c_bot10,y2026,19501,193.0,5.74,0.63,0.491,12.4,101.0,1.0,4.81,,,,,,,,
F1_o2c_bot10_S,F1,short,overnight MOC->MOO if o2c_bot10,o2c_bot10,train,128568,1748.0,-14.55,-4.97,0.401,-4.9,73.6,1.0,0.11,,,,,,,,
F1_o2c_bot10_S,F1,short,overnight MOC->MOO if o2c_bot10,o2c_bot10,valid1,40777,460.0,-16.6,-4.06,0.417,-7.51,88.6,1.0,-1.74,,,,,,,,
F1_o2c_bot10_S,F1,short,overnight MOC->MOO if o2c_bot10,o2c_bot10,valid2,40044,404.0,-21.07,-3.52,0.422,-12.83,99.1,1.0,-7.04,,,,,,,,
F1_o2c_bot10_S,F1,short,overnight MOC->MOO if o2c_bot10,o2c_bot10,trainvalid1,169345,2208.0,-15.05,-6.19,0.404,-5.52,76.7,1.0,-0.33,,,,,,,,
F1_o2c_bot10_S,F1,short,overnight MOC->MOO if o2c_bot10,o2c_bot10,all_open,209389,2612.0,-16.2,-7.12,0.408,-6.92,80.2,1.0,-1.62,,,,,,,,
F1_o2c_bot10_S,F1,short,overnight MOC->MOO if o2c_bot10,o2c_bot10,month_up,70794,876.0,-29.59,-8.49,0.39,-20.33,80.8,1.0,-5.51,,,,,,,,
F1_o2c_bot10_S,F1,short,overnight MOC->MOO if o2c_bot10,o2c_bot10,year_up,170496,2110.0,-17.66,-6.93,0.402,-8.35,80.8,1.0,-1.69,,,,,,,,
F1_o2c_bot10_S,F1,short,overnight MOC->MOO if o2c_bot10,o2c_bot10,month_flat,66077,854.0,-17.76,-5.52,0.376,-8.4,77.4,1.0,0.27,,,,,,,,
F1_o2c_bot10_S,F1,short,overnight MOC->MOO if o2c_bot10,o2c_bot10,year_flat,0,,,,,,,,,,,,,,,,
F1_o2c_bot10_S,F1,short,overnight MOC->MOO if o2c_bot10,o2c_bot10,month_down,72518,882.0,-1.71,-0.36,0.454,7.52,82.2,1.0,0.47,,,,,,,,
F1_o2c_bot10_S,F1,short,overnight MOC->MOO if o2c_bot10,o2c_bot10,year_down,38893,502.0,-9.81,-1.96,0.434,-0.67,77.5,1.0,-1.3,,,,,,,,
F1_o2c_bot10_S,F1,short,overnight MOC->MOO if o2c_bot10,o2c_bot10,day_up,70158,872.0,-15.44,-4.19,0.406,-6.55,80.5,1.0,-3.26,,,,,,,,
F1_o2c_bot10_S,F1,short,overnight MOC->MOO if o2c_bot10,o2c_bot10,day_flat,68378,869.0,-18.02,-6.15,0.396,-8.74,78.7,1.0,-2.1,,,,,,,,
F1_o2c_bot10_S,F1,short,overnight MOC->MOO if o2c_bot10,o2c_bot10,day_down,70853,871.0,-15.19,-3.11,0.42,-5.54,81.3,1.0,0.48,,,,,,,,
F1_o2c_bot10_S,F1,short,overnight MOC->MOO if o2c_bot10,o2c_bot10,y2016,14647,238.0,-15.94,-3.62,0.394,-4.71,61.5,1.0,-3.5,,,,,,,,
F1_o2c_bot10_S,F1,short,overnight MOC->MOO if o2c_bot10,o2c_bot10,y2017,16495,251.0,-17.86,-7.37,0.349,-7.3,65.7,1.0,-1.01,,,,,,,,
F1_o2c_bot10_S,F1,short,overnight MOC->MOO if o2c_bot10,o2c_bot10,y2018,17628,251.0,-14.96,-3.35,0.388,-5.47,70.2,1.0,-1.28,,,,,,,,
F1_o2c_bot10_S,F1,short,overnight MOC->MOO if o2c_bot10,o2c_bot10,y2019,18334,252.0,-17.12,-4.37,0.374,-7.5,72.8,1.0,-0.92,,,,,,,,
F1_o2c_bot10_S,F1,short,overnight MOC->MOO if o2c_bot10,o2c_bot10,y2020,19337,253.0,-14.24,-1.0,0.412,-3.74,76.4,1.0,6.7,,,,,,,,
F1_o2c_bot10_S,F1,short,overnight MOC->MOO if o2c_bot10,o2c_bot10,y2021,20862,252.0,-17.86,-2.81,0.397,-9.78,82.8,1.0,0.98,,,,,,,,
F1_o2c_bot10_S,F1,short,overnight MOC->MOO if o2c_bot10,o2c_bot10,y2022,21265,251.0,-5.54,-0.66,0.472,3.31,84.7,1.0,-1.31,,,,,,,,
F1_o2c_bot10_S,F1,short,overnight MOC->MOO if o2c_bot10,o2c_bot10,y2023,21733,250.0,-11.85,-2.47,0.443,-2.69,86.9,1.0,0.34,,,,,,,,
F1_o2c_bot10_S,F1,short,overnight MOC->MOO if o2c_bot10,o2c_bot10,y2024,19044,210.0,-22.01,-3.24,0.387,-13.01,90.7,1.0,-4.13,,,,,,,,
F1_o2c_bot10_S,F1,short,overnight MOC->MOO if o2c_bot10,o2c_bot10,y2025,20543,211.0,-21.84,-2.77,0.396,-13.24,97.4,1.0,-9.16,,,,,,,,
F1_o2c_bot10_S,F1,short,overnight MOC->MOO if o2c_bot10,o2c_bot10,y2026,19501,193.0,-20.26,-2.24,0.449,-12.4,101.0,1.0,-4.81,,,,,,,,
F1_o2c_top10_L,F1,long,overnight MOC->MOO if o2c_top10,o2c_top10,train,128564,1748.0,-0.29,-0.11,0.489,7.87,73.5,1.0,2.86,,,,,,,,
F1_o2c_top10_L,F1,long,overnight MOC->MOO if o2c_top10,o2c_top10,valid1,40777,460.0,3.29,0.85,0.488,10.88,88.6,1.0,5.12,,,,,,,,
F1_o2c_top10_L,F1,long,overnight MOC->MOO if o2c_top10,o2c_top10,valid2,40045,404.0,1.77,0.29,0.484,8.58,99.1,1.0,2.79,,,,,,,,
F1_o2c_top10_L,F1,long,overnight MOC->MOO if o2c_top10,o2c_top10,trainvalid1,169341,2208.0,0.57,0.26,0.489,8.59,76.7,1.0,3.4,,,,,,,,
F1_o2c_top10_L,F1,long,overnight MOC->MOO if o2c_top10,o2c_top10,all_open,209386,2612.0,0.8,0.38,0.488,8.59,80.2,1.0,3.29,,,,,,,,
F1_o2c_top10_L,F1,long,overnight MOC->MOO if o2c_top10,o2c_top10,month_up,70793,876.0,11.73,3.54,0.506,19.56,80.8,1.0,4.74,,,,,,,,
F1_o2c_top10_L,F1,long,overnight MOC->MOO if o2c_top10,o2c_top10,year_up,170492,2110.0,3.39,1.43,0.494,11.2,80.8,1.0,4.54,,,,,,,,
F1_o2c_top10_L,F1,long,overnight MOC->MOO if o2c_top10,o2c_top10,month_flat,66075,854.0,5.91,2.0,0.498,13.83,77.4,1.0,5.17,,,,,,,,
F1_o2c_top10_L,F1,long,overnight MOC->MOO if o2c_top10,o2c_top10,year_flat,0,,,,,,,,,,,,,,,,
F1_o2c_top10_L,F1,long,overnight MOC->MOO if o2c_top10,o2c_top10,month_down,72518,882.0,-14.53,-3.31,0.462,-6.9,82.2,1.0,0.15,,,,,,,,
F1_o2c_top10_L,F1,long,overnight MOC->MOO if o2c_top10,o2c_top10,year_down,38894,502.0,-10.57,-2.29,0.461,-2.85,77.5,1.0,-2.23,,,,,,,,
F1_o2c_top10_L,F1,long,overnight MOC->MOO if o2c_top10,o2c_top10,day_up,70152,872.0,0.35,0.08,0.485,8.54,80.4,1.0,5.26,,,,,,,,
F1_o2c_top10_L,F1,long,overnight MOC->MOO if o2c_top10,o2c_top10,day_flat,68377,869.0,0.24,0.09,0.481,8.07,78.7,1.0,1.43,,,,,,,,
F1_o2c_top10_L,F1,long,overnight MOC->MOO if o2c_top10,o2c_top10,day_down,70857,871.0,1.79,0.52,0.498,9.14,81.4,1.0,3.12,,,,,,,,
F1_o2c_top10_L,F1,long,overnight MOC->MOO if o2c_top10,o2c_top10,y2016,14644,238.0,-6.52,-1.47,0.449,3.46,61.5,1.0,2.27,,,,,,,,
F1_o2c_top10_L,F1,long,overnight MOC->MOO if o2c_top10,o2c_top10,y2017,16494,251.0,-1.13,-0.52,0.466,7.84,65.7,1.0,1.55,,,,,,,,
F1_o2c_top10_L,F1,long,overnight MOC->MOO if o2c_top10,o2c_top10,y2018,17629,251.0,-3.03,-0.76,0.488,4.95,70.2,1.0,0.75,,,,,,,,
F1_o2c_top10_L,F1,long,overnight MOC->MOO if o2c_top10,o2c_top10,y2019,18334,252.0,-2.73,-0.71,0.491,5.44,72.8,1.0,-1.14,,,,,,,,
F1_o2c_top10_L,F1,long,overnight MOC->MOO if o2c_top10,o2c_top10,y2020,19336,253.0,17.72,1.4,0.549,26.34,76.4,1.0,15.9,,,,,,,,
F1_o2c_top10_L,F1,long,overnight MOC->MOO if o2c_top10,o2c_top10,y2021,20862,252.0,9.35,1.97,0.534,15.97,82.8,1.0,5.21,,,,,,,,
F1_o2c_top10_L,F1,long,overnight MOC->MOO if o2c_top10,o2c_top10,y2022,21265,251.0,-16.82,-2.17,0.438,-9.32,84.7,1.0,-4.7,,,,,,,,
F1_o2c_top10_L,F1,long,overnight MOC->MOO if o2c_top10,o2c_top10,y2023,21733,250.0,-0.19,-0.04,0.471,7.54,86.9,1.0,4.51,,,,,,,,
F1_o2c_top10_L,F1,long,overnight MOC->MOO if o2c_top10,o2c_top10,y2024,19044,210.0,7.26,1.22,0.508,14.7,90.7,1.0,5.82,,,,,,,,
F1_o2c_top10_L,F1,long,overnight MOC->MOO if o2c_top10,o2c_top10,y2025,20545,211.0,1.77,0.2,0.486,8.99,97.4,1.0,4.89,,,,,,,,
F1_o2c_top10_L,F1,long,overnight MOC->MOO if o2c_top10,o2c_top10,y2026,19500,193.0,1.76,0.21,0.482,8.16,101.0,1.0,0.57,,,,,,,,
F1_o2c_top10_S,F1,short,overnight MOC->MOO if o2c_top10,o2c_top10,train,128564,1748.0,-17.21,-6.57,0.407,-7.87,73.5,1.0,-2.86,,,,,,,,
F1_o2c_top10_S,F1,short,overnight MOC->MOO if o2c_top10,o2c_top10,valid1,40777,460.0,-19.67,-5.09,0.423,-10.88,88.6,1.0,-5.12,,,,,,,,
F1_o2c_top10_S,F1,short,overnight MOC->MOO if o2c_top10,o2c_top10,valid2,40045,404.0,-16.59,-2.74,0.446,-8.58,99.1,1.0,-2.79,,,,,,,,
F1_o2c_top10_S,F1,short,overnight MOC->MOO if o2c_top10,o2c_top10,trainvalid1,169341,2208.0,-17.8,-8.11,0.411,-8.59,76.7,1.0,-3.4,,,,,,,,
F1_o2c_top10_S,F1,short,overnight MOC->MOO if o2c_top10,o2c_top10,all_open,209386,2612.0,-17.57,-8.29,0.418,-8.59,80.2,1.0,-3.29,,,,,,,,
F1_o2c_top10_S,F1,short,overnight MOC->MOO if o2c_top10,o2c_top10,month_up,70793,876.0,-28.6,-8.61,0.403,-19.56,80.8,1.0,-4.74,,,,,,,,
F1_o2c_top10_S,F1,short,overnight MOC->MOO if o2c_top10,o2c_top10,year_up,170492,2110.0,-20.2,-8.5,0.41,-11.2,80.8,1.0,-4.54,,,,,,,,
F1_o2c_top10_S,F1,short,overnight MOC->MOO if o2c_top10,o2c_top10,month_flat,66075,854.0,-22.94,-7.77,0.39,-13.83,77.4,1.0,-5.17,,,,,,,,
F1_o2c_top10_S,F1,short,overnight MOC->MOO if o2c_top10,o2c_top10,year_flat,0,,,,,,,,,,,,,,,,
F1_o2c_top10_S,F1,short,overnight MOC->MOO if o2c_top10,o2c_top10,month_down,72518,882.0,-1.92,-0.44,0.457,6.9,82.2,1.0,-0.15,,,,,,,,
F1_o2c_top10_S,F1,short,overnight MOC->MOO if o2c_top10,o2c_top10,year_down,38894,502.0,-6.06,-1.31,0.449,2.85,77.5,1.0,2.23,,,,,,,,
F1_o2c_top10_S,F1,short,overnight MOC->MOO if o2c_top10,o2c_top10,day_up,70152,872.0,-17.97,-3.98,0.432,-8.54,80.4,1.0,-5.26,,,,,,,,
F1_o2c_top10_S,F1,short,overnight MOC->MOO if o2c_top10,o2c_top10,day_flat,68377,869.0,-17.1,-6.04,0.41,-8.07,78.7,1.0,-1.43,,,,,,,,
F1_o2c_top10_S,F1,short,overnight MOC->MOO if o2c_top10,o2c_top10,day_down,70857,871.0,-17.64,-5.14,0.411,-9.14,81.4,1.0,-3.12,,,,,,,,
F1_o2c_top10_S,F1,short,overnight MOC->MOO if o2c_top10,o2c_top10,y2016,14644,238.0,-14.63,-3.29,0.414,-3.46,61.5,1.0,-2.27,,,,,,,,
F1_o2c_top10_S,F1,short,overnight MOC->MOO if o2c_top10,o2c_top10,y2017,16494,251.0,-18.0,-8.24,0.37,-7.84,65.7,1.0,-1.55,,,,,,,,
F1_o2c_top10_S,F1,short,overnight MOC->MOO if o2c_top10,o2c_top10,y2018,17629,251.0,-14.11,-3.53,0.384,-4.95,70.2,1.0,-0.75,,,,,,,,
F1_o2c_top10_S,F1,short,overnight MOC->MOO if o2c_top10,o2c_top10,y2019,18334,252.0,-14.79,-3.86,0.391,-5.44,72.8,1.0,1.14,,,,,,,,
F1_o2c_top10_S,F1,short,overnight MOC->MOO if o2c_top10,o2c_top10,y2020,19336,253.0,-36.15,-2.86,0.389,-26.34,76.4,1.0,-15.9,,,,,,,,
F1_o2c_top10_S,F1,short,overnight MOC->MOO if o2c_top10,o2c_top10,y2021,20862,252.0,-23.78,-4.98,0.384,-15.97,82.8,1.0,-5.21,,,,,,,,
F1_o2c_top10_S,F1,short,overnight MOC->MOO if o2c_top10,o2c_top10,y2022,21265,251.0,0.61,0.08,0.503,9.32,84.7,1.0,4.7,,,,,,,,
F1_o2c_top10_S,F1,short,overnight MOC->MOO if o2c_top10,o2c_top10,y2023,21733,250.0,-16.46,-3.29,0.44,-7.54,86.9,1.0,-4.51,,,,,,,,
F1_o2c_top10_S,F1,short,overnight MOC->MOO if o2c_top10,o2c_top10,y2024,19044,210.0,-23.32,-3.91,0.404,-14.7,90.7,1.0,-5.82,,,,,,,,
F1_o2c_top10_S,F1,short,overnight MOC->MOO if o2c_top10,o2c_top10,y2025,20545,211.0,-17.39,-2.0,0.433,-8.99,97.4,1.0,-4.89,,,,,,,,
F1_o2c_top10_S,F1,short,overnight MOC->MOO if o2c_top10,o2c_top10,y2026,19500,193.0,-15.75,-1.88,0.459,-8.16,101.0,1.0,-0.57,,,,,,,,
F1_clv_lt10_L,F1,long,overnight MOC->MOO if clv_lt10,clv_lt10,train,143736,1731.0,0.86,0.21,0.507,8.17,83.0,1.0,2.28,,,,,,,,
F1_clv_lt10_L,F1,long,overnight MOC->MOO if clv_lt10,clv_lt10,valid1,45320,459.0,4.71,1.2,0.515,11.26,98.7,1.0,1.68,,,,,,,,
F1_clv_lt10_L,F1,long,overnight MOC->MOO if clv_lt10,clv_lt10,valid2,44078,403.0,8.05,1.35,0.522,14.01,109.4,1.0,6.56,,,,,,,,
F1_clv_lt10_L,F1,long,overnight MOC->MOO if clv_lt10,clv_lt10,trainvalid1,189056,2190.0,1.78,0.55,0.509,8.91,86.3,1.0,2.14,,,,,,,,
F1_clv_lt10_L,F1,long,overnight MOC->MOO if clv_lt10,clv_lt10,all_open,233134,2593.0,2.97,1.04,0.512,9.88,89.9,1.0,2.97,,,,,,,,
F1_clv_lt10_L,F1,long,overnight MOC->MOO if clv_lt10,clv_lt10,month_up,70217,872.0,17.2,3.68,0.544,24.16,80.5,1.0,3.51,,,,,,,,
F1_clv_lt10_L,F1,long,overnight MOC->MOO if clv_lt10,clv_lt10,year_up,184283,2101.0,5.14,1.81,0.518,12.04,87.7,1.0,3.17,,,,,,,,
F1_clv_lt10_L,F1,long,overnight MOC->MOO if clv_lt10,clv_lt10,month_flat,69433,850.0,3.93,0.9,0.522,10.96,81.7,1.0,1.42,,,,,,,,
F1_clv_lt10_L,F1,long,overnight MOC->MOO if clv_lt10,clv_lt10,year_flat,0,,,,,,,,,,,,,,,,
F1_clv_lt10_L,F1,long,overnight MOC->MOO if clv_lt10,clv_lt10,month_down,93484,871.0,-8.44,-1.63,0.48,-1.66,107.3,1.0,3.73,,,,,,,,
F1_clv_lt10_L,F1,long,overnight MOC->MOO if clv_lt10,clv_lt10,year_down,48851,492.0,-5.24,-0.62,0.487,1.73,99.3,1.0,2.25,,,,,,,,
F1_clv_lt10_L,F1,long,overnight MOC->MOO if clv_lt10,clv_lt10,day_up,25156,853.0,2.09,0.65,0.5,9.06,29.5,1.0,2.92,,,,,,,,
F1_clv_lt10_L,F1,long,overnight MOC->MOO if clv_lt10,clv_lt10,day_flat,60404,869.0,3.69,1.36,0.503,10.69,69.5,1.0,3.08,,,,,,,,
F1_clv_lt10_L,F1,long,overnight MOC->MOO if clv_lt10,clv_lt10,day_down,147574,871.0,2.82,0.65,0.517,9.68,169.4,1.0,2.94,,,,,,,,
F1_clv_lt10_L,F1,long,overnight MOC->MOO if clv_lt10,clv_lt10,y2016,13935,236.0,-5.49,-0.93,0.469,3.2,59.0,1.0,1.57,,,,,,,,
F1_clv_lt10_L,F1,long,overnight MOC->MOO if clv_lt10,clv_lt10,y2017,16115,251.0,4.02,1.51,0.535,12.04,64.2,1.0,2.89,,,,,,,,
F1_clv_lt10_L,F1,long,overnight MOC->MOO if clv_lt10,clv_lt10,y2018,21222,247.0,0.41,0.05,0.52,7.94,85.9,1.0,1.99,,,,,,,,
F1_clv_lt10_L,F1,long,overnight MOC->MOO if clv_lt10,clv_lt10,y2019,17047,252.0,-1.21,-0.25,0.487,6.25,67.6,1.0,2.55,,,,,,,,
F1_clv_lt10_L,F1,long,overnight MOC->MOO if clv_lt10,clv_lt10,y2020,22517,250.0,17.88,1.17,0.553,25.63,90.1,1.0,4.35,,,,,,,,
F1_clv_lt10_L,F1,long,overnight MOC->MOO if clv_lt10,clv_lt10,y2021,25271,250.0,0.38,0.05,0.522,6.65,101.1,1.0,0.34,,,,,,,,
F1_clv_lt10_L,F1,long,overnight MOC->MOO if clv_lt10,clv_lt10,y2022,27629,245.0,-9.59,-0.72,0.462,-3.04,112.8,1.0,2.44,,,,,,,,
F1_clv_lt10_L,F1,long,overnight MOC->MOO if clv_lt10,clv_lt10,y2023,24773,249.0,0.21,0.04,0.488,6.86,99.5,1.0,1.06,,,,,,,,
F1_clv_lt10_L,F1,long,overnight MOC->MOO if clv_lt10,clv_lt10,y2024,20547,210.0,10.13,1.85,0.548,16.56,97.8,1.0,2.42,,,,,,,,
F1_clv_lt10_L,F1,long,overnight MOC->MOO if clv_lt10,clv_lt10,y2025,21614,210.0,3.49,0.35,0.524,9.62,102.9,1.0,5.74,,,,,,,,
F1_clv_lt10_L,F1,long,overnight MOC->MOO if clv_lt10,clv_lt10,y2026,22464,193.0,12.44,1.84,0.521,18.24,116.4,1.0,7.34,,,,,,,,
F1_clv_lt10_S,F1,short,overnight MOC->MOO if clv_lt10,clv_lt10,train,143736,1731.0,-16.65,-4.08,0.39,-8.17,83.0,1.0,-2.28,,,,,,,,
F1_clv_lt10_S,F1,short,overnight MOC->MOO if clv_lt10,clv_lt10,valid1,45320,459.0,-18.92,-4.83,0.389,-11.26,98.7,1.0,-1.68,,,,,,,,
F1_clv_lt10_S,F1,short,overnight MOC->MOO if clv_lt10,clv_lt10,valid2,44078,403.0,-21.11,-3.53,0.398,-14.01,109.4,1.0,-6.56,,,,,,,,
F1_clv_lt10_S,F1,short,overnight MOC->MOO if clv_lt10,clv_lt10,trainvalid1,189056,2190.0,-17.19,-5.3,0.39,-8.91,86.3,1.0,-2.14,,,,,,,,
F1_clv_lt10_S,F1,short,overnight MOC->MOO if clv_lt10,clv_lt10,all_open,233134,2593.0,-17.93,-6.26,0.391,-9.88,89.9,1.0,-2.97,,,,,,,,
F1_clv_lt10_S,F1,short,overnight MOC->MOO if clv_lt10,clv_lt10,month_up,70217,872.0,-32.25,-6.89,0.36,-24.16,80.5,1.0,-3.51,,,,,,,,
F1_clv_lt10_S,F1,short,overnight MOC->MOO if clv_lt10,clv_lt10,year_up,184283,2101.0,-20.07,-7.08,0.381,-12.04,87.7,1.0,-3.17,,,,,,,,
F1_clv_lt10_S,F1,short,overnight MOC->MOO if clv_lt10,clv_lt10,month_flat,69433,850.0,-19.14,-4.4,0.362,-10.96,81.7,1.0,-1.42,,,,,,,,
F1_clv_lt10_S,F1,short,overnight MOC->MOO if clv_lt10,clv_lt10,year_flat,0,,,,,,,,,,,,,,,,
F1_clv_lt10_S,F1,short,overnight MOC->MOO if clv_lt10,clv_lt10,month_down,93484,871.0,-6.28,-1.21,0.437,1.66,107.3,1.0,-3.73,,,,,,,,
F1_clv_lt10_S,F1,short,overnight MOC->MOO if clv_lt10,clv_lt10,year_down,48851,492.0,-9.89,-1.17,0.431,-1.73,99.3,1.0,-2.25,,,,,,,,
F1_clv_lt10_S,F1,short,overnight MOC->MOO if clv_lt10,clv_lt10,day_up,25156,853.0,-17.23,-5.39,0.388,-9.06,29.5,1.0,-2.92,,,,,,,,
F1_clv_lt10_S,F1,short,overnight MOC->MOO if clv_lt10,clv_lt10,day_flat,60404,869.0,-18.85,-7.0,0.379,-10.69,69.5,1.0,-3.08,,,,,,,,
F1_clv_lt10_S,F1,short,overnight MOC->MOO if clv_lt10,clv_lt10,day_down,147574,871.0,-17.68,-4.06,0.397,-9.68,169.4,1.0,-2.94,,,,,,,,
F1_clv_lt10_S,F1,short,overnight MOC->MOO if clv_lt10,clv_lt10,y2016,13935,236.0,-13.05,-2.22,0.389,-3.2,59.0,1.0,-1.57,,,,,,,,
F1_clv_lt10_S,F1,short,overnight MOC->MOO if clv_lt10,clv_lt10,y2017,16115,251.0,-21.25,-8.0,0.288,-12.04,64.2,1.0,-2.89,,,,,,,,
F1_clv_lt10_S,F1,short,overnight MOC->MOO if clv_lt10,clv_lt10,y2018,21222,247.0,-16.62,-1.94,0.369,-7.94,85.9,1.0,-1.99,,,,,,,,
F1_clv_lt10_S,F1,short,overnight MOC->MOO if clv_lt10,clv_lt10,y2019,17047,252.0,-14.9,-3.02,0.384,-6.25,67.6,1.0,-2.55,,,,,,,,
F1_clv_lt10_S,F1,short,overnight MOC->MOO if clv_lt10,clv_lt10,y2020,22517,250.0,-34.46,-2.25,0.382,-25.63,90.1,1.0,-4.35,,,,,,,,
F1_clv_lt10_S,F1,short,overnight MOC->MOO if clv_lt10,clv_lt10,y2021,25271,250.0,-14.06,-1.88,0.388,-6.65,101.1,1.0,-0.34,,,,,,,,
F1_clv_lt10_S,F1,short,overnight MOC->MOO if clv_lt10,clv_lt10,y2022,27629,245.0,-4.72,-0.35,0.478,3.04,112.8,1.0,-2.44,,,,,,,,
F1_clv_lt10_S,F1,short,overnight MOC->MOO if clv_lt10,clv_lt10,y2023,24773,249.0,-14.6,-2.64,0.417,-6.86,99.5,1.0,-1.06,,,,,,,,
F1_clv_lt10_S,F1,short,overnight MOC->MOO if clv_lt10,clv_lt10,y2024,20547,210.0,-24.13,-4.42,0.357,-16.56,97.8,1.0,-2.42,,,,,,,,
F1_clv_lt10_S,F1,short,overnight MOC->MOO if clv_lt10,clv_lt10,y2025,21614,210.0,-16.89,-1.7,0.383,-9.62,102.9,1.0,-5.74,,,,,,,,
F1_clv_lt10_S,F1,short,overnight MOC->MOO if clv_lt10,clv_lt10,y2026,22464,193.0,-25.17,-3.73,0.413,-18.24,116.4,1.0,-7.34,,,,,,,,
F1_clv_gt90_L,F1,long,overnight MOC->MOO if clv_gt90,clv_gt90,train,163214,1723.0,-10.87,-2.45,0.463,-3.77,94.7,1.0,-3.41,,,,,,,,
F1_clv_gt90_L,F1,long,overnight MOC->MOO if clv_gt90,clv_gt90,valid1,51624,459.0,-1.51,-0.42,0.48,4.64,112.5,1.0,-0.38,,,,,,,,
F1_clv_gt90_L,F1,long,overnight MOC->MOO if clv_gt90,clv_gt90,valid2,46179,403.0,-4.86,-0.8,0.459,0.84,114.6,1.0,0.15,,,,,,,,
F1_clv_gt90_L,F1,long,overnight MOC->MOO if clv_gt90,clv_gt90,trainvalid1,214838,2182.0,-8.62,-2.47,0.467,-1.75,98.5,1.0,-2.68,,,,,,,,
F1_clv_gt90_L,F1,long,overnight MOC->MOO if clv_gt90,clv_gt90,all_open,261017,2585.0,-7.96,-2.6,0.466,-1.29,101.0,1.0,-2.18,,,,,,,,
F1_clv_gt90_L,F1,long,overnight MOC->MOO if clv_gt90,clv_gt90,month_up,99011,872.0,6.12,2.06,0.498,12.73,113.5,1.0,-2.17,,,,,,,,
F1_clv_gt90_L,F1,long,overnight MOC->MOO if clv_gt90,clv_gt90,year_up,209154,2102.0,-6.39,-1.82,0.472,0.25,99.5,1.0,-1.81,,,,,,,,
F1_clv_gt90_L,F1,long,overnight MOC->MOO if clv_gt90,clv_gt90,month_flat,81354,848.0,-3.94,-1.24,0.467,2.8,95.9,1.0,-2.25,,,,,,,,
F1_clv_gt90_L,F1,long,overnight MOC->MOO if clv_gt90,clv_gt90,year_flat,0,,,,,,,,,,,,,,,,
F1_clv_gt90_L,F1,long,overnight MOC->MOO if clv_gt90,clv_gt90,month_down,80652,865.0,-29.28,-3.47,0.425,-22.63,93.2,1.0,-2.12,,,,,,,,
F1_clv_gt90_L,F1,long,overnight MOC->MOO if clv_gt90,clv_gt90,year_down,51863,483.0,-14.25,-2.37,0.443,-7.51,107.4,1.0,-3.65,,,,,,,,
F1_clv_gt90_L,F1,long,overnight MOC->MOO if clv_gt90,clv_gt90,day_up,159964,872.0,-11.33,-2.35,0.465,-4.65,183.4,1.0,-2.69,,,,,,,,
F1_clv_gt90_L,F1,long,overnight MOC->MOO if clv_gt90,clv_gt90,day_flat,71693,869.0,-1.66,-0.63,0.465,5.01,82.5,1.0,-1.24,,,,,,,,
F1_clv_gt90_L,F1,long,overnight MOC->MOO if clv_gt90,clv_gt90,day_down,29360,844.0,-4.96,-1.52,0.472,1.6,34.8,1.0,-1.7,,,,,,,,
F1_clv_gt90_L,F1,long,overnight MOC->MOO if clv_gt90,clv_gt90,y2016,19680,236.0,-15.45,-2.05,0.42,-6.87,83.4,1.0,-4.12,,,,,,,,
F1_clv_gt90_L,F1,long,overnight MOC->MOO if clv_gt90,clv_gt90,y2017,19134,250.0,-7.37,-3.67,0.414,0.36,76.5,1.0,-3.03,,,,,,,,
F1_clv_gt90_L,F1,long,overnight MOC->MOO if clv_gt90,clv_gt90,y2018,20883,242.0,-9.64,-1.43,0.455,-2.44,86.3,1.0,-3.26,,,,,,,,
F1_clv_gt90_L,F1,long,overnight MOC->MOO if clv_gt90,clv_gt90,y2019,24062,252.0,-4.27,-1.08,0.489,2.64,95.5,1.0,-4.81,,,,,,,,
F1_clv_gt90_L,F1,long,overnight MOC->MOO if clv_gt90,clv_gt90,y2020,24479,250.0,-23.25,-0.92,0.493,-15.85,97.9,1.0,-3.69,,,,,,,,
F1_clv_gt90_L,F1,long,overnight MOC->MOO if clv_gt90,clv_gt90,y2021,23996,252.0,3.4,0.83,0.525,9.43,95.2,1.0,-0.88,,,,,,,,
F1_clv_gt90_L,F1,long,overnight MOC->MOO if clv_gt90,clv_gt90,y2022,30980,241.0,-17.36,-1.94,0.434,-10.92,128.5,1.0,-3.92,,,,,,,,
F1_clv_gt90_L,F1,long,overnight MOC->MOO if clv_gt90,clv_gt90,y2023,27370,249.0,-1.39,-0.26,0.472,4.99,109.9,1.0,-0.06,,,,,,,,
F1_clv_gt90_L,F1,long,overnight MOC->MOO if clv_gt90,clv_gt90,y2024,24254,210.0,-1.64,-0.35,0.49,4.25,115.5,1.0,-0.74,,,,,,,,
F1_clv_gt90_L,F1,long,overnight MOC->MOO if clv_gt90,clv_gt90,y2025,24293,210.0,-11.49,-1.18,0.449,-5.59,115.7,1.0,-2.93,,,,,,,,
F1_clv_gt90_L,F1,long,overnight MOC->MOO if clv_gt90,clv_gt90,y2026,21886,193.0,2.49,0.37,0.471,7.99,113.4,1.0,3.56,,,,,,,,
F1_clv_gt90_S,F1,short,overnight MOC->MOO if clv_gt90,clv_gt90,train,163214,1723.0,-4.55,-1.03,0.421,3.77,94.7,1.0,3.41,,,,,,,,
F1_clv_gt90_S,F1,short,overnight MOC->MOO if clv_gt90,clv_gt90,valid1,51624,459.0,-12.0,-3.37,0.42,-4.64,112.5,1.0,0.38,,,,,,,,
F1_clv_gt90_S,F1,short,overnight MOC->MOO if clv_gt90,clv_gt90,valid2,46179,403.0,-7.75,-1.28,0.455,-0.84,114.6,1.0,-0.15,,,,,,,,
F1_clv_gt90_S,F1,short,overnight MOC->MOO if clv_gt90,clv_gt90,trainvalid1,214838,2182.0,-6.34,-1.82,0.421,1.75,98.5,1.0,2.68,,,,,,,,
F1_clv_gt90_S,F1,short,overnight MOC->MOO if clv_gt90,clv_gt90,all_open,261017,2585.0,-6.59,-2.15,0.427,1.29,101.0,1.0,2.18,,,,,,,,
F1_clv_gt90_S,F1,short,overnight MOC->MOO if clv_gt90,clv_gt90,month_up,99011,872.0,-20.61,-6.93,0.394,-12.73,113.5,1.0,2.17,,,,,,,,
F1_clv_gt90_S,F1,short,overnight MOC->MOO if clv_gt90,clv_gt90,year_up,209154,2102.0,-8.11,-2.31,0.418,-0.25,99.5,1.0,1.81,,,,,,,,
F1_clv_gt90_S,F1,short,overnight MOC->MOO if clv_gt90,clv_gt90,month_flat,81354,848.0,-10.71,-3.37,0.406,-2.8,95.9,1.0,2.25,,,,,,,,
F1_clv_gt90_S,F1,short,overnight MOC->MOO if clv_gt90,clv_gt90,year_flat,0,,,,,,,,,,,,,,,,
F1_clv_gt90_S,F1,short,overnight MOC->MOO if clv_gt90,clv_gt90,month_down,80652,865.0,14.78,1.76,0.488,22.63,93.2,1.0,2.12,,,,,,,,
F1_clv_gt90_S,F1,short,overnight MOC->MOO if clv_gt90,clv_gt90,year_down,51863,483.0,-0.47,-0.08,0.461,7.51,107.4,1.0,3.65,,,,,,,,
F1_clv_gt90_S,F1,short,overnight MOC->MOO if clv_gt90,clv_gt90,day_up,159964,872.0,-3.26,-0.68,0.436,4.65,183.4,1.0,2.69,,,,,,,,
F1_clv_gt90_S,F1,short,overnight MOC->MOO if clv_gt90,clv_gt90,day_flat,71693,869.0,-12.89,-4.89,0.408,-5.01,82.5,1.0,1.24,,,,,,,,
F1_clv_gt90_S,F1,short,overnight MOC->MOO if clv_gt90,clv_gt90,day_down,29360,844.0,-9.34,-2.86,0.423,-1.6,34.8,1.0,1.7,,,,,,,,
F1_clv_gt90_S,F1,short,overnight MOC->MOO if clv_gt90,clv_gt90,y2016,19680,236.0,-2.94,-0.39,0.426,6.87,83.4,1.0,4.12,,,,,,,,
F1_clv_gt90_S,F1,short,overnight MOC->MOO if clv_gt90,clv_gt90,y2017,19134,250.0,-9.3,-4.59,0.399,-0.36,76.5,1.0,3.03,,,,,,,,
F1_clv_gt90_S,F1,short,overnight MOC->MOO if clv_gt90,clv_gt90,y2018,20883,242.0,-5.92,-0.88,0.407,2.44,86.3,1.0,3.26,,,,,,,,
F1_clv_gt90_S,F1,short,overnight MOC->MOO if clv_gt90,clv_gt90,y2019,24062,252.0,-10.78,-2.73,0.381,-2.64,95.5,1.0,4.81,,,,,,,,
F1_clv_gt90_S,F1,short,overnight MOC->MOO if clv_gt90,clv_gt90,y2020,24479,250.0,7.22,0.29,0.436,15.85,97.9,1.0,3.69,,,,,,,,
F1_clv_gt90_S,F1,short,overnight MOC->MOO if clv_gt90,clv_gt90,y2021,23996,252.0,-16.68,-4.07,0.374,-9.43,95.2,1.0,0.88,,,,,,,,
F1_clv_gt90_S,F1,short,overnight MOC->MOO if clv_gt90,clv_gt90,y2022,30980,241.0,3.2,0.36,0.497,10.92,128.5,1.0,3.92,,,,,,,,
F1_clv_gt90_S,F1,short,overnight MOC->MOO if clv_gt90,clv_gt90,y2023,27370,249.0,-12.6,-2.38,0.433,-4.99,109.9,1.0,0.06,,,,,,,,
F1_clv_gt90_S,F1,short,overnight MOC->MOO if clv_gt90,clv_gt90,y2024,24254,210.0,-11.32,-2.42,0.405,-4.25,115.5,1.0,0.74,,,,,,,,
F1_clv_gt90_S,F1,short,overnight MOC->MOO if clv_gt90,clv_gt90,y2025,24293,210.0,-1.48,-0.15,0.455,5.59,115.7,1.0,2.93,,,,,,,,
F1_clv_gt90_S,F1,short,overnight MOC->MOO if clv_gt90,clv_gt90,y2026,21886,193.0,-14.71,-2.2,0.455,-7.99,113.4,1.0,-3.56,,,,,,,,
F1_rsi2_lt5_L,F1,long,overnight MOC->MOO if rsi2_lt5,rsi2_lt5,train,74013,1705.0,-3.1,-0.5,0.507,4.52,43.4,1.0,-0.13,,,,,,,,
F1_rsi2_lt5_L,F1,long,overnight MOC->MOO if rsi2_lt5,rsi2_lt5,valid1,24430,457.0,0.57,0.08,0.506,7.4,53.5,1.0,1.79,,,,,,,,
F1_rsi2_lt5_L,F1,long,overnight MOC->MOO if rsi2_lt5,rsi2_lt5,valid2,24330,402.0,7.81,0.82,0.522,13.93,60.5,1.0,6.87,,,,,,,,
F1_rsi2_lt5_L,F1,long,overnight MOC->MOO if rsi2_lt5,rsi2_lt5,trainvalid1,98443,2162.0,-2.19,-0.44,0.507,5.24,45.5,1.0,0.35,,,,,,,,
F1_rsi2_lt5_L,F1,long,overnight MOC->MOO if rsi2_lt5,rsi2_lt5,all_open,122773,2564.0,-0.21,-0.05,0.51,6.96,47.9,1.0,1.64,,,,,,,,
F1_rsi2_lt5_L,F1,long,overnight MOC->MOO if rsi2_lt5,rsi2_lt5,month_up,24326,853.0,17.67,2.44,0.542,24.83,28.5,1.0,7.69,,,,,,,,
F1_rsi2_lt5_L,F1,long,overnight MOC->MOO if rsi2_lt5,rsi2_lt5,year_up,93032,2079.0,2.34,0.47,0.517,9.5,44.7,1.0,2.68,,,,,,,,
F1_rsi2_lt5_L,F1,long,overnight MOC->MOO if rsi2_lt5,rsi2_lt5,month_flat,34970,847.0,0.65,0.13,0.51,8.07,41.3,1.0,-0.57,,,,,,,,
F1_rsi2_lt5_L,F1,long,overnight MOC->MOO if rsi2_lt5,rsi2_lt5,year_flat,0,,,,,,,,,,,,,,,,
F1_rsi2_lt5_L,F1,long,overnight MOC->MOO if rsi2_lt5,rsi2_lt5,month_down,63477,864.0,-7.54,-0.99,0.497,-0.5,73.5,1.0,0.54,,,,,,,,
F1_rsi2_lt5_L,F1,long,overnight MOC->MOO if rsi2_lt5,rsi2_lt5,year_down,29741,485.0,-8.19,-0.83,0.485,-0.99,61.3,1.0,-1.61,,,,,,,,
F1_rsi2_lt5_L,F1,long,overnight MOC->MOO if rsi2_lt5,rsi2_lt5,day_up,24509,842.0,8.02,1.04,0.52,15.31,29.1,1.0,0.95,,,,,,,,
F1_rsi2_lt5_L,F1,long,overnight MOC->MOO if rsi2_lt5,rsi2_lt5,day_flat,31911,865.0,5.44,1.39,0.516,12.64,36.9,1.0,3.65,,,,,,,,
F1_rsi2_lt5_L,F1,long,overnight MOC->MOO if rsi2_lt5,rsi2_lt5,day_down,66353,857.0,-5.96,-0.8,0.503,1.14,77.4,1.0,0.93,,,,,,,,
F1_rsi2_lt5_L,F1,long,overnight MOC->MOO if rsi2_lt5,rsi2_lt5,y2016,6675,231.0,-0.55,-0.08,0.484,8.48,28.9,1.0,4.92,,,,,,,,
F1_rsi2_lt5_L,F1,long,overnight MOC->MOO if rsi2_lt5,rsi2_lt5,y2017,7800,251.0,-2.16,-0.78,0.485,6.32,31.1,1.0,-0.74,,,,,,,,
F1_rsi2_lt5_L,F1,long,overnight MOC->MOO if rsi2_lt5,rsi2_lt5,y2018,13163,247.0,1.24,0.12,0.491,8.99,53.3,1.0,1.11,,,,,,,,
F1_rsi2_lt5_L,F1,long,overnight MOC->MOO if rsi2_lt5,rsi2_lt5,y2019,8431,249.0,-7.91,-0.88,0.5,0.13,33.9,1.0,-1.74,,,,,,,,
F1_rsi2_lt5_L,F1,long,overnight MOC->MOO if rsi2_lt5,rsi2_lt5,y2020,9972,240.0,-0.81,-0.03,0.545,7.32,41.5,1.0,-0.18,,,,,,,,
F1_rsi2_lt5_L,F1,long,overnight MOC->MOO if rsi2_lt5,rsi2_lt5,y2021,11394,249.0,9.59,0.9,0.564,16.16,45.8,1.0,2.45,,,,,,,,
F1_rsi2_lt5_L,F1,long,overnight MOC->MOO if rsi2_lt5,rsi2_lt5,y2022,16578,238.0,-15.68,-1.01,0.481,-8.92,69.7,1.0,-3.77,,,,,,,,
F1_rsi2_lt5_L,F1,long,overnight MOC->MOO if rsi2_lt5,rsi2_lt5,y2023,13221,249.0,-1.5,-0.14,0.476,5.52,53.1,1.0,2.61,,,,,,,,
F1_rsi2_lt5_L,F1,long,overnight MOC->MOO if rsi2_lt5,rsi2_lt5,y2024,11209,208.0,3.0,0.33,0.541,9.62,53.9,1.0,0.84,,,,,,,,
F1_rsi2_lt5_L,F1,long,overnight MOC->MOO if rsi2_lt5,rsi2_lt5,y2025,11434,209.0,-3.26,-0.2,0.509,3.03,54.7,1.0,1.11,,,,,,,,
F1_rsi2_lt5_L,F1,long,overnight MOC->MOO if rsi2_lt5,rsi2_lt5,y2026,12896,193.0,17.62,1.78,0.533,23.6,66.8,1.0,11.97,,,,,,,,
F1_rsi2_lt5_S,F1,short,overnight MOC->MOO if rsi2_lt5,rsi2_lt5,train,74013,1705.0,-13.33,-2.14,0.398,-4.52,43.4,1.0,0.13,,,,,,,,
F1_rsi2_lt5_S,F1,short,overnight MOC->MOO if rsi2_lt5,rsi2_lt5,valid1,24430,457.0,-15.42,-2.17,0.4,-7.4,53.5,1.0,-1.79,,,,,,,,
F1_rsi2_lt5_S,F1,short,overnight MOC->MOO if rsi2_lt5,rsi2_lt5,valid2,24330,402.0,-21.26,-2.24,0.404,-13.93,60.5,1.0,-6.87,,,,,,,,
F1_rsi2_lt5_S,F1,short,overnight MOC->MOO if rsi2_lt5,rsi2_lt5,trainvalid1,98443,2162.0,-13.85,-2.76,0.399,-5.24,45.5,1.0,-0.35,,,,,,,,
F1_rsi2_lt5_S,F1,short,overnight MOC->MOO if rsi2_lt5,rsi2_lt5,all_open,122773,2564.0,-15.32,-3.45,0.4,-6.96,47.9,1.0,-1.64,,,,,,,,
F1_rsi2_lt5_S,F1,short,overnight MOC->MOO if rsi2_lt5,rsi2_lt5,month_up,24326,853.0,-33.19,-4.59,0.365,-24.83,28.5,1.0,-7.69,,,,,,,,
F1_rsi2_lt5_S,F1,short,overnight MOC->MOO if rsi2_lt5,rsi2_lt5,year_up,93032,2079.0,-17.85,-3.62,0.389,-9.5,44.7,1.0,-2.68,,,,,,,,
F1_rsi2_lt5_S,F1,short,overnight MOC->MOO if rsi2_lt5,rsi2_lt5,month_flat,34970,847.0,-16.67,-3.43,0.377,-8.07,41.3,1.0,0.57,,,,,,,,
F1_rsi2_lt5_S,F1,short,overnight MOC->MOO if rsi2_lt5,rsi2_lt5,year_flat,0,,,,,,,,,,,,,,,,
F1_rsi2_lt5_S,F1,short,overnight MOC->MOO if rsi2_lt5,rsi2_lt5,month_down,63477,864.0,-7.72,-1.01,0.426,0.5,73.5,1.0,-0.54,,,,,,,,
F1_rsi2_lt5_S,F1,short,overnight MOC->MOO if rsi2_lt5,rsi2_lt5,year_down,29741,485.0,-7.41,-0.75,0.432,0.99,61.3,1.0,1.61,,,,,,,,
F1_rsi2_lt5_S,F1,short,overnight MOC->MOO if rsi2_lt5,rsi2_lt5,day_up,24509,842.0,-23.84,-3.12,0.382,-15.31,29.1,1.0,-0.95,,,,,,,,
F1_rsi2_lt5_S,F1,short,overnight MOC->MOO if rsi2_lt5,rsi2_lt5,day_flat,31911,865.0,-21.02,-5.36,0.377,-12.64,36.9,1.0,-3.65,,,,,,,,
F1_rsi2_lt5_S,F1,short,overnight MOC->MOO if rsi2_lt5,rsi2_lt5,day_down,66353,857.0,-9.43,-1.27,0.417,-1.14,77.4,1.0,-0.93,,,,,,,,
F1_rsi2_lt5_S,F1,short,overnight MOC->MOO if rsi2_lt5,rsi2_lt5,y2016,6675,231.0,-18.73,-2.84,0.384,-8.48,28.9,1.0,-4.92,,,,,,,,
F1_rsi2_lt5_S,F1,short,overnight MOC->MOO if rsi2_lt5,rsi2_lt5,y2017,7800,251.0,-15.99,-5.72,0.346,-6.32,31.1,1.0,0.74,,,,,,,,
F1_rsi2_lt5_S,F1,short,overnight MOC->MOO if rsi2_lt5,rsi2_lt5,y2018,13163,247.0,-17.94,-1.72,0.398,-8.99,53.3,1.0,-1.11,,,,,,,,
F1_rsi2_lt5_S,F1,short,overnight MOC->MOO if rsi2_lt5,rsi2_lt5,y2019,8431,249.0,-9.33,-1.04,0.388,-0.13,33.9,1.0,1.74,,,,,,,,
F1_rsi2_lt5_S,F1,short,overnight MOC->MOO if rsi2_lt5,rsi2_lt5,y2020,9972,240.0,-16.63,-0.51,0.396,-7.32,41.5,1.0,0.18,,,,,,,,
F1_rsi2_lt5_S,F1,short,overnight MOC->MOO if rsi2_lt5,rsi2_lt5,y2021,11394,249.0,-23.88,-2.25,0.366,-16.16,45.8,1.0,-2.45,,,,,,,,
F1_rsi2_lt5_S,F1,short,overnight MOC->MOO if rsi2_lt5,rsi2_lt5,y2022,16578,238.0,0.95,0.06,0.459,8.92,69.7,1.0,3.77,,,,,,,,
F1_rsi2_lt5_S,F1,short,overnight MOC->MOO if rsi2_lt5,rsi2_lt5,y2023,13221,249.0,-13.73,-1.29,0.429,-5.52,53.1,1.0,-2.61,,,,,,,,
F1_rsi2_lt5_S,F1,short,overnight MOC->MOO if rsi2_lt5,rsi2_lt5,y2024,11209,208.0,-17.4,-1.91,0.365,-9.62,53.9,1.0,-0.84,,,,,,,,
F1_rsi2_lt5_S,F1,short,overnight MOC->MOO if rsi2_lt5,rsi2_lt5,y2025,11434,209.0,-10.52,-0.63,0.408,-3.03,54.7,1.0,-1.11,,,,,,,,
F1_rsi2_lt5_S,F1,short,overnight MOC->MOO if rsi2_lt5,rsi2_lt5,y2026,12896,193.0,-30.79,-3.11,0.4,-23.6,66.8,1.0,-11.97,,,,,,,,
F1_rsi2_gt95_L,F1,long,overnight MOC->MOO if rsi2_gt95,rsi2_gt95,train,110542,1715.0,-3.6,-1.34,0.471,3.37,64.5,1.0,-0.55,,,,,,,,
F1_rsi2_gt95_L,F1,long,overnight MOC->MOO if rsi2_gt95,rsi2_gt95,valid1,36778,460.0,-1.22,-0.34,0.489,4.9,80.0,1.0,-1.0,,,,,,,,
F1_rsi2_gt95_L,F1,long,overnight MOC->MOO if rsi2_gt95,rsi2_gt95,valid2,31283,402.0,-5.85,-1.4,0.456,-0.16,77.8,1.0,-3.18,,,,,,,,
F1_rsi2_gt95_L,F1,long,overnight MOC->MOO if rsi2_gt95,rsi2_gt95,trainvalid1,147320,2175.0,-3.01,-1.36,0.475,3.75,67.7,1.0,-0.66,,,,,,,,
F1_rsi2_gt95_L,F1,long,overnight MOC->MOO if rsi2_gt95,rsi2_gt95,all_open,178603,2577.0,-3.51,-1.78,0.472,3.07,69.3,1.0,-1.1,,,,,,,,
F1_rsi2_gt95_L,F1,long,overnight MOC->MOO if rsi2_gt95,rsi2_gt95,month_up,75782,875.0,1.26,0.43,0.477,7.78,86.6,1.0,-2.35,,,,,,,,
F1_rsi2_gt95_L,F1,long,overnight MOC->MOO if rsi2_gt95,rsi2_gt95,year_up,149814,2096.0,-1.01,-0.48,0.477,5.55,71.5,1.0,-0.28,,,,,,,,
F1_rsi2_gt95_L,F1,long,overnight MOC->MOO if rsi2_gt95,rsi2_gt95,month_flat,59308,851.0,0.14,0.04,0.485,6.88,69.7,1.0,0.99,,,,,,,,
F1_rsi2_gt95_L,F1,long,overnight MOC->MOO if rsi2_gt95,rsi2_gt95,year_flat,0,,,,,,,,,,,,,,,,
F1_rsi2_gt95_L,F1,long,overnight MOC->MOO if rsi2_gt95,rsi2_gt95,month_down,43513,851.0,-16.79,-3.96,0.447,-10.36,51.1,1.0,-1.79,,,,,,,,
F1_rsi2_gt95_L,F1,long,overnight MOC->MOO if rsi2_gt95,rsi2_gt95,year_down,28789,481.0,-16.52,-3.18,0.449,-9.88,59.9,1.0,-5.36,,,,,,,,
F1_rsi2_gt95_L,F1,long,overnight MOC->MOO if rsi2_gt95,rsi2_gt95,day_up,76208,864.0,-10.48,-3.04,0.455,-3.89,88.2,1.0,-3.52,,,,,,,,
F1_rsi2_gt95_L,F1,long,overnight MOC->MOO if rsi2_gt95,rsi2_gt95,day_flat,64818,865.0,0.57,0.21,0.48,7.18,74.9,1.0,0.91,,,,,,,,
F1_rsi2_gt95_L,F1,long,overnight MOC->MOO if rsi2_gt95,rsi2_gt95,day_down,37577,848.0,3.61,0.92,0.495,10.08,44.3,1.0,0.33,,,,,,,,
F1_rsi2_gt95_L,F1,long,overnight MOC->MOO if rsi2_gt95,rsi2_gt95,y2016,13388,237.0,-15.79,-2.7,0.402,-7.08,56.5,1.0,-2.02,,,,,,,,
F1_rsi2_gt95_L,F1,long,overnight MOC->MOO if rsi2_gt95,rsi2_gt95,y2017,16656,251.0,-1.9,-1.08,0.459,5.56,66.4,1.0,0.37,,,,,,,,
F1_rsi2_gt95_L,F1,long,overnight MOC->MOO if rsi2_gt95,rsi2_gt95,y2018,14538,243.0,-3.04,-0.99,0.487,3.86,59.8,1.0,-2.06,,,,,,,,
F1_rsi2_gt95_L,F1,long,overnight MOC->MOO if rsi2_gt95,rsi2_gt95,y2019,18027,251.0,-4.15,-1.23,0.47,2.87,71.8,1.0,-2.85,,,,,,,,
F1_rsi2_gt95_L,F1,long,overnight MOC->MOO if rsi2_gt95,rsi2_gt95,y2020,16107,244.0,17.81,1.3,0.534,24.74,66.0,1.0,4.63,,,,,,,,
F1_rsi2_gt95_L,F1,long,overnight MOC->MOO if rsi2_gt95,rsi2_gt95,y2021,17575,251.0,6.15,1.67,0.516,11.87,70.0,1.0,5.19,,,,,,,,
F1_rsi2_gt95_L,F1,long,overnight MOC->MOO if rsi2_gt95,rsi2_gt95,y2022,14251,238.0,-30.27,-3.16,0.409,-23.9,59.9,1.0,-8.73,,,,,,,,
F1_rsi2_gt95_L,F1,long,overnight MOC->MOO if rsi2_gt95,rsi2_gt95,y2023,18924,250.0,-5.32,-1.0,0.465,0.98,75.7,1.0,-3.74,,,,,,,,
F1_rsi2_gt95_L,F1,long,overnight MOC->MOO if rsi2_gt95,rsi2_gt95,y2024,17854,210.0,3.13,0.64,0.513,9.07,85.0,1.0,1.91,,,,,,,,
F1_rsi2_gt95_L,F1,long,overnight MOC->MOO if rsi2_gt95,rsi2_gt95,y2025,16820,209.0,-4.29,-0.73,0.463,1.69,80.5,1.0,-0.28,,,,,,,,
F1_rsi2_gt95_L,F1,long,overnight MOC->MOO if rsi2_gt95,rsi2_gt95,y2026,14463,193.0,-7.68,-1.29,0.448,-2.31,74.9,1.0,-6.56,,,,,,,,
F1_rsi2_gt95_S,F1,short,overnight MOC->MOO if rsi2_gt95,rsi2_gt95,train,110542,1715.0,-11.56,-4.28,0.401,-3.37,64.5,1.0,0.55,,,,,,,,
F1_rsi2_gt95_S,F1,short,overnight MOC->MOO if rsi2_gt95,rsi2_gt95,valid1,36778,460.0,-12.25,-3.4,0.408,-4.9,80.0,1.0,1.0,,,,,,,,
F1_rsi2_gt95_S,F1,short,overnight MOC->MOO if rsi2_gt95,rsi2_gt95,valid2,31283,402.0,-6.73,-1.61,0.459,0.16,77.8,1.0,3.18,,,,,,,,
F1_rsi2_gt95_S,F1,short,overnight MOC->MOO if rsi2_gt95,rsi2_gt95,trainvalid1,147320,2175.0,-11.73,-5.29,0.403,-3.75,67.7,1.0,0.66,,,,,,,,
F1_rsi2_gt95_S,F1,short,overnight MOC->MOO if rsi2_gt95,rsi2_gt95,all_open,178603,2577.0,-10.85,-5.51,0.413,-3.07,69.3,1.0,1.1,,,,,,,,
F1_rsi2_gt95_S,F1,short,overnight MOC->MOO if rsi2_gt95,rsi2_gt95,month_up,75782,875.0,-15.54,-5.35,0.415,-7.78,86.6,1.0,2.35,,,,,,,,
F1_rsi2_gt95_S,F1,short,overnight MOC->MOO if rsi2_gt95,rsi2_gt95,year_up,149814,2096.0,-13.32,-6.33,0.408,-5.55,71.5,1.0,0.28,,,,,,,,
F1_rsi2_gt95_S,F1,short,overnight MOC->MOO if rsi2_gt95,rsi2_gt95,month_flat,59308,851.0,-14.83,-4.43,0.382,-6.88,69.7,1.0,-0.99,,,,,,,,
F1_rsi2_gt95_S,F1,short,overnight MOC->MOO if rsi2_gt95,rsi2_gt95,year_flat,0,,,,,,,,,,,,,,,,
F1_rsi2_gt95_S,F1,short,overnight MOC->MOO if rsi2_gt95,rsi2_gt95,month_down,43513,851.0,2.73,0.64,0.451,10.36,51.1,1.0,1.79,,,,,,,,
F1_rsi2_gt95_S,F1,short,overnight MOC->MOO if rsi2_gt95,rsi2_gt95,year_down,28789,481.0,2.0,0.38,0.435,9.88,59.9,1.0,5.36,,,,,,,,
F1_rsi2_gt95_S,F1,short,overnight MOC->MOO if rsi2_gt95,rsi2_gt95,day_up,76208,864.0,-3.96,-1.16,0.435,3.89,88.2,1.0,3.52,,,,,,,,
F1_rsi2_gt95_S,F1,short,overnight MOC->MOO if rsi2_gt95,rsi2_gt95,day_flat,64818,865.0,-14.99,-5.49,0.391,-7.18,74.9,1.0,-0.91,,,,,,,,
F1_rsi2_gt95_S,F1,short,overnight MOC->MOO if rsi2_gt95,rsi2_gt95,day_down,37577,848.0,-17.69,-4.51,0.404,-10.08,44.3,1.0,-0.33,,,,,,,,
F1_rsi2_gt95_S,F1,short,overnight MOC->MOO if rsi2_gt95,rsi2_gt95,y2016,13388,237.0,-2.8,-0.48,0.441,7.08,56.5,1.0,2.02,,,,,,,,
F1_rsi2_gt95_S,F1,short,overnight MOC->MOO if rsi2_gt95,rsi2_gt95,y2017,16656,251.0,-14.22,-8.05,0.352,-5.56,66.4,1.0,-0.37,,,,,,,,
F1_rsi2_gt95_S,F1,short,overnight MOC->MOO if rsi2_gt95,rsi2_gt95,y2018,14538,243.0,-11.98,-3.9,0.359,-3.86,59.8,1.0,2.06,,,,,,,,
F1_rsi2_gt95_S,F1,short,overnight MOC->MOO if rsi2_gt95,rsi2_gt95,y2019,18027,251.0,-11.13,-3.32,0.391,-2.87,71.8,1.0,2.85,,,,,,,,
F1_rsi2_gt95_S,F1,short,overnight MOC->MOO if rsi2_gt95,rsi2_gt95,y2020,16107,244.0,-32.88,-2.4,0.393,-24.74,66.0,1.0,-4.63,,,,,,,,
F1_rsi2_gt95_S,F1,short,overnight MOC->MOO if rsi2_gt95,rsi2_gt95,y2021,17575,251.0,-18.79,-5.06,0.38,-11.87,70.0,1.0,-5.19,,,,,,,,
F1_rsi2_gt95_S,F1,short,overnight MOC->MOO if rsi2_gt95,rsi2_gt95,y2022,14251,238.0,16.25,1.7,0.512,23.9,59.9,1.0,8.73,,,,,,,,
F1_rsi2_gt95_S,F1,short,overnight MOC->MOO if rsi2_gt95,rsi2_gt95,y2023,18924,250.0,-8.53,-1.61,0.437,-0.98,75.7,1.0,3.74,,,,,,,,
F1_rsi2_gt95_S,F1,short,overnight MOC->MOO if rsi2_gt95,rsi2_gt95,y2024,17854,210.0,-16.2,-3.33,0.378,-9.07,85.0,1.0,-1.91,,,,,,,,
F1_rsi2_gt95_S,F1,short,overnight MOC->MOO if rsi2_gt95,rsi2_gt95,y2025,16820,209.0,-8.86,-1.51,0.44,-1.69,80.5,1.0,0.28,,,,,,,,
F1_rsi2_gt95_S,F1,short,overnight MOC->MOO if rsi2_gt95,rsi2_gt95,y2026,14463,193.0,-4.26,-0.71,0.48,2.31,74.9,1.0,6.56,,,,,,,,
F1_gap_le-3_L,F1,long,overnight MOC->MOO if gap_le-3,gap_le-3,train,23444,1599.0,23.61,0.76,0.55,32.92,14.7,1.0,6.17,,,,,,,,
F1_gap_le-3_L,F1,long,overnight MOC->MOO if gap_le-3,gap_le-3,valid1,5168,444.0,-8.26,-0.26,0.537,0.42,11.6,1.0,0.45,,,,,,,,
F1_gap_le-3_L,F1,long,overnight MOC->MOO if gap_le-3,gap_le-3,valid2,11473,395.0,-6.48,-0.18,0.504,1.08,29.0,1.0,12.11,,,,,,,,
F1_gap_le-3_L,F1,long,overnight MOC->MOO if gap_le-3,gap_le-3,trainvalid1,28612,2043.0,17.86,0.69,0.548,27.05,14.0,1.0,5.14,,,,,,,,
F1_gap_le-3_L,F1,long,overnight MOC->MOO if gap_le-3,gap_le-3,all_open,40085,2438.0,10.89,0.51,0.535,19.62,16.4,1.0,7.14,,,,,,,,
F1_gap_le-3_L,F1,long,overnight MOC->MOO if gap_le-3,gap_le-3,month_up,10089,833.0,21.86,1.55,0.529,31.1,12.1,1.0,15.35,,,,,,,,
F1_gap_le-3_L,F1,long,overnight MOC->MOO if gap_le-3,gap_le-3,year_up,33222,1970.0,10.59,0.41,0.536,19.34,16.9,1.0,5.87,,,,,,,,
F1_gap_le-3_L,F1,long,overnight MOC->MOO if gap_le-3,gap_le-3,month_flat,8514,778.0,37.6,1.13,0.548,46.34,10.9,1.0,15.95,,,,,,,,
F1_gap_le-3_L,F1,long,overnight MOC->MOO if gap_le-3,gap_le-3,year_flat,0,,,,,,,,,,,,,,,,
F1_gap_le-3_L,F1,long,overnight MOC->MOO if gap_le-3,gap_le-3,month_down,21482,827.0,-4.85,-0.13,0.533,3.63,26.0,1.0,-0.21,,,,,,,,
F1_gap_le-3_L,F1,long,overnight MOC->MOO if gap_le-3,gap_le-3,year_down,6863,468.0,12.35,0.93,0.53,20.99,14.7,1.0,13.28,,,,,,,,
F1_gap_le-3_L,F1,long,overnight MOC->MOO if gap_le-3,gap_le-3,day_up,13438,820.0,20.84,0.62,0.558,29.57,16.4,1.0,21.28,,,,,,,,
F1_gap_le-3_L,F1,long,overnight MOC->MOO if gap_le-3,gap_le-3,day_flat,7956,802.0,-2.87,-0.26,0.509,5.67,9.9,1.0,-0.27,,,,,,,,
F1_gap_le-3_L,F1,long,overnight MOC->MOO if gap_le-3,gap_le-3,day_down,18691,816.0,9.59,0.25,0.53,18.4,22.9,1.0,0.12,,,,,,,,
F1_gap_le-3_L,F1,long,overnight MOC->MOO if gap_le-3,gap_le-3,y2016,1722,214.0,-30.5,-1.09,0.383,-18.84,8.0,1.0,-0.81,,,,,,,,
F1_gap_le-3_L,F1,long,overnight MOC->MOO if gap_le-3,gap_le-3,y2017,763,211.0,-5.33,-0.74,0.442,4.62,3.6,1.0,-2.86,,,,,,,,
F1_gap_le-3_L,F1,long,overnight MOC->MOO if gap_le-3,gap_le-3,y2018,1456,226.0,20.51,1.46,0.541,29.18,6.4,1.0,14.09,,,,,,,,
F1_gap_le-3_L,F1,long,overnight MOC->MOO if gap_le-3,gap_le-3,y2019,1359,231.0,-5.82,-0.39,0.506,3.46,5.9,1.0,-5.3,,,,,,,,
F1_gap_le-3_L,F1,long,overnight MOC->MOO if gap_le-3,gap_le-3,y2020,9956,236.0,37.59,0.53,0.584,47.37,42.2,1.0,-2.92,,,,,,,,
F1_gap_le-3_L,F1,long,overnight MOC->MOO if gap_le-3,gap_le-3,y2021,2781,239.0,57.21,2.99,0.635,64.86,11.6,1.0,33.6,,,,,,,,
F1_gap_le-3_L,F1,long,overnight MOC->MOO if gap_le-3,gap_le-3,y2022,5407,242.0,10.15,0.61,0.527,18.79,22.3,1.0,13.06,,,,,,,,
F1_gap_le-3_L,F1,long,overnight MOC->MOO if gap_le-3,gap_le-3,y2023,2259,240.0,1.16,0.05,0.483,10.14,9.4,1.0,4.01,,,,,,,,
F1_gap_le-3_L,F1,long,overnight MOC->MOO if gap_le-3,gap_le-3,y2024,2909,204.0,-15.58,-0.29,0.579,-7.13,14.3,1.0,-2.31,,,,,,,,
F1_gap_le-3_L,F1,long,overnight MOC->MOO if gap_le-3,gap_le-3,y2025,5509,205.0,-26.61,-0.37,0.49,-18.31,26.9,1.0,7.19,,,,,,,,
F1_gap_le-3_L,F1,long,overnight MOC->MOO if gap_le-3,gap_le-3,y2026,5964,190.0,12.12,0.55,0.517,19.0,31.4,1.0,16.66,,,,,,,,
F1_gap_le-3_S,F1,short,overnight MOC->MOO if gap_le-3,gap_le-3,train,23444,1599.0,-43.38,-1.41,0.397,-32.92,14.7,1.0,-6.17,,,,,,,,
F1_gap_le-3_S,F1,short,overnight MOC->MOO if gap_le-3,gap_le-3,valid1,5168,444.0,-10.25,-0.32,0.396,-0.42,11.6,1.0,-0.45,,,,,,,,
F1_gap_le-3_S,F1,short,overnight MOC->MOO if gap_le-3,gap_le-3,valid2,11473,395.0,-9.87,-0.27,0.447,-1.08,29.0,1.0,-12.11,,,,,,,,
F1_gap_le-3_S,F1,short,overnight MOC->MOO if gap_le-3,gap_le-3,trainvalid1,28612,2043.0,-37.4,-1.44,0.396,-27.05,14.0,1.0,-5.14,,,,,,,,
F1_gap_le-3_S,F1,short,overnight MOC->MOO if gap_le-3,gap_le-3,all_open,40085,2438.0,-29.52,-1.37,0.411,-19.62,16.4,1.0,-7.14,,,,,,,,
F1_gap_le-3_S,F1,short,overnight MOC->MOO if gap_le-3,gap_le-3,month_up,10089,833.0,-41.52,-2.95,0.406,-31.1,12.1,1.0,-15.35,,,,,,,,
F1_gap_le-3_S,F1,short,overnight MOC->MOO if gap_le-3,gap_le-3,year_up,33222,1970.0,-29.27,-1.13,0.411,-19.34,16.9,1.0,-5.87,,,,,,,,
F1_gap_le-3_S,F1,short,overnight MOC->MOO if gap_le-3,gap_le-3,month_flat,8514,778.0,-56.23,-1.68,0.39,-46.34,10.9,1.0,-15.95,,,,,,,,
F1_gap_le-3_S,F1,short,overnight MOC->MOO if gap_le-3,gap_le-3,year_flat,0,,,,,,,,,,,,,,,,
F1_gap_le-3_S,F1,short,overnight MOC->MOO if gap_le-3,gap_le-3,month_down,21482,827.0,-13.3,-0.36,0.422,-3.63,26.0,1.0,0.21,,,,,,,,
F1_gap_le-3_S,F1,short,overnight MOC->MOO if gap_le-3,gap_le-3,year_down,6863,468.0,-30.72,-2.31,0.411,-20.99,14.7,1.0,-13.28,,,,,,,,
F1_gap_le-3_S,F1,short,overnight MOC->MOO if gap_le-3,gap_le-3,day_up,13438,820.0,-39.52,-1.18,0.382,-29.57,16.4,1.0,-21.28,,,,,,,,
F1_gap_le-3_S,F1,short,overnight MOC->MOO if gap_le-3,gap_le-3,day_flat,7956,802.0,-15.45,-1.41,0.423,-5.67,9.9,1.0,0.27,,,,,,,,
F1_gap_le-3_S,F1,short,overnight MOC->MOO if gap_le-3,gap_le-3,day_down,18691,816.0,-28.32,-0.73,0.426,-18.4,22.9,1.0,-0.12,,,,,,,,
F1_gap_le-3_S,F1,short,overnight MOC->MOO if gap_le-3,gap_le-3,y2016,1722,214.0,5.72,0.2,0.533,18.84,8.0,1.0,0.81,,,,,,,,
F1_gap_le-3_S,F1,short,overnight MOC->MOO if gap_le-3,gap_le-3,y2017,763,211.0,-15.73,-2.22,0.423,-4.62,3.6,1.0,2.86,,,,,,,,
F1_gap_le-3_S,F1,short,overnight MOC->MOO if gap_le-3,gap_le-3,y2018,1456,226.0,-39.0,-2.76,0.372,-29.18,6.4,1.0,-14.09,,,,,,,,
F1_gap_le-3_S,F1,short,overnight MOC->MOO if gap_le-3,gap_le-3,y2019,1359,231.0,-13.83,-0.94,0.414,-3.46,5.9,1.0,5.3,,,,,,,,
F1_gap_le-3_S,F1,short,overnight MOC->MOO if gap_le-3,gap_le-3,y2020,9956,236.0,-58.29,-0.82,0.38,-47.37,42.2,1.0,2.92,,,,,,,,
F1_gap_le-3_S,F1,short,overnight MOC->MOO if gap_le-3,gap_le-3,y2021,2781,239.0,-73.71,-3.83,0.322,-64.86,11.6,1.0,-33.6,,,,,,,,
F1_gap_le-3_S,F1,short,overnight MOC->MOO if gap_le-3,gap_le-3,y2022,5407,242.0,-28.5,-1.73,0.421,-18.79,22.3,1.0,-13.06,,,,,,,,
F1_gap_le-3_S,F1,short,overnight MOC->MOO if gap_le-3,gap_le-3,y2023,2259,240.0,-20.3,-0.94,0.443,-10.14,9.4,1.0,-4.01,,,,,,,,
F1_gap_le-3_S,F1,short,overnight MOC->MOO if gap_le-3,gap_le-3,y2024,2909,204.0,-2.45,-0.04,0.359,7.13,14.3,1.0,2.31,,,,,,,,
F1_gap_le-3_S,F1,short,overnight MOC->MOO if gap_le-3,gap_le-3,y2025,5509,205.0,8.78,0.12,0.458,18.31,26.9,1.0,-7.19,,,,,,,,
F1_gap_le-3_S,F1,short,overnight MOC->MOO if gap_le-3,gap_le-3,y2026,5964,190.0,-27.11,-1.24,0.436,-19.0,31.4,1.0,-16.66,,,,,,,,
F1_gap_ge+3_L,F1,long,overnight MOC->MOO if gap_ge+3,gap_ge+3,train,23578,1626.0,-22.73,-0.59,0.482,-13.35,14.5,1.0,9.72,,,,,,,,
F1_gap_ge+3_L,F1,long,overnight MOC->MOO if gap_ge+3,gap_ge+3,valid1,6017,448.0,1.97,0.19,0.508,10.94,13.4,1.0,5.66,,,,,,,,
F1_gap_ge+3_L,F1,long,overnight MOC->MOO if gap_ge+3,gap_ge+3,valid2,12695,403.0,-0.28,-0.02,0.47,7.09,31.5,1.0,5.0,,,,,,,,
F1_gap_ge+3_L,F1,long,overnight MOC->MOO if gap_ge+3,gap_ge+3,trainvalid1,29595,2074.0,-17.71,-0.58,0.487,-8.41,14.3,1.0,8.89,,,,,,,,
F1_gap_ge+3_L,F1,long,overnight MOC->MOO if gap_ge+3,gap_ge+3,all_open,42290,2477.0,-12.48,-0.57,0.482,-3.76,17.1,1.0,7.72,,,,,,,,
F1_gap_ge+3_L,F1,long,overnight MOC->MOO if gap_ge+3,gap_ge+3,month_up,17432,848.0,31.61,1.55,0.528,40.52,20.6,1.0,12.84,,,,,,,,
F1_gap_ge+3_L,F1,long,overnight MOC->MOO if gap_ge+3,gap_ge+3,year_up,35742,2008.0,-10.38,-0.41,0.491,-1.57,17.8,1.0,10.95,,,,,,,,
F1_gap_ge+3_L,F1,long,overnight MOC->MOO if gap_ge+3,gap_ge+3,month_flat,9935,786.0,-8.01,-0.42,0.484,0.75,12.6,1.0,3.8,,,,,,,,
F1_gap_ge+3_L,F1,long,overnight MOC->MOO if gap_ge+3,gap_ge+3,year_flat,0,,,,,,,,,,,,,,,,
F1_gap_ge+3_L,F1,long,overnight MOC->MOO if gap_ge+3,gap_ge+3,month_down,14923,843.0,-66.95,-1.27,0.427,-58.47,17.7,1.0,4.37,,,,,,,,
F1_gap_ge+3_L,F1,long,overnight MOC->MOO if gap_ge+3,gap_ge+3,year_down,6548,469.0,-23.94,-1.45,0.431,-15.71,14.0,1.0,-9.9,,,,,,,,
F1_gap_ge+3_L,F1,long,overnight MOC->MOO if gap_ge+3,gap_ge+3,day_up,16406,834.0,-52.92,-1.01,0.447,-43.99,19.7,1.0,0.86,,,,,,,,
F1_gap_ge+3_L,F1,long,overnight MOC->MOO if gap_ge+3,gap_ge+3,day_flat,10699,811.0,10.4,0.78,0.498,18.87,13.2,1.0,10.29,,,,,,,,
F1_gap_ge+3_L,F1,long,overnight MOC->MOO if gap_ge+3,gap_ge+3,day_down,15185,832.0,15.1,0.94,0.509,23.76,18.3,1.0,13.33,,,,,,,,
F1_gap_ge+3_L,F1,long,overnight MOC->MOO if gap_ge+3,gap_ge+3,y2016,1402,219.0,17.53,1.27,0.529,30.04,6.4,1.0,22.39,,,,,,,,
F1_gap_ge+3_L,F1,long,overnight MOC->MOO if gap_ge+3,gap_ge+3,y2017,950,216.0,0.96,0.15,0.459,11.17,4.4,1.0,5.63,,,,,,,,
F1_gap_ge+3_L,F1,long,overnight MOC->MOO if gap_ge+3,gap_ge+3,y2018,1402,233.0,-5.19,-0.63,0.465,3.68,6.0,1.0,4.05,,,,,,,,
F1_gap_ge+3_L,F1,long,overnight MOC->MOO if gap_ge+3,gap_ge+3,y2019,1373,232.0,-8.11,-1.12,0.436,0.95,5.9,1.0,-1.34,,,,,,,,
F1_gap_ge+3_L,F1,long,overnight MOC->MOO if gap_ge+3,gap_ge+3,y2020,10438,248.0,-45.87,-0.54,0.501,-35.85,42.1,1.0,19.07,,,,,,,,
F1_gap_ge+3_L,F1,long,overnight MOC->MOO if gap_ge+3,gap_ge+3,y2021,2867,242.0,29.7,1.5,0.537,37.78,11.8,1.0,20.94,,,,,,,,
F1_gap_ge+3_L,F1,long,overnight MOC->MOO if gap_ge+3,gap_ge+3,y2022,5146,236.0,-29.05,-1.39,0.421,-20.99,21.8,1.0,-13.7,,,,,,,,
F1_gap_ge+3_L,F1,long,overnight MOC->MOO if gap_ge+3,gap_ge+3,y2023,2865,239.0,-9.19,-0.51,0.495,-0.02,12.0,1.0,0.63,,,,,,,,
F1_gap_ge+3_L,F1,long,overnight MOC->MOO if gap_ge+3,gap_ge+3,y2024,3152,209.0,12.11,1.07,0.52,20.9,15.1,1.0,10.23,,,,,,,,
F1_gap_ge+3_L,F1,long,overnight MOC->MOO if gap_ge+3,gap_ge+3,y2025,5652,211.0,3.01,0.2,0.495,11.12,26.8,1.0,10.46,,,,,,,,
F1_gap_ge+3_L,F1,long,overnight MOC->MOO if gap_ge+3,gap_ge+3,y2026,7043,192.0,-2.91,-0.17,0.45,3.86,36.7,1.0,0.62,,,,,,,,
F1_gap_ge+3_S,F1,short,overnight MOC->MOO if gap_ge+3,gap_ge+3,train,23578,1626.0,2.79,0.07,0.459,13.35,14.5,1.0,-9.72,,,,,,,,
F1_gap_ge+3_S,F1,short,overnight MOC->MOO if gap_ge+3,gap_ge+3,valid1,6017,448.0,-21.02,-2.01,0.418,-10.94,13.4,1.0,-5.66,,,,,,,,
F1_gap_ge+3_S,F1,short,overnight MOC->MOO if gap_ge+3,gap_ge+3,valid2,12695,403.0,-15.56,-1.36,0.479,-7.09,31.5,1.0,-5.0,,,,,,,,
F1_gap_ge+3_S,F1,short,overnight MOC->MOO if gap_ge+3,gap_ge+3,trainvalid1,29595,2074.0,-2.05,-0.07,0.45,8.41,14.3,1.0,-8.89,,,,,,,,
F1_gap_ge+3_S,F1,short,overnight MOC->MOO if gap_ge+3,gap_ge+3,all_open,42290,2477.0,-6.11,-0.28,0.459,3.76,17.1,1.0,-7.72,,,,,,,,
F1_gap_ge+3_S,F1,short,overnight MOC->MOO if gap_ge+3,gap_ge+3,month_up,17432,848.0,-50.52,-2.47,0.413,-40.52,20.6,1.0,-12.84,,,,,,,,
F1_gap_ge+3_S,F1,short,overnight MOC->MOO if gap_ge+3,gap_ge+3,year_up,35742,2008.0,-8.4,-0.33,0.45,1.57,17.8,1.0,-10.95,,,,,,,,
F1_gap_ge+3_S,F1,short,overnight MOC->MOO if gap_ge+3,gap_ge+3,month_flat,9935,786.0,-10.74,-0.56,0.447,-0.75,12.6,1.0,-3.8,,,,,,,,
F1_gap_ge+3_S,F1,short,overnight MOC->MOO if gap_ge+3,gap_ge+3,year_flat,0,,,,,,,,,,,,,,,,
F1_gap_ge+3_S,F1,short,overnight MOC->MOO if gap_ge+3,gap_ge+3,month_down,14923,843.0,48.86,0.93,0.521,58.47,17.7,1.0,-4.37,,,,,,,,
F1_gap_ge+3_S,F1,short,overnight MOC->MOO if gap_ge+3,gap_ge+3,year_down,6548,469.0,6.41,0.39,0.507,15.71,14.0,1.0,9.9,,,,,,,,
F1_gap_ge+3_S,F1,short,overnight MOC->MOO if gap_ge+3,gap_ge+3,day_up,16406,834.0,33.86,0.65,0.5,43.99,19.7,1.0,-0.86,,,,,,,,
F1_gap_ge+3_S,F1,short,overnight MOC->MOO if gap_ge+3,gap_ge+3,day_flat,10699,811.0,-28.46,-2.12,0.434,-18.87,13.2,1.0,-10.29,,,,,,,,
F1_gap_ge+3_S,F1,short,overnight MOC->MOO if gap_ge+3,gap_ge+3,day_down,15185,832.0,-33.53,-2.09,0.432,-23.76,18.3,1.0,-13.33,,,,,,,,
F1_gap_ge+3_S,F1,short,overnight MOC->MOO if gap_ge+3,gap_ge+3,y2016,1402,219.0,-43.71,-3.17,0.367,-30.04,6.4,1.0,-22.39,,,,,,,,
F1_gap_ge+3_S,F1,short,overnight MOC->MOO if gap_ge+3,gap_ge+3,y2017,950,216.0,-22.53,-3.62,0.406,-11.17,4.4,1.0,-5.63,,,,,,,,
F1_gap_ge+3_S,F1,short,overnight MOC->MOO if gap_ge+3,gap_ge+3,y2018,1402,233.0,-13.74,-1.67,0.439,-3.68,6.0,1.0,-4.05,,,,,,,,
F1_gap_ge+3_S,F1,short,overnight MOC->MOO if gap_ge+3,gap_ge+3,y2019,1373,232.0,-11.19,-1.55,0.476,-0.95,5.9,1.0,1.34,,,,,,,,
F1_gap_ge+3_S,F1,short,overnight MOC->MOO if gap_ge+3,gap_ge+3,y2020,10438,248.0,24.59,0.29,0.457,35.85,42.1,1.0,-19.07,,,,,,,,
F1_gap_ge+3_S,F1,short,overnight MOC->MOO if gap_ge+3,gap_ge+3,y2021,2867,242.0,-47.02,-2.38,0.41,-37.78,11.8,1.0,-20.94,,,,,,,,
F1_gap_ge+3_S,F1,short,overnight MOC->MOO if gap_ge+3,gap_ge+3,y2022,5146,236.0,11.9,0.57,0.525,20.99,21.8,1.0,13.7,,,,,,,,
F1_gap_ge+3_S,F1,short,overnight MOC->MOO if gap_ge+3,gap_ge+3,y2023,2865,239.0,-10.26,-0.57,0.43,0.02,12.0,1.0,-0.63,,,,,,,,
F1_gap_ge+3_S,F1,short,overnight MOC->MOO if gap_ge+3,gap_ge+3,y2024,3152,209.0,-30.8,-2.72,0.407,-20.9,15.1,1.0,-10.23,,,,,,,,
F1_gap_ge+3_S,F1,short,overnight MOC->MOO if gap_ge+3,gap_ge+3,y2025,5652,211.0,-20.26,-1.37,0.442,-11.12,26.8,1.0,-10.46,,,,,,,,
F1_gap_ge+3_S,F1,short,overnight MOC->MOO if gap_ge+3,gap_ge+3,y2026,7043,192.0,-11.79,-0.7,0.508,-3.86,36.7,1.0,-0.62,,,,,,,,
F1_dow_Mon_L,F1,long,overnight MOC->MOO if dow_Mon,dow_Mon,train,238301,326.0,10.54,2.22,0.523,17.78,731.0,1.0,0.0,,,,,,,,
F1_dow_Mon_L,F1,long,overnight MOC->MOO if dow_Mon,dow_Mon,valid1,74125,84.0,-10.63,-1.75,0.418,-4.26,882.4,1.0,-0.0,,,,,,,,
F1_dow_Mon_L,F1,long,overnight MOC->MOO if dow_Mon,dow_Mon,valid2,77003,78.0,-2.6,-0.34,0.478,3.25,987.2,1.0,-0.0,,,,,,,,
F1_dow_Mon_L,F1,long,overnight MOC->MOO if dow_Mon,dow_Mon,trainvalid1,312426,410.0,5.51,1.4,0.498,12.55,762.0,1.0,0.0,,,,,,,,
F1_dow_Mon_L,F1,long,overnight MOC->MOO if dow_Mon,dow_Mon,all_open,389429,488.0,3.91,1.12,0.494,10.71,798.0,1.0,0.0,,,,,,,,
F1_dow_Mon_L,F1,long,overnight MOC->MOO if dow_Mon,dow_Mon,month_up,130171,162.0,13.77,2.35,0.522,20.56,803.5,1.0,0.0,,,,,,,,
F1_dow_Mon_L,F1,long,overnight MOC->MOO if dow_Mon,dow_Mon,year_up,317929,395.0,2.73,0.73,0.485,9.5,804.9,1.0,-0.0,,,,,,,,
F1_dow_Mon_L,F1,long,overnight MOC->MOO if dow_Mon,dow_Mon,month_flat,123961,161.0,-1.0,-0.22,0.487,5.91,769.9,1.0,-0.0,,,,,,,,
F1_dow_Mon_L,F1,long,overnight MOC->MOO if dow_Mon,dow_Mon,year_flat,0,,,,,,,,,,,,,,,,
F1_dow_Mon_L,F1,long,overnight MOC->MOO if dow_Mon,dow_Mon,month_down,135297,165.0,-1.08,-0.15,0.475,5.63,820.0,1.0,0.0,,,,,,,,
F1_dow_Mon_L,F1,long,overnight MOC->MOO if dow_Mon,dow_Mon,year_down,71500,93.0,9.14,0.98,0.535,16.08,768.8,1.0,0.0,,,,,,,,
F1_dow_Mon_L,F1,long,overnight MOC->MOO if dow_Mon,dow_Mon,day_up,133140,164.0,2.99,0.42,0.468,9.75,811.8,1.0,0.0,,,,,,,,
F1_dow_Mon_L,F1,long,overnight MOC->MOO if dow_Mon,dow_Mon,day_flat,136629,175.0,0.25,0.06,0.5,7.11,780.7,1.0,-0.0,,,,,,,,
F1_dow_Mon_L,F1,long,overnight MOC->MOO if dow_Mon,dow_Mon,day_down,119660,149.0,9.11,1.35,0.517,15.89,803.1,1.0,0.0,,,,,,,,
F1_dow_Mon_L,F1,long,overnight MOC->MOO if dow_Mon,dow_Mon,y2016,26840,44.0,-10.85,-1.33,0.455,-2.17,610.0,1.0,0.0,,,,,,,,
F1_dow_Mon_L,F1,long,overnight MOC->MOO if dow_Mon,dow_Mon,y2017,30016,46.0,-4.46,-1.26,0.455,3.41,652.5,1.0,-0.0,,,,,,,,
F1_dow_Mon_L,F1,long,overnight MOC->MOO if dow_Mon,dow_Mon,y2018,33566,48.0,-6.51,-0.68,0.513,0.89,699.3,1.0,0.0,,,,,,,,
F1_dow_Mon_L,F1,long,overnight MOC->MOO if dow_Mon,dow_Mon,y2019,34742,48.0,3.91,0.62,0.531,11.09,723.8,1.0,-0.0,,,,,,,,
F1_dow_Mon_L,F1,long,overnight MOC->MOO if dow_Mon,dow_Mon,y2020,36497,48.0,59.21,2.92,0.62,66.71,760.4,1.0,0.0,,,,,,,,
F1_dow_Mon_L,F1,long,overnight MOC->MOO if dow_Mon,dow_Mon,y2021,38706,47.0,-0.37,-0.05,0.505,5.75,823.5,1.0,-0.0,,,,,,,,
F1_dow_Mon_L,F1,long,overnight MOC->MOO if dow_Mon,dow_Mon,y2022,37934,45.0,22.99,1.51,0.554,29.52,843.0,1.0,0.0,,,,,,,,
F1_dow_Mon_L,F1,long,overnight MOC->MOO if dow_Mon,dow_Mon,y2023,38901,45.0,-8.57,-0.94,0.403,-2.02,864.5,1.0,0.0,,,,,,,,
F1_dow_Mon_L,F1,long,overnight MOC->MOO if dow_Mon,dow_Mon,y2024,35224,39.0,-12.91,-1.65,0.436,-6.73,903.2,1.0,-0.0,,,,,,,,
F1_dow_Mon_L,F1,long,overnight MOC->MOO if dow_Mon,dow_Mon,y2025,40723,42.0,-1.94,-0.18,0.46,4.09,969.6,1.0,-0.0,,,,,,,,
F1_dow_Mon_L,F1,long,overnight MOC->MOO if dow_Mon,dow_Mon,y2026,36280,36.0,-3.34,-0.32,0.499,2.3,1007.8,1.0,0.0,,,,,,,,
F1_dow_Mon_S,F1,short,overnight MOC->MOO if dow_Mon,dow_Mon,train,238301,326.0,-25.85,-5.43,0.366,-17.78,731.0,1.0,-0.0,,,,,,,,
F1_dow_Mon_S,F1,short,overnight MOC->MOO if dow_Mon,dow_Mon,valid1,74125,84.0,-2.94,-0.48,0.482,4.26,882.4,1.0,0.0,,,,,,,,
F1_dow_Mon_S,F1,short,overnight MOC->MOO if dow_Mon,dow_Mon,valid2,77003,78.0,-9.91,-1.31,0.437,-3.25,987.2,1.0,0.0,,,,,,,,
F1_dow_Mon_S,F1,short,overnight MOC->MOO if dow_Mon,dow_Mon,trainvalid1,312426,410.0,-20.41,-5.18,0.394,-12.55,762.0,1.0,-0.0,,,,,,,,
F1_dow_Mon_S,F1,short,overnight MOC->MOO if dow_Mon,dow_Mon,all_open,389429,488.0,-18.34,-5.23,0.402,-10.71,798.0,1.0,-0.0,,,,,,,,
F1_dow_Mon_S,F1,short,overnight MOC->MOO if dow_Mon,dow_Mon,month_up,130171,162.0,-28.16,-4.8,0.377,-20.56,803.5,1.0,-0.0,,,,,,,,
F1_dow_Mon_S,F1,short,overnight MOC->MOO if dow_Mon,dow_Mon,year_up,317929,395.0,-17.1,-4.57,0.409,-9.5,804.9,1.0,0.0,,,,,,,,
F1_dow_Mon_S,F1,short,overnight MOC->MOO if dow_Mon,dow_Mon,month_flat,123961,161.0,-13.65,-3.01,0.389,-5.91,769.9,1.0,0.0,,,,,,,,
F1_dow_Mon_S,F1,short,overnight MOC->MOO if dow_Mon,dow_Mon,year_flat,0,,,,,,,,,,,,,,,,
F1_dow_Mon_S,F1,short,overnight MOC->MOO if dow_Mon,dow_Mon,month_down,135297,165.0,-13.18,-1.83,0.438,-5.63,820.0,1.0,-0.0,,,,,,,,
F1_dow_Mon_S,F1,short,overnight MOC->MOO if dow_Mon,dow_Mon,year_down,71500,93.0,-23.85,-2.56,0.373,-16.08,768.8,1.0,-0.0,,,,,,,,
F1_dow_Mon_S,F1,short,overnight MOC->MOO if dow_Mon,dow_Mon,day_up,133140,164.0,-17.34,-2.45,0.433,-9.75,811.8,1.0,-0.0,,,,,,,,
F1_dow_Mon_S,F1,short,overnight MOC->MOO if dow_Mon,dow_Mon,day_flat,136629,175.0,-14.79,-3.6,0.389,-7.11,780.7,1.0,0.0,,,,,,,,
F1_dow_Mon_S,F1,short,overnight MOC->MOO if dow_Mon,dow_Mon,day_down,119660,149.0,-23.5,-3.47,0.384,-15.89,803.1,1.0,-0.0,,,,,,,,
F1_dow_Mon_S,F1,short,overnight MOC->MOO if dow_Mon,dow_Mon,y2016,26840,44.0,-7.34,-0.9,0.418,2.17,610.0,1.0,-0.0,,,,,,,,
F1_dow_Mon_S,F1,short,overnight MOC->MOO if dow_Mon,dow_Mon,y2017,30016,46.0,-12.13,-3.44,0.363,-3.41,652.5,1.0,0.0,,,,,,,,
F1_dow_Mon_S,F1,short,overnight MOC->MOO if dow_Mon,dow_Mon,y2018,33566,48.0,-9.14,-0.96,0.365,-0.89,699.3,1.0,-0.0,,,,,,,,
F1_dow_Mon_S,F1,short,overnight MOC->MOO if dow_Mon,dow_Mon,y2019,34742,48.0,-19.09,-3.04,0.337,-11.09,723.8,1.0,0.0,,,,,,,,
F1_dow_Mon_S,F1,short,overnight MOC->MOO if dow_Mon,dow_Mon,y2020,36497,48.0,-75.03,-3.69,0.312,-66.71,760.4,1.0,-0.0,,,,,,,,
F1_dow_Mon_S,F1,short,overnight MOC->MOO if dow_Mon,dow_Mon,y2021,38706,47.0,-12.69,-1.55,0.397,-5.75,823.5,1.0,0.0,,,,,,,,
F1_dow_Mon_S,F1,short,overnight MOC->MOO if dow_Mon,dow_Mon,y2022,37934,45.0,-36.87,-2.42,0.38,-29.52,843.0,1.0,-0.0,,,,,,,,
F1_dow_Mon_S,F1,short,overnight MOC->MOO if dow_Mon,dow_Mon,y2023,38901,45.0,-5.36,-0.59,0.501,2.02,864.5,1.0,-0.0,,,,,,,,
F1_dow_Mon_S,F1,short,overnight MOC->MOO if dow_Mon,dow_Mon,y2024,35224,39.0,-0.27,-0.03,0.461,6.73,903.2,1.0,0.0,,,,,,,,
F1_dow_Mon_S,F1,short,overnight MOC->MOO if dow_Mon,dow_Mon,y2025,40723,42.0,-10.95,-1.01,0.439,-4.09,969.6,1.0,0.0,,,,,,,,
F1_dow_Mon_S,F1,short,overnight MOC->MOO if dow_Mon,dow_Mon,y2026,36280,36.0,-8.75,-0.83,0.434,-2.3,1007.8,1.0,-0.0,,,,,,,,
F1_dow_Tue_L,F1,long,overnight MOC->MOO if dow_Tue,dow_Tue,train,262536,359.0,-0.19,-0.05,0.508,7.04,731.3,1.0,-0.0,,,,,,,,
F1_dow_Tue_L,F1,long,overnight MOC->MOO if dow_Tue,dow_Tue,valid1,83770,95.0,-3.2,-0.52,0.478,3.17,881.8,1.0,0.0,,,,,,,,
F1_dow_Tue_L,F1,long,overnight MOC->MOO if dow_Tue,dow_Tue,valid2,82969,84.0,10.97,1.62,0.503,16.81,987.7,1.0,0.0,,,,,,,,
F1_dow_Tue_L,F1,long,overnight MOC->MOO if dow_Tue,dow_Tue,trainvalid1,346306,454.0,-0.92,-0.27,0.501,6.1,762.8,1.0,0.0,,,,,,,,
F1_dow_Tue_L,F1,long,overnight MOC->MOO if dow_Tue,dow_Tue,all_open,429275,538.0,1.38,0.45,0.501,8.17,797.9,1.0,0.0,,,,,,,,
F1_dow_Tue_L,F1,long,overnight MOC->MOO if dow_Tue,dow_Tue,month_up,142631,178.0,9.09,1.7,0.509,15.87,801.3,1.0,0.0,,,,,,,,
F1_dow_Tue_L,F1,long,overnight MOC->MOO if dow_Tue,dow_Tue,year_up,349869,435.0,2.06,0.6,0.502,8.83,804.3,1.0,-0.0,,,,,,,,
F1_dow_Tue_L,F1,long,overnight MOC->MOO if dow_Tue,dow_Tue,month_flat,136806,178.0,1.6,0.44,0.511,8.52,768.6,1.0,0.0,,,,,,,,
F1_dow_Tue_L,F1,long,overnight MOC->MOO if dow_Tue,dow_Tue,year_flat,0,,,,,,,,,,,,,,,,
F1_dow_Tue_L,F1,long,overnight MOC->MOO if dow_Tue,dow_Tue,month_down,149838,182.0,-6.15,-0.96,0.485,0.53,823.3,1.0,-0.0,,,,,,,,
F1_dow_Tue_L,F1,long,overnight MOC->MOO if dow_Tue,dow_Tue,year_down,79406,103.0,-1.62,-0.23,0.499,5.28,770.9,1.0,0.0,,,,,,,,
F1_dow_Tue_L,F1,long,overnight MOC->MOO if dow_Tue,dow_Tue,day_up,132974,167.0,-5.33,-0.82,0.478,1.51,796.3,1.0,0.0,,,,,,,,
F1_dow_Tue_L,F1,long,overnight MOC->MOO if dow_Tue,dow_Tue,day_flat,143394,181.0,0.74,0.16,0.489,7.46,792.2,1.0,0.0,,,,,,,,
F1_dow_Tue_L,F1,long,overnight MOC->MOO if dow_Tue,dow_Tue,day_down,152907,190.0,7.82,1.56,0.533,14.64,804.8,1.0,0.0,,,,,,,,
F1_dow_Tue_L,F1,long,overnight MOC->MOO if dow_Tue,dow_Tue,y2016,29910,49.0,-4.9,-0.81,0.455,3.79,610.4,1.0,-0.0,,,,,,,,
F1_dow_Tue_L,F1,long,overnight MOC->MOO if dow_Tue,dow_Tue,y2017,33274,51.0,0.17,0.04,0.496,8.05,652.4,1.0,-0.0,,,,,,,,
F1_dow_Tue_L,F1,long,overnight MOC->MOO if dow_Tue,dow_Tue,y2018,35567,51.0,-1.93,-0.25,0.5,5.41,697.4,1.0,0.0,,,,,,,,
F1_dow_Tue_L,F1,long,overnight MOC->MOO if dow_Tue,dow_Tue,y2019,37620,52.0,-1.62,-0.26,0.491,5.57,723.5,1.0,0.0,,,,,,,,
F1_dow_Tue_L,F1,long,overnight MOC->MOO if dow_Tue,dow_Tue,y2020,39526,52.0,9.15,0.44,0.616,16.62,760.1,1.0,-0.0,,,,,,,,
F1_dow_Tue_L,F1,long,overnight MOC->MOO if dow_Tue,dow_Tue,y2021,42800,52.0,-1.89,-0.27,0.486,4.23,823.1,1.0,0.0,,,,,,,,
F1_dow_Tue_L,F1,long,overnight MOC->MOO if dow_Tue,dow_Tue,y2022,43839,52.0,-1.37,-0.12,0.497,5.18,843.1,1.0,0.0,,,,,,,,
F1_dow_Tue_L,F1,long,overnight MOC->MOO if dow_Tue,dow_Tue,y2023,44071,51.0,-4.01,-0.51,0.485,2.53,864.1,1.0,0.0,,,,,,,,
F1_dow_Tue_L,F1,long,overnight MOC->MOO if dow_Tue,dow_Tue,y2024,39699,44.0,-2.29,-0.24,0.471,3.89,902.2,1.0,-0.0,,,,,,,,
F1_dow_Tue_L,F1,long,overnight MOC->MOO if dow_Tue,dow_Tue,y2025,42671,44.0,4.85,0.55,0.491,10.89,969.8,1.0,0.0,,,,,,,,
F1_dow_Tue_L,F1,long,overnight MOC->MOO if dow_Tue,dow_Tue,y2026,40298,40.0,17.46,1.69,0.517,23.07,1007.5,1.0,-0.0,,,,,,,,
F1_dow_Tue_S,F1,short,overnight MOC->MOO if dow_Tue,dow_Tue,train,262536,359.0,-15.1,-3.68,0.378,-7.04,731.3,1.0,0.0,,,,,,,,
F1_dow_Tue_S,F1,short,overnight MOC->MOO if dow_Tue,dow_Tue,valid1,83770,95.0,-10.37,-1.67,0.431,-3.17,881.8,1.0,-0.0,,,,,,,,
F1_dow_Tue_S,F1,short,overnight MOC->MOO if dow_Tue,dow_Tue,valid2,82969,84.0,-23.46,-3.46,0.409,-16.81,987.7,1.0,-0.0,,,,,,,,
F1_dow_Tue_S,F1,short,overnight MOC->MOO if dow_Tue,dow_Tue,trainvalid1,346306,454.0,-13.96,-4.04,0.391,-6.1,762.8,1.0,-0.0,,,,,,,,
F1_dow_Tue_S,F1,short,overnight MOC->MOO if dow_Tue,dow_Tue,all_open,429275,538.0,-15.8,-5.12,0.394,-8.17,797.9,1.0,-0.0,,,,,,,,
F1_dow_Tue_S,F1,short,overnight MOC->MOO if dow_Tue,dow_Tue,month_up,142631,178.0,-23.49,-4.4,0.39,-15.87,801.3,1.0,-0.0,,,,,,,,
F1_dow_Tue_S,F1,short,overnight MOC->MOO if dow_Tue,dow_Tue,year_up,349869,435.0,-16.42,-4.77,0.392,-8.83,804.3,1.0,0.0,,,,,,,,
F1_dow_Tue_S,F1,short,overnight MOC->MOO if dow_Tue,dow_Tue,month_flat,136806,178.0,-16.26,-4.45,0.369,-8.52,768.6,1.0,-0.0,,,,,,,,
F1_dow_Tue_S,F1,short,overnight MOC->MOO if dow_Tue,dow_Tue,year_flat,0,,,,,,,,,,,,,,,,
F1_dow_Tue_S,F1,short,overnight MOC->MOO if dow_Tue,dow_Tue,month_down,149838,182.0,-8.04,-1.26,0.421,-0.53,823.3,1.0,0.0,,,,,,,,
F1_dow_Tue_S,F1,short,overnight MOC->MOO if dow_Tue,dow_Tue,year_down,79406,103.0,-13.02,-1.88,0.404,-5.28,770.9,1.0,-0.0,,,,,,,,
F1_dow_Tue_S,F1,short,overnight MOC->MOO if dow_Tue,dow_Tue,day_up,132974,167.0,-9.17,-1.41,0.42,-1.51,796.3,1.0,0.0,,,,,,,,
F1_dow_Tue_S,F1,short,overnight MOC->MOO if dow_Tue,dow_Tue,day_flat,143394,181.0,-15.01,-3.35,0.393,-7.46,792.2,1.0,-0.0,,,,,,,,
F1_dow_Tue_S,F1,short,overnight MOC->MOO if dow_Tue,dow_Tue,day_down,152907,190.0,-22.29,-4.45,0.373,-14.64,804.8,1.0,-0.0,,,,,,,,
F1_dow_Tue_S,F1,short,overnight MOC->MOO if dow_Tue,dow_Tue,y2016,29910,49.0,-13.29,-2.2,0.387,-3.79,610.4,1.0,0.0,,,,,,,,
F1_dow_Tue_S,F1,short,overnight MOC->MOO if dow_Tue,dow_Tue,y2017,33274,51.0,-16.75,-3.97,0.339,-8.05,652.4,1.0,0.0,,,,,,,,
F1_dow_Tue_S,F1,short,overnight MOC->MOO if dow_Tue,dow_Tue,y2018,35567,51.0,-13.6,-1.79,0.373,-5.41,697.4,1.0,-0.0,,,,,,,,
F1_dow_Tue_S,F1,short,overnight MOC->MOO if dow_Tue,dow_Tue,y2019,37620,52.0,-13.62,-2.19,0.377,-5.57,723.5,1.0,-0.0,,,,,,,,
F1_dow_Tue_S,F1,short,overnight MOC->MOO if dow_Tue,dow_Tue,y2020,39526,52.0,-24.93,-1.22,0.312,-16.62,760.1,1.0,0.0,,,,,,,,
F1_dow_Tue_S,F1,short,overnight MOC->MOO if dow_Tue,dow_Tue,y2021,42800,52.0,-11.18,-1.6,0.413,-4.23,823.1,1.0,-0.0,,,,,,,,
F1_dow_Tue_S,F1,short,overnight MOC->MOO if dow_Tue,dow_Tue,y2022,43839,52.0,-12.55,-1.15,0.43,-5.18,843.1,1.0,-0.0,,,,,,,,
F1_dow_Tue_S,F1,short,overnight MOC->MOO if dow_Tue,dow_Tue,y2023,44071,51.0,-9.89,-1.26,0.423,-2.53,864.1,1.0,-0.0,,,,,,,,
F1_dow_Tue_S,F1,short,overnight MOC->MOO if dow_Tue,dow_Tue,y2024,39699,44.0,-10.9,-1.12,0.441,-3.89,902.2,1.0,0.0,,,,,,,,
F1_dow_Tue_S,F1,short,overnight MOC->MOO if dow_Tue,dow_Tue,y2025,42671,44.0,-17.75,-2.01,0.403,-10.89,969.8,1.0,-0.0,,,,,,,,
F1_dow_Tue_S,F1,short,overnight MOC->MOO if dow_Tue,dow_Tue,y2026,40298,40.0,-29.51,-2.86,0.415,-23.07,1007.5,1.0,0.0,,,,,,,,
F1_dow_Wed_L,F1,long,overnight MOC->MOO if dow_Wed,dow_Wed,train,261684,358.0,-13.55,-2.96,0.455,-6.31,731.0,1.0,0.0,,,,,,,,
F1_dow_Wed_L,F1,long,overnight MOC->MOO if dow_Wed,dow_Wed,valid1,83765,95.0,11.55,2.03,0.545,17.92,881.7,1.0,-0.0,,,,,,,,
F1_dow_Wed_L,F1,long,overnight MOC->MOO if dow_Wed,dow_Wed,valid2,82987,84.0,-8.89,-1.06,0.469,-3.05,987.9,1.0,-0.0,,,,,,,,
F1_dow_Wed_L,F1,long,overnight MOC->MOO if dow_Wed,dow_Wed,trainvalid1,345449,453.0,-7.46,-1.98,0.477,-0.43,762.6,1.0,0.0,,,,,,,,
F1_dow_Wed_L,F1,long,overnight MOC->MOO if dow_Wed,dow_Wed,all_open,428436,537.0,-7.74,-2.24,0.475,-0.94,797.8,1.0,0.0,,,,,,,,
F1_dow_Wed_L,F1,long,overnight MOC->MOO if dow_Wed,dow_Wed,month_up,146728,183.0,1.76,0.33,0.499,8.57,801.8,1.0,0.0,,,,,,,,
F1_dow_Wed_L,F1,long,overnight MOC->MOO if dow_Wed,dow_Wed,year_up,349764,435.0,-4.91,-1.34,0.482,1.86,804.1,1.0,0.0,,,,,,,,
F1_dow_Wed_L,F1,long,overnight MOC->MOO if dow_Wed,dow_Wed,month_flat,133240,173.0,-4.5,-1.04,0.463,2.41,770.2,1.0,-0.0,,,,,,,,
F1_dow_Wed_L,F1,long,overnight MOC->MOO if dow_Wed,dow_Wed,year_flat,0,,,,,,,,,,,,,,,,
F1_dow_Wed_L,F1,long,overnight MOC->MOO if dow_Wed,dow_Wed,month_down,148468,181.0,-20.03,-2.7,0.462,-13.34,820.3,1.0,0.0,,,,,,,,
F1_dow_Wed_L,F1,long,overnight MOC->MOO if dow_Wed,dow_Wed,year_down,78672,102.0,-20.3,-2.21,0.443,-13.4,771.3,1.0,0.0,,,,,,,,
F1_dow_Wed_L,F1,long,overnight MOC->MOO if dow_Wed,dow_Wed,day_up,131802,166.0,-11.93,-1.9,0.463,-5.1,794.0,1.0,-0.0,,,,,,,,
F1_dow_Wed_L,F1,long,overnight MOC->MOO if dow_Wed,dow_Wed,day_flat,137386,176.0,-1.46,-0.35,0.482,5.37,780.6,1.0,-0.0,,,,,,,,
F1_dow_Wed_L,F1,long,overnight MOC->MOO if dow_Wed,dow_Wed,day_down,159248,195.0,-9.68,-1.43,0.479,-2.94,816.7,1.0,0.0,,,,,,,,
F1_dow_Wed_L,F1,long,overnight MOC->MOO if dow_Wed,dow_Wed,y2016,29927,49.0,-8.66,-1.31,0.423,0.02,610.8,1.0,-0.0,,,,,,,,
F1_dow_Wed_L,F1,long,overnight MOC->MOO if dow_Wed,dow_Wed,y2017,33930,52.0,-6.15,-1.69,0.438,1.74,652.5,1.0,-0.0,,,,,,,,
F1_dow_Wed_L,F1,long,overnight MOC->MOO if dow_Wed,dow_Wed,y2018,34854,50.0,-4.92,-0.79,0.486,2.42,697.1,1.0,-0.0,,,,,,,,
F1_dow_Wed_L,F1,long,overnight MOC->MOO if dow_Wed,dow_Wed,y2019,36841,51.0,-4.09,-0.69,0.461,3.13,722.4,1.0,-0.0,,,,,,,,
F1_dow_Wed_L,F1,long,overnight MOC->MOO if dow_Wed,dow_Wed,y2020,39499,52.0,-40.47,-2.01,0.407,-32.97,759.6,1.0,0.0,,,,,,,,
F1_dow_Wed_L,F1,long,overnight MOC->MOO if dow_Wed,dow_Wed,y2021,42815,52.0,6.29,0.73,0.551,12.41,823.4,1.0,0.0,,,,,,,,
F1_dow_Wed_L,F1,long,overnight MOC->MOO if dow_Wed,dow_Wed,y2022,43818,52.0,-32.53,-2.09,0.409,-25.98,842.7,1.0,0.0,,,,,,,,
F1_dow_Wed_L,F1,long,overnight MOC->MOO if dow_Wed,dow_Wed,y2023,44965,52.0,0.77,0.1,0.502,7.32,864.7,1.0,-0.0,,,,,,,,
F1_dow_Wed_L,F1,long,overnight MOC->MOO if dow_Wed,dow_Wed,y2024,38800,43.0,24.04,3.08,0.594,30.21,902.3,1.0,0.0,,,,,,,,
F1_dow_Wed_L,F1,long,overnight MOC->MOO if dow_Wed,dow_Wed,y2025,42686,44.0,-9.67,-0.73,0.477,-3.64,970.1,1.0,-0.0,,,,,,,,
F1_dow_Wed_L,F1,long,overnight MOC->MOO if dow_Wed,dow_Wed,y2026,40301,40.0,-8.07,-0.8,0.459,-2.44,1007.5,1.0,-0.0,,,,,,,,
F1_dow_Wed_S,F1,short,overnight MOC->MOO if dow_Wed,dow_Wed,train,261684,358.0,-1.77,-0.39,0.433,6.31,731.0,1.0,-0.0,,,,,,,,
F1_dow_Wed_S,F1,short,overnight MOC->MOO if dow_Wed,dow_Wed,valid1,83765,95.0,-25.14,-4.43,0.368,-17.92,881.7,1.0,0.0,,,,,,,,
F1_dow_Wed_S,F1,short,overnight MOC->MOO if dow_Wed,dow_Wed,valid2,82987,84.0,-3.65,-0.44,0.457,3.05,987.9,1.0,0.0,,,,,,,,
F1_dow_Wed_S,F1,short,overnight MOC->MOO if dow_Wed,dow_Wed,trainvalid1,345449,453.0,-7.44,-1.98,0.417,0.43,762.6,1.0,-0.0,,,,,,,,
F1_dow_Wed_S,F1,short,overnight MOC->MOO if dow_Wed,dow_Wed,all_open,428436,537.0,-6.7,-1.95,0.425,0.94,797.8,1.0,-0.0,,,,,,,,
F1_dow_Wed_S,F1,short,overnight MOC->MOO if dow_Wed,dow_Wed,month_up,146728,183.0,-16.22,-3.06,0.404,-8.57,801.8,1.0,-0.0,,,,,,,,
F1_dow_Wed_S,F1,short,overnight MOC->MOO if dow_Wed,dow_Wed,year_up,349764,435.0,-9.48,-2.59,0.416,-1.86,804.1,1.0,-0.0,,,,,,,,
F1_dow_Wed_S,F1,short,overnight MOC->MOO if dow_Wed,dow_Wed,month_flat,133240,173.0,-10.15,-2.35,0.42,-2.41,770.2,1.0,0.0,,,,,,,,
F1_dow_Wed_S,F1,short,overnight MOC->MOO if dow_Wed,dow_Wed,year_flat,0,,,,,,,,,,,,,,,,
F1_dow_Wed_S,F1,short,overnight MOC->MOO if dow_Wed,dow_Wed,month_down,148468,181.0,5.8,0.78,0.45,13.34,820.3,1.0,-0.0,,,,,,,,
F1_dow_Wed_S,F1,short,overnight MOC->MOO if dow_Wed,dow_Wed,year_down,78672,102.0,5.66,0.62,0.466,13.4,771.3,1.0,-0.0,,,,,,,,
F1_dow_Wed_S,F1,short,overnight MOC->MOO if dow_Wed,dow_Wed,day_up,131802,166.0,-2.58,-0.41,0.439,5.1,794.0,1.0,0.0,,,,,,,,
F1_dow_Wed_S,F1,short,overnight MOC->MOO if dow_Wed,dow_Wed,day_flat,137386,176.0,-13.06,-3.15,0.403,-5.37,780.6,1.0,0.0,,,,,,,,
F1_dow_Wed_S,F1,short,overnight MOC->MOO if dow_Wed,dow_Wed,day_down,159248,195.0,-4.64,-0.69,0.433,2.94,816.7,1.0,-0.0,,,,,,,,
F1_dow_Wed_S,F1,short,overnight MOC->MOO if dow_Wed,dow_Wed,y2016,29927,49.0,-9.54,-1.45,0.421,-0.02,610.8,1.0,0.0,,,,,,,,
F1_dow_Wed_S,F1,short,overnight MOC->MOO if dow_Wed,dow_Wed,y2017,33930,52.0,-10.46,-2.89,0.383,-1.74,652.5,1.0,0.0,,,,,,,,
F1_dow_Wed_S,F1,short,overnight MOC->MOO if dow_Wed,dow_Wed,y2018,34854,50.0,-10.61,-1.7,0.384,-2.42,697.1,1.0,0.0,,,,,,,,
F1_dow_Wed_S,F1,short,overnight MOC->MOO if dow_Wed,dow_Wed,y2019,36841,51.0,-11.2,-1.89,0.406,-3.13,722.4,1.0,0.0,,,,,,,,
F1_dow_Wed_S,F1,short,overnight MOC->MOO if dow_Wed,dow_Wed,y2020,39499,52.0,24.64,1.23,0.526,32.97,759.6,1.0,-0.0,,,,,,,,
F1_dow_Wed_S,F1,short,overnight MOC->MOO if dow_Wed,dow_Wed,y2021,42815,52.0,-19.36,-2.24,0.359,-12.41,823.4,1.0,-0.0,,,,,,,,
F1_dow_Wed_S,F1,short,overnight MOC->MOO if dow_Wed,dow_Wed,y2022,43818,52.0,18.6,1.2,0.531,25.98,842.7,1.0,-0.0,,,,,,,,
F1_dow_Wed_S,F1,short,overnight MOC->MOO if dow_Wed,dow_Wed,y2023,44965,52.0,-14.71,-1.87,0.415,-7.32,864.7,1.0,0.0,,,,,,,,
F1_dow_Wed_S,F1,short,overnight MOC->MOO if dow_Wed,dow_Wed,y2024,38800,43.0,-37.23,-4.78,0.313,-30.21,902.3,1.0,-0.0,,,,,,,,
F1_dow_Wed_S,F1,short,overnight MOC->MOO if dow_Wed,dow_Wed,y2025,42686,44.0,-3.29,-0.25,0.434,3.64,970.1,1.0,0.0,,,,,,,,
F1_dow_Wed_S,F1,short,overnight MOC->MOO if dow_Wed,dow_Wed,y2026,40301,40.0,-4.02,-0.4,0.481,2.44,1007.5,1.0,0.0,,,,,,,,
F1_dow_Thu_L,F1,long,overnight MOC->MOO if dow_Thu,dow_Thu,train,258678,354.0,0.86,0.2,0.507,8.1,730.7,1.0,0.0,,,,,,,,
F1_dow_Thu_L,F1,long,overnight MOC->MOO if dow_Thu,dow_Thu,valid1,81974,93.0,3.57,0.61,0.533,9.95,881.4,1.0,0.0,,,,,,,,
F1_dow_Thu_L,F1,long,overnight MOC->MOO if dow_Thu,dow_Thu,valid2,79063,80.0,-4.56,-0.57,0.493,1.28,988.3,1.0,0.0,,,,,,,,
F1_dow_Thu_L,F1,long,overnight MOC->MOO if dow_Thu,dow_Thu,trainvalid1,340652,447.0,1.52,0.42,0.513,8.55,762.1,1.0,0.0,,,,,,,,
F1_dow_Thu_L,F1,long,overnight MOC->MOO if dow_Thu,dow_Thu,all_open,419715,527.0,0.37,0.11,0.509,7.18,796.4,1.0,0.0,,,,,,,,
F1_dow_Thu_L,F1,long,overnight MOC->MOO if dow_Thu,dow_Thu,month_up,143360,178.0,10.19,2.17,0.545,16.96,805.4,1.0,0.0,,,,,,,,
F1_dow_Thu_L,F1,long,overnight MOC->MOO if dow_Thu,dow_Thu,year_up,341172,425.0,2.76,0.75,0.522,9.54,802.8,1.0,0.0,,,,,,,,
F1_dow_Thu_L,F1,long,overnight MOC->MOO if dow_Thu,dow_Thu,month_flat,131569,171.0,10.97,2.27,0.555,17.88,769.4,1.0,0.0,,,,,,,,
F1_dow_Thu_L,F1,long,overnight MOC->MOO if dow_Thu,dow_Thu,year_flat,0,,,,,,,,,,,,,,,,
F1_dow_Thu_L,F1,long,overnight MOC->MOO if dow_Thu,dow_Thu,month_down,144786,178.0,-18.98,-2.8,0.432,-12.23,813.4,1.0,-0.0,,,,,,,,
F1_dow_Thu_L,F1,long,overnight MOC->MOO if dow_Thu,dow_Thu,year_down,78543,102.0,-10.01,-1.42,0.453,-3.09,770.0,1.0,0.0,,,,,,,,
F1_dow_Thu_L,F1,long,overnight MOC->MOO if dow_Thu,dow_Thu,day_up,150914,189.0,5.33,1.07,0.534,12.15,798.5,1.0,0.0,,,,,,,,
F1_dow_Thu_L,F1,long,overnight MOC->MOO if dow_Thu,dow_Thu,day_flat,128203,164.0,-2.53,-0.59,0.482,4.26,781.7,1.0,-0.0,,,,,,,,
F1_dow_Thu_L,F1,long,overnight MOC->MOO if dow_Thu,dow_Thu,day_down,140598,174.0,-2.3,-0.32,0.507,4.5,808.0,1.0,-0.0,,,,,,,,
F1_dow_Thu_L,F1,long,overnight MOC->MOO if dow_Thu,dow_Thu,y2016,29267,48.0,-11.56,-1.16,0.459,-2.88,609.7,1.0,0.0,,,,,,,,
F1_dow_Thu_L,F1,long,overnight MOC->MOO if dow_Thu,dow_Thu,y2017,33243,51.0,0.78,0.25,0.503,8.66,651.8,1.0,0.0,,,,,,,,
F1_dow_Thu_L,F1,long,overnight MOC->MOO if dow_Thu,dow_Thu,y2018,35564,51.0,-5.96,-0.81,0.463,1.39,697.3,1.0,-0.0,,,,,,,,
F1_dow_Thu_L,F1,long,overnight MOC->MOO if dow_Thu,dow_Thu,y2019,36162,50.0,9.62,1.33,0.576,16.83,723.2,1.0,-0.0,,,,,,,,
F1_dow_Thu_L,F1,long,overnight MOC->MOO if dow_Thu,dow_Thu,y2020,39491,52.0,11.41,0.54,0.511,18.92,759.4,1.0,-0.0,,,,,,,,
F1_dow_Thu_L,F1,long,overnight MOC->MOO if dow_Thu,dow_Thu,y2021,41972,51.0,12.47,1.88,0.579,18.58,823.0,1.0,0.0,,,,,,,,
F1_dow_Thu_L,F1,long,overnight MOC->MOO if dow_Thu,dow_Thu,y2022,42979,51.0,-13.35,-1.18,0.445,-6.81,842.7,1.0,0.0,,,,,,,,
F1_dow_Thu_L,F1,long,overnight MOC->MOO if dow_Thu,dow_Thu,y2023,44078,51.0,1.08,0.13,0.513,7.63,864.3,1.0,0.0,,,,,,,,
F1_dow_Thu_L,F1,long,overnight MOC->MOO if dow_Thu,dow_Thu,y2024,37896,42.0,6.47,0.81,0.555,12.65,902.3,1.0,0.0,,,,,,,,
F1_dow_Thu_L,F1,long,overnight MOC->MOO if dow_Thu,dow_Thu,y2025,38753,40.0,-14.25,-1.12,0.481,-8.18,968.8,1.0,0.0,,,,,,,,
F1_dow_Thu_L,F1,long,overnight MOC->MOO if dow_Thu,dow_Thu,y2026,40310,40.0,4.75,0.49,0.505,10.38,1007.8,1.0,-0.0,,,,,,,,
F1_dow_Thu_S,F1,short,overnight MOC->MOO if dow_Thu,dow_Thu,train,258678,354.0,-16.24,-3.74,0.389,-8.1,730.7,1.0,-0.0,,,,,,,,
F1_dow_Thu_S,F1,short,overnight MOC->MOO if dow_Thu,dow_Thu,valid1,81974,93.0,-17.21,-2.96,0.38,-9.95,881.4,1.0,-0.0,,,,,,,,
F1_dow_Thu_S,F1,short,overnight MOC->MOO if dow_Thu,dow_Thu,valid2,79063,80.0,-8.1,-1.01,0.428,-1.28,988.3,1.0,-0.0,,,,,,,,
F1_dow_Thu_S,F1,short,overnight MOC->MOO if dow_Thu,dow_Thu,trainvalid1,340652,447.0,-16.47,-4.6,0.387,-8.55,762.1,1.0,-0.0,,,,,,,,
F1_dow_Thu_S,F1,short,overnight MOC->MOO if dow_Thu,dow_Thu,all_open,419715,527.0,-14.9,-4.54,0.395,-7.18,796.4,1.0,-0.0,,,,,,,,
F1_dow_Thu_S,F1,short,overnight MOC->MOO if dow_Thu,dow_Thu,month_up,143360,178.0,-24.7,-5.25,0.36,-16.96,805.4,1.0,-0.0,,,,,,,,
F1_dow_Thu_S,F1,short,overnight MOC->MOO if dow_Thu,dow_Thu,year_up,341172,425.0,-17.25,-4.68,0.381,-9.54,802.8,1.0,-0.0,,,,,,,,
F1_dow_Thu_S,F1,short,overnight MOC->MOO if dow_Thu,dow_Thu,month_flat,131569,171.0,-25.66,-5.32,0.332,-17.88,769.4,1.0,-0.0,,,,,,,,
F1_dow_Thu_S,F1,short,overnight MOC->MOO if dow_Thu,dow_Thu,year_flat,0,,,,,,,,,,,,,,,,
F1_dow_Thu_S,F1,short,overnight MOC->MOO if dow_Thu,dow_Thu,month_down,144786,178.0,4.59,0.68,0.486,12.23,813.4,1.0,0.0,,,,,,,,
F1_dow_Thu_S,F1,short,overnight MOC->MOO if dow_Thu,dow_Thu,year_down,78543,102.0,-4.69,-0.66,0.453,3.09,770.0,1.0,-0.0,,,,,,,,
F1_dow_Thu_S,F1,short,overnight MOC->MOO if dow_Thu,dow_Thu,day_up,150914,189.0,-19.92,-4.02,0.372,-12.15,798.5,1.0,-0.0,,,,,,,,
F1_dow_Thu_S,F1,short,overnight MOC->MOO if dow_Thu,dow_Thu,day_flat,128203,164.0,-11.95,-2.81,0.406,-4.26,781.7,1.0,0.0,,,,,,,,
F1_dow_Thu_S,F1,short,overnight MOC->MOO if dow_Thu,dow_Thu,day_down,140598,174.0,-12.19,-1.68,0.408,-4.5,808.0,1.0,0.0,,,,,,,,
F1_dow_Thu_S,F1,short,overnight MOC->MOO if dow_Thu,dow_Thu,y2016,29267,48.0,-6.66,-0.67,0.406,2.88,609.7,1.0,-0.0,,,,,,,,
F1_dow_Thu_S,F1,short,overnight MOC->MOO if dow_Thu,dow_Thu,y2017,33243,51.0,-17.41,-5.5,0.33,-8.66,651.8,1.0,0.0,,,,,,,,
F1_dow_Thu_S,F1,short,overnight MOC->MOO if dow_Thu,dow_Thu,y2018,35564,51.0,-9.61,-1.32,0.411,-1.39,697.3,1.0,0.0,,,,,,,,
F1_dow_Thu_S,F1,short,overnight MOC->MOO if dow_Thu,dow_Thu,y2019,36162,50.0,-24.91,-3.44,0.323,-16.83,723.2,1.0,0.0,,,,,,,,
F1_dow_Thu_S,F1,short,overnight MOC->MOO if dow_Thu,dow_Thu,y2020,39491,52.0,-27.44,-1.3,0.418,-18.92,759.4,1.0,0.0,,,,,,,,
F1_dow_Thu_S,F1,short,overnight MOC->MOO if dow_Thu,dow_Thu,y2021,41972,51.0,-25.62,-3.86,0.336,-18.58,823.0,1.0,-0.0,,,,,,,,
F1_dow_Thu_S,F1,short,overnight MOC->MOO if dow_Thu,dow_Thu,y2022,42979,51.0,-0.61,-0.05,0.488,6.81,842.7,1.0,-0.0,,,,,,,,
F1_dow_Thu_S,F1,short,overnight MOC->MOO if dow_Thu,dow_Thu,y2023,44078,51.0,-15.05,-1.81,0.403,-7.63,864.3,1.0,-0.0,,,,,,,,
F1_dow_Thu_S,F1,short,overnight MOC->MOO if dow_Thu,dow_Thu,y2024,37896,42.0,-19.72,-2.46,0.352,-12.65,902.3,1.0,-0.0,,,,,,,,
F1_dow_Thu_S,F1,short,overnight MOC->MOO if dow_Thu,dow_Thu,y2025,38753,40.0,1.17,0.09,0.434,8.18,968.8,1.0,-0.0,,,,,,,,
F1_dow_Thu_S,F1,short,overnight MOC->MOO if dow_Thu,dow_Thu,y2026,40310,40.0,-17.02,-1.74,0.421,-10.38,1007.8,1.0,0.0,,,,,,,,
F1_dow_Fri_L,F1,long,overnight MOC->MOO if dow_Fri,dow_Fri,train,256367,351.0,-7.78,-1.25,0.479,-0.54,730.4,1.0,-0.0,,,,,,,,
F1_dow_Fri_L,F1,long,overnight MOC->MOO if dow_Fri,dow_Fri,valid1,82029,93.0,-5.48,-0.86,0.476,0.89,882.0,1.0,0.0,,,,,,,,
F1_dow_Fri_L,F1,long,overnight MOC->MOO if dow_Fri,dow_Fri,valid2,77053,78.0,4.71,0.48,0.479,10.54,987.9,1.0,0.0,,,,,,,,
F1_dow_Fri_L,F1,long,overnight MOC->MOO if dow_Fri,dow_Fri,trainvalid1,338396,444.0,-7.22,-1.46,0.479,-0.19,762.2,1.0,-0.0,,,,,,,,
F1_dow_Fri_L,F1,long,overnight MOC->MOO if dow_Fri,dow_Fri,all_open,415449,522.0,-5.01,-1.13,0.479,1.8,795.9,1.0,-0.0,,,,,,,,
F1_dow_Fri_L,F1,long,overnight MOC->MOO if dow_Fri,dow_Fri,month_up,141046,175.0,5.99,0.94,0.466,12.74,806.0,1.0,0.0,,,,,,,,
F1_dow_Fri_L,F1,long,overnight MOC->MOO if dow_Fri,dow_Fri,year_up,336875,420.0,-3.04,-0.59,0.486,3.74,802.1,1.0,-0.0,,,,,,,,
F1_dow_Fri_L,F1,long,overnight MOC->MOO if dow_Fri,dow_Fri,month_flat,131386,171.0,1.63,0.32,0.514,8.54,768.3,1.0,0.0,,,,,,,,
F1_dow_Fri_L,F1,long,overnight MOC->MOO if dow_Fri,dow_Fri,year_flat,0,,,,,,,,,,,,,,,,
F1_dow_Fri_L,F1,long,overnight MOC->MOO if dow_Fri,dow_Fri,month_down,143017,176.0,-21.96,-2.19,0.459,-15.19,812.6,1.0,-0.0,,,,,,,,
F1_dow_Fri_L,F1,long,overnight MOC->MOO if dow_Fri,dow_Fri,year_down,78574,102.0,-13.45,-1.69,0.449,-6.53,770.3,1.0,0.0,,,,,,,,
F1_dow_Fri_L,F1,long,overnight MOC->MOO if dow_Fri,dow_Fri,day_up,148870,186.0,-9.31,-1.06,0.467,-2.51,800.4,1.0,-0.0,,,,,,,,
F1_dow_Fri_L,F1,long,overnight MOC->MOO if dow_Fri,dow_Fri,day_flat,134185,173.0,1.98,0.47,0.487,8.83,775.6,1.0,-0.0,,,,,,,,
F1_dow_Fri_L,F1,long,overnight MOC->MOO if dow_Fri,dow_Fri,day_down,132394,163.0,-7.25,-0.83,0.483,-0.49,812.2,1.0,0.0,,,,,,,,
F1_dow_Fri_L,F1,long,overnight MOC->MOO if dow_Fri,dow_Fri,y2016,29319,48.0,-1.74,-0.22,0.466,6.92,610.8,1.0,-0.0,,,,,,,,
F1_dow_Fri_L,F1,long,overnight MOC->MOO if dow_Fri,dow_Fri,y2017,33275,51.0,1.52,0.33,0.481,9.39,652.5,1.0,0.0,,,,,,,,
F1_dow_Fri_L,F1,long,overnight MOC->MOO if dow_Fri,dow_Fri,y2018,35606,51.0,3.26,0.43,0.503,10.62,698.2,1.0,0.0,,,,,,,,
F1_dow_Fri_L,F1,long,overnight MOC->MOO if dow_Fri,dow_Fri,y2019,36910,51.0,-10.39,-1.16,0.464,-3.19,723.7,1.0,-0.0,,,,,,,,
F1_dow_Fri_L,F1,long,overnight MOC->MOO if dow_Fri,dow_Fri,y2020,37155,49.0,-21.95,-0.61,0.506,-14.45,758.3,1.0,-0.0,,,,,,,,
F1_dow_Fri_L,F1,long,overnight MOC->MOO if dow_Fri,dow_Fri,y2021,41134,50.0,6.37,0.66,0.536,12.48,822.7,1.0,-0.0,,,,,,,,
F1_dow_Fri_L,F1,long,overnight MOC->MOO if dow_Fri,dow_Fri,y2022,42968,51.0,-27.3,-2.12,0.404,-20.74,842.5,1.0,-0.0,,,,,,,,
F1_dow_Fri_L,F1,long,overnight MOC->MOO if dow_Fri,dow_Fri,y2023,44117,51.0,-7.51,-1.12,0.441,-0.97,865.0,1.0,-0.0,,,,,,,,
F1_dow_Fri_L,F1,long,overnight MOC->MOO if dow_Fri,dow_Fri,y2024,37912,42.0,-3.12,-0.27,0.517,3.06,902.7,1.0,0.0,,,,,,,,
F1_dow_Fri_L,F1,long,overnight MOC->MOO if dow_Fri,dow_Fri,y2025,39780,41.0,10.86,0.68,0.51,16.88,970.2,1.0,0.0,,,,,,,,
F1_dow_Fri_L,F1,long,overnight MOC->MOO if dow_Fri,dow_Fri,y2026,37273,37.0,-1.87,-0.17,0.446,3.77,1007.4,1.0,0.0,,,,,,,,
F1_dow_Fri_S,F1,short,overnight MOC->MOO if dow_Fri,dow_Fri,train,256367,351.0,-9.25,-1.49,0.404,0.54,730.4,1.0,0.0,,,,,,,,
F1_dow_Fri_S,F1,short,overnight MOC->MOO if dow_Fri,dow_Fri,valid1,82029,93.0,-9.83,-1.53,0.409,-0.89,882.0,1.0,-0.0,,,,,,,,
F1_dow_Fri_S,F1,short,overnight MOC->MOO if dow_Fri,dow_Fri,valid2,77053,78.0,-18.9,-1.95,0.439,-10.54,987.9,1.0,-0.0,,,,,,,,
F1_dow_Fri_S,F1,short,overnight MOC->MOO if dow_Fri,dow_Fri,trainvalid1,338396,444.0,-9.39,-1.9,0.405,0.19,762.2,1.0,0.0,,,,,,,,
F1_dow_Fri_S,F1,short,overnight MOC->MOO if dow_Fri,dow_Fri,all_open,415449,522.0,-11.15,-2.52,0.411,-1.8,795.9,1.0,0.0,,,,,,,,
F1_dow_Fri_S,F1,short,overnight MOC->MOO if dow_Fri,dow_Fri,month_up,141046,175.0,-22.04,-3.44,0.421,-12.74,806.0,1.0,-0.0,,,,,,,,
F1_dow_Fri_S,F1,short,overnight MOC->MOO if dow_Fri,dow_Fri,year_up,336875,420.0,-13.06,-2.55,0.402,-3.74,802.1,1.0,0.0,,,,,,,,
F1_dow_Fri_S,F1,short,overnight MOC->MOO if dow_Fri,dow_Fri,month_flat,131386,171.0,-18.0,-3.49,0.353,-8.54,768.3,1.0,-0.0,,,,,,,,
F1_dow_Fri_S,F1,short,overnight MOC->MOO if dow_Fri,dow_Fri,year_flat,0,,,,,,,,,,,,,,,,
F1_dow_Fri_S,F1,short,overnight MOC->MOO if dow_Fri,dow_Fri,month_down,143017,176.0,5.87,0.59,0.455,15.19,812.6,1.0,0.0,,,,,,,,
F1_dow_Fri_S,F1,short,overnight MOC->MOO if dow_Fri,dow_Fri,year_down,78574,102.0,-2.96,-0.37,0.451,6.53,770.3,1.0,-0.0,,,,,,,,
F1_dow_Fri_S,F1,short,overnight MOC->MOO if dow_Fri,dow_Fri,day_up,148870,186.0,-6.85,-0.78,0.425,2.51,800.4,1.0,0.0,,,,,,,,
F1_dow_Fri_S,F1,short,overnight MOC->MOO if dow_Fri,dow_Fri,day_flat,134185,173.0,-18.26,-4.3,0.379,-8.83,775.6,1.0,0.0,,,,,,,,
F1_dow_Fri_S,F1,short,overnight MOC->MOO if dow_Fri,dow_Fri,day_down,132394,163.0,-8.8,-1.0,0.428,0.49,812.2,1.0,0.0,,,,,,,,
F1_dow_Fri_S,F1,short,overnight MOC->MOO if dow_Fri,dow_Fri,y2016,29319,48.0,-18.15,-2.31,0.381,-6.92,610.8,1.0,0.0,,,,,,,,
F1_dow_Fri_S,F1,short,overnight MOC->MOO if dow_Fri,dow_Fri,y2017,33275,51.0,-19.82,-4.35,0.318,-9.39,652.5,1.0,-0.0,,,,,,,,
F1_dow_Fri_S,F1,short,overnight MOC->MOO if dow_Fri,dow_Fri,y2018,35606,51.0,-20.52,-2.72,0.358,-10.62,698.2,1.0,-0.0,,,,,,,,
F1_dow_Fri_S,F1,short,overnight MOC->MOO if dow_Fri,dow_Fri,y2019,36910,51.0,-6.54,-0.73,0.408,3.19,723.7,1.0,0.0,,,,,,,,
F1_dow_Fri_S,F1,short,overnight MOC->MOO if dow_Fri,dow_Fri,y2020,37155,49.0,4.41,0.12,0.432,14.45,758.3,1.0,0.0,,,,,,,,
F1_dow_Fri_S,F1,short,overnight MOC->MOO if dow_Fri,dow_Fri,y2021,41134,50.0,-21.13,-2.18,0.37,-12.48,822.7,1.0,0.0,,,,,,,,
F1_dow_Fri_S,F1,short,overnight MOC->MOO if dow_Fri,dow_Fri,y2022,42968,51.0,11.59,0.9,0.528,20.74,842.5,1.0,0.0,,,,,,,,
F1_dow_Fri_S,F1,short,overnight MOC->MOO if dow_Fri,dow_Fri,y2023,44117,51.0,-8.14,-1.22,0.444,0.97,865.0,1.0,0.0,,,,,,,,
F1_dow_Fri_S,F1,short,overnight MOC->MOO if dow_Fri,dow_Fri,y2024,37912,42.0,-11.79,-1.03,0.369,-3.06,902.7,1.0,-0.0,,,,,,,,
F1_dow_Fri_S,F1,short,overnight MOC->MOO if dow_Fri,dow_Fri,y2025,39780,41.0,-25.41,-1.6,0.4,-16.88,970.2,1.0,-0.0,,,,,,,,
F1_dow_Fri_S,F1,short,overnight MOC->MOO if dow_Fri,dow_Fri,y2026,37273,37.0,-11.96,-1.12,0.482,-3.77,1007.4,1.0,0.0,,,,,,,,
F1_tom_last_L,F1,long,overnight MOC->MOO if tom_last,tom_last,train,61380,84.0,16.73,1.84,0.604,23.97,730.7,1.0,-0.0,,,,,,,,
F1_tom_last_L,F1,long,overnight MOC->MOO if tom_last,tom_last,valid1,18513,21.0,-7.44,-0.95,0.417,-1.07,881.6,1.0,0.0,,,,,,,,
F1_tom_last_L,F1,long,overnight MOC->MOO if tom_last,tom_last,valid2,18793,19.0,-25.18,-1.98,0.372,-19.34,989.1,1.0,0.0,,,,,,,,
F1_tom_last_L,F1,long,overnight MOC->MOO if tom_last,tom_last,trainvalid1,79893,105.0,11.13,1.53,0.56,18.17,760.9,1.0,-0.0,,,,,,,,
F1_tom_last_L,F1,long,overnight MOC->MOO if tom_last,tom_last,all_open,98686,124.0,4.21,0.65,0.524,11.02,795.9,1.0,-0.0,,,,,,,,
F1_tom_last_L,F1,long,overnight MOC->MOO if tom_last,tom_last,month_up,33788,42.0,4.53,0.49,0.482,11.22,804.5,1.0,0.0,,,,,,,,
F1_tom_last_L,F1,long,overnight MOC->MOO if tom_last,tom_last,year_up,80198,100.0,3.7,0.51,0.53,10.49,802.0,1.0,0.0,,,,,,,,
F1_tom_last_L,F1,long,overnight MOC->MOO if tom_last,tom_last,month_flat,31379,41.0,9.62,0.99,0.588,16.56,765.3,1.0,-0.0,,,,,,,,
F1_tom_last_L,F1,long,overnight MOC->MOO if tom_last,tom_last,year_flat,0,,,,,,,,,,,,,,,,
F1_tom_last_L,F1,long,overnight MOC->MOO if tom_last,tom_last,month_down,33519,41.0,-1.16,-0.08,0.508,5.65,817.5,1.0,-0.0,,,,,,,,
F1_tom_last_L,F1,long,overnight MOC->MOO if tom_last,tom_last,year_down,18488,24.0,6.43,0.42,0.501,13.36,770.3,1.0,-0.0,,,,,,,,
F1_tom_last_L,F1,long,overnight MOC->MOO if tom_last,tom_last,day_up,33993,42.0,-1.38,-0.15,0.462,5.38,809.4,1.0,0.0,,,,,,,,
F1_tom_last_L,F1,long,overnight MOC->MOO if tom_last,tom_last,day_flat,30503,39.0,9.69,1.14,0.546,16.53,782.1,1.0,0.0,,,,,,,,
F1_tom_last_L,F1,long,overnight MOC->MOO if tom_last,tom_last,day_down,34190,43.0,4.89,0.33,0.568,11.72,795.1,1.0,-0.0,,,,,,,,
F1_tom_last_L,F1,long,overnight MOC->MOO if tom_last,tom_last,y2016,7332,12.0,-11.23,-0.77,0.43,-2.54,611.0,1.0,0.0,,,,,,,,
F1_tom_last_L,F1,long,overnight MOC->MOO if tom_last,tom_last,y2017,7843,12.0,22.87,3.35,0.702,30.7,653.6,1.0,0.0,,,,,,,,
F1_tom_last_L,F1,long,overnight MOC->MOO if tom_last,tom_last,y2018,8391,12.0,-11.04,-0.5,0.412,-3.64,699.2,1.0,0.0,,,,,,,,
F1_tom_last_L,F1,long,overnight MOC->MOO if tom_last,tom_last,y2019,8684,12.0,25.42,1.83,0.643,32.57,723.7,1.0,0.0,,,,,,,,
F1_tom_last_L,F1,long,overnight MOC->MOO if tom_last,tom_last,y2020,9147,12.0,-11.75,-0.28,0.6,-4.24,762.2,1.0,-0.0,,,,,,,,
F1_tom_last_L,F1,long,overnight MOC->MOO if tom_last,tom_last,y2021,9886,12.0,70.57,5.14,0.816,76.69,823.8,1.0,-0.0,,,,,,,,
F1_tom_last_L,F1,long,overnight MOC->MOO if tom_last,tom_last,y2022,10097,12.0,20.94,1.03,0.574,27.49,841.4,1.0,-0.0,,,,,,,,
F1_tom_last_L,F1,long,overnight MOC->MOO if tom_last,tom_last,y2023,10395,12.0,-14.55,-1.42,0.372,-8.03,866.2,1.0,0.0,,,,,,,,
F1_tom_last_L,F1,long,overnight MOC->MOO if tom_last,tom_last,y2024,8118,9.0,1.67,0.14,0.475,7.83,902.0,1.0,-0.0,,,,,,,,
F1_tom_last_L,F1,long,overnight MOC->MOO if tom_last,tom_last,y2025,9718,10.0,-30.26,-1.66,0.319,-24.25,971.8,1.0,-0.0,,,,,,,,
F1_tom_last_L,F1,long,overnight MOC->MOO if tom_last,tom_last,y2026,9075,9.0,-19.73,-1.13,0.429,-14.09,1008.3,1.0,-0.0,,,,,,,,
F1_tom_last_S,F1,short,overnight MOC->MOO if tom_last,tom_last,train,61380,84.0,-32.86,-3.65,0.301,-23.97,730.7,1.0,0.0,,,,,,,,
F1_tom_last_S,F1,short,overnight MOC->MOO if tom_last,tom_last,valid1,18513,21.0,-6.94,-0.89,0.472,1.07,881.6,1.0,0.0,,,,,,,,
F1_tom_last_S,F1,short,overnight MOC->MOO if tom_last,tom_last,valid2,18793,19.0,11.91,0.94,0.556,19.34,989.1,1.0,-0.0,,,,,,,,
F1_tom_last_S,F1,short,overnight MOC->MOO if tom_last,tom_last,trainvalid1,79893,105.0,-26.85,-3.7,0.341,-18.17,760.9,1.0,0.0,,,,,,,,
F1_tom_last_S,F1,short,overnight MOC->MOO if tom_last,tom_last,all_open,98686,124.0,-19.47,-2.99,0.382,-11.02,795.9,1.0,0.0,,,,,,,,
F1_tom_last_S,F1,short,overnight MOC->MOO if tom_last,tom_last,month_up,33788,42.0,-19.57,-2.14,0.419,-11.22,804.5,1.0,-0.0,,,,,,,,
F1_tom_last_S,F1,short,overnight MOC->MOO if tom_last,tom_last,year_up,80198,100.0,-18.92,-2.62,0.375,-10.49,802.0,1.0,-0.0,,,,,,,,
F1_tom_last_S,F1,short,overnight MOC->MOO if tom_last,tom_last,month_flat,31379,41.0,-25.17,-2.58,0.315,-16.56,765.3,1.0,0.0,,,,,,,,
F1_tom_last_S,F1,short,overnight MOC->MOO if tom_last,tom_last,year_flat,0,,,,,,,,,,,,,,,,
F1_tom_last_S,F1,short,overnight MOC->MOO if tom_last,tom_last,month_down,33519,41.0,-14.04,-0.99,0.407,-5.65,817.5,1.0,0.0,,,,,,,,
F1_tom_last_S,F1,short,overnight MOC->MOO if tom_last,tom_last,year_down,18488,24.0,-21.86,-1.44,0.412,-13.36,770.3,1.0,0.0,,,,,,,,
F1_tom_last_S,F1,short,overnight MOC->MOO if tom_last,tom_last,day_up,33993,42.0,-13.84,-1.54,0.435,-5.38,809.4,1.0,-0.0,,,,,,,,
F1_tom_last_S,F1,short,overnight MOC->MOO if tom_last,tom_last,day_flat,30503,39.0,-25.08,-2.94,0.351,-16.53,782.1,1.0,-0.0,,,,,,,,
F1_tom_last_S,F1,short,overnight MOC->MOO if tom_last,tom_last,day_down,34190,43.0,-20.07,-1.37,0.356,-11.72,795.1,1.0,0.0,,,,,,,,
F1_tom_last_S,F1,short,overnight MOC->MOO if tom_last,tom_last,y2016,7332,12.0,-7.72,-0.53,0.433,2.54,611.0,1.0,-0.0,,,,,,,,
F1_tom_last_S,F1,short,overnight MOC->MOO if tom_last,tom_last,y2017,7843,12.0,-40.11,-5.92,0.172,-30.7,653.6,1.0,0.0,,,,,,,,
F1_tom_last_S,F1,short,overnight MOC->MOO if tom_last,tom_last,y2018,8391,12.0,-5.48,-0.25,0.477,3.64,699.2,1.0,0.0,,,,,,,,
F1_tom_last_S,F1,short,overnight MOC->MOO if tom_last,tom_last,y2019,8684,12.0,-41.37,-3.0,0.248,-32.57,723.7,1.0,-0.0,,,,,,,,
F1_tom_last_S,F1,short,overnight MOC->MOO if tom_last,tom_last,y2020,9147,12.0,-5.0,-0.12,0.33,4.24,762.2,1.0,0.0,,,,,,,,
F1_tom_last_S,F1,short,overnight MOC->MOO if tom_last,tom_last,y2021,9886,12.0,-84.64,-6.12,0.118,-76.69,823.8,1.0,0.0,,,,,,,,
F1_tom_last_S,F1,short,overnight MOC->MOO if tom_last,tom_last,y2022,10097,12.0,-35.47,-1.74,0.358,-27.49,841.4,1.0,0.0,,,,,,,,
F1_tom_last_S,F1,short,overnight MOC->MOO if tom_last,tom_last,y2023,10395,12.0,-0.07,-0.01,0.525,8.03,866.2,1.0,-0.0,,,,,,,,
F1_tom_last_S,F1,short,overnight MOC->MOO if tom_last,tom_last,y2024,8118,9.0,-15.73,-1.37,0.405,-7.83,902.0,1.0,0.0,,,,,,,,
F1_tom_last_S,F1,short,overnight MOC->MOO if tom_last,tom_last,y2025,9718,10.0,16.58,0.91,0.603,24.25,971.8,1.0,0.0,,,,,,,,
F1_tom_last_S,F1,short,overnight MOC->MOO if tom_last,tom_last,y2026,9075,9.0,6.9,0.4,0.505,14.09,1008.3,1.0,0.0,,,,,,,,
F2_rsi2_5_C_K1_L,F2,long,"Connors long >SMA200 RSI2 <5, entry C, exit K1",,train,20691,1378.0,3.07,0.36,0.524,9.77,15.0,1.0,3.83,2.0,5.0,C,K1,,,,
F2_rsi2_5_C_K1_L,F2,long,"Connors long >SMA200 RSI2 <5, entry C, exit K1",,valid1,8202,434.0,4.2,0.52,0.514,10.38,18.9,1.0,4.91,2.0,5.0,C,K1,,,,
F2_rsi2_5_C_K1_L,F2,long,"Connors long >SMA200 RSI2 <5, entry C, exit K1",,valid2,6811,387.0,25.23,2.13,0.54,30.71,17.6,1.0,5.65,2.0,5.0,C,K1,,,,
F2_rsi2_5_C_K1_L,F2,long,"Connors long >SMA200 RSI2 <5, entry C, exit K1",,trainvalid1,28893,1812.0,3.39,0.52,0.521,9.95,15.9,1.0,4.13,2.0,5.0,C,K1,,,,
F2_rsi2_5_C_K1_L,F2,long,"Connors long >SMA200 RSI2 <5, entry C, exit K1",,all_open,35704,2199.0,7.56,1.31,0.525,13.91,16.2,1.0,4.42,2.0,5.0,C,K1,,,,
F2_rsi2_5_C_K1_L,F2,long,"Connors long >SMA200 RSI2 <5, entry C, exit K1",,month_up,7636,722.0,40.4,4.51,0.57,46.93,10.6,1.0,11.47,2.0,5.0,C,K1,,,,
F2_rsi2_5_C_K1_L,F2,long,"Connors long >SMA200 RSI2 <5, entry C, exit K1",,year_up,29686,1774.0,13.48,2.15,0.536,19.8,16.7,1.0,6.08,2.0,5.0,C,K1,,,,
F2_rsi2_5_C_K1_L,F2,long,"Connors long >SMA200 RSI2 <5, entry C, exit K1",,month_flat,11541,739.0,11.86,1.39,0.551,18.47,15.6,1.0,-1.09,2.0,5.0,C,K1,,,,
F2_rsi2_5_C_K1_L,F2,long,"Connors long >SMA200 RSI2 <5, entry C, exit K1",,year_flat,0,,,,,,,,,2.0,5.0,C,K1,,,,
F2_rsi2_5_C_K1_L,F2,long,"Connors long >SMA200 RSI2 <5, entry C, exit K1",,month_down,16527,738.0,-10.62,-1.06,0.486,-4.53,22.4,1.0,5.01,2.0,5.0,C,K1,,,,
F2_rsi2_5_C_K1_L,F2,long,"Connors long >SMA200 RSI2 <5, entry C, exit K1",,year_down,6018,425.0,-21.66,-1.54,0.472,-15.14,14.2,1.0,-3.75,2.0,5.0,C,K1,,,,
F2_rsi2_5_C_K1_L,F2,long,"Connors long >SMA200 RSI2 <5, entry C, exit K1",,day_up,6646,683.0,11.34,1.25,0.539,17.86,9.7,1.0,4.35,2.0,5.0,C,K1,,,,
F2_rsi2_5_C_K1_L,F2,long,"Connors long >SMA200 RSI2 <5, entry C, exit K1",,day_flat,9852,755.0,0.6,0.08,0.512,7.02,13.0,1.0,-0.01,2.0,5.0,C,K1,,,,
F2_rsi2_5_C_K1_L,F2,long,"Connors long >SMA200 RSI2 <5, entry C, exit K1",,day_down,19206,761.0,9.82,1.04,0.527,16.08,25.2,1.0,6.73,2.0,5.0,C,K1,,,,
F2_rsi2_5_C_K1_L,F2,long,"Connors long >SMA200 RSI2 <5, entry C, exit K1",,y2016,629,46.0,20.59,0.93,0.526,29.15,13.7,1.0,11.47,2.0,5.0,C,K1,,,,
F2_rsi2_5_C_K1_L,F2,long,"Connors long >SMA200 RSI2 <5, entry C, exit K1",,y2017,3217,244.0,9.76,1.73,0.548,17.44,13.2,1.0,-0.08,2.0,5.0,C,K1,,,,
F2_rsi2_5_C_K1_L,F2,long,"Connors long >SMA200 RSI2 <5, entry C, exit K1",,y2018,3413,228.0,-17.45,-0.8,0.492,-10.55,15.0,1.0,-3.76,2.0,5.0,C,K1,,,,
F2_rsi2_5_C_K1_L,F2,long,"Connors long >SMA200 RSI2 <5, entry C, exit K1",,y2019,2881,226.0,8.29,0.5,0.559,14.94,12.7,1.0,0.27,2.0,5.0,C,K1,,,,
F2_rsi2_5_C_K1_L,F2,long,"Connors long >SMA200 RSI2 <5, entry C, exit K1",,y2020,2984,203.0,-8.45,-0.3,0.506,-1.89,14.7,1.0,4.6,2.0,5.0,C,K1,,,,
F2_rsi2_5_C_K1_L,F2,long,"Connors long >SMA200 RSI2 <5, entry C, exit K1",,y2021,4962,234.0,30.42,1.36,0.564,36.58,21.2,1.0,16.18,2.0,5.0,C,K1,,,,
F2_rsi2_5_C_K1_L,F2,long,"Connors long >SMA200 RSI2 <5, entry C, exit K1",,y2022,2605,197.0,-27.17,-1.74,0.445,-21.15,13.2,1.0,-3.73,2.0,5.0,C,K1,,,,
F2_rsi2_5_C_K1_L,F2,long,"Connors long >SMA200 RSI2 <5, entry C, exit K1",,y2023,3837,231.0,2.61,0.24,0.506,9.06,16.6,1.0,5.88,2.0,5.0,C,K1,,,,
F2_rsi2_5_C_K1_L,F2,long,"Connors long >SMA200 RSI2 <5, entry C, exit K1",,y2024,4365,203.0,5.6,0.47,0.521,11.54,21.5,1.0,4.06,2.0,5.0,C,K1,,,,
F2_rsi2_5_C_K1_L,F2,long,"Connors long >SMA200 RSI2 <5, entry C, exit K1",,y2025,3125,194.0,22.21,1.44,0.546,28.06,16.1,1.0,-4.4,2.0,5.0,C,K1,,,,
F2_rsi2_5_C_K1_L,F2,long,"Connors long >SMA200 RSI2 <5, entry C, exit K1",,y2026,3686,193.0,27.79,1.58,0.536,32.96,19.1,1.0,14.17,2.0,5.0,C,K1,,,,
F2_rsi2_5_C_K3_L,F2,long,"Connors long >SMA200 RSI2 <5, entry C, exit K3",,train,17283,1344.0,11.62,0.58,0.534,18.31,12.9,3.0,5.37,2.0,5.0,C,K3,,,,
F2_rsi2_5_C_K3_L,F2,long,"Connors long >SMA200 RSI2 <5, entry C, exit K3",,valid1,6687,429.0,29.65,1.74,0.532,35.83,15.6,3.0,9.08,2.0,5.0,C,K3,,,,
F2_rsi2_5_C_K3_L,F2,long,"Connors long >SMA200 RSI2 <5, entry C, exit K3",,valid2,5678,385.0,77.18,3.25,0.566,82.62,14.7,3.0,24.21,2.0,5.0,C,K3,,,,
F2_rsi2_5_C_K3_L,F2,long,"Connors long >SMA200 RSI2 <5, entry C, exit K3",,trainvalid1,23970,1773.0,16.65,1.1,0.533,23.19,13.5,3.0,6.4,2.0,5.0,C,K3,,,,
F2_rsi2_5_C_K3_L,F2,long,"Connors long >SMA200 RSI2 <5, entry C, exit K3",,all_open,29648,2158.0,28.24,2.13,0.54,34.58,13.7,3.0,9.81,2.0,5.0,C,K3,,,,
F2_rsi2_5_C_K3_L,F2,long,"Connors long >SMA200 RSI2 <5, entry C, exit K3",,month_up,6536,709.0,87.23,4.84,0.609,93.75,9.2,3.0,6.81,2.0,5.0,C,K3,,,,
F2_rsi2_5_C_K3_L,F2,long,"Connors long >SMA200 RSI2 <5, entry C, exit K3",,year_up,24723,1748.0,47.08,3.29,0.561,53.37,14.1,3.0,15.01,2.0,5.0,C,K3,,,,
F2_rsi2_5_C_K3_L,F2,long,"Connors long >SMA200 RSI2 <5, entry C, exit K3",,month_flat,9712,728.0,55.29,4.3,0.585,61.84,13.3,3.0,4.73,2.0,5.0,C,K3,,,,
F2_rsi2_5_C_K3_L,F2,long,"Connors long >SMA200 RSI2 <5, entry C, exit K3",,year_flat,0,,,,,,,,,2.0,5.0,C,K3,,,,
F2_rsi2_5_C_K3_L,F2,long,"Connors long >SMA200 RSI2 <5, entry C, exit K3",,month_down,13400,721.0,-20.13,-0.82,0.473,-14.05,18.6,3.0,14.97,2.0,5.0,C,K3,,,,
F2_rsi2_5_C_K3_L,F2,long,"Connors long >SMA200 RSI2 <5, entry C, exit K3",,year_down,4925,410.0,-66.31,-2.36,0.434,-59.77,12.0,3.0,-16.27,2.0,5.0,C,K3,,,,
F2_rsi2_5_C_K3_L,F2,long,"Connors long >SMA200 RSI2 <5, entry C, exit K3",,y2016,535,46.0,73.49,1.22,0.589,82.03,11.6,3.0,14.9,2.0,5.0,C,K3,,,,
F2_rsi2_5_C_K3_L,F2,long,"Connors long >SMA200 RSI2 <5, entry C, exit K3",,y2017,2692,241.0,29.75,3.94,0.562,37.42,11.2,3.0,-1.04,2.0,5.0,C,K3,,,,
F2_rsi2_5_C_K3_L,F2,long,"Connors long >SMA200 RSI2 <5, entry C, exit K3",,y2018,2811,222.0,-59.6,-1.51,0.434,-52.67,12.7,3.0,-5.43,2.0,5.0,C,K3,,,,
F2_rsi2_5_C_K3_L,F2,long,"Connors long >SMA200 RSI2 <5, entry C, exit K3",,y2019,2457,221.0,47.1,2.63,0.595,53.67,11.1,3.0,5.61,2.0,5.0,C,K3,,,,
F2_rsi2_5_C_K3_L,F2,long,"Connors long >SMA200 RSI2 <5, entry C, exit K3",,y2020,2474,196.0,-25.86,-0.26,0.515,-19.31,12.6,3.0,17.84,2.0,5.0,C,K3,,,,
F2_rsi2_5_C_K3_L,F2,long,"Connors long >SMA200 RSI2 <5, entry C, exit K3",,y2021,4200,230.0,84.83,3.06,0.601,90.97,18.3,3.0,26.14,2.0,5.0,C,K3,,,,
F2_rsi2_5_C_K3_L,F2,long,"Connors long >SMA200 RSI2 <5, entry C, exit K3",,y2022,2114,188.0,-75.24,-1.9,0.434,-69.22,11.2,3.0,-30.69,2.0,5.0,C,K3,,,,
F2_rsi2_5_C_K3_L,F2,long,"Connors long >SMA200 RSI2 <5, entry C, exit K3",,y2023,3177,229.0,18.56,0.66,0.513,24.97,13.9,3.0,10.35,2.0,5.0,C,K3,,,,
F2_rsi2_5_C_K3_L,F2,long,"Connors long >SMA200 RSI2 <5, entry C, exit K3",,y2024,3510,200.0,39.68,2.07,0.55,45.65,17.6,3.0,7.93,2.0,5.0,C,K3,,,,
F2_rsi2_5_C_K3_L,F2,long,"Connors long >SMA200 RSI2 <5, entry C, exit K3",,y2025,2632,194.0,69.73,1.89,0.569,75.54,13.6,3.0,-4.8,2.0,5.0,C,K3,,,,
F2_rsi2_5_C_K3_L,F2,long,"Connors long >SMA200 RSI2 <5, entry C, exit K3",,y2026,3046,191.0,83.62,2.72,0.563,88.73,15.9,3.0,49.27,2.0,5.0,C,K3,,,,
F2_rsi2_5_C_K5_L,F2,long,"Connors long >SMA200 RSI2 <5, entry C, exit K5",,train,16305,1335.0,36.97,1.68,0.544,43.65,12.2,5.0,13.72,2.0,5.0,C,K5,,,,
F2_rsi2_5_C_K5_L,F2,long,"Connors long >SMA200 RSI2 <5, entry C, exit K5",,valid1,6226,424.0,51.25,2.13,0.55,57.41,14.7,5.0,9.18,2.0,5.0,C,K5,,,,
F2_rsi2_5_C_K5_L,F2,long,"Connors long >SMA200 RSI2 <5, entry C, exit K5",,valid2,5374,381.0,100.74,2.92,0.561,106.19,14.1,5.0,45.79,2.0,5.0,C,K5,,,,
F2_rsi2_5_C_K5_L,F2,long,"Connors long >SMA200 RSI2 <5, entry C, exit K5",,trainvalid1,22531,1759.0,40.92,2.37,0.545,47.45,12.8,5.0,12.47,2.0,5.0,C,K5,,,,
F2_rsi2_5_C_K5_L,F2,long,"Connors long >SMA200 RSI2 <5, entry C, exit K5",,all_open,27905,2140.0,52.44,3.37,0.548,58.76,13.0,5.0,18.88,2.0,5.0,C,K5,,,,
F2_rsi2_5_C_K5_L,F2,long,"Connors long >SMA200 RSI2 <5, entry C, exit K5",,month_up,6254,704.0,138.01,5.08,0.632,144.52,8.9,5.0,15.66,2.0,5.0,C,K5,,,,
F2_rsi2_5_C_K5_L,F2,long,"Connors long >SMA200 RSI2 <5, entry C, exit K5",,year_up,23329,1732.0,76.71,4.63,0.57,82.98,13.5,5.0,25.53,2.0,5.0,C,K5,,,,
F2_rsi2_5_C_K5_L,F2,long,"Connors long >SMA200 RSI2 <5, entry C, exit K5",,month_flat,9238,722.0,75.86,4.21,0.582,82.38,12.8,5.0,10.99,2.0,5.0,C,K5,,,,
F2_rsi2_5_C_K5_L,F2,long,"Connors long >SMA200 RSI2 <5, entry C, exit K5",,year_flat,0,,,,,,,,,2.0,5.0,C,K5,,,,
F2_rsi2_5_C_K5_L,F2,long,"Connors long >SMA200 RSI2 <5, entry C, exit K5",,month_down,12413,714.0,-8.11,-0.31,0.481,-2.02,17.4,5.0,26.38,2.0,5.0,C,K5,,,,
F2_rsi2_5_C_K5_L,F2,long,"Connors long >SMA200 RSI2 <5, entry C, exit K5",,year_down,4576,408.0,-71.28,-2.39,0.438,-64.71,11.2,5.0,-15.01,2.0,5.0,C,K5,,,,
F2_rsi2_5_C_K5_L,F2,long,"Connors long >SMA200 RSI2 <5, entry C, exit K5",,y2016,504,46.0,104.3,0.98,0.587,112.82,11.0,5.0,7.49,2.0,5.0,C,K5,,,,
F2_rsi2_5_C_K5_L,F2,long,"Connors long >SMA200 RSI2 <5, entry C, exit K5",,y2017,2523,241.0,54.35,4.01,0.591,62.03,10.5,5.0,7.5,2.0,5.0,C,K5,,,,
F2_rsi2_5_C_K5_L,F2,long,"Connors long >SMA200 RSI2 <5, entry C, exit K5",,y2018,2614,221.0,-53.58,-1.3,0.458,-46.59,11.8,5.0,-3.93,2.0,5.0,C,K5,,,,
F2_rsi2_5_C_K5_L,F2,long,"Connors long >SMA200 RSI2 <5, entry C, exit K5",,y2019,2342,217.0,62.96,2.29,0.59,69.5,10.8,5.0,8.14,2.0,5.0,C,K5,,,,
F2_rsi2_5_C_K5_L,F2,long,"Connors long >SMA200 RSI2 <5, entry C, exit K5",,y2020,2349,194.0,35.51,0.42,0.55,42.04,12.1,5.0,43.97,2.0,5.0,C,K5,,,,
F2_rsi2_5_C_K5_L,F2,long,"Connors long >SMA200 RSI2 <5, entry C, exit K5",,y2021,4011,229.0,126.76,2.75,0.598,132.88,17.5,5.0,36.74,2.0,5.0,C,K5,,,,
F2_rsi2_5_C_K5_L,F2,long,"Connors long >SMA200 RSI2 <5, entry C, exit K5",,y2022,1962,187.0,-94.87,-2.19,0.411,-88.86,10.5,5.0,-29.76,2.0,5.0,C,K5,,,,
F2_rsi2_5_C_K5_L,F2,long,"Connors long >SMA200 RSI2 <5, entry C, exit K5",,y2023,2979,226.0,14.14,0.35,0.511,20.55,13.2,5.0,-3.07,2.0,5.0,C,K5,,,,
F2_rsi2_5_C_K5_L,F2,long,"Connors long >SMA200 RSI2 <5, entry C, exit K5",,y2024,3247,198.0,85.3,4.27,0.585,91.23,16.4,5.0,20.42,2.0,5.0,C,K5,,,,
F2_rsi2_5_C_K5_L,F2,long,"Connors long >SMA200 RSI2 <5, entry C, exit K5",,y2025,2514,193.0,105.03,2.88,0.589,110.84,13.0,5.0,16.16,2.0,5.0,C,K5,,,,
F2_rsi2_5_C_K5_L,F2,long,"Connors long >SMA200 RSI2 <5, entry C, exit K5",,y2026,2860,188.0,96.97,1.78,0.536,102.1,15.2,5.0,71.84,2.0,5.0,C,K5,,,,
F2_rsi2_5_C_SMA5_L,F2,long,"Connors long >SMA200 RSI2 <5, entry C, exit SMA5",,train,15819,1329.0,31.41,1.77,0.662,38.09,11.9,3.95,7.0,2.0,5.0,C,SMA5,,,,
F2_rsi2_5_C_SMA5_L,F2,long,"Connors long >SMA200 RSI2 <5, entry C, exit SMA5",,valid1,6045,422.0,50.3,3.18,0.677,56.42,14.3,3.98,13.74,2.0,5.0,C,SMA5,,,,
F2_rsi2_5_C_SMA5_L,F2,long,"Connors long >SMA200 RSI2 <5, entry C, exit SMA5",,valid2,5225,386.0,91.92,4.04,0.689,97.36,13.5,3.86,29.94,2.0,5.0,C,SMA5,,,,
F2_rsi2_5_C_SMA5_L,F2,long,"Connors long >SMA200 RSI2 <5, entry C, exit SMA5",,trainvalid1,21864,1751.0,36.63,2.7,0.666,43.16,12.5,3.96,8.86,2.0,5.0,C,SMA5,,,,
F2_rsi2_5_C_SMA5_L,F2,long,"Connors long >SMA200 RSI2 <5, entry C, exit SMA5",,all_open,27089,2137.0,47.3,3.95,0.671,53.61,12.7,3.94,12.93,2.0,5.0,C,SMA5,,,,
F2_rsi2_5_C_SMA5_L,F2,long,"Connors long >SMA200 RSI2 <5, entry C, exit SMA5",,month_up,6122,700.0,106.51,6.41,0.739,113.02,8.7,3.62,13.95,2.0,5.0,C,SMA5,,,,
F2_rsi2_5_C_SMA5_L,F2,long,"Connors long >SMA200 RSI2 <5, entry C, exit SMA5",,year_up,22648,1733.0,64.68,5.24,0.69,70.95,13.1,3.85,18.98,2.0,5.0,C,SMA5,,,,
F2_rsi2_5_C_SMA5_L,F2,long,"Connors long >SMA200 RSI2 <5, entry C, exit SMA5",,month_flat,8990,727.0,69.09,6.32,0.71,75.61,12.4,3.73,4.38,2.0,5.0,C,SMA5,,,,
F2_rsi2_5_C_SMA5_L,F2,long,"Connors long >SMA200 RSI2 <5, entry C, exit SMA5",,year_flat,0,,,,,,,,,2.0,5.0,C,SMA5,,,,
F2_rsi2_5_C_SMA5_L,F2,long,"Connors long >SMA200 RSI2 <5, entry C, exit SMA5",,month_down,11977,710.0,0.67,0.03,0.606,6.74,16.9,4.26,18.82,2.0,5.0,C,SMA5,,,,
F2_rsi2_5_C_SMA5_L,F2,long,"Connors long >SMA200 RSI2 <5, entry C, exit SMA5",,year_down,4441,404.0,-41.35,-1.4,0.572,-34.79,11.0,4.41,-17.93,2.0,5.0,C,SMA5,,,,
F2_rsi2_5_C_SMA5_L,F2,long,"Connors long >SMA200 RSI2 <5, entry C, exit SMA5",,y2016,488,46.0,84.82,1.56,0.73,93.36,10.6,3.75,24.49,2.0,5.0,C,SMA5,,,,
F2_rsi2_5_C_SMA5_L,F2,long,"Connors long >SMA200 RSI2 <5, entry C, exit SMA5",,y2017,2450,241.0,44.04,6.22,0.711,51.73,10.2,3.8,0.44,2.0,5.0,C,SMA5,,,,
F2_rsi2_5_C_SMA5_L,F2,long,"Connors long >SMA200 RSI2 <5, entry C, exit SMA5",,y2018,2544,220.0,-34.66,-1.0,0.562,-27.68,11.6,4.45,-3.03,2.0,5.0,C,SMA5,,,,
F2_rsi2_5_C_SMA5_L,F2,long,"Connors long >SMA200 RSI2 <5, entry C, exit SMA5",,y2019,2285,218.0,51.82,2.66,0.705,58.35,10.5,3.74,-2.99,2.0,5.0,C,SMA5,,,,
F2_rsi2_5_C_SMA5_L,F2,long,"Connors long >SMA200 RSI2 <5, entry C, exit SMA5",,y2020,2282,192.0,9.69,0.12,0.64,16.21,11.9,3.99,27.33,2.0,5.0,C,SMA5,,,,
F2_rsi2_5_C_SMA5_L,F2,long,"Connors long >SMA200 RSI2 <5, entry C, exit SMA5",,y2021,3873,228.0,100.88,4.15,0.712,107.02,17.0,3.64,31.44,2.0,5.0,C,SMA5,,,,
F2_rsi2_5_C_SMA5_L,F2,long,"Connors long >SMA200 RSI2 <5, entry C, exit SMA5",,y2022,1897,184.0,-50.32,-0.99,0.586,-44.33,10.3,4.37,-37.9,2.0,5.0,C,SMA5,,,,
F2_rsi2_5_C_SMA5_L,F2,long,"Connors long >SMA200 RSI2 <5, entry C, exit SMA5",,y2023,2879,224.0,26.66,1.04,0.648,33.01,12.9,4.2,9.35,2.0,5.0,C,SMA5,,,,
F2_rsi2_5_C_SMA5_L,F2,long,"Connors long >SMA200 RSI2 <5, entry C, exit SMA5",,y2024,3166,198.0,71.8,4.36,0.703,77.71,16.0,3.78,17.72,2.0,5.0,C,SMA5,,,,
F2_rsi2_5_C_SMA5_L,F2,long,"Connors long >SMA200 RSI2 <5, entry C, exit SMA5",,y2025,2454,193.0,97.97,3.66,0.713,103.74,12.7,3.73,5.81,2.0,5.0,C,SMA5,,,,
F2_rsi2_5_C_SMA5_L,F2,long,"Connors long >SMA200 RSI2 <5, entry C, exit SMA5",,y2026,2771,193.0,86.56,2.48,0.668,91.7,14.4,3.97,51.32,2.0,5.0,C,SMA5,,,,
F2_rsi2_5_O_K1_L,F2,long,"Connors long >SMA200 RSI2 <5, entry O, exit K1",,train,20691,1378.0,-2.28,-0.31,0.505,4.43,15.0,1.0,2.49,2.0,5.0,O,K1,,,,
F2_rsi2_5_O_K1_L,F2,long,"Connors long >SMA200 RSI2 <5, entry O, exit K1",,valid1,8202,434.0,-1.5,-0.23,0.489,4.68,18.9,1.0,2.83,2.0,5.0,O,K1,,,,
F2_rsi2_5_O_K1_L,F2,long,"Connors long >SMA200 RSI2 <5, entry O, exit K1",,valid2,6807,387.0,8.56,0.86,0.505,14.05,17.6,1.0,-4.01,2.0,5.0,O,K1,,,,
F2_rsi2_5_O_K1_L,F2,long,"Connors long >SMA200 RSI2 <5, entry O, exit K1",,trainvalid1,28893,1812.0,-2.06,-0.37,0.5,4.5,15.9,1.0,2.59,2.0,5.0,O,K1,,,,
F2_rsi2_5_O_K1_L,F2,long,"Connors long >SMA200 RSI2 <5, entry O, exit K1",,all_open,35710,2200.0,-0.13,-0.03,0.501,6.22,16.2,1.0,1.31,2.0,5.0,O,K1,,,,
F2_rsi2_5_O_K1_L,F2,long,"Connors long >SMA200 RSI2 <5, entry O, exit K1",,month_up,7636,722.0,15.69,2.26,0.533,22.21,10.6,1.0,3.72,2.0,5.0,O,K1,,,,
F2_rsi2_5_O_K1_L,F2,long,"Connors long >SMA200 RSI2 <5, entry O, exit K1",,year_up,29692,1775.0,2.73,0.56,0.507,9.05,16.7,1.0,2.16,2.0,5.0,O,K1,,,,
F2_rsi2_5_O_K1_L,F2,long,"Connors long >SMA200 RSI2 <5, entry O, exit K1",,month_flat,11541,739.0,5.7,0.91,0.529,12.3,15.6,1.0,-0.13,2.0,5.0,O,K1,,,,
F2_rsi2_5_O_K1_L,F2,long,"Connors long >SMA200 RSI2 <5, entry O, exit K1",,year_flat,0,,,,,,,,,2.0,5.0,O,K1,,,,
F2_rsi2_5_O_K1_L,F2,long,"Connors long >SMA200 RSI2 <5, entry O, exit K1",,month_down,16533,739.0,-11.5,-1.29,0.466,-5.41,22.4,1.0,1.21,2.0,5.0,O,K1,,,,
F2_rsi2_5_O_K1_L,F2,long,"Connors long >SMA200 RSI2 <5, entry O, exit K1",,year_down,6018,425.0,-14.25,-0.91,0.471,-7.73,14.2,1.0,-2.89,2.0,5.0,O,K1,,,,
F2_rsi2_5_O_K1_L,F2,long,"Connors long >SMA200 RSI2 <5, entry O, exit K1",,day_up,6644,683.0,-0.61,-0.08,0.518,5.9,9.7,1.0,1.16,2.0,5.0,O,K1,,,,
F2_rsi2_5_O_K1_L,F2,long,"Connors long >SMA200 RSI2 <5, entry O, exit K1",,day_flat,9852,755.0,-11.85,-1.87,0.476,-5.44,13.0,1.0,-2.8,2.0,5.0,O,K1,,,,
F2_rsi2_5_O_K1_L,F2,long,"Connors long >SMA200 RSI2 <5, entry O, exit K1",,day_down,19204,761.0,6.23,0.78,0.508,12.49,25.2,1.0,3.51,2.0,5.0,O,K1,,,,
F2_rsi2_5_O_K1_L,F2,long,"Connors long >SMA200 RSI2 <5, entry O, exit K1",,y2016,629,46.0,-16.33,-1.25,0.442,-7.79,13.7,1.0,-0.43,2.0,5.0,O,K1,,,,
F2_rsi2_5_O_K1_L,F2,long,"Connors long >SMA200 RSI2 <5, entry O, exit K1",,y2017,3217,244.0,2.98,0.58,0.523,10.66,13.2,1.0,-0.35,2.0,5.0,O,K1,,,,
F2_rsi2_5_O_K1_L,F2,long,"Connors long >SMA200 RSI2 <5, entry O, exit K1",,y2018,3413,228.0,-14.5,-0.61,0.476,-7.6,15.0,1.0,-2.26,2.0,5.0,O,K1,,,,
F2_rsi2_5_O_K1_L,F2,long,"Connors long >SMA200 RSI2 <5, entry O, exit K1",,y2019,2881,226.0,5.18,0.54,0.54,11.83,12.7,1.0,0.3,2.0,5.0,O,K1,,,,
F2_rsi2_5_O_K1_L,F2,long,"Connors long >SMA200 RSI2 <5, entry O, exit K1",,y2020,2984,203.0,-11.09,-0.44,0.482,-4.52,14.7,1.0,4.38,2.0,5.0,O,K1,,,,
F2_rsi2_5_O_K1_L,F2,long,"Connors long >SMA200 RSI2 <5, entry O, exit K1",,y2021,4962,234.0,11.59,0.72,0.535,17.75,21.2,1.0,11.37,2.0,5.0,O,K1,,,,
F2_rsi2_5_O_K1_L,F2,long,"Connors long >SMA200 RSI2 <5, entry O, exit K1",,y2022,2605,197.0,-13.92,-0.76,0.464,-7.89,13.2,1.0,-3.71,2.0,5.0,O,K1,,,,
F2_rsi2_5_O_K1_L,F2,long,"Connors long >SMA200 RSI2 <5, entry O, exit K1",,y2023,3837,231.0,2.46,0.27,0.491,8.92,16.6,1.0,5.83,2.0,5.0,O,K1,,,,
F2_rsi2_5_O_K1_L,F2,long,"Connors long >SMA200 RSI2 <5, entry O, exit K1",,y2024,4365,203.0,-4.99,-0.53,0.487,0.94,21.5,1.0,0.2,2.0,5.0,O,K1,,,,
F2_rsi2_5_O_K1_L,F2,long,"Connors long >SMA200 RSI2 <5, entry O, exit K1",,y2025,3131,195.0,12.1,0.85,0.519,17.96,16.1,1.0,-9.02,2.0,5.0,O,K1,,,,
F2_rsi2_5_O_K1_L,F2,long,"Connors long >SMA200 RSI2 <5, entry O, exit K1",,y2026,3686,193.0,4.6,0.33,0.491,9.77,19.1,1.0,0.1,2.0,5.0,O,K1,,,,
F2_rsi2_5_O_K3_L,F2,long,"Connors long >SMA200 RSI2 <5, entry O, exit K3",,train,17283,1344.0,4.29,0.23,0.524,10.98,12.9,2.0,4.08,2.0,5.0,O,K3,,,,
F2_rsi2_5_O_K3_L,F2,long,"Connors long >SMA200 RSI2 <5, entry O, exit K3",,valid1,6687,429.0,24.01,1.55,0.523,30.19,15.6,2.0,6.99,2.0,5.0,O,K3,,,,
F2_rsi2_5_O_K3_L,F2,long,"Connors long >SMA200 RSI2 <5, entry O, exit K3",,valid2,5670,385.0,61.65,3.03,0.547,67.08,14.7,2.0,15.89,2.0,5.0,O,K3,,,,
F2_rsi2_5_O_K3_L,F2,long,"Connors long >SMA200 RSI2 <5, entry O, exit K3",,trainvalid1,23970,1773.0,9.79,0.68,0.524,16.34,13.5,2.0,4.89,2.0,5.0,O,K3,,,,
F2_rsi2_5_O_K3_L,F2,long,"Connors long >SMA200 RSI2 <5, entry O, exit K3",,all_open,29650,2159.0,19.59,1.58,0.528,25.92,13.7,2.0,6.96,2.0,5.0,O,K3,,,,
F2_rsi2_5_O_K3_L,F2,long,"Connors long >SMA200 RSI2 <5, entry O, exit K3",,month_up,6536,709.0,62.31,4.06,0.581,68.83,9.2,2.0,-0.91,2.0,5.0,O,K3,,,,
F2_rsi2_5_O_K3_L,F2,long,"Connors long >SMA200 RSI2 <5, entry O, exit K3",,year_up,24725,1749.0,35.27,2.58,0.547,41.56,14.1,2.0,11.26,2.0,5.0,O,K3,,,,
F2_rsi2_5_O_K3_L,F2,long,"Connors long >SMA200 RSI2 <5, entry O, exit K3",,month_flat,9712,728.0,50.02,3.98,0.577,56.57,13.3,2.0,5.95,2.0,5.0,O,K3,,,,
F2_rsi2_5_O_K3_L,F2,long,"Connors long >SMA200 RSI2 <5, entry O, exit K3",,year_flat,0,,,,,,,,,2.0,5.0,O,K3,,,,
F2_rsi2_5_O_K3_L,F2,long,"Connors long >SMA200 RSI2 <5, entry O, exit K3",,month_down,13402,722.0,-23.3,-1.01,0.467,-17.22,18.6,2.0,11.53,2.0,5.0,O,K3,,,,
F2_rsi2_5_O_K3_L,F2,long,"Connors long >SMA200 RSI2 <5, entry O, exit K3",,year_down,4925,410.0,-59.16,-2.41,0.434,-52.61,12.0,2.0,-14.65,2.0,5.0,O,K3,,,,
F2_rsi2_5_O_K3_L,F2,long,"Connors long >SMA200 RSI2 <5, entry O, exit K3",,y2016,535,46.0,38.38,0.75,0.542,46.9,11.6,2.0,5.01,2.0,5.0,O,K3,,,,
F2_rsi2_5_O_K3_L,F2,long,"Connors long >SMA200 RSI2 <5, entry O, exit K3",,y2017,2692,241.0,22.65,2.78,0.553,30.32,11.2,2.0,-1.55,2.0,5.0,O,K3,,,,
F2_rsi2_5_O_K3_L,F2,long,"Connors long >SMA200 RSI2 <5, entry O, exit K3",,y2018,2811,222.0,-56.95,-1.88,0.427,-50.02,12.7,2.0,-3.3,2.0,5.0,O,K3,,,,
F2_rsi2_5_O_K3_L,F2,long,"Connors long >SMA200 RSI2 <5, entry O, exit K3",,y2019,2457,221.0,42.49,2.4,0.592,49.06,11.1,2.0,4.16,2.0,5.0,O,K3,,,,
F2_rsi2_5_O_K3_L,F2,long,"Connors long >SMA200 RSI2 <5, entry O, exit K3",,y2020,2474,196.0,-40.88,-0.41,0.5,-34.33,12.6,2.0,18.68,2.0,5.0,O,K3,,,,
F2_rsi2_5_O_K3_L,F2,long,"Connors long >SMA200 RSI2 <5, entry O, exit K3",,y2021,4200,230.0,66.84,2.37,0.584,72.98,18.3,2.0,20.86,2.0,5.0,O,K3,,,,
F2_rsi2_5_O_K3_L,F2,long,"Connors long >SMA200 RSI2 <5, entry O, exit K3",,y2022,2114,188.0,-62.09,-1.52,0.443,-56.07,11.2,2.0,-29.73,2.0,5.0,O,K3,,,,
F2_rsi2_5_O_K3_L,F2,long,"Connors long >SMA200 RSI2 <5, entry O, exit K3",,y2023,3177,229.0,18.54,0.71,0.505,24.95,13.9,2.0,10.02,2.0,5.0,O,K3,,,,
F2_rsi2_5_O_K3_L,F2,long,"Connors long >SMA200 RSI2 <5, entry O, exit K3",,y2024,3510,200.0,28.95,1.63,0.539,34.92,17.6,2.0,4.24,2.0,5.0,O,K3,,,,
F2_rsi2_5_O_K3_L,F2,long,"Connors long >SMA200 RSI2 <5, entry O, exit K3",,y2025,2634,195.0,62.39,2.13,0.557,68.2,13.5,2.0,-6.75,2.0,5.0,O,K3,,,,
F2_rsi2_5_O_K3_L,F2,long,"Connors long >SMA200 RSI2 <5, entry O, exit K3",,y2026,3046,191.0,59.67,2.11,0.537,64.78,15.9,2.0,35.11,2.0,5.0,O,K3,,,,
F2_rsi2_5_O_K5_L,F2,long,"Connors long >SMA200 RSI2 <5, entry O, exit K5",,train,16305,1335.0,29.99,1.44,0.541,36.67,12.2,4.0,12.28,2.0,5.0,O,K5,,,,
F2_rsi2_5_O_K5_L,F2,long,"Connors long >SMA200 RSI2 <5, entry O, exit K5",,valid1,6226,424.0,45.91,2.05,0.543,52.07,14.7,4.0,6.5,2.0,5.0,O,K5,,,,
F2_rsi2_5_O_K5_L,F2,long,"Connors long >SMA200 RSI2 <5, entry O, exit K5",,valid2,5365,381.0,84.93,2.85,0.548,90.37,14.1,4.0,36.94,2.0,5.0,O,K5,,,,
F2_rsi2_5_O_K5_L,F2,long,"Connors long >SMA200 RSI2 <5, entry O, exit K5",,trainvalid1,22531,1759.0,34.39,2.12,0.542,40.93,12.8,4.0,10.68,2.0,5.0,O,K5,,,,
F2_rsi2_5_O_K5_L,F2,long,"Connors long >SMA200 RSI2 <5, entry O, exit K5",,all_open,27906,2141.0,43.85,3.04,0.543,50.18,13.0,4.0,15.62,2.0,5.0,O,K5,,,,
F2_rsi2_5_O_K5_L,F2,long,"Connors long >SMA200 RSI2 <5, entry O, exit K5",,month_up,6254,704.0,113.49,4.66,0.616,120.0,8.9,4.0,8.17,2.0,5.0,O,K5,,,,
F2_rsi2_5_O_K5_L,F2,long,"Connors long >SMA200 RSI2 <5, entry O, exit K5",,year_up,23330,1733.0,65.03,4.2,0.561,71.31,13.5,4.0,21.53,2.0,5.0,O,K5,,,,
F2_rsi2_5_O_K5_L,F2,long,"Connors long >SMA200 RSI2 <5, entry O, exit K5",,month_flat,9238,722.0,69.89,3.55,0.577,76.41,12.8,4.0,11.2,2.0,5.0,O,K5,,,,
F2_rsi2_5_O_K5_L,F2,long,"Connors long >SMA200 RSI2 <5, entry O, exit K5",,year_flat,0,,,,,,,,,2.0,5.0,O,K5,,,,
F2_rsi2_5_O_K5_L,F2,long,"Connors long >SMA200 RSI2 <5, entry O, exit K5",,month_down,12414,715.0,-10.6,-0.44,0.48,-4.51,17.4,4.0,22.66,2.0,5.0,O,K5,,,,
F2_rsi2_5_O_K5_L,F2,long,"Connors long >SMA200 RSI2 <5, entry O, exit K5",,year_down,4576,408.0,-64.13,-2.34,0.449,-57.56,11.2,4.0,-14.52,2.0,5.0,O,K5,,,,
F2_rsi2_5_O_K5_L,F2,long,"Connors long >SMA200 RSI2 <5, entry O, exit K5",,y2016,504,46.0,70.75,0.72,0.548,79.26,11.0,4.0,-0.52,2.0,5.0,O,K5,,,,
F2_rsi2_5_O_K5_L,F2,long,"Connors long >SMA200 RSI2 <5, entry O, exit K5",,y2017,2523,241.0,47.83,3.7,0.576,55.5,10.5,4.0,7.66,2.0,5.0,O,K5,,,,
F2_rsi2_5_O_K5_L,F2,long,"Connors long >SMA200 RSI2 <5, entry O, exit K5",,y2018,2614,221.0,-53.1,-1.44,0.461,-46.12,11.8,4.0,-5.67,2.0,5.0,O,K5,,,,
F2_rsi2_5_O_K5_L,F2,long,"Connors long >SMA200 RSI2 <5, entry O, exit K5",,y2019,2342,217.0,59.03,2.33,0.596,65.57,10.8,4.0,7.1,2.0,5.0,O,K5,,,,
F2_rsi2_5_O_K5_L,F2,long,"Connors long >SMA200 RSI2 <5, entry O, exit K5",,y2020,2349,194.0,20.95,0.27,0.537,27.48,12.1,4.0,44.91,2.0,5.0,O,K5,,,,
F2_rsi2_5_O_K5_L,F2,long,"Connors long >SMA200 RSI2 <5, entry O, exit K5",,y2021,4011,229.0,109.38,2.27,0.593,115.49,17.5,4.0,31.28,2.0,5.0,O,K5,,,,
F2_rsi2_5_O_K5_L,F2,long,"Connors long >SMA200 RSI2 <5, entry O, exit K5",,y2022,1962,187.0,-78.82,-1.91,0.433,-72.8,10.5,4.0,-26.32,2.0,5.0,O,K5,,,,
F2_rsi2_5_O_K5_L,F2,long,"Connors long >SMA200 RSI2 <5, entry O, exit K5",,y2023,2979,226.0,13.25,0.36,0.504,19.65,13.2,4.0,-4.38,2.0,5.0,O,K5,,,,
F2_rsi2_5_O_K5_L,F2,long,"Connors long >SMA200 RSI2 <5, entry O, exit K5",,y2024,3247,198.0,75.88,3.74,0.579,81.81,16.4,4.0,16.48,2.0,5.0,O,K5,,,,
F2_rsi2_5_O_K5_L,F2,long,"Connors long >SMA200 RSI2 <5, entry O, exit K5",,y2025,2515,194.0,97.02,3.19,0.58,102.83,13.0,4.0,14.1,2.0,5.0,O,K5,,,,
F2_rsi2_5_O_K5_L,F2,long,"Connors long >SMA200 RSI2 <5, entry O, exit K5",,y2026,2860,188.0,71.64,1.52,0.519,76.76,15.2,4.0,55.85,2.0,5.0,O,K5,,,,
F2_rsi2_5_O_SMA5_L,F2,long,"Connors long >SMA200 RSI2 <5, entry O, exit SMA5",,train,15819,1329.0,25.14,1.55,0.658,31.82,11.9,3.06,6.17,2.0,5.0,O,SMA5,,,,
F2_rsi2_5_O_SMA5_L,F2,long,"Connors long >SMA200 RSI2 <5, entry O, exit SMA5",,valid1,6045,422.0,44.76,2.97,0.666,50.89,14.3,3.08,11.09,2.0,5.0,O,SMA5,,,,
F2_rsi2_5_O_SMA5_L,F2,long,"Connors long >SMA200 RSI2 <5, entry O, exit SMA5",,valid2,5210,385.0,75.31,3.77,0.673,80.74,13.5,2.99,19.73,2.0,5.0,O,SMA5,,,,
F2_rsi2_5_O_SMA5_L,F2,long,"Connors long >SMA200 RSI2 <5, entry O, exit SMA5",,trainvalid1,21864,1751.0,30.56,2.45,0.66,37.09,12.5,3.07,7.53,2.0,5.0,O,SMA5,,,,
F2_rsi2_5_O_SMA5_L,F2,long,"Connors long >SMA200 RSI2 <5, entry O, exit SMA5",,all_open,27084,2137.0,38.96,3.58,0.663,45.28,12.7,3.05,9.83,2.0,5.0,O,SMA5,,,,
F2_rsi2_5_O_SMA5_L,F2,long,"Connors long >SMA200 RSI2 <5, entry O, exit SMA5",,month_up,6122,700.0,82.64,5.95,0.722,89.14,8.7,2.76,7.03,2.0,5.0,O,SMA5,,,,
F2_rsi2_5_O_SMA5_L,F2,long,"Connors long >SMA200 RSI2 <5, entry O, exit SMA5",,year_up,22643,1733.0,52.83,4.62,0.678,59.1,13.1,2.96,14.86,2.0,5.0,O,SMA5,,,,
F2_rsi2_5_O_SMA5_L,F2,long,"Connors long >SMA200 RSI2 <5, entry O, exit SMA5",,month_flat,8984,726.0,63.94,5.3,0.706,70.45,12.4,2.85,5.56,2.0,5.0,O,SMA5,,,,
F2_rsi2_5_O_SMA5_L,F2,long,"Connors long >SMA200 RSI2 <5, entry O, exit SMA5",,year_flat,0,,,,,,,,,2.0,5.0,O,SMA5,,,,
F2_rsi2_5_O_SMA5_L,F2,long,"Connors long >SMA200 RSI2 <5, entry O, exit SMA5",,month_down,11978,711.0,-2.09,-0.1,0.6,3.98,16.8,3.35,14.47,2.0,5.0,O,SMA5,,,,
F2_rsi2_5_O_SMA5_L,F2,long,"Connors long >SMA200 RSI2 <5, entry O, exit SMA5",,year_down,4441,404.0,-31.72,-1.2,0.582,-25.16,11.0,3.5,-15.8,2.0,5.0,O,SMA5,,,,
F2_rsi2_5_O_SMA5_L,F2,long,"Connors long >SMA200 RSI2 <5, entry O, exit SMA5",,y2016,488,46.0,52.15,1.16,0.686,60.68,10.6,2.9,16.76,2.0,5.0,O,SMA5,,,,
F2_rsi2_5_O_SMA5_L,F2,long,"Connors long >SMA200 RSI2 <5, entry O, exit SMA5",,y2017,2450,241.0,37.63,5.73,0.693,45.32,10.2,2.93,0.92,2.0,5.0,O,SMA5,,,,
F2_rsi2_5_O_SMA5_L,F2,long,"Connors long >SMA200 RSI2 <5, entry O, exit SMA5",,y2018,2544,220.0,-30.45,-1.09,0.575,-23.48,11.6,3.53,-0.86,2.0,5.0,O,SMA5,,,,
F2_rsi2_5_O_SMA5_L,F2,long,"Connors long >SMA200 RSI2 <5, entry O, exit SMA5",,y2019,2285,218.0,48.7,2.65,0.705,55.23,10.5,2.84,-3.32,2.0,5.0,O,SMA5,,,,
F2_rsi2_5_O_SMA5_L,F2,long,"Connors long >SMA200 RSI2 <5, entry O, exit SMA5",,y2020,2282,192.0,-6.06,-0.08,0.632,0.46,11.9,3.09,28.05,2.0,5.0,O,SMA5,,,,
F2_rsi2_5_O_SMA5_L,F2,long,"Connors long >SMA200 RSI2 <5, entry O, exit SMA5",,y2021,3873,228.0,83.5,3.09,0.706,89.65,17.0,2.77,26.06,2.0,5.0,O,SMA5,,,,
F2_rsi2_5_O_SMA5_L,F2,long,"Connors long >SMA200 RSI2 <5, entry O, exit SMA5",,y2022,1897,184.0,-33.42,-0.68,0.591,-27.43,10.3,3.47,-35.84,2.0,5.0,O,SMA5,,,,
F2_rsi2_5_O_SMA5_L,F2,long,"Connors long >SMA200 RSI2 <5, entry O, exit SMA5",,y2023,2879,224.0,26.05,1.11,0.632,32.4,12.9,3.29,8.29,2.0,5.0,O,SMA5,,,,
F2_rsi2_5_O_SMA5_L,F2,long,"Connors long >SMA200 RSI2 <5, entry O, exit SMA5",,y2024,3166,198.0,61.78,3.51,0.697,67.7,16.0,2.88,13.64,2.0,5.0,O,SMA5,,,,
F2_rsi2_5_O_SMA5_L,F2,long,"Connors long >SMA200 RSI2 <5, entry O, exit SMA5",,y2025,2455,194.0,88.02,3.2,0.692,93.79,12.7,2.86,1.55,2.0,5.0,O,SMA5,,,,
F2_rsi2_5_O_SMA5_L,F2,long,"Connors long >SMA200 RSI2 <5, entry O, exit SMA5",,y2026,2765,192.0,61.83,2.25,0.655,66.97,14.4,3.11,35.38,2.0,5.0,O,SMA5,,,,
F2_rsi2_10_C_K1_L,F2,long,"Connors long >SMA200 RSI2 <10, entry C, exit K1",,train,42963,1511.0,1.51,0.24,0.523,8.17,28.4,1.0,0.19,2.0,10.0,C,K1,,,,
F2_rsi2_10_C_K1_L,F2,long,"Connors long >SMA200 RSI2 <10, entry C, exit K1",,valid1,16789,454.0,2.4,0.32,0.51,8.57,37.0,1.0,5.99,2.0,10.0,C,K1,,,,
F2_rsi2_10_C_K1_L,F2,long,"Connors long >SMA200 RSI2 <10, entry C, exit K1",,valid2,14652,398.0,19.74,1.85,0.525,25.24,36.8,1.0,5.2,2.0,10.0,C,K1,,,,
F2_rsi2_10_C_K1_L,F2,long,"Connors long >SMA200 RSI2 <10, entry C, exit K1",,trainvalid1,59752,1965.0,1.76,0.35,0.519,8.28,30.4,1.0,1.82,2.0,10.0,C,K1,,,,
F2_rsi2_10_C_K1_L,F2,long,"Connors long >SMA200 RSI2 <10, entry C, exit K1",,all_open,74404,2363.0,5.3,1.16,0.52,11.62,31.5,1.0,2.49,2.0,10.0,C,K1,,,,
F2_rsi2_10_C_K1_L,F2,long,"Connors long >SMA200 RSI2 <10, entry C, exit K1",,month_up,18073,805.0,31.77,4.78,0.569,38.21,22.5,1.0,3.57,2.0,10.0,C,K1,,,,
F2_rsi2_10_C_K1_L,F2,long,"Connors long >SMA200 RSI2 <10, entry C, exit K1",,year_up,62320,1886.0,10.39,2.07,0.529,16.66,33.0,1.0,3.93,2.0,10.0,C,K1,,,,
F2_rsi2_10_C_K1_L,F2,long,"Connors long >SMA200 RSI2 <10, entry C, exit K1",,month_flat,24331,780.0,8.52,1.22,0.535,15.02,31.2,1.0,-0.35,2.0,10.0,C,K1,,,,
F2_rsi2_10_C_K1_L,F2,long,"Connors long >SMA200 RSI2 <10, entry C, exit K1",,year_flat,0,,,,,,,,,2.0,10.0,C,K1,,,,
F2_rsi2_10_C_K1_L,F2,long,"Connors long >SMA200 RSI2 <10, entry C, exit K1",,month_down,32000,778.0,-12.09,-1.45,0.482,-5.98,41.1,1.0,4.03,2.0,10.0,C,K1,,,,
F2_rsi2_10_C_K1_L,F2,long,"Connors long >SMA200 RSI2 <10, entry C, exit K1",,year_down,12084,477.0,-20.94,-1.95,0.475,-14.37,25.3,1.0,-4.97,2.0,10.0,C,K1,,,,
F2_rsi2_10_C_K1_L,F2,long,"Connors long >SMA200 RSI2 <10, entry C, exit K1",,day_up,13277,765.0,8.16,1.1,0.529,14.56,17.4,1.0,2.92,2.0,10.0,C,K1,,,,
F2_rsi2_10_C_K1_L,F2,long,"Connors long >SMA200 RSI2 <10, entry C, exit K1",,day_flat,21851,800.0,-1.2,-0.2,0.505,5.2,27.3,1.0,-1.62,2.0,10.0,C,K1,,,,
F2_rsi2_10_C_K1_L,F2,long,"Connors long >SMA200 RSI2 <10, entry C, exit K1",,day_down,39276,798.0,7.96,1.05,0.526,14.2,49.2,1.0,4.63,2.0,10.0,C,K1,,,,
F2_rsi2_10_C_K1_L,F2,long,"Connors long >SMA200 RSI2 <10, entry C, exit K1",,y2016,1362,52.0,12.97,0.75,0.538,21.41,26.2,1.0,6.05,2.0,10.0,C,K1,,,,
F2_rsi2_10_C_K1_L,F2,long,"Connors long >SMA200 RSI2 <10, entry C, exit K1",,y2017,6914,251.0,10.82,1.95,0.543,18.4,27.5,1.0,1.14,2.0,10.0,C,K1,,,,
F2_rsi2_10_C_K1_L,F2,long,"Connors long >SMA200 RSI2 <10, entry C, exit K1",,y2018,6783,245.0,-17.96,-1.1,0.493,-10.98,27.7,1.0,-3.38,2.0,10.0,C,K1,,,,
F2_rsi2_10_C_K1_L,F2,long,"Connors long >SMA200 RSI2 <10, entry C, exit K1",,y2019,6114,249.0,2.68,0.24,0.544,9.31,24.6,1.0,-3.24,2.0,10.0,C,K1,,,,
F2_rsi2_10_C_K1_L,F2,long,"Connors long >SMA200 RSI2 <10, entry C, exit K1",,y2020,6273,232.0,2.21,0.09,0.53,8.68,27.0,1.0,0.33,2.0,10.0,C,K1,,,,
F2_rsi2_10_C_K1_L,F2,long,"Connors long >SMA200 RSI2 <10, entry C, exit K1",,y2021,10216,250.0,19.12,1.19,0.548,25.15,40.9,1.0,6.86,2.0,10.0,C,K1,,,,
F2_rsi2_10_C_K1_L,F2,long,"Connors long >SMA200 RSI2 <10, entry C, exit K1",,y2022,5301,232.0,-24.74,-1.93,0.452,-18.72,22.8,1.0,-7.01,2.0,10.0,C,K1,,,,
F2_rsi2_10_C_K1_L,F2,long,"Connors long >SMA200 RSI2 <10, entry C, exit K1",,y2023,8011,245.0,0.79,0.08,0.501,7.19,32.7,1.0,6.27,2.0,10.0,C,K1,,,,
F2_rsi2_10_C_K1_L,F2,long,"Connors long >SMA200 RSI2 <10, entry C, exit K1",,y2024,8778,209.0,3.87,0.33,0.517,9.83,42.0,1.0,5.73,2.0,10.0,C,K1,,,,
F2_rsi2_10_C_K1_L,F2,long,"Connors long >SMA200 RSI2 <10, entry C, exit K1",,y2025,7002,205.0,18.45,1.32,0.541,24.3,34.2,1.0,-0.27,2.0,10.0,C,K1,,,,
F2_rsi2_10_C_K1_L,F2,long,"Connors long >SMA200 RSI2 <10, entry C, exit K1",,y2026,7650,193.0,20.92,1.32,0.51,26.1,39.6,1.0,10.21,2.0,10.0,C,K1,,,,
F2_rsi2_10_C_K3_L,F2,long,"Connors long >SMA200 RSI2 <10, entry C, exit K3",,train,34430,1496.0,9.33,0.62,0.535,15.98,23.0,3.0,0.21,2.0,10.0,C,K3,,,,
F2_rsi2_10_C_K3_L,F2,long,"Connors long >SMA200 RSI2 <10, entry C, exit K3",,valid1,13183,451.0,22.87,1.48,0.528,29.01,29.2,3.0,7.31,2.0,10.0,C,K3,,,,
F2_rsi2_10_C_K3_L,F2,long,"Connors long >SMA200 RSI2 <10, entry C, exit K3",,valid2,11676,396.0,62.4,3.19,0.552,67.85,29.5,3.0,14.09,2.0,10.0,C,K3,,,,
F2_rsi2_10_C_K3_L,F2,long,"Connors long >SMA200 RSI2 <10, entry C, exit K3",,trainvalid1,47613,1947.0,13.08,1.12,0.533,19.59,24.5,3.0,2.17,2.0,10.0,C,K3,,,,
F2_rsi2_10_C_K3_L,F2,long,"Connors long >SMA200 RSI2 <10, entry C, exit K3",,all_open,59289,2343.0,22.79,2.21,0.537,29.09,25.3,3.0,4.52,2.0,10.0,C,K3,,,,
F2_rsi2_10_C_K3_L,F2,long,"Connors long >SMA200 RSI2 <10, entry C, exit K3",,month_up,14995,798.0,80.88,6.38,0.607,87.28,18.8,3.0,0.25,2.0,10.0,C,K3,,,,
F2_rsi2_10_C_K3_L,F2,long,"Connors long >SMA200 RSI2 <10, entry C, exit K3",,year_up,49823,1876.0,37.44,3.42,0.553,43.68,26.6,3.0,8.06,2.0,10.0,C,K3,,,,
F2_rsi2_10_C_K3_L,F2,long,"Connors long >SMA200 RSI2 <10, entry C, exit K3",,month_flat,19680,774.0,41.48,3.64,0.572,47.95,25.4,3.0,2.55,2.0,10.0,C,K3,,,,
F2_rsi2_10_C_K3_L,F2,long,"Connors long >SMA200 RSI2 <10, entry C, exit K3",,year_flat,0,,,,,,,,,2.0,10.0,C,K3,,,,
F2_rsi2_10_C_K3_L,F2,long,"Connors long >SMA200 RSI2 <10, entry C, exit K3",,month_down,24614,771.0,-27.53,-1.39,0.467,-21.44,31.9,3.0,8.7,2.0,10.0,C,K3,,,,
F2_rsi2_10_C_K3_L,F2,long,"Connors long >SMA200 RSI2 <10, entry C, exit K3",,year_down,9466,467.0,-54.28,-2.19,0.45,-47.71,20.3,3.0,-14.13,2.0,10.0,C,K3,,,,
F2_rsi2_10_C_K3_L,F2,long,"Connors long >SMA200 RSI2 <10, entry C, exit K3",,y2016,1116,52.0,71.86,1.73,0.588,80.25,21.5,3.0,20.92,2.0,10.0,C,K3,,,,
F2_rsi2_10_C_K3_L,F2,long,"Connors long >SMA200 RSI2 <10, entry C, exit K3",,y2017,5564,250.0,29.23,3.82,0.567,36.81,22.3,3.0,-3.14,2.0,10.0,C,K3,,,,
F2_rsi2_10_C_K3_L,F2,long,"Connors long >SMA200 RSI2 <10, entry C, exit K3",,y2018,5346,242.0,-48.97,-1.42,0.451,-41.97,22.1,3.0,-8.85,2.0,10.0,C,K3,,,,
F2_rsi2_10_C_K3_L,F2,long,"Connors long >SMA200 RSI2 <10, entry C, exit K3",,y2019,4984,247.0,32.0,1.74,0.582,38.58,20.2,3.0,1.0,2.0,10.0,C,K3,,,,
F2_rsi2_10_C_K3_L,F2,long,"Connors long >SMA200 RSI2 <10, entry C, exit K3",,y2020,5076,230.0,-4.29,-0.06,0.532,2.16,22.1,3.0,16.56,2.0,10.0,C,K3,,,,
F2_rsi2_10_C_K3_L,F2,long,"Connors long >SMA200 RSI2 <10, entry C, exit K3",,y2021,8224,250.0,55.28,2.46,0.577,61.3,32.9,3.0,5.6,2.0,10.0,C,K3,,,,
F2_rsi2_10_C_K3_L,F2,long,"Connors long >SMA200 RSI2 <10, entry C, exit K3",,y2022,4120,225.0,-61.18,-1.73,0.449,-55.15,18.3,3.0,-20.97,2.0,10.0,C,K3,,,,
F2_rsi2_10_C_K3_L,F2,long,"Connors long >SMA200 RSI2 <10, entry C, exit K3",,y2023,6378,244.0,19.29,0.85,0.522,25.64,26.1,3.0,4.85,2.0,10.0,C,K3,,,,
F2_rsi2_10_C_K3_L,F2,long,"Connors long >SMA200 RSI2 <10, entry C, exit K3",,y2024,6805,207.0,26.23,1.28,0.534,32.17,32.9,3.0,9.62,2.0,10.0,C,K3,,,,
F2_rsi2_10_C_K3_L,F2,long,"Connors long >SMA200 RSI2 <10, entry C, exit K3",,y2025,5655,205.0,68.18,2.15,0.569,73.96,27.6,3.0,1.22,2.0,10.0,C,K3,,,,
F2_rsi2_10_C_K3_L,F2,long,"Connors long >SMA200 RSI2 <10, entry C, exit K3",,y2026,6021,191.0,56.97,2.45,0.537,62.12,31.5,3.0,26.19,2.0,10.0,C,K3,,,,
F2_rsi2_10_C_K5_L,F2,long,"Connors long >SMA200 RSI2 <10, entry C, exit K5",,train,31108,1483.0,28.86,1.67,0.543,35.5,21.0,5.0,7.13,2.0,10.0,C,K5,,,,
F2_rsi2_10_C_K5_L,F2,long,"Connors long >SMA200 RSI2 <10, entry C, exit K5",,valid1,11805,446.0,43.39,2.07,0.545,49.51,26.5,5.0,10.42,2.0,10.0,C,K5,,,,
F2_rsi2_10_C_K5_L,F2,long,"Connors long >SMA200 RSI2 <10, entry C, exit K5",,valid2,10564,393.0,77.28,2.44,0.544,82.71,26.9,5.0,28.59,2.0,10.0,C,K5,,,,
F2_rsi2_10_C_K5_L,F2,long,"Connors long >SMA200 RSI2 <10, entry C, exit K5",,trainvalid1,42913,1929.0,32.86,2.38,0.544,39.35,22.2,5.0,8.04,2.0,10.0,C,K5,,,,
F2_rsi2_10_C_K5_L,F2,long,"Connors long >SMA200 RSI2 <10, entry C, exit K5",,all_open,53477,2322.0,41.64,3.25,0.544,47.92,23.0,5.0,12.1,2.0,10.0,C,K5,,,,
F2_rsi2_10_C_K5_L,F2,long,"Connors long >SMA200 RSI2 <10, entry C, exit K5",,month_up,13841,791.0,131.46,6.53,0.622,137.83,17.5,5.0,9.9,2.0,10.0,C,K5,,,,
F2_rsi2_10_C_K5_L,F2,long,"Connors long >SMA200 RSI2 <10, entry C, exit K5",,year_up,45072,1863.0,62.07,4.67,0.561,68.3,24.2,5.0,16.39,2.0,10.0,C,K5,,,,
F2_rsi2_10_C_K5_L,F2,long,"Connors long >SMA200 RSI2 <10, entry C, exit K5",,month_flat,17918,768.0,60.65,4.8,0.572,67.1,23.3,5.0,6.97,2.0,10.0,C,K5,,,,
F2_rsi2_10_C_K5_L,F2,long,"Connors long >SMA200 RSI2 <10, entry C, exit K5",,year_flat,0,,,,,,,,,2.0,10.0,C,K5,,,,
F2_rsi2_10_C_K5_L,F2,long,"Connors long >SMA200 RSI2 <10, entry C, exit K5",,month_down,21718,763.0,-31.29,-1.33,0.471,-25.21,28.5,5.0,17.72,2.0,10.0,C,K5,,,,
F2_rsi2_10_C_K5_L,F2,long,"Connors long >SMA200 RSI2 <10, entry C, exit K5",,year_down,8405,459.0,-67.95,-2.23,0.452,-61.36,18.3,5.0,-10.93,2.0,10.0,C,K5,,,,
F2_rsi2_10_C_K5_L,F2,long,"Connors long >SMA200 RSI2 <10, entry C, exit K5",,y2016,1025,52.0,105.48,1.26,0.589,113.87,19.7,5.0,12.07,2.0,10.0,C,K5,,,,
F2_rsi2_10_C_K5_L,F2,long,"Connors long >SMA200 RSI2 <10, entry C, exit K5",,y2017,4997,251.0,47.59,3.72,0.589,55.16,19.9,5.0,0.7,2.0,10.0,C,K5,,,,
F2_rsi2_10_C_K5_L,F2,long,"Connors long >SMA200 RSI2 <10, entry C, exit K5",,y2018,4702,240.0,-63.59,-1.58,0.459,-56.56,19.6,5.0,-9.04,2.0,10.0,C,K5,,,,
F2_rsi2_10_C_K5_L,F2,long,"Connors long >SMA200 RSI2 <10, entry C, exit K5",,y2019,4591,245.0,51.16,2.13,0.578,57.69,18.7,5.0,1.73,2.0,10.0,C,K5,,,,
F2_rsi2_10_C_K5_L,F2,long,"Connors long >SMA200 RSI2 <10, entry C, exit K5",,y2020,4617,228.0,33.86,0.49,0.554,40.32,20.2,5.0,32.13,2.0,10.0,C,K5,,,,
F2_rsi2_10_C_K5_L,F2,long,"Connors long >SMA200 RSI2 <10, entry C, exit K5",,y2021,7473,248.0,97.94,3.33,0.582,103.92,30.1,5.0,18.95,2.0,10.0,C,K5,,,,
F2_rsi2_10_C_K5_L,F2,long,"Connors long >SMA200 RSI2 <10, entry C, exit K5",,y2022,3703,219.0,-73.49,-1.58,0.444,-67.45,16.9,5.0,-13.32,2.0,10.0,C,K5,,,,
F2_rsi2_10_C_K5_L,F2,long,"Connors long >SMA200 RSI2 <10, entry C, exit K5",,y2023,5738,241.0,29.99,0.82,0.532,36.3,23.8,5.0,10.16,2.0,10.0,C,K5,,,,
F2_rsi2_10_C_K5_L,F2,long,"Connors long >SMA200 RSI2 <10, entry C, exit K5",,y2024,6067,205.0,56.07,2.76,0.556,62.0,29.6,5.0,10.66,2.0,10.0,C,K5,,,,
F2_rsi2_10_C_K5_L,F2,long,"Connors long >SMA200 RSI2 <10, entry C, exit K5",,y2025,5173,204.0,72.4,1.64,0.564,78.15,25.4,5.0,5.06,2.0,10.0,C,K5,,,,
F2_rsi2_10_C_K5_L,F2,long,"Connors long >SMA200 RSI2 <10, entry C, exit K5",,y2026,5391,189.0,81.97,1.87,0.526,87.09,28.5,5.0,51.16,2.0,10.0,C,K5,,,,
F2_rsi2_10_C_SMA5_L,F2,long,"Connors long >SMA200 RSI2 <10, entry C, exit SMA5",,train,30310,1472.0,25.54,1.77,0.668,32.16,20.6,3.91,3.07,2.0,10.0,C,SMA5,,,,
F2_rsi2_10_C_SMA5_L,F2,long,"Connors long >SMA200 RSI2 <10, entry C, exit SMA5",,valid1,11395,446.0,42.0,2.65,0.667,48.09,25.5,3.98,13.83,2.0,10.0,C,SMA5,,,,
F2_rsi2_10_C_SMA5_L,F2,long,"Connors long >SMA200 RSI2 <10, entry C, exit SMA5",,valid2,10356,398.0,83.69,4.45,0.681,89.1,26.0,3.84,24.91,2.0,10.0,C,SMA5,,,,
F2_rsi2_10_C_SMA5_L,F2,long,"Connors long >SMA200 RSI2 <10, entry C, exit SMA5",,trainvalid1,41705,1918.0,30.03,2.65,0.667,36.51,21.7,3.93,6.01,2.0,10.0,C,SMA5,,,,
F2_rsi2_10_C_SMA5_L,F2,long,"Connors long >SMA200 RSI2 <10, entry C, exit SMA5",,all_open,52061,2316.0,40.71,4.07,0.67,46.97,22.5,3.91,9.77,2.0,10.0,C,SMA5,,,,
F2_rsi2_10_C_SMA5_L,F2,long,"Connors long >SMA200 RSI2 <10, entry C, exit SMA5",,month_up,13608,789.0,100.04,7.25,0.737,106.4,17.2,3.59,9.16,2.0,10.0,C,SMA5,,,,
F2_rsi2_10_C_SMA5_L,F2,long,"Connors long >SMA200 RSI2 <10, entry C, exit SMA5",,year_up,43917,1861.0,56.26,5.65,0.686,62.47,23.6,3.83,14.7,2.0,10.0,C,SMA5,,,,
F2_rsi2_10_C_SMA5_L,F2,long,"Connors long >SMA200 RSI2 <10, entry C, exit SMA5",,month_flat,17599,771.0,61.41,6.9,0.702,67.83,22.8,3.72,5.12,2.0,10.0,C,SMA5,,,,
F2_rsi2_10_C_SMA5_L,F2,long,"Connors long >SMA200 RSI2 <10, entry C, exit SMA5",,year_flat,0,,,,,,,,,2.0,10.0,C,SMA5,,,,
F2_rsi2_10_C_SMA5_L,F2,long,"Connors long >SMA200 RSI2 <10, entry C, exit SMA5",,month_down,20854,756.0,-15.48,-0.79,0.6,-9.41,27.6,4.29,14.09,2.0,10.0,C,SMA5,,,,
F2_rsi2_10_C_SMA5_L,F2,long,"Connors long >SMA200 RSI2 <10, entry C, exit SMA5",,year_down,8144,455.0,-43.19,-1.5,0.586,-36.61,17.9,4.36,-16.82,2.0,10.0,C,SMA5,,,,
F2_rsi2_10_C_SMA5_L,F2,long,"Connors long >SMA200 RSI2 <10, entry C, exit SMA5",,y2016,993,52.0,80.69,1.88,0.735,89.12,19.1,3.61,24.58,2.0,10.0,C,SMA5,,,,
F2_rsi2_10_C_SMA5_L,F2,long,"Connors long >SMA200 RSI2 <10, entry C, exit SMA5",,y2017,4865,249.0,45.64,5.95,0.712,53.22,19.5,3.77,0.57,2.0,10.0,C,SMA5,,,,
F2_rsi2_10_C_SMA5_L,F2,long,"Connors long >SMA200 RSI2 <10, entry C, exit SMA5",,y2018,4575,239.0,-43.61,-1.26,0.574,-36.58,19.1,4.41,-7.77,2.0,10.0,C,SMA5,,,,
F2_rsi2_10_C_SMA5_L,F2,long,"Connors long >SMA200 RSI2 <10, entry C, exit SMA5",,y2019,4512,245.0,40.22,2.38,0.7,46.75,18.4,3.71,-5.44,2.0,10.0,C,SMA5,,,,
F2_rsi2_10_C_SMA5_L,F2,long,"Connors long >SMA200 RSI2 <10, entry C, exit SMA5",,y2020,4509,223.0,17.99,0.27,0.666,24.41,20.2,3.92,28.23,2.0,10.0,C,SMA5,,,,
F2_rsi2_10_C_SMA5_L,F2,long,"Connors long >SMA200 RSI2 <10, entry C, exit SMA5",,y2021,7287,248.0,76.98,5.07,0.701,82.96,29.4,3.67,13.73,2.0,10.0,C,SMA5,,,,
F2_rsi2_10_C_SMA5_L,F2,long,"Connors long >SMA200 RSI2 <10, entry C, exit SMA5",,y2022,3569,216.0,-42.65,-0.88,0.602,-36.64,16.5,4.29,-28.41,2.0,10.0,C,SMA5,,,,
F2_rsi2_10_C_SMA5_L,F2,long,"Connors long >SMA200 RSI2 <10, entry C, exit SMA5",,y2023,5514,238.0,23.48,0.93,0.649,29.76,23.2,4.11,9.08,2.0,10.0,C,SMA5,,,,
F2_rsi2_10_C_SMA5_L,F2,long,"Connors long >SMA200 RSI2 <10, entry C, exit SMA5",,y2024,5881,208.0,59.36,3.33,0.684,65.27,28.3,3.86,18.28,2.0,10.0,C,SMA5,,,,
F2_rsi2_10_C_SMA5_L,F2,long,"Connors long >SMA200 RSI2 <10, entry C, exit SMA5",,y2025,5091,204.0,92.64,4.21,0.706,98.36,25.0,3.73,9.38,2.0,10.0,C,SMA5,,,,
F2_rsi2_10_C_SMA5_L,F2,long,"Connors long >SMA200 RSI2 <10, entry C, exit SMA5",,y2026,5265,194.0,75.04,2.57,0.658,80.15,27.1,3.94,39.93,2.0,10.0,C,SMA5,,,,
F2_rsi2_10_O_K1_L,F2,long,"Connors long >SMA200 RSI2 <10, entry O, exit K1",,train,42963,1511.0,-3.78,-0.7,0.502,2.87,28.4,1.0,0.8,2.0,10.0,O,K1,,,,
F2_rsi2_10_O_K1_L,F2,long,"Connors long >SMA200 RSI2 <10, entry O, exit K1",,valid1,16789,454.0,-2.45,-0.39,0.493,3.72,37.0,1.0,4.15,2.0,10.0,O,K1,,,,
F2_rsi2_10_O_K1_L,F2,long,"Connors long >SMA200 RSI2 <10, entry O, exit K1",,valid2,14645,398.0,8.29,0.98,0.504,13.78,36.8,1.0,-1.5,2.0,10.0,O,K1,,,,
F2_rsi2_10_O_K1_L,F2,long,"Connors long >SMA200 RSI2 <10, entry O, exit K1",,trainvalid1,59752,1965.0,-3.41,-0.8,0.5,3.11,30.4,1.0,1.74,2.0,10.0,O,K1,,,,
F2_rsi2_10_O_K1_L,F2,long,"Connors long >SMA200 RSI2 <10, entry O, exit K1",,all_open,74420,2364.0,-1.24,-0.32,0.5,5.08,31.5,1.0,1.05,2.0,10.0,O,K1,,,,
F2_rsi2_10_O_K1_L,F2,long,"Connors long >SMA200 RSI2 <10, entry O, exit K1",,month_up,18073,805.0,12.85,2.29,0.536,19.29,22.5,1.0,0.28,2.0,10.0,O,K1,,,,
F2_rsi2_10_O_K1_L,F2,long,"Connors long >SMA200 RSI2 <10, entry O, exit K1",,year_up,62336,1887.0,1.74,0.44,0.506,8.01,33.0,1.0,2.26,2.0,10.0,O,K1,,,,
F2_rsi2_10_O_K1_L,F2,long,"Connors long >SMA200 RSI2 <10, entry O, exit K1",,month_flat,24331,780.0,2.57,0.53,0.512,9.07,31.2,1.0,1.23,2.0,10.0,O,K1,,,,
F2_rsi2_10_O_K1_L,F2,long,"Connors long >SMA200 RSI2 <10, entry O, exit K1",,year_flat,0,,,,,,,,,2.0,10.0,O,K1,,,,
F2_rsi2_10_O_K1_L,F2,long,"Connors long >SMA200 RSI2 <10, entry O, exit K1",,month_down,32016,779.0,-12.09,-1.63,0.471,-5.98,41.1,1.0,1.35,2.0,10.0,O,K1,,,,
F2_rsi2_10_O_K1_L,F2,long,"Connors long >SMA200 RSI2 <10, entry O, exit K1",,year_down,12084,477.0,-16.61,-1.43,0.47,-10.05,25.3,1.0,-5.17,2.0,10.0,O,K1,,,,
F2_rsi2_10_O_K1_L,F2,long,"Connors long >SMA200 RSI2 <10, entry O, exit K1",,day_up,13275,765.0,-1.44,-0.24,0.511,4.96,17.4,1.0,1.05,2.0,10.0,O,K1,,,,
F2_rsi2_10_O_K1_L,F2,long,"Connors long >SMA200 RSI2 <10, entry O, exit K1",,day_flat,21851,800.0,-10.15,-2.06,0.479,-3.76,27.3,1.0,-2.01,2.0,10.0,O,K1,,,,
F2_rsi2_10_O_K1_L,F2,long,"Connors long >SMA200 RSI2 <10, entry O, exit K1",,day_down,39271,798.0,4.04,0.64,0.509,10.29,49.2,1.0,2.85,2.0,10.0,O,K1,,,,
F2_rsi2_10_O_K1_L,F2,long,"Connors long >SMA200 RSI2 <10, entry O, exit K1",,y2016,1362,52.0,-15.46,-1.39,0.44,-7.03,26.2,1.0,-0.64,2.0,10.0,O,K1,,,,
F2_rsi2_10_O_K1_L,F2,long,"Connors long >SMA200 RSI2 <10, entry O, exit K1",,y2017,6914,251.0,3.48,0.74,0.517,11.06,27.5,1.0,1.31,2.0,10.0,O,K1,,,,
F2_rsi2_10_O_K1_L,F2,long,"Connors long >SMA200 RSI2 <10, entry O, exit K1",,y2018,6783,245.0,-18.89,-1.09,0.469,-11.91,27.7,1.0,-2.8,2.0,10.0,O,K1,,,,
F2_rsi2_10_O_K1_L,F2,long,"Connors long >SMA200 RSI2 <10, entry O, exit K1",,y2019,6114,249.0,0.27,0.04,0.529,6.91,24.6,1.0,-2.49,2.0,10.0,O,K1,,,,
F2_rsi2_10_O_K1_L,F2,long,"Connors long >SMA200 RSI2 <10, entry O, exit K1",,y2020,6273,232.0,-5.05,-0.26,0.503,1.42,27.0,1.0,5.3,2.0,10.0,O,K1,,,,
F2_rsi2_10_O_K1_L,F2,long,"Connors long >SMA200 RSI2 <10, entry O, exit K1",,y2021,10216,250.0,6.39,0.53,0.523,12.42,40.9,1.0,6.92,2.0,10.0,O,K1,,,,
F2_rsi2_10_O_K1_L,F2,long,"Connors long >SMA200 RSI2 <10, entry O, exit K1",,y2022,5301,232.0,-13.7,-0.94,0.471,-7.67,22.8,1.0,-8.21,2.0,10.0,O,K1,,,,
F2_rsi2_10_O_K1_L,F2,long,"Connors long >SMA200 RSI2 <10, entry O, exit K1",,y2023,8011,245.0,0.2,0.02,0.498,6.6,32.7,1.0,5.56,2.0,10.0,O,K1,,,,
F2_rsi2_10_O_K1_L,F2,long,"Connors long >SMA200 RSI2 <10, entry O, exit K1",,y2024,8778,209.0,-4.86,-0.54,0.488,1.09,42.0,1.0,2.86,2.0,10.0,O,K1,,,,
F2_rsi2_10_O_K1_L,F2,long,"Connors long >SMA200 RSI2 <10, entry O, exit K1",,y2025,7018,206.0,13.19,1.09,0.531,19.04,34.1,1.0,-2.39,2.0,10.0,O,K1,,,,
F2_rsi2_10_O_K1_L,F2,long,"Connors long >SMA200 RSI2 <10, entry O, exit K1",,y2026,7650,193.0,2.44,0.2,0.478,7.61,39.6,1.0,-1.16,2.0,10.0,O,K1,,,,
F2_rsi2_10_O_K3_L,F2,long,"Connors long >SMA200 RSI2 <10, entry O, exit K3",,train,34430,1496.0,3.46,0.24,0.525,10.11,23.0,2.0,1.27,2.0,10.0,O,K3,,,,
F2_rsi2_10_O_K3_L,F2,long,"Connors long >SMA200 RSI2 <10, entry O, exit K3",,valid1,13183,451.0,19.89,1.51,0.525,26.03,29.2,2.0,6.4,2.0,10.0,O,K3,,,,
F2_rsi2_10_O_K3_L,F2,long,"Connors long >SMA200 RSI2 <10, entry O, exit K3",,valid2,11661,396.0,52.65,2.91,0.546,58.1,29.4,2.0,8.48,2.0,10.0,O,K3,,,,
F2_rsi2_10_O_K3_L,F2,long,"Connors long >SMA200 RSI2 <10, entry O, exit K3",,trainvalid1,47613,1947.0,8.01,0.74,0.525,14.52,24.5,2.0,2.69,2.0,10.0,O,K3,,,,
F2_rsi2_10_O_K3_L,F2,long,"Connors long >SMA200 RSI2 <10, entry O, exit K3",,all_open,59297,2344.0,16.64,1.74,0.529,22.94,25.3,2.0,3.78,2.0,10.0,O,K3,,,,
F2_rsi2_10_O_K3_L,F2,long,"Connors long >SMA200 RSI2 <10, entry O, exit K3",,month_up,14995,798.0,63.21,5.35,0.588,69.61,18.8,2.0,-2.06,2.0,10.0,O,K3,,,,
F2_rsi2_10_O_K3_L,F2,long,"Connors long >SMA200 RSI2 <10, entry O, exit K3",,year_up,49831,1877.0,29.24,2.84,0.545,35.49,26.5,2.0,7.14,2.0,10.0,O,K3,,,,
F2_rsi2_10_O_K3_L,F2,long,"Connors long >SMA200 RSI2 <10, entry O, exit K3",,month_flat,19680,774.0,36.46,3.75,0.565,42.94,25.4,2.0,4.66,2.0,10.0,O,K3,,,,
F2_rsi2_10_O_K3_L,F2,long,"Connors long >SMA200 RSI2 <10, entry O, exit K3",,year_flat,0,,,,,,,,,2.0,10.0,O,K3,,,,
F2_rsi2_10_O_K3_L,F2,long,"Connors long >SMA200 RSI2 <10, entry O, exit K3",,month_down,24622,772.0,-27.56,-1.45,0.465,-21.47,31.9,2.0,6.63,2.0,10.0,O,K3,,,,
F2_rsi2_10_O_K3_L,F2,long,"Connors long >SMA200 RSI2 <10, entry O, exit K3",,year_down,9466,467.0,-49.7,-2.25,0.448,-43.13,20.3,2.0,-13.87,2.0,10.0,O,K3,,,,
F2_rsi2_10_O_K3_L,F2,long,"Connors long >SMA200 RSI2 <10, entry O, exit K3",,y2016,1116,52.0,44.56,1.21,0.549,52.94,21.5,2.0,14.77,2.0,10.0,O,K3,,,,
F2_rsi2_10_O_K3_L,F2,long,"Connors long >SMA200 RSI2 <10, entry O, exit K3",,y2017,5564,250.0,21.98,2.79,0.551,29.56,22.3,2.0,-2.93,2.0,10.0,O,K3,,,,
F2_rsi2_10_O_K3_L,F2,long,"Connors long >SMA200 RSI2 <10, entry O, exit K3",,y2018,5346,242.0,-50.93,-1.77,0.436,-43.94,22.1,2.0,-7.29,2.0,10.0,O,K3,,,,
F2_rsi2_10_O_K3_L,F2,long,"Connors long >SMA200 RSI2 <10, entry O, exit K3",,y2019,4984,247.0,27.92,1.57,0.576,34.51,20.2,2.0,0.8,2.0,10.0,O,K3,,,,
F2_rsi2_10_O_K3_L,F2,long,"Connors long >SMA200 RSI2 <10, entry O, exit K3",,y2020,5076,230.0,-16.15,-0.23,0.516,-9.7,22.1,2.0,23.13,2.0,10.0,O,K3,,,,
F2_rsi2_10_O_K3_L,F2,long,"Connors long >SMA200 RSI2 <10, entry O, exit K3",,y2021,8224,250.0,43.82,1.95,0.569,49.84,32.9,2.0,6.5,2.0,10.0,O,K3,,,,
F2_rsi2_10_O_K3_L,F2,long,"Connors long >SMA200 RSI2 <10, entry O, exit K3",,y2022,4120,225.0,-48.1,-1.41,0.464,-42.08,18.3,2.0,-22.42,2.0,10.0,O,K3,,,,
F2_rsi2_10_O_K3_L,F2,long,"Connors long >SMA200 RSI2 <10, entry O, exit K3",,y2023,6378,244.0,21.61,1.03,0.526,27.96,26.1,2.0,5.75,2.0,10.0,O,K3,,,,
F2_rsi2_10_O_K3_L,F2,long,"Connors long >SMA200 RSI2 <10, entry O, exit K3",,y2024,6805,207.0,18.28,1.12,0.524,24.22,32.9,2.0,7.02,2.0,10.0,O,K3,,,,
F2_rsi2_10_O_K3_L,F2,long,"Connors long >SMA200 RSI2 <10, entry O, exit K3",,y2025,5663,206.0,64.9,2.32,0.568,70.68,27.5,2.0,-0.47,2.0,10.0,O,K3,,,,
F2_rsi2_10_O_K3_L,F2,long,"Connors long >SMA200 RSI2 <10, entry O, exit K3",,y2026,6021,191.0,39.5,1.72,0.523,44.65,31.5,2.0,16.4,2.0,10.0,O,K3,,,,
F2_rsi2_10_O_K5_L,F2,long,"Connors long >SMA200 RSI2 <10, entry O, exit K5",,train,31108,1483.0,22.84,1.37,0.538,29.48,21.0,4.0,8.25,2.0,10.0,O,K5,,,,
F2_rsi2_10_O_K5_L,F2,long,"Connors long >SMA200 RSI2 <10, entry O, exit K5",,valid1,11805,446.0,42.54,2.13,0.543,48.66,26.5,4.0,10.45,2.0,10.0,O,K5,,,,
F2_rsi2_10_O_K5_L,F2,long,"Connors long >SMA200 RSI2 <10, entry O, exit K5",,valid2,10549,393.0,67.05,2.42,0.535,72.48,26.8,4.0,23.2,2.0,10.0,O,K5,,,,
F2_rsi2_10_O_K5_L,F2,long,"Connors long >SMA200 RSI2 <10, entry O, exit K5",,trainvalid1,42913,1929.0,28.26,2.13,0.539,34.75,22.2,4.0,8.86,2.0,10.0,O,K5,,,,
F2_rsi2_10_O_K5_L,F2,long,"Connors long >SMA200 RSI2 <10, entry O, exit K5",,all_open,53485,2323.0,35.63,2.96,0.538,41.91,23.0,4.0,11.57,2.0,10.0,O,K5,,,,
F2_rsi2_10_O_K5_L,F2,long,"Connors long >SMA200 RSI2 <10, entry O, exit K5",,month_up,13841,791.0,113.95,5.95,0.61,120.31,17.5,4.0,7.81,2.0,10.0,O,K5,,,,
F2_rsi2_10_O_K5_L,F2,long,"Connors long >SMA200 RSI2 <10, entry O, exit K5",,year_up,45080,1864.0,53.83,4.28,0.554,60.05,24.2,4.0,15.59,2.0,10.0,O,K5,,,,
F2_rsi2_10_O_K5_L,F2,long,"Connors long >SMA200 RSI2 <10, entry O, exit K5",,month_flat,17918,768.0,56.67,4.25,0.568,63.12,23.3,4.0,9.72,2.0,10.0,O,K5,,,,
F2_rsi2_10_O_K5_L,F2,long,"Connors long >SMA200 RSI2 <10, entry O, exit K5",,year_flat,0,,,,,,,,,2.0,10.0,O,K5,,,,
F2_rsi2_10_O_K5_L,F2,long,"Connors long >SMA200 RSI2 <10, entry O, exit K5",,month_down,21726,764.0,-31.63,-1.44,0.468,-25.54,28.4,4.0,15.5,2.0,10.0,O,K5,,,,
F2_rsi2_10_O_K5_L,F2,long,"Connors long >SMA200 RSI2 <10, entry O, exit K5",,year_down,8405,459.0,-62.0,-2.16,0.453,-55.4,18.3,4.0,-9.99,2.0,10.0,O,K5,,,,
F2_rsi2_10_O_K5_L,F2,long,"Connors long >SMA200 RSI2 <10, entry O, exit K5",,y2016,1025,52.0,76.8,1.0,0.553,85.18,19.7,4.0,4.92,2.0,10.0,O,K5,,,,
F2_rsi2_10_O_K5_L,F2,long,"Connors long >SMA200 RSI2 <10, entry O, exit K5",,y2017,4997,251.0,39.24,3.32,0.573,46.8,19.9,4.0,0.2,2.0,10.0,O,K5,,,,
F2_rsi2_10_O_K5_L,F2,long,"Connors long >SMA200 RSI2 <10, entry O, exit K5",,y2018,4702,240.0,-64.94,-1.72,0.452,-57.91,19.6,4.0,-7.89,2.0,10.0,O,K5,,,,
F2_rsi2_10_O_K5_L,F2,long,"Connors long >SMA200 RSI2 <10, entry O, exit K5",,y2019,4591,245.0,47.65,2.18,0.587,54.18,18.7,4.0,2.16,2.0,10.0,O,K5,,,,
F2_rsi2_10_O_K5_L,F2,long,"Connors long >SMA200 RSI2 <10, entry O, exit K5",,y2020,4617,228.0,20.25,0.31,0.54,26.71,20.2,4.0,38.69,2.0,10.0,O,K5,,,,
F2_rsi2_10_O_K5_L,F2,long,"Connors long >SMA200 RSI2 <10, entry O, exit K5",,y2021,7473,248.0,86.27,2.67,0.577,92.25,30.1,4.0,19.54,2.0,10.0,O,K5,,,,
F2_rsi2_10_O_K5_L,F2,long,"Connors long >SMA200 RSI2 <10, entry O, exit K5",,y2022,3703,219.0,-58.26,-1.32,0.454,-52.22,16.9,4.0,-12.67,2.0,10.0,O,K5,,,,
F2_rsi2_10_O_K5_L,F2,long,"Connors long >SMA200 RSI2 <10, entry O, exit K5",,y2023,5738,241.0,32.16,0.94,0.535,38.48,23.8,4.0,10.57,2.0,10.0,O,K5,,,,
F2_rsi2_10_O_K5_L,F2,long,"Connors long >SMA200 RSI2 <10, entry O, exit K5",,y2024,6067,205.0,52.36,2.56,0.55,58.29,29.6,4.0,10.34,2.0,10.0,O,K5,,,,
F2_rsi2_10_O_K5_L,F2,long,"Connors long >SMA200 RSI2 <10, entry O, exit K5",,y2025,5181,205.0,66.89,1.75,0.558,72.65,25.3,4.0,3.21,2.0,10.0,O,K5,,,,
F2_rsi2_10_O_K5_L,F2,long,"Connors long >SMA200 RSI2 <10, entry O, exit K5",,y2026,5391,189.0,64.2,1.64,0.513,69.31,28.5,4.0,41.2,2.0,10.0,O,K5,,,,
F2_rsi2_10_O_SMA5_L,F2,long,"Connors long >SMA200 RSI2 <10, entry O, exit SMA5",,train,30310,1472.0,19.3,1.43,0.66,25.93,20.6,3.04,4.37,2.0,10.0,O,SMA5,,,,
F2_rsi2_10_O_SMA5_L,F2,long,"Connors long >SMA200 RSI2 <10, entry O, exit SMA5",,valid1,11395,446.0,40.24,2.76,0.662,46.33,25.5,3.1,13.37,2.0,10.0,O,SMA5,,,,
F2_rsi2_10_O_SMA5_L,F2,long,"Connors long >SMA200 RSI2 <10, entry O, exit SMA5",,valid2,10330,397.0,74.89,4.14,0.675,80.3,26.0,2.98,19.08,2.0,10.0,O,SMA5,,,,
F2_rsi2_10_O_SMA5_L,F2,long,"Connors long >SMA200 RSI2 <10, entry O, exit SMA5",,trainvalid1,41705,1918.0,25.02,2.37,0.66,31.5,21.7,3.06,6.83,2.0,10.0,O,SMA5,,,,
F2_rsi2_10_O_SMA5_L,F2,long,"Connors long >SMA200 RSI2 <10, entry O, exit SMA5",,all_open,52058,2316.0,34.64,3.7,0.663,40.91,22.5,3.04,9.17,2.0,10.0,O,SMA5,,,,
F2_rsi2_10_O_SMA5_L,F2,long,"Connors long >SMA200 RSI2 <10, entry O, exit SMA5",,month_up,13608,789.0,82.58,6.52,0.721,88.94,17.2,2.74,7.32,2.0,10.0,O,SMA5,,,,
F2_rsi2_10_O_SMA5_L,F2,long,"Connors long >SMA200 RSI2 <10, entry O, exit SMA5",,year_up,43914,1861.0,47.77,5.03,0.677,53.98,23.6,2.96,13.74,2.0,10.0,O,SMA5,,,,
F2_rsi2_10_O_SMA5_L,F2,long,"Connors long >SMA200 RSI2 <10, entry O, exit SMA5",,month_flat,17589,770.0,56.91,6.96,0.7,63.34,22.8,2.86,7.46,2.0,10.0,O,SMA5,,,,
F2_rsi2_10_O_SMA5_L,F2,long,"Connors long >SMA200 RSI2 <10, entry O, exit SMA5",,year_flat,0,,,,,,,,,2.0,10.0,O,SMA5,,,,
F2_rsi2_10_O_SMA5_L,F2,long,"Connors long >SMA200 RSI2 <10, entry O, exit SMA5",,month_down,20861,757.0,-15.41,-0.81,0.595,-9.34,27.6,3.39,11.82,2.0,10.0,O,SMA5,,,,
F2_rsi2_10_O_SMA5_L,F2,long,"Connors long >SMA200 RSI2 <10, entry O, exit SMA5",,year_down,8144,455.0,-36.17,-1.38,0.588,-29.59,17.9,3.46,-15.47,2.0,10.0,O,SMA5,,,,
F2_rsi2_10_O_SMA5_L,F2,long,"Connors long >SMA200 RSI2 <10, entry O, exit SMA5",,y2016,993,52.0,53.12,1.5,0.684,61.55,19.1,2.76,18.05,2.0,10.0,O,SMA5,,,,
F2_rsi2_10_O_SMA5_L,F2,long,"Connors long >SMA200 RSI2 <10, entry O, exit SMA5",,y2017,4865,249.0,37.53,4.87,0.692,45.12,19.5,2.92,0.23,2.0,10.0,O,SMA5,,,,
F2_rsi2_10_O_SMA5_L,F2,long,"Connors long >SMA200 RSI2 <10, entry O, exit SMA5",,y2018,4575,239.0,-44.51,-1.46,0.571,-37.48,19.1,3.51,-6.3,2.0,10.0,O,SMA5,,,,
F2_rsi2_10_O_SMA5_L,F2,long,"Connors long >SMA200 RSI2 <10, entry O, exit SMA5",,y2019,4512,245.0,36.05,2.25,0.7,42.58,18.4,2.83,-5.36,2.0,10.0,O,SMA5,,,,
F2_rsi2_10_O_SMA5_L,F2,long,"Connors long >SMA200 RSI2 <10, entry O, exit SMA5",,y2020,4509,223.0,1.58,0.03,0.654,8.0,20.2,3.05,35.13,2.0,10.0,O,SMA5,,,,
F2_rsi2_10_O_SMA5_L,F2,long,"Connors long >SMA200 RSI2 <10, entry O, exit SMA5",,y2021,7287,248.0,65.13,3.8,0.694,71.11,29.4,2.81,14.44,2.0,10.0,O,SMA5,,,,
F2_rsi2_10_O_SMA5_L,F2,long,"Connors long >SMA200 RSI2 <10, entry O, exit SMA5",,y2022,3569,216.0,-25.49,-0.57,0.609,-19.47,16.5,3.4,-27.23,2.0,10.0,O,SMA5,,,,
F2_rsi2_10_O_SMA5_L,F2,long,"Connors long >SMA200 RSI2 <10, entry O, exit SMA5",,y2023,5514,238.0,26.06,1.12,0.648,32.34,23.2,3.22,9.96,2.0,10.0,O,SMA5,,,,
F2_rsi2_10_O_SMA5_L,F2,long,"Connors long >SMA200 RSI2 <10, entry O, exit SMA5",,y2024,5881,208.0,53.53,3.15,0.675,59.44,28.3,2.99,16.56,2.0,10.0,O,SMA5,,,,
F2_rsi2_10_O_SMA5_L,F2,long,"Connors long >SMA200 RSI2 <10, entry O, exit SMA5",,y2025,5098,205.0,89.47,3.37,0.7,95.2,24.9,2.88,7.25,2.0,10.0,O,SMA5,,,,
F2_rsi2_10_O_SMA5_L,F2,long,"Connors long >SMA200 RSI2 <10, entry O, exit SMA5",,y2026,5255,193.0,57.76,2.41,0.649,62.86,27.2,3.08,29.61,2.0,10.0,O,SMA5,,,,
F2_rsi3_5_C_K1_L,F2,long,"Connors long >SMA200 RSI3 <5, entry C, exit K1",,train,3938,828.0,11.86,0.79,0.541,18.49,4.8,1.0,11.04,3.0,5.0,C,K1,,,,
F2_rsi3_5_C_K1_L,F2,long,"Connors long >SMA200 RSI3 <5, entry C, exit K1",,valid1,1436,288.0,13.74,1.23,0.533,19.95,5.0,1.0,8.93,3.0,5.0,C,K1,,,,
F2_rsi3_5_C_K1_L,F2,long,"Connors long >SMA200 RSI3 <5, entry C, exit K1",,valid2,1115,290.0,29.2,1.83,0.555,34.76,3.8,1.0,6.4,3.0,5.0,C,K1,,,,
F2_rsi3_5_C_K1_L,F2,long,"Connors long >SMA200 RSI3 <5, entry C, exit K1",,trainvalid1,5374,1116.0,12.36,1.08,0.539,18.88,4.8,1.0,10.47,3.0,5.0,C,K1,,,,
F2_rsi3_5_C_K1_L,F2,long,"Connors long >SMA200 RSI3 <5, entry C, exit K1",,all_open,6489,1406.0,15.25,1.55,0.542,21.61,4.6,1.0,9.77,3.0,5.0,C,K1,,,,
F2_rsi3_5_C_K1_L,F2,long,"Connors long >SMA200 RSI3 <5, entry C, exit K1",,month_up,998,362.0,40.43,2.6,0.597,46.81,2.8,1.0,11.03,3.0,5.0,C,K1,,,,
F2_rsi3_5_C_K1_L,F2,long,"Connors long >SMA200 RSI3 <5, entry C, exit K1",,year_up,5188,1159.0,22.48,2.13,0.555,28.85,4.5,1.0,12.53,3.0,5.0,C,K1,,,,
F2_rsi3_5_C_K1_L,F2,long,"Connors long >SMA200 RSI3 <5, entry C, exit K1",,month_flat,1862,494.0,27.16,2.13,0.567,33.96,3.8,1.0,8.72,3.0,5.0,C,K1,,,,
F2_rsi3_5_C_K1_L,F2,long,"Connors long >SMA200 RSI3 <5, entry C, exit K1",,year_flat,0,,,,,,,,,3.0,5.0,C,K1,,,,
F2_rsi3_5_C_K1_L,F2,long,"Connors long >SMA200 RSI3 <5, entry C, exit K1",,month_down,3629,550.0,2.22,0.14,0.513,8.34,6.6,1.0,9.97,3.0,5.0,C,K1,,,,
F2_rsi3_5_C_K1_L,F2,long,"Connors long >SMA200 RSI3 <5, entry C, exit K1",,year_down,1301,247.0,-13.58,-0.53,0.487,-7.26,5.3,1.0,-1.21,3.0,5.0,C,K1,,,,
F2_rsi3_5_C_K1_L,F2,long,"Connors long >SMA200 RSI3 <5, entry C, exit K1",,day_up,1129,369.0,31.82,2.0,0.549,38.52,3.1,1.0,16.97,3.0,5.0,C,K1,,,,
F2_rsi3_5_C_K1_L,F2,long,"Connors long >SMA200 RSI3 <5, entry C, exit K1",,day_flat,1532,477.0,-3.15,-0.29,0.528,3.3,3.2,1.0,1.22,3.0,5.0,C,K1,,,,
F2_rsi3_5_C_K1_L,F2,long,"Connors long >SMA200 RSI3 <5, entry C, exit K1",,day_down,3828,560.0,17.73,1.15,0.545,23.95,6.8,1.0,11.07,3.0,5.0,C,K1,,,,
F2_rsi3_5_C_K1_L,F2,long,"Connors long >SMA200 RSI3 <5, entry C, exit K1",,y2016,108,28.0,20.77,1.01,0.528,30.14,3.9,1.0,27.42,3.0,5.0,C,K1,,,,
F2_rsi3_5_C_K1_L,F2,long,"Connors long >SMA200 RSI3 <5, entry C, exit K1",,y2017,550,175.0,11.31,1.49,0.565,18.82,3.1,1.0,4.44,3.0,5.0,C,K1,,,,
F2_rsi3_5_C_K1_L,F2,long,"Connors long >SMA200 RSI3 <5, entry C, exit K1",,y2018,795,142.0,-4.97,-0.13,0.504,1.45,5.6,1.0,8.64,3.0,5.0,C,K1,,,,
F2_rsi3_5_C_K1_L,F2,long,"Connors long >SMA200 RSI3 <5, entry C, exit K1",,y2019,525,129.0,23.08,0.87,0.587,30.03,4.1,1.0,-1.36,3.0,5.0,C,K1,,,,
F2_rsi3_5_C_K1_L,F2,long,"Connors long >SMA200 RSI3 <5, entry C, exit K1",,y2020,549,94.0,-40.93,-0.85,0.439,-34.5,5.8,1.0,-7.61,3.0,5.0,C,K1,,,,
F2_rsi3_5_C_K1_L,F2,long,"Connors long >SMA200 RSI3 <5, entry C, exit K1",,y2021,905,155.0,73.22,2.15,0.639,79.36,5.8,1.0,49.21,3.0,5.0,C,K1,,,,
F2_rsi3_5_C_K1_L,F2,long,"Connors long >SMA200 RSI3 <5, entry C, exit K1",,y2022,506,105.0,-27.13,-1.03,0.46,-20.94,4.8,1.0,-16.68,3.0,5.0,C,K1,,,,
F2_rsi3_5_C_K1_L,F2,long,"Connors long >SMA200 RSI3 <5, entry C, exit K1",,y2023,690,145.0,10.14,0.54,0.525,16.61,4.8,1.0,6.08,3.0,5.0,C,K1,,,,
F2_rsi3_5_C_K1_L,F2,long,"Connors long >SMA200 RSI3 <5, entry C, exit K1",,y2024,746,143.0,17.06,1.34,0.542,23.04,5.2,1.0,11.56,3.0,5.0,C,K1,,,,
F2_rsi3_5_C_K1_L,F2,long,"Connors long >SMA200 RSI3 <5, entry C, exit K1",,y2025,474,137.0,36.74,1.54,0.582,42.95,3.5,1.0,4.9,3.0,5.0,C,K1,,,,
F2_rsi3_5_C_K1_L,F2,long,"Connors long >SMA200 RSI3 <5, entry C, exit K1",,y2026,641,153.0,23.62,1.11,0.535,28.69,4.2,1.0,7.5,3.0,5.0,C,K1,,,,
F2_rsi3_5_C_K3_L,F2,long,"Connors long >SMA200 RSI3 <5, entry C, exit K3",,train,3382,780.0,29.75,1.04,0.56,36.38,4.3,3.0,18.34,3.0,5.0,C,K3,,,,
F2_rsi3_5_C_K3_L,F2,long,"Connors long >SMA200 RSI3 <5, entry C, exit K3",,valid1,1201,276.0,58.62,2.41,0.569,64.81,4.4,3.0,26.98,3.0,5.0,C,K3,,,,
F2_rsi3_5_C_K3_L,F2,long,"Connors long >SMA200 RSI3 <5, entry C, exit K3",,valid2,954,274.0,79.67,2.81,0.543,85.25,3.5,3.0,21.65,3.0,5.0,C,K3,,,,
F2_rsi3_5_C_K3_L,F2,long,"Connors long >SMA200 RSI3 <5, entry C, exit K3",,trainvalid1,4583,1056.0,37.32,1.68,0.562,43.83,4.3,3.0,20.6,3.0,5.0,C,K3,,,,
F2_rsi3_5_C_K3_L,F2,long,"Connors long >SMA200 RSI3 <5, entry C, exit K3",,all_open,5537,1330.0,44.61,2.34,0.559,50.97,4.2,3.0,20.78,3.0,5.0,C,K3,,,,
F2_rsi3_5_C_K3_L,F2,long,"Connors long >SMA200 RSI3 <5, entry C, exit K3",,month_up,879,340.0,103.15,3.32,0.642,109.4,2.6,3.0,17.53,3.0,5.0,C,K3,,,,
F2_rsi3_5_C_K3_L,F2,long,"Connors long >SMA200 RSI3 <5, entry C, exit K3",,year_up,4437,1099.0,74.32,3.64,0.586,80.66,4.0,3.0,31.19,3.0,5.0,C,K3,,,,
F2_rsi3_5_C_K3_L,F2,long,"Connors long >SMA200 RSI3 <5, entry C, exit K3",,month_flat,1595,465.0,82.49,4.12,0.601,89.31,3.4,3.0,20.76,3.0,5.0,C,K3,,,,
F2_rsi3_5_C_K3_L,F2,long,"Connors long >SMA200 RSI3 <5, entry C, exit K3",,year_flat,0,,,,,,,,,3.0,5.0,C,K3,,,,
F2_rsi3_5_C_K3_L,F2,long,"Connors long >SMA200 RSI3 <5, entry C, exit K3",,month_down,3063,525.0,8.09,0.26,0.514,14.23,5.8,3.0,21.73,3.0,5.0,C,K3,,,,
F2_rsi3_5_C_K3_L,F2,long,"Connors long >SMA200 RSI3 <5, entry C, exit K3",,year_down,1100,231.0,-75.2,-2.48,0.449,-68.82,4.8,3.0,-21.21,3.0,5.0,C,K3,,,,
F2_rsi3_5_C_K3_L,F2,long,"Connors long >SMA200 RSI3 <5, entry C, exit K3",,y2016,93,28.0,157.14,2.15,0.667,166.14,3.3,3.0,95.71,3.0,5.0,C,K3,,,,
F2_rsi3_5_C_K3_L,F2,long,"Connors long >SMA200 RSI3 <5, entry C, exit K3",,y2017,468,165.0,44.49,3.3,0.605,52.14,2.8,3.0,16.39,3.0,5.0,C,K3,,,,
F2_rsi3_5_C_K3_L,F2,long,"Connors long >SMA200 RSI3 <5, entry C, exit K3",,y2018,689,134.0,-61.64,-1.55,0.464,-55.18,5.1,3.0,8.19,3.0,5.0,C,K3,,,,
F2_rsi3_5_C_K3_L,F2,long,"Connors long >SMA200 RSI3 <5, entry C, exit K3",,y2019,466,123.0,113.37,2.28,0.672,120.23,3.8,3.0,6.87,3.0,5.0,C,K3,,,,
F2_rsi3_5_C_K3_L,F2,long,"Connors long >SMA200 RSI3 <5, entry C, exit K3",,y2020,471,86.0,-1.57,-0.01,0.535,4.77,5.5,3.0,39.89,3.0,5.0,C,K3,,,,
F2_rsi3_5_C_K3_L,F2,long,"Connors long >SMA200 RSI3 <5, entry C, exit K3",,y2021,784,147.0,122.22,2.87,0.625,128.33,5.3,3.0,59.68,3.0,5.0,C,K3,,,,
F2_rsi3_5_C_K3_L,F2,long,"Connors long >SMA200 RSI3 <5, entry C, exit K3",,y2022,411,97.0,-97.95,-2.01,0.423,-91.69,4.2,3.0,-70.49,3.0,5.0,C,K3,,,,
F2_rsi3_5_C_K3_L,F2,long,"Connors long >SMA200 RSI3 <5, entry C, exit K3",,y2023,579,137.0,9.22,0.27,0.491,15.59,4.2,3.0,-0.97,3.0,5.0,C,K3,,,,
F2_rsi3_5_C_K3_L,F2,long,"Connors long >SMA200 RSI3 <5, entry C, exit K3",,y2024,622,139.0,104.61,4.69,0.641,110.62,4.5,3.0,52.99,3.0,5.0,C,K3,,,,
F2_rsi3_5_C_K3_L,F2,long,"Connors long >SMA200 RSI3 <5, entry C, exit K3",,y2025,408,128.0,96.92,2.32,0.554,103.15,3.2,3.0,11.5,3.0,5.0,C,K3,,,,
F2_rsi3_5_C_K3_L,F2,long,"Connors long >SMA200 RSI3 <5, entry C, exit K3",,y2026,546,146.0,66.79,1.79,0.535,71.88,3.7,3.0,29.24,3.0,5.0,C,K3,,,,
F2_rsi3_5_C_K5_L,F2,long,"Connors long >SMA200 RSI3 <5, entry C, exit K5",,train,3266,765.0,59.3,2.16,0.565,65.91,4.3,5.0,16.69,3.0,5.0,C,K5,,,,
F2_rsi3_5_C_K5_L,F2,long,"Connors long >SMA200 RSI3 <5, entry C, exit K5",,valid1,1133,268.0,75.95,2.21,0.583,82.17,4.2,5.0,27.17,3.0,5.0,C,K5,,,,
F2_rsi3_5_C_K5_L,F2,long,"Connors long >SMA200 RSI3 <5, entry C, exit K5",,valid2,917,265.0,81.4,1.96,0.552,86.95,3.5,5.0,27.7,3.0,5.0,C,K5,,,,
F2_rsi3_5_C_K5_L,F2,long,"Connors long >SMA200 RSI3 <5, entry C, exit K5",,trainvalid1,4399,1033.0,63.59,2.86,0.569,70.09,4.3,5.0,19.39,3.0,5.0,C,K5,,,,
F2_rsi3_5_C_K5_L,F2,long,"Connors long >SMA200 RSI3 <5, entry C, exit K5",,all_open,5316,1298.0,66.66,3.38,0.566,73.0,4.1,5.0,20.82,3.0,5.0,C,K5,,,,
F2_rsi3_5_C_K5_L,F2,long,"Connors long >SMA200 RSI3 <5, entry C, exit K5",,month_up,843,331.0,142.73,2.99,0.635,148.89,2.5,5.0,23.74,3.0,5.0,C,K5,,,,
F2_rsi3_5_C_K5_L,F2,long,"Connors long >SMA200 RSI3 <5, entry C, exit K5",,year_up,4261,1071.0,90.19,4.04,0.585,96.53,4.0,5.0,31.78,3.0,5.0,C,K5,,,,
F2_rsi3_5_C_K5_L,F2,long,"Connors long >SMA200 RSI3 <5, entry C, exit K5",,month_flat,1540,452.0,89.2,3.21,0.6,96.02,3.4,5.0,12.64,3.0,5.0,C,K5,,,,
F2_rsi3_5_C_K5_L,F2,long,"Connors long >SMA200 RSI3 <5, entry C, exit K5",,year_flat,0,,,,,,,,,3.0,5.0,C,K5,,,,
F2_rsi3_5_C_K5_L,F2,long,"Connors long >SMA200 RSI3 <5, entry C, exit K5",,month_down,2933,515.0,32.97,1.15,0.529,39.11,5.7,5.0,24.28,3.0,5.0,C,K5,,,,
F2_rsi3_5_C_K5_L,F2,long,"Connors long >SMA200 RSI3 <5, entry C, exit K5",,year_down,1055,227.0,-28.36,-1.07,0.49,-22.01,4.6,5.0,-23.44,3.0,5.0,C,K5,,,,
F2_rsi3_5_C_K5_L,F2,long,"Connors long >SMA200 RSI3 <5, entry C, exit K5",,y2016,89,28.0,194.58,2.53,0.607,203.2,3.2,5.0,59.59,3.0,5.0,C,K5,,,,
F2_rsi3_5_C_K5_L,F2,long,"Connors long >SMA200 RSI3 <5, entry C, exit K5",,y2017,457,162.0,61.7,2.73,0.617,69.36,2.8,5.0,17.3,3.0,5.0,C,K5,,,,
F2_rsi3_5_C_K5_L,F2,long,"Connors long >SMA200 RSI3 <5, entry C, exit K5",,y2018,662,131.0,3.57,0.12,0.53,10.01,5.1,5.0,12.77,3.0,5.0,C,K5,,,,
F2_rsi3_5_C_K5_L,F2,long,"Connors long >SMA200 RSI3 <5, entry C, exit K5",,y2019,445,119.0,65.34,1.59,0.589,72.27,3.7,5.0,-6.32,3.0,5.0,C,K5,,,,
F2_rsi3_5_C_K5_L,F2,long,"Connors long >SMA200 RSI3 <5, entry C, exit K5",,y2020,460,85.0,58.83,0.84,0.58,65.06,5.4,5.0,58.64,3.0,5.0,C,K5,,,,
F2_rsi3_5_C_K5_L,F2,long,"Connors long >SMA200 RSI3 <5, entry C, exit K5",,y2021,760,144.0,160.47,2.03,0.608,166.57,5.3,5.0,55.07,3.0,5.0,C,K5,,,,
F2_rsi3_5_C_K5_L,F2,long,"Connors long >SMA200 RSI3 <5, entry C, exit K5",,y2022,393,96.0,-82.15,-1.68,0.422,-75.94,4.1,5.0,-84.43,3.0,5.0,C,K5,,,,
F2_rsi3_5_C_K5_L,F2,long,"Connors long >SMA200 RSI3 <5, entry C, exit K5",,y2023,550,135.0,12.12,0.23,0.518,18.53,4.1,5.0,0.01,3.0,5.0,C,K5,,,,
F2_rsi3_5_C_K5_L,F2,long,"Connors long >SMA200 RSI3 <5, entry C, exit K5",,y2024,583,133.0,136.17,4.7,0.643,142.21,4.4,5.0,52.79,3.0,5.0,C,K5,,,,
F2_rsi3_5_C_K5_L,F2,long,"Connors long >SMA200 RSI3 <5, entry C, exit K5",,y2025,398,126.0,111.62,2.61,0.603,117.76,3.2,5.0,10.23,3.0,5.0,C,K5,,,,
F2_rsi3_5_C_K5_L,F2,long,"Connors long >SMA200 RSI3 <5, entry C, exit K5",,y2026,519,139.0,58.23,0.93,0.513,63.32,3.7,5.0,41.1,3.0,5.0,C,K5,,,,
F2_rsi3_5_C_SMA5_L,F2,long,"Connors long >SMA200 RSI3 <5, entry C, exit SMA5",,train,3223,754.0,68.82,3.47,0.682,75.41,4.3,3.92,20.27,3.0,5.0,C,SMA5,,,,
F2_rsi3_5_C_SMA5_L,F2,long,"Connors long >SMA200 RSI3 <5, entry C, exit SMA5",,valid1,1113,267.0,71.51,3.61,0.696,77.69,4.2,3.99,27.04,3.0,5.0,C,SMA5,,,,
F2_rsi3_5_C_SMA5_L,F2,long,"Connors long >SMA200 RSI3 <5, entry C, exit SMA5",,valid2,903,265.0,91.32,2.87,0.674,96.84,3.4,4.09,25.31,3.0,5.0,C,SMA5,,,,
F2_rsi3_5_C_SMA5_L,F2,long,"Connors long >SMA200 RSI3 <5, entry C, exit SMA5",,trainvalid1,4336,1021.0,69.51,4.46,0.686,75.99,4.2,3.94,22.01,3.0,5.0,C,SMA5,,,,
F2_rsi3_5_C_SMA5_L,F2,long,"Connors long >SMA200 RSI3 <5, entry C, exit SMA5",,all_open,5239,1286.0,73.27,5.22,0.684,79.59,4.1,3.97,22.58,3.0,5.0,C,SMA5,,,,
F2_rsi3_5_C_SMA5_L,F2,long,"Connors long >SMA200 RSI3 <5, entry C, exit SMA5",,month_up,832,329.0,131.41,4.56,0.77,137.57,2.5,3.7,32.67,3.0,5.0,C,SMA5,,,,
F2_rsi3_5_C_SMA5_L,F2,long,"Connors long >SMA200 RSI3 <5, entry C, exit SMA5",,year_up,4198,1065.0,94.79,6.5,0.707,101.11,3.9,3.87,33.9,3.0,5.0,C,SMA5,,,,
F2_rsi3_5_C_SMA5_L,F2,long,"Connors long >SMA200 RSI3 <5, entry C, exit SMA5",,month_flat,1517,452.0,92.73,5.34,0.703,99.52,3.4,3.79,18.75,3.0,5.0,C,SMA5,,,,
F2_rsi3_5_C_SMA5_L,F2,long,"Connors long >SMA200 RSI3 <5, entry C, exit SMA5",,year_flat,0,,,,,,,,,3.0,5.0,C,SMA5,,,,
F2_rsi3_5_C_SMA5_L,F2,long,"Connors long >SMA200 RSI3 <5, entry C, exit SMA5",,month_down,2890,505.0,46.31,2.21,0.649,52.43,5.7,4.14,21.69,3.0,5.0,C,SMA5,,,,
F2_rsi3_5_C_SMA5_L,F2,long,"Connors long >SMA200 RSI3 <5, entry C, exit SMA5",,year_down,1041,221.0,-13.52,-0.51,0.589,-7.2,4.7,4.36,-23.07,3.0,5.0,C,SMA5,,,,
F2_rsi3_5_C_SMA5_L,F2,long,"Connors long >SMA200 RSI3 <5, entry C, exit SMA5",,y2016,88,28.0,161.35,4.58,0.773,170.01,3.1,3.73,89.71,3.0,5.0,C,SMA5,,,,
F2_rsi3_5_C_SMA5_L,F2,long,"Connors long >SMA200 RSI3 <5, entry C, exit SMA5",,y2017,448,159.0,64.11,4.1,0.714,71.77,2.8,3.92,24.09,3.0,5.0,C,SMA5,,,,
F2_rsi3_5_C_SMA5_L,F2,long,"Connors long >SMA200 RSI3 <5, entry C, exit SMA5",,y2018,656,127.0,15.13,0.65,0.604,21.58,5.2,4.25,14.99,3.0,5.0,C,SMA5,,,,
F2_rsi3_5_C_SMA5_L,F2,long,"Connors long >SMA200 RSI3 <5, entry C, exit SMA5",,y2019,441,118.0,90.54,1.83,0.741,97.44,3.7,3.71,-11.06,3.0,5.0,C,SMA5,,,,
F2_rsi3_5_C_SMA5_L,F2,long,"Connors long >SMA200 RSI3 <5, entry C, exit SMA5",,y2020,456,85.0,63.29,1.59,0.689,69.53,5.4,3.68,40.36,3.0,5.0,C,SMA5,,,,
F2_rsi3_5_C_SMA5_L,F2,long,"Connors long >SMA200 RSI3 <5, entry C, exit SMA5",,y2021,749,143.0,165.77,4.0,0.744,171.9,5.2,3.62,76.28,3.0,5.0,C,SMA5,,,,
F2_rsi3_5_C_SMA5_L,F2,long,"Connors long >SMA200 RSI3 <5, entry C, exit SMA5",,y2022,385,94.0,-62.33,-1.12,0.564,-56.24,4.1,4.54,-87.92,3.0,5.0,C,SMA5,,,,
F2_rsi3_5_C_SMA5_L,F2,long,"Connors long >SMA200 RSI3 <5, entry C, exit SMA5",,y2023,537,135.0,34.31,1.18,0.631,40.74,4.0,4.45,13.31,3.0,5.0,C,SMA5,,,,
F2_rsi3_5_C_SMA5_L,F2,long,"Connors long >SMA200 RSI3 <5, entry C, exit SMA5",,y2024,576,132.0,106.18,4.97,0.757,112.13,4.4,3.57,39.85,3.0,5.0,C,SMA5,,,,
F2_rsi3_5_C_SMA5_L,F2,long,"Connors long >SMA200 RSI3 <5, entry C, exit SMA5",,y2025,390,124.0,126.0,4.92,0.71,132.09,3.1,3.83,23.43,3.0,5.0,C,SMA5,,,,
F2_rsi3_5_C_SMA5_L,F2,long,"Connors long >SMA200 RSI3 <5, entry C, exit SMA5",,y2026,513,141.0,64.95,1.33,0.647,70.04,3.6,4.29,26.74,3.0,5.0,C,SMA5,,,,
F2_rsi3_5_O_K1_L,F2,long,"Connors long >SMA200 RSI3 <5, entry O, exit K1",,train,3938,828.0,15.53,1.13,0.53,22.16,4.8,1.0,9.38,3.0,5.0,O,K1,,,,
F2_rsi3_5_O_K1_L,F2,long,"Connors long >SMA200 RSI3 <5, entry O, exit K1",,valid1,1436,288.0,6.95,0.77,0.499,13.16,5.0,1.0,9.02,3.0,5.0,O,K1,,,,
F2_rsi3_5_O_K1_L,F2,long,"Connors long >SMA200 RSI3 <5, entry O, exit K1",,valid2,1113,289.0,19.62,1.63,0.503,25.18,3.9,1.0,2.32,3.0,5.0,O,K1,,,,
F2_rsi3_5_O_K1_L,F2,long,"Connors long >SMA200 RSI3 <5, entry O, exit K1",,trainvalid1,5374,1116.0,13.23,1.28,0.522,19.76,4.8,1.0,9.29,3.0,5.0,O,K1,,,,
F2_rsi3_5_O_K1_L,F2,long,"Connors long >SMA200 RSI3 <5, entry O, exit K1",,all_open,6492,1406.0,13.93,1.58,0.518,20.29,4.6,1.0,7.92,3.0,5.0,O,K1,,,,
F2_rsi3_5_O_K1_L,F2,long,"Connors long >SMA200 RSI3 <5, entry O, exit K1",,month_up,998,362.0,21.88,1.81,0.543,28.25,2.8,1.0,7.54,3.0,5.0,O,K1,,,,
F2_rsi3_5_O_K1_L,F2,long,"Connors long >SMA200 RSI3 <5, entry O, exit K1",,year_up,5191,1159.0,18.16,2.48,0.526,24.53,4.5,1.0,10.52,3.0,5.0,O,K1,,,,
F2_rsi3_5_O_K1_L,F2,long,"Connors long >SMA200 RSI3 <5, entry O, exit K1",,month_flat,1862,494.0,20.87,2.23,0.549,27.67,3.8,1.0,9.85,3.0,5.0,O,K1,,,,
F2_rsi3_5_O_K1_L,F2,long,"Connors long >SMA200 RSI3 <5, entry O, exit K1",,year_flat,0,,,,,,,,,3.0,5.0,O,K1,,,,
F2_rsi3_5_O_K1_L,F2,long,"Connors long >SMA200 RSI3 <5, entry O, exit K1",,month_down,3632,550.0,8.19,0.55,0.496,14.31,6.6,1.0,7.03,3.0,5.0,O,K1,,,,
F2_rsi3_5_O_K1_L,F2,long,"Connors long >SMA200 RSI3 <5, entry O, exit K1",,year_down,1301,247.0,-2.95,-0.09,0.488,3.38,5.3,1.0,-2.47,3.0,5.0,O,K1,,,,
F2_rsi3_5_O_K1_L,F2,long,"Connors long >SMA200 RSI3 <5, entry O, exit K1",,day_up,1127,368.0,12.93,0.97,0.521,19.63,3.1,1.0,11.04,3.0,5.0,O,K1,,,,
F2_rsi3_5_O_K1_L,F2,long,"Connors long >SMA200 RSI3 <5, entry O, exit K1",,day_flat,1532,477.0,-12.46,-1.31,0.482,-6.02,3.2,1.0,0.46,3.0,5.0,O,K1,,,,
F2_rsi3_5_O_K1_L,F2,long,"Connors long >SMA200 RSI3 <5, entry O, exit K1",,day_down,3828,560.0,25.46,1.88,0.533,31.69,6.8,1.0,10.28,3.0,5.0,O,K1,,,,
F2_rsi3_5_O_K1_L,F2,long,"Connors long >SMA200 RSI3 <5, entry O, exit K1",,y2016,108,28.0,-4.28,-0.25,0.398,5.08,3.9,1.0,22.77,3.0,5.0,O,K1,,,,
F2_rsi3_5_O_K1_L,F2,long,"Connors long >SMA200 RSI3 <5, entry O, exit K1",,y2017,550,175.0,8.23,1.08,0.549,15.75,3.1,1.0,6.21,3.0,5.0,O,K1,,,,
F2_rsi3_5_O_K1_L,F2,long,"Connors long >SMA200 RSI3 <5, entry O, exit K1",,y2018,795,142.0,10.45,0.21,0.503,16.87,5.6,1.0,10.1,3.0,5.0,O,K1,,,,
F2_rsi3_5_O_K1_L,F2,long,"Connors long >SMA200 RSI3 <5, entry O, exit K1",,y2019,525,129.0,14.95,1.1,0.587,21.89,4.1,1.0,2.67,3.0,5.0,O,K1,,,,
F2_rsi3_5_O_K1_L,F2,long,"Connors long >SMA200 RSI3 <5, entry O, exit K1",,y2020,549,94.0,27.24,0.7,0.501,33.69,5.8,1.0,-3.69,3.0,5.0,O,K1,,,,
F2_rsi3_5_O_K1_L,F2,long,"Connors long >SMA200 RSI3 <5, entry O, exit K1",,y2021,905,155.0,42.11,1.79,0.581,48.26,5.8,1.0,38.59,3.0,5.0,O,K1,,,,
F2_rsi3_5_O_K1_L,F2,long,"Connors long >SMA200 RSI3 <5, entry O, exit K1",,y2022,506,105.0,-24.01,-0.89,0.464,-17.83,4.8,1.0,-22.22,3.0,5.0,O,K1,,,,
F2_rsi3_5_O_K1_L,F2,long,"Connors long >SMA200 RSI3 <5, entry O, exit K1",,y2023,690,145.0,3.69,0.29,0.481,10.15,4.8,1.0,7.04,3.0,5.0,O,K1,,,,
F2_rsi3_5_O_K1_L,F2,long,"Connors long >SMA200 RSI3 <5, entry O, exit K1",,y2024,746,143.0,9.96,0.78,0.516,15.94,5.2,1.0,10.85,3.0,5.0,O,K1,,,,
F2_rsi3_5_O_K1_L,F2,long,"Connors long >SMA200 RSI3 <5, entry O, exit K1",,y2025,477,137.0,32.29,1.49,0.516,38.5,3.5,1.0,4.08,3.0,5.0,O,K1,,,,
F2_rsi3_5_O_K1_L,F2,long,"Connors long >SMA200 RSI3 <5, entry O, exit K1",,y2026,641,153.0,6.11,0.45,0.49,11.19,4.2,1.0,-0.72,3.0,5.0,O,K1,,,,
F2_rsi3_5_O_K3_L,F2,long,"Connors long >SMA200 RSI3 <5, entry O, exit K3",,train,3382,780.0,34.14,1.2,0.56,40.77,4.3,2.0,18.58,3.0,5.0,O,K3,,,,
F2_rsi3_5_O_K3_L,F2,long,"Connors long >SMA200 RSI3 <5, entry O, exit K3",,valid1,1201,276.0,50.94,2.21,0.555,57.12,4.4,2.0,27.1,3.0,5.0,O,K3,,,,
F2_rsi3_5_O_K3_L,F2,long,"Connors long >SMA200 RSI3 <5, entry O, exit K3",,valid2,950,274.0,67.13,3.15,0.538,72.71,3.5,2.0,14.22,3.0,5.0,O,K3,,,,
F2_rsi3_5_O_K3_L,F2,long,"Connors long >SMA200 RSI3 <5, entry O, exit K3",,trainvalid1,4583,1056.0,38.54,1.76,0.559,45.06,4.3,2.0,20.81,3.0,5.0,O,K3,,,,
F2_rsi3_5_O_K3_L,F2,long,"Connors long >SMA200 RSI3 <5, entry O, exit K3",,all_open,5538,1331.0,42.97,2.32,0.555,49.32,4.2,2.0,19.45,3.0,5.0,O,K3,,,,
F2_rsi3_5_O_K3_L,F2,long,"Connors long >SMA200 RSI3 <5, entry O, exit K3",,month_up,879,340.0,86.44,2.8,0.623,92.69,2.6,2.0,15.46,3.0,5.0,O,K3,,,,
F2_rsi3_5_O_K3_L,F2,long,"Connors long >SMA200 RSI3 <5, entry O, exit K3",,year_up,4438,1100.0,69.41,3.34,0.582,75.75,4.0,2.0,29.45,3.0,5.0,O,K3,,,,
F2_rsi3_5_O_K3_L,F2,long,"Connors long >SMA200 RSI3 <5, entry O, exit K3",,month_flat,1595,465.0,77.95,3.95,0.589,84.77,3.4,2.0,22.66,3.0,5.0,O,K3,,,,
F2_rsi3_5_O_K3_L,F2,long,"Connors long >SMA200 RSI3 <5, entry O, exit K3",,year_flat,0,,,,,,,,,3.0,5.0,O,K3,,,,
F2_rsi3_5_O_K3_L,F2,long,"Connors long >SMA200 RSI3 <5, entry O, exit K3",,month_down,3064,526.0,12.29,0.41,0.517,18.43,5.8,2.0,18.91,3.0,5.0,O,K3,,,,
F2_rsi3_5_O_K3_L,F2,long,"Connors long >SMA200 RSI3 <5, entry O, exit K3",,year_down,1100,231.0,-63.67,-2.42,0.445,-57.29,4.8,2.0,-20.91,3.0,5.0,O,K3,,,,
F2_rsi3_5_O_K3_L,F2,long,"Connors long >SMA200 RSI3 <5, entry O, exit K3",,y2016,93,28.0,148.7,1.9,0.613,157.7,3.3,2.0,105.76,3.0,5.0,O,K3,,,,
F2_rsi3_5_O_K3_L,F2,long,"Connors long >SMA200 RSI3 <5, entry O, exit K3",,y2017,468,165.0,42.73,2.99,0.598,50.38,2.8,2.0,19.13,3.0,5.0,O,K3,,,,
F2_rsi3_5_O_K3_L,F2,long,"Connors long >SMA200 RSI3 <5, entry O, exit K3",,y2018,689,134.0,-43.61,-1.72,0.453,-37.14,5.1,2.0,10.59,3.0,5.0,O,K3,,,,
F2_rsi3_5_O_K3_L,F2,long,"Connors long >SMA200 RSI3 <5, entry O, exit K3",,y2019,466,123.0,102.72,2.36,0.659,109.58,3.8,2.0,10.5,3.0,5.0,O,K3,,,,
F2_rsi3_5_O_K3_L,F2,long,"Connors long >SMA200 RSI3 <5, entry O, exit K3",,y2020,471,86.0,61.34,0.39,0.607,67.7,5.5,2.0,44.77,3.0,5.0,O,K3,,,,
F2_rsi3_5_O_K3_L,F2,long,"Connors long >SMA200 RSI3 <5, entry O, exit K3",,y2021,784,147.0,95.58,2.45,0.605,101.68,5.3,2.0,52.39,3.0,5.0,O,K3,,,,
F2_rsi3_5_O_K3_L,F2,long,"Connors long >SMA200 RSI3 <5, entry O, exit K3",,y2022,411,97.0,-97.32,-1.74,0.433,-91.07,4.2,2.0,-73.72,3.0,5.0,O,K3,,,,
F2_rsi3_5_O_K3_L,F2,long,"Connors long >SMA200 RSI3 <5, entry O, exit K3",,y2023,579,137.0,0.32,0.01,0.491,6.68,4.2,2.0,-0.53,3.0,5.0,O,K3,,,,
F2_rsi3_5_O_K3_L,F2,long,"Connors long >SMA200 RSI3 <5, entry O, exit K3",,y2024,622,139.0,98.05,4.24,0.614,104.07,4.5,2.0,52.82,3.0,5.0,O,K3,,,,
F2_rsi3_5_O_K3_L,F2,long,"Connors long >SMA200 RSI3 <5, entry O, exit K3",,y2025,409,129.0,94.14,2.66,0.555,100.37,3.2,2.0,11.46,3.0,5.0,O,K3,,,,
F2_rsi3_5_O_K3_L,F2,long,"Connors long >SMA200 RSI3 <5, entry O, exit K3",,y2026,546,146.0,41.81,1.65,0.522,46.9,3.7,2.0,13.96,3.0,5.0,O,K3,,,,
F2_rsi3_5_O_K5_L,F2,long,"Connors long >SMA200 RSI3 <5, entry O, exit K5",,train,3266,765.0,64.77,2.65,0.575,71.37,4.3,4.0,17.22,3.0,5.0,O,K5,,,,
F2_rsi3_5_O_K5_L,F2,long,"Connors long >SMA200 RSI3 <5, entry O, exit K5",,valid1,1133,268.0,69.03,2.05,0.593,75.24,4.2,4.0,27.61,3.0,5.0,O,K5,,,,
F2_rsi3_5_O_K5_L,F2,long,"Connors long >SMA200 RSI3 <5, entry O, exit K5",,valid2,912,265.0,71.41,2.07,0.529,76.96,3.4,4.0,21.97,3.0,5.0,O,K5,,,,
F2_rsi3_5_O_K5_L,F2,long,"Connors long >SMA200 RSI3 <5, entry O, exit K5",,trainvalid1,4399,1033.0,65.87,3.27,0.579,72.37,4.3,4.0,19.9,3.0,5.0,O,K5,,,,
F2_rsi3_5_O_K5_L,F2,long,"Connors long >SMA200 RSI3 <5, entry O, exit K5",,all_open,5316,1299.0,65.77,3.71,0.57,72.11,4.1,4.0,19.61,3.0,5.0,O,K5,,,,
F2_rsi3_5_O_K5_L,F2,long,"Connors long >SMA200 RSI3 <5, entry O, exit K5",,month_up,843,331.0,126.07,2.63,0.63,132.22,2.5,4.0,21.75,3.0,5.0,O,K5,,,,
F2_rsi3_5_O_K5_L,F2,long,"Connors long >SMA200 RSI3 <5, entry O, exit K5",,year_up,4261,1072.0,85.99,4.41,0.586,92.32,4.0,4.0,30.16,3.0,5.0,O,K5,,,,
F2_rsi3_5_O_K5_L,F2,long,"Connors long >SMA200 RSI3 <5, entry O, exit K5",,month_flat,1540,452.0,85.84,2.94,0.59,92.65,3.4,4.0,15.69,3.0,5.0,O,K5,,,,
F2_rsi3_5_O_K5_L,F2,long,"Connors long >SMA200 RSI3 <5, entry O, exit K5",,year_flat,0,,,,,,,,,3.0,5.0,O,K5,,,,
F2_rsi3_5_O_K5_L,F2,long,"Connors long >SMA200 RSI3 <5, entry O, exit K5",,month_down,2933,516.0,37.91,1.52,0.542,44.05,5.7,4.0,21.05,3.0,5.0,O,K5,,,,
F2_rsi3_5_O_K5_L,F2,long,"Connors long >SMA200 RSI3 <5, entry O, exit K5",,year_down,1055,227.0,-15.87,-0.48,0.507,-9.51,4.6,4.0,-23.02,3.0,5.0,O,K5,,,,
F2_rsi3_5_O_K5_L,F2,long,"Connors long >SMA200 RSI3 <5, entry O, exit K5",,y2016,89,28.0,188.11,2.21,0.596,196.72,3.2,4.0,68.59,3.0,5.0,O,K5,,,,
F2_rsi3_5_O_K5_L,F2,long,"Connors long >SMA200 RSI3 <5, entry O, exit K5",,y2017,457,162.0,59.18,2.53,0.604,66.83,2.8,4.0,19.51,3.0,5.0,O,K5,,,,
F2_rsi3_5_O_K5_L,F2,long,"Connors long >SMA200 RSI3 <5, entry O, exit K5",,y2018,662,131.0,23.21,0.68,0.541,29.65,5.1,4.0,15.58,3.0,5.0,O,K5,,,,
F2_rsi3_5_O_K5_L,F2,long,"Connors long >SMA200 RSI3 <5, entry O, exit K5",,y2019,445,119.0,56.73,1.48,0.582,63.65,3.7,4.0,-0.62,3.0,5.0,O,K5,,,,
F2_rsi3_5_O_K5_L,F2,long,"Connors long >SMA200 RSI3 <5, entry O, exit K5",,y2020,460,85.0,125.16,2.78,0.617,131.41,5.4,4.0,64.48,3.0,5.0,O,K5,,,,
F2_rsi3_5_O_K5_L,F2,long,"Connors long >SMA200 RSI3 <5, entry O, exit K5",,y2021,760,144.0,133.78,1.85,0.618,139.89,5.3,4.0,47.54,3.0,5.0,O,K5,,,,
F2_rsi3_5_O_K5_L,F2,long,"Connors long >SMA200 RSI3 <5, entry O, exit K5",,y2022,393,96.0,-81.69,-1.46,0.45,-75.49,4.1,4.0,-88.04,3.0,5.0,O,K5,,,,
F2_rsi3_5_O_K5_L,F2,long,"Connors long >SMA200 RSI3 <5, entry O, exit K5",,y2023,550,135.0,2.29,0.05,0.525,8.69,4.1,4.0,-0.14,3.0,5.0,O,K5,,,,
F2_rsi3_5_O_K5_L,F2,long,"Connors long >SMA200 RSI3 <5, entry O, exit K5",,y2024,583,133.0,131.99,4.14,0.657,138.03,4.4,4.0,53.78,3.0,5.0,O,K5,,,,
F2_rsi3_5_O_K5_L,F2,long,"Connors long >SMA200 RSI3 <5, entry O, exit K5",,y2025,398,127.0,108.27,2.34,0.58,114.41,3.1,4.0,8.13,3.0,5.0,O,K5,,,,
F2_rsi3_5_O_K5_L,F2,long,"Connors long >SMA200 RSI3 <5, entry O, exit K5",,y2026,519,139.0,32.39,0.71,0.484,37.47,3.7,4.0,25.94,3.0,5.0,O,K5,,,,
F2_rsi3_5_O_SMA5_L,F2,long,"Connors long >SMA200 RSI3 <5, entry O, exit SMA5",,train,3223,754.0,73.96,4.2,0.679,80.55,4.3,3.01,20.14,3.0,5.0,O,SMA5,,,,
F2_rsi3_5_O_SMA5_L,F2,long,"Connors long >SMA200 RSI3 <5, entry O, exit SMA5",,valid1,1113,267.0,65.11,3.19,0.677,71.29,4.2,3.08,28.25,3.0,5.0,O,SMA5,,,,
F2_rsi3_5_O_SMA5_L,F2,long,"Connors long >SMA200 RSI3 <5, entry O, exit SMA5",,valid2,898,265.0,78.32,3.0,0.655,83.85,3.4,3.18,16.26,3.0,5.0,O,SMA5,,,,
F2_rsi3_5_O_SMA5_L,F2,long,"Connors long >SMA200 RSI3 <5, entry O, exit SMA5",,trainvalid1,4336,1021.0,71.69,5.07,0.679,78.17,4.2,3.03,22.23,3.0,5.0,O,SMA5,,,,
F2_rsi3_5_O_SMA5_L,F2,long,"Connors long >SMA200 RSI3 <5, entry O, exit SMA5",,all_open,5239,1287.0,71.97,5.75,0.674,78.29,4.1,3.06,20.84,3.0,5.0,O,SMA5,,,,
F2_rsi3_5_O_SMA5_L,F2,long,"Connors long >SMA200 RSI3 <5, entry O, exit SMA5",,month_up,832,329.0,114.66,3.99,0.749,120.82,2.5,2.79,30.43,3.0,5.0,O,SMA5,,,,
F2_rsi3_5_O_SMA5_L,F2,long,"Connors long >SMA200 RSI3 <5, entry O, exit SMA5",,year_up,4198,1066.0,89.92,7.17,0.691,96.25,3.9,2.97,31.57,3.0,5.0,O,SMA5,,,,
F2_rsi3_5_O_SMA5_L,F2,long,"Connors long >SMA200 RSI3 <5, entry O, exit SMA5",,month_flat,1517,452.0,89.12,4.73,0.691,95.92,3.4,2.91,21.2,3.0,5.0,O,SMA5,,,,
F2_rsi3_5_O_SMA5_L,F2,long,"Connors long >SMA200 RSI3 <5, entry O, exit SMA5",,year_flat,0,,,,,,,,,3.0,5.0,O,SMA5,,,,
F2_rsi3_5_O_SMA5_L,F2,long,"Connors long >SMA200 RSI3 <5, entry O, exit SMA5",,month_down,2890,506.0,50.67,2.66,0.643,56.79,5.7,3.21,17.89,3.0,5.0,O,SMA5,,,,
F2_rsi3_5_O_SMA5_L,F2,long,"Connors long >SMA200 RSI3 <5, entry O, exit SMA5",,year_down,1041,221.0,-0.45,-0.01,0.606,5.87,4.7,3.43,-22.41,3.0,5.0,O,SMA5,,,,
F2_rsi3_5_O_SMA5_L,F2,long,"Connors long >SMA200 RSI3 <5, entry O, exit SMA5",,y2016,88,28.0,155.4,3.5,0.682,164.06,3.1,2.8,99.45,3.0,5.0,O,SMA5,,,,
F2_rsi3_5_O_SMA5_L,F2,long,"Connors long >SMA200 RSI3 <5, entry O, exit SMA5",,y2017,448,159.0,61.69,3.91,0.692,69.35,2.8,3.02,26.43,3.0,5.0,O,SMA5,,,,
F2_rsi3_5_O_SMA5_L,F2,long,"Connors long >SMA200 RSI3 <5, entry O, exit SMA5",,y2018,656,127.0,35.08,1.51,0.636,41.53,5.2,3.33,17.83,3.0,5.0,O,SMA5,,,,
F2_rsi3_5_O_SMA5_L,F2,long,"Connors long >SMA200 RSI3 <5, entry O, exit SMA5",,y2019,441,118.0,80.2,1.79,0.723,87.1,3.7,2.8,-6.67,3.0,5.0,O,SMA5,,,,
F2_rsi3_5_O_SMA5_L,F2,long,"Connors long >SMA200 RSI3 <5, entry O, exit SMA5",,y2020,456,85.0,127.74,7.45,0.715,133.99,5.4,2.76,42.54,3.0,5.0,O,SMA5,,,,
F2_rsi3_5_O_SMA5_L,F2,long,"Connors long >SMA200 RSI3 <5, entry O, exit SMA5",,y2021,749,143.0,138.72,3.54,0.725,144.85,5.2,2.74,68.38,3.0,5.0,O,SMA5,,,,
F2_rsi3_5_O_SMA5_L,F2,long,"Connors long >SMA200 RSI3 <5, entry O, exit SMA5",,y2022,385,94.0,-60.99,-1.03,0.556,-54.91,4.1,3.59,-90.98,3.0,5.0,O,SMA5,,,,
F2_rsi3_5_O_SMA5_L,F2,long,"Connors long >SMA200 RSI3 <5, entry O, exit SMA5",,y2023,537,135.0,25.25,0.86,0.616,31.67,4.0,3.51,14.18,3.0,5.0,O,SMA5,,,,
F2_rsi3_5_O_SMA5_L,F2,long,"Connors long >SMA200 RSI3 <5, entry O, exit SMA5",,y2024,576,132.0,102.27,4.08,0.733,108.23,4.4,2.68,41.37,3.0,5.0,O,SMA5,,,,
F2_rsi3_5_O_SMA5_L,F2,long,"Connors long >SMA200 RSI3 <5, entry O, exit SMA5",,y2025,390,125.0,117.26,3.74,0.682,123.35,3.1,2.96,18.18,3.0,5.0,O,SMA5,,,,
F2_rsi3_5_O_SMA5_L,F2,long,"Connors long >SMA200 RSI3 <5, entry O, exit SMA5",,y2026,513,141.0,39.91,1.2,0.63,45.01,3.6,3.37,11.17,3.0,5.0,O,SMA5,,,,
F2_rsi3_10_C_K1_L,F2,long,"Connors long >SMA200 RSI3 <10, entry C, exit K1",,train,13911,1281.0,3.66,0.35,0.527,10.34,10.9,1.0,4.06,3.0,10.0,C,K1,,,,
F2_rsi3_10_C_K1_L,F2,long,"Connors long >SMA200 RSI3 <10, entry C, exit K1",,valid1,5381,401.0,3.93,0.46,0.513,10.16,13.4,1.0,4.89,3.0,10.0,C,K1,,,,
F2_rsi3_10_C_K1_L,F2,long,"Connors long >SMA200 RSI3 <10, entry C, exit K1",,valid2,4396,375.0,24.11,1.73,0.548,29.56,11.7,1.0,5.47,3.0,10.0,C,K1,,,,
F2_rsi3_10_C_K1_L,F2,long,"Connors long >SMA200 RSI3 <10, entry C, exit K1",,trainvalid1,19292,1682.0,3.73,0.48,0.523,10.29,11.5,1.0,4.29,3.0,10.0,C,K1,,,,
F2_rsi3_10_C_K1_L,F2,long,"Connors long >SMA200 RSI3 <10, entry C, exit K1",,all_open,23688,2057.0,7.52,1.09,0.528,13.86,11.5,1.0,4.51,3.0,10.0,C,K1,,,,
F2_rsi3_10_C_K1_L,F2,long,"Connors long >SMA200 RSI3 <10, entry C, exit K1",,month_up,4439,643.0,40.81,3.76,0.578,47.29,6.9,1.0,11.0,3.0,10.0,C,K1,,,,
F2_rsi3_10_C_K1_L,F2,long,"Connors long >SMA200 RSI3 <10, entry C, exit K1",,year_up,19454,1669.0,15.33,2.04,0.541,21.65,11.7,1.0,7.3,3.0,10.0,C,K1,,,,
F2_rsi3_10_C_K1_L,F2,long,"Connors long >SMA200 RSI3 <10, entry C, exit K1",,month_flat,7413,711.0,15.91,1.62,0.553,22.6,10.4,1.0,1.24,3.0,10.0,C,K1,,,,
F2_rsi3_10_C_K1_L,F2,long,"Connors long >SMA200 RSI3 <10, entry C, exit K1",,year_flat,0,,,,,,,,,3.0,10.0,C,K1,,,,
F2_rsi3_10_C_K1_L,F2,long,"Connors long >SMA200 RSI3 <10, entry C, exit K1",,month_down,11836,703.0,-10.23,-0.88,0.493,-4.15,16.8,1.0,4.12,3.0,10.0,C,K1,,,,
F2_rsi3_10_C_K1_L,F2,long,"Connors long >SMA200 RSI3 <10, entry C, exit K1",,year_down,4234,388.0,-28.38,-1.67,0.466,-21.9,10.9,1.0,-8.33,3.0,10.0,C,K1,,,,
F2_rsi3_10_C_K1_L,F2,long,"Connors long >SMA200 RSI3 <10, entry C, exit K1",,day_up,4278,615.0,16.42,1.53,0.541,22.92,7.0,1.0,6.86,3.0,10.0,C,K1,,,,
F2_rsi3_10_C_K1_L,F2,long,"Connors long >SMA200 RSI3 <10, entry C, exit K1",,day_flat,6070,709.0,-0.67,-0.08,0.514,5.77,8.6,1.0,-0.61,3.0,10.0,C,K1,,,,
F2_rsi3_10_C_K1_L,F2,long,"Connors long >SMA200 RSI3 <10, entry C, exit K1",,day_down,13340,733.0,8.39,0.76,0.529,14.64,18.2,1.0,6.09,3.0,10.0,C,K1,,,,
F2_rsi3_10_C_K1_L,F2,long,"Connors long >SMA200 RSI3 <10, entry C, exit K1",,y2016,421,43.0,7.73,0.38,0.518,16.4,9.8,1.0,-0.37,3.0,10.0,C,K1,,,,
F2_rsi3_10_C_K1_L,F2,long,"Connors long >SMA200 RSI3 <10, entry C, exit K1",,y2017,2089,240.0,8.68,1.37,0.543,16.37,8.7,1.0,1.2,3.0,10.0,C,K1,,,,
F2_rsi3_10_C_K1_L,F2,long,"Connors long >SMA200 RSI3 <10, entry C, exit K1",,y2018,2482,211.0,-22.98,-0.89,0.488,-16.21,11.8,1.0,-8.4,3.0,10.0,C,K1,,,,
F2_rsi3_10_C_K1_L,F2,long,"Connors long >SMA200 RSI3 <10, entry C, exit K1",,y2019,1859,206.0,10.72,0.53,0.556,17.55,9.0,1.0,-0.53,3.0,10.0,C,K1,,,,
F2_rsi3_10_C_K1_L,F2,long,"Connors long >SMA200 RSI3 <10, entry C, exit K1",,y2020,1986,179.0,-19.24,-0.57,0.495,-12.74,11.1,1.0,0.75,3.0,10.0,C,K1,,,,
F2_rsi3_10_C_K1_L,F2,long,"Connors long >SMA200 RSI3 <10, entry C, exit K1",,y2021,3322,225.0,50.54,1.96,0.598,56.62,14.8,1.0,26.74,3.0,10.0,C,K1,,,,
F2_rsi3_10_C_K1_L,F2,long,"Connors long >SMA200 RSI3 <10, entry C, exit K1",,y2022,1752,177.0,-36.02,-2.01,0.434,-29.97,9.9,1.0,-8.23,3.0,10.0,C,K1,,,,
F2_rsi3_10_C_K1_L,F2,long,"Connors long >SMA200 RSI3 <10, entry C, exit K1",,y2023,2530,212.0,2.1,0.17,0.516,8.65,11.9,1.0,6.47,3.0,10.0,C,K1,,,,
F2_rsi3_10_C_K1_L,F2,long,"Connors long >SMA200 RSI3 <10, entry C, exit K1",,y2024,2851,189.0,5.56,0.48,0.511,11.5,15.1,1.0,3.48,3.0,10.0,C,K1,,,,
F2_rsi3_10_C_K1_L,F2,long,"Connors long >SMA200 RSI3 <10, entry C, exit K1",,y2025,1947,184.0,14.45,0.85,0.544,20.31,10.6,1.0,-7.57,3.0,10.0,C,K1,,,,
F2_rsi3_10_C_K1_L,F2,long,"Connors long >SMA200 RSI3 <10, entry C, exit K1",,y2026,2449,191.0,31.8,1.52,0.551,36.91,12.8,1.0,15.84,3.0,10.0,C,K1,,,,
F2_rsi3_10_C_K3_L,F2,long,"Connors long >SMA200 RSI3 <10, entry C, exit K3",,train,11401,1239.0,12.92,0.55,0.534,19.6,9.2,3.0,8.22,3.0,10.0,C,K3,,,,
F2_rsi3_10_C_K3_L,F2,long,"Connors long >SMA200 RSI3 <10, entry C, exit K3",,valid1,4315,392.0,32.65,1.69,0.548,38.89,11.0,3.0,7.94,3.0,10.0,C,K3,,,,
F2_rsi3_10_C_K3_L,F2,long,"Connors long >SMA200 RSI3 <10, entry C, exit K3",,valid2,3608,363.0,70.99,2.71,0.568,76.37,9.9,3.0,18.93,3.0,10.0,C,K3,,,,
F2_rsi3_10_C_K3_L,F2,long,"Connors long >SMA200 RSI3 <10, entry C, exit K3",,trainvalid1,15716,1631.0,18.34,1.02,0.538,24.9,9.6,3.0,8.15,3.0,10.0,C,K3,,,,
F2_rsi3_10_C_K3_L,F2,long,"Connors long >SMA200 RSI3 <10, entry C, exit K3",,all_open,19324,1994.0,28.17,1.8,0.543,34.51,9.7,3.0,10.16,3.0,10.0,C,K3,,,,
F2_rsi3_10_C_K3_L,F2,long,"Connors long >SMA200 RSI3 <10, entry C, exit K3",,month_up,3725,624.0,85.61,3.76,0.614,92.09,6.0,3.0,5.73,3.0,10.0,C,K3,,,,
F2_rsi3_10_C_K3_L,F2,long,"Connors long >SMA200 RSI3 <10, entry C, exit K3",,year_up,15938,1619.0,47.78,2.85,0.566,54.08,9.8,3.0,14.44,3.0,10.0,C,K3,,,,
F2_rsi3_10_C_K3_L,F2,long,"Connors long >SMA200 RSI3 <10, entry C, exit K3",,month_flat,6151,687.0,59.36,3.93,0.592,66.0,9.0,3.0,2.42,3.0,10.0,C,K3,,,,
F2_rsi3_10_C_K3_L,F2,long,"Connors long >SMA200 RSI3 <10, entry C, exit K3",,year_flat,0,,,,,,,,,3.0,10.0,C,K3,,,,
F2_rsi3_10_C_K3_L,F2,long,"Connors long >SMA200 RSI3 <10, entry C, exit K3",,month_down,9448,683.0,-14.78,-0.54,0.484,-8.69,13.8,3.0,16.95,3.0,10.0,C,K3,,,,
F2_rsi3_10_C_K3_L,F2,long,"Connors long >SMA200 RSI3 <10, entry C, exit K3",,year_down,3386,375.0,-64.14,-1.93,0.434,-57.6,9.0,3.0,-10.0,3.0,10.0,C,K3,,,,
F2_rsi3_10_C_K3_L,F2,long,"Connors long >SMA200 RSI3 <10, entry C, exit K3",,y2016,353,42.0,63.87,1.01,0.606,72.54,8.4,3.0,7.53,3.0,10.0,C,K3,,,,
F2_rsi3_10_C_K3_L,F2,long,"Connors long >SMA200 RSI3 <10, entry C, exit K3",,y2017,1690,236.0,28.24,3.43,0.558,35.96,7.2,3.0,-0.88,3.0,10.0,C,K3,,,,
F2_rsi3_10_C_K3_L,F2,long,"Connors long >SMA200 RSI3 <10, entry C, exit K3",,y2018,2005,202.0,-58.67,-1.27,0.439,-51.78,9.9,3.0,0.29,3.0,10.0,C,K3,,,,
F2_rsi3_10_C_K3_L,F2,long,"Connors long >SMA200 RSI3 <10, entry C, exit K3",,y2019,1552,198.0,51.9,2.69,0.601,58.62,7.8,3.0,3.11,3.0,10.0,C,K3,,,,
F2_rsi3_10_C_K3_L,F2,long,"Connors long >SMA200 RSI3 <10, entry C, exit K3",,y2020,1614,170.0,-39.86,-0.34,0.507,-33.34,9.5,3.0,21.16,3.0,10.0,C,K3,,,,
F2_rsi3_10_C_K3_L,F2,long,"Connors long >SMA200 RSI3 <10, entry C, exit K3",,y2021,2806,218.0,99.1,3.29,0.608,105.13,12.9,3.0,31.17,3.0,10.0,C,K3,,,,
F2_rsi3_10_C_K3_L,F2,long,"Connors long >SMA200 RSI3 <10, entry C, exit K3",,y2022,1381,173.0,-72.1,-1.55,0.428,-66.04,8.0,3.0,-24.94,3.0,10.0,C,K3,,,,
F2_rsi3_10_C_K3_L,F2,long,"Connors long >SMA200 RSI3 <10, entry C, exit K3",,y2023,2054,208.0,21.42,0.67,0.517,27.94,9.9,3.0,13.48,3.0,10.0,C,K3,,,,
F2_rsi3_10_C_K3_L,F2,long,"Connors long >SMA200 RSI3 <10, entry C, exit K3",,y2024,2261,184.0,42.85,2.06,0.576,48.85,12.3,3.0,2.91,3.0,10.0,C,K3,,,,
F2_rsi3_10_C_K3_L,F2,long,"Connors long >SMA200 RSI3 <10, entry C, exit K3",,y2025,1594,178.0,57.11,1.74,0.561,62.89,9.0,3.0,-14.22,3.0,10.0,C,K3,,,,
F2_rsi3_10_C_K3_L,F2,long,"Connors long >SMA200 RSI3 <10, entry C, exit K3",,y2026,2014,185.0,81.98,2.11,0.574,87.04,10.9,3.0,45.16,3.0,10.0,C,K3,,,,
F2_rsi3_10_C_K5_L,F2,long,"Connors long >SMA200 RSI3 <10, entry C, exit K5",,train,10675,1214.0,40.09,1.54,0.543,46.76,8.8,5.0,15.6,3.0,10.0,C,K5,,,,
F2_rsi3_10_C_K5_L,F2,long,"Connors long >SMA200 RSI3 <10, entry C, exit K5",,valid1,3968,387.0,51.9,1.91,0.548,58.09,10.3,5.0,10.97,3.0,10.0,C,K5,,,,
F2_rsi3_10_C_K5_L,F2,long,"Connors long >SMA200 RSI3 <10, entry C, exit K5",,valid2,3366,361.0,93.05,2.16,0.564,98.43,9.3,5.0,37.3,3.0,10.0,C,K5,,,,
F2_rsi3_10_C_K5_L,F2,long,"Connors long >SMA200 RSI3 <10, entry C, exit K5",,trainvalid1,14643,1601.0,43.29,2.12,0.544,49.83,9.1,5.0,14.35,3.0,10.0,C,K5,,,,
F2_rsi3_10_C_K5_L,F2,long,"Connors long >SMA200 RSI3 <10, entry C, exit K5",,all_open,18009,1962.0,52.59,2.85,0.548,58.91,9.2,5.0,18.64,3.0,10.0,C,K5,,,,
F2_rsi3_10_C_K5_L,F2,long,"Connors long >SMA200 RSI3 <10, entry C, exit K5",,month_up,3522,612.0,147.37,4.33,0.641,153.8,5.8,5.0,25.25,3.0,10.0,C,K5,,,,
F2_rsi3_10_C_K5_L,F2,long,"Connors long >SMA200 RSI3 <10, entry C, exit K5",,year_up,14879,1594.0,75.6,3.76,0.567,81.87,9.3,5.0,23.69,3.0,10.0,C,K5,,,,
F2_rsi3_10_C_K5_L,F2,long,"Connors long >SMA200 RSI3 <10, entry C, exit K5",,month_flat,5799,676.0,74.52,3.39,0.579,81.13,8.6,5.0,5.04,3.0,10.0,C,K5,,,,
F2_rsi3_10_C_K5_L,F2,long,"Connors long >SMA200 RSI3 <10, entry C, exit K5",,year_flat,0,,,,,,,,,3.0,10.0,C,K5,,,,
F2_rsi3_10_C_K5_L,F2,long,"Connors long >SMA200 RSI3 <10, entry C, exit K5",,month_down,8688,674.0,-0.47,-0.02,0.489,5.62,12.9,5.0,25.03,3.0,10.0,C,K5,,,,
F2_rsi3_10_C_K5_L,F2,long,"Connors long >SMA200 RSI3 <10, entry C, exit K5",,year_down,3130,368.0,-56.78,-1.77,0.457,-50.22,8.5,5.0,-5.39,3.0,10.0,C,K5,,,,
F2_rsi3_10_C_K5_L,F2,long,"Connors long >SMA200 RSI3 <10, entry C, exit K5",,y2016,333,41.0,102.1,0.92,0.589,110.65,8.1,5.0,5.29,3.0,10.0,C,K5,,,,
F2_rsi3_10_C_K5_L,F2,long,"Connors long >SMA200 RSI3 <10, entry C, exit K5",,y2017,1564,230.0,51.81,2.99,0.571,59.55,6.8,5.0,8.23,3.0,10.0,C,K5,,,,
F2_rsi3_10_C_K5_L,F2,long,"Connors long >SMA200 RSI3 <10, entry C, exit K5",,y2018,1862,199.0,-37.84,-0.88,0.473,-30.93,9.4,5.0,6.11,3.0,10.0,C,K5,,,,
F2_rsi3_10_C_K5_L,F2,long,"Connors long >SMA200 RSI3 <10, entry C, exit K5",,y2019,1469,192.0,62.09,2.17,0.592,68.74,7.7,5.0,8.02,3.0,10.0,C,K5,,,,
F2_rsi3_10_C_K5_L,F2,long,"Connors long >SMA200 RSI3 <10, entry C, exit K5",,y2020,1518,166.0,24.22,0.24,0.531,30.75,9.1,5.0,44.87,3.0,10.0,C,K5,,,,
F2_rsi3_10_C_K5_L,F2,long,"Connors long >SMA200 RSI3 <10, entry C, exit K5",,y2021,2661,217.0,136.28,2.42,0.602,142.31,12.3,5.0,33.42,3.0,10.0,C,K5,,,,
F2_rsi3_10_C_K5_L,F2,long,"Connors long >SMA200 RSI3 <10, entry C, exit K5",,y2022,1268,169.0,-84.58,-1.74,0.435,-78.55,7.5,5.0,-22.29,3.0,10.0,C,K5,,,,
F2_rsi3_10_C_K5_L,F2,long,"Connors long >SMA200 RSI3 <10, entry C, exit K5",,y2023,1889,207.0,6.42,0.15,0.489,12.89,9.1,5.0,-4.89,3.0,10.0,C,K5,,,,
F2_rsi3_10_C_K5_L,F2,long,"Connors long >SMA200 RSI3 <10, entry C, exit K5",,y2024,2079,180.0,93.23,4.42,0.602,99.16,11.6,5.0,25.38,3.0,10.0,C,K5,,,,
F2_rsi3_10_C_K5_L,F2,long,"Connors long >SMA200 RSI3 <10, entry C, exit K5",,y2025,1517,178.0,106.57,2.73,0.606,112.33,8.5,5.0,7.48,3.0,10.0,C,K5,,,,
F2_rsi3_10_C_K5_L,F2,long,"Connors long >SMA200 RSI3 <10, entry C, exit K5",,y2026,1849,183.0,81.96,1.16,0.529,87.03,10.1,5.0,61.76,3.0,10.0,C,K5,,,,
F2_rsi3_10_C_SMA5_L,F2,long,"Connors long >SMA200 RSI3 <10, entry C, exit SMA5",,train,10348,1200.0,37.81,1.84,0.654,44.49,8.6,4.03,10.81,3.0,10.0,C,SMA5,,,,
F2_rsi3_10_C_SMA5_L,F2,long,"Connors long >SMA200 RSI3 <10, entry C, exit SMA5",,valid1,3848,383.0,57.24,3.6,0.672,63.41,10.0,4.05,18.13,3.0,10.0,C,SMA5,,,,
F2_rsi3_10_C_SMA5_L,F2,long,"Connors long >SMA200 RSI3 <10, entry C, exit SMA5",,valid2,3270,364.0,86.36,2.98,0.682,91.74,9.0,4.0,23.31,3.0,10.0,C,SMA5,,,,
F2_rsi3_10_C_SMA5_L,F2,long,"Connors long >SMA200 RSI3 <10, entry C, exit SMA5",,trainvalid1,14196,1583.0,43.08,2.76,0.659,49.62,9.0,4.04,12.8,3.0,10.0,C,SMA5,,,,
F2_rsi3_10_C_SMA5_L,F2,long,"Connors long >SMA200 RSI3 <10, entry C, exit SMA5",,all_open,17466,1947.0,51.18,3.68,0.663,57.5,9.0,4.03,14.77,3.0,10.0,C,SMA5,,,,
F2_rsi3_10_C_SMA5_L,F2,long,"Connors long >SMA200 RSI3 <10, entry C, exit SMA5",,month_up,3444,605.0,110.92,5.33,0.73,117.35,5.7,3.73,18.57,3.0,10.0,C,SMA5,,,,
F2_rsi3_10_C_SMA5_L,F2,long,"Connors long >SMA200 RSI3 <10, entry C, exit SMA5",,year_up,14431,1582.0,68.67,4.68,0.684,74.94,9.1,3.94,20.24,3.0,10.0,C,SMA5,,,,
F2_rsi3_10_C_SMA5_L,F2,long,"Connors long >SMA200 RSI3 <10, entry C, exit SMA5",,month_flat,5631,679.0,77.07,5.8,0.703,83.67,8.3,3.85,6.25,3.0,10.0,C,SMA5,,,,
F2_rsi3_10_C_SMA5_L,F2,long,"Connors long >SMA200 RSI3 <10, entry C, exit SMA5",,year_flat,0,,,,,,,,,3.0,10.0,C,SMA5,,,,
F2_rsi3_10_C_SMA5_L,F2,long,"Connors long >SMA200 RSI3 <10, entry C, exit SMA5",,month_down,8391,663.0,9.29,0.39,0.61,15.38,12.7,4.27,18.92,3.0,10.0,C,SMA5,,,,
F2_rsi3_10_C_SMA5_L,F2,long,"Connors long >SMA200 RSI3 <10, entry C, exit SMA5",,year_down,3035,365.0,-31.96,-1.06,0.563,-25.4,8.3,4.48,-11.26,3.0,10.0,C,SMA5,,,,
F2_rsi3_10_C_SMA5_L,F2,long,"Connors long >SMA200 RSI3 <10, entry C, exit SMA5",,y2016,319,40.0,87.68,1.65,0.721,96.28,8.0,3.88,26.04,3.0,10.0,C,SMA5,,,,
F2_rsi3_10_C_SMA5_L,F2,long,"Connors long >SMA200 RSI3 <10, entry C, exit SMA5",,y2017,1515,230.0,44.52,4.18,0.689,52.26,6.6,3.97,1.06,3.0,10.0,C,SMA5,,,,
F2_rsi3_10_C_SMA5_L,F2,long,"Connors long >SMA200 RSI3 <10, entry C, exit SMA5",,y2018,1816,198.0,-19.15,-0.56,0.558,-12.23,9.2,4.5,4.88,3.0,10.0,C,SMA5,,,,
F2_rsi3_10_C_SMA5_L,F2,long,"Connors long >SMA200 RSI3 <10, entry C, exit SMA5",,y2019,1428,190.0,54.71,2.81,0.706,61.35,7.5,3.84,-6.37,3.0,10.0,C,SMA5,,,,
F2_rsi3_10_C_SMA5_L,F2,long,"Connors long >SMA200 RSI3 <10, entry C, exit SMA5",,y2020,1480,162.0,-6.6,-0.08,0.627,-0.11,9.1,4.09,22.39,3.0,10.0,C,SMA5,,,,
F2_rsi3_10_C_SMA5_L,F2,long,"Connors long >SMA200 RSI3 <10, entry C, exit SMA5",,y2021,2571,213.0,126.21,4.21,0.721,132.29,12.1,3.64,43.6,3.0,10.0,C,SMA5,,,,
F2_rsi3_10_C_SMA5_L,F2,long,"Connors long >SMA200 RSI3 <10, entry C, exit SMA5",,y2022,1219,167.0,-51.05,-0.92,0.57,-45.02,7.3,4.44,-35.3,3.0,10.0,C,SMA5,,,,
F2_rsi3_10_C_SMA5_L,F2,long,"Connors long >SMA200 RSI3 <10, entry C, exit SMA5",,y2023,1817,205.0,32.08,1.3,0.622,38.49,8.9,4.32,17.2,3.0,10.0,C,SMA5,,,,
F2_rsi3_10_C_SMA5_L,F2,long,"Connors long >SMA200 RSI3 <10, entry C, exit SMA5",,y2024,2031,178.0,79.76,4.79,0.716,85.7,11.4,3.8,18.97,3.0,10.0,C,SMA5,,,,
F2_rsi3_10_C_SMA5_L,F2,long,"Connors long >SMA200 RSI3 <10, entry C, exit SMA5",,y2025,1469,177.0,92.42,3.0,0.707,98.17,8.3,3.93,-3.65,3.0,10.0,C,SMA5,,,,
F2_rsi3_10_C_SMA5_L,F2,long,"Connors long >SMA200 RSI3 <10, entry C, exit SMA5",,y2026,1801,187.0,81.42,1.78,0.661,86.5,9.6,4.06,45.31,3.0,10.0,C,SMA5,,,,
F2_rsi3_10_O_K1_L,F2,long,"Connors long >SMA200 RSI3 <10, entry O, exit K1",,train,13911,1281.0,0.0,0.0,0.511,6.68,10.9,1.0,3.27,3.0,10.0,O,K1,,,,
F2_rsi3_10_O_K1_L,F2,long,"Connors long >SMA200 RSI3 <10, entry O, exit K1",,valid1,5381,401.0,-0.56,-0.07,0.484,5.67,13.4,1.0,2.79,3.0,10.0,O,K1,,,,
F2_rsi3_10_O_K1_L,F2,long,"Connors long >SMA200 RSI3 <10, entry O, exit K1",,valid2,4392,375.0,8.0,0.7,0.495,13.45,11.7,1.0,-3.31,3.0,10.0,O,K1,,,,
F2_rsi3_10_O_K1_L,F2,long,"Connors long >SMA200 RSI3 <10, entry O, exit K1",,trainvalid1,19292,1682.0,-0.15,-0.02,0.504,6.4,11.5,1.0,3.13,3.0,10.0,O,K1,,,,
F2_rsi3_10_O_K1_L,F2,long,"Connors long >SMA200 RSI3 <10, entry O, exit K1",,all_open,23698,2058.0,1.09,0.18,0.502,7.44,11.5,1.0,1.84,3.0,10.0,O,K1,,,,
F2_rsi3_10_O_K1_L,F2,long,"Connors long >SMA200 RSI3 <10, entry O, exit K1",,month_up,4439,643.0,14.89,1.95,0.528,21.36,6.9,1.0,1.82,3.0,10.0,O,K1,,,,
F2_rsi3_10_O_K1_L,F2,long,"Connors long >SMA200 RSI3 <10, entry O, exit K1",,year_up,19464,1670.0,5.22,0.9,0.509,11.54,11.7,1.0,3.34,3.0,10.0,O,K1,,,,
F2_rsi3_10_O_K1_L,F2,long,"Connors long >SMA200 RSI3 <10, entry O, exit K1",,month_flat,7413,711.0,10.11,1.3,0.535,16.81,10.4,1.0,2.49,3.0,10.0,O,K1,,,,
F2_rsi3_10_O_K1_L,F2,long,"Connors long >SMA200 RSI3 <10, entry O, exit K1",,year_flat,0,,,,,,,,,3.0,10.0,O,K1,,,,
F2_rsi3_10_O_K1_L,F2,long,"Connors long >SMA200 RSI3 <10, entry O, exit K1",,month_down,11846,704.0,-9.73,-0.93,0.471,-3.64,16.8,1.0,1.43,3.0,10.0,O,K1,,,,
F2_rsi3_10_O_K1_L,F2,long,"Connors long >SMA200 RSI3 <10, entry O, exit K1",,year_down,4234,388.0,-17.91,-0.9,0.47,-11.43,10.9,1.0,-5.06,3.0,10.0,O,K1,,,,
F2_rsi3_10_O_K1_L,F2,long,"Connors long >SMA200 RSI3 <10, entry O, exit K1",,day_up,4276,615.0,-0.01,-0.0,0.514,6.49,7.0,1.0,1.31,3.0,10.0,O,K1,,,,
F2_rsi3_10_O_K1_L,F2,long,"Connors long >SMA200 RSI3 <10, entry O, exit K1",,day_flat,6070,709.0,-12.86,-1.61,0.475,-6.42,8.6,1.0,-3.34,3.0,10.0,O,K1,,,,
F2_rsi3_10_O_K1_L,F2,long,"Connors long >SMA200 RSI3 <10, entry O, exit K1",,day_down,13338,733.0,8.27,0.88,0.511,14.53,18.2,1.0,4.54,3.0,10.0,O,K1,,,,
F2_rsi3_10_O_K1_L,F2,long,"Connors long >SMA200 RSI3 <10, entry O, exit K1",,y2016,421,43.0,-23.3,-1.55,0.428,-14.63,9.8,1.0,-5.88,3.0,10.0,O,K1,,,,
F2_rsi3_10_O_K1_L,F2,long,"Connors long >SMA200 RSI3 <10, entry O, exit K1",,y2017,2089,240.0,5.43,0.89,0.531,13.12,8.7,1.0,3.85,3.0,10.0,O,K1,,,,
F2_rsi3_10_O_K1_L,F2,long,"Connors long >SMA200 RSI3 <10, entry O, exit K1",,y2018,2482,211.0,-14.89,-0.48,0.475,-8.12,11.8,1.0,-2.55,3.0,10.0,O,K1,,,,
F2_rsi3_10_O_K1_L,F2,long,"Connors long >SMA200 RSI3 <10, entry O, exit K1",,y2019,1859,206.0,5.48,0.49,0.54,12.32,9.0,1.0,-1.95,3.0,10.0,O,K1,,,,
F2_rsi3_10_O_K1_L,F2,long,"Connors long >SMA200 RSI3 <10, entry O, exit K1",,y2020,1986,179.0,-9.62,-0.32,0.484,-3.12,11.1,1.0,0.94,3.0,10.0,O,K1,,,,
F2_rsi3_10_O_K1_L,F2,long,"Connors long >SMA200 RSI3 <10, entry O, exit K1",,y2021,3322,225.0,25.06,1.36,0.561,31.14,14.8,1.0,18.98,3.0,10.0,O,K1,,,,
F2_rsi3_10_O_K1_L,F2,long,"Connors long >SMA200 RSI3 <10, entry O, exit K1",,y2022,1752,177.0,-22.18,-1.07,0.462,-16.12,9.9,1.0,-8.61,3.0,10.0,O,K1,,,,
F2_rsi3_10_O_K1_L,F2,long,"Connors long >SMA200 RSI3 <10, entry O, exit K1",,y2023,2530,212.0,-0.6,-0.06,0.487,5.95,11.9,1.0,3.74,3.0,10.0,O,K1,,,,
F2_rsi3_10_O_K1_L,F2,long,"Connors long >SMA200 RSI3 <10, entry O, exit K1",,y2024,2851,189.0,-0.52,-0.05,0.482,5.42,15.1,1.0,1.95,3.0,10.0,O,K1,,,,
F2_rsi3_10_O_K1_L,F2,long,"Connors long >SMA200 RSI3 <10, entry O, exit K1",,y2025,1957,185.0,6.41,0.36,0.502,12.27,10.6,1.0,-11.17,3.0,10.0,O,K1,,,,
F2_rsi3_10_O_K1_L,F2,long,"Connors long >SMA200 RSI3 <10, entry O, exit K1",,y2026,2449,191.0,6.63,0.44,0.487,11.74,12.8,1.0,2.01,3.0,10.0,O,K1,,,,
F2_rsi3_10_O_K3_L,F2,long,"Connors long >SMA200 RSI3 <10, entry O, exit K3",,train,11401,1239.0,7.75,0.35,0.522,14.43,9.2,2.0,8.12,3.0,10.0,O,K3,,,,
F2_rsi3_10_O_K3_L,F2,long,"Connors long >SMA200 RSI3 <10, entry O, exit K3",,valid1,4315,392.0,26.8,1.54,0.533,33.05,11.0,2.0,4.95,3.0,10.0,O,K3,,,,
F2_rsi3_10_O_K3_L,F2,long,"Connors long >SMA200 RSI3 <10, entry O, exit K3",,valid2,3598,363.0,54.02,2.48,0.548,59.4,9.9,2.0,9.27,3.0,10.0,O,K3,,,,
F2_rsi3_10_O_K3_L,F2,long,"Connors long >SMA200 RSI3 <10, entry O, exit K3",,trainvalid1,15716,1631.0,12.98,0.78,0.525,19.54,9.6,2.0,7.25,3.0,10.0,O,K3,,,,
F2_rsi3_10_O_K3_L,F2,long,"Connors long >SMA200 RSI3 <10, entry O, exit K3",,all_open,19328,1995.0,20.34,1.43,0.529,26.68,9.7,2.0,7.53,3.0,10.0,O,K3,,,,
F2_rsi3_10_O_K3_L,F2,long,"Connors long >SMA200 RSI3 <10, entry O, exit K3",,month_up,3725,624.0,58.57,3.01,0.579,65.04,6.0,2.0,-3.2,3.0,10.0,O,K3,,,,
F2_rsi3_10_O_K3_L,F2,long,"Connors long >SMA200 RSI3 <10, entry O, exit K3",,year_up,15942,1620.0,35.97,2.29,0.549,42.27,9.8,2.0,10.39,3.0,10.0,O,K3,,,,
F2_rsi3_10_O_K3_L,F2,long,"Connors long >SMA200 RSI3 <10, entry O, exit K3",,month_flat,6151,687.0,53.94,3.63,0.582,60.58,9.0,2.0,3.54,3.0,10.0,O,K3,,,,
F2_rsi3_10_O_K3_L,F2,long,"Connors long >SMA200 RSI3 <10, entry O, exit K3",,year_flat,0,,,,,,,,,3.0,10.0,O,K3,,,,
F2_rsi3_10_O_K3_L,F2,long,"Connors long >SMA200 RSI3 <10, entry O, exit K3",,month_down,9452,684.0,-16.6,-0.67,0.474,-10.51,13.8,2.0,14.35,3.0,10.0,O,K3,,,,
F2_rsi3_10_O_K3_L,F2,long,"Connors long >SMA200 RSI3 <10, entry O, exit K3",,year_down,3386,375.0,-53.29,-1.96,0.431,-46.74,9.0,2.0,-5.96,3.0,10.0,O,K3,,,,
F2_rsi3_10_O_K3_L,F2,long,"Connors long >SMA200 RSI3 <10, entry O, exit K3",,y2016,353,42.0,37.64,0.63,0.541,46.3,8.4,2.0,5.19,3.0,10.0,O,K3,,,,
F2_rsi3_10_O_K3_L,F2,long,"Connors long >SMA200 RSI3 <10, entry O, exit K3",,y2017,1690,236.0,24.27,2.73,0.549,31.99,7.2,2.0,1.73,3.0,10.0,O,K3,,,,
F2_rsi3_10_O_K3_L,F2,long,"Connors long >SMA200 RSI3 <10, entry O, exit K3",,y2018,2005,202.0,-50.1,-1.55,0.432,-43.21,9.9,2.0,6.02,3.0,10.0,O,K3,,,,
F2_rsi3_10_O_K3_L,F2,long,"Connors long >SMA200 RSI3 <10, entry O, exit K3",,y2019,1552,198.0,47.48,2.4,0.591,54.2,7.8,2.0,1.61,3.0,10.0,O,K3,,,,
F2_rsi3_10_O_K3_L,F2,long,"Connors long >SMA200 RSI3 <10, entry O, exit K3",,y2020,1614,170.0,-43.03,-0.37,0.498,-36.51,9.5,2.0,24.78,3.0,10.0,O,K3,,,,
F2_rsi3_10_O_K3_L,F2,long,"Connors long >SMA200 RSI3 <10, entry O, exit K3",,y2021,2806,218.0,74.91,2.58,0.587,80.95,12.9,2.0,23.33,3.0,10.0,O,K3,,,,
F2_rsi3_10_O_K3_L,F2,long,"Connors long >SMA200 RSI3 <10, entry O, exit K3",,y2022,1381,173.0,-57.91,-1.22,0.43,-51.86,8.0,2.0,-23.34,3.0,10.0,O,K3,,,,
F2_rsi3_10_O_K3_L,F2,long,"Connors long >SMA200 RSI3 <10, entry O, exit K3",,y2023,2054,208.0,17.38,0.61,0.503,23.9,9.9,2.0,10.03,3.0,10.0,O,K3,,,,
F2_rsi3_10_O_K3_L,F2,long,"Connors long >SMA200 RSI3 <10, entry O, exit K3",,y2024,2261,184.0,35.37,1.81,0.56,41.36,12.3,2.0,0.34,3.0,10.0,O,K3,,,,
F2_rsi3_10_O_K3_L,F2,long,"Connors long >SMA200 RSI3 <10, entry O, exit K3",,y2025,1598,179.0,54.07,1.74,0.546,59.85,8.9,2.0,-13.42,3.0,10.0,O,K3,,,,
F2_rsi3_10_O_K3_L,F2,long,"Connors long >SMA200 RSI3 <10, entry O, exit K3",,y2026,2014,185.0,50.98,1.68,0.546,56.03,10.9,2.0,26.32,3.0,10.0,O,K3,,,,
F2_rsi3_10_O_K5_L,F2,long,"Connors long >SMA200 RSI3 <10, entry O, exit K5",,train,10675,1214.0,35.54,1.5,0.543,42.21,8.8,4.0,15.62,3.0,10.0,O,K5,,,,
F2_rsi3_10_O_K5_L,F2,long,"Connors long >SMA200 RSI3 <10, entry O, exit K5",,valid1,3968,387.0,48.53,1.89,0.545,54.72,10.3,4.0,9.78,3.0,10.0,O,K5,,,,
F2_rsi3_10_O_K5_L,F2,long,"Connors long >SMA200 RSI3 <10, entry O, exit K5",,valid2,3356,361.0,77.22,2.12,0.547,82.6,9.3,4.0,27.69,3.0,10.0,O,K5,,,,
F2_rsi3_10_O_K5_L,F2,long,"Connors long >SMA200 RSI3 <10, entry O, exit K5",,trainvalid1,14643,1601.0,39.06,2.1,0.544,45.6,9.1,4.0,14.04,3.0,10.0,O,K5,,,,
F2_rsi3_10_O_K5_L,F2,long,"Connors long >SMA200 RSI3 <10, entry O, exit K5",,all_open,18013,1963.0,45.56,2.74,0.544,51.89,9.2,4.0,16.29,3.0,10.0,O,K5,,,,
F2_rsi3_10_O_K5_L,F2,long,"Connors long >SMA200 RSI3 <10, entry O, exit K5",,month_up,3522,612.0,121.06,3.99,0.625,127.49,5.8,4.0,17.13,3.0,10.0,O,K5,,,,
F2_rsi3_10_O_K5_L,F2,long,"Connors long >SMA200 RSI3 <10, entry O, exit K5",,year_up,14883,1595.0,64.36,3.51,0.559,70.63,9.3,4.0,19.81,3.0,10.0,O,K5,,,,
F2_rsi3_10_O_K5_L,F2,long,"Connors long >SMA200 RSI3 <10, entry O, exit K5",,month_flat,5799,676.0,69.87,2.94,0.577,76.48,8.6,4.0,6.6,3.0,10.0,O,K5,,,,
F2_rsi3_10_O_K5_L,F2,long,"Connors long >SMA200 RSI3 <10, entry O, exit K5",,year_flat,0,,,,,,,,,3.0,10.0,O,K5,,,,
F2_rsi3_10_O_K5_L,F2,long,"Connors long >SMA200 RSI3 <10, entry O, exit K5",,month_down,8692,675.0,-1.25,-0.05,0.489,4.85,12.9,4.0,22.41,3.0,10.0,O,K5,,,,
F2_rsi3_10_O_K5_L,F2,long,"Connors long >SMA200 RSI3 <10, entry O, exit K5",,year_down,3130,368.0,-43.81,-1.49,0.47,-37.25,8.5,4.0,-0.46,3.0,10.0,O,K5,,,,
F2_rsi3_10_O_K5_L,F2,long,"Connors long >SMA200 RSI3 <10, entry O, exit K5",,y2016,333,41.0,76.71,0.74,0.547,85.25,8.1,4.0,4.85,3.0,10.0,O,K5,,,,
F2_rsi3_10_O_K5_L,F2,long,"Connors long >SMA200 RSI3 <10, entry O, exit K5",,y2017,1564,230.0,49.55,3.02,0.57,57.29,6.8,4.0,12.57,3.0,10.0,O,K5,,,,
F2_rsi3_10_O_K5_L,F2,long,"Connors long >SMA200 RSI3 <10, entry O, exit K5",,y2018,1862,199.0,-27.39,-0.73,0.476,-20.47,9.4,4.0,11.72,3.0,10.0,O,K5,,,,
F2_rsi3_10_O_K5_L,F2,long,"Connors long >SMA200 RSI3 <10, entry O, exit K5",,y2019,1469,192.0,57.14,2.06,0.587,63.79,7.7,4.0,6.05,3.0,10.0,O,K5,,,,
F2_rsi3_10_O_K5_L,F2,long,"Connors long >SMA200 RSI3 <10, entry O, exit K5",,y2020,1518,166.0,22.24,0.25,0.528,28.77,9.1,4.0,47.88,3.0,10.0,O,K5,,,,
F2_rsi3_10_O_K5_L,F2,long,"Connors long >SMA200 RSI3 <10, entry O, exit K5",,y2021,2661,217.0,111.14,1.97,0.597,117.18,12.3,4.0,24.55,3.0,10.0,O,K5,,,,
F2_rsi3_10_O_K5_L,F2,long,"Connors long >SMA200 RSI3 <10, entry O, exit K5",,y2022,1268,169.0,-67.93,-1.43,0.461,-61.9,7.5,4.0,-18.34,3.0,10.0,O,K5,,,,
F2_rsi3_10_O_K5_L,F2,long,"Connors long >SMA200 RSI3 <10, entry O, exit K5",,y2023,1889,207.0,4.15,0.11,0.48,10.62,9.1,4.0,-6.49,3.0,10.0,O,K5,,,,
F2_rsi3_10_O_K5_L,F2,long,"Connors long >SMA200 RSI3 <10, entry O, exit K5",,y2024,2079,180.0,88.85,4.0,0.604,94.79,11.6,4.0,24.56,3.0,10.0,O,K5,,,,
F2_rsi3_10_O_K5_L,F2,long,"Connors long >SMA200 RSI3 <10, entry O, exit K5",,y2025,1521,179.0,102.2,2.47,0.59,107.96,8.5,4.0,6.83,3.0,10.0,O,K5,,,,
F2_rsi3_10_O_K5_L,F2,long,"Connors long >SMA200 RSI3 <10, entry O, exit K5",,y2026,1849,183.0,50.49,0.9,0.508,55.57,10.1,4.0,41.9,3.0,10.0,O,K5,,,,
F2_rsi3_10_O_SMA5_L,F2,long,"Connors long >SMA200 RSI3 <10, entry O, exit SMA5",,train,10348,1200.0,33.72,1.9,0.653,40.4,8.6,3.13,11.09,3.0,10.0,O,SMA5,,,,
F2_rsi3_10_O_SMA5_L,F2,long,"Connors long >SMA200 RSI3 <10, entry O, exit SMA5",,valid1,3848,383.0,53.61,3.33,0.662,59.77,10.0,3.13,16.49,3.0,10.0,O,SMA5,,,,
F2_rsi3_10_O_SMA5_L,F2,long,"Connors long >SMA200 RSI3 <10, entry O, exit SMA5",,valid2,3255,363.0,69.09,2.9,0.664,74.46,9.0,3.11,12.32,3.0,10.0,O,SMA5,,,,
F2_rsi3_10_O_SMA5_L,F2,long,"Connors long >SMA200 RSI3 <10, entry O, exit SMA5",,trainvalid1,14196,1583.0,39.11,2.86,0.655,45.65,9.0,3.13,12.55,3.0,10.0,O,SMA5,,,,
F2_rsi3_10_O_SMA5_L,F2,long,"Connors long >SMA200 RSI3 <10, entry O, exit SMA5",,all_open,17465,1947.0,44.2,3.66,0.656,50.52,9.0,3.13,12.36,3.0,10.0,O,SMA5,,,,
F2_rsi3_10_O_SMA5_L,F2,long,"Connors long >SMA200 RSI3 <10, entry O, exit SMA5",,month_up,3444,605.0,84.69,4.82,0.71,91.12,5.7,2.85,10.3,3.0,10.0,O,SMA5,,,,
F2_rsi3_10_O_SMA5_L,F2,long,"Connors long >SMA200 RSI3 <10, entry O, exit SMA5",,year_up,14430,1582.0,57.34,4.41,0.673,63.61,9.1,3.04,16.34,3.0,10.0,O,SMA5,,,,
F2_rsi3_10_O_SMA5_L,F2,long,"Connors long >SMA200 RSI3 <10, entry O, exit SMA5",,month_flat,5627,678.0,72.54,4.87,0.703,79.14,8.3,2.96,7.92,3.0,10.0,O,SMA5,,,,
F2_rsi3_10_O_SMA5_L,F2,long,"Connors long >SMA200 RSI3 <10, entry O, exit SMA5",,year_flat,0,,,,,,,,,3.0,10.0,O,SMA5,,,,
F2_rsi3_10_O_SMA5_L,F2,long,"Connors long >SMA200 RSI3 <10, entry O, exit SMA5",,month_down,8394,664.0,8.58,0.42,0.603,14.68,12.6,3.36,16.19,3.0,10.0,O,SMA5,,,,
F2_rsi3_10_O_SMA5_L,F2,long,"Connors long >SMA200 RSI3 <10, entry O, exit SMA5",,year_down,3035,365.0,-18.31,-0.7,0.575,-11.75,8.3,3.55,-6.54,3.0,10.0,O,SMA5,,,,
F2_rsi3_10_O_SMA5_L,F2,long,"Connors long >SMA200 RSI3 <10, entry O, exit SMA5",,y2016,319,40.0,63.38,1.32,0.671,71.97,8.0,3.01,25.42,3.0,10.0,O,SMA5,,,,
F2_rsi3_10_O_SMA5_L,F2,long,"Connors long >SMA200 RSI3 <10, entry O, exit SMA5",,y2017,1515,230.0,42.4,4.31,0.684,50.15,6.6,3.08,5.63,3.0,10.0,O,SMA5,,,,
F2_rsi3_10_O_SMA5_L,F2,long,"Connors long >SMA200 RSI3 <10, entry O, exit SMA5",,y2018,1816,198.0,-7.95,-0.33,0.577,-1.03,9.2,3.56,11.0,3.0,10.0,O,SMA5,,,,
F2_rsi3_10_O_SMA5_L,F2,long,"Connors long >SMA200 RSI3 <10, entry O, exit SMA5",,y2019,1428,190.0,50.86,2.57,0.702,57.49,7.5,2.93,-7.1,3.0,10.0,O,SMA5,,,,
F2_rsi3_10_O_SMA5_L,F2,long,"Connors long >SMA200 RSI3 <10, entry O, exit SMA5",,y2020,1480,162.0,-9.5,-0.13,0.62,-3.01,9.1,3.16,25.08,3.0,10.0,O,SMA5,,,,
F2_rsi3_10_O_SMA5_L,F2,long,"Connors long >SMA200 RSI3 <10, entry O, exit SMA5",,y2021,2571,213.0,101.72,3.34,0.715,107.8,12.1,2.77,35.39,3.0,10.0,O,SMA5,,,,
F2_rsi3_10_O_SMA5_L,F2,long,"Connors long >SMA200 RSI3 <10, entry O, exit SMA5",,y2022,1219,167.0,-33.76,-0.63,0.573,-27.73,7.3,3.52,-32.67,3.0,10.0,O,SMA5,,,,
F2_rsi3_10_O_SMA5_L,F2,long,"Connors long >SMA200 RSI3 <10, entry O, exit SMA5",,y2023,1817,205.0,29.96,1.32,0.616,36.38,8.9,3.4,15.14,3.0,10.0,O,SMA5,,,,
F2_rsi3_10_O_SMA5_L,F2,long,"Connors long >SMA200 RSI3 <10, entry O, exit SMA5",,y2024,2031,178.0,74.76,3.72,0.703,80.71,11.4,2.89,17.69,3.0,10.0,O,SMA5,,,,
F2_rsi3_10_O_SMA5_L,F2,long,"Connors long >SMA200 RSI3 <10, entry O, exit SMA5",,y2025,1472,178.0,85.0,2.3,0.68,90.74,8.3,3.03,-6.16,3.0,10.0,O,SMA5,,,,
F2_rsi3_10_O_SMA5_L,F2,long,"Connors long >SMA200 RSI3 <10, entry O, exit SMA5",,y2026,1797,186.0,50.93,1.66,0.646,56.0,9.7,3.2,26.02,3.0,10.0,O,SMA5,,,,
F2_rsi2_5_C_K1_S,F2,short,"Connors short <SMA200 RSI2 >95, entry C, exit K1",,train,13951,1323.0,-5.69,-0.45,0.485,3.61,10.5,1.0,6.11,2.0,5.0,C,K1,,,,
F2_rsi2_5_C_K1_S,F2,short,"Connors short <SMA200 RSI2 >95, entry C, exit K1",,valid1,4362,415.0,-10.84,-1.05,0.488,-2.51,10.5,1.0,7.22,2.0,5.0,C,K1,,,,
F2_rsi2_5_C_K1_S,F2,short,"Connors short <SMA200 RSI2 >95, entry C, exit K1",,valid2,4721,389.0,-19.5,-2.01,0.49,-12.05,12.1,1.0,-4.84,2.0,5.0,C,K1,,,,
F2_rsi2_5_C_K1_S,F2,short,"Connors short <SMA200 RSI2 >95, entry C, exit K1",,trainvalid1,18313,1738.0,-6.92,-0.7,0.486,2.15,10.5,1.0,6.38,2.0,5.0,C,K1,,,,
F2_rsi2_5_C_K1_S,F2,short,"Connors short <SMA200 RSI2 >95, entry C, exit K1",,all_open,23034,2127.0,-9.5,-1.16,0.486,-0.76,10.8,1.0,4.08,2.0,5.0,C,K1,,,,
F2_rsi2_5_C_K1_S,F2,short,"Connors short <SMA200 RSI2 >95, entry C, exit K1",,month_up,11096,776.0,-23.18,-1.76,0.475,-14.42,14.3,1.0,4.81,2.0,5.0,C,K1,,,,
F2_rsi2_5_C_K1_S,F2,short,"Connors short <SMA200 RSI2 >95, entry C, exit K1",,year_up,17150,1704.0,-16.76,-1.78,0.482,-7.9,10.1,1.0,1.91,2.0,5.0,C,K1,,,,
F2_rsi2_5_C_K1_S,F2,short,"Connors short <SMA200 RSI2 >95, entry C, exit K1",,month_flat,5980,696.0,-16.58,-1.33,0.469,-7.38,8.6,1.0,-2.71,2.0,5.0,C,K1,,,,
F2_rsi2_5_C_K1_S,F2,short,"Connors short <SMA200 RSI2 >95, entry C, exit K1",,year_flat,0,,,,,,,,,2.0,5.0,C,K1,,,,
F2_rsi2_5_C_K1_S,F2,short,"Connors short <SMA200 RSI2 >95, entry C, exit K1",,month_down,5958,655.0,23.09,1.54,0.525,31.33,9.1,1.0,9.52,2.0,5.0,C,K1,,,,
F2_rsi2_5_C_K1_S,F2,short,"Connors short <SMA200 RSI2 >95, entry C, exit K1",,year_down,5884,423.0,11.66,0.73,0.5,20.04,13.9,1.0,10.39,2.0,5.0,C,K1,,,,
F2_rsi2_5_C_K1_S,F2,short,"Connors short <SMA200 RSI2 >95, entry C, exit K1",,day_up,12116,737.0,8.63,0.72,0.506,17.33,16.4,1.0,12.58,2.0,5.0,C,K1,,,,
F2_rsi2_5_C_K1_S,F2,short,"Connors short <SMA200 RSI2 >95, entry C, exit K1",,day_flat,6670,747.0,-23.16,-2.24,0.467,-14.32,8.9,1.0,-6.39,2.0,5.0,C,K1,,,,
F2_rsi2_5_C_K1_S,F2,short,"Connors short <SMA200 RSI2 >95, entry C, exit K1",,day_down,4248,643.0,-39.74,-1.93,0.462,-31.05,6.6,1.0,-3.75,2.0,5.0,C,K1,,,,
F2_rsi2_5_C_K1_S,F2,short,"Connors short <SMA200 RSI2 >95, entry C, exit K1",,y2016,320,49.0,-24.34,-1.05,0.453,-14.28,6.5,1.0,-5.85,2.0,5.0,C,K1,,,,
F2_rsi2_5_C_K1_S,F2,short,"Connors short <SMA200 RSI2 >95, entry C, exit K1",,y2017,1351,235.0,-18.21,-2.37,0.443,-7.6,5.7,1.0,0.78,2.0,5.0,C,K1,,,,
F2_rsi2_5_C_K1_S,F2,short,"Connors short <SMA200 RSI2 >95, entry C, exit K1",,y2018,1828,218.0,4.15,0.45,0.469,13.34,8.4,1.0,11.49,2.0,5.0,C,K1,,,,
F2_rsi2_5_C_K1_S,F2,short,"Connors short <SMA200 RSI2 >95, entry C, exit K1",,y2019,2690,225.0,-18.5,-1.45,0.454,-8.45,12.0,1.0,3.35,2.0,5.0,C,K1,,,,
F2_rsi2_5_C_K1_S,F2,short,"Connors short <SMA200 RSI2 >95, entry C, exit K1",,y2020,2689,191.0,-22.54,-0.42,0.509,-12.08,14.1,1.0,2.19,2.0,5.0,C,K1,,,,
F2_rsi2_5_C_K1_S,F2,short,"Connors short <SMA200 RSI2 >95, entry C, exit K1",,y2021,1017,200.0,-5.22,-0.56,0.481,2.41,5.1,1.0,9.92,2.0,5.0,C,K1,,,,
F2_rsi2_5_C_K1_S,F2,short,"Connors short <SMA200 RSI2 >95, entry C, exit K1",,y2022,4056,205.0,15.05,0.67,0.514,23.06,19.8,1.0,9.89,2.0,5.0,C,K1,,,,
F2_rsi2_5_C_K1_S,F2,short,"Connors short <SMA200 RSI2 >95, entry C, exit K1",,y2023,2895,230.0,-12.28,-0.89,0.49,-3.98,12.6,1.0,7.99,2.0,5.0,C,K1,,,,
F2_rsi2_5_C_K1_S,F2,short,"Connors short <SMA200 RSI2 >95, entry C, exit K1",,y2024,1467,185.0,-8.0,-0.56,0.485,0.38,7.9,1.0,5.69,2.0,5.0,C,K1,,,,
F2_rsi2_5_C_K1_S,F2,short,"Connors short <SMA200 RSI2 >95, entry C, exit K1",,y2025,2678,199.0,-13.7,-1.13,0.503,-6.2,13.5,1.0,2.93,2.0,5.0,C,K1,,,,
F2_rsi2_5_C_K1_S,F2,short,"Connors short <SMA200 RSI2 >95, entry C, exit K1",,y2026,2043,190.0,-27.09,-1.72,0.473,-19.71,10.8,1.0,-15.01,2.0,5.0,C,K1,,,,
F2_rsi2_5_C_K3_S,F2,short,"Connors short <SMA200 RSI2 >95, entry C, exit K3",,train,11375,1282.0,20.69,0.89,0.501,32.4,8.9,3.0,34.26,2.0,5.0,C,K3,,,,
F2_rsi2_5_C_K3_S,F2,short,"Connors short <SMA200 RSI2 >95, entry C, exit K3",,valid1,3555,407.0,-43.26,-2.39,0.454,-32.49,8.7,3.0,-3.88,2.0,5.0,C,K3,,,,
F2_rsi2_5_C_K3_S,F2,short,"Connors short <SMA200 RSI2 >95, entry C, exit K3",,valid2,3817,382.0,-28.25,-1.06,0.482,-18.45,10.0,3.0,17.9,2.0,5.0,C,K3,,,,
F2_rsi2_5_C_K3_S,F2,short,"Connors short <SMA200 RSI2 >95, entry C, exit K3",,trainvalid1,14930,1689.0,5.46,0.29,0.49,16.95,8.8,3.0,25.17,2.0,5.0,C,K3,,,,
F2_rsi2_5_C_K3_S,F2,short,"Connors short <SMA200 RSI2 >95, entry C, exit K3",,all_open,18747,2071.0,-1.4,-0.09,0.488,9.74,9.1,3.0,23.69,2.0,5.0,C,K3,,,,
F2_rsi2_5_C_K3_S,F2,short,"Connors short <SMA200 RSI2 >95, entry C, exit K3",,month_up,9061,762.0,-26.39,-1.11,0.471,-15.22,11.9,3.0,30.56,2.0,5.0,C,K3,,,,
F2_rsi2_5_C_K3_S,F2,short,"Connors short <SMA200 RSI2 >95, entry C, exit K3",,year_up,13886,1656.0,-26.31,-1.46,0.469,-15.02,8.4,3.0,17.99,2.0,5.0,C,K3,,,,
F2_rsi2_5_C_K3_S,F2,short,"Connors short <SMA200 RSI2 >95, entry C, exit K3",,month_flat,4757,674.0,-39.84,-1.97,0.443,-28.25,7.1,3.0,-0.31,2.0,5.0,C,K3,,,,
F2_rsi2_5_C_K3_S,F2,short,"Connors short <SMA200 RSI2 >95, entry C, exit K3",,year_flat,0,,,,,,,,,2.0,5.0,C,K3,,,,
F2_rsi2_5_C_K3_S,F2,short,"Connors short <SMA200 RSI2 >95, entry C, exit K3",,month_down,4929,635.0,81.62,2.5,0.564,92.29,7.8,3.0,34.22,2.0,5.0,C,K3,,,,
F2_rsi2_5_C_K3_S,F2,short,"Connors short <SMA200 RSI2 >95, entry C, exit K3",,year_down,4861,415.0,69.74,2.38,0.544,80.47,11.7,3.0,39.98,2.0,5.0,C,K3,,,,
F2_rsi2_5_C_K3_S,F2,short,"Connors short <SMA200 RSI2 >95, entry C, exit K3",,y2016,265,48.0,-87.51,-1.63,0.43,-74.79,5.5,3.0,-43.93,2.0,5.0,C,K3,,,,
F2_rsi2_5_C_K3_S,F2,short,"Connors short <SMA200 RSI2 >95, entry C, exit K3",,y2017,1075,225.0,-35.87,-2.95,0.434,-22.84,4.8,3.0,2.8,2.0,5.0,C,K3,,,,
F2_rsi2_5_C_K3_S,F2,short,"Connors short <SMA200 RSI2 >95, entry C, exit K3",,y2018,1495,215.0,16.96,0.98,0.496,28.55,7.0,3.0,23.92,2.0,5.0,C,K3,,,,
F2_rsi2_5_C_K3_S,F2,short,"Connors short <SMA200 RSI2 >95, entry C, exit K3",,y2019,2129,219.0,-63.36,-2.9,0.408,-51.0,9.7,3.0,2.66,2.0,5.0,C,K3,,,,
F2_rsi2_5_C_K3_S,F2,short,"Connors short <SMA200 RSI2 >95, entry C, exit K3",,y2020,2212,185.0,53.39,0.59,0.547,66.48,12.0,3.0,88.33,2.0,5.0,C,K3,,,,
F2_rsi2_5_C_K3_S,F2,short,"Connors short <SMA200 RSI2 >95, entry C, exit K3",,y2021,833,190.0,-30.21,-1.46,0.479,-20.04,4.4,3.0,3.52,2.0,5.0,C,K3,,,,
F2_rsi2_5_C_K3_S,F2,short,"Connors short <SMA200 RSI2 >95, entry C, exit K3",,y2022,3366,200.0,93.18,2.26,0.565,103.53,16.8,3.0,47.11,2.0,5.0,C,K3,,,,
F2_rsi2_5_C_K3_S,F2,short,"Connors short <SMA200 RSI2 >95, entry C, exit K3",,y2023,2377,228.0,-42.47,-1.71,0.45,-31.68,10.4,3.0,-6.77,2.0,5.0,C,K3,,,,
F2_rsi2_5_C_K3_S,F2,short,"Connors short <SMA200 RSI2 >95, entry C, exit K3",,y2024,1178,179.0,-44.85,-2.09,0.462,-34.12,6.6,3.0,1.94,2.0,5.0,C,K3,,,,
F2_rsi2_5_C_K3_S,F2,short,"Connors short <SMA200 RSI2 >95, entry C, exit K3",,y2025,2183,197.0,-27.45,-0.87,0.472,-17.62,11.1,3.0,18.39,2.0,5.0,C,K3,,,,
F2_rsi2_5_C_K3_S,F2,short,"Connors short <SMA200 RSI2 >95, entry C, exit K3",,y2026,1634,185.0,-29.31,-0.64,0.494,-19.57,8.8,3.0,17.25,2.0,5.0,C,K3,,,,
F2_rsi2_5_C_K5_S,F2,short,"Connors short <SMA200 RSI2 >95, entry C, exit K5",,train,10652,1255.0,36.96,1.08,0.498,51.02,8.5,5.0,56.32,2.0,5.0,C,K5,,,,
F2_rsi2_5_C_K5_S,F2,short,"Connors short <SMA200 RSI2 >95, entry C, exit K5",,valid1,3341,398.0,-51.5,-1.77,0.463,-38.37,8.4,5.0,-1.14,2.0,5.0,C,K5,,,,
F2_rsi2_5_C_K5_S,F2,short,"Connors short <SMA200 RSI2 >95, entry C, exit K5",,valid2,3516,376.0,-45.67,-1.39,0.475,-33.46,9.4,5.0,35.89,2.0,5.0,C,K5,,,,
F2_rsi2_5_C_K5_S,F2,short,"Connors short <SMA200 RSI2 >95, entry C, exit K5",,trainvalid1,13993,1653.0,15.84,0.58,0.49,29.68,8.5,5.0,42.6,2.0,5.0,C,K5,,,,
F2_rsi2_5_C_K5_S,F2,short,"Connors short <SMA200 RSI2 >95, entry C, exit K5",,all_open,17509,2029.0,3.49,0.15,0.487,17.0,8.6,5.0,41.25,2.0,5.0,C,K5,,,,
F2_rsi2_5_C_K5_S,F2,short,"Connors short <SMA200 RSI2 >95, entry C, exit K5",,month_up,8474,754.0,-59.79,-2.03,0.447,-46.28,11.2,5.0,41.14,2.0,5.0,C,K5,,,,
F2_rsi2_5_C_K5_S,F2,short,"Connors short <SMA200 RSI2 >95, entry C, exit K5",,year_up,12931,1625.0,-26.91,-1.02,0.465,-13.23,8.0,5.0,36.07,2.0,5.0,C,K5,,,,
F2_rsi2_5_C_K5_S,F2,short,"Connors short <SMA200 RSI2 >95, entry C, exit K5",,month_flat,4386,656.0,14.03,0.36,0.487,28.05,6.7,5.0,36.55,2.0,5.0,C,K5,,,,
F2_rsi2_5_C_K5_S,F2,short,"Connors short <SMA200 RSI2 >95, entry C, exit K5",,year_flat,0,,,,,,,,,2.0,5.0,C,K5,,,,
F2_rsi2_5_C_K5_S,F2,short,"Connors short <SMA200 RSI2 >95, entry C, exit K5",,month_down,4649,619.0,108.87,2.27,0.56,121.93,7.5,5.0,45.89,2.0,5.0,C,K5,,,,
F2_rsi2_5_C_K5_S,F2,short,"Connors short <SMA200 RSI2 >95, entry C, exit K5",,year_down,4578,404.0,89.34,1.94,0.547,102.39,11.3,5.0,55.88,2.0,5.0,C,K5,,,,
F2_rsi2_5_C_K5_S,F2,short,"Connors short <SMA200 RSI2 >95, entry C, exit K5",,y2016,258,47.0,-111.26,-1.39,0.446,-96.12,5.5,5.0,-45.3,2.0,5.0,C,K5,,,,
F2_rsi2_5_C_K5_S,F2,short,"Connors short <SMA200 RSI2 >95, entry C, exit K5",,y2017,1003,222.0,-30.92,-1.44,0.456,-15.51,4.5,5.0,30.13,2.0,5.0,C,K5,,,,
F2_rsi2_5_C_K5_S,F2,short,"Connors short <SMA200 RSI2 >95, entry C, exit K5",,y2018,1401,210.0,31.15,1.16,0.51,45.07,6.7,5.0,38.54,2.0,5.0,C,K5,,,,
F2_rsi2_5_C_K5_S,F2,short,"Connors short <SMA200 RSI2 >95, entry C, exit K5",,y2019,1917,214.0,-118.85,-3.2,0.373,-104.05,9.0,5.0,-10.5,2.0,5.0,C,K5,,,,
F2_rsi2_5_C_K5_S,F2,short,"Connors short <SMA200 RSI2 >95, entry C, exit K5",,y2020,2120,182.0,150.98,1.32,0.56,166.38,11.6,5.0,167.66,2.0,5.0,C,K5,,,,
F2_rsi2_5_C_K5_S,F2,short,"Connors short <SMA200 RSI2 >95, entry C, exit K5",,y2021,776,186.0,-61.67,-1.69,0.423,-49.17,4.2,5.0,-12.59,2.0,5.0,C,K5,,,,
F2_rsi2_5_C_K5_S,F2,short,"Connors short <SMA200 RSI2 >95, entry C, exit K5",,y2022,3177,194.0,115.0,1.76,0.564,127.66,16.4,5.0,63.53,2.0,5.0,C,K5,,,,
F2_rsi2_5_C_K5_S,F2,short,"Connors short <SMA200 RSI2 >95, entry C, exit K5",,y2023,2235,227.0,-57.31,-1.42,0.458,-44.15,9.8,5.0,-12.72,2.0,5.0,C,K5,,,,
F2_rsi2_5_C_K5_S,F2,short,"Connors short <SMA200 RSI2 >95, entry C, exit K5",,y2024,1106,171.0,-39.76,-1.23,0.472,-26.69,6.5,5.0,22.26,2.0,5.0,C,K5,,,,
F2_rsi2_5_C_K5_S,F2,short,"Connors short <SMA200 RSI2 >95, entry C, exit K5",,y2025,2034,196.0,-51.08,-1.11,0.462,-38.89,10.4,5.0,37.82,2.0,5.0,C,K5,,,,
F2_rsi2_5_C_K5_S,F2,short,"Connors short <SMA200 RSI2 >95, entry C, exit K5",,y2026,1482,180.0,-38.24,-0.86,0.493,-26.01,8.2,5.0,33.23,2.0,5.0,C,K5,,,,
F2_rsi2_5_C_SMA5_S,F2,short,"Connors short <SMA200 RSI2 >95, entry C, exit SMA5",,train,10211,1245.0,27.49,1.08,0.633,40.63,8.2,4.18,42.51,2.0,5.0,C,SMA5,,,,
F2_rsi2_5_C_SMA5_S,F2,short,"Connors short <SMA200 RSI2 >95, entry C, exit SMA5",,valid1,3220,398.0,-46.95,-1.85,0.59,-34.56,8.1,4.39,-3.54,2.0,5.0,C,SMA5,,,,
F2_rsi2_5_C_SMA5_S,F2,short,"Connors short <SMA200 RSI2 >95, entry C, exit SMA5",,valid2,3475,380.0,-30.68,-0.98,0.615,-19.45,9.1,4.22,37.27,2.0,5.0,C,SMA5,,,,
F2_rsi2_5_C_SMA5_S,F2,short,"Connors short <SMA200 RSI2 >95, entry C, exit SMA5",,trainvalid1,13431,1643.0,9.65,0.46,0.623,22.6,8.2,4.23,31.47,2.0,5.0,C,SMA5,,,,
F2_rsi2_5_C_SMA5_S,F2,short,"Connors short <SMA200 RSI2 >95, entry C, exit SMA5",,all_open,16906,2023.0,1.36,0.08,0.621,13.96,8.4,4.23,32.66,2.0,5.0,C,SMA5,,,,
F2_rsi2_5_C_SMA5_S,F2,short,"Connors short <SMA200 RSI2 >95, entry C, exit SMA5",,month_up,8125,750.0,-39.63,-1.51,0.595,-26.78,10.8,4.41,36.36,2.0,5.0,C,SMA5,,,,
F2_rsi2_5_C_SMA5_S,F2,short,"Connors short <SMA200 RSI2 >95, entry C, exit SMA5",,year_up,12476,1623.0,-27.18,-1.34,0.6,-14.29,7.7,4.35,29.29,2.0,5.0,C,SMA5,,,,
F2_rsi2_5_C_SMA5_S,F2,short,"Connors short <SMA200 RSI2 >95, entry C, exit SMA5",,month_flat,4228,657.0,-8.88,-0.47,0.593,4.17,6.4,4.27,20.91,2.0,5.0,C,SMA5,,,,
F2_rsi2_5_C_SMA5_S,F2,short,"Connors short <SMA200 RSI2 >95, entry C, exit SMA5",,year_flat,0,,,,,,,,,2.0,5.0,C,SMA5,,,,
F2_rsi2_5_C_SMA5_S,F2,short,"Connors short <SMA200 RSI2 >95, entry C, exit SMA5",,month_down,4553,616.0,84.0,2.27,0.693,95.75,7.4,3.86,36.97,2.0,5.0,C,SMA5,,,,
F2_rsi2_5_C_SMA5_S,F2,short,"Connors short <SMA200 RSI2 >95, entry C, exit SMA5",,year_down,4430,400.0,81.71,2.43,0.68,93.52,11.1,3.88,42.14,2.0,5.0,C,SMA5,,,,
F2_rsi2_5_C_SMA5_S,F2,short,"Connors short <SMA200 RSI2 >95, entry C, exit SMA5",,y2016,253,47.0,-84.82,-1.01,0.585,-70.34,5.4,4.46,-25.19,2.0,5.0,C,SMA5,,,,
F2_rsi2_5_C_SMA5_S,F2,short,"Connors short <SMA200 RSI2 >95, entry C, exit SMA5",,y2017,949,221.0,-33.28,-1.77,0.573,-18.39,4.3,4.47,15.64,2.0,5.0,C,SMA5,,,,
F2_rsi2_5_C_SMA5_S,F2,short,"Connors short <SMA200 RSI2 >95, entry C, exit SMA5",,y2018,1350,208.0,31.87,1.41,0.644,44.75,6.5,4.13,35.69,2.0,5.0,C,SMA5,,,,
F2_rsi2_5_C_SMA5_S,F2,short,"Connors short <SMA200 RSI2 >95, entry C, exit SMA5",,y2019,1783,215.0,-89.98,-2.38,0.537,-75.42,8.3,4.79,1.88,2.0,5.0,C,SMA5,,,,
F2_rsi2_5_C_SMA5_S,F2,short,"Connors short <SMA200 RSI2 >95, entry C, exit SMA5",,y2020,2042,177.0,80.18,0.95,0.661,94.4,11.5,3.99,115.59,2.0,5.0,C,SMA5,,,,
F2_rsi2_5_C_SMA5_S,F2,short,"Connors short <SMA200 RSI2 >95, entry C, exit SMA5",,y2021,754,185.0,-41.76,-1.41,0.598,-29.81,4.1,4.51,-0.66,2.0,5.0,C,SMA5,,,,
F2_rsi2_5_C_SMA5_S,F2,short,"Connors short <SMA200 RSI2 >95, entry C, exit SMA5",,y2022,3080,192.0,103.55,2.2,0.695,114.89,16.0,3.77,44.96,2.0,5.0,C,SMA5,,,,
F2_rsi2_5_C_SMA5_S,F2,short,"Connors short <SMA200 RSI2 >95, entry C, exit SMA5",,y2023,2137,224.0,-59.07,-1.74,0.584,-46.55,9.5,4.45,-16.5,2.0,5.0,C,SMA5,,,,
F2_rsi2_5_C_SMA5_S,F2,short,"Connors short <SMA200 RSI2 >95, entry C, exit SMA5",,y2024,1083,174.0,-23.02,-0.68,0.603,-10.88,6.2,4.28,22.03,2.0,5.0,C,SMA5,,,,
F2_rsi2_5_C_SMA5_S,F2,short,"Connors short <SMA200 RSI2 >95, entry C, exit SMA5",,y2025,1952,195.0,-41.18,-0.87,0.613,-29.66,10.0,4.42,34.48,2.0,5.0,C,SMA5,,,,
F2_rsi2_5_C_SMA5_S,F2,short,"Connors short <SMA200 RSI2 >95, entry C, exit SMA5",,y2026,1523,185.0,-17.23,-0.49,0.617,-6.36,8.2,3.95,40.85,2.0,5.0,C,SMA5,,,,
F2_rsi2_5_O_K1_S,F2,short,"Connors short <SMA200 RSI2 >95, entry O, exit K1",,train,13951,1323.0,-1.6,-0.21,0.483,7.26,10.5,1.0,5.63,2.0,5.0,O,K1,,,,
F2_rsi2_5_O_K1_S,F2,short,"Connors short <SMA200 RSI2 >95, entry O, exit K1",,valid1,4362,415.0,-4.51,-0.56,0.504,3.43,10.5,1.0,3.61,2.0,5.0,O,K1,,,,
F2_rsi2_5_O_K1_S,F2,short,"Connors short <SMA200 RSI2 >95, entry O, exit K1",,valid2,4720,389.0,-19.55,-2.5,0.462,-12.48,12.1,1.0,-5.81,2.0,5.0,O,K1,,,,
F2_rsi2_5_O_K1_S,F2,short,"Connors short <SMA200 RSI2 >95, entry O, exit K1",,trainvalid1,18313,1738.0,-2.29,-0.37,0.488,6.35,10.5,1.0,5.15,2.0,5.0,O,K1,,,,
F2_rsi2_5_O_K1_S,F2,short,"Connors short <SMA200 RSI2 >95, entry O, exit K1",,all_open,23039,2128.0,-5.79,-1.11,0.483,2.53,10.8,1.0,2.87,2.0,5.0,O,K1,,,,
F2_rsi2_5_O_K1_S,F2,short,"Connors short <SMA200 RSI2 >95, entry O, exit K1",,month_up,11096,776.0,-11.28,-1.23,0.471,-2.96,14.3,1.0,4.52,2.0,5.0,O,K1,,,,
F2_rsi2_5_O_K1_S,F2,short,"Connors short <SMA200 RSI2 >95, entry O, exit K1",,year_up,17155,1705.0,-5.42,-0.94,0.486,3.03,10.1,1.0,4.77,2.0,5.0,O,K1,,,,
F2_rsi2_5_O_K1_S,F2,short,"Connors short <SMA200 RSI2 >95, entry O, exit K1",,month_flat,5980,696.0,-0.41,-0.06,0.496,8.38,8.6,1.0,3.45,2.0,5.0,O,K1,,,,
F2_rsi2_5_O_K1_S,F2,short,"Connors short <SMA200 RSI2 >95, entry O, exit K1",,year_flat,0,,,,,,,,,2.0,5.0,O,K1,,,,
F2_rsi2_5_O_K1_S,F2,short,"Connors short <SMA200 RSI2 >95, entry O, exit K1",,month_down,5963,656.0,-0.98,-0.11,0.492,6.87,9.1,1.0,-0.79,2.0,5.0,O,K1,,,,
F2_rsi2_5_O_K1_S,F2,short,"Connors short <SMA200 RSI2 >95, entry O, exit K1",,year_down,5884,423.0,-6.87,-0.58,0.474,1.07,13.9,1.0,-2.68,2.0,5.0,O,K1,,,,
F2_rsi2_5_O_K1_S,F2,short,"Connors short <SMA200 RSI2 >95, entry O, exit K1",,day_up,12116,737.0,-4.1,-0.49,0.477,4.12,16.4,1.0,4.51,2.0,5.0,O,K1,,,,
F2_rsi2_5_O_K1_S,F2,short,"Connors short <SMA200 RSI2 >95, entry O, exit K1",,day_flat,6670,747.0,-4.6,-0.7,0.495,3.86,8.9,1.0,0.28,2.0,5.0,O,K1,,,,
F2_rsi2_5_O_K1_S,F2,short,"Connors short <SMA200 RSI2 >95, entry O, exit K1",,day_down,4247,643.0,-12.69,-1.16,0.479,-4.29,6.6,1.0,2.43,2.0,5.0,O,K1,,,,
F2_rsi2_5_O_K1_S,F2,short,"Connors short <SMA200 RSI2 >95, entry O, exit K1",,y2016,320,49.0,-22.53,-0.97,0.441,-12.82,6.5,1.0,-10.83,2.0,5.0,O,K1,,,,
F2_rsi2_5_O_K1_S,F2,short,"Connors short <SMA200 RSI2 >95, entry O, exit K1",,y2017,1351,235.0,-7.36,-1.07,0.469,2.83,5.7,1.0,4.07,2.0,5.0,O,K1,,,,
F2_rsi2_5_O_K1_S,F2,short,"Connors short <SMA200 RSI2 >95, entry O, exit K1",,y2018,1828,218.0,6.05,0.72,0.497,14.85,8.4,1.0,6.63,2.0,5.0,O,K1,,,,
F2_rsi2_5_O_K1_S,F2,short,"Connors short <SMA200 RSI2 >95, entry O, exit K1",,y2019,2690,225.0,-19.06,-1.92,0.436,-9.46,12.0,1.0,2.45,2.0,5.0,O,K1,,,,
F2_rsi2_5_O_K1_S,F2,short,"Connors short <SMA200 RSI2 >95, entry O, exit K1",,y2020,2689,191.0,31.2,1.14,0.556,41.21,14.1,1.0,29.97,2.0,5.0,O,K1,,,,
F2_rsi2_5_O_K1_S,F2,short,"Connors short <SMA200 RSI2 >95, entry O, exit K1",,y2021,1017,200.0,2.52,0.33,0.502,9.78,5.1,1.0,4.99,2.0,5.0,O,K1,,,,
F2_rsi2_5_O_K1_S,F2,short,"Connors short <SMA200 RSI2 >95, entry O, exit K1",,y2022,4056,205.0,-12.69,-0.76,0.463,-5.15,19.8,1.0,-6.88,2.0,5.0,O,K1,,,,
F2_rsi2_5_O_K1_S,F2,short,"Connors short <SMA200 RSI2 >95, entry O, exit K1",,y2023,2895,230.0,-3.14,-0.29,0.507,4.75,12.6,1.0,6.19,2.0,5.0,O,K1,,,,
F2_rsi2_5_O_K1_S,F2,short,"Connors short <SMA200 RSI2 >95, entry O, exit K1",,y2024,1467,185.0,-7.22,-0.68,0.499,0.83,7.9,1.0,-1.48,2.0,5.0,O,K1,,,,
F2_rsi2_5_O_K1_S,F2,short,"Connors short <SMA200 RSI2 >95, entry O, exit K1",,y2025,2683,200.0,-15.0,-1.48,0.462,-7.88,13.4,1.0,0.28,2.0,5.0,O,K1,,,,
F2_rsi2_5_O_K1_S,F2,short,"Connors short <SMA200 RSI2 >95, entry O, exit K1",,y2026,2043,190.0,-25.05,-2.03,0.463,-18.05,10.8,1.0,-14.18,2.0,5.0,O,K1,,,,
F2_rsi2_5_O_K3_S,F2,short,"Connors short <SMA200 RSI2 >95, entry O, exit K3",,train,11375,1282.0,28.64,1.34,0.511,39.09,8.9,2.0,34.82,2.0,5.0,O,K3,,,,
F2_rsi2_5_O_K3_S,F2,short,"Connors short <SMA200 RSI2 >95, entry O, exit K3",,valid1,3555,407.0,-35.92,-1.94,0.459,-26.34,8.7,2.0,-8.38,2.0,5.0,O,K3,,,,
F2_rsi2_5_O_K3_S,F2,short,"Connors short <SMA200 RSI2 >95, entry O, exit K3",,valid2,3816,382.0,-22.33,-0.94,0.482,-13.73,10.0,2.0,21.66,2.0,5.0,O,K3,,,,
F2_rsi2_5_O_K3_S,F2,short,"Connors short <SMA200 RSI2 >95, entry O, exit K3",,trainvalid1,14930,1689.0,13.27,0.77,0.499,23.51,8.8,2.0,24.54,2.0,5.0,O,K3,,,,
F2_rsi2_5_O_K3_S,F2,short,"Connors short <SMA200 RSI2 >95, entry O, exit K3",,all_open,18752,2072.0,6.08,0.42,0.496,16.0,9.1,2.0,23.93,2.0,5.0,O,K3,,,,
F2_rsi2_5_O_K3_S,F2,short,"Connors short <SMA200 RSI2 >95, entry O, exit K3",,month_up,9061,762.0,-9.71,-0.41,0.481,0.21,11.9,2.0,31.68,2.0,5.0,O,K3,,,,
F2_rsi2_5_O_K3_S,F2,short,"Connors short <SMA200 RSI2 >95, entry O, exit K3",,year_up,13891,1657.0,-10.49,-0.62,0.48,-0.42,8.4,2.0,22.72,2.0,5.0,O,K3,,,,
F2_rsi2_5_O_K3_S,F2,short,"Connors short <SMA200 RSI2 >95, entry O, exit K3",,month_flat,4757,674.0,-22.27,-1.6,0.469,-11.9,7.1,2.0,6.43,2.0,5.0,O,K3,,,,
F2_rsi2_5_O_K3_S,F2,short,"Connors short <SMA200 RSI2 >95, entry O, exit K3",,year_flat,0,,,,,,,,,2.0,5.0,O,K3,,,,
F2_rsi2_5_O_K3_S,F2,short,"Connors short <SMA200 RSI2 >95, entry O, exit K3",,month_down,4934,636.0,62.42,2.08,0.549,71.88,7.8,2.0,26.58,2.0,5.0,O,K3,,,,
F2_rsi2_5_O_K3_S,F2,short,"Connors short <SMA200 RSI2 >95, entry O, exit K3",,year_down,4861,415.0,53.45,1.88,0.54,62.91,11.7,2.0,27.39,2.0,5.0,O,K3,,,,
F2_rsi2_5_O_K3_S,F2,short,"Connors short <SMA200 RSI2 >95, entry O, exit K3",,y2016,265,48.0,-85.26,-1.54,0.442,-73.66,5.5,2.0,-48.91,2.0,5.0,O,K3,,,,
F2_rsi2_5_O_K3_S,F2,short,"Connors short <SMA200 RSI2 >95, entry O, exit K3",,y2017,1075,225.0,-21.69,-1.68,0.442,-9.89,4.8,2.0,8.52,2.0,5.0,O,K3,,,,
F2_rsi2_5_O_K3_S,F2,short,"Connors short <SMA200 RSI2 >95, entry O, exit K3",,y2018,1495,215.0,19.19,1.13,0.516,29.58,7.0,2.0,19.36,2.0,5.0,O,K3,,,,
F2_rsi2_5_O_K3_S,F2,short,"Connors short <SMA200 RSI2 >95, entry O, exit K3",,y2019,2129,219.0,-65.12,-2.72,0.411,-54.04,9.7,2.0,-0.25,2.0,5.0,O,K3,,,,
F2_rsi2_5_O_K3_S,F2,short,"Connors short <SMA200 RSI2 >95, entry O, exit K3",,y2020,2212,185.0,121.4,1.68,0.604,133.21,12.0,2.0,121.57,2.0,5.0,O,K3,,,,
F2_rsi2_5_O_K3_S,F2,short,"Connors short <SMA200 RSI2 >95, entry O, exit K3",,y2021,833,190.0,-21.7,-1.18,0.468,-12.7,4.4,2.0,-1.9,2.0,5.0,O,K3,,,,
F2_rsi2_5_O_K3_S,F2,short,"Connors short <SMA200 RSI2 >95, entry O, exit K3",,y2022,3366,200.0,68.67,1.71,0.551,77.72,16.8,2.0,30.95,2.0,5.0,O,K3,,,,
F2_rsi2_5_O_K3_S,F2,short,"Connors short <SMA200 RSI2 >95, entry O, exit K3",,y2023,2377,228.0,-32.88,-1.28,0.461,-23.3,10.4,2.0,-10.71,2.0,5.0,O,K3,,,,
F2_rsi2_5_O_K3_S,F2,short,"Connors short <SMA200 RSI2 >95, entry O, exit K3",,y2024,1178,179.0,-42.05,-2.13,0.457,-32.47,6.6,2.0,-3.69,2.0,5.0,O,K3,,,,
F2_rsi2_5_O_K3_S,F2,short,"Connors short <SMA200 RSI2 >95, entry O, exit K3",,y2025,2188,198.0,-23.63,-0.73,0.476,-14.99,11.1,2.0,18.66,2.0,5.0,O,K3,,,,
F2_rsi2_5_O_K3_S,F2,short,"Connors short <SMA200 RSI2 >95, entry O, exit K3",,y2026,1634,185.0,-19.74,-0.57,0.49,-11.2,8.8,2.0,25.49,2.0,5.0,O,K3,,,,
F2_rsi2_5_O_K5_S,F2,short,"Connors short <SMA200 RSI2 >95, entry O, exit K5",,train,10652,1255.0,46.55,1.28,0.502,59.35,8.5,4.0,57.97,2.0,5.0,O,K5,,,,
F2_rsi2_5_O_K5_S,F2,short,"Connors short <SMA200 RSI2 >95, entry O, exit K5",,valid1,3341,398.0,-42.83,-1.35,0.477,-30.91,8.4,4.0,-4.67,2.0,5.0,O,K5,,,,
F2_rsi2_5_O_K5_S,F2,short,"Connors short <SMA200 RSI2 >95, entry O, exit K5",,valid2,3515,376.0,-39.65,-1.11,0.478,-28.63,9.3,4.0,39.1,2.0,5.0,O,K5,,,,
F2_rsi2_5_O_K5_S,F2,short,"Connors short <SMA200 RSI2 >95, entry O, exit K5",,trainvalid1,13993,1653.0,25.21,0.86,0.496,37.8,8.5,4.0,43.02,2.0,5.0,O,K5,,,,
F2_rsi2_5_O_K5_S,F2,short,"Connors short <SMA200 RSI2 >95, entry O, exit K5",,all_open,17514,2030.0,12.21,0.49,0.492,24.48,8.6,4.0,42.12,2.0,5.0,O,K5,,,,
F2_rsi2_5_O_K5_S,F2,short,"Connors short <SMA200 RSI2 >95, entry O, exit K5",,month_up,8474,754.0,-41.86,-1.27,0.459,-29.61,11.2,4.0,43.57,2.0,5.0,O,K5,,,,
F2_rsi2_5_O_K5_S,F2,short,"Connors short <SMA200 RSI2 >95, entry O, exit K5",,year_up,12936,1626.0,-9.21,-0.31,0.476,3.24,8.0,4.0,41.67,2.0,5.0,O,K5,,,,
F2_rsi2_5_O_K5_S,F2,short,"Connors short <SMA200 RSI2 >95, entry O, exit K5",,month_flat,4386,656.0,35.18,0.7,0.496,47.96,6.7,4.0,44.32,2.0,5.0,O,K5,,,,
F2_rsi2_5_O_K5_S,F2,short,"Connors short <SMA200 RSI2 >95, entry O, exit K5",,year_flat,0,,,,,,,,,2.0,5.0,O,K5,,,,
F2_rsi2_5_O_K5_S,F2,short,"Connors short <SMA200 RSI2 >95, entry O, exit K5",,month_down,4654,620.0,89.03,2.02,0.549,100.87,7.5,4.0,37.42,2.0,5.0,O,K5,,,,
F2_rsi2_5_O_K5_S,F2,short,"Connors short <SMA200 RSI2 >95, entry O, exit K5",,year_down,4578,404.0,72.75,1.66,0.538,84.52,11.3,4.0,43.38,2.0,5.0,O,K5,,,,
F2_rsi2_5_O_K5_S,F2,short,"Connors short <SMA200 RSI2 >95, entry O, exit K5",,y2016,258,47.0,-109.58,-1.35,0.422,-95.59,5.5,4.0,-50.97,2.0,5.0,O,K5,,,,
F2_rsi2_5_O_K5_S,F2,short,"Connors short <SMA200 RSI2 >95, entry O, exit K5",,y2017,1003,222.0,-16.92,-0.78,0.467,-2.75,4.5,4.0,35.47,2.0,5.0,O,K5,,,,
F2_rsi2_5_O_K5_S,F2,short,"Connors short <SMA200 RSI2 >95, entry O, exit K5",,y2018,1401,210.0,33.69,1.27,0.524,46.41,6.7,4.0,33.78,2.0,5.0,O,K5,,,,
F2_rsi2_5_O_K5_S,F2,short,"Connors short <SMA200 RSI2 >95, entry O, exit K5",,y2019,1917,214.0,-118.01,-3.0,0.377,-104.49,9.0,4.0,-11.67,2.0,5.0,O,K5,,,,
F2_rsi2_5_O_K5_S,F2,short,"Connors short <SMA200 RSI2 >95, entry O, exit K5",,y2020,2120,182.0,223.33,1.86,0.594,237.46,11.6,4.0,203.16,2.0,5.0,O,K5,,,,
F2_rsi2_5_O_K5_S,F2,short,"Connors short <SMA200 RSI2 >95, entry O, exit K5",,y2021,776,186.0,-50.54,-1.56,0.42,-39.22,4.2,4.0,-15.23,2.0,5.0,O,K5,,,,
F2_rsi2_5_O_K5_S,F2,short,"Connors short <SMA200 RSI2 >95, entry O, exit K5",,y2022,3177,194.0,89.98,1.44,0.544,101.32,16.4,4.0,47.62,2.0,5.0,O,K5,,,,
F2_rsi2_5_O_K5_S,F2,short,"Connors short <SMA200 RSI2 >95, entry O, exit K5",,y2023,2235,227.0,-46.95,-1.05,0.477,-35.01,9.8,4.0,-16.16,2.0,5.0,O,K5,,,,
F2_rsi2_5_O_K5_S,F2,short,"Connors short <SMA200 RSI2 >95, entry O, exit K5",,y2024,1106,171.0,-34.53,-1.14,0.478,-22.61,6.5,4.0,18.53,2.0,5.0,O,K5,,,,
F2_rsi2_5_O_K5_S,F2,short,"Connors short <SMA200 RSI2 >95, entry O, exit K5",,y2025,2039,197.0,-47.97,-0.88,0.462,-36.96,10.4,4.0,37.11,2.0,5.0,O,K5,,,,
F2_rsi2_5_O_K5_S,F2,short,"Connors short <SMA200 RSI2 >95, entry O, exit K5",,y2026,1482,180.0,-27.69,-0.74,0.5,-16.67,8.2,4.0,40.57,2.0,5.0,O,K5,,,,
F2_rsi2_5_O_SMA5_S,F2,short,"Connors short <SMA200 RSI2 >95, entry O, exit SMA5",,train,10211,1245.0,35.69,1.38,0.641,47.64,8.2,3.28,42.98,2.0,5.0,O,SMA5,,,,
F2_rsi2_5_O_SMA5_S,F2,short,"Connors short <SMA200 RSI2 >95, entry O, exit SMA5",,valid1,3220,398.0,-38.85,-1.44,0.607,-27.58,8.1,3.49,-7.51,2.0,5.0,O,SMA5,,,,
F2_rsi2_5_O_SMA5_S,F2,short,"Connors short <SMA200 RSI2 >95, entry O, exit SMA5",,valid2,3464,379.0,-25.52,-0.72,0.617,-15.37,9.1,3.32,40.41,2.0,5.0,O,SMA5,,,,
F2_rsi2_5_O_SMA5_S,F2,short,"Connors short <SMA200 RSI2 >95, entry O, exit SMA5",,trainvalid1,13431,1643.0,17.82,0.84,0.633,29.61,8.2,3.33,30.88,2.0,5.0,O,SMA5,,,,
F2_rsi2_5_O_SMA5_S,F2,short,"Connors short <SMA200 RSI2 >95, entry O, exit SMA5",,all_open,16901,2023.0,9.05,0.48,0.63,20.5,8.4,3.33,32.79,2.0,5.0,O,SMA5,,,,
F2_rsi2_5_O_SMA5_S,F2,short,"Connors short <SMA200 RSI2 >95, entry O, exit SMA5",,month_up,8125,750.0,-20.6,-0.7,0.612,-8.93,10.8,3.49,38.93,2.0,5.0,O,SMA5,,,,
F2_rsi2_5_O_SMA5_S,F2,short,"Connors short <SMA200 RSI2 >95, entry O, exit SMA5",,year_up,12471,1623.0,-10.72,-0.48,0.612,1.03,7.7,3.45,34.09,2.0,5.0,O,SMA5,,,,
F2_rsi2_5_O_SMA5_S,F2,short,"Connors short <SMA200 RSI2 >95, entry O, exit SMA5",,month_flat,4218,656.0,8.49,0.38,0.607,20.42,6.4,3.39,27.2,2.0,5.0,O,SMA5,,,,
F2_rsi2_5_O_SMA5_S,F2,short,"Connors short <SMA200 RSI2 >95, entry O, exit SMA5",,year_flat,0,,,,,,,,,2.0,5.0,O,SMA5,,,,
F2_rsi2_5_O_SMA5_S,F2,short,"Connors short <SMA200 RSI2 >95, entry O, exit SMA5",,month_down,4558,617.0,62.4,1.85,0.682,73.03,7.4,2.98,27.03,2.0,5.0,O,SMA5,,,,
F2_rsi2_5_O_SMA5_S,F2,short,"Connors short <SMA200 RSI2 >95, entry O, exit SMA5",,year_down,4430,400.0,64.68,2.08,0.679,75.3,11.1,2.99,29.14,2.0,5.0,O,SMA5,,,,
F2_rsi2_5_O_SMA5_S,F2,short,"Connors short <SMA200 RSI2 >95, entry O, exit SMA5",,y2016,253,47.0,-83.06,-0.98,0.565,-69.6,5.4,3.58,-30.8,2.0,5.0,O,SMA5,,,,
F2_rsi2_5_O_SMA5_S,F2,short,"Connors short <SMA200 RSI2 >95, entry O, exit SMA5",,y2017,949,221.0,-19.87,-1.03,0.581,-6.15,4.3,3.57,20.29,2.0,5.0,O,SMA5,,,,
F2_rsi2_5_O_SMA5_S,F2,short,"Connors short <SMA200 RSI2 >95, entry O, exit SMA5",,y2018,1350,208.0,34.66,1.55,0.662,46.42,6.5,3.24,30.79,2.0,5.0,O,SMA5,,,,
F2_rsi2_5_O_SMA5_S,F2,short,"Connors short <SMA200 RSI2 >95, entry O, exit SMA5",,y2019,1783,215.0,-90.97,-2.34,0.536,-77.6,8.3,3.91,-0.86,2.0,5.0,O,SMA5,,,,
F2_rsi2_5_O_SMA5_S,F2,short,"Connors short <SMA200 RSI2 >95, entry O, exit SMA5",,y2020,2042,177.0,148.46,1.84,0.711,161.47,11.5,3.07,148.22,2.0,5.0,O,SMA5,,,,
F2_rsi2_5_O_SMA5_S,F2,short,"Connors short <SMA200 RSI2 >95, entry O, exit SMA5",,y2021,754,185.0,-30.8,-1.25,0.581,-19.95,4.1,3.59,-3.72,2.0,5.0,O,SMA5,,,,
F2_rsi2_5_O_SMA5_S,F2,short,"Connors short <SMA200 RSI2 >95, entry O, exit SMA5",,y2022,3080,192.0,77.84,1.78,0.687,87.95,16.0,2.88,28.42,2.0,5.0,O,SMA5,,,,
F2_rsi2_5_O_SMA5_S,F2,short,"Connors short <SMA200 RSI2 >95, entry O, exit SMA5",,y2023,2137,224.0,-46.46,-1.23,0.611,-35.08,9.5,3.54,-18.09,2.0,5.0,O,SMA5,,,,
F2_rsi2_5_O_SMA5_S,F2,short,"Connors short <SMA200 RSI2 >95, entry O, exit SMA5",,y2024,1083,174.0,-23.85,-0.81,0.597,-12.77,6.2,3.39,13.39,2.0,5.0,O,SMA5,,,,
F2_rsi2_5_O_SMA5_S,F2,short,"Connors short <SMA200 RSI2 >95, entry O, exit SMA5",,y2025,1957,196.0,-37.8,-0.67,0.612,-27.4,10.0,3.51,33.28,2.0,5.0,O,SMA5,,,,
F2_rsi2_5_O_SMA5_S,F2,short,"Connors short <SMA200 RSI2 >95, entry O, exit SMA5",,y2026,1513,184.0,-8.22,-0.26,0.624,1.58,8.2,3.08,49.18,2.0,5.0,O,SMA5,,,,
F2_rsi2_10_C_K1_S,F2,short,"Connors short <SMA200 RSI2 >90, entry C, exit K1",,train,28562,1466.0,-12.54,-1.24,0.471,-3.39,19.5,1.0,3.73,2.0,10.0,C,K1,,,,
F2_rsi2_10_C_K1_S,F2,short,"Connors short <SMA200 RSI2 >90, entry C, exit K1",,valid1,8789,450.0,-17.4,-2.02,0.476,-9.13,19.5,1.0,1.62,2.0,10.0,C,K1,,,,
F2_rsi2_10_C_K1_S,F2,short,"Connors short <SMA200 RSI2 >90, entry C, exit K1",,valid2,9795,402.0,-17.87,-2.02,0.487,-10.46,24.4,1.0,-5.46,2.0,10.0,C,K1,,,,
F2_rsi2_10_C_K1_S,F2,short,"Connors short <SMA200 RSI2 >90, entry C, exit K1",,trainvalid1,37351,1916.0,-13.68,-1.71,0.472,-4.74,19.5,1.0,3.24,2.0,10.0,C,K1,,,,
F2_rsi2_10_C_K1_S,F2,short,"Connors short <SMA200 RSI2 >90, entry C, exit K1",,all_open,47146,2318.0,-14.55,-2.21,0.475,-5.93,20.3,1.0,1.43,2.0,10.0,C,K1,,,,
F2_rsi2_10_C_K1_S,F2,short,"Connors short <SMA200 RSI2 >90, entry C, exit K1",,month_up,21852,821.0,-33.1,-3.26,0.453,-24.5,26.6,1.0,0.73,2.0,10.0,C,K1,,,,
F2_rsi2_10_C_K1_S,F2,short,"Connors short <SMA200 RSI2 >90, entry C, exit K1",,year_up,34790,1846.0,-21.16,-2.89,0.47,-12.41,18.8,1.0,-0.61,2.0,10.0,C,K1,,,,
F2_rsi2_10_C_K1_S,F2,short,"Connors short <SMA200 RSI2 >90, entry C, exit K1",,month_flat,12311,756.0,-8.56,-0.84,0.483,0.49,16.3,1.0,0.93,2.0,10.0,C,K1,,,,
F2_rsi2_10_C_K1_S,F2,short,"Connors short <SMA200 RSI2 >90, entry C, exit K1",,year_flat,0,,,,,,,,,2.0,10.0,C,K1,,,,
F2_rsi2_10_C_K1_S,F2,short,"Connors short <SMA200 RSI2 >90, entry C, exit K1",,month_down,12983,741.0,10.98,0.83,0.505,19.23,17.5,1.0,3.07,2.0,10.0,C,K1,,,,
F2_rsi2_10_C_K1_S,F2,short,"Connors short <SMA200 RSI2 >90, entry C, exit K1",,year_down,12356,472.0,4.06,0.29,0.49,12.32,26.2,1.0,7.17,2.0,10.0,C,K1,,,,
F2_rsi2_10_C_K1_S,F2,short,"Connors short <SMA200 RSI2 >90, entry C, exit K1",,day_up,25452,785.0,-5.45,-0.53,0.481,3.08,32.4,1.0,5.14,2.0,10.0,C,K1,,,,
F2_rsi2_10_C_K1_S,F2,short,"Connors short <SMA200 RSI2 >90, entry C, exit K1",,day_flat,13318,791.0,-20.25,-2.76,0.471,-11.43,16.8,1.0,-6.18,2.0,10.0,C,K1,,,,
F2_rsi2_10_C_K1_S,F2,short,"Connors short <SMA200 RSI2 >90, entry C, exit K1",,day_down,8376,742.0,-33.16,-2.18,0.465,-24.58,11.3,1.0,2.24,2.0,10.0,C,K1,,,,
F2_rsi2_10_C_K1_S,F2,short,"Connors short <SMA200 RSI2 >90, entry C, exit K1",,y2016,697,53.0,-15.83,-0.91,0.459,-5.91,13.2,1.0,9.61,2.0,10.0,C,K1,,,,
F2_rsi2_10_C_K1_S,F2,short,"Connors short <SMA200 RSI2 >90, entry C, exit K1",,y2017,2709,246.0,-10.67,-1.7,0.449,-0.01,11.0,1.0,7.31,2.0,10.0,C,K1,,,,
F2_rsi2_10_C_K1_S,F2,short,"Connors short <SMA200 RSI2 >90, entry C, exit K1",,y2018,3855,242.0,0.46,0.05,0.472,9.56,15.9,1.0,9.9,2.0,10.0,C,K1,,,,
F2_rsi2_10_C_K1_S,F2,short,"Connors short <SMA200 RSI2 >90, entry C, exit K1",,y2019,5190,240.0,-17.53,-1.62,0.445,-7.66,21.6,1.0,4.91,2.0,10.0,C,K1,,,,
F2_rsi2_10_C_K1_S,F2,short,"Connors short <SMA200 RSI2 >90, entry C, exit K1",,y2020,5384,223.0,-44.81,-1.11,0.471,-34.6,24.1,1.0,-8.56,2.0,10.0,C,K1,,,,
F2_rsi2_10_C_K1_S,F2,short,"Connors short <SMA200 RSI2 >90, entry C, exit K1",,y2021,2226,232.0,-16.21,-1.86,0.46,-8.48,9.6,1.0,5.45,2.0,10.0,C,K1,,,,
F2_rsi2_10_C_K1_S,F2,short,"Connors short <SMA200 RSI2 >90, entry C, exit K1",,y2022,8501,230.0,5.69,0.28,0.498,13.57,37.0,1.0,5.94,2.0,10.0,C,K1,,,,
F2_rsi2_10_C_K1_S,F2,short,"Connors short <SMA200 RSI2 >90, entry C, exit K1",,y2023,5767,246.0,-24.8,-2.1,0.47,-16.58,23.4,1.0,-2.87,2.0,10.0,C,K1,,,,
F2_rsi2_10_C_K1_S,F2,short,"Connors short <SMA200 RSI2 >90, entry C, exit K1",,y2024,3022,204.0,-3.28,-0.31,0.487,5.08,14.8,1.0,10.2,2.0,10.0,C,K1,,,,
F2_rsi2_10_C_K1_S,F2,short,"Connors short <SMA200 RSI2 >90, entry C, exit K1",,y2025,5490,209.0,-16.73,-1.44,0.488,-9.27,26.3,1.0,-4.69,2.0,10.0,C,K1,,,,
F2_rsi2_10_C_K1_S,F2,short,"Connors short <SMA200 RSI2 >90, entry C, exit K1",,y2026,4305,193.0,-19.32,-1.42,0.485,-11.97,22.3,1.0,-6.45,2.0,10.0,C,K1,,,,
F2_rsi2_10_C_K3_S,F2,short,"Connors short <SMA200 RSI2 >90, entry C, exit K3",,train,22353,1435.0,-3.64,-0.18,0.48,7.92,15.6,3.0,23.4,2.0,10.0,C,K3,,,,
F2_rsi2_10_C_K3_S,F2,short,"Connors short <SMA200 RSI2 >90, entry C, exit K3",,valid1,6868,443.0,-51.94,-3.07,0.447,-41.31,15.5,3.0,-4.29,2.0,10.0,C,K3,,,,
F2_rsi2_10_C_K3_S,F2,short,"Connors short <SMA200 RSI2 >90, entry C, exit K3",,valid2,7685,400.0,-35.17,-1.39,0.478,-25.39,19.2,3.0,7.31,2.0,10.0,C,K3,,,,
F2_rsi2_10_C_K3_S,F2,short,"Connors short <SMA200 RSI2 >90, entry C, exit K3",,trainvalid1,29221,1878.0,-14.99,-0.92,0.472,-3.65,15.6,3.0,16.89,2.0,10.0,C,K3,,,,
F2_rsi2_10_C_K3_S,F2,short,"Connors short <SMA200 RSI2 >90, entry C, exit K3",,all_open,36906,2278.0,-19.19,-1.37,0.474,-8.18,16.2,3.0,14.9,2.0,10.0,C,K3,,,,
F2_rsi2_10_C_K3_S,F2,short,"Connors short <SMA200 RSI2 >90, entry C, exit K3",,month_up,16938,813.0,-65.14,-3.24,0.436,-54.17,20.8,3.0,16.53,2.0,10.0,C,K3,,,,
F2_rsi2_10_C_K3_S,F2,short,"Connors short <SMA200 RSI2 >90, entry C, exit K3",,year_up,27088,1815.0,-45.59,-3.03,0.452,-34.44,14.9,3.0,8.84,2.0,10.0,C,K3,,,,
F2_rsi2_10_C_K3_S,F2,short,"Connors short <SMA200 RSI2 >90, entry C, exit K3",,month_flat,9530,742.0,-33.57,-1.29,0.452,-22.18,12.8,3.0,-5.36,2.0,10.0,C,K3,,,,
F2_rsi2_10_C_K3_S,F2,short,"Connors short <SMA200 RSI2 >90, entry C, exit K3",,year_flat,0,,,,,,,,,2.0,10.0,C,K3,,,,
F2_rsi2_10_C_K3_S,F2,short,"Connors short <SMA200 RSI2 >90, entry C, exit K3",,month_down,10438,723.0,68.49,2.96,0.555,79.24,14.4,3.0,30.74,2.0,10.0,C,K3,,,,
F2_rsi2_10_C_K3_S,F2,short,"Connors short <SMA200 RSI2 >90, entry C, exit K3",,year_down,9818,463.0,53.63,1.81,0.533,64.29,21.2,3.0,31.62,2.0,10.0,C,K3,,,,
F2_rsi2_10_C_K3_S,F2,short,"Connors short <SMA200 RSI2 >90, entry C, exit K3",,y2016,565,53.0,-80.24,-1.84,0.414,-67.91,10.7,3.0,-32.42,2.0,10.0,C,K3,,,,
F2_rsi2_10_C_K3_S,F2,short,"Connors short <SMA200 RSI2 >90, entry C, exit K3",,y2017,2097,243.0,-28.0,-2.85,0.441,-14.94,8.6,3.0,10.66,2.0,10.0,C,K3,,,,
F2_rsi2_10_C_K3_S,F2,short,"Connors short <SMA200 RSI2 >90, entry C, exit K3",,y2018,3067,237.0,15.68,0.84,0.505,27.22,12.9,3.0,20.57,2.0,10.0,C,K3,,,,
F2_rsi2_10_C_K3_S,F2,short,"Connors short <SMA200 RSI2 >90, entry C, exit K3",,y2019,3925,234.0,-68.68,-3.59,0.388,-56.48,16.8,3.0,0.61,2.0,10.0,C,K3,,,,
F2_rsi2_10_C_K3_S,F2,short,"Connors short <SMA200 RSI2 >90, entry C, exit K3",,y2020,4195,216.0,-41.17,-0.53,0.485,-28.43,19.4,3.0,48.2,2.0,10.0,C,K3,,,,
F2_rsi2_10_C_K3_S,F2,short,"Connors short <SMA200 RSI2 >90, entry C, exit K3",,y2021,1753,226.0,-35.09,-1.67,0.448,-24.87,7.8,3.0,2.3,2.0,10.0,C,K3,,,,
F2_rsi2_10_C_K3_S,F2,short,"Connors short <SMA200 RSI2 >90, entry C, exit K3",,y2022,6751,226.0,70.87,1.66,0.546,81.13,29.9,3.0,36.64,2.0,10.0,C,K3,,,,
F2_rsi2_10_C_K3_S,F2,short,"Connors short <SMA200 RSI2 >90, entry C, exit K3",,y2023,4520,242.0,-58.01,-2.56,0.434,-47.4,18.7,3.0,-11.95,2.0,10.0,C,K3,,,,
F2_rsi2_10_C_K3_S,F2,short,"Connors short <SMA200 RSI2 >90, entry C, exit K3",,y2024,2348,201.0,-40.27,-1.77,0.471,-29.58,11.7,3.0,10.45,2.0,10.0,C,K3,,,,
F2_rsi2_10_C_K3_S,F2,short,"Connors short <SMA200 RSI2 >90, entry C, exit K3",,y2025,4353,209.0,-30.7,-0.86,0.47,-20.87,20.8,3.0,12.96,2.0,10.0,C,K3,,,,
F2_rsi2_10_C_K3_S,F2,short,"Connors short <SMA200 RSI2 >90, entry C, exit K3",,y2026,3332,191.0,-41.01,-1.15,0.489,-31.29,17.4,3.0,-0.07,2.0,10.0,C,K3,,,,
F2_rsi2_10_C_K5_S,F2,short,"Connors short <SMA200 RSI2 >90, entry C, exit K5",,train,20090,1417.0,12.31,0.42,0.48,26.22,14.2,5.0,36.98,2.0,10.0,C,K5,,,,
F2_rsi2_10_C_K5_S,F2,short,"Connors short <SMA200 RSI2 >90, entry C, exit K5",,valid1,6098,437.0,-69.23,-2.61,0.443,-56.21,14.0,5.0,-8.64,2.0,10.0,C,K5,,,,
F2_rsi2_10_C_K5_S,F2,short,"Connors short <SMA200 RSI2 >90, entry C, exit K5",,valid2,6782,397.0,-54.45,-1.96,0.466,-42.25,17.1,5.0,23.75,2.0,10.0,C,K5,,,,
F2_rsi2_10_C_K5_S,F2,short,"Connors short <SMA200 RSI2 >90, entry C, exit K5",,trainvalid1,26188,1854.0,-6.68,-0.28,0.472,7.03,14.1,5.0,26.35,2.0,10.0,C,K5,,,,
F2_rsi2_10_C_K5_S,F2,short,"Connors short <SMA200 RSI2 >90, entry C, exit K5",,all_open,32970,2251.0,-16.5,-0.83,0.47,-3.11,14.6,5.0,25.82,2.0,10.0,C,K5,,,,
F2_rsi2_10_C_K5_S,F2,short,"Connors short <SMA200 RSI2 >90, entry C, exit K5",,month_up,15145,808.0,-90.24,-3.52,0.424,-76.89,18.7,5.0,22.98,2.0,10.0,C,K5,,,,
F2_rsi2_10_C_K5_S,F2,short,"Connors short <SMA200 RSI2 >90, entry C, exit K5",,year_up,24058,1793.0,-54.23,-2.7,0.445,-40.69,13.4,5.0,17.54,2.0,10.0,C,K5,,,,
F2_rsi2_10_C_K5_S,F2,short,"Connors short <SMA200 RSI2 >90, entry C, exit K5",,month_flat,8321,730.0,-10.35,-0.36,0.466,3.46,11.4,5.0,15.25,2.0,10.0,C,K5,,,,
F2_rsi2_10_C_K5_S,F2,short,"Connors short <SMA200 RSI2 >90, entry C, exit K5",,year_flat,0,,,,,,,,,2.0,10.0,C,K5,,,,
F2_rsi2_10_C_K5_S,F2,short,"Connors short <SMA200 RSI2 >90, entry C, exit K5",,month_down,9504,713.0,95.61,2.52,0.548,108.71,13.3,5.0,39.59,2.0,10.0,C,K5,,,,
F2_rsi2_10_C_K5_S,F2,short,"Connors short <SMA200 RSI2 >90, entry C, exit K5",,year_down,8912,458.0,85.33,1.92,0.54,98.33,19.5,5.0,48.17,2.0,10.0,C,K5,,,,
F2_rsi2_10_C_K5_S,F2,short,"Connors short <SMA200 RSI2 >90, entry C, exit K5",,y2016,510,53.0,-128.75,-1.64,0.408,-113.91,9.6,5.0,-57.84,2.0,10.0,C,K5,,,,
F2_rsi2_10_C_K5_S,F2,short,"Connors short <SMA200 RSI2 >90, entry C, exit K5",,y2017,1845,239.0,-39.73,-2.14,0.422,-24.29,7.7,5.0,21.79,2.0,10.0,C,K5,,,,
F2_rsi2_10_C_K5_S,F2,short,"Connors short <SMA200 RSI2 >90, entry C, exit K5",,y2018,2744,236.0,5.86,0.24,0.488,19.75,11.6,5.0,30.37,2.0,10.0,C,K5,,,,
F2_rsi2_10_C_K5_S,F2,short,"Connors short <SMA200 RSI2 >90, entry C, exit K5",,y2019,3392,231.0,-120.05,-3.2,0.36,-105.44,14.7,5.0,-11.34,2.0,10.0,C,K5,,,,
F2_rsi2_10_C_K5_S,F2,short,"Connors short <SMA200 RSI2 >90, entry C, exit K5",,y2020,3857,213.0,34.88,0.37,0.506,49.98,18.1,5.0,92.25,2.0,10.0,C,K5,,,,
F2_rsi2_10_C_K5_S,F2,short,"Connors short <SMA200 RSI2 >90, entry C, exit K5",,y2021,1574,223.0,-64.49,-1.88,0.431,-51.92,7.1,5.0,-9.21,2.0,10.0,C,K5,,,,
F2_rsi2_10_C_K5_S,F2,short,"Connors short <SMA200 RSI2 >90, entry C, exit K5",,y2022,6168,222.0,120.69,1.91,0.563,133.29,27.8,5.0,56.09,2.0,10.0,C,K5,,,,
F2_rsi2_10_C_K5_S,F2,short,"Connors short <SMA200 RSI2 >90, entry C, exit K5",,y2023,4014,243.0,-82.71,-2.38,0.425,-69.71,16.5,5.0,-25.49,2.0,10.0,C,K5,,,,
F2_rsi2_10_C_K5_S,F2,short,"Connors short <SMA200 RSI2 >90, entry C, exit K5",,y2024,2084,194.0,-43.26,-1.16,0.478,-30.21,10.7,5.0,23.81,2.0,10.0,C,K5,,,,
F2_rsi2_10_C_K5_S,F2,short,"Connors short <SMA200 RSI2 >90, entry C, exit K5",,y2025,3872,209.0,-57.08,-1.4,0.448,-44.88,18.5,5.0,24.29,2.0,10.0,C,K5,,,,
F2_rsi2_10_C_K5_S,F2,short,"Connors short <SMA200 RSI2 >90, entry C, exit K5",,y2026,2910,188.0,-50.96,-1.45,0.489,-38.76,15.5,5.0,23.03,2.0,10.0,C,K5,,,,
F2_rsi2_10_C_SMA5_S,F2,short,"Connors short <SMA200 RSI2 >90, entry C, exit SMA5",,train,19288,1410.0,4.32,0.19,0.613,17.37,13.7,4.24,29.71,2.0,10.0,C,SMA5,,,,
F2_rsi2_10_C_SMA5_S,F2,short,"Connors short <SMA200 RSI2 >90, entry C, exit SMA5",,valid1,5862,438.0,-57.35,-2.48,0.579,-45.0,13.4,4.43,-2.62,2.0,10.0,C,SMA5,,,,
F2_rsi2_10_C_SMA5_S,F2,short,"Connors short <SMA200 RSI2 >90, entry C, exit SMA5",,valid2,6624,401.0,-43.92,-1.68,0.615,-32.58,16.5,4.28,18.37,2.0,10.0,C,SMA5,,,,
F2_rsi2_10_C_SMA5_S,F2,short,"Connors short <SMA200 RSI2 >90, entry C, exit SMA5",,trainvalid1,25150,1848.0,-10.06,-0.54,0.605,2.83,13.6,4.29,22.17,2.0,10.0,C,SMA5,,,,
F2_rsi2_10_C_SMA5_S,F2,short,"Connors short <SMA200 RSI2 >90, entry C, exit SMA5",,all_open,31774,2249.0,-17.11,-1.07,0.607,-4.55,14.1,4.28,21.38,2.0,10.0,C,SMA5,,,,
F2_rsi2_10_C_SMA5_S,F2,short,"Connors short <SMA200 RSI2 >90, entry C, exit SMA5",,month_up,14434,803.0,-74.08,-3.36,0.567,-61.23,18.0,4.53,23.5,2.0,10.0,C,SMA5,,,,
F2_rsi2_10_C_SMA5_S,F2,short,"Connors short <SMA200 RSI2 >90, entry C, exit SMA5",,year_up,23145,1793.0,-49.12,-2.91,0.586,-36.26,12.9,4.42,15.74,2.0,10.0,C,SMA5,,,,
F2_rsi2_10_C_SMA5_S,F2,short,"Connors short <SMA200 RSI2 >90, entry C, exit SMA5",,month_flat,8031,734.0,-15.81,-0.81,0.593,-2.92,10.9,4.29,9.76,2.0,10.0,C,SMA5,,,,
F2_rsi2_10_C_SMA5_S,F2,short,"Connors short <SMA200 RSI2 >90, entry C, exit SMA5",,year_flat,0,,,,,,,,,2.0,10.0,C,SMA5,,,,
F2_rsi2_10_C_SMA5_S,F2,short,"Connors short <SMA200 RSI2 >90, entry C, exit SMA5",,month_down,9309,712.0,70.08,2.38,0.681,81.92,13.1,3.89,28.12,2.0,10.0,C,SMA5,,,,
F2_rsi2_10_C_SMA5_S,F2,short,"Connors short <SMA200 RSI2 >90, entry C, exit SMA5",,year_down,8629,456.0,68.72,2.15,0.665,80.49,18.9,3.93,36.51,2.0,10.0,C,SMA5,,,,
F2_rsi2_10_C_SMA5_S,F2,short,"Connors short <SMA200 RSI2 >90, entry C, exit SMA5",,y2016,496,53.0,-78.61,-1.1,0.567,-64.35,9.4,4.5,-11.82,2.0,10.0,C,SMA5,,,,
F2_rsi2_10_C_SMA5_S,F2,short,"Connors short <SMA200 RSI2 >90, entry C, exit SMA5",,y2017,1757,238.0,-31.17,-1.84,0.583,-16.27,7.4,4.47,16.31,2.0,10.0,C,SMA5,,,,
F2_rsi2_10_C_SMA5_S,F2,short,"Connors short <SMA200 RSI2 >90, entry C, exit SMA5",,y2018,2634,234.0,24.15,1.28,0.637,37.01,11.3,4.14,34.51,2.0,10.0,C,SMA5,,,,
F2_rsi2_10_C_SMA5_S,F2,short,"Connors short <SMA200 RSI2 >90, entry C, exit SMA5",,y2019,3176,232.0,-94.78,-2.67,0.529,-80.39,13.7,4.81,-3.16,2.0,10.0,C,SMA5,,,,
F2_rsi2_10_C_SMA5_S,F2,short,"Connors short <SMA200 RSI2 >90, entry C, exit SMA5",,y2020,3715,210.0,-7.34,-0.1,0.605,6.86,17.7,4.22,70.75,2.0,10.0,C,SMA5,,,,
F2_rsi2_10_C_SMA5_S,F2,short,"Connors short <SMA200 RSI2 >90, entry C, exit SMA5",,y2021,1515,221.0,-57.83,-2.11,0.564,-45.71,6.9,4.55,-11.67,2.0,10.0,C,SMA5,,,,
F2_rsi2_10_C_SMA5_S,F2,short,"Connors short <SMA200 RSI2 >90, entry C, exit SMA5",,y2022,5995,222.0,88.3,1.95,0.677,99.6,27.0,3.83,37.39,2.0,10.0,C,SMA5,,,,
F2_rsi2_10_C_SMA5_S,F2,short,"Connors short <SMA200 RSI2 >90, entry C, exit SMA5",,y2023,3822,241.0,-72.68,-2.5,0.564,-60.22,15.9,4.51,-18.26,2.0,10.0,C,SMA5,,,,
F2_rsi2_10_C_SMA5_S,F2,short,"Connors short <SMA200 RSI2 >90, entry C, exit SMA5",,y2024,2040,197.0,-28.64,-0.79,0.606,-16.47,10.4,4.28,26.7,2.0,10.0,C,SMA5,,,,
F2_rsi2_10_C_SMA5_S,F2,short,"Connors short <SMA200 RSI2 >90, entry C, exit SMA5",,y2025,3670,208.0,-46.75,-1.13,0.606,-35.15,17.6,4.46,19.69,2.0,10.0,C,SMA5,,,,
F2_rsi2_10_C_SMA5_S,F2,short,"Connors short <SMA200 RSI2 >90, entry C, exit SMA5",,y2026,2954,193.0,-40.4,-1.46,0.626,-29.38,15.3,4.06,16.74,2.0,10.0,C,SMA5,,,,
F2_rsi2_10_O_K1_S,F2,short,"Connors short <SMA200 RSI2 >90, entry O, exit K1",,train,28562,1466.0,-7.87,-1.25,0.473,0.89,19.5,1.0,4.08,2.0,10.0,O,K1,,,,
F2_rsi2_10_O_K1_S,F2,short,"Connors short <SMA200 RSI2 >90, entry O, exit K1",,valid1,8789,450.0,-5.81,-0.92,0.491,2.08,19.5,1.0,2.95,2.0,10.0,O,K1,,,,
F2_rsi2_10_O_K1_S,F2,short,"Connors short <SMA200 RSI2 >90, entry O, exit K1",,valid2,9791,402.0,-17.0,-2.49,0.468,-9.96,24.4,1.0,-5.59,2.0,10.0,O,K1,,,,
F2_rsi2_10_O_K1_S,F2,short,"Connors short <SMA200 RSI2 >90, entry O, exit K1",,trainvalid1,37351,1916.0,-7.38,-1.47,0.477,1.17,19.5,1.0,3.81,2.0,10.0,O,K1,,,,
F2_rsi2_10_O_K1_S,F2,short,"Connors short <SMA200 RSI2 >90, entry O, exit K1",,all_open,47160,2319.0,-9.34,-2.21,0.475,-1.1,20.3,1.0,1.79,2.0,10.0,O,K1,,,,
F2_rsi2_10_O_K1_S,F2,short,"Connors short <SMA200 RSI2 >90, entry O, exit K1",,month_up,21852,821.0,-16.68,-2.4,0.462,-8.48,26.6,1.0,2.66,2.0,10.0,O,K1,,,,
F2_rsi2_10_O_K1_S,F2,short,"Connors short <SMA200 RSI2 >90, entry O, exit K1",,year_up,34804,1847.0,-8.98,-2.2,0.478,-0.61,18.8,1.0,2.84,2.0,10.0,O,K1,,,,
F2_rsi2_10_O_K1_S,F2,short,"Connors short <SMA200 RSI2 >90, entry O, exit K1",,month_flat,12311,756.0,2.34,0.35,0.499,11.0,16.3,1.0,4.22,2.0,10.0,O,K1,,,,
F2_rsi2_10_O_K1_S,F2,short,"Connors short <SMA200 RSI2 >90, entry O, exit K1",,year_flat,0,,,,,,,,,2.0,10.0,O,K1,,,,
F2_rsi2_10_O_K1_S,F2,short,"Connors short <SMA200 RSI2 >90, entry O, exit K1",,month_down,12997,742.0,-8.04,-1.07,0.475,-0.15,17.5,1.0,-1.96,2.0,10.0,O,K1,,,,
F2_rsi2_10_O_K1_S,F2,short,"Connors short <SMA200 RSI2 >90, entry O, exit K1",,year_down,12356,472.0,-10.34,-0.91,0.468,-2.47,26.2,1.0,-1.14,2.0,10.0,O,K1,,,,
F2_rsi2_10_O_K1_S,F2,short,"Connors short <SMA200 RSI2 >90, entry O, exit K1",,day_up,25452,785.0,-10.54,-1.54,0.465,-2.43,32.4,1.0,2.0,2.0,10.0,O,K1,,,,
F2_rsi2_10_O_K1_S,F2,short,"Connors short <SMA200 RSI2 >90, entry O, exit K1",,day_flat,13318,791.0,-4.79,-0.96,0.491,3.66,16.8,1.0,0.4,2.0,10.0,O,K1,,,,
F2_rsi2_10_O_K1_S,F2,short,"Connors short <SMA200 RSI2 >90, entry O, exit K1",,day_down,8372,742.0,-13.16,-1.55,0.481,-4.88,11.3,1.0,3.74,2.0,10.0,O,K1,,,,
F2_rsi2_10_O_K1_S,F2,short,"Connors short <SMA200 RSI2 >90, entry O, exit K1",,y2016,697,53.0,-17.32,-1.11,0.455,-7.75,13.2,1.0,0.92,2.0,10.0,O,K1,,,,
F2_rsi2_10_O_K1_S,F2,short,"Connors short <SMA200 RSI2 >90, entry O, exit K1",,y2017,2709,246.0,-4.9,-0.91,0.463,5.38,11.0,1.0,6.53,2.0,10.0,O,K1,,,,
F2_rsi2_10_O_K1_S,F2,short,"Connors short <SMA200 RSI2 >90, entry O, exit K1",,y2018,3855,242.0,5.03,0.64,0.499,13.77,15.9,1.0,9.83,2.0,10.0,O,K1,,,,
F2_rsi2_10_O_K1_S,F2,short,"Connors short <SMA200 RSI2 >90, entry O, exit K1",,y2019,5190,240.0,-13.09,-1.52,0.445,-3.67,21.6,1.0,6.66,2.0,10.0,O,K1,,,,
F2_rsi2_10_O_K1_S,F2,short,"Connors short <SMA200 RSI2 >90, entry O, exit K1",,y2020,5384,223.0,3.43,0.19,0.517,13.28,24.1,1.0,14.34,2.0,10.0,O,K1,,,,
F2_rsi2_10_O_K1_S,F2,short,"Connors short <SMA200 RSI2 >90, entry O, exit K1",,y2021,2226,232.0,-9.91,-1.31,0.475,-2.57,9.6,1.0,0.17,2.0,10.0,O,K1,,,,
F2_rsi2_10_O_K1_S,F2,short,"Connors short <SMA200 RSI2 >90, entry O, exit K1",,y2022,8501,230.0,-17.31,-1.08,0.455,-9.84,37.0,1.0,-6.11,2.0,10.0,O,K1,,,,
F2_rsi2_10_O_K1_S,F2,short,"Connors short <SMA200 RSI2 >90, entry O, exit K1",,y2023,5767,246.0,-9.47,-1.08,0.486,-1.63,23.4,1.0,1.35,2.0,10.0,O,K1,,,,
F2_rsi2_10_O_K1_S,F2,short,"Connors short <SMA200 RSI2 >90, entry O, exit K1",,y2024,3022,204.0,1.17,0.15,0.501,9.16,14.8,1.0,6.0,2.0,10.0,O,K1,,,,
F2_rsi2_10_O_K1_S,F2,short,"Connors short <SMA200 RSI2 >90, entry O, exit K1",,y2025,5504,210.0,-14.65,-1.63,0.462,-7.56,26.2,1.0,-3.23,2.0,10.0,O,K1,,,,
F2_rsi2_10_O_K1_S,F2,short,"Connors short <SMA200 RSI2 >90, entry O, exit K1",,y2026,4305,193.0,-19.5,-1.85,0.477,-12.53,22.3,1.0,-9.28,2.0,10.0,O,K1,,,,
F2_rsi2_10_O_K3_S,F2,short,"Connors short <SMA200 RSI2 >90, entry O, exit K3",,train,22353,1435.0,4.02,0.22,0.492,14.37,15.6,2.0,23.58,2.0,10.0,O,K3,,,,
F2_rsi2_10_O_K3_S,F2,short,"Connors short <SMA200 RSI2 >90, entry O, exit K3",,valid1,6868,443.0,-38.52,-2.47,0.457,-29.07,15.5,2.0,-2.62,2.0,10.0,O,K3,,,,
F2_rsi2_10_O_K3_S,F2,short,"Connors short <SMA200 RSI2 >90, entry O, exit K3",,valid2,7679,400.0,-31.65,-1.41,0.474,-23.05,19.2,2.0,8.85,2.0,10.0,O,K3,,,,
F2_rsi2_10_O_K3_S,F2,short,"Connors short <SMA200 RSI2 >90, entry O, exit K3",,trainvalid1,29221,1878.0,-5.98,-0.42,0.484,4.16,15.6,2.0,17.42,2.0,10.0,O,K3,,,,
F2_rsi2_10_O_K3_S,F2,short,"Connors short <SMA200 RSI2 >90, entry O, exit K3",,all_open,36918,2279.0,-11.24,-0.92,0.482,-1.42,16.2,2.0,15.59,2.0,10.0,O,K3,,,,
F2_rsi2_10_O_K3_S,F2,short,"Connors short <SMA200 RSI2 >90, entry O, exit K3",,month_up,16938,813.0,-42.89,-2.51,0.452,-33.13,20.8,2.0,20.08,2.0,10.0,O,K3,,,,
F2_rsi2_10_O_K3_S,F2,short,"Connors short <SMA200 RSI2 >90, entry O, exit K3",,year_up,27100,1816.0,-31.37,-2.49,0.464,-21.42,14.9,2.0,12.14,2.0,10.0,O,K3,,,,
F2_rsi2_10_O_K3_S,F2,short,"Connors short <SMA200 RSI2 >90, entry O, exit K3",,month_flat,9530,742.0,-27.36,-1.18,0.468,-17.17,12.8,2.0,-5.32,2.0,10.0,O,K3,,,,
F2_rsi2_10_O_K3_S,F2,short,"Connors short <SMA200 RSI2 >90, entry O, exit K3",,year_flat,0,,,,,,,,,2.0,10.0,O,K3,,,,
F2_rsi2_10_O_K3_S,F2,short,"Connors short <SMA200 RSI2 >90, entry O, exit K3",,month_down,10450,724.0,54.77,2.44,0.543,64.34,14.4,2.0,27.38,2.0,10.0,O,K3,,,,
F2_rsi2_10_O_K3_S,F2,short,"Connors short <SMA200 RSI2 >90, entry O, exit K3",,year_down,9818,463.0,44.34,1.55,0.53,53.79,21.2,2.0,25.1,2.0,10.0,O,K3,,,,
F2_rsi2_10_O_K3_S,F2,short,"Connors short <SMA200 RSI2 >90, entry O, exit K3",,y2016,565,53.0,-82.15,-1.71,0.414,-70.95,10.7,2.0,-41.11,2.0,10.0,O,K3,,,,
F2_rsi2_10_O_K3_S,F2,short,"Connors short <SMA200 RSI2 >90, entry O, exit K3",,y2017,2097,243.0,-20.84,-2.06,0.461,-8.96,8.6,2.0,10.46,2.0,10.0,O,K3,,,,
F2_rsi2_10_O_K3_S,F2,short,"Connors short <SMA200 RSI2 >90, entry O, exit K3",,y2018,3067,237.0,20.75,1.09,0.517,31.15,12.9,2.0,20.54,2.0,10.0,O,K3,,,,
F2_rsi2_10_O_K3_S,F2,short,"Connors short <SMA200 RSI2 >90, entry O, exit K3",,y2019,3925,234.0,-65.24,-3.19,0.391,-54.32,16.8,2.0,0.51,2.0,10.0,O,K3,,,,
F2_rsi2_10_O_K3_S,F2,short,"Connors short <SMA200 RSI2 >90, entry O, exit K3",,y2020,4195,216.0,12.09,0.2,0.536,23.69,19.4,2.0,68.55,2.0,10.0,O,K3,,,,
F2_rsi2_10_O_K3_S,F2,short,"Connors short <SMA200 RSI2 >90, entry O, exit K3",,y2021,1753,226.0,-28.56,-1.52,0.464,-19.54,7.8,2.0,-4.39,2.0,10.0,O,K3,,,,
F2_rsi2_10_O_K3_S,F2,short,"Connors short <SMA200 RSI2 >90, entry O, exit K3",,y2022,6751,226.0,55.05,1.34,0.536,64.08,29.9,2.0,27.17,2.0,10.0,O,K3,,,,
F2_rsi2_10_O_K3_S,F2,short,"Connors short <SMA200 RSI2 >90, entry O, exit K3",,y2023,4520,242.0,-41.3,-1.95,0.451,-31.87,18.7,2.0,-7.99,2.0,10.0,O,K3,,,,
F2_rsi2_10_O_K3_S,F2,short,"Connors short <SMA200 RSI2 >90, entry O, exit K3",,y2024,2348,201.0,-33.15,-1.64,0.468,-23.67,11.7,2.0,7.71,2.0,10.0,O,K3,,,,
F2_rsi2_10_O_K3_S,F2,short,"Connors short <SMA200 RSI2 >90, entry O, exit K3",,y2025,4365,210.0,-26.25,-0.81,0.47,-17.6,20.8,2.0,14.45,2.0,10.0,O,K3,,,,
F2_rsi2_10_O_K3_S,F2,short,"Connors short <SMA200 RSI2 >90, entry O, exit K3",,y2026,3332,191.0,-37.69,-1.26,0.48,-29.16,17.4,2.0,1.04,2.0,10.0,O,K3,,,,
F2_rsi2_10_O_K5_S,F2,short,"Connors short <SMA200 RSI2 >90, entry O, exit K5",,train,20090,1417.0,20.92,0.73,0.483,33.62,14.2,4.0,37.7,2.0,10.0,O,K5,,,,
F2_rsi2_10_O_K5_S,F2,short,"Connors short <SMA200 RSI2 >90, entry O, exit K5",,valid1,6098,437.0,-53.1,-1.92,0.459,-41.27,14.0,4.0,-4.87,2.0,10.0,O,K5,,,,
F2_rsi2_10_O_K5_S,F2,short,"Connors short <SMA200 RSI2 >90, entry O, exit K5",,valid2,6775,397.0,-52.27,-1.79,0.459,-41.27,17.1,4.0,25.35,2.0,10.0,O,K5,,,,
F2_rsi2_10_O_K5_S,F2,short,"Connors short <SMA200 RSI2 >90, entry O, exit K5",,trainvalid1,26188,1854.0,3.69,0.16,0.478,16.18,14.1,4.0,27.79,2.0,10.0,O,K5,,,,
F2_rsi2_10_O_K5_S,F2,short,"Connors short <SMA200 RSI2 >90, entry O, exit K5",,all_open,32981,2252.0,-7.78,-0.4,0.474,4.4,14.6,4.0,27.1,2.0,10.0,O,K5,,,,
F2_rsi2_10_O_K5_S,F2,short,"Connors short <SMA200 RSI2 >90, entry O, exit K5",,month_up,15145,808.0,-68.98,-2.57,0.435,-56.85,18.7,4.0,26.28,2.0,10.0,O,K5,,,,
F2_rsi2_10_O_K5_S,F2,short,"Connors short <SMA200 RSI2 >90, entry O, exit K5",,year_up,24069,1794.0,-38.93,-1.9,0.451,-26.59,13.4,4.0,21.61,2.0,10.0,O,K5,,,,
F2_rsi2_10_O_K5_S,F2,short,"Connors short <SMA200 RSI2 >90, entry O, exit K5",,month_flat,8321,730.0,0.23,0.01,0.471,12.82,11.4,4.0,17.37,2.0,10.0,O,K5,,,,
F2_rsi2_10_O_K5_S,F2,short,"Connors short <SMA200 RSI2 >90, entry O, exit K5",,year_flat,0,,,,,,,,,2.0,10.0,O,K5,,,,
F2_rsi2_10_O_K5_S,F2,short,"Connors short <SMA200 RSI2 >90, entry O, exit K5",,month_down,9515,714.0,82.62,2.31,0.539,94.54,13.3,4.0,36.9,2.0,10.0,O,K5,,,,
F2_rsi2_10_O_K5_S,F2,short,"Connors short <SMA200 RSI2 >90, entry O, exit K5",,year_down,8912,458.0,76.33,1.77,0.535,88.12,19.5,4.0,41.93,2.0,10.0,O,K5,,,,
F2_rsi2_10_O_K5_S,F2,short,"Connors short <SMA200 RSI2 >90, entry O, exit K5",,y2016,510,53.0,-132.99,-1.64,0.38,-119.29,9.6,4.0,-68.6,2.0,10.0,O,K5,,,,
F2_rsi2_10_O_K5_S,F2,short,"Connors short <SMA200 RSI2 >90, entry O, exit K5",,y2017,1845,239.0,-32.35,-1.7,0.438,-18.11,7.7,4.0,22.21,2.0,10.0,O,K5,,,,
F2_rsi2_10_O_K5_S,F2,short,"Connors short <SMA200 RSI2 >90, entry O, exit K5",,y2018,2744,236.0,11.85,0.47,0.497,24.58,11.6,4.0,31.26,2.0,10.0,O,K5,,,,
F2_rsi2_10_O_K5_S,F2,short,"Connors short <SMA200 RSI2 >90, entry O, exit K5",,y2019,3392,231.0,-115.34,-2.93,0.355,-102.01,14.7,4.0,-10.5,2.0,10.0,O,K5,,,,
F2_rsi2_10_O_K5_S,F2,short,"Connors short <SMA200 RSI2 >90, entry O, exit K5",,y2020,3857,213.0,90.61,1.06,0.534,104.56,18.1,4.0,113.79,2.0,10.0,O,K5,,,,
F2_rsi2_10_O_K5_S,F2,short,"Connors short <SMA200 RSI2 >90, entry O, exit K5",,y2021,1574,223.0,-57.61,-1.76,0.433,-46.26,7.1,4.0,-16.26,2.0,10.0,O,K5,,,,
F2_rsi2_10_O_K5_S,F2,short,"Connors short <SMA200 RSI2 >90, entry O, exit K5",,y2022,6168,222.0,105.02,1.71,0.552,116.38,27.8,4.0,46.67,2.0,10.0,O,K5,,,,
F2_rsi2_10_O_K5_S,F2,short,"Connors short <SMA200 RSI2 >90, entry O, exit K5",,y2023,4014,243.0,-63.34,-1.68,0.444,-51.52,16.5,4.0,-19.73,2.0,10.0,O,K5,,,,
F2_rsi2_10_O_K5_S,F2,short,"Connors short <SMA200 RSI2 >90, entry O, exit K5",,y2024,2084,194.0,-33.36,-0.96,0.488,-21.53,10.7,4.0,23.76,2.0,10.0,O,K5,,,,
F2_rsi2_10_O_K5_S,F2,short,"Connors short <SMA200 RSI2 >90, entry O, exit K5",,y2025,3883,210.0,-57.28,-1.31,0.438,-46.29,18.5,4.0,22.9,2.0,10.0,O,K5,,,,
F2_rsi2_10_O_K5_S,F2,short,"Connors short <SMA200 RSI2 >90, entry O, exit K5",,y2026,2910,188.0,-44.94,-1.29,0.488,-33.96,15.5,4.0,26.52,2.0,10.0,O,K5,,,,
F2_rsi2_10_O_SMA5_S,F2,short,"Connors short <SMA200 RSI2 >90, entry O, exit SMA5",,train,19288,1410.0,12.55,0.58,0.628,24.47,13.7,3.35,30.22,2.0,10.0,O,SMA5,,,,
F2_rsi2_10_O_SMA5_S,F2,short,"Connors short <SMA200 RSI2 >90, entry O, exit SMA5",,valid1,5862,438.0,-42.02,-1.83,0.597,-30.76,13.4,3.53,0.08,2.0,10.0,O,SMA5,,,,
F2_rsi2_10_O_SMA5_S,F2,short,"Connors short <SMA200 RSI2 >90, entry O, exit SMA5",,valid2,6604,400.0,-38.93,-1.38,0.612,-28.67,16.5,3.39,21.7,2.0,10.0,O,SMA5,,,,
F2_rsi2_10_O_SMA5_S,F2,short,"Connors short <SMA200 RSI2 >90, entry O, exit SMA5",,trainvalid1,25150,1848.0,-0.17,-0.01,0.621,11.59,13.6,3.39,23.2,2.0,10.0,O,SMA5,,,,
F2_rsi2_10_O_SMA5_S,F2,short,"Connors short <SMA200 RSI2 >90, entry O, exit SMA5",,all_open,31772,2249.0,-8.1,-0.53,0.619,3.35,14.1,3.39,22.78,2.0,10.0,O,SMA5,,,,
F2_rsi2_10_O_SMA5_S,F2,short,"Connors short <SMA200 RSI2 >90, entry O, exit SMA5",,month_up,14434,803.0,-50.0,-2.18,0.59,-38.28,18.0,3.62,27.77,2.0,10.0,O,SMA5,,,,
F2_rsi2_10_O_SMA5_S,F2,short,"Connors short <SMA200 RSI2 >90, entry O, exit SMA5",,year_up,23143,1793.0,-33.4,-1.98,0.599,-21.65,12.9,3.52,20.04,2.0,10.0,O,SMA5,,,,
F2_rsi2_10_O_SMA5_S,F2,short,"Connors short <SMA200 RSI2 >90, entry O, exit SMA5",,month_flat,8017,733.0,-8.96,-0.51,0.604,2.82,10.9,3.42,10.46,2.0,10.0,O,SMA5,,,,
F2_rsi2_10_O_SMA5_S,F2,short,"Connors short <SMA200 RSI2 >90, entry O, exit SMA5",,year_flat,0,,,,,,,,,2.0,10.0,O,SMA5,,,,
F2_rsi2_10_O_SMA5_S,F2,short,"Connors short <SMA200 RSI2 >90, entry O, exit SMA5",,month_down,9321,713.0,57.51,2.1,0.676,68.27,13.1,3.01,25.64,2.0,10.0,O,SMA5,,,,
F2_rsi2_10_O_SMA5_S,F2,short,"Connors short <SMA200 RSI2 >90, entry O, exit SMA5",,year_down,8629,456.0,59.74,1.97,0.672,70.38,18.9,3.03,30.11,2.0,10.0,O,SMA5,,,,
F2_rsi2_10_O_SMA5_S,F2,short,"Connors short <SMA200 RSI2 >90, entry O, exit SMA5",,y2016,496,53.0,-81.97,-1.1,0.546,-68.73,9.4,3.62,-21.64,2.0,10.0,O,SMA5,,,,
F2_rsi2_10_O_SMA5_S,F2,short,"Connors short <SMA200 RSI2 >90, entry O, exit SMA5",,y2017,1757,238.0,-23.7,-1.39,0.59,-9.9,7.4,3.59,16.66,2.0,10.0,O,SMA5,,,,
F2_rsi2_10_O_SMA5_S,F2,short,"Connors short <SMA200 RSI2 >90, entry O, exit SMA5",,y2018,2634,234.0,31.05,1.67,0.662,42.86,11.3,3.25,35.71,2.0,10.0,O,SMA5,,,,
F2_rsi2_10_O_SMA5_S,F2,short,"Connors short <SMA200 RSI2 >90, entry O, exit SMA5",,y2019,3176,232.0,-88.35,-2.34,0.53,-75.16,13.7,3.92,-1.62,2.0,10.0,O,SMA5,,,,
F2_rsi2_10_O_SMA5_S,F2,short,"Connors short <SMA200 RSI2 >90, entry O, exit SMA5",,y2020,3715,210.0,44.78,0.66,0.659,57.9,17.7,3.3,90.95,2.0,10.0,O,SMA5,,,,
F2_rsi2_10_O_SMA5_S,F2,short,"Connors short <SMA200 RSI2 >90, entry O, exit SMA5",,y2021,1515,221.0,-50.83,-2.03,0.573,-39.83,6.9,3.65,-18.64,2.0,10.0,O,SMA5,,,,
F2_rsi2_10_O_SMA5_S,F2,short,"Connors short <SMA200 RSI2 >90, entry O, exit SMA5",,y2022,5995,222.0,72.35,1.68,0.677,82.48,27.0,2.94,27.65,2.0,10.0,O,SMA5,,,,
F2_rsi2_10_O_SMA5_S,F2,short,"Connors short <SMA200 RSI2 >90, entry O, exit SMA5",,y2023,3822,241.0,-51.95,-1.7,0.593,-40.59,15.9,3.6,-11.91,2.0,10.0,O,SMA5,,,,
F2_rsi2_10_O_SMA5_S,F2,short,"Connors short <SMA200 RSI2 >90, entry O, exit SMA5",,y2024,2040,197.0,-23.4,-0.72,0.604,-12.34,10.4,3.41,22.56,2.0,10.0,O,SMA5,,,,
F2_rsi2_10_O_SMA5_S,F2,short,"Connors short <SMA200 RSI2 >90, entry O, exit SMA5",,y2025,3682,209.0,-41.9,-0.94,0.61,-31.4,17.6,3.55,20.83,2.0,10.0,O,SMA5,,,,
F2_rsi2_10_O_SMA5_S,F2,short,"Connors short <SMA200 RSI2 >90, entry O, exit SMA5",,y2026,2940,192.0,-33.63,-1.13,0.617,-23.69,15.3,3.19,21.64,2.0,10.0,O,SMA5,,,,
F2_rsi3_5_C_K1_S,F2,short,"Connors short <SMA200 RSI3 >95, entry C, exit K1",,train,2580,739.0,-3.53,-0.18,0.495,6.16,3.5,1.0,3.66,3.0,5.0,C,K1,,,,
F2_rsi3_5_C_K1_S,F2,short,"Connors short <SMA200 RSI3 >95, entry C, exit K1",,valid1,778,245.0,4.49,0.32,0.519,12.89,3.2,1.0,5.29,3.0,5.0,C,K1,,,,
F2_rsi3_5_C_K1_S,F2,short,"Connors short <SMA200 RSI3 >95, entry C, exit K1",,valid2,874,244.0,-2.45,-0.14,0.497,5.09,3.6,1.0,19.79,3.0,5.0,C,K1,,,,
F2_rsi3_5_C_K1_S,F2,short,"Connors short <SMA200 RSI3 >95, entry C, exit K1",,trainvalid1,3358,984.0,-1.67,-0.11,0.5,7.72,3.4,1.0,4.03,3.0,5.0,C,K1,,,,
F2_rsi3_5_C_K1_S,F2,short,"Connors short <SMA200 RSI3 >95, entry C, exit K1",,all_open,4232,1228.0,-1.84,-0.14,0.5,7.18,3.4,1.0,7.29,3.0,5.0,C,K1,,,,
F2_rsi3_5_C_K1_S,F2,short,"Connors short <SMA200 RSI3 >95, entry C, exit K1",,month_up,2122,512.0,-9.16,-0.59,0.488,-0.08,4.1,1.0,7.63,3.0,5.0,C,K1,,,,
F2_rsi3_5_C_K1_S,F2,short,"Connors short <SMA200 RSI3 >95, entry C, exit K1",,year_up,3311,987.0,-4.18,-0.26,0.501,4.95,3.4,1.0,8.56,3.0,5.0,C,K1,,,,
F2_rsi3_5_C_K1_S,F2,short,"Connors short <SMA200 RSI3 >95, entry C, exit K1",,month_flat,1254,393.0,-6.48,-0.2,0.507,3.03,3.2,1.0,7.4,3.0,5.0,C,K1,,,,
F2_rsi3_5_C_K1_S,F2,short,"Connors short <SMA200 RSI3 >95, entry C, exit K1",,year_flat,0,,,,,,,,,3.0,5.0,C,K1,,,,
F2_rsi3_5_C_K1_S,F2,short,"Connors short <SMA200 RSI3 >95, entry C, exit K1",,month_down,856,323.0,23.13,1.46,0.516,31.26,2.7,1.0,6.26,3.0,5.0,C,K1,,,,
F2_rsi3_5_C_K1_S,F2,short,"Connors short <SMA200 RSI3 >95, entry C, exit K1",,year_down,921,241.0,6.58,0.39,0.495,15.19,3.8,1.0,2.71,3.0,5.0,C,K1,,,,
F2_rsi3_5_C_K1_S,F2,short,"Connors short <SMA200 RSI3 >95, entry C, exit K1",,day_up,2065,451.0,31.59,1.72,0.532,40.88,4.6,1.0,25.11,3.0,5.0,C,K1,,,,
F2_rsi3_5_C_K1_S,F2,short,"Connors short <SMA200 RSI3 >95, entry C, exit K1",,day_flat,1423,458.0,-49.22,-2.25,0.45,-40.25,3.1,1.0,-26.43,3.0,5.0,C,K1,,,,
F2_rsi3_5_C_K1_S,F2,short,"Connors short <SMA200 RSI3 >95, entry C, exit K1",,day_down,744,319.0,-3.97,-0.26,0.503,4.35,2.3,1.0,22.34,3.0,5.0,C,K1,,,,
F2_rsi3_5_C_K1_S,F2,short,"Connors short <SMA200 RSI3 >95, entry C, exit K1",,y2016,58,24.0,22.65,0.53,0.534,32.76,2.4,1.0,46.55,3.0,5.0,C,K1,,,,
F2_rsi3_5_C_K1_S,F2,short,"Connors short <SMA200 RSI3 >95, entry C, exit K1",,y2017,282,142.0,0.55,0.05,0.511,10.95,2.0,1.0,15.9,3.0,5.0,C,K1,,,,
F2_rsi3_5_C_K1_S,F2,short,"Connors short <SMA200 RSI3 >95, entry C, exit K1",,y2018,301,121.0,17.63,1.18,0.508,26.98,2.5,1.0,18.53,3.0,5.0,C,K1,,,,
F2_rsi3_5_C_K1_S,F2,short,"Connors short <SMA200 RSI3 >95, entry C, exit K1",,y2019,667,141.0,-24.1,-1.06,0.457,-13.74,4.7,1.0,-4.16,3.0,5.0,C,K1,,,,
F2_rsi3_5_C_K1_S,F2,short,"Connors short <SMA200 RSI3 >95, entry C, exit K1",,y2020,496,104.0,8.59,0.09,0.536,19.64,4.8,1.0,7.88,3.0,5.0,C,K1,,,,
F2_rsi3_5_C_K1_S,F2,short,"Connors short <SMA200 RSI3 >95, entry C, exit K1",,y2021,156,87.0,-30.96,-1.58,0.474,-23.42,1.8,1.0,-8.87,3.0,5.0,C,K1,,,,
F2_rsi3_5_C_K1_S,F2,short,"Connors short <SMA200 RSI3 >95, entry C, exit K1",,y2022,620,120.0,1.21,0.05,0.489,9.47,5.2,1.0,-4.97,3.0,5.0,C,K1,,,,
F2_rsi3_5_C_K1_S,F2,short,"Connors short <SMA200 RSI3 >95, entry C, exit K1",,y2023,522,141.0,4.03,0.23,0.504,12.43,3.7,1.0,9.54,3.0,5.0,C,K1,,,,
F2_rsi3_5_C_K1_S,F2,short,"Connors short <SMA200 RSI3 >95, entry C, exit K1",,y2024,256,104.0,5.43,0.24,0.551,13.85,2.5,1.0,-3.37,3.0,5.0,C,K1,,,,
F2_rsi3_5_C_K1_S,F2,short,"Connors short <SMA200 RSI3 >95, entry C, exit K1",,y2025,476,126.0,-26.15,-1.31,0.481,-18.74,3.8,1.0,-3.28,3.0,5.0,C,K1,,,,
F2_rsi3_5_C_K1_S,F2,short,"Connors short <SMA200 RSI3 >95, entry C, exit K1",,y2026,398,118.0,25.88,0.92,0.515,33.6,3.4,1.0,47.38,3.0,5.0,C,K1,,,,
F2_rsi3_5_C_K3_S,F2,short,"Connors short <SMA200 RSI3 >95, entry C, exit K3",,train,2150,682.0,52.98,1.24,0.512,65.16,3.2,3.0,47.84,3.0,5.0,C,K3,,,,
F2_rsi3_5_C_K3_S,F2,short,"Connors short <SMA200 RSI3 >95, entry C, exit K3",,valid1,664,224.0,-11.95,-0.53,0.503,-1.31,3.0,3.0,4.79,3.0,5.0,C,K3,,,,
F2_rsi3_5_C_K3_S,F2,short,"Connors short <SMA200 RSI3 >95, entry C, exit K3",,valid2,734,228.0,10.51,0.28,0.525,20.35,3.2,3.0,60.36,3.0,5.0,C,K3,,,,
F2_rsi3_5_C_K3_S,F2,short,"Connors short <SMA200 RSI3 >95, entry C, exit K3",,trainvalid1,2814,906.0,37.66,1.12,0.51,49.48,3.1,3.0,37.68,3.0,5.0,C,K3,,,,
F2_rsi3_5_C_K3_S,F2,short,"Connors short <SMA200 RSI3 >95, entry C, exit K3",,all_open,3548,1134.0,32.05,1.14,0.513,43.45,3.1,3.0,42.37,3.0,5.0,C,K3,,,,
F2_rsi3_5_C_K3_S,F2,short,"Connors short <SMA200 RSI3 >95, entry C, exit K3",,month_up,1772,479.0,-4.78,-0.14,0.488,6.62,3.7,3.0,37.06,3.0,5.0,C,K3,,,,
F2_rsi3_5_C_K3_S,F2,short,"Connors short <SMA200 RSI3 >95, entry C, exit K3",,year_up,2780,908.0,30.31,0.87,0.51,41.82,3.1,3.0,47.92,3.0,5.0,C,K3,,,,
F2_rsi3_5_C_K3_S,F2,short,"Connors short <SMA200 RSI3 >95, entry C, exit K3",,month_flat,1052,361.0,86.15,1.35,0.543,98.17,2.9,3.0,74.9,3.0,5.0,C,K3,,,,
F2_rsi3_5_C_K3_S,F2,short,"Connors short <SMA200 RSI3 >95, entry C, exit K3",,year_flat,0,,,,,,,,,3.0,5.0,C,K3,,,,
F2_rsi3_5_C_K3_S,F2,short,"Connors short <SMA200 RSI3 >95, entry C, exit K3",,month_down,724,294.0,43.56,1.18,0.529,54.09,2.5,3.0,8.11,3.0,5.0,C,K3,,,,
F2_rsi3_5_C_K3_S,F2,short,"Connors short <SMA200 RSI3 >95, entry C, exit K3",,year_down,768,226.0,38.34,1.18,0.521,49.36,3.4,3.0,22.3,3.0,5.0,C,K3,,,,
F2_rsi3_5_C_K3_S,F2,short,"Connors short <SMA200 RSI3 >95, entry C, exit K3",,y2016,52,23.0,-85.7,-1.31,0.462,-72.86,2.3,3.0,-4.65,3.0,5.0,C,K3,,,,
F2_rsi3_5_C_K3_S,F2,short,"Connors short <SMA200 RSI3 >95, entry C, exit K3",,y2017,241,129.0,13.53,0.55,0.502,26.29,1.9,3.0,43.85,3.0,5.0,C,K3,,,,
F2_rsi3_5_C_K3_S,F2,short,"Connors short <SMA200 RSI3 >95, entry C, exit K3",,y2018,249,114.0,78.74,2.2,0.526,90.45,2.2,3.0,52.29,3.0,5.0,C,K3,,,,
F2_rsi3_5_C_K3_S,F2,short,"Connors short <SMA200 RSI3 >95, entry C, exit K3",,y2019,523,129.0,-61.06,-1.85,0.423,-48.38,4.1,3.0,-5.19,3.0,5.0,C,K3,,,,
F2_rsi3_5_C_K3_S,F2,short,"Connors short <SMA200 RSI3 >95, entry C, exit K3",,y2020,437,98.0,286.4,2.46,0.634,300.3,4.5,3.0,185.52,3.0,5.0,C,K3,,,,
F2_rsi3_5_C_K3_S,F2,short,"Connors short <SMA200 RSI3 >95, entry C, exit K3",,y2021,129,77.0,-58.51,-1.58,0.442,-48.71,1.7,3.0,-22.92,3.0,5.0,C,K3,,,,
F2_rsi3_5_C_K3_S,F2,short,"Connors short <SMA200 RSI3 >95, entry C, exit K3",,y2022,519,112.0,18.95,0.44,0.518,29.64,4.6,3.0,7.91,3.0,5.0,C,K3,,,,
F2_rsi3_5_C_K3_S,F2,short,"Connors short <SMA200 RSI3 >95, entry C, exit K3",,y2023,447,130.0,-25.08,-0.81,0.483,-14.41,3.4,3.0,-0.15,3.0,5.0,C,K3,,,,
F2_rsi3_5_C_K3_S,F2,short,"Connors short <SMA200 RSI3 >95, entry C, exit K3",,y2024,217,94.0,15.1,0.7,0.544,25.67,2.3,3.0,14.95,3.0,5.0,C,K3,,,,
F2_rsi3_5_C_K3_S,F2,short,"Connors short <SMA200 RSI3 >95, entry C, exit K3",,y2025,404,119.0,-13.74,-0.42,0.505,-4.0,3.4,3.0,37.17,3.0,5.0,C,K3,,,,
F2_rsi3_5_C_K3_S,F2,short,"Connors short <SMA200 RSI3 >95, entry C, exit K3",,y2026,330,109.0,40.2,0.57,0.548,50.16,3.0,3.0,88.75,3.0,5.0,C,K3,,,,
F2_rsi3_5_C_K5_S,F2,short,"Connors short <SMA200 RSI3 >95, entry C, exit K5",,train,2055,674.0,66.87,0.95,0.508,81.38,3.0,5.0,67.21,3.0,5.0,C,K5,,,,
F2_rsi3_5_C_K5_S,F2,short,"Connors short <SMA200 RSI3 >95, entry C, exit K5",,valid1,638,221.0,-78.94,-2.06,0.433,-65.89,2.9,5.0,-29.59,3.0,5.0,C,K5,,,,
F2_rsi3_5_C_K5_S,F2,short,"Connors short <SMA200 RSI3 >95, entry C, exit K5",,valid2,702,222.0,21.68,0.47,0.514,33.9,3.2,5.0,89.75,3.0,5.0,C,K5,,,,
F2_rsi3_5_C_K5_S,F2,short,"Connors short <SMA200 RSI3 >95, entry C, exit K5",,trainvalid1,2693,895.0,32.33,0.58,0.49,46.49,3.0,5.0,44.28,3.0,5.0,C,K5,,,,
F2_rsi3_5_C_K5_S,F2,short,"Connors short <SMA200 RSI3 >95, entry C, exit K5",,all_open,3395,1117.0,30.13,0.66,0.495,43.89,3.0,5.0,53.68,3.0,5.0,C,K5,,,,
F2_rsi3_5_C_K5_S,F2,short,"Connors short <SMA200 RSI3 >95, entry C, exit K5",,month_up,1697,474.0,-50.12,-1.17,0.437,-36.46,3.6,5.0,42.74,3.0,5.0,C,K5,,,,
F2_rsi3_5_C_K5_S,F2,short,"Connors short <SMA200 RSI3 >95, entry C, exit K5",,year_up,2651,892.0,21.18,0.37,0.482,35.07,3.0,5.0,53.23,3.0,5.0,C,K5,,,,
F2_rsi3_5_C_K5_S,F2,short,"Connors short <SMA200 RSI3 >95, entry C, exit K5",,month_flat,1006,355.0,127.46,1.08,0.557,141.97,2.8,5.0,84.82,3.0,5.0,C,K5,,,,
F2_rsi3_5_C_K5_S,F2,short,"Connors short <SMA200 RSI3 >95, entry C, exit K5",,year_flat,0,,,,,,,,,3.0,5.0,C,K5,,,,
F2_rsi3_5_C_K5_S,F2,short,"Connors short <SMA200 RSI3 >95, entry C, exit K5",,month_down,692,288.0,85.41,1.68,0.549,98.32,2.4,5.0,35.21,3.0,5.0,C,K5,,,,
F2_rsi3_5_C_K5_S,F2,short,"Connors short <SMA200 RSI3 >95, entry C, exit K5",,year_down,744,225.0,62.01,1.23,0.542,75.32,3.3,5.0,55.25,3.0,5.0,C,K5,,,,
F2_rsi3_5_C_K5_S,F2,short,"Connors short <SMA200 RSI3 >95, entry C, exit K5",,y2016,51,23.0,-145.12,-2.19,0.412,-129.92,2.2,5.0,-63.47,3.0,5.0,C,K5,,,,
F2_rsi3_5_C_K5_S,F2,short,"Connors short <SMA200 RSI3 >95, entry C, exit K5",,y2017,237,129.0,-6.81,-0.19,0.477,8.31,1.8,5.0,43.78,3.0,5.0,C,K5,,,,
F2_rsi3_5_C_K5_S,F2,short,"Connors short <SMA200 RSI3 >95, entry C, exit K5",,y2018,239,111.0,73.14,1.55,0.582,87.1,2.2,5.0,37.21,3.0,5.0,C,K5,,,,
F2_rsi3_5_C_K5_S,F2,short,"Connors short <SMA200 RSI3 >95, entry C, exit K5",,y2019,479,126.0,-106.28,-3.28,0.372,-91.14,3.8,5.0,-17.49,3.0,5.0,C,K5,,,,
F2_rsi3_5_C_K5_S,F2,short,"Connors short <SMA200 RSI3 >95, entry C, exit K5",,y2020,420,95.0,363.18,1.55,0.645,379.29,4.4,5.0,223.99,3.0,5.0,C,K5,,,,
F2_rsi3_5_C_K5_S,F2,short,"Connors short <SMA200 RSI3 >95, entry C, exit K5",,y2021,124,76.0,-10.62,-0.24,0.468,1.67,1.6,5.0,33.6,3.0,5.0,C,K5,,,,
F2_rsi3_5_C_K5_S,F2,short,"Connors short <SMA200 RSI3 >95, entry C, exit K5",,y2022,505,114.0,56.74,0.81,0.523,69.74,4.4,5.0,63.8,3.0,5.0,C,K5,,,,
F2_rsi3_5_C_K5_S,F2,short,"Connors short <SMA200 RSI3 >95, entry C, exit K5",,y2023,429,129.0,-111.97,-2.28,0.403,-98.95,3.3,5.0,-50.26,3.0,5.0,C,K5,,,,
F2_rsi3_5_C_K5_S,F2,short,"Connors short <SMA200 RSI3 >95, entry C, exit K5",,y2024,209,92.0,-11.14,-0.26,0.493,1.96,2.3,5.0,12.83,3.0,5.0,C,K5,,,,
F2_rsi3_5_C_K5_S,F2,short,"Connors short <SMA200 RSI3 >95, entry C, exit K5",,y2025,390,116.0,-25.16,-0.6,0.474,-13.03,3.4,5.0,64.01,3.0,5.0,C,K5,,,,
F2_rsi3_5_C_K5_S,F2,short,"Connors short <SMA200 RSI3 >95, entry C, exit K5",,y2026,312,106.0,80.24,0.97,0.564,92.57,2.9,5.0,121.92,3.0,5.0,C,K5,,,,
F2_rsi3_5_C_SMA5_S,F2,short,"Connors short <SMA200 RSI3 >95, entry C, exit SMA5",,train,1987,651.0,43.37,1.04,0.632,56.98,3.1,4.21,54.98,3.0,5.0,C,SMA5,,,,
F2_rsi3_5_C_SMA5_S,F2,short,"Connors short <SMA200 RSI3 >95, entry C, exit SMA5",,valid1,624,216.0,-28.29,-0.75,0.62,-16.06,2.9,4.31,2.58,3.0,5.0,C,SMA5,,,,
F2_rsi3_5_C_SMA5_S,F2,short,"Connors short <SMA200 RSI3 >95, entry C, exit SMA5",,valid2,706,224.0,23.17,0.54,0.63,34.35,3.2,4.12,97.84,3.0,5.0,C,SMA5,,,,
F2_rsi3_5_C_SMA5_S,F2,short,"Connors short <SMA200 RSI3 >95, entry C, exit SMA5",,trainvalid1,2611,867.0,26.24,0.78,0.629,39.52,3.0,4.23,42.46,3.0,5.0,C,SMA5,,,,
F2_rsi3_5_C_SMA5_S,F2,short,"Connors short <SMA200 RSI3 >95, entry C, exit SMA5",,all_open,3317,1091.0,25.59,0.92,0.629,38.42,3.0,4.21,54.25,3.0,5.0,C,SMA5,,,,
F2_rsi3_5_C_SMA5_S,F2,short,"Connors short <SMA200 RSI3 >95, entry C, exit SMA5",,month_up,1638,461.0,-30.03,-0.76,0.595,-16.92,3.6,4.51,44.25,3.0,5.0,C,SMA5,,,,
F2_rsi3_5_C_SMA5_S,F2,short,"Connors short <SMA200 RSI3 >95, entry C, exit SMA5",,year_up,2589,874.0,15.97,0.46,0.619,28.96,3.0,4.27,58.07,3.0,5.0,C,SMA5,,,,
F2_rsi3_5_C_SMA5_S,F2,short,"Connors short <SMA200 RSI3 >95, entry C, exit SMA5",,month_flat,1003,353.0,79.83,1.51,0.657,92.95,2.8,3.89,79.38,3.0,5.0,C,SMA5,,,,
F2_rsi3_5_C_SMA5_S,F2,short,"Connors short <SMA200 RSI3 >95, entry C, exit SMA5",,year_flat,0,,,,,,,,,3.0,5.0,C,SMA5,,,,
F2_rsi3_5_C_SMA5_S,F2,short,"Connors short <SMA200 RSI3 >95, entry C, exit SMA5",,month_down,676,277.0,79.86,2.13,0.673,91.59,2.4,3.95,41.18,3.0,5.0,C,SMA5,,,,
F2_rsi3_5_C_SMA5_S,F2,short,"Connors short <SMA200 RSI3 >95, entry C, exit SMA5",,year_down,728,217.0,59.8,1.6,0.668,72.06,3.4,3.99,40.67,3.0,5.0,C,SMA5,,,,
F2_rsi3_5_C_SMA5_S,F2,short,"Connors short <SMA200 RSI3 >95, entry C, exit SMA5",,y2016,51,23.0,-59.84,-0.95,0.569,-44.8,2.2,4.65,18.98,3.0,5.0,C,SMA5,,,,
F2_rsi3_5_C_SMA5_S,F2,short,"Connors short <SMA200 RSI3 >95, entry C, exit SMA5",,y2017,229,122.0,15.42,0.75,0.611,29.75,1.9,4.26,53.29,3.0,5.0,C,SMA5,,,,
F2_rsi3_5_C_SMA5_S,F2,short,"Connors short <SMA200 RSI3 >95, entry C, exit SMA5",,y2018,232,107.0,69.28,1.7,0.642,82.04,2.2,3.92,46.63,3.0,5.0,C,SMA5,,,,
F2_rsi3_5_C_SMA5_S,F2,short,"Connors short <SMA200 RSI3 >95, entry C, exit SMA5",,y2019,449,123.0,-91.47,-2.97,0.523,-76.5,3.7,4.84,-6.86,3.0,5.0,C,SMA5,,,,
F2_rsi3_5_C_SMA5_S,F2,short,"Connors short <SMA200 RSI3 >95, entry C, exit SMA5",,y2020,410,92.0,208.38,1.58,0.717,222.98,4.5,3.76,165.31,3.0,5.0,C,SMA5,,,,
F2_rsi3_5_C_SMA5_S,F2,short,"Connors short <SMA200 RSI3 >95, entry C, exit SMA5",,y2021,120,74.0,-18.37,-0.51,0.6,-7.04,1.6,4.39,14.81,3.0,5.0,C,SMA5,,,,
F2_rsi3_5_C_SMA5_S,F2,short,"Connors short <SMA200 RSI3 >95, entry C, exit SMA5",,y2022,496,110.0,55.36,1.09,0.679,67.39,4.5,4.03,37.88,3.0,5.0,C,SMA5,,,,
F2_rsi3_5_C_SMA5_S,F2,short,"Connors short <SMA200 RSI3 >95, entry C, exit SMA5",,y2023,419,125.0,-48.57,-0.95,0.618,-36.12,3.4,4.46,-4.23,3.0,5.0,C,SMA5,,,,
F2_rsi3_5_C_SMA5_S,F2,short,"Connors short <SMA200 RSI3 >95, entry C, exit SMA5",,y2024,205,91.0,13.16,0.39,0.624,24.93,2.3,4.01,16.51,3.0,5.0,C,SMA5,,,,
F2_rsi3_5_C_SMA5_S,F2,short,"Connors short <SMA200 RSI3 >95, entry C, exit SMA5",,y2025,384,116.0,-43.85,-0.99,0.589,-32.34,3.3,4.47,47.56,3.0,5.0,C,SMA5,,,,
F2_rsi3_5_C_SMA5_S,F2,short,"Connors short <SMA200 RSI3 >95, entry C, exit SMA5",,y2026,322,108.0,103.09,1.85,0.68,113.88,3.0,3.71,157.81,3.0,5.0,C,SMA5,,,,
F2_rsi3_5_O_K1_S,F2,short,"Connors short <SMA200 RSI3 >95, entry O, exit K1",,train,2580,739.0,-1.38,-0.13,0.474,7.91,3.5,1.0,7.47,3.0,5.0,O,K1,,,,
F2_rsi3_5_O_K1_S,F2,short,"Connors short <SMA200 RSI3 >95, entry O, exit K1",,valid1,778,245.0,3.77,0.26,0.51,11.77,3.2,1.0,2.87,3.0,5.0,O,K1,,,,
F2_rsi3_5_O_K1_S,F2,short,"Connors short <SMA200 RSI3 >95, entry O, exit K1",,valid2,873,243.0,-15.55,-1.18,0.456,-8.42,3.6,1.0,4.2,3.0,5.0,O,K1,,,,
F2_rsi3_5_O_K1_S,F2,short,"Connors short <SMA200 RSI3 >95, entry O, exit K1",,trainvalid1,3358,984.0,-0.19,-0.02,0.482,8.81,3.4,1.0,6.4,3.0,5.0,O,K1,,,,
F2_rsi3_5_O_K1_S,F2,short,"Connors short <SMA200 RSI3 >95, entry O, exit K1",,all_open,4232,1228.0,-3.36,-0.46,0.477,5.25,3.4,1.0,5.88,3.0,5.0,O,K1,,,,
F2_rsi3_5_O_K1_S,F2,short,"Connors short <SMA200 RSI3 >95, entry O, exit K1",,month_up,2122,512.0,-8.58,-0.72,0.459,0.06,4.1,1.0,6.37,3.0,5.0,O,K1,,,,
F2_rsi3_5_O_K1_S,F2,short,"Connors short <SMA200 RSI3 >95, entry O, exit K1",,year_up,3311,987.0,-1.42,-0.17,0.479,7.3,3.4,1.0,9.41,3.0,5.0,O,K1,,,,
F2_rsi3_5_O_K1_S,F2,short,"Connors short <SMA200 RSI3 >95, entry O, exit K1",,month_flat,1254,393.0,10.32,0.83,0.502,19.44,3.2,1.0,17.97,3.0,5.0,O,K1,,,,
F2_rsi3_5_O_K1_S,F2,short,"Connors short <SMA200 RSI3 >95, entry O, exit K1",,year_flat,0,,,,,,,,,3.0,5.0,O,K1,,,,
F2_rsi3_5_O_K1_S,F2,short,"Connors short <SMA200 RSI3 >95, entry O, exit K1",,month_down,856,323.0,-10.46,-0.94,0.484,-2.69,2.7,1.0,-13.07,3.0,5.0,O,K1,,,,
F2_rsi3_5_O_K1_S,F2,short,"Connors short <SMA200 RSI3 >95, entry O, exit K1",,year_down,921,241.0,-10.31,-0.77,0.47,-2.11,3.8,1.0,-6.84,3.0,5.0,O,K1,,,,
F2_rsi3_5_O_K1_S,F2,short,"Connors short <SMA200 RSI3 >95, entry O, exit K1",,day_up,2065,451.0,3.82,0.33,0.477,12.63,4.6,1.0,11.34,3.0,5.0,O,K1,,,,
F2_rsi3_5_O_K1_S,F2,short,"Connors short <SMA200 RSI3 >95, entry O, exit K1",,day_flat,1423,458.0,-14.88,-1.24,0.464,-6.25,3.1,1.0,-4.52,3.0,5.0,O,K1,,,,
F2_rsi3_5_O_K1_S,F2,short,"Connors short <SMA200 RSI3 >95, entry O, exit K1",,day_down,743,318.0,-1.23,-0.11,0.501,6.78,2.3,1.0,11.01,3.0,5.0,O,K1,,,,
F2_rsi3_5_O_K1_S,F2,short,"Connors short <SMA200 RSI3 >95, entry O, exit K1",,y2016,58,24.0,45.3,1.16,0.569,55.1,2.4,1.0,65.81,3.0,5.0,O,K1,,,,
F2_rsi3_5_O_K1_S,F2,short,"Connors short <SMA200 RSI3 >95, entry O, exit K1",,y2017,282,142.0,3.63,0.37,0.486,13.71,2.0,1.0,14.26,3.0,5.0,O,K1,,,,
F2_rsi3_5_O_K1_S,F2,short,"Connors short <SMA200 RSI3 >95, entry O, exit K1",,y2018,301,121.0,21.96,1.82,0.535,30.91,2.5,1.0,19.17,3.0,5.0,O,K1,,,,
F2_rsi3_5_O_K1_S,F2,short,"Connors short <SMA200 RSI3 >95, entry O, exit K1",,y2019,667,141.0,-27.73,-1.6,0.417,-17.84,4.7,1.0,-2.11,3.0,5.0,O,K1,,,,
F2_rsi3_5_O_K1_S,F2,short,"Connors short <SMA200 RSI3 >95, entry O, exit K1",,y2020,496,104.0,52.81,1.49,0.548,63.47,4.8,1.0,46.21,3.0,5.0,O,K1,,,,
F2_rsi3_5_O_K1_S,F2,short,"Connors short <SMA200 RSI3 >95, entry O, exit K1",,y2021,156,87.0,-34.71,-1.99,0.449,-27.46,1.8,1.0,-24.27,3.0,5.0,O,K1,,,,
F2_rsi3_5_O_K1_S,F2,short,"Connors short <SMA200 RSI3 >95, entry O, exit K1",,y2022,620,120.0,-25.98,-1.38,0.439,-18.14,5.2,1.0,-19.47,3.0,5.0,O,K1,,,,
F2_rsi3_5_O_K1_S,F2,short,"Connors short <SMA200 RSI3 >95, entry O, exit K1",,y2023,522,141.0,6.61,0.34,0.502,14.54,3.7,1.0,10.4,3.0,5.0,O,K1,,,,
F2_rsi3_5_O_K1_S,F2,short,"Connors short <SMA200 RSI3 >95, entry O, exit K1",,y2024,256,104.0,-2.01,-0.11,0.527,6.12,2.5,1.0,-12.5,3.0,5.0,O,K1,,,,
F2_rsi3_5_O_K1_S,F2,short,"Connors short <SMA200 RSI3 >95, entry O, exit K1",,y2025,476,126.0,-19.73,-1.36,0.416,-12.75,3.8,1.0,1.09,3.0,5.0,O,K1,,,,
F2_rsi3_5_O_K1_S,F2,short,"Connors short <SMA200 RSI3 >95, entry O, exit K1",,y2026,398,118.0,-10.54,-0.46,0.503,-3.23,3.4,1.0,7.19,3.0,5.0,O,K1,,,,
F2_rsi3_5_O_K3_S,F2,short,"Connors short <SMA200 RSI3 >95, entry O, exit K3",,train,2150,682.0,61.36,1.25,0.515,72.33,3.2,2.0,55.45,3.0,5.0,O,K3,,,,
F2_rsi3_5_O_K3_S,F2,short,"Connors short <SMA200 RSI3 >95, entry O, exit K3",,valid1,664,224.0,-11.77,-0.49,0.511,-2.38,3.0,2.0,1.78,3.0,5.0,O,K3,,,,
F2_rsi3_5_O_K3_S,F2,short,"Connors short <SMA200 RSI3 >95, entry O, exit K3",,valid2,733,228.0,0.16,0.01,0.52,8.75,3.2,2.0,46.41,3.0,5.0,O,K3,,,,
F2_rsi3_5_O_K3_S,F2,short,"Connors short <SMA200 RSI3 >95, entry O, exit K3",,trainvalid1,2814,906.0,44.11,1.14,0.514,54.7,3.1,2.0,42.79,3.0,5.0,O,K3,,,,
F2_rsi3_5_O_K3_S,F2,short,"Connors short <SMA200 RSI3 >95, entry O, exit K3",,all_open,3548,1135.0,34.99,1.11,0.515,45.17,3.1,2.0,43.43,3.0,5.0,O,K3,,,,
F2_rsi3_5_O_K3_S,F2,short,"Connors short <SMA200 RSI3 >95, entry O, exit K3",,month_up,1772,479.0,1.37,0.04,0.493,11.52,3.7,2.0,38.8,3.0,5.0,O,K3,,,,
F2_rsi3_5_O_K3_S,F2,short,"Connors short <SMA200 RSI3 >95, entry O, exit K3",,year_up,2780,909.0,39.35,1.01,0.518,49.64,3.1,2.0,52.86,3.0,5.0,O,K3,,,,
F2_rsi3_5_O_K3_S,F2,short,"Connors short <SMA200 RSI3 >95, entry O, exit K3",,month_flat,1052,361.0,111.61,1.39,0.554,122.41,2.9,2.0,92.06,3.0,5.0,O,K3,,,,
F2_rsi3_5_O_K3_S,F2,short,"Connors short <SMA200 RSI3 >95, entry O, exit K3",,year_flat,0,,,,,,,,,3.0,5.0,O,K3,,,,
F2_rsi3_5_O_K3_S,F2,short,"Connors short <SMA200 RSI3 >95, entry O, exit K3",,month_down,724,295.0,5.93,0.17,0.512,15.28,2.5,2.0,-15.9,3.0,5.0,O,K3,,,,
F2_rsi3_5_O_K3_S,F2,short,"Connors short <SMA200 RSI3 >95, entry O, exit K3",,year_down,768,226.0,19.2,0.56,0.507,29.0,3.4,2.0,9.31,3.0,5.0,O,K3,,,,
F2_rsi3_5_O_K3_S,F2,short,"Connors short <SMA200 RSI3 >95, entry O, exit K3",,y2016,52,23.0,-59.53,-0.91,0.481,-47.8,2.3,2.0,17.45,3.0,5.0,O,K3,,,,
F2_rsi3_5_O_K3_S,F2,short,"Connors short <SMA200 RSI3 >95, entry O, exit K3",,y2017,241,129.0,16.05,0.65,0.498,27.69,1.9,2.0,41.06,3.0,5.0,O,K3,,,,
F2_rsi3_5_O_K3_S,F2,short,"Connors short <SMA200 RSI3 >95, entry O, exit K3",,y2018,249,114.0,85.85,2.63,0.538,96.35,2.2,2.0,52.95,3.0,5.0,O,K3,,,,
F2_rsi3_5_O_K3_S,F2,short,"Connors short <SMA200 RSI3 >95, entry O, exit K3",,y2019,523,129.0,-53.45,-1.86,0.407,-42.04,4.1,2.0,5.86,3.0,5.0,O,K3,,,,
F2_rsi3_5_O_K3_S,F2,short,"Connors short <SMA200 RSI3 >95, entry O, exit K3",,y2020,437,98.0,345.7,2.78,0.693,358.39,4.5,2.0,233.6,3.0,5.0,O,K3,,,,
F2_rsi3_5_O_K3_S,F2,short,"Connors short <SMA200 RSI3 >95, entry O, exit K3",,y2021,129,77.0,-52.0,-1.5,0.45,-43.33,1.7,2.0,-30.11,3.0,5.0,O,K3,,,,
F2_rsi3_5_O_K3_S,F2,short,"Connors short <SMA200 RSI3 >95, entry O, exit K3",,y2022,519,112.0,-12.77,-0.28,0.491,-3.32,4.6,2.0,-11.62,3.0,5.0,O,K3,,,,
F2_rsi3_5_O_K3_S,F2,short,"Connors short <SMA200 RSI3 >95, entry O, exit K3",,y2023,447,130.0,-21.55,-0.64,0.492,-12.18,3.4,2.0,-0.13,3.0,5.0,O,K3,,,,
F2_rsi3_5_O_K3_S,F2,short,"Connors short <SMA200 RSI3 >95, entry O, exit K3",,y2024,217,94.0,8.38,0.43,0.548,17.82,2.3,2.0,5.71,3.0,5.0,O,K3,,,,
F2_rsi3_5_O_K3_S,F2,short,"Connors short <SMA200 RSI3 >95, entry O, exit K3",,y2025,404,120.0,-2.08,-0.06,0.493,6.41,3.4,2.0,44.86,3.0,5.0,O,K3,,,,
F2_rsi3_5_O_K3_S,F2,short,"Connors short <SMA200 RSI3 >95, entry O, exit K3",,y2026,330,109.0,2.64,0.06,0.552,11.35,3.0,2.0,47.18,3.0,5.0,O,K3,,,,
F2_rsi3_5_O_K5_S,F2,short,"Connors short <SMA200 RSI3 >95, entry O, exit K5",,train,2055,674.0,74.37,0.98,0.507,87.66,3.0,4.0,73.62,3.0,5.0,O,K5,,,,
F2_rsi3_5_O_K5_S,F2,short,"Connors short <SMA200 RSI3 >95, entry O, exit K5",,valid1,638,221.0,-79.25,-2.07,0.458,-67.44,2.9,4.0,-32.65,3.0,5.0,O,K5,,,,
F2_rsi3_5_O_K5_S,F2,short,"Connors short <SMA200 RSI3 >95, entry O, exit K5",,valid2,701,221.0,11.74,0.28,0.499,22.7,3.2,4.0,75.89,3.0,5.0,O,K5,,,,
F2_rsi3_5_O_K5_S,F2,short,"Connors short <SMA200 RSI3 >95, entry O, exit K5",,trainvalid1,2693,895.0,37.98,0.63,0.495,50.92,3.0,4.0,48.44,3.0,5.0,O,K5,,,,
F2_rsi3_5_O_K5_S,F2,short,"Connors short <SMA200 RSI3 >95, entry O, exit K5",,all_open,3395,1117.0,32.48,0.66,0.496,45.01,3.0,4.0,53.92,3.0,5.0,O,K5,,,,
F2_rsi3_5_O_K5_S,F2,short,"Connors short <SMA200 RSI3 >95, entry O, exit K5",,month_up,1697,474.0,-43.92,-1.12,0.448,-31.52,3.6,4.0,44.81,3.0,5.0,O,K5,,,,
F2_rsi3_5_O_K5_S,F2,short,"Connors short <SMA200 RSI3 >95, entry O, exit K5",,year_up,2651,892.0,29.61,0.48,0.491,42.26,3.0,4.0,57.2,3.0,5.0,O,K5,,,,
F2_rsi3_5_O_K5_S,F2,short,"Connors short <SMA200 RSI3 >95, entry O, exit K5",,month_flat,1006,355.0,151.07,1.15,0.557,164.36,2.8,4.0,100.09,3.0,5.0,O,K5,,,,
F2_rsi3_5_O_K5_S,F2,short,"Connors short <SMA200 RSI3 >95, entry O, exit K5",,year_flat,0,,,,,,,,,3.0,5.0,O,K5,,,,
F2_rsi3_5_O_K5_S,F2,short,"Connors short <SMA200 RSI3 >95, entry O, exit K5",,month_down,692,288.0,47.45,1.04,0.525,59.18,2.4,4.0,9.14,3.0,5.0,O,K5,,,,
F2_rsi3_5_O_K5_S,F2,short,"Connors short <SMA200 RSI3 >95, entry O, exit K5",,year_down,744,225.0,42.7,0.89,0.513,54.79,3.3,4.0,42.23,3.0,5.0,O,K5,,,,
F2_rsi3_5_O_K5_S,F2,short,"Connors short <SMA200 RSI3 >95, entry O, exit K5",,y2016,51,23.0,-132.92,-1.86,0.471,-118.83,2.2,4.0,-54.77,3.0,5.0,O,K5,,,,
F2_rsi3_5_O_K5_S,F2,short,"Connors short <SMA200 RSI3 >95, entry O, exit K5",,y2017,237,129.0,-5.68,-0.16,0.473,8.33,1.8,4.0,39.06,3.0,5.0,O,K5,,,,
F2_rsi3_5_O_K5_S,F2,short,"Connors short <SMA200 RSI3 >95, entry O, exit K5",,y2018,239,111.0,81.32,1.76,0.552,94.1,2.2,4.0,38.0,3.0,5.0,O,K5,,,,
F2_rsi3_5_O_K5_S,F2,short,"Connors short <SMA200 RSI3 >95, entry O, exit K5",,y2019,479,126.0,-95.32,-3.18,0.388,-81.47,3.8,4.0,-3.72,3.0,5.0,O,K5,,,,
F2_rsi3_5_O_K5_S,F2,short,"Connors short <SMA200 RSI3 >95, entry O, exit K5",,y2020,420,95.0,418.5,1.7,0.667,433.39,4.4,4.0,268.08,3.0,5.0,O,K5,,,,
F2_rsi3_5_O_K5_S,F2,short,"Connors short <SMA200 RSI3 >95, entry O, exit K5",,y2021,124,76.0,-7.44,-0.17,0.46,3.72,1.6,4.0,20.93,3.0,5.0,O,K5,,,,
F2_rsi3_5_O_K5_S,F2,short,"Connors short <SMA200 RSI3 >95, entry O, exit K5",,y2022,505,114.0,24.43,0.38,0.495,36.19,4.4,4.0,44.23,3.0,5.0,O,K5,,,,
F2_rsi3_5_O_K5_S,F2,short,"Connors short <SMA200 RSI3 >95, entry O, exit K5",,y2023,429,129.0,-108.61,-2.15,0.424,-96.88,3.3,4.0,-49.7,3.0,5.0,O,K5,,,,
F2_rsi3_5_O_K5_S,F2,short,"Connors short <SMA200 RSI3 >95, entry O, exit K5",,y2024,209,92.0,-18.98,-0.51,0.526,-7.0,2.3,4.0,2.34,3.0,5.0,O,K5,,,,
F2_rsi3_5_O_K5_S,F2,short,"Connors short <SMA200 RSI3 >95, entry O, exit K5",,y2025,390,116.0,-13.3,-0.25,0.464,-2.45,3.4,4.0,72.4,3.0,5.0,O,K5,,,,
F2_rsi3_5_O_K5_S,F2,short,"Connors short <SMA200 RSI3 >95, entry O, exit K5",,y2026,312,106.0,42.26,0.68,0.542,53.34,2.9,4.0,78.09,3.0,5.0,O,K5,,,,
F2_rsi3_5_O_SMA5_S,F2,short,"Connors short <SMA200 RSI3 >95, entry O, exit SMA5",,train,1987,651.0,51.81,1.12,0.633,64.28,3.1,3.3,62.73,3.0,5.0,O,SMA5,,,,
F2_rsi3_5_O_SMA5_S,F2,short,"Connors short <SMA200 RSI3 >95, entry O, exit SMA5",,valid1,624,216.0,-29.09,-0.73,0.633,-18.02,2.9,3.41,-0.9,3.0,5.0,O,SMA5,,,,
F2_rsi3_5_O_SMA5_S,F2,short,"Connors short <SMA200 RSI3 >95, entry O, exit SMA5",,valid2,700,222.0,11.02,0.26,0.64,21.05,3.2,3.23,83.37,3.0,5.0,O,SMA5,,,,
F2_rsi3_5_O_SMA5_S,F2,short,"Connors short <SMA200 RSI3 >95, entry O, exit SMA5",,trainvalid1,2611,867.0,32.47,0.87,0.633,44.61,3.0,3.33,47.52,3.0,5.0,O,SMA5,,,,
F2_rsi3_5_O_SMA5_S,F2,short,"Connors short <SMA200 RSI3 >95, entry O, exit SMA5",,all_open,3312,1090.0,27.91,0.91,0.634,39.61,3.0,3.31,54.88,3.0,5.0,O,SMA5,,,,
F2_rsi3_5_O_SMA5_S,F2,short,"Connors short <SMA200 RSI3 >95, entry O, exit SMA5",,month_up,1638,461.0,-24.69,-0.67,0.606,-12.76,3.6,3.59,45.93,3.0,5.0,O,SMA5,,,,
F2_rsi3_5_O_SMA5_S,F2,short,"Connors short <SMA200 RSI3 >95, entry O, exit SMA5",,year_up,2584,873.0,24.43,0.64,0.633,36.28,3.0,3.37,62.48,3.0,5.0,O,SMA5,,,,
F2_rsi3_5_O_SMA5_S,F2,short,"Connors short <SMA200 RSI3 >95, entry O, exit SMA5",,month_flat,998,352.0,104.8,1.54,0.669,116.82,2.8,3.0,96.53,3.0,5.0,O,SMA5,,,,
F2_rsi3_5_O_SMA5_S,F2,short,"Connors short <SMA200 RSI3 >95, entry O, exit SMA5",,year_flat,0,,,,,,,,,3.0,5.0,O,SMA5,,,,
F2_rsi3_5_O_SMA5_S,F2,short,"Connors short <SMA200 RSI3 >95, entry O, exit SMA5",,month_down,676,277.0,41.87,1.33,0.649,52.51,2.4,3.07,15.09,3.0,5.0,O,SMA5,,,,
F2_rsi3_5_O_SMA5_S,F2,short,"Connors short <SMA200 RSI3 >95, entry O, exit SMA5",,year_down,728,217.0,40.29,1.14,0.637,51.41,3.4,3.1,27.94,3.0,5.0,O,SMA5,,,,
F2_rsi3_5_O_SMA5_S,F2,short,"Connors short <SMA200 RSI3 >95, entry O, exit SMA5",,y2016,51,23.0,-47.28,-0.7,0.627,-33.31,2.2,3.69,28.09,3.0,5.0,O,SMA5,,,,
F2_rsi3_5_O_SMA5_S,F2,short,"Connors short <SMA200 RSI3 >95, entry O, exit SMA5",,y2017,229,122.0,16.23,0.79,0.611,29.56,1.9,3.39,48.68,3.0,5.0,O,SMA5,,,,
F2_rsi3_5_O_SMA5_S,F2,short,"Connors short <SMA200 RSI3 >95, entry O, exit SMA5",,y2018,232,107.0,74.99,1.92,0.634,86.69,2.2,3.04,45.15,3.0,5.0,O,SMA5,,,,
F2_rsi3_5_O_SMA5_S,F2,short,"Connors short <SMA200 RSI3 >95, entry O, exit SMA5",,y2019,449,123.0,-80.69,-2.86,0.521,-66.92,3.7,3.92,7.32,3.0,5.0,O,SMA5,,,,
F2_rsi3_5_O_SMA5_S,F2,short,"Connors short <SMA200 RSI3 >95, entry O, exit SMA5",,y2020,410,92.0,268.09,2.01,0.768,281.54,4.5,2.84,213.84,3.0,5.0,O,SMA5,,,,
F2_rsi3_5_O_SMA5_S,F2,short,"Connors short <SMA200 RSI3 >95, entry O, exit SMA5",,y2021,120,74.0,-11.51,-0.34,0.6,-1.27,1.6,3.46,6.38,3.0,5.0,O,SMA5,,,,
F2_rsi3_5_O_SMA5_S,F2,short,"Connors short <SMA200 RSI3 >95, entry O, exit SMA5",,y2022,496,110.0,24.05,0.53,0.639,34.91,4.5,3.12,19.89,3.0,5.0,O,SMA5,,,,
F2_rsi3_5_O_SMA5_S,F2,short,"Connors short <SMA200 RSI3 >95, entry O, exit SMA5",,y2023,419,125.0,-45.65,-0.82,0.63,-34.42,3.4,3.54,-4.21,3.0,5.0,O,SMA5,,,,
F2_rsi3_5_O_SMA5_S,F2,short,"Connors short <SMA200 RSI3 >95, entry O, exit SMA5",,y2024,205,91.0,4.77,0.16,0.639,15.51,2.3,3.14,5.86,3.0,5.0,O,SMA5,,,,
F2_rsi3_5_O_SMA5_S,F2,short,"Connors short <SMA200 RSI3 >95, entry O, exit SMA5",,y2025,384,116.0,-32.86,-0.54,0.599,-22.58,3.3,3.54,54.83,3.0,5.0,O,SMA5,,,,
F2_rsi3_5_O_SMA5_S,F2,short,"Connors short <SMA200 RSI3 >95, entry O, exit SMA5",,y2026,317,107.0,63.98,1.85,0.688,73.71,3.0,2.86,115.58,3.0,5.0,O,SMA5,,,,
F2_rsi3_10_C_K1_S,F2,short,"Connors short <SMA200 RSI3 >90, entry C, exit K1",,train,9107,1197.0,-1.55,-0.11,0.494,7.82,7.6,1.0,8.09,3.0,10.0,C,K1,,,,
F2_rsi3_10_C_K1_S,F2,short,"Connors short <SMA200 RSI3 >90, entry C, exit K1",,valid1,2880,385.0,-7.35,-0.71,0.498,1.06,7.5,1.0,7.26,3.0,10.0,C,K1,,,,
F2_rsi3_10_C_K1_S,F2,short,"Connors short <SMA200 RSI3 >90, entry C, exit K1",,valid2,3162,361.0,-20.93,-1.7,0.482,-13.39,8.8,1.0,-2.56,3.0,10.0,C,K1,,,,
F2_rsi3_10_C_K1_S,F2,short,"Connors short <SMA200 RSI3 >90, entry C, exit K1",,trainvalid1,11987,1582.0,-2.94,-0.27,0.495,6.19,7.6,1.0,7.89,3.0,10.0,C,K1,,,,
F2_rsi3_10_C_K1_S,F2,short,"Connors short <SMA200 RSI3 >90, entry C, exit K1",,all_open,15149,1943.0,-6.7,-0.74,0.492,2.11,7.8,1.0,5.71,3.0,10.0,C,K1,,,,
F2_rsi3_10_C_K1_S,F2,short,"Connors short <SMA200 RSI3 >90, entry C, exit K1",,month_up,7605,739.0,-14.94,-1.08,0.483,-6.09,10.3,1.0,8.6,3.0,10.0,C,K1,,,,
F2_rsi3_10_C_K1_S,F2,short,"Connors short <SMA200 RSI3 >90, entry C, exit K1",,year_up,11514,1563.0,-14.8,-1.42,0.485,-5.87,7.4,1.0,4.27,3.0,10.0,C,K1,,,,
F2_rsi3_10_C_K1_S,F2,short,"Connors short <SMA200 RSI3 >90, entry C, exit K1",,month_flat,4059,640.0,-21.56,-1.33,0.472,-12.26,6.3,1.0,-2.19,3.0,10.0,C,K1,,,,
F2_rsi3_10_C_K1_S,F2,short,"Connors short <SMA200 RSI3 >90, entry C, exit K1",,year_flat,0,,,,,,,,,3.0,10.0,C,K1,,,,
F2_rsi3_10_C_K1_S,F2,short,"Connors short <SMA200 RSI3 >90, entry C, exit K1",,month_down,3485,564.0,28.62,1.84,0.535,36.72,6.2,1.0,8.61,3.0,10.0,C,K1,,,,
F2_rsi3_10_C_K1_S,F2,short,"Connors short <SMA200 RSI3 >90, entry C, exit K1",,year_down,3635,380.0,18.97,1.1,0.515,27.35,9.6,1.0,10.26,3.0,10.0,C,K1,,,,
F2_rsi3_10_C_K1_S,F2,short,"Connors short <SMA200 RSI3 >90, entry C, exit K1",,day_up,7667,687.0,16.84,1.29,0.521,25.66,11.2,1.0,15.46,3.0,10.0,C,K1,,,,
F2_rsi3_10_C_K1_S,F2,short,"Connors short <SMA200 RSI3 >90, entry C, exit K1",,day_flat,4669,686.0,-27.97,-2.12,0.461,-19.1,6.8,1.0,-7.76,3.0,10.0,C,K1,,,,
F2_rsi3_10_C_K1_S,F2,short,"Connors short <SMA200 RSI3 >90, entry C, exit K1",,day_down,2813,570.0,-35.54,-1.75,0.465,-26.88,4.9,1.0,1.49,3.0,10.0,C,K1,,,,
F2_rsi3_10_C_K1_S,F2,short,"Connors short <SMA200 RSI3 >90, entry C, exit K1",,y2016,212,48.0,13.28,0.49,0.509,23.3,4.4,1.0,34.94,3.0,10.0,C,K1,,,,
F2_rsi3_10_C_K1_S,F2,short,"Connors short <SMA200 RSI3 >90, entry C, exit K1",,y2017,932,217.0,-11.19,-1.22,0.464,-0.67,4.3,1.0,7.11,3.0,10.0,C,K1,,,,
F2_rsi3_10_C_K1_S,F2,short,"Connors short <SMA200 RSI3 >90, entry C, exit K1",,y2018,1107,198.0,8.86,0.64,0.5,18.13,5.6,1.0,12.8,3.0,10.0,C,K1,,,,
F2_rsi3_10_C_K1_S,F2,short,"Connors short <SMA200 RSI3 >90, entry C, exit K1",,y2019,1966,213.0,-28.6,-2.01,0.434,-18.6,9.2,1.0,-0.85,3.0,10.0,C,K1,,,,
F2_rsi3_10_C_K1_S,F2,short,"Connors short <SMA200 RSI3 >90, entry C, exit K1",,y2020,1726,174.0,-6.69,-0.11,0.539,3.91,9.9,1.0,11.46,3.0,10.0,C,K1,,,,
F2_rsi3_10_C_K1_S,F2,short,"Connors short <SMA200 RSI3 >90, entry C, exit K1",,y2021,636,165.0,-12.03,-1.04,0.473,-4.28,3.9,1.0,6.7,3.0,10.0,C,K1,,,,
F2_rsi3_10_C_K1_S,F2,short,"Connors short <SMA200 RSI3 >90, entry C, exit K1",,y2022,2528,182.0,23.4,0.98,0.521,31.39,13.9,1.0,9.15,3.0,10.0,C,K1,,,,
F2_rsi3_10_C_K1_S,F2,short,"Connors short <SMA200 RSI3 >90, entry C, exit K1",,y2023,1957,216.0,-7.49,-0.57,0.508,0.99,9.1,1.0,9.02,3.0,10.0,C,K1,,,,
F2_rsi3_10_C_K1_S,F2,short,"Connors short <SMA200 RSI3 >90, entry C, exit K1",,y2024,923,169.0,-7.06,-0.44,0.476,1.21,5.5,1.0,3.51,3.0,10.0,C,K1,,,,
F2_rsi3_10_C_K1_S,F2,short,"Connors short <SMA200 RSI3 >90, entry C, exit K1",,y2025,1756,189.0,-24.01,-1.57,0.489,-16.41,9.3,1.0,-2.66,3.0,10.0,C,K1,,,,
F2_rsi3_10_C_K1_S,F2,short,"Connors short <SMA200 RSI3 >90, entry C, exit K1",,y2026,1406,172.0,-17.08,-0.85,0.474,-9.62,8.2,1.0,-2.45,3.0,10.0,C,K1,,,,
F2_rsi3_10_C_K3_S,F2,short,"Connors short <SMA200 RSI3 >90, entry C, exit K3",,train,7330,1142.0,28.93,1.11,0.514,40.7,6.4,3.0,37.21,3.0,10.0,C,K3,,,,
F2_rsi3_10_C_K3_S,F2,short,"Connors short <SMA200 RSI3 >90, entry C, exit K3",,valid1,2333,366.0,-43.27,-1.99,0.466,-32.48,6.4,3.0,-6.8,3.0,10.0,C,K3,,,,
F2_rsi3_10_C_K3_S,F2,short,"Connors short <SMA200 RSI3 >90, entry C, exit K3",,valid2,2502,352.0,-28.42,-0.95,0.484,-18.48,7.1,3.0,21.88,3.0,10.0,C,K3,,,,
F2_rsi3_10_C_K3_S,F2,short,"Connors short <SMA200 RSI3 >90, entry C, exit K3",,trainvalid1,9663,1508.0,11.5,0.55,0.502,23.03,6.4,3.0,26.58,3.0,10.0,C,K3,,,,
F2_rsi3_10_C_K3_S,F2,short,"Connors short <SMA200 RSI3 >90, entry C, exit K3",,all_open,12165,1860.0,3.29,0.18,0.499,14.49,6.5,3.0,25.62,3.0,10.0,C,K3,,,,
F2_rsi3_10_C_K3_S,F2,short,"Connors short <SMA200 RSI3 >90, entry C, exit K3",,month_up,6140,706.0,-12.2,-0.4,0.483,-0.98,8.7,3.0,35.82,3.0,10.0,C,K3,,,,
F2_rsi3_10_C_K3_S,F2,short,"Connors short <SMA200 RSI3 >90, entry C, exit K3",,year_up,9205,1493.0,-15.83,-0.74,0.48,-4.46,6.2,3.0,23.3,3.0,10.0,C,K3,,,,
F2_rsi3_10_C_K3_S,F2,short,"Connors short <SMA200 RSI3 >90, entry C, exit K3",,month_flat,3216,610.0,-29.11,-1.7,0.466,-17.39,5.3,3.0,4.89,3.0,10.0,C,K3,,,,
F2_rsi3_10_C_K3_S,F2,short,"Connors short <SMA200 RSI3 >90, entry C, exit K3",,year_flat,0,,,,,,,,,3.0,10.0,C,K3,,,,
F2_rsi3_10_C_K3_S,F2,short,"Connors short <SMA200 RSI3 >90, entry C, exit K3",,month_down,2809,544.0,74.25,2.29,0.57,84.8,5.2,3.0,27.05,3.0,10.0,C,K3,,,,
F2_rsi3_10_C_K3_S,F2,short,"Connors short <SMA200 RSI3 >90, entry C, exit K3",,year_down,2960,367.0,62.73,2.07,0.558,73.41,8.1,3.0,32.8,3.0,10.0,C,K3,,,,
F2_rsi3_10_C_K3_S,F2,short,"Connors short <SMA200 RSI3 >90, entry C, exit K3",,y2016,175,47.0,-44.98,-0.75,0.48,-32.21,3.7,3.0,5.43,3.0,10.0,C,K3,,,,
F2_rsi3_10_C_K3_S,F2,short,"Connors short <SMA200 RSI3 >90, entry C, exit K3",,y2017,730,203.0,-27.96,-1.72,0.442,-14.92,3.6,3.0,7.03,3.0,10.0,C,K3,,,,
F2_rsi3_10_C_K3_S,F2,short,"Connors short <SMA200 RSI3 >90, entry C, exit K3",,y2018,899,191.0,33.87,1.44,0.538,45.37,4.7,3.0,34.87,3.0,10.0,C,K3,,,,
F2_rsi3_10_C_K3_S,F2,short,"Connors short <SMA200 RSI3 >90, entry C, exit K3",,y2019,1521,205.0,-62.74,-2.33,0.419,-50.52,7.4,3.0,1.92,3.0,10.0,C,K3,,,,
F2_rsi3_10_C_K3_S,F2,short,"Connors short <SMA200 RSI3 >90, entry C, exit K3",,y2020,1429,164.0,119.69,1.2,0.586,132.95,8.7,3.0,115.23,3.0,10.0,C,K3,,,,
F2_rsi3_10_C_K3_S,F2,short,"Connors short <SMA200 RSI3 >90, entry C, exit K3",,y2021,515,156.0,-40.65,-1.58,0.456,-30.32,3.3,3.0,3.84,3.0,10.0,C,K3,,,,
F2_rsi3_10_C_K3_S,F2,short,"Connors short <SMA200 RSI3 >90, entry C, exit K3",,y2022,2061,176.0,75.32,1.76,0.566,85.64,11.7,3.0,31.9,3.0,10.0,C,K3,,,,
F2_rsi3_10_C_K3_S,F2,short,"Connors short <SMA200 RSI3 >90, entry C, exit K3",,y2023,1600,206.0,-39.32,-1.36,0.461,-28.47,7.8,3.0,-1.17,3.0,10.0,C,K3,,,,
F2_rsi3_10_C_K3_S,F2,short,"Connors short <SMA200 RSI3 >90, entry C, exit K3",,y2024,733,160.0,-51.89,-1.88,0.477,-41.25,4.6,3.0,-19.09,3.0,10.0,C,K3,,,,
F2_rsi3_10_C_K3_S,F2,short,"Connors short <SMA200 RSI3 >90, entry C, exit K3",,y2025,1405,184.0,-30.29,-0.96,0.475,-20.3,7.6,3.0,18.8,3.0,10.0,C,K3,,,,
F2_rsi3_10_C_K3_S,F2,short,"Connors short <SMA200 RSI3 >90, entry C, exit K3",,y2026,1097,168.0,-26.03,-0.47,0.495,-16.15,6.5,3.0,25.83,3.0,10.0,C,K3,,,,
F2_rsi3_10_C_K5_S,F2,short,"Connors short <SMA200 RSI3 >90, entry C, exit K5",,train,6827,1122.0,42.21,1.0,0.505,56.32,6.1,5.0,58.62,3.0,10.0,C,K5,,,,
F2_rsi3_10_C_K5_S,F2,short,"Connors short <SMA200 RSI3 >90, entry C, exit K5",,valid1,2177,362.0,-53.02,-1.64,0.467,-39.82,6.0,5.0,-0.02,3.0,10.0,C,K5,,,,
F2_rsi3_10_C_K5_S,F2,short,"Connors short <SMA200 RSI3 >90, entry C, exit K5",,valid2,2293,343.0,-48.79,-1.58,0.473,-36.45,6.7,5.0,35.44,3.0,10.0,C,K5,,,,
F2_rsi3_10_C_K5_S,F2,short,"Connors short <SMA200 RSI3 >90, entry C, exit K5",,trainvalid1,9004,1484.0,19.19,0.57,0.496,33.08,6.1,5.0,44.45,3.0,10.0,C,K5,,,,
F2_rsi3_10_C_K5_S,F2,short,"Connors short <SMA200 RSI3 >90, entry C, exit K5",,all_open,11297,1827.0,5.39,0.19,0.491,18.96,6.2,5.0,42.62,3.0,10.0,C,K5,,,,
F2_rsi3_10_C_K5_S,F2,short,"Connors short <SMA200 RSI3 >90, entry C, exit K5",,month_up,5721,700.0,-47.73,-1.25,0.451,-34.17,8.2,5.0,50.03,3.0,10.0,C,K5,,,,
F2_rsi3_10_C_K5_S,F2,short,"Connors short <SMA200 RSI3 >90, entry C, exit K5",,year_up,8519,1464.0,-17.52,-0.52,0.474,-3.77,5.8,5.0,41.49,3.0,10.0,C,K5,,,,
F2_rsi3_10_C_K5_S,F2,short,"Connors short <SMA200 RSI3 >90, entry C, exit K5",,month_flat,2945,597.0,24.49,0.42,0.508,38.65,4.9,5.0,33.07,3.0,10.0,C,K5,,,,
F2_rsi3_10_C_K5_S,F2,short,"Connors short <SMA200 RSI3 >90, entry C, exit K5",,year_flat,0,,,,,,,,,3.0,10.0,C,K5,,,,
F2_rsi3_10_C_K5_S,F2,short,"Connors short <SMA200 RSI3 >90, entry C, exit K5",,month_down,2631,530.0,99.53,2.24,0.559,112.46,5.0,5.0,37.18,3.0,10.0,C,K5,,,,
F2_rsi3_10_C_K5_S,F2,short,"Connors short <SMA200 RSI3 >90, entry C, exit K5",,year_down,2778,363.0,75.67,1.6,0.544,88.68,7.7,5.0,46.06,3.0,10.0,C,K5,,,,
F2_rsi3_10_C_K5_S,F2,short,"Connors short <SMA200 RSI3 >90, entry C, exit K5",,y2016,167,46.0,-72.33,-0.83,0.479,-57.19,3.6,5.0,-0.46,3.0,10.0,C,K5,,,,
F2_rsi3_10_C_K5_S,F2,short,"Connors short <SMA200 RSI3 >90, entry C, exit K5",,y2017,680,202.0,-33.34,-1.65,0.462,-17.86,3.4,5.0,25.55,3.0,10.0,C,K5,,,,
F2_rsi3_10_C_K5_S,F2,short,"Connors short <SMA200 RSI3 >90, entry C, exit K5",,y2018,838,190.0,47.24,1.48,0.547,61.11,4.4,5.0,36.53,3.0,10.0,C,K5,,,,
F2_rsi3_10_C_K5_S,F2,short,"Connors short <SMA200 RSI3 >90, entry C, exit K5",,y2019,1361,201.0,-105.44,-3.08,0.396,-90.81,6.8,5.0,-4.08,3.0,10.0,C,K5,,,,
F2_rsi3_10_C_K5_S,F2,short,"Connors short <SMA200 RSI3 >90, entry C, exit K5",,y2020,1363,158.0,207.91,1.31,0.583,223.46,8.6,5.0,190.11,3.0,10.0,C,K5,,,,
F2_rsi3_10_C_K5_S,F2,short,"Connors short <SMA200 RSI3 >90, entry C, exit K5",,y2021,478,152.0,-56.79,-1.47,0.441,-44.22,3.1,5.0,2.93,3.0,10.0,C,K5,,,,
F2_rsi3_10_C_K5_S,F2,short,"Connors short <SMA200 RSI3 >90, entry C, exit K5",,y2022,1940,173.0,87.95,1.31,0.542,100.59,11.2,5.0,50.18,3.0,10.0,C,K5,,,,
F2_rsi3_10_C_K5_S,F2,short,"Connors short <SMA200 RSI3 >90, entry C, exit K5",,y2023,1485,207.0,-60.95,-1.37,0.457,-47.69,7.2,5.0,-6.85,3.0,10.0,C,K5,,,,
F2_rsi3_10_C_K5_S,F2,short,"Connors short <SMA200 RSI3 >90, entry C, exit K5",,y2024,692,155.0,-35.99,-1.06,0.49,-22.93,4.5,5.0,14.63,3.0,10.0,C,K5,,,,
F2_rsi3_10_C_K5_S,F2,short,"Connors short <SMA200 RSI3 >90, entry C, exit K5",,y2025,1293,180.0,-59.27,-1.4,0.466,-46.91,7.2,5.0,36.27,3.0,10.0,C,K5,,,,
F2_rsi3_10_C_K5_S,F2,short,"Connors short <SMA200 RSI3 >90, entry C, exit K5",,y2026,1000,163.0,-35.23,-0.82,0.483,-22.93,6.1,5.0,34.35,3.0,10.0,C,K5,,,,
F2_rsi3_10_C_SMA5_S,F2,short,"Connors short <SMA200 RSI3 >90, entry C, exit SMA5",,train,6533,1103.0,33.49,1.17,0.637,46.69,5.9,4.19,45.7,3.0,10.0,C,SMA5,,,,
F2_rsi3_10_C_SMA5_S,F2,short,"Connors short <SMA200 RSI3 >90, entry C, exit SMA5",,valid1,2089,362.0,-41.61,-1.46,0.59,-29.09,5.8,4.41,-0.83,3.0,10.0,C,SMA5,,,,
F2_rsi3_10_C_SMA5_S,F2,short,"Connors short <SMA200 RSI3 >90, entry C, exit SMA5",,valid2,2242,344.0,-34.91,-0.99,0.6,-23.39,6.5,4.35,39.65,3.0,10.0,C,SMA5,,,,
F2_rsi3_10_C_SMA5_S,F2,short,"Connors short <SMA200 RSI3 >90, entry C, exit SMA5",,trainvalid1,8622,1465.0,15.3,0.66,0.626,28.33,5.9,4.24,34.43,3.0,10.0,C,SMA5,,,,
F2_rsi3_10_C_SMA5_S,F2,short,"Connors short <SMA200 RSI3 >90, entry C, exit SMA5",,all_open,10864,1809.0,4.94,0.25,0.62,17.65,6.0,4.27,35.5,3.0,10.0,C,SMA5,,,,
F2_rsi3_10_C_SMA5_S,F2,short,"Connors short <SMA200 RSI3 >90, entry C, exit SMA5",,month_up,5464,691.0,-26.36,-0.82,0.599,-13.42,7.9,4.43,43.56,3.0,10.0,C,SMA5,,,,
F2_rsi3_10_C_SMA5_S,F2,short,"Connors short <SMA200 RSI3 >90, entry C, exit SMA5",,year_up,8169,1451.0,-18.64,-0.78,0.598,-5.63,5.6,4.39,35.37,3.0,10.0,C,SMA5,,,,
F2_rsi3_10_C_SMA5_S,F2,short,"Connors short <SMA200 RSI3 >90, entry C, exit SMA5",,month_flat,2842,593.0,-3.3,-0.14,0.604,9.86,4.8,4.24,22.47,3.0,10.0,C,SMA5,,,,
F2_rsi3_10_C_SMA5_S,F2,short,"Connors short <SMA200 RSI3 >90, entry C, exit SMA5",,year_flat,0,,,,,,,,,3.0,10.0,C,SMA5,,,,
F2_rsi3_10_C_SMA5_S,F2,short,"Connors short <SMA200 RSI3 >90, entry C, exit SMA5",,month_down,2558,525.0,80.94,2.31,0.685,92.68,4.9,3.94,32.78,3.0,10.0,C,SMA5,,,,
F2_rsi3_10_C_SMA5_S,F2,short,"Connors short <SMA200 RSI3 >90, entry C, exit SMA5",,year_down,2695,358.0,76.41,2.17,0.688,88.22,7.5,3.89,35.9,3.0,10.0,C,SMA5,,,,
F2_rsi3_10_C_SMA5_S,F2,short,"Connors short <SMA200 RSI3 >90, entry C, exit SMA5",,y2016,164,45.0,-44.74,-0.48,0.622,-30.3,3.6,4.45,25.55,3.0,10.0,C,SMA5,,,,
F2_rsi3_10_C_SMA5_S,F2,short,"Connors short <SMA200 RSI3 >90, entry C, exit SMA5",,y2017,651,198.0,-28.07,-1.44,0.582,-13.08,3.3,4.47,14.91,3.0,10.0,C,SMA5,,,,
F2_rsi3_10_C_SMA5_S,F2,short,"Connors short <SMA200 RSI3 >90, entry C, exit SMA5",,y2018,812,187.0,42.83,1.48,0.669,55.55,4.3,4.02,39.01,3.0,10.0,C,SMA5,,,,
F2_rsi3_10_C_SMA5_S,F2,short,"Connors short <SMA200 RSI3 >90, entry C, exit SMA5",,y2019,1253,199.0,-82.07,-2.19,0.534,-67.7,6.3,4.8,9.56,3.0,10.0,C,SMA5,,,,
F2_rsi3_10_C_SMA5_S,F2,short,"Connors short <SMA200 RSI3 >90, entry C, exit SMA5",,y2020,1307,155.0,118.38,1.18,0.679,132.62,8.4,3.93,127.38,3.0,10.0,C,SMA5,,,,
F2_rsi3_10_C_SMA5_S,F2,short,"Connors short <SMA200 RSI3 >90, entry C, exit SMA5",,y2021,463,148.0,-28.9,-0.9,0.587,-16.79,3.1,4.52,20.43,3.0,10.0,C,SMA5,,,,
F2_rsi3_10_C_SMA5_S,F2,short,"Connors short <SMA200 RSI3 >90, entry C, exit SMA5",,y2022,1883,171.0,90.89,1.83,0.696,102.31,11.0,3.84,34.55,3.0,10.0,C,SMA5,,,,
F2_rsi3_10_C_SMA5_S,F2,short,"Connors short <SMA200 RSI3 >90, entry C, exit SMA5",,y2023,1411,205.0,-48.68,-1.27,0.588,-35.95,6.9,4.49,-2.42,3.0,10.0,C,SMA5,,,,
F2_rsi3_10_C_SMA5_S,F2,short,"Connors short <SMA200 RSI3 >90, entry C, exit SMA5",,y2024,678,157.0,-26.88,-0.77,0.594,-14.81,4.3,4.24,2.48,3.0,10.0,C,SMA5,,,,
F2_rsi3_10_C_SMA5_S,F2,short,"Connors short <SMA200 RSI3 >90, entry C, exit SMA5",,y2025,1230,178.0,-63.89,-1.26,0.583,-51.97,6.9,4.6,23.96,3.0,10.0,C,SMA5,,,,
F2_rsi3_10_C_SMA5_S,F2,short,"Connors short <SMA200 RSI3 >90, entry C, exit SMA5",,y2026,1012,166.0,0.31,0.01,0.621,11.35,6.1,4.04,58.71,3.0,10.0,C,SMA5,,,,
F2_rsi3_10_O_K1_S,F2,short,"Connors short <SMA200 RSI3 >90, entry O, exit K1",,train,9107,1197.0,2.17,0.25,0.486,11.12,7.6,1.0,8.93,3.0,10.0,O,K1,,,,
F2_rsi3_10_O_K1_S,F2,short,"Connors short <SMA200 RSI3 >90, entry O, exit K1",,valid1,2880,385.0,-3.32,-0.35,0.503,4.68,7.5,1.0,4.39,3.0,10.0,O,K1,,,,
F2_rsi3_10_O_K1_S,F2,short,"Connors short <SMA200 RSI3 >90, entry O, exit K1",,valid2,3161,361.0,-20.5,-2.24,0.459,-13.36,8.8,1.0,-3.97,3.0,10.0,O,K1,,,,
F2_rsi3_10_O_K1_S,F2,short,"Connors short <SMA200 RSI3 >90, entry O, exit K1",,trainvalid1,11987,1582.0,0.85,0.12,0.49,9.57,7.6,1.0,7.84,3.0,10.0,O,K1,,,,
F2_rsi3_10_O_K1_S,F2,short,"Connors short <SMA200 RSI3 >90, entry O, exit K1",,all_open,15151,1944.0,-3.58,-0.61,0.484,4.81,7.8,1.0,5.35,3.0,10.0,O,K1,,,,
F2_rsi3_10_O_K1_S,F2,short,"Connors short <SMA200 RSI3 >90, entry O, exit K1",,month_up,7605,739.0,-5.49,-0.54,0.477,2.92,10.3,1.0,9.71,3.0,10.0,O,K1,,,,
F2_rsi3_10_O_K1_S,F2,short,"Connors short <SMA200 RSI3 >90, entry O, exit K1",,year_up,11516,1564.0,-2.28,-0.34,0.488,6.25,7.4,1.0,8.76,3.0,10.0,O,K1,,,,
F2_rsi3_10_O_K1_S,F2,short,"Connors short <SMA200 RSI3 >90, entry O, exit K1",,month_flat,4059,640.0,-1.26,-0.16,0.494,7.64,6.3,1.0,7.13,3.0,10.0,O,K1,,,,
F2_rsi3_10_O_K1_S,F2,short,"Connors short <SMA200 RSI3 >90, entry O, exit K1",,year_flat,0,,,,,,,,,3.0,10.0,O,K1,,,,
F2_rsi3_10_O_K1_S,F2,short,"Connors short <SMA200 RSI3 >90, entry O, exit K1",,month_down,3487,565.0,-2.11,-0.24,0.487,5.64,6.2,1.0,-6.24,3.0,10.0,O,K1,,,,
F2_rsi3_10_O_K1_S,F2,short,"Connors short <SMA200 RSI3 >90, entry O, exit K1",,year_down,3635,380.0,-7.7,-0.65,0.471,0.27,9.6,1.0,-5.49,3.0,10.0,O,K1,,,,
F2_rsi3_10_O_K1_S,F2,short,"Connors short <SMA200 RSI3 >90, entry O, exit K1",,day_up,7667,687.0,2.04,0.21,0.482,10.37,11.2,1.0,8.54,3.0,10.0,O,K1,,,,
F2_rsi3_10_O_K1_S,F2,short,"Connors short <SMA200 RSI3 >90, entry O, exit K1",,day_flat,4669,686.0,-5.4,-0.69,0.49,3.1,6.8,1.0,2.18,3.0,10.0,O,K1,,,,
F2_rsi3_10_O_K1_S,F2,short,"Connors short <SMA200 RSI3 >90, entry O, exit K1",,day_down,2812,570.0,-16.0,-1.41,0.478,-7.64,4.9,1.0,2.06,3.0,10.0,O,K1,,,,
F2_rsi3_10_O_K1_S,F2,short,"Connors short <SMA200 RSI3 >90, entry O, exit K1",,y2016,212,48.0,6.67,0.27,0.486,16.39,4.4,1.0,19.23,3.0,10.0,O,K1,,,,
F2_rsi3_10_O_K1_S,F2,short,"Connors short <SMA200 RSI3 >90, entry O, exit K1",,y2017,932,217.0,1.54,0.19,0.498,11.67,4.3,1.0,12.18,3.0,10.0,O,K1,,,,
F2_rsi3_10_O_K1_S,F2,short,"Connors short <SMA200 RSI3 >90, entry O, exit K1",,y2018,1107,198.0,9.53,0.91,0.507,18.41,5.6,1.0,8.23,3.0,10.0,O,K1,,,,
F2_rsi3_10_O_K1_S,F2,short,"Connors short <SMA200 RSI3 >90, entry O, exit K1",,y2019,1966,213.0,-21.58,-1.94,0.422,-12.03,9.2,1.0,4.14,3.0,10.0,O,K1,,,,
F2_rsi3_10_O_K1_S,F2,short,"Connors short <SMA200 RSI3 >90, entry O, exit K1",,y2020,1726,174.0,51.57,1.6,0.584,61.74,9.9,1.0,44.18,3.0,10.0,O,K1,,,,
F2_rsi3_10_O_K1_S,F2,short,"Connors short <SMA200 RSI3 >90, entry O, exit K1",,y2021,636,165.0,-2.67,-0.28,0.491,4.72,3.9,1.0,2.31,3.0,10.0,O,K1,,,,
F2_rsi3_10_O_K1_S,F2,short,"Connors short <SMA200 RSI3 >90, entry O, exit K1",,y2022,2528,182.0,-15.24,-0.92,0.455,-7.68,13.9,1.0,-11.49,3.0,10.0,O,K1,,,,
F2_rsi3_10_O_K1_S,F2,short,"Connors short <SMA200 RSI3 >90, entry O, exit K1",,y2023,1957,216.0,-1.64,-0.13,0.509,6.39,9.1,1.0,7.76,3.0,10.0,O,K1,,,,
F2_rsi3_10_O_K1_S,F2,short,"Connors short <SMA200 RSI3 >90, entry O, exit K1",,y2024,923,169.0,-6.87,-0.54,0.49,1.06,5.5,1.0,-2.75,3.0,10.0,O,K1,,,,
F2_rsi3_10_O_K1_S,F2,short,"Connors short <SMA200 RSI3 >90, entry O, exit K1",,y2025,1758,190.0,-19.16,-1.7,0.448,-11.96,9.3,1.0,-0.22,3.0,10.0,O,K1,,,,
F2_rsi3_10_O_K1_S,F2,short,"Connors short <SMA200 RSI3 >90, entry O, exit K1",,y2026,1406,172.0,-21.87,-1.46,0.474,-14.79,8.2,1.0,-8.98,3.0,10.0,O,K1,,,,
F2_rsi3_10_O_K3_S,F2,short,"Connors short <SMA200 RSI3 >90, entry O, exit K3",,train,7330,1142.0,36.28,1.48,0.525,46.8,6.4,2.0,39.72,3.0,10.0,O,K3,,,,
F2_rsi3_10_O_K3_S,F2,short,"Connors short <SMA200 RSI3 >90, entry O, exit K3",,valid1,2333,366.0,-39.83,-1.77,0.468,-30.26,6.4,2.0,-11.36,3.0,10.0,O,K3,,,,
F2_rsi3_10_O_K3_S,F2,short,"Connors short <SMA200 RSI3 >90, entry O, exit K3",,valid2,2501,352.0,-23.81,-0.97,0.479,-15.06,7.1,2.0,23.26,3.0,10.0,O,K3,,,,
F2_rsi3_10_O_K3_S,F2,short,"Connors short <SMA200 RSI3 >90, entry O, exit K3",,trainvalid1,9663,1508.0,17.9,0.9,0.511,28.19,6.4,2.0,27.39,3.0,10.0,O,K3,,,,
F2_rsi3_10_O_K3_S,F2,short,"Connors short <SMA200 RSI3 >90, entry O, exit K3",,all_open,12167,1861.0,9.39,0.56,0.505,19.36,6.5,2.0,26.53,3.0,10.0,O,K3,,,,
F2_rsi3_10_O_K3_S,F2,short,"Connors short <SMA200 RSI3 >90, entry O, exit K3",,month_up,6140,706.0,-0.17,-0.01,0.493,9.8,8.7,2.0,37.89,3.0,10.0,O,K3,,,,
F2_rsi3_10_O_K3_S,F2,short,"Connors short <SMA200 RSI3 >90, entry O, exit K3",,year_up,9207,1494.0,-0.27,-0.01,0.493,9.88,6.2,2.0,29.04,3.0,10.0,O,K3,,,,
F2_rsi3_10_O_K3_S,F2,short,"Connors short <SMA200 RSI3 >90, entry O, exit K3",,month_flat,3216,610.0,-4.88,-0.26,0.493,5.63,5.3,2.0,16.45,3.0,10.0,O,K3,,,,
F2_rsi3_10_O_K3_S,F2,short,"Connors short <SMA200 RSI3 >90, entry O, exit K3",,year_flat,0,,,,,,,,,3.0,10.0,O,K3,,,,
F2_rsi3_10_O_K3_S,F2,short,"Connors short <SMA200 RSI3 >90, entry O, exit K3",,month_down,2811,545.0,46.57,1.65,0.544,55.94,5.2,2.0,13.27,3.0,10.0,O,K3,,,,
F2_rsi3_10_O_K3_S,F2,short,"Connors short <SMA200 RSI3 >90, entry O, exit K3",,year_down,2960,367.0,39.41,1.48,0.54,48.85,8.1,2.0,18.74,3.0,10.0,O,K3,,,,
F2_rsi3_10_O_K3_S,F2,short,"Connors short <SMA200 RSI3 >90, entry O, exit K3",,y2016,175,47.0,-45.73,-0.78,0.497,-34.02,3.7,2.0,-4.56,3.0,10.0,O,K3,,,,
F2_rsi3_10_O_K3_S,F2,short,"Connors short <SMA200 RSI3 >90, entry O, exit K3",,y2017,730,203.0,-14.51,-0.93,0.447,-2.68,3.6,2.0,11.03,3.0,10.0,O,K3,,,,
F2_rsi3_10_O_K3_S,F2,short,"Connors short <SMA200 RSI3 >90, entry O, exit K3",,y2018,899,191.0,37.52,1.79,0.546,47.81,4.7,2.0,31.4,3.0,10.0,O,K3,,,,
F2_rsi3_10_O_K3_S,F2,short,"Connors short <SMA200 RSI3 >90, entry O, exit K3",,y2019,1521,205.0,-53.84,-2.01,0.436,-42.9,7.4,2.0,6.99,3.0,10.0,O,K3,,,,
F2_rsi3_10_O_K3_S,F2,short,"Connors short <SMA200 RSI3 >90, entry O, exit K3",,y2020,1429,164.0,186.01,2.39,0.647,198.0,8.7,2.0,152.99,3.0,10.0,O,K3,,,,
F2_rsi3_10_O_K3_S,F2,short,"Connors short <SMA200 RSI3 >90, entry O, exit K3",,y2021,515,156.0,-31.17,-1.45,0.478,-22.0,3.3,2.0,-1.65,3.0,10.0,O,K3,,,,
F2_rsi3_10_O_K3_S,F2,short,"Connors short <SMA200 RSI3 >90, entry O, exit K3",,y2022,2061,176.0,40.23,1.08,0.538,49.3,11.7,2.0,13.22,3.0,10.0,O,K3,,,,
F2_rsi3_10_O_K3_S,F2,short,"Connors short <SMA200 RSI3 >90, entry O, exit K3",,y2023,1600,206.0,-33.81,-1.1,0.463,-24.2,7.8,2.0,-4.19,3.0,10.0,O,K3,,,,
F2_rsi3_10_O_K3_S,F2,short,"Connors short <SMA200 RSI3 >90, entry O, exit K3",,y2024,733,160.0,-52.99,-2.12,0.482,-43.5,4.6,2.0,-27.01,3.0,10.0,O,K3,,,,
F2_rsi3_10_O_K3_S,F2,short,"Connors short <SMA200 RSI3 >90, entry O, exit K3",,y2025,1407,185.0,-19.97,-0.65,0.475,-11.19,7.6,2.0,24.69,3.0,10.0,O,K3,,,,
F2_rsi3_10_O_K3_S,F2,short,"Connors short <SMA200 RSI3 >90, entry O, exit K3",,y2026,1097,168.0,-27.97,-0.7,0.486,-19.29,6.5,2.0,21.4,3.0,10.0,O,K3,,,,
F2_rsi3_10_O_K5_S,F2,short,"Connors short <SMA200 RSI3 >90, entry O, exit K5",,train,6827,1122.0,51.11,1.14,0.51,63.97,6.1,4.0,61.84,3.0,10.0,O,K5,,,,
F2_rsi3_10_O_K5_S,F2,short,"Connors short <SMA200 RSI3 >90, entry O, exit K5",,valid1,2177,362.0,-48.44,-1.4,0.486,-36.48,6.0,4.0,-3.6,3.0,10.0,O,K5,,,,
F2_rsi3_10_O_K5_S,F2,short,"Connors short <SMA200 RSI3 >90, entry O, exit K5",,valid2,2292,343.0,-44.47,-1.35,0.471,-33.34,6.7,4.0,35.37,3.0,10.0,O,K5,,,,
F2_rsi3_10_O_K5_S,F2,short,"Connors short <SMA200 RSI3 >90, entry O, exit K5",,trainvalid1,9004,1484.0,27.04,0.76,0.505,39.68,6.1,4.0,46.02,3.0,10.0,O,K5,,,,
F2_rsi3_10_O_K5_S,F2,short,"Connors short <SMA200 RSI3 >90, entry O, exit K5",,all_open,11299,1828.0,12.54,0.42,0.498,24.87,6.2,4.0,43.76,3.0,10.0,O,K5,,,,
F2_rsi3_10_O_K5_S,F2,short,"Connors short <SMA200 RSI3 >90, entry O, exit K5",,month_up,5721,700.0,-34.92,-0.95,0.463,-22.62,8.2,4.0,52.44,3.0,10.0,O,K5,,,,
F2_rsi3_10_O_K5_S,F2,short,"Connors short <SMA200 RSI3 >90, entry O, exit K5",,year_up,8521,1465.0,-0.04,-0.0,0.486,12.48,5.8,4.0,47.8,3.0,10.0,O,K5,,,,
F2_rsi3_10_O_K5_S,F2,short,"Connors short <SMA200 RSI3 >90, entry O, exit K5",,month_flat,2945,597.0,52.37,0.7,0.516,65.3,4.9,4.0,46.06,3.0,10.0,O,K5,,,,
F2_rsi3_10_O_K5_S,F2,short,"Connors short <SMA200 RSI3 >90, entry O, exit K5",,year_flat,0,,,,,,,,,3.0,10.0,O,K5,,,,
F2_rsi3_10_O_K5_S,F2,short,"Connors short <SMA200 RSI3 >90, entry O, exit K5",,month_down,2633,531.0,71.12,1.82,0.551,82.86,5.0,4.0,22.33,3.0,10.0,O,K5,,,,
F2_rsi3_10_O_K5_S,F2,short,"Connors short <SMA200 RSI3 >90, entry O, exit K5",,year_down,2778,363.0,51.12,1.21,0.534,62.88,7.7,4.0,31.38,3.0,10.0,O,K5,,,,
F2_rsi3_10_O_K5_S,F2,short,"Connors short <SMA200 RSI3 >90, entry O, exit K5",,y2016,167,46.0,-73.35,-0.86,0.449,-59.27,3.6,4.0,-11.23,3.0,10.0,O,K5,,,,
F2_rsi3_10_O_K5_S,F2,short,"Connors short <SMA200 RSI3 >90, entry O, exit K5",,y2017,680,202.0,-18.59,-0.88,0.475,-4.34,3.4,4.0,30.76,3.0,10.0,O,K5,,,,
F2_rsi3_10_O_K5_S,F2,short,"Connors short <SMA200 RSI3 >90, entry O, exit K5",,y2018,838,190.0,50.51,1.66,0.562,63.15,4.4,4.0,31.84,3.0,10.0,O,K5,,,,
F2_rsi3_10_O_K5_S,F2,short,"Connors short <SMA200 RSI3 >90, entry O, exit K5",,y2019,1361,201.0,-94.92,-2.88,0.406,-81.57,6.8,4.0,0.84,3.0,10.0,O,K5,,,,
F2_rsi3_10_O_K5_S,F2,short,"Connors short <SMA200 RSI3 >90, entry O, exit K5",,y2020,1363,158.0,280.61,1.72,0.62,294.88,8.6,4.0,231.13,3.0,10.0,O,K5,,,,
F2_rsi3_10_O_K5_S,F2,short,"Connors short <SMA200 RSI3 >90, entry O, exit K5",,y2021,478,152.0,-44.94,-1.29,0.431,-33.57,3.1,4.0,-0.44,3.0,10.0,O,K5,,,,
F2_rsi3_10_O_K5_S,F2,short,"Connors short <SMA200 RSI3 >90, entry O, exit K5",,y2022,1940,173.0,51.39,0.87,0.522,62.77,11.2,4.0,31.18,3.0,10.0,O,K5,,,,
F2_rsi3_10_O_K5_S,F2,short,"Connors short <SMA200 RSI3 >90, entry O, exit K5",,y2023,1485,207.0,-55.24,-1.14,0.475,-43.24,7.2,4.0,-9.83,3.0,10.0,O,K5,,,,
F2_rsi3_10_O_K5_S,F2,short,"Connors short <SMA200 RSI3 >90, entry O, exit K5",,y2024,692,155.0,-33.87,-1.12,0.509,-21.96,4.5,4.0,9.79,3.0,10.0,O,K5,,,,
F2_rsi3_10_O_K5_S,F2,short,"Connors short <SMA200 RSI3 >90, entry O, exit K5",,y2025,1295,181.0,-47.11,-0.95,0.453,-35.96,7.2,4.0,42.25,3.0,10.0,O,K5,,,,
F2_rsi3_10_O_K5_S,F2,short,"Connors short <SMA200 RSI3 >90, entry O, exit K5",,y2026,1000,163.0,-40.76,-1.06,0.494,-29.68,6.1,4.0,25.41,3.0,10.0,O,K5,,,,
F2_rsi3_10_O_SMA5_S,F2,short,"Connors short <SMA200 RSI3 >90, entry O, exit SMA5",,train,6533,1103.0,40.62,1.45,0.645,52.64,5.9,3.29,47.85,3.0,10.0,O,SMA5,,,,
F2_rsi3_10_O_SMA5_S,F2,short,"Connors short <SMA200 RSI3 >90, entry O, exit SMA5",,valid1,2089,362.0,-38.1,-1.26,0.597,-26.75,5.8,3.5,-5.24,3.0,10.0,O,SMA5,,,,
F2_rsi3_10_O_SMA5_S,F2,short,"Connors short <SMA200 RSI3 >90, entry O, exit SMA5",,valid2,2231,343.0,-31.62,-0.83,0.603,-21.19,6.5,3.44,40.28,3.0,10.0,O,SMA5,,,,
F2_rsi3_10_O_SMA5_S,F2,short,"Connors short <SMA200 RSI3 >90, entry O, exit SMA5",,trainvalid1,8622,1465.0,21.54,0.94,0.633,33.41,5.9,3.34,34.99,3.0,10.0,O,SMA5,,,,
F2_rsi3_10_O_SMA5_S,F2,short,"Connors short <SMA200 RSI3 >90, entry O, exit SMA5",,all_open,10856,1809.0,10.72,0.53,0.627,22.29,6.0,3.36,36.05,3.0,10.0,O,SMA5,,,,
F2_rsi3_10_O_SMA5_S,F2,short,"Connors short <SMA200 RSI3 >90, entry O, exit SMA5",,month_up,5464,691.0,-12.96,-0.42,0.613,-1.21,7.9,3.51,46.44,3.0,10.0,O,SMA5,,,,
F2_rsi3_10_O_SMA5_S,F2,short,"Connors short <SMA200 RSI3 >90, entry O, exit SMA5",,year_up,8161,1451.0,-2.55,-0.1,0.61,9.32,5.6,3.48,41.15,3.0,10.0,O,SMA5,,,,
F2_rsi3_10_O_SMA5_S,F2,short,"Connors short <SMA200 RSI3 >90, entry O, exit SMA5",,month_flat,2832,592.0,20.39,0.61,0.617,32.44,4.8,3.35,33.75,3.0,10.0,O,SMA5,,,,
F2_rsi3_10_O_SMA5_S,F2,short,"Connors short <SMA200 RSI3 >90, entry O, exit SMA5",,year_flat,0,,,,,,,,,3.0,10.0,O,SMA5,,,,
F2_rsi3_10_O_SMA5_S,F2,short,"Connors short <SMA200 RSI3 >90, entry O, exit SMA5",,month_down,2560,526.0,50.56,1.68,0.669,61.21,4.9,3.06,16.41,3.0,10.0,O,SMA5,,,,
F2_rsi3_10_O_SMA5_S,F2,short,"Connors short <SMA200 RSI3 >90, entry O, exit SMA5",,year_down,2695,358.0,50.9,1.71,0.68,61.56,7.5,3.01,20.6,3.0,10.0,O,SMA5,,,,
F2_rsi3_10_O_SMA5_S,F2,short,"Connors short <SMA200 RSI3 >90, entry O, exit SMA5",,y2016,164,45.0,-46.92,-0.52,0.598,-33.41,3.6,3.56,13.66,3.0,10.0,O,SMA5,,,,
F2_rsi3_10_O_SMA5_S,F2,short,"Connors short <SMA200 RSI3 >90, entry O, exit SMA5",,y2017,651,198.0,-14.2,-0.69,0.591,-0.36,3.3,3.56,19.18,3.0,10.0,O,SMA5,,,,
F2_rsi3_10_O_SMA5_S,F2,short,"Connors short <SMA200 RSI3 >90, entry O, exit SMA5",,y2018,812,187.0,46.11,1.74,0.688,57.71,4.3,3.14,34.42,3.0,10.0,O,SMA5,,,,
F2_rsi3_10_O_SMA5_S,F2,short,"Connors short <SMA200 RSI3 >90, entry O, exit SMA5",,y2019,1253,199.0,-71.7,-2.01,0.537,-58.52,6.3,3.9,14.74,3.0,10.0,O,SMA5,,,,
F2_rsi3_10_O_SMA5_S,F2,short,"Connors short <SMA200 RSI3 >90, entry O, exit SMA5",,y2020,1307,155.0,185.55,2.07,0.724,198.57,8.4,3.0,165.22,3.0,10.0,O,SMA5,,,,
F2_rsi3_10_O_SMA5_S,F2,short,"Connors short <SMA200 RSI3 >90, entry O, exit SMA5",,y2021,463,148.0,-16.36,-0.59,0.6,-5.36,3.1,3.61,17.2,3.0,10.0,O,SMA5,,,,
F2_rsi3_10_O_SMA5_S,F2,short,"Connors short <SMA200 RSI3 >90, entry O, exit SMA5",,y2022,1883,171.0,52.97,1.28,0.676,63.22,11.0,2.96,14.64,3.0,10.0,O,SMA5,,,,
F2_rsi3_10_O_SMA5_S,F2,short,"Connors short <SMA200 RSI3 >90, entry O, exit SMA5",,y2023,1411,205.0,-42.46,-1.01,0.598,-30.93,6.9,3.57,-4.99,3.0,10.0,O,SMA5,,,,
F2_rsi3_10_O_SMA5_S,F2,short,"Connors short <SMA200 RSI3 >90, entry O, exit SMA5",,y2024,678,157.0,-29.04,-0.94,0.594,-18.03,4.3,3.34,-5.75,3.0,10.0,O,SMA5,,,,
F2_rsi3_10_O_SMA5_S,F2,short,"Connors short <SMA200 RSI3 >90, entry O, exit SMA5",,y2025,1232,179.0,-52.06,-0.88,0.584,-41.3,6.9,3.66,30.26,3.0,10.0,O,SMA5,,,,
F2_rsi3_10_O_SMA5_S,F2,short,"Connors short <SMA200 RSI3 >90, entry O, exit SMA5",,y2026,1002,165.0,-5.21,-0.15,0.627,4.78,6.1,3.17,52.29,3.0,10.0,O,SMA5,,,,
F3_52wh_new_k5_L,F3,long,"52wh_new, MOC, hold 5d",52wh_new,train,27712,1471.0,15.31,1.61,0.532,21.46,18.8,5.0,2.88,,,,,5.0,,,
F3_52wh_new_k5_L,F3,long,"52wh_new, MOC, hold 5d",52wh_new,valid1,9263,441.0,17.0,1.0,0.533,22.42,21.0,5.0,-8.65,,,,,5.0,,,
F3_52wh_new_k5_L,F3,long,"52wh_new, MOC, hold 5d",52wh_new,valid2,7937,397.0,28.54,1.25,0.511,33.7,20.0,5.0,0.84,,,,,5.0,,,
F3_52wh_new_k5_L,F3,long,"52wh_new, MOC, hold 5d",52wh_new,trainvalid1,36975,1912.0,15.73,1.89,0.532,21.7,19.3,5.0,-0.01,,,,,5.0,,,
F3_52wh_new_k5_L,F3,long,"52wh_new, MOC, hold 5d",52wh_new,all_open,44912,2309.0,18.0,2.26,0.528,23.82,19.5,5.0,0.14,,,,,5.0,,,
F3_52wh_new_k5_L,F3,long,"52wh_new, MOC, hold 5d",52wh_new,month_up,17507,812.0,67.78,6.33,0.575,73.56,21.6,5.0,-14.09,,,,,5.0,,,
F3_52wh_new_k5_L,F3,long,"52wh_new, MOC, hold 5d",52wh_new,year_up,39122,1871.0,24.19,2.95,0.532,29.95,20.9,5.0,-3.88,,,,,5.0,,,
F3_52wh_new_k5_L,F3,long,"52wh_new, MOC, hold 5d",52wh_new,month_flat,16170,765.0,20.43,2.19,0.537,26.41,21.1,5.0,6.94,,,,,5.0,,,
F3_52wh_new_k5_L,F3,long,"52wh_new, MOC, hold 5d",52wh_new,year_flat,0,,,,,,,,,,,,,5.0,,,
F3_52wh_new_k5_L,F3,long,"52wh_new, MOC, hold 5d",52wh_new,month_down,11235,732.0,-63.08,-3.1,0.444,-57.4,15.3,5.0,12.51,,,,,5.0,,,
F3_52wh_new_k5_L,F3,long,"52wh_new, MOC, hold 5d",52wh_new,year_down,5790,438.0,-23.85,-0.87,0.505,-17.57,13.2,5.0,27.25,,,,,5.0,,,
F3_52wh_new_k5_L,F3,long,"52wh_new, MOC, hold 5d",52wh_new,y2016,919,52.0,69.98,1.29,0.558,78.27,17.7,5.0,14.24,,,,,5.0,,,
F3_52wh_new_k5_L,F3,long,"52wh_new, MOC, hold 5d",52wh_new,y2017,5621,250.0,22.4,2.31,0.556,29.28,22.5,5.0,-3.55,,,,,5.0,,,
F3_52wh_new_k5_L,F3,long,"52wh_new, MOC, hold 5d",52wh_new,y2018,3790,229.0,-6.74,-0.2,0.526,-0.34,16.6,5.0,11.6,,,,,5.0,,,
F3_52wh_new_k5_L,F3,long,"52wh_new, MOC, hold 5d",52wh_new,y2019,4710,247.0,3.65,0.25,0.519,9.65,19.1,5.0,-15.32,,,,,5.0,,,
F3_52wh_new_k5_L,F3,long,"52wh_new, MOC, hold 5d",52wh_new,y2020,4169,234.0,34.25,0.98,0.539,39.94,17.8,5.0,-17.22,,,,,5.0,,,
F3_52wh_new_k5_L,F3,long,"52wh_new, MOC, hold 5d",52wh_new,y2021,6503,250.0,32.62,1.91,0.536,38.14,26.0,5.0,11.19,,,,,5.0,,,
F3_52wh_new_k5_L,F3,long,"52wh_new, MOC, hold 5d",52wh_new,y2022,2000,209.0,-56.28,-1.35,0.465,-50.22,9.6,5.0,56.91,,,,,5.0,,,
F3_52wh_new_k5_L,F3,long,"52wh_new, MOC, hold 5d",52wh_new,y2023,3616,236.0,-8.0,-0.31,0.508,-2.41,15.3,5.0,-36.26,,,,,5.0,,,
F3_52wh_new_k5_L,F3,long,"52wh_new, MOC, hold 5d",52wh_new,y2024,5647,205.0,33.01,1.52,0.549,38.32,27.5,5.0,9.03,,,,,5.0,,,
F3_52wh_new_k5_L,F3,long,"52wh_new, MOC, hold 5d",52wh_new,y2025,3842,208.0,29.2,1.1,0.521,34.83,18.5,5.0,9.5,,,,,5.0,,,
F3_52wh_new_k5_L,F3,long,"52wh_new, MOC, hold 5d",52wh_new,y2026,4095,189.0,27.93,0.77,0.502,32.64,21.7,5.0,-7.3,,,,,5.0,,,
F3_52wh_new_k20_L,F3,long,"52wh_new, MOC, hold 20d",52wh_new,train,13791,1407.0,70.23,1.45,0.559,76.49,9.8,20.0,3.76,,,,,20.0,,,
F3_52wh_new_k20_L,F3,long,"52wh_new, MOC, hold 20d",52wh_new,valid1,4452,416.0,130.82,2.18,0.567,136.36,10.7,20.0,-12.22,,,,,20.0,,,
F3_52wh_new_k20_L,F3,long,"52wh_new, MOC, hold 20d",52wh_new,valid2,3932,376.0,213.57,2.17,0.554,218.77,10.5,20.0,46.88,,,,,20.0,,,
F3_52wh_new_k20_L,F3,long,"52wh_new, MOC, hold 20d",52wh_new,trainvalid1,18243,1823.0,85.02,2.14,0.561,91.1,10.0,20.0,-0.14,,,,,20.0,,,
F3_52wh_new_k20_L,F3,long,"52wh_new, MOC, hold 20d",52wh_new,all_open,22175,2199.0,107.81,2.87,0.56,113.74,10.1,20.0,8.2,,,,,20.0,,,
F3_52wh_new_k20_L,F3,long,"52wh_new, MOC, hold 20d",52wh_new,month_up,8730,798.0,240.44,4.95,0.603,246.28,10.9,20.0,4.88,,,,,20.0,,,
F3_52wh_new_k20_L,F3,long,"52wh_new, MOC, hold 20d",52wh_new,year_up,19229,1797.0,138.12,3.34,0.574,143.97,10.7,20.0,-0.49,,,,,20.0,,,
F3_52wh_new_k20_L,F3,long,"52wh_new, MOC, hold 20d",52wh_new,month_flat,8030,752.0,134.9,3.49,0.585,140.99,10.7,20.0,21.88,,,,,20.0,,,
F3_52wh_new_k20_L,F3,long,"52wh_new, MOC, hold 20d",52wh_new,year_flat,0,,,,,,,,,,,,,20.0,,,
F3_52wh_new_k20_L,F3,long,"52wh_new, MOC, hold 20d",52wh_new,month_down,5415,649.0,-146.19,-1.76,0.455,-140.36,8.3,20.0,-6.73,,,,,20.0,,,
F3_52wh_new_k20_L,F3,long,"52wh_new, MOC, hold 20d",52wh_new,year_down,2946,402.0,-90.05,-1.2,0.471,-83.6,7.3,20.0,64.93,,,,,20.0,,,
F3_52wh_new_k20_L,F3,long,"52wh_new, MOC, hold 20d",52wh_new,y2016,475,51.0,309.76,13.35,0.625,318.1,9.3,20.0,15.84,,,,,20.0,,,
F3_52wh_new_k20_L,F3,long,"52wh_new, MOC, hold 20d",52wh_new,y2017,2715,249.0,151.81,3.33,0.619,158.77,10.9,20.0,-9.29,,,,,20.0,,,
F3_52wh_new_k20_L,F3,long,"52wh_new, MOC, hold 20d",52wh_new,y2018,1870,212.0,-65.27,-0.76,0.483,-58.69,8.8,20.0,41.64,,,,,20.0,,,
F3_52wh_new_k20_L,F3,long,"52wh_new, MOC, hold 20d",52wh_new,y2019,2308,243.0,123.43,1.95,0.619,129.56,9.5,20.0,-17.15,,,,,20.0,,,
F3_52wh_new_k20_L,F3,long,"52wh_new, MOC, hold 20d",52wh_new,y2020,2112,218.0,78.95,0.3,0.55,84.75,9.7,20.0,25.66,,,,,20.0,,,
F3_52wh_new_k20_L,F3,long,"52wh_new, MOC, hold 20d",52wh_new,y2021,3235,244.0,68.9,1.43,0.544,74.5,13.3,20.0,-42.13,,,,,20.0,,,
F3_52wh_new_k20_L,F3,long,"52wh_new, MOC, hold 20d",52wh_new,y2022,1076,190.0,-133.11,-0.98,0.449,-126.89,5.7,20.0,105.41,,,,,20.0,,,
F3_52wh_new_k20_L,F3,long,"52wh_new, MOC, hold 20d",52wh_new,y2023,1901,228.0,50.62,0.46,0.522,56.31,8.3,20.0,-71.07,,,,,20.0,,,
F3_52wh_new_k20_L,F3,long,"52wh_new, MOC, hold 20d",52wh_new,y2024,2551,188.0,190.58,2.59,0.601,196.0,13.6,20.0,31.64,,,,,20.0,,,
F3_52wh_new_k20_L,F3,long,"52wh_new, MOC, hold 20d",52wh_new,y2025,1963,202.0,270.6,3.08,0.592,276.21,9.7,20.0,43.17,,,,,20.0,,,
F3_52wh_new_k20_L,F3,long,"52wh_new, MOC, hold 20d",52wh_new,y2026,1969,174.0,156.71,0.95,0.516,161.51,11.3,20.0,50.57,,,,,20.0,,,
F3_52wh_2pct_k5_L,F3,long,"52wh_2pct, MOC, hold 5d",52wh_2pct,train,39303,1499.0,13.04,1.51,0.535,19.11,26.2,5.0,1.55,,,,,5.0,,,
F3_52wh_2pct_k5_L,F3,long,"52wh_2pct, MOC, hold 5d",52wh_2pct,valid1,12668,449.0,17.27,1.06,0.528,22.54,28.2,5.0,-8.33,,,,,5.0,,,
F3_52wh_2pct_k5_L,F3,long,"52wh_2pct, MOC, hold 5d",52wh_2pct,valid2,9801,398.0,20.72,1.04,0.51,25.77,24.6,5.0,-9.22,,,,,5.0,,,
F3_52wh_2pct_k5_L,F3,long,"52wh_2pct, MOC, hold 5d",52wh_2pct,trainvalid1,51971,1948.0,14.07,1.84,0.533,19.95,26.7,5.0,-0.86,,,,,5.0,,,
F3_52wh_2pct_k5_L,F3,long,"52wh_2pct, MOC, hold 5d",52wh_2pct,all_open,61772,2346.0,15.13,2.11,0.529,20.87,26.3,5.0,-2.19,,,,,5.0,,,
F3_52wh_2pct_k5_L,F3,long,"52wh_2pct, MOC, hold 5d",52wh_2pct,month_up,23061,819.0,59.46,6.06,0.573,65.17,28.2,5.0,-18.73,,,,,5.0,,,
F3_52wh_2pct_k5_L,F3,long,"52wh_2pct, MOC, hold 5d",52wh_2pct,year_up,53581,1886.0,22.13,3.08,0.536,27.81,28.4,5.0,-5.88,,,,,5.0,,,
F3_52wh_2pct_k5_L,F3,long,"52wh_2pct, MOC, hold 5d",52wh_2pct,month_flat,23181,773.0,24.88,3.12,0.545,30.77,30.0,5.0,5.53,,,,,5.0,,,
F3_52wh_2pct_k5_L,F3,long,"52wh_2pct, MOC, hold 5d",52wh_2pct,year_flat,0,,,,,,,,,,,,,5.0,,,
F3_52wh_2pct_k5_L,F3,long,"52wh_2pct, MOC, hold 5d",52wh_2pct,month_down,15530,754.0,-65.25,-3.69,0.441,-59.67,20.6,5.0,10.85,,,,,5.0,,,
F3_52wh_2pct_k5_L,F3,long,"52wh_2pct, MOC, hold 5d",52wh_2pct,year_down,8191,460.0,-30.64,-1.19,0.487,-24.48,17.8,5.0,21.96,,,,,5.0,,,
F3_52wh_2pct_k5_L,F3,long,"52wh_2pct, MOC, hold 5d",52wh_2pct,y2016,1345,52.0,68.82,1.47,0.562,76.73,25.9,5.0,13.86,,,,,5.0,,,
F3_52wh_2pct_k5_L,F3,long,"52wh_2pct, MOC, hold 5d",52wh_2pct,y2017,8884,251.0,29.99,3.6,0.564,36.71,35.4,5.0,-0.71,,,,,5.0,,,
F3_52wh_2pct_k5_L,F3,long,"52wh_2pct, MOC, hold 5d",52wh_2pct,y2018,5449,238.0,-16.18,-0.49,0.511,-9.86,22.9,5.0,9.32,,,,,5.0,,,
F3_52wh_2pct_k5_L,F3,long,"52wh_2pct, MOC, hold 5d",52wh_2pct,y2019,7146,249.0,12.7,1.02,0.542,18.71,28.7,5.0,-12.87,,,,,5.0,,,
F3_52wh_2pct_k5_L,F3,long,"52wh_2pct, MOC, hold 5d",52wh_2pct,y2020,5187,236.0,13.96,0.42,0.53,19.48,22.0,5.0,-18.89,,,,,5.0,,,
F3_52wh_2pct_k5_L,F3,long,"52wh_2pct, MOC, hold 5d",52wh_2pct,y2021,8550,251.0,28.24,1.76,0.542,33.65,34.1,5.0,6.84,,,,,5.0,,,
F3_52wh_2pct_k5_L,F3,long,"52wh_2pct, MOC, hold 5d",52wh_2pct,y2022,2742,222.0,-59.38,-1.66,0.438,-53.55,12.4,5.0,47.08,,,,,5.0,,,
F3_52wh_2pct_k5_L,F3,long,"52wh_2pct, MOC, hold 5d",52wh_2pct,y2023,4900,243.0,-0.36,-0.01,0.504,5.04,20.2,5.0,-26.87,,,,,5.0,,,
F3_52wh_2pct_k5_L,F3,long,"52wh_2pct, MOC, hold 5d",52wh_2pct,y2024,7768,206.0,28.39,1.32,0.542,33.58,37.7,5.0,3.37,,,,,5.0,,,
F3_52wh_2pct_k5_L,F3,long,"52wh_2pct, MOC, hold 5d",52wh_2pct,y2025,4987,209.0,24.23,1.11,0.517,29.66,23.9,5.0,-2.67,,,,,5.0,,,
F3_52wh_2pct_k5_L,F3,long,"52wh_2pct, MOC, hold 5d",52wh_2pct,y2026,4814,189.0,17.09,0.52,0.502,21.74,25.5,5.0,-15.99,,,,,5.0,,,
F3_52wh_2pct_k20_L,F3,long,"52wh_2pct, MOC, hold 20d",52wh_2pct,train,16404,1446.0,67.4,1.47,0.563,73.64,11.3,20.0,0.05,,,,,20.0,,,
F3_52wh_2pct_k20_L,F3,long,"52wh_2pct, MOC, hold 20d",52wh_2pct,valid1,5209,431.0,123.69,2.21,0.568,129.14,12.1,20.0,-16.61,,,,,20.0,,,
F3_52wh_2pct_k20_L,F3,long,"52wh_2pct, MOC, hold 20d",52wh_2pct,valid2,4375,378.0,188.67,2.35,0.552,193.81,11.6,20.0,21.95,,,,,20.0,,,
F3_52wh_2pct_k20_L,F3,long,"52wh_2pct, MOC, hold 20d",52wh_2pct,trainvalid1,21613,1877.0,80.97,2.15,0.565,87.01,11.5,20.0,-3.97,,,,,20.0,,,
F3_52wh_2pct_k20_L,F3,long,"52wh_2pct, MOC, hold 20d",52wh_2pct,all_open,25988,2255.0,99.1,2.87,0.563,104.99,11.5,20.0,0.4,,,,,20.0,,,
F3_52wh_2pct_k20_L,F3,long,"52wh_2pct, MOC, hold 20d",52wh_2pct,month_up,9938,815.0,228.82,5.36,0.605,234.64,12.2,20.0,-2.54,,,,,20.0,,,
F3_52wh_2pct_k20_L,F3,long,"52wh_2pct, MOC, hold 20d",52wh_2pct,year_up,22475,1832.0,128.92,3.39,0.579,134.73,12.3,20.0,-8.27,,,,,20.0,,,
F3_52wh_2pct_k20_L,F3,long,"52wh_2pct, MOC, hold 20d",52wh_2pct,month_flat,9608,763.0,129.17,3.75,0.589,135.19,12.6,20.0,7.85,,,,,20.0,,,
F3_52wh_2pct_k20_L,F3,long,"52wh_2pct, MOC, hold 20d",52wh_2pct,year_flat,0,,,,,,,,,,,,,20.0,,,
F3_52wh_2pct_k20_L,F3,long,"52wh_2pct, MOC, hold 20d",52wh_2pct,month_down,6442,677.0,-145.86,-1.8,0.457,-140.06,9.5,20.0,-6.19,,,,,20.0,,,
F3_52wh_2pct_k20_L,F3,long,"52wh_2pct, MOC, hold 20d",52wh_2pct,year_down,3513,423.0,-91.66,-1.3,0.457,-85.28,8.3,20.0,55.83,,,,,20.0,,,
F3_52wh_2pct_k20_L,F3,long,"52wh_2pct, MOC, hold 20d",52wh_2pct,y2016,600,51.0,282.34,5.09,0.637,290.32,11.8,20.0,2.67,,,,,20.0,,,
F3_52wh_2pct_k20_L,F3,long,"52wh_2pct, MOC, hold 20d",52wh_2pct,y2017,3434,250.0,157.57,3.45,0.632,164.46,13.7,20.0,-13.53,,,,,20.0,,,
F3_52wh_2pct_k20_L,F3,long,"52wh_2pct, MOC, hold 20d",52wh_2pct,y2018,2242,219.0,-64.05,-0.77,0.47,-57.49,10.2,20.0,37.54,,,,,20.0,,,
F3_52wh_2pct_k20_L,F3,long,"52wh_2pct, MOC, hold 20d",52wh_2pct,y2019,2824,247.0,126.59,2.12,0.636,132.71,11.4,20.0,-17.74,,,,,20.0,,,
F3_52wh_2pct_k20_L,F3,long,"52wh_2pct, MOC, hold 20d",52wh_2pct,y2020,2348,224.0,43.65,0.17,0.532,49.41,10.5,20.0,15.3,,,,,20.0,,,
F3_52wh_2pct_k20_L,F3,long,"52wh_2pct, MOC, hold 20d",52wh_2pct,y2021,3685,251.0,69.79,1.35,0.554,75.38,14.7,20.0,-37.0,,,,,20.0,,,
F3_52wh_2pct_k20_L,F3,long,"52wh_2pct, MOC, hold 20d",52wh_2pct,y2022,1271,204.0,-140.38,-1.18,0.434,-134.32,6.2,20.0,88.08,,,,,20.0,,,
F3_52wh_2pct_k20_L,F3,long,"52wh_2pct, MOC, hold 20d",52wh_2pct,y2023,2241,242.0,44.55,0.41,0.518,50.12,9.3,20.0,-68.06,,,,,20.0,,,
F3_52wh_2pct_k20_L,F3,long,"52wh_2pct, MOC, hold 20d",52wh_2pct,y2024,2968,189.0,183.44,2.83,0.606,188.8,15.7,20.0,22.24,,,,,20.0,,,
F3_52wh_2pct_k20_L,F3,long,"52wh_2pct, MOC, hold 20d",52wh_2pct,y2025,2245,204.0,248.34,4.7,0.589,253.82,11.0,20.0,26.52,,,,,20.0,,,
F3_52wh_2pct_k20_L,F3,long,"52wh_2pct, MOC, hold 20d",52wh_2pct,y2026,2130,174.0,125.78,0.89,0.514,130.57,12.2,20.0,17.13,,,,,20.0,,,
F3_mom20_top_k5_L,F3,long,"mom20_top, MOC, hold 5d",mom20_top,train,29178,1563.0,19.1,1.2,0.525,26.88,18.7,5.0,-6.41,,,,,5.0,,,
F3_mom20_top_k5_L,F3,long,"mom20_top, MOC, hold 5d",mom20_top,valid1,9850,456.0,44.21,1.56,0.523,51.76,21.6,5.0,6.18,,,,,5.0,,,
F3_mom20_top_k5_L,F3,long,"mom20_top, MOC, hold 5d",mom20_top,valid2,9593,400.0,79.73,2.47,0.534,86.32,24.0,5.0,35.68,,,,,5.0,,,
F3_mom20_top_k5_L,F3,long,"mom20_top, MOC, hold 5d",mom20_top,trainvalid1,39028,2019.0,25.44,1.84,0.524,33.16,19.3,5.0,-3.23,,,,,5.0,,,
F3_mom20_top_k5_L,F3,long,"mom20_top, MOC, hold 5d",mom20_top,all_open,48621,2419.0,36.15,2.8,0.526,43.65,20.1,5.0,4.45,,,,,5.0,,,
F3_mom20_top_k5_L,F3,long,"mom20_top, MOC, hold 5d",mom20_top,month_up,16655,834.0,155.56,8.67,0.596,163.23,20.0,5.0,36.63,,,,,5.0,,,
F3_mom20_top_k5_L,F3,long,"mom20_top, MOC, hold 5d",mom20_top,year_up,38829,1917.0,56.18,3.98,0.537,63.66,20.3,5.0,10.36,,,,,5.0,,,
F3_mom20_top_k5_L,F3,long,"mom20_top, MOC, hold 5d",mom20_top,month_flat,15205,781.0,23.46,1.38,0.529,31.2,19.5,5.0,-8.29,,,,,5.0,,,
F3_mom20_top_k5_L,F3,long,"mom20_top, MOC, hold 5d",mom20_top,year_flat,0,,,,,,,,,,,,,5.0,,,
F3_mom20_top_k5_L,F3,long,"mom20_top, MOC, hold 5d",mom20_top,month_down,16761,804.0,-71.0,-3.16,0.454,-63.89,20.8,5.0,-15.98,,,,,5.0,,,
F3_mom20_top_k5_L,F3,long,"mom20_top, MOC, hold 5d",mom20_top,year_down,9792,502.0,-43.27,-1.56,0.483,-35.72,19.5,5.0,-19.02,,,,,5.0,,,
F3_mom20_top_k5_L,F3,long,"mom20_top, MOC, hold 5d",mom20_top,y2016,886,53.0,59.0,1.02,0.543,68.71,16.7,5.0,-2.72,,,,,5.0,,,
F3_mom20_top_k5_L,F3,long,"mom20_top, MOC, hold 5d",mom20_top,y2017,4078,251.0,26.7,1.72,0.544,35.47,16.2,5.0,-10.82,,,,,5.0,,,
F3_mom20_top_k5_L,F3,long,"mom20_top, MOC, hold 5d",mom20_top,y2018,4380,251.0,-30.9,-0.97,0.493,-23.05,17.5,5.0,-10.14,,,,,5.0,,,
F3_mom20_top_k5_L,F3,long,"mom20_top, MOC, hold 5d",mom20_top,y2019,4526,252.0,43.67,1.93,0.552,51.43,18.0,5.0,-12.99,,,,,5.0,,,
F3_mom20_top_k5_L,F3,long,"mom20_top, MOC, hold 5d",mom20_top,y2020,4821,253.0,74.2,1.18,0.542,82.64,19.1,5.0,14.97,,,,,5.0,,,
F3_mom20_top_k5_L,F3,long,"mom20_top, MOC, hold 5d",mom20_top,y2021,5075,252.0,52.11,2.21,0.546,58.6,20.1,5.0,6.38,,,,,5.0,,,
F3_mom20_top_k5_L,F3,long,"mom20_top, MOC, hold 5d",mom20_top,y2022,5412,251.0,-53.28,-1.24,0.475,-45.97,21.6,5.0,-26.21,,,,,5.0,,,
F3_mom20_top_k5_L,F3,long,"mom20_top, MOC, hold 5d",mom20_top,y2023,5300,250.0,51.14,1.23,0.527,58.83,21.2,5.0,15.89,,,,,5.0,,,
F3_mom20_top_k5_L,F3,long,"mom20_top, MOC, hold 5d",mom20_top,y2024,4550,206.0,36.14,0.99,0.519,43.51,22.1,5.0,-5.13,,,,,5.0,,,
F3_mom20_top_k5_L,F3,long,"mom20_top, MOC, hold 5d",mom20_top,y2025,4957,211.0,95.44,2.26,0.552,102.54,23.5,5.0,42.09,,,,,5.0,,,
F3_mom20_top_k5_L,F3,long,"mom20_top, MOC, hold 5d",mom20_top,y2026,4636,189.0,62.93,1.32,0.514,68.99,24.5,5.0,28.84,,,,,5.0,,,
F3_mom20_top_k20_L,F3,long,"mom20_top, MOC, hold 20d",mom20_top,train,13798,1563.0,103.3,1.89,0.549,111.02,8.8,20.0,-18.5,,,,,20.0,,,
F3_mom20_top_k20_L,F3,long,"mom20_top, MOC, hold 20d",mom20_top,valid1,4410,441.0,201.55,1.93,0.552,208.97,10.0,20.0,29.66,,,,,20.0,,,
F3_mom20_top_k20_L,F3,long,"mom20_top, MOC, hold 20d",mom20_top,valid2,4214,384.0,348.17,2.65,0.55,354.66,11.0,20.0,147.97,,,,,20.0,,,
F3_mom20_top_k20_L,F3,long,"mom20_top, MOC, hold 20d",mom20_top,trainvalid1,18208,2004.0,127.09,2.6,0.55,134.75,9.1,20.0,-6.83,,,,,20.0,,,
F3_mom20_top_k20_L,F3,long,"mom20_top, MOC, hold 20d",mom20_top,all_open,22422,2388.0,168.64,3.47,0.55,176.08,9.4,20.0,22.26,,,,,20.0,,,
F3_mom20_top_k20_L,F3,long,"mom20_top, MOC, hold 20d",mom20_top,month_up,7623,833.0,419.74,5.08,0.615,427.3,9.2,20.0,83.23,,,,,20.0,,,
F3_mom20_top_k20_L,F3,long,"mom20_top, MOC, hold 20d",mom20_top,year_up,17764,1886.0,233.68,4.44,0.568,241.1,9.4,20.0,34.96,,,,,20.0,,,
F3_mom20_top_k20_L,F3,long,"mom20_top, MOC, hold 20d",mom20_top,month_flat,7162,779.0,94.95,1.62,0.544,102.65,9.2,20.0,-23.73,,,,,20.0,,,
F3_mom20_top_k20_L,F3,long,"mom20_top, MOC, hold 20d",mom20_top,year_flat,0,,,,,,,,,,,,,20.0,,,
F3_mom20_top_k20_L,F3,long,"mom20_top, MOC, hold 20d",mom20_top,month_down,7637,776.0,-12.89,-0.17,0.49,-5.83,9.8,20.0,4.54,,,,,20.0,,,
F3_mom20_top_k20_L,F3,long,"mom20_top, MOC, hold 20d",mom20_top,year_down,4658,502.0,-79.38,-0.87,0.481,-71.91,9.3,20.0,-26.17,,,,,20.0,,,
F3_mom20_top_k20_L,F3,long,"mom20_top, MOC, hold 20d",mom20_top,y2016,478,53.0,262.51,5.2,0.59,271.94,9.0,20.0,-33.53,,,,,20.0,,,
F3_mom20_top_k20_L,F3,long,"mom20_top, MOC, hold 20d",mom20_top,y2017,1914,251.0,151.83,2.51,0.607,160.54,7.6,20.0,-29.96,,,,,20.0,,,
F3_mom20_top_k20_L,F3,long,"mom20_top, MOC, hold 20d",mom20_top,y2018,2072,251.0,-89.69,-0.79,0.472,-81.94,8.3,20.0,-41.22,,,,,20.0,,,
F3_mom20_top_k20_L,F3,long,"mom20_top, MOC, hold 20d",mom20_top,y2019,2135,252.0,147.18,1.46,0.588,155.03,8.5,20.0,-65.99,,,,,20.0,,,
F3_mom20_top_k20_L,F3,long,"mom20_top, MOC, hold 20d",mom20_top,y2020,2203,253.0,405.82,2.19,0.604,414.14,8.7,20.0,122.49,,,,,20.0,,,
F3_mom20_top_k20_L,F3,long,"mom20_top, MOC, hold 20d",mom20_top,y2021,2410,252.0,70.85,1.17,0.541,77.28,9.6,20.0,-78.39,,,,,20.0,,,
F3_mom20_top_k20_L,F3,long,"mom20_top, MOC, hold 20d",mom20_top,y2022,2586,251.0,-71.13,-0.52,0.488,-63.87,10.3,20.0,-14.1,,,,,20.0,,,
F3_mom20_top_k20_L,F3,long,"mom20_top, MOC, hold 20d",mom20_top,y2023,2480,250.0,189.38,1.09,0.537,196.99,9.9,20.0,44.01,,,,,20.0,,,
F3_mom20_top_k20_L,F3,long,"mom20_top, MOC, hold 20d",mom20_top,y2024,1930,191.0,217.2,1.95,0.572,224.37,10.1,20.0,11.22,,,,,20.0,,,
F3_mom20_top_k20_L,F3,long,"mom20_top, MOC, hold 20d",mom20_top,y2025,2275,210.0,421.13,2.85,0.576,428.03,10.8,20.0,173.7,,,,,20.0,,,
F3_mom20_top_k20_L,F3,long,"mom20_top, MOC, hold 20d",mom20_top,y2026,1939,174.0,262.56,1.2,0.52,268.58,11.1,20.0,117.79,,,,,20.0,,,
F3_mom20_bot_k5_S,F3,short,"mom20_bot, MOC, hold 5d",mom20_bot,train,28819,1563.0,-58.06,-2.94,0.459,-43.5,18.4,5.0,-11.14,,,,,5.0,,,
F3_mom20_bot_k5_S,F3,short,"mom20_bot, MOC, hold 5d",mom20_bot,valid1,9909,456.0,-77.35,-2.73,0.459,-63.33,21.7,5.0,-17.56,,,,,5.0,,,
F3_mom20_bot_k5_S,F3,short,"mom20_bot, MOC, hold 5d",mom20_bot,valid2,9808,400.0,-98.64,-3.16,0.459,-85.53,24.5,5.0,-34.07,,,,,5.0,,,
F3_mom20_bot_k5_S,F3,short,"mom20_bot, MOC, hold 5d",mom20_bot,trainvalid1,38728,2019.0,-63.0,-3.84,0.459,-48.58,19.2,5.0,-12.78,,,,,5.0,,,
F3_mom20_bot_k5_S,F3,short,"mom20_bot, MOC, hold 5d",mom20_bot,all_open,48536,2419.0,-70.2,-4.82,0.459,-56.04,20.1,5.0,-17.08,,,,,5.0,,,
F3_mom20_bot_k5_S,F3,short,"mom20_bot, MOC, hold 5d",mom20_bot,month_up,16968,834.0,-162.24,-8.05,0.403,-148.32,20.3,5.0,-25.11,,,,,5.0,,,
F3_mom20_bot_k5_S,F3,short,"mom20_bot, MOC, hold 5d",mom20_bot,year_up,39141,1917.0,-86.87,-5.59,0.448,-72.75,20.4,5.0,-19.55,,,,,5.0,,,
F3_mom20_bot_k5_S,F3,short,"mom20_bot, MOC, hold 5d",mom20_bot,month_flat,14995,781.0,-62.21,-3.06,0.448,-48.05,19.2,5.0,-8.97,,,,,5.0,,,
F3_mom20_bot_k5_S,F3,short,"mom20_bot, MOC, hold 5d",mom20_bot,year_flat,0,,,,,,,,,,,,,5.0,,,
F3_mom20_bot_k5_S,F3,short,"mom20_bot, MOC, hold 5d",mom20_bot,month_down,16573,804.0,16.81,0.63,0.526,31.19,20.6,5.0,-16.19,,,,,5.0,,,
F3_mom20_bot_k5_S,F3,short,"mom20_bot, MOC, hold 5d",mom20_bot,year_down,9395,502.0,-0.76,-0.02,0.506,13.55,18.7,5.0,-6.78,,,,,5.0,,,
F3_mom20_bot_k5_S,F3,short,"mom20_bot, MOC, hold 5d",mom20_bot,y2016,848,53.0,-122.57,-1.66,0.41,-107.06,16.0,5.0,-36.57,,,,,5.0,,,
F3_mom20_bot_k5_S,F3,short,"mom20_bot, MOC, hold 5d",mom20_bot,y2017,4008,251.0,-70.96,-4.14,0.422,-55.36,16.0,5.0,-10.04,,,,,5.0,,,
F3_mom20_bot_k5_S,F3,short,"mom20_bot, MOC, hold 5d",mom20_bot,y2018,4226,251.0,-5.38,-0.17,0.492,9.42,16.8,5.0,-0.09,,,,,5.0,,,
F3_mom20_bot_k5_S,F3,short,"mom20_bot, MOC, hold 5d",mom20_bot,y2019,4467,252.0,-95.78,-2.89,0.403,-81.09,17.7,5.0,-22.75,,,,,5.0,,,
F3_mom20_bot_k5_S,F3,short,"mom20_bot, MOC, hold 5d",mom20_bot,y2020,4999,253.0,-117.38,-1.59,0.447,-101.96,19.8,5.0,-27.08,,,,,5.0,,,
F3_mom20_bot_k5_S,F3,short,"mom20_bot, MOC, hold 5d",mom20_bot,y2021,5102,252.0,-51.58,-1.61,0.471,-38.51,20.2,5.0,10.01,,,,,5.0,,,
F3_mom20_bot_k5_S,F3,short,"mom20_bot, MOC, hold 5d",mom20_bot,y2022,5169,251.0,3.01,0.05,0.517,16.93,20.6,5.0,-12.26,,,,,5.0,,,
F3_mom20_bot_k5_S,F3,short,"mom20_bot, MOC, hold 5d",mom20_bot,y2023,5349,250.0,-75.08,-1.81,0.463,-60.96,21.4,5.0,-16.51,,,,,5.0,,,
F3_mom20_bot_k5_S,F3,short,"mom20_bot, MOC, hold 5d",mom20_bot,y2024,4560,206.0,-80.02,-2.13,0.456,-66.11,22.1,5.0,-18.78,,,,,5.0,,,
F3_mom20_bot_k5_S,F3,short,"mom20_bot, MOC, hold 5d",mom20_bot,y2025,5070,211.0,-93.91,-2.18,0.442,-80.6,24.0,5.0,-19.8,,,,,5.0,,,
F3_mom20_bot_k5_S,F3,short,"mom20_bot, MOC, hold 5d",mom20_bot,y2026,4738,189.0,-103.71,-2.37,0.477,-90.81,25.1,5.0,-49.34,,,,,5.0,,,
F3_mom20_bot_k20_S,F3,short,"mom20_bot, MOC, hold 20d",mom20_bot,train,13406,1561.0,-207.74,-3.16,0.422,-175.53,8.6,20.0,-36.95,,,,,20.0,,,
F3_mom20_bot_k20_S,F3,short,"mom20_bot, MOC, hold 20d",mom20_bot,valid1,4365,441.0,-237.22,-2.57,0.441,-205.55,9.9,20.0,-37.03,,,,,20.0,,,
F3_mom20_bot_k20_S,F3,short,"mom20_bot, MOC, hold 20d",mom20_bot,valid2,4465,385.0,-301.8,-2.46,0.443,-271.07,11.6,20.0,-56.12,,,,,20.0,,,
F3_mom20_bot_k20_S,F3,short,"mom20_bot, MOC, hold 20d",mom20_bot,trainvalid1,17771,2002.0,-214.98,-3.95,0.427,-182.9,8.9,20.0,-36.97,,,,,20.0,,,
F3_mom20_bot_k20_S,F3,short,"mom20_bot, MOC, hold 20d",mom20_bot,all_open,22236,2387.0,-232.41,-4.62,0.43,-200.61,9.3,20.0,-40.81,,,,,20.0,,,
F3_mom20_bot_k20_S,F3,short,"mom20_bot, MOC, hold 20d",mom20_bot,month_up,7899,833.0,-412.74,-6.41,0.378,-381.15,9.5,20.0,-35.3,,,,,20.0,,,
F3_mom20_bot_k20_S,F3,short,"mom20_bot, MOC, hold 20d",mom20_bot,year_up,17952,1886.0,-280.51,-5.11,0.412,-248.77,9.5,20.0,-42.46,,,,,20.0,,,
F3_mom20_bot_k20_S,F3,short,"mom20_bot, MOC, hold 20d",mom20_bot,month_flat,6909,778.0,-200.04,-3.57,0.419,-168.37,8.9,20.0,-46.78,,,,,20.0,,,
F3_mom20_bot_k20_S,F3,short,"mom20_bot, MOC, hold 20d",mom20_bot,year_flat,0,,,,,,,,,,,,,20.0,,,
F3_mom20_bot_k20_S,F3,short,"mom20_bot, MOC, hold 20d",mom20_bot,month_down,7428,776.0,-70.76,-0.71,0.496,-38.6,9.6,20.0,-41.13,,,,,20.0,,,
F3_mom20_bot_k20_S,F3,short,"mom20_bot, MOC, hold 20d",mom20_bot,year_down,4284,501.0,-30.84,-0.32,0.506,1.24,8.6,20.0,-33.91,,,,,20.0,,,
F3_mom20_bot_k20_S,F3,short,"mom20_bot, MOC, hold 20d",mom20_bot,y2016,441,53.0,-402.28,-6.22,0.322,-368.57,8.3,20.0,-65.99,,,,,20.0,,,
F3_mom20_bot_k20_S,F3,short,"mom20_bot, MOC, hold 20d",mom20_bot,y2017,1829,251.0,-244.64,-4.58,0.364,-211.51,7.3,20.0,-30.5,,,,,20.0,,,
F3_mom20_bot_k20_S,F3,short,"mom20_bot, MOC, hold 20d",mom20_bot,y2018,1915,251.0,-24.08,-0.33,0.483,8.48,7.6,20.0,-4.07,,,,,20.0,,,
F3_mom20_bot_k20_S,F3,short,"mom20_bot, MOC, hold 20d",mom20_bot,y2019,2067,252.0,-328.29,-3.58,0.352,-296.03,8.2,20.0,-85.46,,,,,20.0,,,
F3_mom20_bot_k20_S,F3,short,"mom20_bot, MOC, hold 20d",mom20_bot,y2020,2439,253.0,-404.52,-1.75,0.378,-371.67,9.6,20.0,-73.59,,,,,20.0,,,
F3_mom20_bot_k20_S,F3,short,"mom20_bot, MOC, hold 20d",mom20_bot,y2021,2346,251.0,-154.62,-1.23,0.442,-123.9,9.3,20.0,38.77,,,,,20.0,,,
F3_mom20_bot_k20_S,F3,short,"mom20_bot, MOC, hold 20d",mom20_bot,y2022,2369,250.0,-36.31,-0.22,0.525,-4.61,9.5,20.0,-58.03,,,,,20.0,,,
F3_mom20_bot_k20_S,F3,short,"mom20_bot, MOC, hold 20d",mom20_bot,y2023,2457,250.0,-234.1,-1.49,0.452,-202.37,9.8,20.0,-66.76,,,,,20.0,,,
F3_mom20_bot_k20_S,F3,short,"mom20_bot, MOC, hold 20d",mom20_bot,y2024,1908,191.0,-241.23,-3.79,0.427,-209.64,10.0,20.0,1.26,,,,,20.0,,,
F3_mom20_bot_k20_S,F3,short,"mom20_bot, MOC, hold 20d",mom20_bot,y2025,2399,211.0,-331.35,-1.96,0.42,-300.45,11.4,20.0,-31.92,,,,,20.0,,,
F3_mom20_bot_k20_S,F3,short,"mom20_bot, MOC, hold 20d",mom20_bot,y2026,2066,174.0,-267.49,-1.51,0.47,-236.94,11.9,20.0,-84.23,,,,,20.0,,,
F3_rev5_bot_k5_L,F3,long,"rev5_bot, MOC, hold 5d",rev5_bot,train,40654,1563.0,45.16,2.27,0.534,53.41,26.0,5.0,18.2,,,,,5.0,,,
F3_rev5_bot_k5_L,F3,long,"rev5_bot, MOC, hold 5d",rev5_bot,valid1,14056,456.0,61.26,2.21,0.531,68.99,30.8,5.0,20.66,,,,,5.0,,,
F3_rev5_bot_k5_L,F3,long,"rev5_bot, MOC, hold 5d",rev5_bot,valid2,13742,400.0,84.79,2.6,0.526,91.64,34.4,5.0,40.2,,,,,5.0,,,
F3_rev5_bot_k5_L,F3,long,"rev5_bot, MOC, hold 5d",rev5_bot,trainvalid1,54710,2019.0,49.29,2.99,0.534,57.42,27.1,5.0,18.83,,,,,5.0,,,
F3_rev5_bot_k5_L,F3,long,"rev5_bot, MOC, hold 5d",rev5_bot,all_open,68452,2419.0,56.42,3.83,0.532,64.29,28.3,5.0,23.12,,,,,5.0,,,
F3_rev5_bot_k5_L,F3,long,"rev5_bot, MOC, hold 5d",rev5_bot,month_up,24130,834.0,161.08,9.51,0.599,168.85,28.9,5.0,45.74,,,,,5.0,,,
F3_rev5_bot_k5_L,F3,long,"rev5_bot, MOC, hold 5d",rev5_bot,year_up,55162,1917.0,74.0,4.66,0.542,81.83,28.8,5.0,26.66,,,,,5.0,,,
F3_rev5_bot_k5_L,F3,long,"rev5_bot, MOC, hold 5d",rev5_bot,month_flat,21173,781.0,43.06,2.53,0.539,50.99,27.1,5.0,10.81,,,,,5.0,,,
F3_rev5_bot_k5_L,F3,long,"rev5_bot, MOC, hold 5d",rev5_bot,year_flat,0,,,,,,,,,,,,,5.0,,,
F3_rev5_bot_k5_L,F3,long,"rev5_bot, MOC, hold 5d",rev5_bot,month_down,23149,804.0,-40.46,-1.39,0.456,-32.54,28.8,5.0,10.81,,,,,5.0,,,
F3_rev5_bot_k5_L,F3,long,"rev5_bot, MOC, hold 5d",rev5_bot,year_down,13290,502.0,-16.53,-0.48,0.49,-8.53,26.5,5.0,8.42,,,,,5.0,,,
F3_rev5_bot_k5_L,F3,long,"rev5_bot, MOC, hold 5d",rev5_bot,y2016,1205,53.0,100.98,1.71,0.563,110.44,22.7,5.0,41.27,,,,,5.0,,,
F3_rev5_bot_k5_L,F3,long,"rev5_bot, MOC, hold 5d",rev5_bot,y2017,5609,251.0,47.69,3.36,0.57,56.87,22.3,5.0,10.05,,,,,5.0,,,
F3_rev5_bot_k5_L,F3,long,"rev5_bot, MOC, hold 5d",rev5_bot,y2018,6058,251.0,-6.67,-0.22,0.517,1.77,24.1,5.0,9.08,,,,,5.0,,,
F3_rev5_bot_k5_L,F3,long,"rev5_bot, MOC, hold 5d",rev5_bot,y2019,6197,252.0,54.19,1.95,0.56,62.62,24.6,5.0,-0.28,,,,,5.0,,,
F3_rev5_bot_k5_L,F3,long,"rev5_bot, MOC, hold 5d",rev5_bot,y2020,7066,253.0,139.32,1.77,0.561,148.35,27.9,5.0,69.3,,,,,5.0,,,
F3_rev5_bot_k5_L,F3,long,"rev5_bot, MOC, hold 5d",rev5_bot,y2021,7287,252.0,47.5,1.64,0.535,54.42,28.9,5.0,4.65,,,,,5.0,,,
F3_rev5_bot_k5_L,F3,long,"rev5_bot, MOC, hold 5d",rev5_bot,y2022,7232,251.0,-24.8,-0.43,0.468,-17.16,28.8,5.0,7.87,,,,,5.0,,,
F3_rev5_bot_k5_L,F3,long,"rev5_bot, MOC, hold 5d",rev5_bot,y2023,7624,250.0,65.67,1.61,0.534,73.44,30.5,5.0,27.42,,,,,5.0,,,
F3_rev5_bot_k5_L,F3,long,"rev5_bot, MOC, hold 5d",rev5_bot,y2024,6432,206.0,56.04,1.57,0.528,63.71,31.2,5.0,12.64,,,,,5.0,,,
F3_rev5_bot_k5_L,F3,long,"rev5_bot, MOC, hold 5d",rev5_bot,y2025,7105,211.0,92.07,2.31,0.546,99.24,33.7,5.0,34.67,,,,,5.0,,,
F3_rev5_bot_k5_L,F3,long,"rev5_bot, MOC, hold 5d",rev5_bot,y2026,6637,189.0,76.99,1.52,0.504,83.5,35.1,5.0,46.13,,,,,5.0,,,
F3_rev5_bot_k20_L,F3,long,"rev5_bot, MOC, hold 20d",rev5_bot,train,25191,1563.0,164.25,2.88,0.561,172.13,16.1,20.0,30.44,,,,,20.0,,,
F3_rev5_bot_k20_L,F3,long,"rev5_bot, MOC, hold 20d",rev5_bot,valid1,8391,441.0,188.67,2.19,0.56,195.92,19.0,20.0,21.67,,,,,20.0,,,
F3_rev5_bot_k20_L,F3,long,"rev5_bot, MOC, hold 20d",rev5_bot,valid2,8196,385.0,245.1,2.31,0.537,251.5,21.3,20.0,48.16,,,,,20.0,,,
F3_rev5_bot_k20_L,F3,long,"rev5_bot, MOC, hold 20d",rev5_bot,trainvalid1,33582,2004.0,170.35,3.56,0.561,178.07,16.8,20.0,28.25,,,,,20.0,,,
F3_rev5_bot_k20_L,F3,long,"rev5_bot, MOC, hold 20d",rev5_bot,all_open,41778,2389.0,185.02,4.2,0.556,192.48,17.5,20.0,32.15,,,,,20.0,,,
F3_rev5_bot_k20_L,F3,long,"rev5_bot, MOC, hold 20d",rev5_bot,month_up,14844,834.0,353.78,6.32,0.615,361.17,17.8,20.0,32.63,,,,,20.0,,,
F3_rev5_bot_k20_L,F3,long,"rev5_bot, MOC, hold 20d",rev5_bot,year_up,33517,1887.0,227.77,4.55,0.572,235.18,17.8,20.0,29.56,,,,,20.0,,,
F3_rev5_bot_k20_L,F3,long,"rev5_bot, MOC, hold 20d",rev5_bot,month_flat,13113,779.0,117.83,2.73,0.55,125.36,16.8,20.0,4.67,,,,,20.0,,,
F3_rev5_bot_k20_L,F3,long,"rev5_bot, MOC, hold 20d",rev5_bot,year_flat,0,,,,,,,,,,,,,20.0,,,
F3_rev5_bot_k20_L,F3,long,"rev5_bot, MOC, hold 20d",rev5_bot,month_down,13821,776.0,67.51,0.7,0.498,74.99,17.8,20.0,57.71,,,,,20.0,,,
F3_rev5_bot_k20_L,F3,long,"rev5_bot, MOC, hold 20d",rev5_bot,year_down,8261,502.0,11.56,0.16,0.49,19.22,16.5,20.0,42.68,,,,,20.0,,,
F3_rev5_bot_k20_L,F3,long,"rev5_bot, MOC, hold 20d",rev5_bot,y2016,791,53.0,354.68,4.77,0.647,363.86,14.9,20.0,60.14,,,,,20.0,,,
F3_rev5_bot_k20_L,F3,long,"rev5_bot, MOC, hold 20d",rev5_bot,y2017,3511,251.0,191.4,3.93,0.616,200.09,14.0,20.0,0.12,,,,,20.0,,,
F3_rev5_bot_k20_L,F3,long,"rev5_bot, MOC, hold 20d",rev5_bot,y2018,3829,251.0,12.2,0.15,0.515,20.31,15.3,20.0,23.57,,,,,20.0,,,
F3_rev5_bot_k20_L,F3,long,"rev5_bot, MOC, hold 20d",rev5_bot,y2019,3828,252.0,196.73,2.48,0.603,204.74,15.2,20.0,-7.68,,,,,20.0,,,
F3_rev5_bot_k20_L,F3,long,"rev5_bot, MOC, hold 20d",rev5_bot,y2020,4294,253.0,406.6,1.76,0.609,415.18,17.0,20.0,99.0,,,,,20.0,,,
F3_rev5_bot_k20_L,F3,long,"rev5_bot, MOC, hold 20d",rev5_bot,y2021,4506,252.0,131.07,1.69,0.548,137.69,17.9,20.0,-6.53,,,,,20.0,,,
F3_rev5_bot_k20_L,F3,long,"rev5_bot, MOC, hold 20d",rev5_bot,y2022,4432,251.0,11.0,0.1,0.469,18.28,17.7,20.0,59.19,,,,,20.0,,,
F3_rev5_bot_k20_L,F3,long,"rev5_bot, MOC, hold 20d",rev5_bot,y2023,4753,250.0,176.95,1.2,0.551,184.28,19.0,20.0,33.9,,,,,20.0,,,
F3_rev5_bot_k20_L,F3,long,"rev5_bot, MOC, hold 20d",rev5_bot,y2024,3638,191.0,203.98,3.86,0.573,211.14,19.0,20.0,5.69,,,,,20.0,,,
F3_rev5_bot_k20_L,F3,long,"rev5_bot, MOC, hold 20d",rev5_bot,y2025,4459,211.0,299.06,1.98,0.565,305.7,21.1,20.0,44.62,,,,,20.0,,,
F3_rev5_bot_k20_L,F3,long,"rev5_bot, MOC, hold 20d",rev5_bot,y2026,3737,174.0,180.72,1.26,0.503,186.83,21.5,20.0,52.39,,,,,20.0,,,
F3_rev5_top_k5_S,F3,short,"rev5_top, MOC, hold 5d",rev5_top,train,41294,1563.0,-40.37,-2.5,0.454,-26.59,26.4,5.0,11.45,,,,,5.0,,,
F3_rev5_top_k5_S,F3,short,"rev5_top, MOC, hold 5d",rev5_top,valid1,13754,456.0,-70.83,-2.84,0.458,-57.49,30.2,5.0,-12.42,,,,,5.0,,,
F3_rev5_top_k5_S,F3,short,"rev5_top, MOC, hold 5d",rev5_top,valid2,13555,400.0,-76.13,-2.82,0.468,-63.66,33.9,5.0,-5.65,,,,,5.0,,,
F3_rev5_top_k5_S,F3,short,"rev5_top, MOC, hold 5d",rev5_top,trainvalid1,55048,2019.0,-47.98,-3.5,0.455,-34.31,27.3,5.0,5.48,,,,,5.0,,,
F3_rev5_top_k5_S,F3,short,"rev5_top, MOC, hold 5d",rev5_top,all_open,68603,2419.0,-53.54,-4.38,0.458,-40.11,28.4,5.0,3.28,,,,,5.0,,,
F3_rev5_top_k5_S,F3,short,"rev5_top, MOC, hold 5d",rev5_top,month_up,23543,834.0,-151.85,-8.79,0.399,-138.24,28.2,5.0,-10.09,,,,,5.0,,,
F3_rev5_top_k5_S,F3,short,"rev5_top, MOC, hold 5d",rev5_top,year_up,54708,1917.0,-67.67,-4.99,0.45,-54.26,28.5,5.0,1.49,,,,,5.0,,,
F3_rev5_top_k5_S,F3,short,"rev5_top, MOC, hold 5d",rev5_top,month_flat,21153,781.0,-52.91,-3.47,0.457,-39.39,27.1,5.0,1.27,,,,,5.0,,,
F3_rev5_top_k5_S,F3,short,"rev5_top, MOC, hold 5d",rev5_top,year_flat,0,,,,,,,,,,,,,5.0,,,
F3_rev5_top_k5_S,F3,short,"rev5_top, MOC, hold 5d",rev5_top,month_down,23907,804.0,42.72,1.96,0.516,55.89,29.7,5.0,18.23,,,,,5.0,,,
F3_rev5_top_k5_S,F3,short,"rev5_top, MOC, hold 5d",rev5_top,year_down,13895,502.0,2.08,0.08,0.487,15.61,27.7,5.0,10.34,,,,,5.0,,,
F3_rev5_top_k5_S,F3,short,"rev5_top, MOC, hold 5d",rev5_top,y2016,1227,53.0,-57.77,-1.03,0.456,-42.24,23.2,5.0,23.97,,,,,5.0,,,
F3_rev5_top_k5_S,F3,short,"rev5_top, MOC, hold 5d",rev5_top,y2017,5725,251.0,-53.41,-3.37,0.425,-38.66,22.8,5.0,8.39,,,,,5.0,,,
F3_rev5_top_k5_S,F3,short,"rev5_top, MOC, hold 5d",rev5_top,y2018,6233,251.0,-4.84,-0.17,0.488,9.04,24.8,5.0,-0.29,,,,,5.0,,,
F3_rev5_top_k5_S,F3,short,"rev5_top, MOC, hold 5d",rev5_top,y2019,6379,252.0,-74.99,-3.14,0.414,-61.06,25.3,5.0,0.31,,,,,5.0,,,
F3_rev5_top_k5_S,F3,short,"rev5_top, MOC, hold 5d",rev5_top,y2020,6855,253.0,-66.4,-0.97,0.457,-51.98,27.1,5.0,27.68,,,,,5.0,,,
F3_rev5_top_k5_S,F3,short,"rev5_top, MOC, hold 5d",rev5_top,y2021,7213,252.0,-53.46,-1.9,0.449,-41.04,28.6,5.0,8.28,,,,,5.0,,,
F3_rev5_top_k5_S,F3,short,"rev5_top, MOC, hold 5d",rev5_top,y2022,7662,251.0,7.7,0.19,0.486,20.96,30.5,5.0,19.0,,,,,5.0,,,
F3_rev5_top_k5_S,F3,short,"rev5_top, MOC, hold 5d",rev5_top,y2023,7476,250.0,-78.51,-2.05,0.451,-65.0,29.9,5.0,-19.74,,,,,5.0,,,
F3_rev5_top_k5_S,F3,short,"rev5_top, MOC, hold 5d",rev5_top,y2024,6278,206.0,-61.69,-2.07,0.467,-48.55,30.5,5.0,-3.71,,,,,5.0,,,
F3_rev5_top_k5_S,F3,short,"rev5_top, MOC, hold 5d",rev5_top,y2025,7027,211.0,-98.89,-3.01,0.446,-85.95,33.3,5.0,-19.2,,,,,5.0,,,
F3_rev5_top_k5_S,F3,short,"rev5_top, MOC, hold 5d",rev5_top,y2026,6528,189.0,-51.64,-1.23,0.491,-39.67,34.5,5.0,8.93,,,,,5.0,,,
F3_rev5_top_k20_S,F3,short,"rev5_top, MOC, hold 20d",rev5_top,train,25636,1563.0,-160.7,-3.27,0.418,-129.25,16.4,20.0,11.65,,,,,20.0,,,
F3_rev5_top_k20_S,F3,short,"rev5_top, MOC, hold 20d",rev5_top,valid1,8323,441.0,-217.02,-2.16,0.433,-186.16,18.9,20.0,-13.09,,,,,20.0,,,
F3_rev5_top_k20_S,F3,short,"rev5_top, MOC, hold 20d",rev5_top,valid2,7949,385.0,-313.02,-2.48,0.434,-282.79,20.6,20.0,-64.26,,,,,20.0,,,
F3_rev5_top_k20_S,F3,short,"rev5_top, MOC, hold 20d",rev5_top,trainvalid1,33959,2004.0,-174.5,-3.91,0.422,-143.2,16.9,20.0,5.58,,,,,20.0,,,
F3_rev5_top_k20_S,F3,short,"rev5_top, MOC, hold 20d",rev5_top,all_open,41908,2389.0,-200.77,-4.55,0.424,-169.68,17.5,20.0,-7.66,,,,,20.0,,,
F3_rev5_top_k20_S,F3,short,"rev5_top, MOC, hold 20d",rev5_top,month_up,14329,834.0,-402.51,-5.77,0.361,-371.29,17.2,20.0,-42.4,,,,,20.0,,,
F3_rev5_top_k20_S,F3,short,"rev5_top, MOC, hold 20d",rev5_top,year_up,33280,1887.0,-252.53,-5.05,0.406,-221.5,17.6,20.0,-14.43,,,,,20.0,,,
F3_rev5_top_k20_S,F3,short,"rev5_top, MOC, hold 20d",rev5_top,month_flat,13115,779.0,-168.76,-3.37,0.423,-137.7,16.8,20.0,-12.07,,,,,20.0,,,
F3_rev5_top_k20_S,F3,short,"rev5_top, MOC, hold 20d",rev5_top,year_flat,0,,,,,,,,,,,,,20.0,,,
F3_rev5_top_k20_S,F3,short,"rev5_top, MOC, hold 20d",rev5_top,month_down,14464,776.0,-29.95,-0.37,0.488,1.06,18.6,20.0,30.75,,,,,20.0,,,
F3_rev5_top_k20_S,F3,short,"rev5_top, MOC, hold 20d",rev5_top,year_down,8628,502.0,-1.13,-0.02,0.495,30.22,17.2,20.0,18.43,,,,,20.0,,,
F3_rev5_top_k20_S,F3,short,"rev5_top, MOC, hold 20d",rev5_top,y2016,835,53.0,-330.3,-6.72,0.35,-296.99,15.8,20.0,1.73,,,,,20.0,,,
F3_rev5_top_k20_S,F3,short,"rev5_top, MOC, hold 20d",rev5_top,y2017,3587,251.0,-211.96,-4.22,0.355,-179.68,14.3,20.0,10.4,,,,,20.0,,,
F3_rev5_top_k20_S,F3,short,"rev5_top, MOC, hold 20d",rev5_top,y2018,3897,251.0,-10.71,-0.13,0.484,21.0,15.5,20.0,1.37,,,,,20.0,,,
F3_rev5_top_k20_S,F3,short,"rev5_top, MOC, hold 20d",rev5_top,y2019,3990,252.0,-243.02,-3.29,0.359,-211.52,15.8,20.0,3.04,,,,,20.0,,,
F3_rev5_top_k20_S,F3,short,"rev5_top, MOC, hold 20d",rev5_top,y2020,4130,253.0,-363.31,-1.84,0.379,-331.33,16.3,20.0,-22.59,,,,,20.0,,,
F3_rev5_top_k20_S,F3,short,"rev5_top, MOC, hold 20d",rev5_top,y2021,4466,252.0,-135.16,-1.69,0.425,-105.1,17.7,20.0,40.75,,,,,20.0,,,
F3_rev5_top_k20_S,F3,short,"rev5_top, MOC, hold 20d",rev5_top,y2022,4731,251.0,6.75,0.06,0.503,37.81,18.8,20.0,32.48,,,,,20.0,,,
F3_rev5_top_k20_S,F3,short,"rev5_top, MOC, hold 20d",rev5_top,y2023,4593,250.0,-215.33,-1.2,0.445,-184.25,18.4,20.0,-51.52,,,,,20.0,,,
F3_rev5_top_k20_S,F3,short,"rev5_top, MOC, hold 20d",rev5_top,y2024,3730,191.0,-219.1,-3.38,0.417,-188.51,19.5,20.0,34.23,,,,,20.0,,,
F3_rev5_top_k20_S,F3,short,"rev5_top, MOC, hold 20d",rev5_top,y2025,4342,211.0,-367.14,-2.24,0.412,-336.59,20.6,20.0,-65.36,,,,,20.0,,,
F3_rev5_top_k20_S,F3,short,"rev5_top, MOC, hold 20d",rev5_top,y2026,3607,174.0,-247.87,-1.32,0.46,-218.02,20.7,20.0,-62.94,,,,,20.0,,,
F4_g3_any_k1_L,F4,long,"gap +3% any, MOC, hold 1d",,train,21512,1616.0,-45.06,-0.95,0.467,-35.8,13.3,1.0,0.85,,,,,1.0,0.03,any,
F4_g3_any_k1_L,F4,long,"gap +3% any, MOC, hold 1d",,valid1,5717,446.0,8.66,0.47,0.492,17.48,12.8,1.0,12.59,,,,,1.0,0.03,any,
F4_g3_any_k1_L,F4,long,"gap +3% any, MOC, hold 1d",,valid2,11691,401.0,69.39,1.27,0.53,76.68,29.2,1.0,16.34,,,,,1.0,0.03,any,
F4_g3_any_k1_L,F4,long,"gap +3% any, MOC, hold 1d",,trainvalid1,27229,2062.0,-33.78,-0.89,0.472,-24.61,13.2,1.0,3.31,,,,,1.0,0.03,any,
F4_g3_any_k1_L,F4,long,"gap +3% any, MOC, hold 1d",,all_open,38920,2463.0,-2.79,-0.09,0.489,5.81,15.8,1.0,7.23,,,,,1.0,0.03,any,
F4_g3_any_k1_L,F4,long,"gap +3% any, MOC, hold 1d",,month_up,15667,844.0,44.15,2.4,0.53,52.91,18.6,1.0,23.62,,,,,1.0,0.03,any,
F4_g3_any_k1_L,F4,long,"gap +3% any, MOC, hold 1d",,year_up,32711,1996.0,3.67,0.1,0.498,12.35,16.4,1.0,12.36,,,,,1.0,0.03,any,
F4_g3_any_k1_L,F4,long,"gap +3% any, MOC, hold 1d",,month_flat,9290,780.0,-17.94,-0.86,0.475,-9.29,11.9,1.0,-16.23,,,,,1.0,0.03,any,
F4_g3_any_k1_L,F4,long,"gap +3% any, MOC, hold 1d",,year_flat,0,,,,,,,,,,,,,1.0,0.03,any,
F4_g3_any_k1_L,F4,long,"gap +3% any, MOC, hold 1d",,month_down,13963,839.0,-45.38,-0.53,0.454,-36.99,16.6,1.0,4.43,,,,,1.0,0.03,any,
F4_g3_any_k1_L,F4,long,"gap +3% any, MOC, hold 1d",,year_down,6209,467.0,-36.84,-1.07,0.446,-28.64,13.3,1.0,-19.8,,,,,1.0,0.03,any,
F4_g3_any_k1_L,F4,long,"gap +3% any, MOC, hold 1d",,day_up,15120,828.0,-76.69,-1.19,0.446,-67.88,18.3,1.0,-2.18,,,,,1.0,0.03,any,
F4_g3_any_k1_L,F4,long,"gap +3% any, MOC, hold 1d",,day_flat,10070,809.0,7.76,0.46,0.5,16.15,12.4,1.0,4.16,,,,,1.0,0.03,any,
F4_g3_any_k1_L,F4,long,"gap +3% any, MOC, hold 1d",,day_down,13730,826.0,70.85,1.45,0.529,79.39,16.6,1.0,19.84,,,,,1.0,0.03,any,
F4_g3_any_k1_L,F4,long,"gap +3% any, MOC, hold 1d",,y2016,1326,217.0,41.54,1.92,0.567,53.9,6.1,1.0,27.54,,,,,1.0,0.03,any,
F4_g3_any_k1_L,F4,long,"gap +3% any, MOC, hold 1d",,y2017,928,213.0,-15.42,-1.27,0.462,-5.32,4.4,1.0,-13.61,,,,,1.0,0.03,any,
F4_g3_any_k1_L,F4,long,"gap +3% any, MOC, hold 1d",,y2018,1373,232.0,-33.86,-1.05,0.438,-24.98,5.9,1.0,-2.55,,,,,1.0,0.03,any,
F4_g3_any_k1_L,F4,long,"gap +3% any, MOC, hold 1d",,y2019,1339,232.0,7.43,0.45,0.481,16.39,5.8,1.0,3.67,,,,,1.0,0.03,any,
F4_g3_any_k1_L,F4,long,"gap +3% any, MOC, hold 1d",,y2020,9071,246.0,-88.42,-0.82,0.462,-78.57,36.9,1.0,15.51,,,,,1.0,0.03,any,
F4_g3_any_k1_L,F4,long,"gap +3% any, MOC, hold 1d",,y2021,2639,241.0,4.06,0.2,0.473,12.1,11.0,1.0,-10.76,,,,,1.0,0.03,any,
F4_g3_any_k1_L,F4,long,"gap +3% any, MOC, hold 1d",,y2022,4836,235.0,-37.68,-0.87,0.449,-29.68,20.6,1.0,-24.69,,,,,1.0,0.03,any,
F4_g3_any_k1_L,F4,long,"gap +3% any, MOC, hold 1d",,y2023,2744,238.0,22.8,0.89,0.517,31.78,11.5,1.0,26.59,,,,,1.0,0.03,any,
F4_g3_any_k1_L,F4,long,"gap +3% any, MOC, hold 1d",,y2024,2973,208.0,-4.39,-0.17,0.468,4.29,14.3,1.0,-0.33,,,,,1.0,0.03,any,
F4_g3_any_k1_L,F4,long,"gap +3% any, MOC, hold 1d",,y2025,5292,211.0,161.97,1.51,0.588,169.92,25.1,1.0,40.09,,,,,1.0,0.03,any,
F4_g3_any_k1_L,F4,long,"gap +3% any, MOC, hold 1d",,y2026,6399,190.0,-7.18,-0.33,0.483,-0.44,33.7,1.0,-3.3,,,,,1.0,0.03,any,
F4_g3_any_k5_L,F4,long,"gap +3% any, MOC, hold 5d",,train,17357,1596.0,19.67,0.21,0.528,28.63,10.9,5.0,1.49,,,,,5.0,0.03,any,
F4_g3_any_k5_L,F4,long,"gap +3% any, MOC, hold 5d",,valid1,4850,439.0,91.83,1.96,0.53,100.33,11.0,5.0,49.43,,,,,5.0,0.03,any,
F4_g3_any_k5_L,F4,long,"gap +3% any, MOC, hold 5d",,valid2,9193,395.0,130.69,2.12,0.56,137.82,23.3,5.0,13.5,,,,,5.0,0.03,any,
F4_g3_any_k5_L,F4,long,"gap +3% any, MOC, hold 5d",,trainvalid1,22207,2035.0,35.43,0.49,0.528,44.29,10.9,5.0,11.96,,,,,5.0,0.03,any,
F4_g3_any_k5_L,F4,long,"gap +3% any, MOC, hold 5d",,all_open,31400,2430.0,63.32,1.16,0.538,71.68,12.9,5.0,12.41,,,,,5.0,0.03,any,
F4_g3_any_k5_L,F4,long,"gap +3% any, MOC, hold 5d",,month_up,12711,835.0,197.38,5.2,0.602,205.77,15.2,5.0,39.28,,,,,5.0,0.03,any,
F4_g3_any_k5_L,F4,long,"gap +3% any, MOC, hold 5d",,year_up,26150,1969.0,78.63,1.22,0.546,87.04,13.3,5.0,14.06,,,,,5.0,0.03,any,
F4_g3_any_k5_L,F4,long,"gap +3% any, MOC, hold 5d",,month_flat,7445,771.0,1.58,0.03,0.488,10.1,9.7,5.0,2.26,,,,,5.0,0.03,any,
F4_g3_any_k5_L,F4,long,"gap +3% any, MOC, hold 5d",,year_flat,0,,,,,,,,,,,,,5.0,0.03,any,
F4_g3_any_k5_L,F4,long,"gap +3% any, MOC, hold 5d",,month_down,11244,824.0,-47.36,-0.35,0.498,-39.14,13.6,5.0,-11.25,,,,,5.0,0.03,any,
F4_g3_any_k5_L,F4,long,"gap +3% any, MOC, hold 5d",,year_down,5250,461.0,-12.93,-0.22,0.498,-4.84,11.4,5.0,4.21,,,,,5.0,0.03,any,
F4_g3_any_k5_L,F4,long,"gap +3% any, MOC, hold 5d",,y2016,1173,214.0,80.39,1.61,0.529,92.3,5.5,5.0,17.43,,,,,5.0,0.03,any,
F4_g3_any_k5_L,F4,long,"gap +3% any, MOC, hold 5d",,y2017,885,212.0,26.98,0.93,0.521,36.91,4.2,5.0,1.8,,,,,5.0,0.03,any,
F4_g3_any_k5_L,F4,long,"gap +3% any, MOC, hold 5d",,y2018,1267,230.0,-31.5,-0.46,0.493,-22.76,5.5,5.0,1.88,,,,,5.0,0.03,any,
F4_g3_any_k5_L,F4,long,"gap +3% any, MOC, hold 5d",,y2019,1260,229.0,83.07,2.11,0.56,91.8,5.5,5.0,44.16,,,,,5.0,0.03,any,
F4_g3_any_k5_L,F4,long,"gap +3% any, MOC, hold 5d",,y2020,6608,242.0,2.51,0.01,0.544,11.9,27.3,5.0,-15.16,,,,,5.0,0.03,any,
F4_g3_any_k5_L,F4,long,"gap +3% any, MOC, hold 5d",,y2021,2181,238.0,77.86,1.07,0.533,85.81,9.2,5.0,12.07,,,,,5.0,0.03,any,
F4_g3_any_k5_L,F4,long,"gap +3% any, MOC, hold 5d",,y2022,3983,231.0,-7.02,-0.1,0.499,0.87,17.2,5.0,4.95,,,,,5.0,0.03,any,
F4_g3_any_k5_L,F4,long,"gap +3% any, MOC, hold 5d",,y2023,2412,234.0,138.19,2.85,0.548,146.87,10.3,5.0,88.23,,,,,5.0,0.03,any,
F4_g3_any_k5_L,F4,long,"gap +3% any, MOC, hold 5d",,y2024,2438,205.0,45.97,0.58,0.513,54.29,11.9,5.0,11.03,,,,,5.0,0.03,any,
F4_g3_any_k5_L,F4,long,"gap +3% any, MOC, hold 5d",,y2025,4344,209.0,234.46,2.36,0.635,242.11,20.8,5.0,36.36,,,,,5.0,0.03,any,
F4_g3_any_k5_L,F4,long,"gap +3% any, MOC, hold 5d",,y2026,4849,186.0,37.72,0.56,0.493,44.39,26.1,5.0,-6.97,,,,,5.0,0.03,any,
F4_g3_any_k10_L,F4,long,"gap +3% any, MOC, hold 10d",,train,14568,1575.0,36.72,0.4,0.525,45.52,9.2,10.0,-2.62,,,,,10.0,0.03,any,
F4_g3_any_k10_L,F4,long,"gap +3% any, MOC, hold 10d",,valid1,4265,429.0,160.26,2.25,0.555,168.49,9.9,10.0,64.18,,,,,10.0,0.03,any,
F4_g3_any_k10_L,F4,long,"gap +3% any, MOC, hold 10d",,valid2,7270,389.0,265.83,2.87,0.58,272.81,18.7,10.0,74.81,,,,,10.0,0.03,any,
F4_g3_any_k10_L,F4,long,"gap +3% any, MOC, hold 10d",,trainvalid1,18833,2004.0,64.7,0.88,0.532,73.37,9.4,10.0,12.51,,,,,10.0,0.03,any,
F4_g3_any_k10_L,F4,long,"gap +3% any, MOC, hold 10d",,all_open,26103,2393.0,120.71,1.98,0.545,128.92,10.9,10.0,29.86,,,,,10.0,0.03,any,
F4_g3_any_k10_L,F4,long,"gap +3% any, MOC, hold 10d",,month_up,10609,820.0,328.03,7.32,0.629,336.15,12.9,10.0,64.63,,,,,10.0,0.03,any,
F4_g3_any_k10_L,F4,long,"gap +3% any, MOC, hold 10d",,year_up,21471,1939.0,150.07,2.14,0.556,158.32,11.1,10.0,38.69,,,,,10.0,0.03,any,
F4_g3_any_k10_L,F4,long,"gap +3% any, MOC, hold 10d",,month_flat,6309,762.0,37.72,0.7,0.504,46.18,8.3,10.0,20.63,,,,,10.0,0.03,any,
F4_g3_any_k10_L,F4,long,"gap +3% any, MOC, hold 10d",,year_flat,0,,,,,,,,,,,,,10.0,0.03,any,
F4_g3_any_k10_L,F4,long,"gap +3% any, MOC, hold 10d",,month_down,9185,811.0,-61.74,-0.42,0.477,-53.62,11.3,10.0,-3.95,,,,,10.0,0.03,any,
F4_g3_any_k10_L,F4,long,"gap +3% any, MOC, hold 10d",,year_down,4632,454.0,-15.37,-0.14,0.497,-7.37,10.2,10.0,-11.04,,,,,10.0,0.03,any,
F4_g3_any_k10_L,F4,long,"gap +3% any, MOC, hold 10d",,y2016,1066,208.0,180.71,1.82,0.603,192.3,5.1,10.0,43.27,,,,,10.0,0.03,any,
F4_g3_any_k10_L,F4,long,"gap +3% any, MOC, hold 10d",,y2017,846,211.0,74.48,1.5,0.521,84.23,4.0,10.0,6.6,,,,,10.0,0.03,any,
F4_g3_any_k10_L,F4,long,"gap +3% any, MOC, hold 10d",,y2018,1190,227.0,-84.88,-0.84,0.479,-76.21,5.2,10.0,-12.5,,,,,10.0,0.03,any,
F4_g3_any_k10_L,F4,long,"gap +3% any, MOC, hold 10d",,y2019,1208,227.0,126.38,1.82,0.576,135.04,5.3,10.0,37.8,,,,,10.0,0.03,any,
F4_g3_any_k10_L,F4,long,"gap +3% any, MOC, hold 10d",,y2020,4889,238.0,-0.33,-0.0,0.524,8.9,20.5,10.0,-19.18,,,,,10.0,0.03,any,
F4_g3_any_k10_L,F4,long,"gap +3% any, MOC, hold 10d",,y2021,1927,237.0,103.49,0.87,0.523,111.27,8.1,10.0,4.88,,,,,10.0,0.03,any,
F4_g3_any_k10_L,F4,long,"gap +3% any, MOC, hold 10d",,y2022,3442,227.0,8.66,0.06,0.503,16.43,15.2,10.0,-10.53,,,,,10.0,0.03,any,
F4_g3_any_k10_L,F4,long,"gap +3% any, MOC, hold 10d",,y2023,2176,232.0,200.92,1.78,0.574,209.38,9.4,10.0,115.51,,,,,10.0,0.03,any,
F4_g3_any_k10_L,F4,long,"gap +3% any, MOC, hold 10d",,y2024,2089,197.0,117.9,1.43,0.535,125.9,10.6,10.0,10.71,,,,,10.0,0.03,any,
F4_g3_any_k10_L,F4,long,"gap +3% any, MOC, hold 10d",,y2025,3435,209.0,374.97,2.41,0.631,382.43,16.4,10.0,97.67,,,,,10.0,0.03,any,
F4_g3_any_k10_L,F4,long,"gap +3% any, MOC, hold 10d",,y2026,3835,180.0,168.07,1.75,0.535,174.63,21.3,10.0,54.34,,,,,10.0,0.03,any,
F4_g3_confirm_k1_L,F4,long,"gap +3% confirm, MOC, hold 1d",,train,11502,1391.0,-41.04,-0.69,0.468,-31.87,8.3,1.0,7.34,,,,,1.0,0.03,confirm,
F4_g3_confirm_k1_L,F4,long,"gap +3% confirm, MOC, hold 1d",,valid1,2876,411.0,10.13,0.46,0.498,18.73,7.0,1.0,13.72,,,,,1.0,0.03,confirm,
F4_g3_confirm_k1_L,F4,long,"gap +3% confirm, MOC, hold 1d",,valid2,5454,390.0,20.46,1.07,0.52,27.61,14.0,1.0,16.9,,,,,1.0,0.03,confirm,
F4_g3_confirm_k1_L,F4,long,"gap +3% confirm, MOC, hold 1d",,trainvalid1,14378,1802.0,-30.8,-0.65,0.474,-21.75,8.0,1.0,8.62,,,,,1.0,0.03,confirm,
F4_g3_confirm_k1_L,F4,long,"gap +3% confirm, MOC, hold 1d",,all_open,19832,2192.0,-16.7,-0.48,0.487,-8.17,9.0,1.0,10.89,,,,,1.0,0.03,confirm,
F4_g3_confirm_k1_L,F4,long,"gap +3% confirm, MOC, hold 1d",,month_up,8931,772.0,41.18,1.8,0.523,49.76,11.6,1.0,22.12,,,,,1.0,0.03,confirm,
F4_g3_confirm_k1_L,F4,long,"gap +3% confirm, MOC, hold 1d",,year_up,16712,1812.0,-18.72,-0.46,0.486,-10.1,9.2,1.0,15.2,,,,,1.0,0.03,confirm,
F4_g3_confirm_k1_L,F4,long,"gap +3% confirm, MOC, hold 1d",,month_flat,4318,686.0,-11.44,-0.56,0.483,-2.73,6.3,1.0,-4.3,,,,,1.0,0.03,confirm,
F4_g3_confirm_k1_L,F4,long,"gap +3% confirm, MOC, hold 1d",,year_flat,0,,,,,,,,,,,,,1.0,0.03,confirm,
F4_g3_confirm_k1_L,F4,long,"gap +3% confirm, MOC, hold 1d",,month_down,6583,734.0,-98.69,-1.02,0.441,-90.34,9.0,1.0,5.62,,,,,1.0,0.03,confirm,
F4_g3_confirm_k1_L,F4,long,"gap +3% confirm, MOC, hold 1d",,year_down,3120,380.0,-5.89,-0.12,0.489,2.15,8.2,1.0,-12.19,,,,,1.0,0.03,confirm,
F4_g3_confirm_k1_L,F4,long,"gap +3% confirm, MOC, hold 1d",,day_up,10525,780.0,-57.87,-0.9,0.46,-49.11,13.5,1.0,4.74,,,,,1.0,0.03,confirm,
F4_g3_confirm_k1_L,F4,long,"gap +3% confirm, MOC, hold 1d",,day_flat,5059,721.0,9.43,0.57,0.51,17.61,7.0,1.0,5.16,,,,,1.0,0.03,confirm,
F4_g3_confirm_k1_L,F4,long,"gap +3% confirm, MOC, hold 1d",,day_down,4248,691.0,54.17,1.94,0.524,62.53,6.1,1.0,32.97,,,,,1.0,0.03,confirm,
F4_g3_confirm_k1_L,F4,long,"gap +3% confirm, MOC, hold 1d",,y2016,672,181.0,68.3,2.72,0.594,80.79,3.7,1.0,53.28,,,,,1.0,0.03,confirm,
F4_g3_confirm_k1_L,F4,long,"gap +3% confirm, MOC, hold 1d",,y2017,441,183.0,-2.83,-0.17,0.467,7.15,2.4,1.0,2.55,,,,,1.0,0.03,confirm,
F4_g3_confirm_k1_L,F4,long,"gap +3% confirm, MOC, hold 1d",,y2018,598,182.0,-61.45,-1.84,0.393,-52.94,3.3,1.0,-28.7,,,,,1.0,0.03,confirm,
F4_g3_confirm_k1_L,F4,long,"gap +3% confirm, MOC, hold 1d",,y2019,709,199.0,12.35,0.52,0.487,21.27,3.6,1.0,3.61,,,,,1.0,0.03,confirm,
F4_g3_confirm_k1_L,F4,long,"gap +3% confirm, MOC, hold 1d",,y2020,5203,228.0,-104.05,-0.83,0.436,-94.3,22.8,1.0,13.47,,,,,1.0,0.03,confirm,
F4_g3_confirm_k1_L,F4,long,"gap +3% confirm, MOC, hold 1d",,y2021,1357,220.0,25.32,1.01,0.474,33.05,6.2,1.0,9.5,,,,,1.0,0.03,confirm,
F4_g3_confirm_k1_L,F4,long,"gap +3% confirm, MOC, hold 1d",,y2022,2522,198.0,7.28,0.13,0.512,15.22,12.7,1.0,-8.28,,,,,1.0,0.03,confirm,
F4_g3_confirm_k1_L,F4,long,"gap +3% confirm, MOC, hold 1d",,y2023,1445,217.0,13.68,0.42,0.516,22.29,6.7,1.0,15.38,,,,,1.0,0.03,confirm,
F4_g3_confirm_k1_L,F4,long,"gap +3% confirm, MOC, hold 1d",,y2024,1431,194.0,6.55,0.23,0.479,15.14,7.4,1.0,12.04,,,,,1.0,0.03,confirm,
F4_g3_confirm_k1_L,F4,long,"gap +3% confirm, MOC, hold 1d",,y2025,2173,203.0,39.69,1.53,0.529,47.61,10.7,1.0,25.45,,,,,1.0,0.03,confirm,
F4_g3_confirm_k1_L,F4,long,"gap +3% confirm, MOC, hold 1d",,y2026,3281,187.0,7.72,0.3,0.513,14.37,17.5,1.0,11.23,,,,,1.0,0.03,confirm,
F4_g3_confirm_k5_L,F4,long,"gap +3% confirm, MOC, hold 5d",,train,10033,1379.0,12.78,0.11,0.536,21.82,7.3,5.0,-9.84,,,,,5.0,0.03,confirm,
F4_g3_confirm_k5_L,F4,long,"gap +3% confirm, MOC, hold 5d",,valid1,2609,402.0,74.63,1.46,0.516,83.14,6.5,5.0,43.95,,,,,5.0,0.03,confirm,
F4_g3_confirm_k5_L,F4,long,"gap +3% confirm, MOC, hold 5d",,valid2,4720,386.0,50.24,1.16,0.522,57.31,12.2,5.0,-7.15,,,,,5.0,0.03,confirm,
F4_g3_confirm_k5_L,F4,long,"gap +3% confirm, MOC, hold 5d",,trainvalid1,12642,1781.0,25.55,0.29,0.532,34.47,7.1,5.0,1.27,,,,,5.0,0.03,confirm,
F4_g3_confirm_k5_L,F4,long,"gap +3% confirm, MOC, hold 5d",,all_open,17362,2167.0,32.26,0.49,0.529,40.68,8.0,5.0,-1.02,,,,,5.0,0.03,confirm,
F4_g3_confirm_k5_L,F4,long,"gap +3% confirm, MOC, hold 5d",,month_up,7810,763.0,186.29,3.49,0.595,194.67,10.2,5.0,25.67,,,,,5.0,0.03,confirm,
F4_g3_confirm_k5_L,F4,long,"gap +3% confirm, MOC, hold 5d",,year_up,14535,1791.0,46.78,0.6,0.537,55.27,8.1,5.0,2.28,,,,,5.0,0.03,confirm,
F4_g3_confirm_k5_L,F4,long,"gap +3% confirm, MOC, hold 5d",,month_flat,3817,679.0,10.34,0.2,0.499,18.99,5.6,5.0,14.71,,,,,5.0,0.03,confirm,
F4_g3_confirm_k5_L,F4,long,"gap +3% confirm, MOC, hold 5d",,year_flat,0,,,,,,,,,,,,,5.0,0.03,confirm,
F4_g3_confirm_k5_L,F4,long,"gap +3% confirm, MOC, hold 5d",,month_down,5735,725.0,-162.91,-1.01,0.458,-154.59,7.9,5.0,-47.84,,,,,5.0,0.03,confirm,
F4_g3_confirm_k5_L,F4,long,"gap +3% confirm, MOC, hold 5d",,year_down,2827,376.0,-42.41,-0.64,0.488,-34.36,7.5,5.0,-17.98,,,,,5.0,0.03,confirm,
F4_g3_confirm_k5_L,F4,long,"gap +3% confirm, MOC, hold 5d",,y2016,620,179.0,100.31,1.91,0.56,112.54,3.5,5.0,33.56,,,,,5.0,0.03,confirm,
F4_g3_confirm_k5_L,F4,long,"gap +3% confirm, MOC, hold 5d",,y2017,430,181.0,44.61,1.14,0.526,54.57,2.4,5.0,22.59,,,,,5.0,0.03,confirm,
F4_g3_confirm_k5_L,F4,long,"gap +3% confirm, MOC, hold 5d",,y2018,583,181.0,-67.3,-1.04,0.48,-58.78,3.2,5.0,-48.66,,,,,5.0,0.03,confirm,
F4_g3_confirm_k5_L,F4,long,"gap +3% confirm, MOC, hold 5d",,y2019,689,199.0,87.69,1.68,0.56,96.48,3.5,5.0,41.55,,,,,5.0,0.03,confirm,
F4_g3_confirm_k5_L,F4,long,"gap +3% confirm, MOC, hold 5d",,y2020,4255,226.0,18.44,0.07,0.565,27.95,18.8,5.0,-15.17,,,,,5.0,0.03,confirm,
F4_g3_confirm_k5_L,F4,long,"gap +3% confirm, MOC, hold 5d",,y2021,1212,218.0,23.03,0.25,0.521,30.82,5.6,5.0,-35.03,,,,,5.0,0.03,confirm,
F4_g3_confirm_k5_L,F4,long,"gap +3% confirm, MOC, hold 5d",,y2022,2244,195.0,-35.94,-0.44,0.49,-28.01,11.5,5.0,-10.01,,,,,5.0,0.03,confirm,
F4_g3_confirm_k5_L,F4,long,"gap +3% confirm, MOC, hold 5d",,y2023,1353,213.0,77.22,1.29,0.509,85.76,6.4,5.0,49.19,,,,,5.0,0.03,confirm,
F4_g3_confirm_k5_L,F4,long,"gap +3% confirm, MOC, hold 5d",,y2024,1256,189.0,71.83,0.85,0.524,80.33,6.6,5.0,38.32,,,,,5.0,0.03,confirm,
F4_g3_confirm_k5_L,F4,long,"gap +3% confirm, MOC, hold 5d",,y2025,1959,203.0,85.39,1.37,0.56,93.16,9.7,5.0,14.11,,,,,5.0,0.03,confirm,
F4_g3_confirm_k5_L,F4,long,"gap +3% confirm, MOC, hold 5d",,y2026,2761,183.0,25.3,0.43,0.494,31.87,15.1,5.0,-22.23,,,,,5.0,0.03,confirm,
F4_g3_confirm_k10_L,F4,long,"gap +3% confirm, MOC, hold 10d",,train,8686,1363.0,49.06,0.46,0.532,58.0,6.4,10.0,-16.06,,,,,10.0,0.03,confirm,
F4_g3_confirm_k10_L,F4,long,"gap +3% confirm, MOC, hold 10d",,valid1,2398,391.0,182.76,2.46,0.561,191.1,6.1,10.0,83.33,,,,,10.0,0.03,confirm,
F4_g3_confirm_k10_L,F4,long,"gap +3% confirm, MOC, hold 10d",,valid2,4076,377.0,161.08,2.09,0.525,168.02,10.8,10.0,45.73,,,,,10.0,0.03,confirm,
F4_g3_confirm_k10_L,F4,long,"gap +3% confirm, MOC, hold 10d",,trainvalid1,11084,1754.0,77.99,0.91,0.538,86.8,6.3,10.0,5.45,,,,,10.0,0.03,confirm,
F4_g3_confirm_k10_L,F4,long,"gap +3% confirm, MOC, hold 10d",,all_open,15160,2131.0,100.33,1.52,0.535,108.64,7.1,10.0,16.28,,,,,10.0,0.03,confirm,
F4_g3_confirm_k10_L,F4,long,"gap +3% confirm, MOC, hold 10d",,month_up,6846,757.0,297.91,4.99,0.612,306.09,9.0,10.0,46.41,,,,,10.0,0.03,confirm,
F4_g3_confirm_k10_L,F4,long,"gap +3% confirm, MOC, hold 10d",,year_up,12551,1760.0,119.32,1.53,0.537,127.69,7.1,10.0,26.32,,,,,10.0,0.03,confirm,
F4_g3_confirm_k10_L,F4,long,"gap +3% confirm, MOC, hold 10d",,month_flat,3472,663.0,62.49,1.04,0.51,71.1,5.2,10.0,33.02,,,,,10.0,0.03,confirm,
F4_g3_confirm_k10_L,F4,long,"gap +3% confirm, MOC, hold 10d",,year_flat,0,,,,,,,,,,,,,10.0,0.03,confirm,
F4_g3_confirm_k10_L,F4,long,"gap +3% confirm, MOC, hold 10d",,month_down,4842,711.0,-151.89,-0.96,0.442,-143.62,6.8,10.0,-38.34,,,,,10.0,0.03,confirm,
F4_g3_confirm_k10_L,F4,long,"gap +3% confirm, MOC, hold 10d",,year_down,2609,371.0,8.96,0.1,0.522,16.97,7.0,10.0,-32.05,,,,,10.0,0.03,confirm,
F4_g3_confirm_k10_L,F4,long,"gap +3% confirm, MOC, hold 10d",,y2016,578,177.0,262.49,1.75,0.63,274.46,3.3,10.0,109.93,,,,,10.0,0.03,confirm,
F4_g3_confirm_k10_L,F4,long,"gap +3% confirm, MOC, hold 10d",,y2017,417,178.0,105.92,2.0,0.53,115.74,2.3,10.0,37.94,,,,,10.0,0.03,confirm,
F4_g3_confirm_k10_L,F4,long,"gap +3% confirm, MOC, hold 10d",,y2018,575,181.0,-162.16,-1.37,0.443,-153.59,3.2,10.0,-89.15,,,,,10.0,0.03,confirm,
F4_g3_confirm_k10_L,F4,long,"gap +3% confirm, MOC, hold 10d",,y2019,671,198.0,143.78,1.74,0.581,152.5,3.4,10.0,41.9,,,,,10.0,0.03,confirm,
F4_g3_confirm_k10_L,F4,long,"gap +3% confirm, MOC, hold 10d",,y2020,3316,224.0,3.53,0.01,0.524,13.0,14.8,10.0,-51.31,,,,,10.0,0.03,confirm,
F4_g3_confirm_k10_L,F4,long,"gap +3% confirm, MOC, hold 10d",,y2021,1095,215.0,90.18,0.7,0.499,97.91,5.1,10.0,6.21,,,,,10.0,0.03,confirm,
F4_g3_confirm_k10_L,F4,long,"gap +3% confirm, MOC, hold 10d",,y2022,2034,190.0,57.33,0.55,0.544,65.19,10.7,10.0,-15.91,,,,,10.0,0.03,confirm,
F4_g3_confirm_k10_L,F4,long,"gap +3% confirm, MOC, hold 10d",,y2023,1261,210.0,203.04,1.79,0.58,211.42,6.0,10.0,109.04,,,,,10.0,0.03,confirm,
F4_g3_confirm_k10_L,F4,long,"gap +3% confirm, MOC, hold 10d",,y2024,1137,181.0,160.27,1.75,0.54,168.57,6.3,10.0,54.82,,,,,10.0,0.03,confirm,
F4_g3_confirm_k10_L,F4,long,"gap +3% confirm, MOC, hold 10d",,y2025,1750,200.0,200.08,1.73,0.551,207.58,8.8,10.0,69.21,,,,,10.0,0.03,confirm,
F4_g3_confirm_k10_L,F4,long,"gap +3% confirm, MOC, hold 10d",,y2026,2326,177.0,131.74,1.33,0.506,138.25,13.1,10.0,28.06,,,,,10.0,0.03,confirm,
F4_g6_any_k1_L,F4,long,"gap +6% any, MOC, hold 1d",,train,5153,1149.0,-26.55,-0.29,0.504,-16.82,4.5,1.0,23.62,,,,,1.0,0.06,any,
F4_g6_any_k1_L,F4,long,"gap +6% any, MOC, hold 1d",,valid1,1448,367.0,22.38,1.07,0.502,30.99,3.9,1.0,23.1,,,,,1.0,0.06,any,
F4_g6_any_k1_L,F4,long,"gap +6% any, MOC, hold 1d",,valid2,2843,370.0,70.17,1.6,0.527,77.36,7.7,1.0,37.42,,,,,1.0,0.06,any,
F4_g6_any_k1_L,F4,long,"gap +6% any, MOC, hold 1d",,trainvalid1,6601,1516.0,-15.82,-0.22,0.503,-6.33,4.4,1.0,23.51,,,,,1.0,0.06,any,
F4_g6_any_k1_L,F4,long,"gap +6% any, MOC, hold 1d",,all_open,9444,1886.0,10.07,0.19,0.51,18.86,5.0,1.0,27.7,,,,,1.0,0.06,any,
F4_g6_any_k1_L,F4,long,"gap +6% any, MOC, hold 1d",,month_up,3763,666.0,87.7,3.33,0.567,96.6,5.7,1.0,57.98,,,,,1.0,0.06,any,
F4_g6_any_k1_L,F4,long,"gap +6% any, MOC, hold 1d",,year_up,8243,1554.0,8.68,0.15,0.511,17.55,5.3,1.0,29.08,,,,,1.0,0.06,any,
F4_g6_any_k1_L,F4,long,"gap +6% any, MOC, hold 1d",,month_flat,2318,569.0,-14.56,-0.44,0.477,-5.82,4.1,1.0,-18.82,,,,,1.0,0.06,any,
F4_g6_any_k1_L,F4,long,"gap +6% any, MOC, hold 1d",,year_flat,0,,,,,,,,,,,,,1.0,0.06,any,
F4_g6_any_k1_L,F4,long,"gap +6% any, MOC, hold 1d",,month_down,3363,651.0,-59.82,-0.43,0.47,-51.11,5.2,1.0,25.88,,,,,1.0,0.06,any,
F4_g6_any_k1_L,F4,long,"gap +6% any, MOC, hold 1d",,year_down,1201,332.0,19.58,0.32,0.505,27.87,3.6,1.0,18.19,,,,,1.0,0.06,any,
F4_g6_any_k1_L,F4,long,"gap +6% any, MOC, hold 1d",,day_up,3660,651.0,-72.3,-0.58,0.474,-62.85,5.6,1.0,22.07,,,,,1.0,0.06,any,
F4_g6_any_k1_L,F4,long,"gap +6% any, MOC, hold 1d",,day_flat,2670,601.0,24.47,0.93,0.506,32.48,4.4,1.0,17.06,,,,,1.0,0.06,any,
F4_g6_any_k1_L,F4,long,"gap +6% any, MOC, hold 1d",,day_down,3114,634.0,94.53,2.23,0.557,103.23,4.9,1.0,43.43,,,,,1.0,0.06,any,
F4_g6_any_k1_L,F4,long,"gap +6% any, MOC, hold 1d",,y2016,291,127.0,80.08,3.14,0.608,91.21,2.3,1.0,65.61,,,,,1.0,0.06,any,
F4_g6_any_k1_L,F4,long,"gap +6% any, MOC, hold 1d",,y2017,251,137.0,17.18,0.67,0.486,26.21,1.8,1.0,22.41,,,,,1.0,0.06,any,
F4_g6_any_k1_L,F4,long,"gap +6% any, MOC, hold 1d",,y2018,306,152.0,-16.91,-0.92,0.464,-8.58,2.0,1.0,-0.02,,,,,1.0,0.06,any,
F4_g6_any_k1_L,F4,long,"gap +6% any, MOC, hold 1d",,y2019,409,159.0,-22.16,-0.72,0.46,-13.91,2.6,1.0,-13.68,,,,,1.0,0.06,any,
F4_g6_any_k1_L,F4,long,"gap +6% any, MOC, hold 1d",,y2020,2397,203.0,-73.09,-0.38,0.506,-61.76,11.8,1.0,39.85,,,,,1.0,0.06,any,
F4_g6_any_k1_L,F4,long,"gap +6% any, MOC, hold 1d",,y2021,604,191.0,-6.1,-0.14,0.478,0.77,3.2,1.0,-24.47,,,,,1.0,0.06,any,
F4_g6_any_k1_L,F4,long,"gap +6% any, MOC, hold 1d",,y2022,895,180.0,32.05,0.4,0.518,40.33,5.0,1.0,24.42,,,,,1.0,0.06,any,
F4_g6_any_k1_L,F4,long,"gap +6% any, MOC, hold 1d",,y2023,673,188.0,47.7,1.69,0.517,56.67,3.6,1.0,46.75,,,,,1.0,0.06,any,
F4_g6_any_k1_L,F4,long,"gap +6% any, MOC, hold 1d",,y2024,775,179.0,0.39,0.01,0.489,8.69,4.3,1.0,2.56,,,,,1.0,0.06,any,
F4_g6_any_k1_L,F4,long,"gap +6% any, MOC, hold 1d",,y2025,1253,198.0,161.94,1.92,0.586,169.82,6.3,1.0,81.62,,,,,1.0,0.06,any,
F4_g6_any_k1_L,F4,long,"gap +6% any, MOC, hold 1d",,y2026,1590,172.0,-2.15,-0.08,0.481,4.5,9.2,1.0,2.6,,,,,1.0,0.06,any,
F4_g6_any_k5_L,F4,long,"gap +6% any, MOC, hold 5d",,train,4659,1130.0,-1.81,-0.01,0.521,7.61,4.1,5.0,-4.45,,,,,5.0,0.06,any,
F4_g6_any_k5_L,F4,long,"gap +6% any, MOC, hold 5d",,valid1,1353,361.0,105.56,1.75,0.541,114.05,3.7,5.0,68.0,,,,,5.0,0.06,any,
F4_g6_any_k5_L,F4,long,"gap +6% any, MOC, hold 5d",,valid2,2612,362.0,133.5,1.76,0.553,140.63,7.2,5.0,30.29,,,,,5.0,0.06,any,
F4_g6_any_k5_L,F4,long,"gap +6% any, MOC, hold 5d",,trainvalid1,6012,1491.0,22.36,0.19,0.526,31.57,4.0,5.0,11.85,,,,,5.0,0.06,any,
F4_g6_any_k5_L,F4,long,"gap +6% any, MOC, hold 5d",,all_open,8624,1853.0,56.02,0.66,0.534,64.6,4.7,5.0,17.44,,,,,5.0,0.06,any,
F4_g6_any_k5_L,F4,long,"gap +6% any, MOC, hold 5d",,month_up,3469,655.0,298.46,5.28,0.634,307.06,5.3,5.0,118.07,,,,,5.0,0.06,any,
F4_g6_any_k5_L,F4,long,"gap +6% any, MOC, hold 5d",,year_up,7503,1527.0,68.14,0.7,0.542,76.77,4.9,5.0,22.31,,,,,5.0,0.06,any,
F4_g6_any_k5_L,F4,long,"gap +6% any, MOC, hold 5d",,month_flat,2100,558.0,-60.79,-0.81,0.453,-52.24,3.8,5.0,-43.78,,,,,5.0,0.06,any,
F4_g6_any_k5_L,F4,long,"gap +6% any, MOC, hold 5d",,year_flat,0,,,,,,,,,,,,,5.0,0.06,any,
F4_g6_any_k5_L,F4,long,"gap +6% any, MOC, hold 5d",,month_down,3055,640.0,-138.98,-0.7,0.476,-130.4,4.8,5.0,-54.75,,,,,5.0,0.06,any,
F4_g6_any_k5_L,F4,long,"gap +6% any, MOC, hold 5d",,year_down,1121,326.0,-25.09,-0.35,0.48,-16.89,3.4,5.0,-15.17,,,,,5.0,0.06,any,
F4_g6_any_k5_L,F4,long,"gap +6% any, MOC, hold 5d",,y2016,285,125.0,138.68,1.94,0.558,149.76,2.3,5.0,59.75,,,,,5.0,0.06,any,
F4_g6_any_k5_L,F4,long,"gap +6% any, MOC, hold 5d",,y2017,244,137.0,41.99,0.78,0.471,51.05,1.8,5.0,17.38,,,,,5.0,0.06,any,
F4_g6_any_k5_L,F4,long,"gap +6% any, MOC, hold 5d",,y2018,303,150.0,-71.68,-1.57,0.482,-63.35,2.0,5.0,-43.59,,,,,5.0,0.06,any,
F4_g6_any_k5_L,F4,long,"gap +6% any, MOC, hold 5d",,y2019,401,158.0,68.91,1.26,0.549,77.05,2.5,5.0,52.1,,,,,5.0,0.06,any,
F4_g6_any_k5_L,F4,long,"gap +6% any, MOC, hold 5d",,y2020,2068,198.0,-55.77,-0.17,0.535,-44.89,10.4,5.0,-31.57,,,,,5.0,0.06,any,
F4_g6_any_k5_L,F4,long,"gap +6% any, MOC, hold 5d",,y2021,540,186.0,106.71,0.96,0.535,113.36,2.9,5.0,35.95,,,,,5.0,0.06,any,
F4_g6_any_k5_L,F4,long,"gap +6% any, MOC, hold 5d",,y2022,818,176.0,-7.83,-0.08,0.479,0.31,4.6,5.0,-4.64,,,,,5.0,0.06,any,
F4_g6_any_k5_L,F4,long,"gap +6% any, MOC, hold 5d",,y2023,653,186.0,142.2,2.25,0.55,151.02,3.5,5.0,99.13,,,,,5.0,0.06,any,
F4_g6_any_k5_L,F4,long,"gap +6% any, MOC, hold 5d",,y2024,700,175.0,71.38,0.71,0.533,79.56,4.0,5.0,38.95,,,,,5.0,0.06,any,
F4_g6_any_k5_L,F4,long,"gap +6% any, MOC, hold 5d",,y2025,1168,192.0,198.21,2.42,0.595,205.97,6.1,5.0,49.65,,,,,5.0,0.06,any,
F4_g6_any_k5_L,F4,long,"gap +6% any, MOC, hold 5d",,y2026,1444,170.0,81.16,0.66,0.519,87.78,8.5,5.0,14.63,,,,,5.0,0.06,any,
F4_g6_any_k10_L,F4,long,"gap +6% any, MOC, hold 10d",,train,4168,1115.0,95.46,0.85,0.532,104.6,3.7,10.0,28.36,,,,,10.0,0.06,any,
F4_g6_any_k10_L,F4,long,"gap +6% any, MOC, hold 10d",,valid1,1291,353.0,225.48,2.54,0.574,233.8,3.7,10.0,119.34,,,,,10.0,0.06,any,
F4_g6_any_k10_L,F4,long,"gap +6% any, MOC, hold 10d",,valid2,2348,353.0,263.76,1.98,0.549,270.8,6.7,10.0,88.97,,,,,10.0,0.06,any,
F4_g6_any_k10_L,F4,long,"gap +6% any, MOC, hold 10d",,trainvalid1,5459,1468.0,126.21,1.42,0.542,135.15,3.7,10.0,49.88,,,,,10.0,0.06,any,
F4_g6_any_k10_L,F4,long,"gap +6% any, MOC, hold 10d",,all_open,7807,1821.0,167.58,2.24,0.544,175.95,4.3,10.0,61.64,,,,,10.0,0.06,any,
F4_g6_any_k10_L,F4,long,"gap +6% any, MOC, hold 10d",,month_up,3172,644.0,421.98,6.02,0.639,430.37,4.9,10.0,157.58,,,,,10.0,0.06,any,
F4_g6_any_k10_L,F4,long,"gap +6% any, MOC, hold 10d",,year_up,6733,1498.0,203.99,2.42,0.554,212.38,4.5,10.0,81.9,,,,,10.0,0.06,any,
F4_g6_any_k10_L,F4,long,"gap +6% any, MOC, hold 10d",,month_flat,1937,549.0,10.47,0.12,0.481,18.88,3.5,10.0,-7.7,,,,,10.0,0.06,any,
F4_g6_any_k10_L,F4,long,"gap +6% any, MOC, hold 10d",,year_flat,0,,,,,,,,,,,,,10.0,0.06,any,
F4_g6_any_k10_L,F4,long,"gap +6% any, MOC, hold 10d",,month_down,2698,628.0,-18.72,-0.12,0.477,-10.4,4.3,10.0,-1.38,,,,,10.0,0.06,any,
F4_g6_any_k10_L,F4,long,"gap +6% any, MOC, hold 10d",,year_down,1074,323.0,-60.68,-0.47,0.48,-52.42,3.3,10.0,-65.42,,,,,10.0,0.06,any,
F4_g6_any_k10_L,F4,long,"gap +6% any, MOC, hold 10d",,y2016,281,123.0,261.11,1.56,0.63,272.18,2.3,10.0,110.69,,,,,10.0,0.06,any,
F4_g6_any_k10_L,F4,long,"gap +6% any, MOC, hold 10d",,y2017,240,135.0,158.84,2.31,0.542,167.8,1.8,10.0,90.72,,,,,10.0,0.06,any,
F4_g6_any_k10_L,F4,long,"gap +6% any, MOC, hold 10d",,y2018,299,148.0,-37.06,-0.37,0.508,-28.79,2.0,10.0,-5.02,,,,,10.0,0.06,any,
F4_g6_any_k10_L,F4,long,"gap +6% any, MOC, hold 10d",,y2019,394,155.0,131.2,1.36,0.561,139.36,2.5,10.0,60.09,,,,,10.0,0.06,any,
F4_g6_any_k10_L,F4,long,"gap +6% any, MOC, hold 10d",,y2020,1677,194.0,81.93,0.32,0.547,92.3,8.6,10.0,-4.27,,,,,10.0,0.06,any,
F4_g6_any_k10_L,F4,long,"gap +6% any, MOC, hold 10d",,y2021,502,185.0,323.68,1.21,0.512,330.27,2.7,10.0,237.25,,,,,10.0,0.06,any,
F4_g6_any_k10_L,F4,long,"gap +6% any, MOC, hold 10d",,y2022,775,175.0,-69.79,-0.4,0.47,-61.54,4.4,10.0,-88.72,,,,,10.0,0.06,any,
F4_g6_any_k10_L,F4,long,"gap +6% any, MOC, hold 10d",,y2023,637,185.0,255.58,1.87,0.578,264.2,3.4,10.0,169.7,,,,,10.0,0.06,any,
F4_g6_any_k10_L,F4,long,"gap +6% any, MOC, hold 10d",,y2024,654,168.0,196.16,1.76,0.57,204.2,3.9,10.0,70.29,,,,,10.0,0.06,any,
F4_g6_any_k10_L,F4,long,"gap +6% any, MOC, hold 10d",,y2025,1068,191.0,334.28,2.03,0.584,341.88,5.6,10.0,122.52,,,,,10.0,0.06,any,
F4_g6_any_k10_L,F4,long,"gap +6% any, MOC, hold 10d",,y2026,1280,162.0,204.92,0.99,0.519,211.5,7.9,10.0,60.98,,,,,10.0,0.06,any,
F4_g6_confirm_k1_L,F4,long,"gap +6% confirm, MOC, hold 1d",,train,2757,802.0,-0.15,-0.0,0.527,9.6,3.4,1.0,44.3,,,,,1.0,0.06,confirm,
F4_g6_confirm_k1_L,F4,long,"gap +6% confirm, MOC, hold 1d",,valid1,688,284.0,56.28,1.91,0.528,64.44,2.4,1.0,48.69,,,,,1.0,0.06,confirm,
F4_g6_confirm_k1_L,F4,long,"gap +6% confirm, MOC, hold 1d",,valid2,1312,300.0,53.15,1.95,0.533,59.99,4.4,1.0,47.62,,,,,1.0,0.06,confirm,
F4_g6_confirm_k1_L,F4,long,"gap +6% confirm, MOC, hold 1d",,trainvalid1,3445,1086.0,11.12,0.13,0.527,20.55,3.2,1.0,45.17,,,,,1.0,0.06,confirm,
F4_g6_confirm_k1_L,F4,long,"gap +6% confirm, MOC, hold 1d",,all_open,4757,1386.0,22.71,0.35,0.529,31.43,3.4,1.0,45.85,,,,,1.0,0.06,confirm,
F4_g6_confirm_k1_L,F4,long,"gap +6% confirm, MOC, hold 1d",,month_up,2031,497.0,100.88,2.88,0.581,109.87,4.1,1.0,70.8,,,,,1.0,0.06,confirm,
F4_g6_confirm_k1_L,F4,long,"gap +6% confirm, MOC, hold 1d",,year_up,4137,1163.0,14.78,0.2,0.525,23.59,3.6,1.0,45.4,,,,,1.0,0.06,confirm,
F4_g6_confirm_k1_L,F4,long,"gap +6% confirm, MOC, hold 1d",,month_flat,1090,418.0,17.53,0.54,0.505,25.91,2.6,1.0,13.93,,,,,1.0,0.06,confirm,
F4_g6_confirm_k1_L,F4,long,"gap +6% confirm, MOC, hold 1d",,year_flat,0,,,,,,,,,,,,,1.0,0.06,confirm,
F4_g6_confirm_k1_L,F4,long,"gap +6% confirm, MOC, hold 1d",,month_down,1636,471.0,-70.87,-0.39,0.481,-62.28,3.5,1.0,36.13,,,,,1.0,0.06,confirm,
F4_g6_confirm_k1_L,F4,long,"gap +6% confirm, MOC, hold 1d",,year_down,620,223.0,75.62,0.87,0.555,83.7,2.8,1.0,48.86,,,,,1.0,0.06,confirm,
F4_g6_confirm_k1_L,F4,long,"gap +6% confirm, MOC, hold 1d",,day_up,2329,539.0,-23.59,-0.18,0.507,-14.04,4.3,1.0,44.48,,,,,1.0,0.06,confirm,
F4_g6_confirm_k1_L,F4,long,"gap +6% confirm, MOC, hold 1d",,day_flat,1306,439.0,34.16,1.4,0.53,41.82,3.0,1.0,27.37,,,,,1.0,0.06,confirm,
F4_g6_confirm_k1_L,F4,long,"gap +6% confirm, MOC, hold 1d",,day_down,1122,408.0,105.5,3.36,0.573,113.72,2.8,1.0,70.2,,,,,1.0,0.06,confirm,
F4_g6_confirm_k1_L,F4,long,"gap +6% confirm, MOC, hold 1d",,y2016,146,84.0,157.26,4.69,0.705,167.8,1.7,1.0,133.15,,,,,1.0,0.06,confirm,
F4_g6_confirm_k1_L,F4,long,"gap +6% confirm, MOC, hold 1d",,y2017,132,93.0,36.9,1.0,0.523,45.35,1.4,1.0,43.01,,,,,1.0,0.06,confirm,
F4_g6_confirm_k1_L,F4,long,"gap +6% confirm, MOC, hold 1d",,y2018,146,94.0,-21.58,-0.72,0.445,-13.73,1.6,1.0,-14.96,,,,,1.0,0.06,confirm,
F4_g6_confirm_k1_L,F4,long,"gap +6% confirm, MOC, hold 1d",,y2019,222,114.0,-23.08,-0.49,0.468,-14.43,1.9,1.0,-14.74,,,,,1.0,0.06,confirm,
F4_g6_confirm_k1_L,F4,long,"gap +6% confirm, MOC, hold 1d",,y2020,1344,155.0,-69.58,-0.31,0.508,-58.13,8.7,1.0,38.71,,,,,1.0,0.06,confirm,
F4_g6_confirm_k1_L,F4,long,"gap +6% confirm, MOC, hold 1d",,y2021,293,133.0,80.25,1.1,0.515,86.76,2.2,1.0,61.3,,,,,1.0,0.06,confirm,
F4_g6_confirm_k1_L,F4,long,"gap +6% confirm, MOC, hold 1d",,y2022,474,129.0,105.56,1.0,0.589,113.72,3.7,1.0,68.52,,,,,1.0,0.06,confirm,
F4_g6_confirm_k1_L,F4,long,"gap +6% confirm, MOC, hold 1d",,y2023,334,145.0,67.77,1.74,0.53,76.31,2.3,1.0,60.76,,,,,1.0,0.06,confirm,
F4_g6_confirm_k1_L,F4,long,"gap +6% confirm, MOC, hold 1d",,y2024,354,139.0,45.44,1.04,0.525,53.23,2.5,1.0,37.3,,,,,1.0,0.06,confirm,
F4_g6_confirm_k1_L,F4,long,"gap +6% confirm, MOC, hold 1d",,y2025,539,157.0,94.21,2.61,0.568,101.67,3.4,1.0,70.63,,,,,1.0,0.06,confirm,
F4_g6_confirm_k1_L,F4,long,"gap +6% confirm, MOC, hold 1d",,y2026,773,143.0,24.52,0.66,0.508,30.93,5.4,1.0,31.58,,,,,1.0,0.06,confirm,
F4_g6_confirm_k5_L,F4,long,"gap +6% confirm, MOC, hold 5d",,train,2620,792.0,8.74,0.06,0.54,18.39,3.3,5.0,-17.13,,,,,5.0,0.06,confirm,
F4_g6_confirm_k5_L,F4,long,"gap +6% confirm, MOC, hold 5d",,valid1,656,272.0,121.63,1.94,0.524,129.74,2.4,5.0,89.45,,,,,5.0,0.06,confirm,
F4_g6_confirm_k5_L,F4,long,"gap +6% confirm, MOC, hold 5d",,valid2,1267,298.0,45.21,0.72,0.527,52.06,4.3,5.0,-30.76,,,,,5.0,0.06,confirm,
F4_g6_confirm_k5_L,F4,long,"gap +6% confirm, MOC, hold 5d",,trainvalid1,3276,1064.0,31.35,0.25,0.537,40.69,3.1,5.0,4.21,,,,,5.0,0.06,confirm,
F4_g6_confirm_k5_L,F4,long,"gap +6% confirm, MOC, hold 5d",,all_open,4543,1362.0,35.21,0.38,0.534,43.86,3.3,5.0,-5.54,,,,,5.0,0.06,confirm,
F4_g6_confirm_k5_L,F4,long,"gap +6% confirm, MOC, hold 5d",,month_up,1943,491.0,275.74,3.83,0.628,284.53,4.0,5.0,86.43,,,,,5.0,0.06,confirm,
F4_g6_confirm_k5_L,F4,long,"gap +6% confirm, MOC, hold 5d",,year_up,3942,1142.0,45.49,0.43,0.542,54.21,3.5,5.0,-2.62,,,,,5.0,0.06,confirm,
F4_g6_confirm_k5_L,F4,long,"gap +6% confirm, MOC, hold 5d",,month_flat,1036,409.0,-37.89,-0.45,0.462,-29.55,2.5,5.0,-27.13,,,,,5.0,0.06,confirm,
F4_g6_confirm_k5_L,F4,long,"gap +6% confirm, MOC, hold 5d",,year_flat,0,,,,,,,,,,,,,5.0,0.06,confirm,
F4_g6_confirm_k5_L,F4,long,"gap +6% confirm, MOC, hold 5d",,month_down,1564,462.0,-215.16,-0.97,0.464,-206.5,3.4,5.0,-105.5,,,,,5.0,0.06,confirm,
F4_g6_confirm_k5_L,F4,long,"gap +6% confirm, MOC, hold 5d",,year_down,601,220.0,-32.19,-0.48,0.483,-24.02,2.7,5.0,-24.71,,,,,5.0,0.06,confirm,
F4_g6_confirm_k5_L,F4,long,"gap +6% confirm, MOC, hold 5d",,y2016,143,82.0,189.88,3.0,0.594,200.44,1.7,5.0,116.63,,,,,5.0,0.06,confirm,
F4_g6_confirm_k5_L,F4,long,"gap +6% confirm, MOC, hold 5d",,y2017,130,91.0,110.85,1.43,0.477,119.28,1.4,5.0,88.4,,,,,5.0,0.06,confirm,
F4_g6_confirm_k5_L,F4,long,"gap +6% confirm, MOC, hold 5d",,y2018,146,94.0,-86.74,-1.67,0.466,-78.86,1.6,5.0,-65.08,,,,,5.0,0.06,confirm,
F4_g6_confirm_k5_L,F4,long,"gap +6% confirm, MOC, hold 5d",,y2019,220,114.0,33.48,0.51,0.527,42.04,1.9,5.0,26.78,,,,,5.0,0.06,confirm,
F4_g6_confirm_k5_L,F4,long,"gap +6% confirm, MOC, hold 5d",,y2020,1253,152.0,-8.49,-0.03,0.568,2.77,8.2,5.0,-39.9,,,,,5.0,0.06,confirm,
F4_g6_confirm_k5_L,F4,long,"gap +6% confirm, MOC, hold 5d",,y2021,273,133.0,14.51,0.1,0.546,20.99,2.1,5.0,-51.65,,,,,5.0,0.06,confirm,
F4_g6_confirm_k5_L,F4,long,"gap +6% confirm, MOC, hold 5d",,y2022,455,126.0,-14.69,-0.17,0.488,-6.42,3.6,5.0,-11.75,,,,,5.0,0.06,confirm,
F4_g6_confirm_k5_L,F4,long,"gap +6% confirm, MOC, hold 5d",,y2023,330,141.0,97.32,1.41,0.518,105.82,2.3,5.0,69.28,,,,,5.0,0.06,confirm,
F4_g6_confirm_k5_L,F4,long,"gap +6% confirm, MOC, hold 5d",,y2024,326,131.0,146.24,1.4,0.531,153.95,2.5,5.0,109.86,,,,,5.0,0.06,confirm,
F4_g6_confirm_k5_L,F4,long,"gap +6% confirm, MOC, hold 5d",,y2025,528,157.0,72.75,1.08,0.549,80.26,3.4,5.0,-23.43,,,,,5.0,0.06,confirm,
F4_g6_confirm_k5_L,F4,long,"gap +6% confirm, MOC, hold 5d",,y2026,739,141.0,25.54,0.26,0.512,31.92,5.2,5.0,-35.99,,,,,5.0,0.06,confirm,
F4_g6_confirm_k10_L,F4,long,"gap +6% confirm, MOC, hold 10d",,train,2394,780.0,122.94,1.0,0.547,132.32,3.1,10.0,10.05,,,,,10.0,0.06,confirm,
F4_g6_confirm_k10_L,F4,long,"gap +6% confirm, MOC, hold 10d",,valid1,637,269.0,289.89,3.16,0.576,297.95,2.4,10.0,179.15,,,,,10.0,0.06,confirm,
F4_g6_confirm_k10_L,F4,long,"gap +6% confirm, MOC, hold 10d",,valid2,1180,290.0,193.07,1.56,0.526,199.88,4.1,10.0,62.6,,,,,10.0,0.06,confirm,
F4_g6_confirm_k10_L,F4,long,"gap +6% confirm, MOC, hold 10d",,trainvalid1,3031,1049.0,158.02,1.59,0.553,167.13,2.9,10.0,45.59,,,,,10.0,0.06,confirm,
F4_g6_confirm_k10_L,F4,long,"gap +6% confirm, MOC, hold 10d",,all_open,4211,1339.0,167.84,2.12,0.546,176.31,3.1,10.0,50.36,,,,,10.0,0.06,confirm,
F4_g6_confirm_k10_L,F4,long,"gap +6% confirm, MOC, hold 10d",,month_up,1805,486.0,396.23,5.23,0.627,404.78,3.7,10.0,139.87,,,,,10.0,0.06,confirm,
F4_g6_confirm_k10_L,F4,long,"gap +6% confirm, MOC, hold 10d",,year_up,3623,1121.0,197.41,2.18,0.552,205.93,3.2,10.0,67.58,,,,,10.0,0.06,confirm,
F4_g6_confirm_k10_L,F4,long,"gap +6% confirm, MOC, hold 10d",,month_flat,997,405.0,20.64,0.21,0.483,28.98,2.5,10.0,4.45,,,,,10.0,0.06,confirm,
F4_g6_confirm_k10_L,F4,long,"gap +6% confirm, MOC, hold 10d",,year_flat,0,,,,,,,,,,,,,10.0,0.06,confirm,
F4_g6_confirm_k10_L,F4,long,"gap +6% confirm, MOC, hold 10d",,month_down,1409,448.0,-20.57,-0.11,0.485,-12.14,3.1,10.0,-31.82,,,,,10.0,0.06,confirm,
F4_g6_confirm_k10_L,F4,long,"gap +6% confirm, MOC, hold 10d",,year_down,588,218.0,-14.35,-0.15,0.505,-6.22,2.7,10.0,-55.74,,,,,10.0,0.06,confirm,
F4_g6_confirm_k10_L,F4,long,"gap +6% confirm, MOC, hold 10d",,y2016,141,81.0,227.73,1.37,0.624,238.33,1.7,10.0,112.73,,,,,10.0,0.06,confirm,
F4_g6_confirm_k10_L,F4,long,"gap +6% confirm, MOC, hold 10d",,y2017,129,90.0,197.06,2.11,0.535,205.46,1.4,10.0,124.78,,,,,10.0,0.06,confirm,
F4_g6_confirm_k10_L,F4,long,"gap +6% confirm, MOC, hold 10d",,y2018,145,93.0,-11.44,-0.1,0.49,-3.66,1.6,10.0,2.37,,,,,10.0,0.06,confirm,
F4_g6_confirm_k10_L,F4,long,"gap +6% confirm, MOC, hold 10d",,y2019,216,112.0,134.35,1.11,0.574,142.94,1.9,10.0,76.87,,,,,10.0,0.06,confirm,
F4_g6_confirm_k10_L,F4,long,"gap +6% confirm, MOC, hold 10d",,y2020,1062,150.0,143.19,0.55,0.57,154.09,7.1,10.0,-38.21,,,,,10.0,0.06,confirm,
F4_g6_confirm_k10_L,F4,long,"gap +6% confirm, MOC, hold 10d",,y2021,258,129.0,248.55,0.77,0.492,255.04,2.0,10.0,189.25,,,,,10.0,0.06,confirm,
F4_g6_confirm_k10_L,F4,long,"gap +6% confirm, MOC, hold 10d",,y2022,443,125.0,-15.31,-0.13,0.51,-7.06,3.5,10.0,-74.76,,,,,10.0,0.06,confirm,
F4_g6_confirm_k10_L,F4,long,"gap +6% confirm, MOC, hold 10d",,y2023,325,141.0,311.52,2.38,0.575,319.9,2.3,10.0,222.05,,,,,10.0,0.06,confirm,
F4_g6_confirm_k10_L,F4,long,"gap +6% confirm, MOC, hold 10d",,y2024,312,128.0,267.36,2.09,0.577,275.09,2.4,10.0,134.46,,,,,10.0,0.06,confirm,
F4_g6_confirm_k10_L,F4,long,"gap +6% confirm, MOC, hold 10d",,y2025,508,155.0,174.58,1.53,0.535,181.99,3.3,10.0,46.42,,,,,10.0,0.06,confirm,
F4_g6_confirm_k10_L,F4,long,"gap +6% confirm, MOC, hold 10d",,y2026,672,135.0,207.04,1.05,0.519,213.41,5.0,10.0,74.82,,,,,10.0,0.06,confirm,
F4_g3_any_k1_S,F4,short,"gap -3% any, MOC, hold 1d",,train,21679,1590.0,-53.29,-1.51,0.446,-42.94,13.6,1.0,3.96,,,,,1.0,0.03,any,
F4_g3_any_k1_S,F4,short,"gap -3% any, MOC, hold 1d",,valid1,4827,440.0,-54.07,-2.45,0.42,-44.3,11.0,1.0,-21.96,,,,,1.0,0.03,any,
F4_g3_any_k1_S,F4,short,"gap -3% any, MOC, hold 1d",,valid2,10311,393.0,19.4,0.47,0.509,28.06,26.2,1.0,2.69,,,,,1.0,0.03,any,
F4_g3_any_k1_S,F4,short,"gap -3% any, MOC, hold 1d",,trainvalid1,26506,2030.0,-53.43,-1.83,0.441,-43.18,13.1,1.0,-0.76,,,,,1.0,0.03,any,
F4_g3_any_k1_S,F4,short,"gap -3% any, MOC, hold 1d",,all_open,36817,2423.0,-33.04,-1.34,0.46,-23.23,15.2,1.0,0.21,,,,,1.0,0.03,any,
F4_g3_any_k1_S,F4,short,"gap -3% any, MOC, hold 1d",,month_up,9585,829.0,-50.95,-2.64,0.44,-40.64,11.6,1.0,-5.86,,,,,1.0,0.03,any,
F4_g3_any_k1_S,F4,short,"gap -3% any, MOC, hold 1d",,year_up,30304,1957.0,-39.95,-1.36,0.453,-30.11,15.5,1.0,-0.39,,,,,1.0,0.03,any,
F4_g3_any_k1_S,F4,short,"gap -3% any, MOC, hold 1d",,month_flat,8049,772.0,-40.2,-1.24,0.447,-30.34,10.4,1.0,-9.26,,,,,1.0,0.03,any,
F4_g3_any_k1_S,F4,short,"gap -3% any, MOC, hold 1d",,year_flat,0,,,,,,,,,,,,,1.0,0.03,any,
F4_g3_any_k1_S,F4,short,"gap -3% any, MOC, hold 1d",,month_down,19183,822.0,-21.08,-0.47,0.476,-11.55,23.3,1.0,7.21,,,,,1.0,0.03,any,
F4_g3_any_k1_S,F4,short,"gap -3% any, MOC, hold 1d",,year_down,6513,466.0,-0.88,-0.03,0.493,8.79,14.0,1.0,2.98,,,,,1.0,0.03,any,
F4_g3_any_k1_S,F4,short,"gap -3% any, MOC, hold 1d",,day_up,12188,814.0,0.9,0.03,0.478,10.74,15.0,1.0,7.7,,,,,1.0,0.03,any,
F4_g3_any_k1_S,F4,short,"gap -3% any, MOC, hold 1d",,day_flat,7639,799.0,-30.12,-1.44,0.456,-20.39,9.6,1.0,-3.68,,,,,1.0,0.03,any,
F4_g3_any_k1_S,F4,short,"gap -3% any, MOC, hold 1d",,day_down,16990,810.0,-58.69,-1.24,0.449,-48.88,21.0,1.0,-3.42,,,,,1.0,0.03,any,
F4_g3_any_k1_S,F4,short,"gap -3% any, MOC, hold 1d",,y2016,1662,213.0,46.56,0.57,0.569,59.58,7.8,1.0,9.98,,,,,1.0,0.03,any,
F4_g3_any_k1_S,F4,short,"gap -3% any, MOC, hold 1d",,y2017,752,211.0,-26.61,-2.14,0.447,-15.63,3.6,1.0,-5.47,,,,,1.0,0.03,any,
F4_g3_any_k1_S,F4,short,"gap -3% any, MOC, hold 1d",,y2018,1423,224.0,27.11,0.78,0.524,36.9,6.4,1.0,17.4,,,,,1.0,0.03,any,
F4_g3_any_k1_S,F4,short,"gap -3% any, MOC, hold 1d",,y2019,1330,231.0,-7.3,-0.27,0.459,3.01,5.8,1.0,18.39,,,,,1.0,0.03,any,
F4_g3_any_k1_S,F4,short,"gap -3% any, MOC, hold 1d",,y2020,8772,231.0,-108.4,-1.39,0.4,-97.66,38.0,1.0,16.97,,,,,1.0,0.03,any,
F4_g3_any_k1_S,F4,short,"gap -3% any, MOC, hold 1d",,y2021,2650,238.0,-92.92,-2.95,0.402,-84.03,11.1,1.0,-45.0,,,,,1.0,0.03,any,
F4_g3_any_k1_S,F4,short,"gap -3% any, MOC, hold 1d",,y2022,5090,242.0,-8.71,-0.26,0.485,0.93,21.0,1.0,-1.05,,,,,1.0,0.03,any,
F4_g3_any_k1_S,F4,short,"gap -3% any, MOC, hold 1d",,y2023,2186,239.0,-57.28,-2.65,0.421,-47.23,9.1,1.0,-21.56,,,,,1.0,0.03,any,
F4_g3_any_k1_S,F4,short,"gap -3% any, MOC, hold 1d",,y2024,2641,201.0,-51.41,-1.42,0.418,-41.88,13.1,1.0,-22.29,,,,,1.0,0.03,any,
F4_g3_any_k1_S,F4,short,"gap -3% any, MOC, hold 1d",,y2025,4836,205.0,35.03,0.47,0.514,44.4,23.6,1.0,-21.74,,,,,1.0,0.03,any,
F4_g3_any_k1_S,F4,short,"gap -3% any, MOC, hold 1d",,y2026,5475,188.0,5.59,0.15,0.504,13.63,29.1,1.0,24.26,,,,,1.0,0.03,any,
F4_g3_any_k5_S,F4,short,"gap -3% any, MOC, hold 5d",,train,16612,1572.0,9.02,0.13,0.49,23.89,10.6,5.0,-3.43,,,,,5.0,0.03,any,
F4_g3_any_k5_S,F4,short,"gap -3% any, MOC, hold 5d",,valid1,4226,435.0,-59.59,-1.33,0.472,-45.31,9.7,5.0,13.46,,,,,5.0,0.03,any,
F4_g3_any_k5_S,F4,short,"gap -3% any, MOC, hold 5d",,valid2,7716,388.0,-87.81,-1.5,0.473,-74.66,19.9,5.0,-48.14,,,,,5.0,0.03,any,
F4_g3_any_k5_S,F4,short,"gap -3% any, MOC, hold 5d",,trainvalid1,20838,2007.0,-4.89,-0.09,0.486,9.86,10.4,5.0,-0.0,,,,,5.0,0.03,any,
F4_g3_any_k5_S,F4,short,"gap -3% any, MOC, hold 5d",,all_open,28554,2395.0,-27.3,-0.61,0.483,-12.98,11.9,5.0,-13.01,,,,,5.0,0.03,any,
F4_g3_any_k5_S,F4,short,"gap -3% any, MOC, hold 5d",,month_up,7735,823.0,-264.83,-7.33,0.377,-250.2,9.4,5.0,-81.2,,,,,5.0,0.03,any,
F4_g3_any_k5_S,F4,short,"gap -3% any, MOC, hold 5d",,year_up,23127,1934.0,-25.32,-0.47,0.48,-11.0,12.0,5.0,-13.99,,,,,5.0,0.03,any,
F4_g3_any_k5_S,F4,short,"gap -3% any, MOC, hold 5d",,month_flat,6816,762.0,-81.87,-2.52,0.439,-67.53,8.9,5.0,11.14,,,,,5.0,0.03,any,
F4_g3_any_k5_S,F4,short,"gap -3% any, MOC, hold 5d",,year_flat,0,,,,,,,,,,,,,5.0,0.03,any,
F4_g3_any_k5_S,F4,short,"gap -3% any, MOC, hold 5d",,month_down,14003,810.0,130.47,1.81,0.562,144.61,17.3,5.0,12.9,,,,,5.0,0.03,any,
F4_g3_any_k5_S,F4,short,"gap -3% any, MOC, hold 5d",,year_down,5427,461.0,-35.72,-0.68,0.493,-21.43,11.8,5.0,-8.86,,,,,5.0,0.03,any,
F4_g3_any_k5_S,F4,short,"gap -3% any, MOC, hold 5d",,y2016,1539,209.0,-200.73,-4.31,0.335,-183.83,7.4,5.0,-44.04,,,,,5.0,0.03,any,
F4_g3_any_k5_S,F4,short,"gap -3% any, MOC, hold 5d",,y2017,732,210.0,-37.17,-1.1,0.448,-21.58,3.5,5.0,16.4,,,,,5.0,0.03,any,
F4_g3_any_k5_S,F4,short,"gap -3% any, MOC, hold 5d",,y2018,1333,223.0,-36.33,-0.53,0.486,-21.86,6.0,5.0,-16.48,,,,,5.0,0.03,any,
F4_g3_any_k5_S,F4,short,"gap -3% any, MOC, hold 5d",,y2019,1208,228.0,-29.58,-0.44,0.45,-14.72,5.3,5.0,38.23,,,,,5.0,0.03,any,
F4_g3_any_k5_S,F4,short,"gap -3% any, MOC, hold 5d",,y2020,5371,229.0,196.85,1.25,0.558,212.25,23.5,5.0,28.86,,,,,5.0,0.03,any,
F4_g3_any_k5_S,F4,short,"gap -3% any, MOC, hold 5d",,y2021,2335,235.0,-146.32,-1.72,0.461,-132.88,9.9,5.0,-66.1,,,,,5.0,0.03,any,
F4_g3_any_k5_S,F4,short,"gap -3% any, MOC, hold 5d",,y2022,4094,238.0,-35.52,-0.54,0.495,-21.29,17.2,5.0,-6.37,,,,,5.0,0.03,any,
F4_g3_any_k5_S,F4,short,"gap -3% any, MOC, hold 5d",,y2023,1946,239.0,-52.36,-0.73,0.489,-37.93,8.1,5.0,-0.15,,,,,5.0,0.03,any,
F4_g3_any_k5_S,F4,short,"gap -3% any, MOC, hold 5d",,y2024,2280,196.0,-65.77,-1.19,0.458,-51.6,11.6,5.0,25.08,,,,,5.0,0.03,any,
F4_g3_any_k5_S,F4,short,"gap -3% any, MOC, hold 5d",,y2025,3483,204.0,-22.06,-0.25,0.49,-8.26,17.1,5.0,-10.77,,,,,5.0,0.03,any,
F4_g3_any_k5_S,F4,short,"gap -3% any, MOC, hold 5d",,y2026,4233,184.0,-141.9,-2.09,0.459,-129.3,23.0,5.0,-78.89,,,,,5.0,0.03,any,
F4_g3_any_k10_S,F4,short,"gap -3% any, MOC, hold 10d",,train,14293,1544.0,-86.61,-0.59,0.441,-65.88,9.3,10.0,-23.37,,,,,10.0,0.03,any,
F4_g3_any_k10_S,F4,short,"gap -3% any, MOC, hold 10d",,valid1,3817,424.0,-208.62,-2.71,0.422,-188.7,9.0,10.0,-22.51,,,,,10.0,0.03,any,
F4_g3_any_k10_S,F4,short,"gap -3% any, MOC, hold 10d",,valid2,6521,377.0,-223.0,-2.4,0.447,-204.07,17.3,10.0,-99.59,,,,,10.0,0.03,any,
F4_g3_any_k10_S,F4,short,"gap -3% any, MOC, hold 10d",,trainvalid1,18110,1968.0,-112.33,-0.96,0.437,-91.76,9.2,10.0,-23.18,,,,,10.0,0.03,any,
F4_g3_any_k10_S,F4,short,"gap -3% any, MOC, hold 10d",,all_open,24631,2345.0,-141.63,-1.57,0.44,-121.5,10.5,10.0,-43.41,,,,,10.0,0.03,any,
F4_g3_any_k10_S,F4,short,"gap -3% any, MOC, hold 10d",,month_up,6878,804.0,-502.45,-5.88,0.321,-482.11,8.6,10.0,-152.25,,,,,10.0,0.03,any,
F4_g3_any_k10_S,F4,short,"gap -3% any, MOC, hold 10d",,year_up,19906,1892.0,-165.01,-1.5,0.429,-144.87,10.5,10.0,-48.0,,,,,10.0,0.03,any,
F4_g3_any_k10_S,F4,short,"gap -3% any, MOC, hold 10d",,month_flat,6221,747.0,-133.65,-2.2,0.426,-113.45,8.3,10.0,17.5,,,,,10.0,0.03,any,
F4_g3_any_k10_S,F4,short,"gap -3% any, MOC, hold 10d",,year_flat,0,,,,,,,,,,,,,10.0,0.03,any,
F4_g3_any_k10_S,F4,short,"gap -3% any, MOC, hold 10d",,month_down,11532,794.0,69.28,0.47,0.519,89.24,14.5,10.0,-11.36,,,,,10.0,0.03,any,
F4_g3_any_k10_S,F4,short,"gap -3% any, MOC, hold 10d",,year_down,4725,453.0,-43.11,-0.54,0.487,-23.04,10.4,10.0,-24.08,,,,,10.0,0.03,any,
F4_g3_any_k10_S,F4,short,"gap -3% any, MOC, hold 10d",,y2016,1443,208.0,-349.75,-4.46,0.297,-326.6,6.9,10.0,-77.11,,,,,10.0,0.03,any,
F4_g3_any_k10_S,F4,short,"gap -3% any, MOC, hold 10d",,y2017,702,206.0,-73.06,-1.32,0.437,-51.73,3.4,10.0,21.31,,,,,10.0,0.03,any,
F4_g3_any_k10_S,F4,short,"gap -3% any, MOC, hold 10d",,y2018,1244,219.0,-98.42,-1.93,0.446,-78.07,5.7,10.0,-45.87,,,,,10.0,0.03,any,
F4_g3_any_k10_S,F4,short,"gap -3% any, MOC, hold 10d",,y2019,1131,224.0,-74.49,-0.73,0.431,-53.9,5.0,10.0,35.25,,,,,10.0,0.03,any,
F4_g3_any_k10_S,F4,short,"gap -3% any, MOC, hold 10d",,y2020,4240,221.0,-24.16,-0.05,0.438,-2.81,19.2,10.0,-31.59,,,,,10.0,0.03,any,
F4_g3_any_k10_S,F4,short,"gap -3% any, MOC, hold 10d",,y2021,2052,232.0,-142.08,-1.24,0.453,-122.92,8.8,10.0,-14.52,,,,,10.0,0.03,any,
F4_g3_any_k10_S,F4,short,"gap -3% any, MOC, hold 10d",,y2022,3481,234.0,-23.35,-0.22,0.502,-3.38,14.9,10.0,-16.29,,,,,10.0,0.03,any,
F4_g3_any_k10_S,F4,short,"gap -3% any, MOC, hold 10d",,y2023,1798,236.0,-105.89,-0.92,0.474,-85.76,7.6,10.0,-9.74,,,,,10.0,0.03,any,
F4_g3_any_k10_S,F4,short,"gap -3% any, MOC, hold 10d",,y2024,2019,188.0,-300.11,-3.69,0.375,-280.37,10.7,10.0,-33.88,,,,,10.0,0.03,any,
F4_g3_any_k10_S,F4,short,"gap -3% any, MOC, hold 10d",,y2025,3055,199.0,-263.44,-1.82,0.416,-243.97,15.4,10.0,-124.05,,,,,10.0,0.03,any,
F4_g3_any_k10_S,F4,short,"gap -3% any, MOC, hold 10d",,y2026,3466,178.0,-187.35,-1.54,0.474,-168.9,19.5,10.0,-78.04,,,,,10.0,0.03,any,
F4_g3_confirm_k1_S,F4,short,"gap -3% confirm, MOC, hold 1d",,train,11174,1355.0,-65.44,-1.26,0.435,-54.84,8.2,1.0,0.16,,,,,1.0,0.03,confirm,
F4_g3_confirm_k1_S,F4,short,"gap -3% confirm, MOC, hold 1d",,valid1,2256,383.0,-33.36,-1.42,0.447,-23.5,5.9,1.0,-14.92,,,,,1.0,0.03,confirm,
F4_g3_confirm_k1_S,F4,short,"gap -3% confirm, MOC, hold 1d",,valid2,5083,369.0,17.64,0.28,0.497,26.26,13.8,1.0,-3.87,,,,,1.0,0.03,confirm,
F4_g3_confirm_k1_S,F4,short,"gap -3% confirm, MOC, hold 1d",,trainvalid1,13430,1738.0,-60.05,-1.38,0.437,-49.58,7.7,1.0,-2.37,,,,,1.0,0.03,confirm,
F4_g3_confirm_k1_S,F4,short,"gap -3% confirm, MOC, hold 1d",,all_open,18513,2107.0,-38.72,-1.05,0.454,-28.76,8.8,1.0,-2.78,,,,,1.0,0.03,confirm,
F4_g3_confirm_k1_S,F4,short,"gap -3% confirm, MOC, hold 1d",,month_up,4390,701.0,-56.34,-2.81,0.426,-45.8,6.3,1.0,-1.17,,,,,1.0,0.03,confirm,
F4_g3_confirm_k1_S,F4,short,"gap -3% confirm, MOC, hold 1d",,year_up,15340,1691.0,-44.48,-1.01,0.446,-34.48,9.1,1.0,-1.18,,,,,1.0,0.03,confirm,
F4_g3_confirm_k1_S,F4,short,"gap -3% confirm, MOC, hold 1d",,month_flat,3862,668.0,-1.66,-0.04,0.483,8.37,5.8,1.0,13.69,,,,,1.0,0.03,confirm,
F4_g3_confirm_k1_S,F4,short,"gap -3% confirm, MOC, hold 1d",,year_flat,0,,,,,,,,,,,,,1.0,0.03,confirm,
F4_g3_confirm_k1_S,F4,short,"gap -3% confirm, MOC, hold 1d",,month_down,10261,738.0,-45.13,-0.71,0.454,-35.44,13.9,1.0,-9.67,,,,,1.0,0.03,confirm,
F4_g3_confirm_k1_S,F4,short,"gap -3% confirm, MOC, hold 1d",,year_down,3173,416.0,-10.89,-0.4,0.491,-1.06,7.6,1.0,-10.53,,,,,1.0,0.03,confirm,
F4_g3_confirm_k1_S,F4,short,"gap -3% confirm, MOC, hold 1d",,day_up,3265,676.0,15.88,0.4,0.481,25.77,4.8,1.0,23.59,,,,,1.0,0.03,confirm,
F4_g3_confirm_k1_S,F4,short,"gap -3% confirm, MOC, hold 1d",,day_flat,3736,678.0,-30.53,-1.25,0.448,-20.62,5.5,1.0,-0.69,,,,,1.0,0.03,confirm,
F4_g3_confirm_k1_S,F4,short,"gap -3% confirm, MOC, hold 1d",,day_down,11512,753.0,-56.87,-0.99,0.448,-46.86,15.3,1.0,-10.94,,,,,1.0,0.03,confirm,
F4_g3_confirm_k1_S,F4,short,"gap -3% confirm, MOC, hold 1d",,y2016,845,170.0,84.42,0.8,0.596,97.71,5.0,1.0,32.82,,,,,1.0,0.03,confirm,
F4_g3_confirm_k1_S,F4,short,"gap -3% confirm, MOC, hold 1d",,y2017,370,172.0,-12.13,-0.88,0.449,-0.9,2.2,1.0,7.69,,,,,1.0,0.03,confirm,
F4_g3_confirm_k1_S,F4,short,"gap -3% confirm, MOC, hold 1d",,y2018,597,194.0,4.08,0.18,0.508,14.15,3.1,1.0,-4.95,,,,,1.0,0.03,confirm,
F4_g3_confirm_k1_S,F4,short,"gap -3% confirm, MOC, hold 1d",,y2019,642,186.0,-31.81,-0.89,0.388,-21.48,3.5,1.0,16.51,,,,,1.0,0.03,confirm,
F4_g3_confirm_k1_S,F4,short,"gap -3% confirm, MOC, hold 1d",,y2020,4974,200.0,-124.68,-1.16,0.39,-113.77,24.9,1.0,11.78,,,,,1.0,0.03,confirm,
F4_g3_confirm_k1_S,F4,short,"gap -3% confirm, MOC, hold 1d",,y2021,1170,211.0,-105.11,-4.49,0.382,-95.69,5.5,1.0,-55.17,,,,,1.0,0.03,confirm,
F4_g3_confirm_k1_S,F4,short,"gap -3% confirm, MOC, hold 1d",,y2022,2576,222.0,-14.35,-0.44,0.487,-4.59,11.6,1.0,-11.83,,,,,1.0,0.03,confirm,
F4_g3_confirm_k1_S,F4,short,"gap -3% confirm, MOC, hold 1d",,y2023,1035,202.0,-63.07,-2.58,0.43,-52.84,5.1,1.0,-26.37,,,,,1.0,0.03,confirm,
F4_g3_confirm_k1_S,F4,short,"gap -3% confirm, MOC, hold 1d",,y2024,1221,181.0,-8.18,-0.23,0.462,1.37,6.7,1.0,-5.2,,,,,1.0,0.03,confirm,
F4_g3_confirm_k1_S,F4,short,"gap -3% confirm, MOC, hold 1d",,y2025,2331,184.0,51.58,0.44,0.501,60.92,12.7,1.0,-22.1,,,,,1.0,0.03,confirm,
F4_g3_confirm_k1_S,F4,short,"gap -3% confirm, MOC, hold 1d",,y2026,2752,185.0,-11.11,-0.23,0.493,-3.1,14.9,1.0,11.57,,,,,1.0,0.03,confirm,
F4_g3_confirm_k5_S,F4,short,"gap -3% confirm, MOC, hold 5d",,train,9138,1345.0,-15.62,-0.2,0.485,-0.43,6.8,5.0,-19.22,,,,,5.0,0.03,confirm,
F4_g3_confirm_k5_S,F4,short,"gap -3% confirm, MOC, hold 5d",,valid1,2078,378.0,-47.71,-1.18,0.479,-33.24,5.5,5.0,8.99,,,,,5.0,0.03,confirm,
F4_g3_confirm_k5_S,F4,short,"gap -3% confirm, MOC, hold 5d",,valid2,4211,362.0,-119.1,-1.97,0.473,-105.88,11.6,5.0,-84.98,,,,,5.0,0.03,confirm,
F4_g3_confirm_k5_S,F4,short,"gap -3% confirm, MOC, hold 5d",,trainvalid1,11216,1723.0,-21.57,-0.33,0.484,-6.51,6.5,5.0,-13.99,,,,,5.0,0.03,confirm,
F4_g3_confirm_k5_S,F4,short,"gap -3% confirm, MOC, hold 5d",,all_open,15427,2085.0,-48.19,-0.95,0.481,-33.64,7.4,5.0,-33.37,,,,,5.0,0.03,confirm,
F4_g3_confirm_k5_S,F4,short,"gap -3% confirm, MOC, hold 5d",,month_up,3904,694.0,-321.6,-4.11,0.36,-306.67,5.6,5.0,-77.14,,,,,5.0,0.03,confirm,
F4_g3_confirm_k5_S,F4,short,"gap -3% confirm, MOC, hold 5d",,year_up,12649,1672.0,-48.22,-0.8,0.477,-33.64,7.6,5.0,-33.92,,,,,5.0,0.03,confirm,
F4_g3_confirm_k5_S,F4,short,"gap -3% confirm, MOC, hold 5d",,month_flat,3559,660.0,-61.06,-1.65,0.451,-46.52,5.4,5.0,43.33,,,,,5.0,0.03,confirm,
F4_g3_confirm_k5_S,F4,short,"gap -3% confirm, MOC, hold 5d",,year_flat,0,,,,,,,,,,,,,5.0,0.03,confirm,
F4_g3_confirm_k5_S,F4,short,"gap -3% confirm, MOC, hold 5d",,month_down,7964,731.0,91.59,1.18,0.553,105.96,10.9,5.0,-46.19,,,,,5.0,0.03,confirm,
F4_g3_confirm_k5_S,F4,short,"gap -3% confirm, MOC, hold 5d",,year_down,2778,413.0,-48.06,-0.74,0.499,-33.61,6.7,5.0,-30.87,,,,,5.0,0.03,confirm,
F4_g3_confirm_k5_S,F4,short,"gap -3% confirm, MOC, hold 5d",,y2016,804,167.0,-145.15,-3.52,0.367,-127.99,4.8,5.0,18.18,,,,,5.0,0.03,confirm,
F4_g3_confirm_k5_S,F4,short,"gap -3% confirm, MOC, hold 5d",,y2017,359,171.0,-42.64,-1.44,0.462,-26.83,2.1,5.0,14.39,,,,,5.0,0.03,confirm,
F4_g3_confirm_k5_S,F4,short,"gap -3% confirm, MOC, hold 5d",,y2018,584,193.0,-23.7,-0.43,0.493,-9.05,3.0,5.0,-14.97,,,,,5.0,0.03,confirm,
F4_g3_confirm_k5_S,F4,short,"gap -3% confirm, MOC, hold 5d",,y2019,615,186.0,-54.13,-0.97,0.444,-39.09,3.3,5.0,49.21,,,,,5.0,0.03,confirm,
F4_g3_confirm_k5_S,F4,short,"gap -3% confirm, MOC, hold 5d",,y2020,3475,198.0,92.29,0.51,0.514,107.96,17.6,5.0,-18.7,,,,,5.0,0.03,confirm,
F4_g3_confirm_k5_S,F4,short,"gap -3% confirm, MOC, hold 5d",,y2021,1107,210.0,-148.71,-1.99,0.477,-134.78,5.3,5.0,-67.7,,,,,5.0,0.03,confirm,
F4_g3_confirm_k5_S,F4,short,"gap -3% confirm, MOC, hold 5d",,y2022,2194,220.0,-54.55,-0.67,0.5,-40.15,10.0,5.0,-35.11,,,,,5.0,0.03,confirm,
F4_g3_confirm_k5_S,F4,short,"gap -3% confirm, MOC, hold 5d",,y2023,953,202.0,-54.36,-0.8,0.484,-39.59,4.7,5.0,-8.16,,,,,5.0,0.03,confirm,
F4_g3_confirm_k5_S,F4,short,"gap -3% confirm, MOC, hold 5d",,y2024,1125,176.0,-42.07,-0.88,0.475,-27.86,6.4,5.0,23.52,,,,,5.0,0.03,confirm,
F4_g3_confirm_k5_S,F4,short,"gap -3% confirm, MOC, hold 5d",,y2025,1906,183.0,-49.38,-0.66,0.491,-35.43,10.4,5.0,-55.93,,,,,5.0,0.03,confirm,
F4_g3_confirm_k5_S,F4,short,"gap -3% confirm, MOC, hold 5d",,y2026,2305,179.0,-176.75,-2.29,0.458,-164.15,12.9,5.0,-109.0,,,,,5.0,0.03,confirm,
F4_g3_confirm_k10_S,F4,short,"gap -3% confirm, MOC, hold 10d",,train,8223,1317.0,-65.48,-0.34,0.447,-44.41,6.2,10.0,-18.34,,,,,10.0,0.03,confirm,
F4_g3_confirm_k10_S,F4,short,"gap -3% confirm, MOC, hold 10d",,valid1,1958,371.0,-179.71,-2.38,0.446,-159.46,5.3,10.0,-33.76,,,,,10.0,0.03,confirm,
F4_g3_confirm_k10_S,F4,short,"gap -3% confirm, MOC, hold 10d",,valid2,3794,354.0,-207.17,-2.71,0.462,-188.06,10.7,10.0,-112.77,,,,,10.0,0.03,confirm,
F4_g3_confirm_k10_S,F4,short,"gap -3% confirm, MOC, hold 10d",,trainvalid1,10181,1688.0,-87.45,-0.55,0.446,-66.54,6.0,10.0,-21.31,,,,,10.0,0.03,confirm,
F4_g3_confirm_k10_S,F4,short,"gap -3% confirm, MOC, hold 10d",,all_open,13975,2042.0,-119.95,-1.01,0.451,-99.53,6.8,10.0,-46.14,,,,,10.0,0.03,confirm,
F4_g3_confirm_k10_S,F4,short,"gap -3% confirm, MOC, hold 10d",,month_up,3612,682.0,-528.56,-4.64,0.315,-507.81,5.3,10.0,-146.58,,,,,10.0,0.03,confirm,
F4_g3_confirm_k10_S,F4,short,"gap -3% confirm, MOC, hold 10d",,year_up,11412,1635.0,-133.54,-0.92,0.443,-113.1,7.0,10.0,-46.1,,,,,10.0,0.03,confirm,
F4_g3_confirm_k10_S,F4,short,"gap -3% confirm, MOC, hold 10d",,month_flat,3399,646.0,-120.09,-1.95,0.437,-99.63,5.3,10.0,27.48,,,,,10.0,0.03,confirm,
F4_g3_confirm_k10_S,F4,short,"gap -3% confirm, MOC, hold 10d",,year_flat,0,,,,,,,,,,,,,10.0,0.03,confirm,
F4_g3_confirm_k10_S,F4,short,"gap -3% confirm, MOC, hold 10d",,month_down,6964,714.0,92.05,0.5,0.527,112.28,9.8,10.0,-29.97,,,,,10.0,0.03,confirm,
F4_g3_confirm_k10_S,F4,short,"gap -3% confirm, MOC, hold 10d",,year_down,2563,407.0,-59.44,-0.6,0.483,-39.1,6.3,10.0,-46.33,,,,,10.0,0.03,confirm,
F4_g3_confirm_k10_S,F4,short,"gap -3% confirm, MOC, hold 10d",,y2016,780,163.0,-338.69,-3.86,0.295,-315.04,4.8,10.0,-50.39,,,,,10.0,0.03,confirm,
F4_g3_confirm_k10_S,F4,short,"gap -3% confirm, MOC, hold 10d",,y2017,350,167.0,-71.86,-1.38,0.431,-50.19,2.1,10.0,28.79,,,,,10.0,0.03,confirm,
F4_g3_confirm_k10_S,F4,short,"gap -3% confirm, MOC, hold 10d",,y2018,573,192.0,-81.61,-1.06,0.459,-61.0,3.0,10.0,-45.67,,,,,10.0,0.03,confirm,
F4_g3_confirm_k10_S,F4,short,"gap -3% confirm, MOC, hold 10d",,y2019,587,183.0,-69.59,-0.67,0.451,-48.81,3.2,10.0,60.97,,,,,10.0,0.03,confirm,
F4_g3_confirm_k10_S,F4,short,"gap -3% confirm, MOC, hold 10d",,y2020,2898,191.0,44.32,0.08,0.457,65.82,15.2,10.0,-1.49,,,,,10.0,0.03,confirm,
F4_g3_confirm_k10_S,F4,short,"gap -3% confirm, MOC, hold 10d",,y2021,1045,206.0,-176.46,-1.34,0.442,-156.72,5.1,10.0,-32.89,,,,,10.0,0.03,confirm,
F4_g3_confirm_k10_S,F4,short,"gap -3% confirm, MOC, hold 10d",,y2022,1990,215.0,-53.05,-0.42,0.49,-32.79,9.3,10.0,-46.52,,,,,10.0,0.03,confirm,
F4_g3_confirm_k10_S,F4,short,"gap -3% confirm, MOC, hold 10d",,y2023,920,200.0,-145.6,-1.06,0.467,-125.03,4.6,10.0,-55.99,,,,,10.0,0.03,confirm,
F4_g3_confirm_k10_S,F4,short,"gap -3% confirm, MOC, hold 10d",,y2024,1038,171.0,-209.94,-3.48,0.427,-189.97,6.1,10.0,-14.05,,,,,10.0,0.03,confirm,
F4_g3_confirm_k10_S,F4,short,"gap -3% confirm, MOC, hold 10d",,y2025,1769,181.0,-190.99,-1.67,0.456,-171.32,9.8,10.0,-93.88,,,,,10.0,0.03,confirm,
F4_g3_confirm_k10_S,F4,short,"gap -3% confirm, MOC, hold 10d",,y2026,2025,173.0,-221.3,-2.21,0.466,-202.68,11.7,10.0,-129.28,,,,,10.0,0.03,confirm,
F4_g6_any_k1_S,F4,short,"gap -6% any, MOC, hold 1d",,train,5568,1050.0,-244.8,-3.36,0.352,-234.22,5.3,1.0,-15.42,,,,,1.0,0.06,any,
F4_g6_any_k1_S,F4,short,"gap -6% any, MOC, hold 1d",,valid1,1295,334.0,-74.28,-2.6,0.409,-64.59,3.9,1.0,-35.15,,,,,1.0,0.06,any,
F4_g6_any_k1_S,F4,short,"gap -6% any, MOC, hold 1d",,valid2,2250,336.0,84.05,1.45,0.566,92.67,6.7,1.0,34.8,,,,,1.0,0.06,any,
F4_g6_any_k1_S,F4,short,"gap -6% any, MOC, hold 1d",,trainvalid1,6863,1384.0,-212.62,-3.32,0.363,-202.21,5.0,1.0,-19.14,,,,,1.0,0.06,any,
F4_g6_any_k1_S,F4,short,"gap -6% any, MOC, hold 1d",,all_open,9113,1720.0,-139.37,-2.32,0.413,-129.4,5.3,1.0,-5.82,,,,,1.0,0.06,any,
F4_g6_any_k1_S,F4,short,"gap -6% any, MOC, hold 1d",,month_up,1961,588.0,-51.18,-2.18,0.448,-40.72,3.3,1.0,-3.89,,,,,1.0,0.06,any,
F4_g6_any_k1_S,F4,short,"gap -6% any, MOC, hold 1d",,year_up,8009,1393.0,-155.96,-2.35,0.403,-145.94,5.7,1.0,-6.82,,,,,1.0,0.06,any,
F4_g6_any_k1_S,F4,short,"gap -6% any, MOC, hold 1d",,month_flat,2048,542.0,-54.6,-1.33,0.44,-44.68,3.8,1.0,-18.82,,,,,1.0,0.06,any,
F4_g6_any_k1_S,F4,short,"gap -6% any, MOC, hold 1d",,year_flat,0,,,,,,,,,,,,,1.0,0.06,any,
F4_g6_any_k1_S,F4,short,"gap -6% any, MOC, hold 1d",,month_down,5104,590.0,-207.28,-2.21,0.389,-197.47,8.7,1.0,-1.36,,,,,1.0,0.06,any,
F4_g6_any_k1_S,F4,short,"gap -6% any, MOC, hold 1d",,year_down,1104,327.0,-19.03,-0.62,0.486,-9.45,3.4,1.0,1.37,,,,,1.0,0.06,any,
F4_g6_any_k1_S,F4,short,"gap -6% any, MOC, hold 1d",,day_up,2342,573.0,-5.3,-0.18,0.485,4.31,4.1,1.0,14.0,,,,,1.0,0.06,any,
F4_g6_any_k1_S,F4,short,"gap -6% any, MOC, hold 1d",,day_flat,1752,552.0,8.17,0.47,0.509,17.7,3.2,1.0,21.17,,,,,1.0,0.06,any,
F4_g6_any_k1_S,F4,short,"gap -6% any, MOC, hold 1d",,day_down,5019,595.0,-253.44,-2.89,0.346,-243.15,8.4,1.0,-24.5,,,,,1.0,0.06,any,
F4_g6_any_k1_S,F4,short,"gap -6% any, MOC, hold 1d",,y2016,328,126.0,64.59,0.78,0.543,77.66,2.6,1.0,43.71,,,,,1.0,0.06,any,
F4_g6_any_k1_S,F4,short,"gap -6% any, MOC, hold 1d",,y2017,217,118.0,-43.7,-1.75,0.438,-32.99,1.8,1.0,-25.02,,,,,1.0,0.06,any,
F4_g6_any_k1_S,F4,short,"gap -6% any, MOC, hold 1d",,y2018,347,148.0,19.59,0.69,0.539,29.08,2.3,1.0,23.06,,,,,1.0,0.06,any,
F4_g6_any_k1_S,F4,short,"gap -6% any, MOC, hold 1d",,y2019,309,155.0,21.24,0.72,0.502,31.47,2.0,1.0,38.75,,,,,1.0,0.06,any,
F4_g6_any_k1_S,F4,short,"gap -6% any, MOC, hold 1d",,y2020,3123,159.0,-418.02,-5.48,0.25,-407.0,19.6,1.0,-23.67,,,,,1.0,0.06,any,
F4_g6_any_k1_S,F4,short,"gap -6% any, MOC, hold 1d",,y2021,487,165.0,-112.59,-2.59,0.439,-104.06,3.0,1.0,-70.45,,,,,1.0,0.06,any,
F4_g6_any_k1_S,F4,short,"gap -6% any, MOC, hold 1d",,y2022,757,179.0,-36.73,-0.86,0.462,-27.11,4.2,1.0,-8.57,,,,,1.0,0.06,any,
F4_g6_any_k1_S,F4,short,"gap -6% any, MOC, hold 1d",,y2023,525,172.0,-53.15,-1.96,0.444,-43.37,3.1,1.0,-24.06,,,,,1.0,0.06,any,
F4_g6_any_k1_S,F4,short,"gap -6% any, MOC, hold 1d",,y2024,770,162.0,-88.69,-2.12,0.386,-79.06,4.8,1.0,-42.71,,,,,1.0,0.06,any,
F4_g6_any_k1_S,F4,short,"gap -6% any, MOC, hold 1d",,y2025,1120,172.0,125.28,1.22,0.598,135.1,6.5,1.0,14.71,,,,,1.0,0.06,any,
F4_g6_any_k1_S,F4,short,"gap -6% any, MOC, hold 1d",,y2026,1130,164.0,43.18,1.22,0.535,50.62,6.9,1.0,54.7,,,,,1.0,0.06,any,
F4_g6_any_k5_S,F4,short,"gap -6% any, MOC, hold 5d",,train,4181,1036.0,1.8,0.02,0.514,17.11,4.0,5.0,-67.14,,,,,5.0,0.06,any,
F4_g6_any_k5_S,F4,short,"gap -6% any, MOC, hold 5d",,valid1,1226,329.0,-93.55,-1.39,0.453,-79.13,3.7,5.0,11.09,,,,,5.0,0.06,any,
F4_g6_any_k5_S,F4,short,"gap -6% any, MOC, hold 5d",,valid2,2079,330.0,-155.73,-2.44,0.454,-142.65,6.3,5.0,-108.41,,,,,5.0,0.06,any,
F4_g6_any_k5_S,F4,short,"gap -6% any, MOC, hold 5d",,trainvalid1,5407,1365.0,-19.82,-0.24,0.5,-4.71,4.0,5.0,-49.4,,,,,5.0,0.06,any,
F4_g6_any_k5_S,F4,short,"gap -6% any, MOC, hold 5d",,all_open,7486,1695.0,-57.57,-0.87,0.487,-43.02,4.4,5.0,-65.79,,,,,5.0,0.06,any,
F4_g6_any_k5_S,F4,short,"gap -6% any, MOC, hold 5d",,month_up,1868,579.0,-310.64,-4.92,0.396,-295.75,3.2,5.0,-107.1,,,,,5.0,0.06,any,
F4_g6_any_k5_S,F4,short,"gap -6% any, MOC, hold 5d",,year_up,6422,1371.0,-50.93,-0.67,0.489,-36.34,4.7,5.0,-68.42,,,,,5.0,0.06,any,
F4_g6_any_k5_S,F4,short,"gap -6% any, MOC, hold 5d",,month_flat,1941,536.0,-106.02,-1.96,0.449,-91.57,3.6,5.0,-7.61,,,,,5.0,0.06,any,
F4_g6_any_k5_S,F4,short,"gap -6% any, MOC, hold 5d",,year_flat,0,,,,,,,,,,,,,5.0,0.06,any,
F4_g6_any_k5_S,F4,short,"gap -6% any, MOC, hold 5d",,month_down,3677,580.0,96.58,1.08,0.553,111.0,6.3,5.0,-75.51,,,,,5.0,0.06,any,
F4_g6_any_k5_S,F4,short,"gap -6% any, MOC, hold 5d",,year_down,1064,324.0,-97.64,-1.31,0.476,-83.36,3.3,5.0,-49.89,,,,,5.0,0.06,any,
F4_g6_any_k5_S,F4,short,"gap -6% any, MOC, hold 5d",,y2016,325,124.0,-141.6,-1.9,0.443,-124.27,2.6,5.0,-32.29,,,,,5.0,0.06,any,
F4_g6_any_k5_S,F4,short,"gap -6% any, MOC, hold 5d",,y2017,215,117.0,-51.55,-1.02,0.47,-36.17,1.8,5.0,-1.52,,,,,5.0,0.06,any,
F4_g6_any_k5_S,F4,short,"gap -6% any, MOC, hold 5d",,y2018,343,148.0,-52.92,-1.03,0.469,-38.71,2.3,5.0,-26.63,,,,,5.0,0.06,any,
F4_g6_any_k5_S,F4,short,"gap -6% any, MOC, hold 5d",,y2019,306,155.0,30.69,0.48,0.516,45.45,2.0,5.0,98.21,,,,,5.0,0.06,any,
F4_g6_any_k5_S,F4,short,"gap -6% any, MOC, hold 5d",,y2020,1822,155.0,115.6,0.74,0.554,131.76,11.8,5.0,-115.31,,,,,5.0,0.06,any,
F4_g6_any_k5_S,F4,short,"gap -6% any, MOC, hold 5d",,y2021,449,161.0,-114.69,-1.11,0.512,-101.53,2.8,5.0,-81.87,,,,,5.0,0.06,any,
F4_g6_any_k5_S,F4,short,"gap -6% any, MOC, hold 5d",,y2022,721,176.0,-118.91,-1.11,0.479,-104.6,4.1,5.0,-60.95,,,,,5.0,0.06,any,
F4_g6_any_k5_S,F4,short,"gap -6% any, MOC, hold 5d",,y2023,517,171.0,-57.86,-0.75,0.48,-43.45,3.0,5.0,6.98,,,,,5.0,0.06,any,
F4_g6_any_k5_S,F4,short,"gap -6% any, MOC, hold 5d",,y2024,709,158.0,-119.58,-1.26,0.433,-105.15,4.5,5.0,14.09,,,,,5.0,0.06,any,
F4_g6_any_k5_S,F4,short,"gap -6% any, MOC, hold 5d",,y2025,990,171.0,-48.17,-0.8,0.474,-34.05,5.8,5.0,-30.77,,,,,5.0,0.06,any,
F4_g6_any_k5_S,F4,short,"gap -6% any, MOC, hold 5d",,y2026,1089,159.0,-253.52,-2.72,0.435,-241.38,6.8,5.0,-179.0,,,,,5.0,0.06,any,
F4_g6_any_k10_S,F4,short,"gap -6% any, MOC, hold 10d",,train,3761,1034.0,107.63,0.42,0.503,128.8,3.6,10.0,-4.42,,,,,10.0,0.06,any,
F4_g6_any_k10_S,F4,short,"gap -6% any, MOC, hold 10d",,valid1,1191,323.0,-317.69,-2.16,0.399,-297.47,3.7,10.0,-72.7,,,,,10.0,0.06,any,
F4_g6_any_k10_S,F4,short,"gap -6% any, MOC, hold 10d",,valid2,1940,317.0,-221.28,-2.03,0.439,-202.25,6.1,10.0,-107.83,,,,,10.0,0.06,any,
F4_g6_any_k10_S,F4,short,"gap -6% any, MOC, hold 10d",,trainvalid1,4952,1357.0,5.34,0.03,0.478,26.28,3.6,10.0,-20.84,,,,,10.0,0.06,any,
F4_g6_any_k10_S,F4,short,"gap -6% any, MOC, hold 10d",,all_open,6892,1674.0,-58.45,-0.36,0.467,-38.05,4.1,10.0,-45.33,,,,,10.0,0.06,any,
F4_g6_any_k10_S,F4,short,"gap -6% any, MOC, hold 10d",,month_up,1800,577.0,-497.27,-5.29,0.36,-476.54,3.1,10.0,-170.76,,,,,10.0,0.06,any,
F4_g6_any_k10_S,F4,short,"gap -6% any, MOC, hold 10d",,year_up,5846,1350.0,-51.85,-0.27,0.467,-31.4,4.3,10.0,-45.24,,,,,10.0,0.06,any,
F4_g6_any_k10_S,F4,short,"gap -6% any, MOC, hold 10d",,month_flat,1896,530.0,-186.46,-1.7,0.442,-166.08,3.6,10.0,-22.73,,,,,10.0,0.06,any,
F4_g6_any_k10_S,F4,short,"gap -6% any, MOC, hold 10d",,year_flat,0,,,,,,,,,,,,,10.0,0.06,any,
F4_g6_any_k10_S,F4,short,"gap -6% any, MOC, hold 10d",,month_down,3196,567.0,264.62,1.03,0.542,284.87,5.6,10.0,11.92,,,,,10.0,0.06,any,
F4_g6_any_k10_S,F4,short,"gap -6% any, MOC, hold 10d",,year_down,1046,324.0,-95.36,-0.91,0.467,-75.19,3.2,10.0,-45.79,,,,,10.0,0.06,any,
F4_g6_any_k10_S,F4,short,"gap -6% any, MOC, hold 10d",,y2016,320,125.0,-238.24,-1.59,0.406,-214.61,2.6,10.0,-33.07,,,,,10.0,0.06,any,
F4_g6_any_k10_S,F4,short,"gap -6% any, MOC, hold 10d",,y2017,213,116.0,-126.42,-2.01,0.441,-105.23,1.8,10.0,-43.67,,,,,10.0,0.06,any,
F4_g6_any_k10_S,F4,short,"gap -6% any, MOC, hold 10d",,y2018,339,148.0,-73.19,-1.45,0.416,-53.06,2.3,10.0,-18.76,,,,,10.0,0.06,any,
F4_g6_any_k10_S,F4,short,"gap -6% any, MOC, hold 10d",,y2019,305,155.0,-19.19,-0.16,0.508,1.42,2.0,10.0,93.61,,,,,10.0,0.06,any,
F4_g6_any_k10_S,F4,short,"gap -6% any, MOC, hold 10d",,y2020,1450,154.0,450.87,0.93,0.561,472.96,9.4,10.0,17.73,,,,,10.0,0.06,any,
F4_g6_any_k10_S,F4,short,"gap -6% any, MOC, hold 10d",,y2021,427,160.0,-94.12,-0.8,0.489,-75.1,2.7,10.0,-7.23,,,,,10.0,0.06,any,
F4_g6_any_k10_S,F4,short,"gap -6% any, MOC, hold 10d",,y2022,707,176.0,-106.0,-0.69,0.491,-85.8,4.0,10.0,-58.76,,,,,10.0,0.06,any,
F4_g6_any_k10_S,F4,short,"gap -6% any, MOC, hold 10d",,y2023,510,171.0,-170.12,-1.22,0.463,-149.94,3.0,10.0,-52.02,,,,,10.0,0.06,any,
F4_g6_any_k10_S,F4,short,"gap -6% any, MOC, hold 10d",,y2024,681,152.0,-428.21,-2.09,0.351,-407.95,4.5,10.0,-88.2,,,,,10.0,0.06,any,
F4_g6_any_k10_S,F4,short,"gap -6% any, MOC, hold 10d",,y2025,951,165.0,-243.49,-1.71,0.413,-223.55,5.8,10.0,-122.3,,,,,10.0,0.06,any,
F4_g6_any_k10_S,F4,short,"gap -6% any, MOC, hold 10d",,y2026,989,152.0,-199.93,-1.21,0.464,-181.77,6.5,10.0,-93.91,,,,,10.0,0.06,any,
F4_g6_confirm_k1_S,F4,short,"gap -6% confirm, MOC, hold 1d",,train,3130,739.0,-322.19,-3.58,0.31,-311.35,4.2,1.0,-54.03,,,,,1.0,0.06,confirm,
F4_g6_confirm_k1_S,F4,short,"gap -6% confirm, MOC, hold 1d",,valid1,545,247.0,-39.72,-1.51,0.45,-30.22,2.2,1.0,-23.11,,,,,1.0,0.06,confirm,
F4_g6_confirm_k1_S,F4,short,"gap -6% confirm, MOC, hold 1d",,valid2,1113,260.0,102.56,1.23,0.565,110.87,4.3,1.0,35.51,,,,,1.0,0.06,confirm,
F4_g6_confirm_k1_S,F4,short,"gap -6% confirm, MOC, hold 1d",,trainvalid1,3675,986.0,-280.3,-3.34,0.331,-269.66,3.7,1.0,-49.44,,,,,1.0,0.06,confirm,
F4_g6_confirm_k1_S,F4,short,"gap -6% confirm, MOC, hold 1d",,all_open,4788,1246.0,-191.31,-2.32,0.385,-181.2,3.8,1.0,-29.7,,,,,1.0,0.06,confirm,
F4_g6_confirm_k1_S,F4,short,"gap -6% confirm, MOC, hold 1d",,month_up,951,410.0,-56.56,-2.19,0.425,-45.9,2.3,1.0,3.69,,,,,1.0,0.06,confirm,
F4_g6_confirm_k1_S,F4,short,"gap -6% confirm, MOC, hold 1d",,year_up,4271,1012.0,-210.45,-2.34,0.372,-200.31,4.2,1.0,-30.95,,,,,1.0,0.06,confirm,
F4_g6_confirm_k1_S,F4,short,"gap -6% confirm, MOC, hold 1d",,month_flat,1008,398.0,-43.38,-0.8,0.463,-33.35,2.5,1.0,-15.17,,,,,1.0,0.06,confirm,
F4_g6_confirm_k1_S,F4,short,"gap -6% confirm, MOC, hold 1d",,year_flat,0,,,,,,,,,,,,,1.0,0.06,confirm,
F4_g6_confirm_k1_S,F4,short,"gap -6% confirm, MOC, hold 1d",,month_down,2829,438.0,-289.31,-2.42,0.344,-279.37,6.5,1.0,-46.1,,,,,1.0,0.06,confirm,
F4_g6_confirm_k1_S,F4,short,"gap -6% confirm, MOC, hold 1d",,year_down,517,234.0,-33.19,-0.92,0.491,-23.37,2.2,1.0,-19.32,,,,,1.0,0.06,confirm,
F4_g6_confirm_k1_S,F4,short,"gap -6% confirm, MOC, hold 1d",,day_up,730,371.0,-25.69,-0.87,0.489,-16.78,2.0,1.0,-10.11,,,,,1.0,0.06,confirm,
F4_g6_confirm_k1_S,F4,short,"gap -6% confirm, MOC, hold 1d",,day_flat,897,396.0,13.68,0.65,0.494,23.33,2.3,1.0,32.2,,,,,1.0,0.06,confirm,
F4_g6_confirm_k1_S,F4,short,"gap -6% confirm, MOC, hold 1d",,day_down,3161,479.0,-287.72,-2.67,0.33,-277.21,6.6,1.0,-51.78,,,,,1.0,0.06,confirm,
F4_g6_confirm_k1_S,F4,short,"gap -6% confirm, MOC, hold 1d",,y2016,169,88.0,98.98,0.91,0.574,112.17,1.9,1.0,58.13,,,,,1.0,0.06,confirm,
F4_g6_confirm_k1_S,F4,short,"gap -6% confirm, MOC, hold 1d",,y2017,117,83.0,-17.05,-0.56,0.453,-5.64,1.4,1.0,2.68,,,,,1.0,0.06,confirm,
F4_g6_confirm_k1_S,F4,short,"gap -6% confirm, MOC, hold 1d",,y2018,168,103.0,19.34,0.45,0.524,29.27,1.6,1.0,19.51,,,,,1.0,0.06,confirm,
F4_g6_confirm_k1_S,F4,short,"gap -6% confirm, MOC, hold 1d",,y2019,154,95.0,15.66,0.35,0.487,25.89,1.6,1.0,43.34,,,,,1.0,0.06,confirm,
F4_g6_confirm_k1_S,F4,short,"gap -6% confirm, MOC, hold 1d",,y2020,1929,114.0,-503.64,-5.41,0.199,-492.47,16.9,1.0,-77.67,,,,,1.0,0.06,confirm,
F4_g6_confirm_k1_S,F4,short,"gap -6% confirm, MOC, hold 1d",,y2021,244,125.0,-151.35,-2.91,0.439,-142.42,2.0,1.0,-107.02,,,,,1.0,0.06,confirm,
F4_g6_confirm_k1_S,F4,short,"gap -6% confirm, MOC, hold 1d",,y2022,349,131.0,-58.48,-1.2,0.476,-48.7,2.7,1.0,-38.02,,,,,1.0,0.06,confirm,
F4_g6_confirm_k1_S,F4,short,"gap -6% confirm, MOC, hold 1d",,y2023,247,120.0,-68.57,-2.1,0.445,-58.76,2.1,1.0,-41.34,,,,,1.0,0.06,confirm,
F4_g6_confirm_k1_S,F4,short,"gap -6% confirm, MOC, hold 1d",,y2024,298,127.0,-15.81,-0.4,0.453,-6.55,2.3,1.0,-8.0,,,,,1.0,0.06,confirm,
F4_g6_confirm_k1_S,F4,short,"gap -6% confirm, MOC, hold 1d",,y2025,567,135.0,153.75,1.08,0.601,162.88,4.2,1.0,6.24,,,,,1.0,0.06,confirm,
F4_g6_confirm_k1_S,F4,short,"gap -6% confirm, MOC, hold 1d",,y2026,546,125.0,49.39,1.07,0.527,56.86,4.4,1.0,65.9,,,,,1.0,0.06,confirm,
F4_g6_confirm_k5_S,F4,short,"gap -6% confirm, MOC, hold 5d",,train,2430,733.0,64.41,0.4,0.538,80.07,3.3,5.0,-83.76,,,,,5.0,0.06,confirm,
F4_g6_confirm_k5_S,F4,short,"gap -6% confirm, MOC, hold 5d",,valid1,522,244.0,-83.06,-1.45,0.469,-68.74,2.1,5.0,-18.61,,,,,5.0,0.06,confirm,
F4_g6_confirm_k5_S,F4,short,"gap -6% confirm, MOC, hold 5d",,valid2,1080,257.0,-179.24,-2.26,0.449,-166.22,4.2,5.0,-159.77,,,,,5.0,0.06,confirm,
F4_g6_confirm_k5_S,F4,short,"gap -6% confirm, MOC, hold 5d",,trainvalid1,2952,977.0,38.34,0.28,0.526,53.75,3.0,5.0,-72.23,,,,,5.0,0.06,confirm,
F4_g6_confirm_k5_S,F4,short,"gap -6% confirm, MOC, hold 5d",,all_open,4032,1234.0,-19.94,-0.17,0.505,-5.17,3.3,5.0,-95.68,,,,,5.0,0.06,confirm,
F4_g6_confirm_k5_S,F4,short,"gap -6% confirm, MOC, hold 5d",,month_up,924,407.0,-379.88,-3.42,0.376,-364.74,2.3,5.0,-130.63,,,,,5.0,0.06,confirm,
F4_g6_confirm_k5_S,F4,short,"gap -6% confirm, MOC, hold 5d",,year_up,3528,1002.0,-3.27,-0.03,0.51,11.55,3.5,5.0,-97.38,,,,,5.0,0.06,confirm,
F4_g6_confirm_k5_S,F4,short,"gap -6% confirm, MOC, hold 5d",,month_flat,990,393.0,-117.13,-2.01,0.453,-102.51,2.5,5.0,-17.29,,,,,5.0,0.06,confirm,
F4_g6_confirm_k5_S,F4,short,"gap -6% confirm, MOC, hold 5d",,year_flat,0,,,,,,,,,,,,,5.0,0.06,confirm,
F4_g6_confirm_k5_S,F4,short,"gap -6% confirm, MOC, hold 5d",,month_down,2118,434.0,182.51,1.33,0.586,197.2,4.9,5.0,-117.08,,,,,5.0,0.06,confirm,
F4_g6_confirm_k5_S,F4,short,"gap -6% confirm, MOC, hold 5d",,year_down,504,232.0,-136.66,-1.36,0.474,-122.22,2.2,5.0,-83.82,,,,,5.0,0.06,confirm,
F4_g6_confirm_k5_S,F4,short,"gap -6% confirm, MOC, hold 5d",,y2016,168,87.0,-77.58,-1.37,0.512,-60.05,1.9,5.0,32.73,,,,,5.0,0.06,confirm,
F4_g6_confirm_k5_S,F4,short,"gap -6% confirm, MOC, hold 5d",,y2017,117,83.0,-109.76,-1.73,0.453,-93.63,1.4,5.0,-50.91,,,,,5.0,0.06,confirm,
F4_g6_confirm_k5_S,F4,short,"gap -6% confirm, MOC, hold 5d",,y2018,166,102.0,-1.58,-0.03,0.482,12.91,1.6,5.0,-0.65,,,,,5.0,0.06,confirm,
F4_g6_confirm_k5_S,F4,short,"gap -6% confirm, MOC, hold 5d",,y2019,154,95.0,-10.85,-0.16,0.513,4.05,1.6,5.0,81.61,,,,,5.0,0.06,confirm,
F4_g6_confirm_k5_S,F4,short,"gap -6% confirm, MOC, hold 5d",,y2020,1252,112.0,217.46,0.99,0.577,233.78,11.2,5.0,-130.66,,,,,5.0,0.06,confirm,
F4_g6_confirm_k5_S,F4,short,"gap -6% confirm, MOC, hold 5d",,y2021,235,124.0,-82.14,-0.77,0.54,-68.53,1.9,5.0,-41.7,,,,,5.0,0.06,confirm,
F4_g6_confirm_k5_S,F4,short,"gap -6% confirm, MOC, hold 5d",,y2022,338,130.0,-203.01,-1.4,0.47,-188.59,2.6,5.0,-124.66,,,,,5.0,0.06,confirm,
F4_g6_confirm_k5_S,F4,short,"gap -6% confirm, MOC, hold 5d",,y2023,244,120.0,-95.77,-1.0,0.484,-81.28,2.0,5.0,-49.16,,,,,5.0,0.06,confirm,
F4_g6_confirm_k5_S,F4,short,"gap -6% confirm, MOC, hold 5d",,y2024,278,124.0,-71.91,-1.08,0.457,-57.74,2.2,5.0,8.21,,,,,5.0,0.06,confirm,
F4_g6_confirm_k5_S,F4,short,"gap -6% confirm, MOC, hold 5d",,y2025,552,134.0,-50.36,-0.96,0.475,-36.54,4.1,5.0,-78.02,,,,,5.0,0.06,confirm,
F4_g6_confirm_k5_S,F4,short,"gap -6% confirm, MOC, hold 5d",,y2026,528,123.0,-313.98,-2.61,0.422,-301.8,4.3,5.0,-245.25,,,,,5.0,0.06,confirm,
F4_g6_confirm_k10_S,F4,short,"gap -6% confirm, MOC, hold 10d",,train,2240,728.0,105.16,0.43,0.483,126.61,3.1,10.0,7.25,,,,,10.0,0.06,confirm,
F4_g6_confirm_k10_S,F4,short,"gap -6% confirm, MOC, hold 10d",,valid1,513,241.0,-169.67,-1.86,0.47,-149.46,2.1,10.0,-40.74,,,,,10.0,0.06,confirm,
F4_g6_confirm_k10_S,F4,short,"gap -6% confirm, MOC, hold 10d",,valid2,1042,248.0,-185.25,-1.72,0.45,-166.26,4.2,10.0,-109.73,,,,,10.0,0.06,confirm,
F4_g6_confirm_k10_S,F4,short,"gap -6% confirm, MOC, hold 10d",,trainvalid1,2753,969.0,53.95,0.26,0.481,75.17,2.8,10.0,-1.69,,,,,10.0,0.06,confirm,
F4_g6_confirm_k10_S,F4,short,"gap -6% confirm, MOC, hold 10d",,all_open,3795,1217.0,-11.73,-0.07,0.472,8.88,3.1,10.0,-31.36,,,,,10.0,0.06,confirm,
F4_g6_confirm_k10_S,F4,short,"gap -6% confirm, MOC, hold 10d",,month_up,903,404.0,-464.73,-4.08,0.361,-443.77,2.2,10.0,-124.26,,,,,10.0,0.06,confirm,
F4_g6_confirm_k10_S,F4,short,"gap -6% confirm, MOC, hold 10d",,year_up,3295,985.0,14.29,0.08,0.48,34.93,3.3,10.0,-17.12,,,,,10.0,0.06,confirm,
F4_g6_confirm_k10_S,F4,short,"gap -6% confirm, MOC, hold 10d",,month_flat,978,389.0,-122.17,-1.86,0.471,-101.53,2.5,10.0,-5.74,,,,,10.0,0.06,confirm,
F4_g6_confirm_k10_S,F4,short,"gap -6% confirm, MOC, hold 10d",,year_flat,0,,,,,,,,,,,,,10.0,0.06,confirm,
F4_g6_confirm_k10_S,F4,short,"gap -6% confirm, MOC, hold 10d",,month_down,1914,424.0,258.42,1.14,0.525,278.85,4.5,10.0,-0.61,,,,,10.0,0.06,confirm,
F4_g6_confirm_k10_S,F4,short,"gap -6% confirm, MOC, hold 10d",,year_down,500,232.0,-183.22,-1.25,0.424,-162.79,2.2,10.0,-125.17,,,,,10.0,0.06,confirm,
F4_g6_confirm_k10_S,F4,short,"gap -6% confirm, MOC, hold 10d",,y2016,166,87.0,-167.45,-1.6,0.416,-143.51,1.9,10.0,31.28,,,,,10.0,0.06,confirm,
F4_g6_confirm_k10_S,F4,short,"gap -6% confirm, MOC, hold 10d",,y2017,116,82.0,-178.24,-2.54,0.431,-156.33,1.4,10.0,-85.69,,,,,10.0,0.06,confirm,
F4_g6_confirm_k10_S,F4,short,"gap -6% confirm, MOC, hold 10d",,y2018,166,102.0,-16.16,-0.16,0.428,4.36,1.6,10.0,7.17,,,,,10.0,0.06,confirm,
F4_g6_confirm_k10_S,F4,short,"gap -6% confirm, MOC, hold 10d",,y2019,154,95.0,-168.29,-0.98,0.461,-147.56,1.6,10.0,-23.25,,,,,10.0,0.06,confirm,
F4_g6_confirm_k10_S,F4,short,"gap -6% confirm, MOC, hold 10d",,y2020,1075,109.0,377.9,1.08,0.529,399.9,9.9,10.0,65.66,,,,,10.0,0.06,confirm,
F4_g6_confirm_k10_S,F4,short,"gap -6% confirm, MOC, hold 10d",,y2021,229,123.0,-20.44,-0.16,0.485,-0.89,1.9,10.0,72.39,,,,,10.0,0.06,confirm,
F4_g6_confirm_k10_S,F4,short,"gap -6% confirm, MOC, hold 10d",,y2022,334,130.0,-266.25,-1.27,0.422,-245.86,2.6,10.0,-190.95,,,,,10.0,0.06,confirm,
F4_g6_confirm_k10_S,F4,short,"gap -6% confirm, MOC, hold 10d",,y2023,244,120.0,-220.4,-1.32,0.496,-200.09,2.0,10.0,-138.02,,,,,10.0,0.06,confirm,
F4_g6_confirm_k10_S,F4,short,"gap -6% confirm, MOC, hold 10d",,y2024,269,121.0,-123.65,-1.47,0.446,-103.54,2.2,10.0,47.5,,,,,10.0,0.06,confirm,
F4_g6_confirm_k10_S,F4,short,"gap -6% confirm, MOC, hold 10d",,y2025,543,132.0,-147.9,-1.23,0.448,-128.15,4.1,10.0,-76.6,,,,,10.0,0.06,confirm,
F4_g6_confirm_k10_S,F4,short,"gap -6% confirm, MOC, hold 10d",,y2026,499,116.0,-225.89,-1.27,0.453,-207.74,4.3,10.0,-145.79,,,,,10.0,0.06,confirm,
F5_TOM_SPY,F5,long,SPY turn of month (MOC -2 -> MOC +3),TOM,train,84,84.0,24.56,1.14,0.595,27.32,1.0,4.0,,,,,,,,,SPY
F5_TOM_SPY,F5,long,SPY turn of month (MOC -2 -> MOC +3),TOM,valid1,21,21.0,8.6,0.21,0.571,11.05,1.0,4.0,,,,,,,,,SPY
F5_TOM_SPY,F5,long,SPY turn of month (MOC -2 -> MOC +3),TOM,valid2,19,19.0,66.28,1.72,0.684,68.58,1.0,4.0,,,,,,,,,SPY
F5_TOM_SPY,F5,long,SPY turn of month (MOC -2 -> MOC +3),TOM,trainvalid1,105,105.0,21.37,1.12,0.59,24.07,1.0,4.0,,,,,,,,,SPY
F5_TOM_SPY,F5,long,SPY turn of month (MOC -2 -> MOC +3),TOM,all_open,124,124.0,28.25,1.64,0.605,30.89,1.0,4.0,,,,,,,,,SPY
F5_TOM_SPY,F5,long,SPY turn of month (MOC -2 -> MOC +3),TOM,month_up,42,42.0,15.36,0.52,0.595,17.96,1.0,4.0,,,,,,,,,SPY
F5_TOM_SPY,F5,long,SPY turn of month (MOC -2 -> MOC +3),TOM,year_up,100,100.0,39.21,2.12,0.62,41.84,1.0,4.0,,,,,,,,,SPY
F5_TOM_SPY,F5,long,SPY turn of month (MOC -2 -> MOC +3),TOM,month_flat,41,41.0,-7.54,-0.3,0.537,-4.84,1.0,4.0,,,,,,,,,SPY
F5_TOM_SPY,F5,long,SPY turn of month (MOC -2 -> MOC +3),TOM,year_flat,0,,,,,,,,,,,,,,,,SPY
F5_TOM_SPY,F5,long,SPY turn of month (MOC -2 -> MOC +3),TOM,month_down,41,41.0,77.24,2.33,0.683,79.85,1.0,4.0,,,,,,,,,SPY
F5_TOM_SPY,F5,long,SPY turn of month (MOC -2 -> MOC +3),TOM,year_down,24,24.0,-17.42,-0.4,0.542,-14.75,1.0,4.0,,,,,,,,,SPY
F5_TOM_SPY,F5,long,SPY turn of month (MOC -2 -> MOC +3),TOM,y2016,12,12.0,20.15,0.62,0.5,23.26,1.0,4.0,,,,,,,,,SPY
F5_TOM_SPY,F5,long,SPY turn of month (MOC -2 -> MOC +3),TOM,y2017,12,12.0,39.3,2.33,0.75,42.24,1.0,4.0,,,,,,,,,SPY
F5_TOM_SPY,F5,long,SPY turn of month (MOC -2 -> MOC +3),TOM,y2018,12,12.0,-18.69,-0.29,0.583,-15.86,1.0,4.0,,,,,,,,,SPY
F5_TOM_SPY,F5,long,SPY turn of month (MOC -2 -> MOC +3),TOM,y2019,12,12.0,23.23,0.37,0.667,25.99,1.0,4.0,,,,,,,,,SPY
F5_TOM_SPY,F5,long,SPY turn of month (MOC -2 -> MOC +3),TOM,y2020,12,12.0,120.33,1.44,0.75,123.01,1.0,4.0,,,,,,,,,SPY
F5_TOM_SPY,F5,long,SPY turn of month (MOC -2 -> MOC +3),TOM,y2021,12,12.0,3.74,0.09,0.417,6.24,1.0,4.0,,,,,,,,,SPY
F5_TOM_SPY,F5,long,SPY turn of month (MOC -2 -> MOC +3),TOM,y2022,12,12.0,-16.16,-0.27,0.5,-13.63,1.0,4.0,,,,,,,,,SPY
F5_TOM_SPY,F5,long,SPY turn of month (MOC -2 -> MOC +3),TOM,y2023,12,12.0,45.71,0.83,0.583,48.19,1.0,4.0,,,,,,,,,SPY
F5_TOM_SPY,F5,long,SPY turn of month (MOC -2 -> MOC +3),TOM,y2024,9,9.0,-40.87,-0.68,0.556,-38.48,1.0,4.0,,,,,,,,,SPY
F5_TOM_SPY,F5,long,SPY turn of month (MOC -2 -> MOC +3),TOM,y2025,10,10.0,15.39,0.34,0.7,17.71,1.0,4.0,,,,,,,,,SPY
F5_TOM_SPY,F5,long,SPY turn of month (MOC -2 -> MOC +3),TOM,y2026,9,9.0,122.81,2.12,0.667,125.09,1.0,4.0,,,,,,,,,SPY
F5_DOW_Mon_SPY,F5,long,SPY close-to-close ending Mon,DOW_Mon,train,327,327.0,0.34,0.05,0.554,3.11,1.0,1.0,,,,,,,,,SPY
F5_DOW_Mon_SPY,F5,long,SPY close-to-close ending Mon,DOW_Mon,valid1,84,84.0,18.6,2.73,0.69,21.04,1.0,1.0,,,,,,,,,SPY
F5_DOW_Mon_SPY,F5,long,SPY close-to-close ending Mon,DOW_Mon,valid2,77,77.0,27.28,2.71,0.623,29.59,1.0,1.0,,,,,,,,,SPY
F5_DOW_Mon_SPY,F5,long,SPY close-to-close ending Mon,DOW_Mon,trainvalid1,411,411.0,4.07,0.69,0.582,6.77,1.0,1.0,,,,,,,,,SPY
F5_DOW_Mon_SPY,F5,long,SPY close-to-close ending Mon,DOW_Mon,all_open,488,488.0,7.74,1.47,0.588,10.37,1.0,1.0,,,,,,,,,SPY
F5_DOW_Mon_SPY,F5,long,SPY close-to-close ending Mon,DOW_Mon,month_up,169,169.0,18.0,2.54,0.621,20.61,1.0,1.0,,,,,,,,,SPY
F5_DOW_Mon_SPY,F5,long,SPY close-to-close ending Mon,DOW_Mon,year_up,396,396.0,13.42,2.37,0.614,16.05,1.0,1.0,,,,,,,,,SPY
F5_DOW_Mon_SPY,F5,long,SPY close-to-close ending Mon,DOW_Mon,month_flat,158,158.0,14.81,2.46,0.627,17.51,1.0,1.0,,,,,,,,,SPY
F5_DOW_Mon_SPY,F5,long,SPY close-to-close ending Mon,DOW_Mon,year_flat,0,,,,,,,,,,,,,,,,SPY
F5_DOW_Mon_SPY,F5,long,SPY close-to-close ending Mon,DOW_Mon,month_down,161,161.0,-9.98,-0.79,0.516,-7.37,1.0,1.0,,,,,,,,,SPY
F5_DOW_Mon_SPY,F5,long,SPY close-to-close ending Mon,DOW_Mon,year_down,92,92.0,-16.74,-1.26,0.478,-14.06,1.0,1.0,,,,,,,,,SPY
F5_DOW_Mon_SPY,F5,long,SPY close-to-close ending Mon,DOW_Mon,day_up,174,174.0,3.25,0.32,0.575,5.87,1.0,1.0,,,,,,,,,SPY
F5_DOW_Mon_SPY,F5,long,SPY close-to-close ending Mon,DOW_Mon,day_flat,156,156.0,15.17,3.01,0.628,17.84,1.0,1.0,,,,,,,,,SPY
F5_DOW_Mon_SPY,F5,long,SPY close-to-close ending Mon,DOW_Mon,day_down,156,156.0,6.36,0.59,0.564,8.97,1.0,1.0,,,,,,,,,SPY
F5_DOW_Mon_SPY,F5,long,SPY close-to-close ending Mon,DOW_Mon,y2016,45,45.0,4.47,0.41,0.511,7.59,1.0,1.0,,,,,,,,,SPY
F5_DOW_Mon_SPY,F5,long,SPY close-to-close ending Mon,DOW_Mon,y2017,46,46.0,10.45,1.85,0.565,13.39,1.0,1.0,,,,,,,,,SPY
F5_DOW_Mon_SPY,F5,long,SPY close-to-close ending Mon,DOW_Mon,y2018,48,48.0,-11.23,-0.66,0.542,-8.4,1.0,1.0,,,,,,,,,SPY
F5_DOW_Mon_SPY,F5,long,SPY close-to-close ending Mon,DOW_Mon,y2019,48,48.0,-3.62,-0.32,0.562,-0.85,1.0,1.0,,,,,,,,,SPY
F5_DOW_Mon_SPY,F5,long,SPY close-to-close ending Mon,DOW_Mon,y2020,49,49.0,10.12,0.28,0.653,12.81,1.0,1.0,,,,,,,,,SPY
F5_DOW_Mon_SPY,F5,long,SPY close-to-close ending Mon,DOW_Mon,y2021,47,47.0,13.78,1.12,0.617,16.28,1.0,1.0,,,,,,,,,SPY
F5_DOW_Mon_SPY,F5,long,SPY close-to-close ending Mon,DOW_Mon,y2022,44,44.0,-22.76,-1.11,0.409,-20.24,1.0,1.0,,,,,,,,,SPY
F5_DOW_Mon_SPY,F5,long,SPY close-to-close ending Mon,DOW_Mon,y2023,45,45.0,25.17,3.38,0.733,27.66,1.0,1.0,,,,,,,,,SPY
F5_DOW_Mon_SPY,F5,long,SPY close-to-close ending Mon,DOW_Mon,y2024,39,39.0,11.01,0.94,0.641,13.4,1.0,1.0,,,,,,,,,SPY
F5_DOW_Mon_SPY,F5,long,SPY close-to-close ending Mon,DOW_Mon,y2025,41,41.0,28.62,1.79,0.659,30.94,1.0,1.0,,,,,,,,,SPY
F5_DOW_Mon_SPY,F5,long,SPY close-to-close ending Mon,DOW_Mon,y2026,36,36.0,25.77,2.23,0.583,28.05,1.0,1.0,,,,,,,,,SPY
F5_DOW_Tue_SPY,F5,long,SPY close-to-close ending Tue,DOW_Tue,train,363,363.0,5.66,0.96,0.501,8.43,1.0,1.0,,,,,,,,,SPY
F5_DOW_Tue_SPY,F5,long,SPY close-to-close ending Tue,DOW_Tue,valid1,94,94.0,-1.67,-0.2,0.532,0.77,1.0,1.0,,,,,,,,,SPY
F5_DOW_Tue_SPY,F5,long,SPY close-to-close ending Tue,DOW_Tue,valid2,84,84.0,-2.18,-0.24,0.429,0.12,1.0,1.0,,,,,,,,,SPY
F5_DOW_Tue_SPY,F5,long,SPY close-to-close ending Tue,DOW_Tue,trainvalid1,457,457.0,4.15,0.84,0.508,6.85,1.0,1.0,,,,,,,,,SPY
F5_DOW_Tue_SPY,F5,long,SPY close-to-close ending Tue,DOW_Tue,all_open,541,541.0,3.17,0.72,0.495,5.81,1.0,1.0,,,,,,,,,SPY
F5_DOW_Tue_SPY,F5,long,SPY close-to-close ending Tue,DOW_Tue,month_up,177,177.0,22.13,3.38,0.599,24.74,1.0,1.0,,,,,,,,,SPY
F5_DOW_Tue_SPY,F5,long,SPY close-to-close ending Tue,DOW_Tue,year_up,438,438.0,4.49,0.95,0.495,7.12,1.0,1.0,,,,,,,,,SPY
F5_DOW_Tue_SPY,F5,long,SPY close-to-close ending Tue,DOW_Tue,month_flat,181,181.0,0.97,0.19,0.503,3.67,1.0,1.0,,,,,,,,,SPY
F5_DOW_Tue_SPY,F5,long,SPY close-to-close ending Tue,DOW_Tue,year_flat,0,,,,,,,,,,,,,,,,SPY
F5_DOW_Tue_SPY,F5,long,SPY close-to-close ending Tue,DOW_Tue,month_down,183,183.0,-12.99,-1.29,0.388,-10.39,1.0,1.0,,,,,,,,,SPY
F5_DOW_Tue_SPY,F5,long,SPY close-to-close ending Tue,DOW_Tue,year_down,103,103.0,-2.45,-0.21,0.495,0.22,1.0,1.0,,,,,,,,,SPY
F5_DOW_Tue_SPY,F5,long,SPY close-to-close ending Tue,DOW_Tue,day_up,183,183.0,-6.6,-0.9,0.492,-3.99,1.0,1.0,,,,,,,,,SPY
F5_DOW_Tue_SPY,F5,long,SPY close-to-close ending Tue,DOW_Tue,day_flat,196,196.0,-0.71,-0.13,0.495,1.96,1.0,1.0,,,,,,,,,SPY
F5_DOW_Tue_SPY,F5,long,SPY close-to-close ending Tue,DOW_Tue,day_down,159,159.0,18.62,1.79,0.491,21.24,1.0,1.0,,,,,,,,,SPY
F5_DOW_Tue_SPY,F5,long,SPY close-to-close ending Tue,DOW_Tue,y2016,53,53.0,8.78,0.76,0.585,11.9,1.0,1.0,,,,,,,,,SPY
F5_DOW_Tue_SPY,F5,long,SPY close-to-close ending Tue,DOW_Tue,y2017,51,51.0,1.29,0.22,0.51,4.23,1.0,1.0,,,,,,,,,SPY
F5_DOW_Tue_SPY,F5,long,SPY close-to-close ending Tue,DOW_Tue,y2018,50,50.0,-3.18,-0.24,0.54,-0.36,1.0,1.0,,,,,,,,,SPY
F5_DOW_Tue_SPY,F5,long,SPY close-to-close ending Tue,DOW_Tue,y2019,52,52.0,4.7,0.44,0.5,7.46,1.0,1.0,,,,,,,,,SPY
F5_DOW_Tue_SPY,F5,long,SPY close-to-close ending Tue,DOW_Tue,y2020,52,52.0,31.09,1.15,0.538,33.78,1.0,1.0,,,,,,,,,SPY
F5_DOW_Tue_SPY,F5,long,SPY close-to-close ending Tue,DOW_Tue,y2021,52,52.0,-1.62,-0.15,0.385,0.88,1.0,1.0,,,,,,,,,SPY
F5_DOW_Tue_SPY,F5,long,SPY close-to-close ending Tue,DOW_Tue,y2022,53,53.0,-1.76,-0.09,0.453,0.76,1.0,1.0,,,,,,,,,SPY
F5_DOW_Tue_SPY,F5,long,SPY close-to-close ending Tue,DOW_Tue,y2023,51,51.0,-2.63,-0.22,0.471,-0.15,1.0,1.0,,,,,,,,,SPY
F5_DOW_Tue_SPY,F5,long,SPY close-to-close ending Tue,DOW_Tue,y2024,43,43.0,-0.52,-0.05,0.605,1.87,1.0,1.0,,,,,,,,,SPY
F5_DOW_Tue_SPY,F5,long,SPY close-to-close ending Tue,DOW_Tue,y2025,44,44.0,-3.02,-0.25,0.409,-0.69,1.0,1.0,,,,,,,,,SPY
F5_DOW_Tue_SPY,F5,long,SPY close-to-close ending Tue,DOW_Tue,y2026,40,40.0,-1.26,-0.09,0.45,1.01,1.0,1.0,,,,,,,,,SPY
F5_DOW_Wed_SPY,F5,long,SPY close-to-close ending Wed,DOW_Wed,train,361,361.0,5.13,0.84,0.554,7.89,1.0,1.0,,,,,,,,,SPY
F5_DOW_Wed_SPY,F5,long,SPY close-to-close ending Wed,DOW_Wed,valid1,95,95.0,-6.08,-0.74,0.495,-3.63,1.0,1.0,,,,,,,,,SPY
F5_DOW_Wed_SPY,F5,long,SPY close-to-close ending Wed,DOW_Wed,valid2,84,84.0,18.92,1.28,0.548,21.22,1.0,1.0,,,,,,,,,SPY
F5_DOW_Wed_SPY,F5,long,SPY close-to-close ending Wed,DOW_Wed,trainvalid1,456,456.0,2.79,0.54,0.542,5.49,1.0,1.0,,,,,,,,,SPY
F5_DOW_Wed_SPY,F5,long,SPY close-to-close ending Wed,DOW_Wed,all_open,540,540.0,5.3,1.08,0.543,7.94,1.0,1.0,,,,,,,,,SPY
F5_DOW_Wed_SPY,F5,long,SPY close-to-close ending Wed,DOW_Wed,month_up,177,177.0,22.34,3.24,0.593,24.96,1.0,1.0,,,,,,,,,SPY
F5_DOW_Wed_SPY,F5,long,SPY close-to-close ending Wed,DOW_Wed,year_up,437,437.0,4.93,0.95,0.556,7.56,1.0,1.0,,,,,,,,,SPY
F5_DOW_Wed_SPY,F5,long,SPY close-to-close ending Wed,DOW_Wed,month_flat,180,180.0,-1.07,-0.17,0.533,1.63,1.0,1.0,,,,,,,,,SPY
F5_DOW_Wed_SPY,F5,long,SPY close-to-close ending Wed,DOW_Wed,year_flat,0,,,,,,,,,,,,,,,,SPY
F5_DOW_Wed_SPY,F5,long,SPY close-to-close ending Wed,DOW_Wed,month_down,183,183.0,-4.91,-0.44,0.503,-2.32,1.0,1.0,,,,,,,,,SPY
F5_DOW_Wed_SPY,F5,long,SPY close-to-close ending Wed,DOW_Wed,year_down,103,103.0,6.89,0.52,0.485,9.56,1.0,1.0,,,,,,,,,SPY
F5_DOW_Wed_SPY,F5,long,SPY close-to-close ending Wed,DOW_Wed,day_up,167,167.0,7.39,0.82,0.635,10.04,1.0,1.0,,,,,,,,,SPY
F5_DOW_Wed_SPY,F5,long,SPY close-to-close ending Wed,DOW_Wed,day_flat,181,181.0,-2.0,-0.33,0.481,0.64,1.0,1.0,,,,,,,,,SPY
F5_DOW_Wed_SPY,F5,long,SPY close-to-close ending Wed,DOW_Wed,day_down,189,189.0,13.25,1.35,0.529,15.87,1.0,1.0,,,,,,,,,SPY
F5_DOW_Wed_SPY,F5,long,SPY close-to-close ending Wed,DOW_Wed,y2016,52,52.0,3.42,0.33,0.519,6.54,1.0,1.0,,,,,,,,,SPY
F5_DOW_Wed_SPY,F5,long,SPY close-to-close ending Wed,DOW_Wed,y2017,52,52.0,7.89,1.31,0.596,10.83,1.0,1.0,,,,,,,,,SPY
F5_DOW_Wed_SPY,F5,long,SPY close-to-close ending Wed,DOW_Wed,y2018,51,51.0,7.72,0.47,0.51,10.54,1.0,1.0,,,,,,,,,SPY
F5_DOW_Wed_SPY,F5,long,SPY close-to-close ending Wed,DOW_Wed,y2019,50,50.0,4.1,0.41,0.58,6.87,1.0,1.0,,,,,,,,,SPY
F5_DOW_Wed_SPY,F5,long,SPY close-to-close ending Wed,DOW_Wed,y2020,52,52.0,3.61,0.13,0.596,6.3,1.0,1.0,,,,,,,,,SPY
F5_DOW_Wed_SPY,F5,long,SPY close-to-close ending Wed,DOW_Wed,y2021,52,52.0,3.07,0.3,0.615,5.58,1.0,1.0,,,,,,,,,SPY
F5_DOW_Wed_SPY,F5,long,SPY close-to-close ending Wed,DOW_Wed,y2022,52,52.0,6.08,0.29,0.462,8.6,1.0,1.0,,,,,,,,,SPY
F5_DOW_Wed_SPY,F5,long,SPY close-to-close ending Wed,DOW_Wed,y2023,52,52.0,-11.2,-1.02,0.481,-8.71,1.0,1.0,,,,,,,,,SPY
F5_DOW_Wed_SPY,F5,long,SPY close-to-close ending Wed,DOW_Wed,y2024,43,43.0,0.12,0.01,0.512,2.51,1.0,1.0,,,,,,,,,SPY
F5_DOW_Wed_SPY,F5,long,SPY close-to-close ending Wed,DOW_Wed,y2025,44,44.0,32.88,1.28,0.682,35.21,1.0,1.0,,,,,,,,,SPY
F5_DOW_Wed_SPY,F5,long,SPY close-to-close ending Wed,DOW_Wed,y2026,40,40.0,3.56,0.28,0.4,5.83,1.0,1.0,,,,,,,,,SPY
F5_DOW_Thu_SPY,F5,long,SPY close-to-close ending Thu,DOW_Thu,train,357,357.0,-0.61,-0.1,0.524,2.15,1.0,1.0,,,,,,,,,SPY
F5_DOW_Thu_SPY,F5,long,SPY close-to-close ending Thu,DOW_Thu,valid1,94,94.0,9.31,1.0,0.521,11.76,1.0,1.0,,,,,,,,,SPY
F5_DOW_Thu_SPY,F5,long,SPY close-to-close ending Thu,DOW_Thu,valid2,80,80.0,-12.63,-1.04,0.525,-10.33,1.0,1.0,,,,,,,,,SPY
F5_DOW_Thu_SPY,F5,long,SPY close-to-close ending Thu,DOW_Thu,trainvalid1,451,451.0,1.45,0.28,0.523,4.15,1.0,1.0,,,,,,,,,SPY
F5_DOW_Thu_SPY,F5,long,SPY close-to-close ending Thu,DOW_Thu,all_open,531,531.0,-0.67,-0.14,0.524,1.97,1.0,1.0,,,,,,,,,SPY
F5_DOW_Thu_SPY,F5,long,SPY close-to-close ending Thu,DOW_Thu,month_up,178,178.0,22.52,3.48,0.618,25.14,1.0,1.0,,,,,,,,,SPY
F5_DOW_Thu_SPY,F5,long,SPY close-to-close ending Thu,DOW_Thu,year_up,429,429.0,1.82,0.36,0.548,4.45,1.0,1.0,,,,,,,,,SPY
F5_DOW_Thu_SPY,F5,long,SPY close-to-close ending Thu,DOW_Thu,month_flat,175,175.0,5.14,0.77,0.52,7.84,1.0,1.0,,,,,,,,,SPY
F5_DOW_Thu_SPY,F5,long,SPY close-to-close ending Thu,DOW_Thu,year_flat,0,,,,,,,,,,,,,,,,SPY
F5_DOW_Thu_SPY,F5,long,SPY close-to-close ending Thu,DOW_Thu,month_down,178,178.0,-29.56,-2.78,0.433,-26.96,1.0,1.0,,,,,,,,,SPY
F5_DOW_Thu_SPY,F5,long,SPY close-to-close ending Thu,DOW_Thu,year_down,102,102.0,-11.12,-0.82,0.422,-8.44,1.0,1.0,,,,,,,,,SPY
F5_DOW_Thu_SPY,F5,long,SPY close-to-close ending Thu,DOW_Thu,day_up,163,163.0,-6.89,-0.72,0.479,-4.25,1.0,1.0,,,,,,,,,SPY
F5_DOW_Thu_SPY,F5,long,SPY close-to-close ending Thu,DOW_Thu,day_flat,169,169.0,-2.84,-0.44,0.503,-0.17,1.0,1.0,,,,,,,,,SPY
F5_DOW_Thu_SPY,F5,long,SPY close-to-close ending Thu,DOW_Thu,day_down,196,196.0,6.51,0.76,0.577,9.12,1.0,1.0,,,,,,,,,SPY
F5_DOW_Thu_SPY,F5,long,SPY close-to-close ending Thu,DOW_Thu,y2016,51,51.0,1.32,0.14,0.471,4.45,1.0,1.0,,,,,,,,,SPY
F5_DOW_Thu_SPY,F5,long,SPY close-to-close ending Thu,DOW_Thu,y2017,51,51.0,-5.51,-0.82,0.49,-2.56,1.0,1.0,,,,,,,,,SPY
F5_DOW_Thu_SPY,F5,long,SPY close-to-close ending Thu,DOW_Thu,y2018,51,51.0,-3.62,-0.26,0.471,-0.79,1.0,1.0,,,,,,,,,SPY
F5_DOW_Thu_SPY,F5,long,SPY close-to-close ending Thu,DOW_Thu,y2019,51,51.0,16.79,1.72,0.627,19.55,1.0,1.0,,,,,,,,,SPY
F5_DOW_Thu_SPY,F5,long,SPY close-to-close ending Thu,DOW_Thu,y2020,51,51.0,-13.16,-0.49,0.569,-10.47,1.0,1.0,,,,,,,,,SPY
F5_DOW_Thu_SPY,F5,long,SPY close-to-close ending Thu,DOW_Thu,y2021,51,51.0,18.49,1.59,0.667,20.99,1.0,1.0,,,,,,,,,SPY
F5_DOW_Thu_SPY,F5,long,SPY close-to-close ending Thu,DOW_Thu,y2022,51,51.0,-18.61,-0.8,0.373,-16.09,1.0,1.0,,,,,,,,,SPY
F5_DOW_Thu_SPY,F5,long,SPY close-to-close ending Thu,DOW_Thu,y2023,51,51.0,7.64,0.59,0.569,10.13,1.0,1.0,,,,,,,,,SPY
F5_DOW_Thu_SPY,F5,long,SPY close-to-close ending Thu,DOW_Thu,y2024,43,43.0,11.3,0.85,0.465,13.69,1.0,1.0,,,,,,,,,SPY
F5_DOW_Thu_SPY,F5,long,SPY close-to-close ending Thu,DOW_Thu,y2025,40,40.0,-25.74,-1.27,0.55,-23.41,1.0,1.0,,,,,,,,,SPY
F5_DOW_Thu_SPY,F5,long,SPY close-to-close ending Thu,DOW_Thu,y2026,40,40.0,0.47,0.04,0.5,2.75,1.0,1.0,,,,,,,,,SPY
F5_DOW_Fri_SPY,F5,long,SPY close-to-close ending Fri,DOW_Fri,train,354,354.0,0.29,0.05,0.514,3.06,1.0,1.0,,,,,,,,,SPY
F5_DOW_Fri_SPY,F5,long,SPY close-to-close ending Fri,DOW_Fri,valid1,93,93.0,16.96,2.0,0.581,19.4,1.0,1.0,,,,,,,,,SPY
F5_DOW_Fri_SPY,F5,long,SPY close-to-close ending Fri,DOW_Fri,valid2,79,79.0,-1.47,-0.12,0.57,0.83,1.0,1.0,,,,,,,,,SPY
F5_DOW_Fri_SPY,F5,long,SPY close-to-close ending Fri,DOW_Fri,trainvalid1,447,447.0,3.76,0.74,0.528,6.46,1.0,1.0,,,,,,,,,SPY
F5_DOW_Fri_SPY,F5,long,SPY close-to-close ending Fri,DOW_Fri,all_open,526,526.0,2.98,0.63,0.534,5.62,1.0,1.0,,,,,,,,,SPY
F5_DOW_Fri_SPY,F5,long,SPY close-to-close ending Fri,DOW_Fri,month_up,175,175.0,29.31,4.43,0.64,31.92,1.0,1.0,,,,,,,,,SPY
F5_DOW_Fri_SPY,F5,long,SPY close-to-close ending Fri,DOW_Fri,year_up,424,424.0,6.92,1.44,0.547,9.55,1.0,1.0,,,,,,,,,SPY
F5_DOW_Fri_SPY,F5,long,SPY close-to-close ending Fri,DOW_Fri,month_flat,174,174.0,9.46,1.45,0.552,12.16,1.0,1.0,,,,,,,,,SPY
F5_DOW_Fri_SPY,F5,long,SPY close-to-close ending Fri,DOW_Fri,year_flat,0,,,,,,,,,,,,,,,,SPY
F5_DOW_Fri_SPY,F5,long,SPY close-to-close ending Fri,DOW_Fri,month_down,177,177.0,-29.44,-2.92,0.412,-26.83,1.0,1.0,,,,,,,,,SPY
F5_DOW_Fri_SPY,F5,long,SPY close-to-close ending Fri,DOW_Fri,year_down,102,102.0,-13.41,-0.99,0.48,-10.74,1.0,1.0,,,,,,,,,SPY
F5_DOW_Fri_SPY,F5,long,SPY close-to-close ending Fri,DOW_Fri,day_up,185,185.0,-0.72,-0.09,0.557,1.92,1.0,1.0,,,,,,,,,SPY
F5_DOW_Fri_SPY,F5,long,SPY close-to-close ending Fri,DOW_Fri,day_flat,167,167.0,3.56,0.65,0.485,6.22,1.0,1.0,,,,,,,,,SPY
F5_DOW_Fri_SPY,F5,long,SPY close-to-close ending Fri,DOW_Fri,day_down,171,171.0,7.21,0.72,0.561,9.83,1.0,1.0,,,,,,,,,SPY
F5_DOW_Fri_SPY,F5,long,SPY close-to-close ending Fri,DOW_Fri,y2016,51,51.0,-6.27,-0.43,0.392,-3.15,1.0,1.0,,,,,,,,,SPY
F5_DOW_Fri_SPY,F5,long,SPY close-to-close ending Fri,DOW_Fri,y2017,51,51.0,11.21,2.73,0.569,14.15,1.0,1.0,,,,,,,,,SPY
F5_DOW_Fri_SPY,F5,long,SPY close-to-close ending Fri,DOW_Fri,y2018,51,51.0,-12.74,-0.91,0.51,-9.91,1.0,1.0,,,,,,,,,SPY
F5_DOW_Fri_SPY,F5,long,SPY close-to-close ending Fri,DOW_Fri,y2019,51,51.0,20.54,1.67,0.627,23.31,1.0,1.0,,,,,,,,,SPY
F5_DOW_Fri_SPY,F5,long,SPY close-to-close ending Fri,DOW_Fri,y2020,49,49.0,-6.72,-0.3,0.469,-4.03,1.0,1.0,,,,,,,,,SPY
F5_DOW_Fri_SPY,F5,long,SPY close-to-close ending Fri,DOW_Fri,y2021,50,50.0,10.04,0.84,0.58,12.54,1.0,1.0,,,,,,,,,SPY
F5_DOW_Fri_SPY,F5,long,SPY close-to-close ending Fri,DOW_Fri,y2022,51,51.0,-14.08,-0.6,0.451,-11.56,1.0,1.0,,,,,,,,,SPY
F5_DOW_Fri_SPY,F5,long,SPY close-to-close ending Fri,DOW_Fri,y2023,51,51.0,18.99,1.57,0.549,21.48,1.0,1.0,,,,,,,,,SPY
F5_DOW_Fri_SPY,F5,long,SPY close-to-close ending Fri,DOW_Fri,y2024,42,42.0,14.49,1.24,0.619,16.88,1.0,1.0,,,,,,,,,SPY
F5_DOW_Fri_SPY,F5,long,SPY close-to-close ending Fri,DOW_Fri,y2025,42,42.0,-2.12,-0.11,0.548,0.2,1.0,1.0,,,,,,,,,SPY
F5_DOW_Fri_SPY,F5,long,SPY close-to-close ending Fri,DOW_Fri,y2026,37,37.0,-0.74,-0.05,0.595,1.54,1.0,1.0,,,,,,,,,SPY
F5_ON_SPY,F5,long,SPY overnight every day,ON,train,1762,1762.0,0.48,0.26,0.54,3.25,1.0,1.0,,,,,,,,,SPY
F5_ON_SPY,F5,long,SPY overnight every day,ON,valid1,460,460.0,2.63,1.13,0.528,5.08,1.0,1.0,,,,,,,,,SPY
F5_ON_SPY,F5,long,SPY overnight every day,ON,valid2,404,404.0,1.81,0.54,0.559,4.11,1.0,1.0,,,,,,,,,SPY
F5_ON_SPY,F5,long,SPY overnight every day,ON,trainvalid1,2222,2222.0,0.93,0.6,0.537,3.63,1.0,1.0,,,,,,,,,SPY
F5_ON_SPY,F5,long,SPY overnight every day,ON,all_open,2626,2626.0,1.06,0.76,0.541,3.7,1.0,1.0,,,,,,,,,SPY
F5_ON_SPY,F5,long,SPY overnight every day,ON,month_up,876,876.0,9.02,4.42,0.551,11.64,1.0,1.0,,,,,,,,,SPY
F5_ON_SPY,F5,long,SPY overnight every day,ON,year_up,2124,2124.0,1.99,1.28,0.552,4.63,1.0,1.0,,,,,,,,,SPY
F5_ON_SPY,F5,long,SPY overnight every day,ON,month_flat,868,868.0,3.62,2.1,0.589,6.32,1.0,1.0,,,,,,,,,SPY
F5_ON_SPY,F5,long,SPY overnight every day,ON,year_flat,0,,,,,,,,,,,,,,,,SPY
F5_ON_SPY,F5,long,SPY overnight every day,ON,month_down,882,882.0,-9.36,-2.92,0.483,-6.76,1.0,1.0,,,,,,,,,SPY
F5_ON_SPY,F5,long,SPY overnight every day,ON,year_down,502,502.0,-2.88,-0.9,0.492,-0.2,1.0,1.0,,,,,,,,,SPY
F5_ON_SPY,F5,long,SPY overnight every day,ON,day_up,872,872.0,-1.7,-0.61,0.533,0.93,1.0,1.0,,,,,,,,,SPY
F5_ON_SPY,F5,long,SPY overnight every day,ON,day_flat,869,869.0,2.59,1.63,0.548,5.25,1.0,1.0,,,,,,,,,SPY
F5_ON_SPY,F5,long,SPY overnight every day,ON,day_down,871,871.0,2.58,0.96,0.54,5.2,1.0,1.0,,,,,,,,,SPY
F5_ON_SPY,F5,long,SPY overnight every day,ON,y2016,252,252.0,-3.02,-0.88,0.5,0.11,1.0,1.0,,,,,,,,,SPY
F5_ON_SPY,F5,long,SPY overnight every day,ON,y2017,251,251.0,2.03,1.28,0.554,4.97,1.0,1.0,,,,,,,,,SPY
F5_ON_SPY,F5,long,SPY overnight every day,ON,y2018,251,251.0,1.99,0.59,0.538,4.82,1.0,1.0,,,,,,,,,SPY
F5_ON_SPY,F5,long,SPY overnight every day,ON,y2019,252,252.0,3.63,1.19,0.563,6.39,1.0,1.0,,,,,,,,,SPY
F5_ON_SPY,F5,long,SPY overnight every day,ON,y2020,253,253.0,2.42,0.25,0.577,5.11,1.0,1.0,,,,,,,,,SPY
F5_ON_SPY,F5,long,SPY overnight every day,ON,y2021,252,252.0,4.04,1.37,0.599,6.55,1.0,1.0,,,,,,,,,SPY
F5_ON_SPY,F5,long,SPY overnight every day,ON,y2022,251,251.0,-7.74,-1.42,0.446,-5.22,1.0,1.0,,,,,,,,,SPY
F5_ON_SPY,F5,long,SPY overnight every day,ON,y2023,250,250.0,-0.56,-0.19,0.488,1.93,1.0,1.0,,,,,,,,,SPY
F5_ON_SPY,F5,long,SPY overnight every day,ON,y2024,210,210.0,6.44,1.77,0.576,8.83,1.0,1.0,,,,,,,,,SPY
F5_ON_SPY,F5,long,SPY overnight every day,ON,y2025,211,211.0,0.85,0.16,0.559,3.18,1.0,1.0,,,,,,,,,SPY
F5_ON_SPY,F5,long,SPY overnight every day,ON,y2026,193,193.0,2.86,0.72,0.56,5.14,1.0,1.0,,,,,,,,,SPY
F5_TOM_QQQ,F5,long,QQQ turn of month (MOC -2 -> MOC +3),TOM,train,84,84.0,32.08,1.17,0.583,35.21,1.0,4.0,,,,,,,,,QQQ
F5_TOM_QQQ,F5,long,QQQ turn of month (MOC -2 -> MOC +3),TOM,valid1,21,21.0,21.09,0.39,0.571,23.62,1.0,4.0,,,,,,,,,QQQ
F5_TOM_QQQ,F5,long,QQQ turn of month (MOC -2 -> MOC +3),TOM,valid2,19,19.0,80.53,1.51,0.684,82.86,1.0,4.0,,,,,,,,,QQQ
F5_TOM_QQQ,F5,long,QQQ turn of month (MOC -2 -> MOC +3),TOM,trainvalid1,105,105.0,29.89,1.22,0.581,32.9,1.0,4.0,,,,,,,,,QQQ
F5_TOM_QQQ,F5,long,QQQ turn of month (MOC -2 -> MOC +3),TOM,all_open,124,124.0,37.65,1.69,0.597,40.55,1.0,4.0,,,,,,,,,QQQ
F5_TOM_QQQ,F5,long,QQQ turn of month (MOC -2 -> MOC +3),TOM,month_up,42,42.0,23.28,0.54,0.595,26.1,1.0,4.0,,,,,,,,,QQQ
F5_TOM_QQQ,F5,long,QQQ turn of month (MOC -2 -> MOC +3),TOM,year_up,100,100.0,47.35,1.97,0.61,50.25,1.0,4.0,,,,,,,,,QQQ
F5_TOM_QQQ,F5,long,QQQ turn of month (MOC -2 -> MOC +3),TOM,month_flat,41,41.0,1.33,0.04,0.512,4.38,1.0,4.0,,,,,,,,,QQQ
F5_TOM_QQQ,F5,long,QQQ turn of month (MOC -2 -> MOC +3),TOM,year_flat,0,,,,,,,,,,,,,,,,QQQ
F5_TOM_QQQ,F5,long,QQQ turn of month (MOC -2 -> MOC +3),TOM,month_down,41,41.0,88.68,2.35,0.683,91.53,1.0,4.0,,,,,,,,,QQQ
F5_TOM_QQQ,F5,long,QQQ turn of month (MOC -2 -> MOC +3),TOM,year_down,24,24.0,-2.81,-0.05,0.542,0.16,1.0,4.0,,,,,,,,,QQQ
F5_TOM_QQQ,F5,long,QQQ turn of month (MOC -2 -> MOC +3),TOM,y2016,12,12.0,0.81,0.02,0.5,4.74,1.0,4.0,,,,,,,,,QQQ
F5_TOM_QQQ,F5,long,QQQ turn of month (MOC -2 -> MOC +3),TOM,y2017,12,12.0,46.78,1.77,0.667,50.29,1.0,4.0,,,,,,,,,QQQ
F5_TOM_QQQ,F5,long,QQQ turn of month (MOC -2 -> MOC +3),TOM,y2018,12,12.0,15.52,0.22,0.583,18.78,1.0,4.0,,,,,,,,,QQQ
F5_TOM_QQQ,F5,long,QQQ turn of month (MOC -2 -> MOC +3),TOM,y2019,12,12.0,42.77,0.56,0.667,45.88,1.0,4.0,,,,,,,,,QQQ
F5_TOM_QQQ,F5,long,QQQ turn of month (MOC -2 -> MOC +3),TOM,y2020,12,12.0,165.91,1.81,0.667,168.74,1.0,4.0,,,,,,,,,QQQ
F5_TOM_QQQ,F5,long,QQQ turn of month (MOC -2 -> MOC +3),TOM,y2021,12,12.0,-26.06,-0.34,0.5,-23.47,1.0,4.0,,,,,,,,,QQQ
F5_TOM_QQQ,F5,long,QQQ turn of month (MOC -2 -> MOC +3),TOM,y2022,12,12.0,-21.13,-0.24,0.5,-18.46,1.0,4.0,,,,,,,,,QQQ
F5_TOM_QQQ,F5,long,QQQ turn of month (MOC -2 -> MOC +3),TOM,y2023,12,12.0,58.75,0.78,0.583,61.34,1.0,4.0,,,,,,,,,QQQ
F5_TOM_QQQ,F5,long,QQQ turn of month (MOC -2 -> MOC +3),TOM,y2024,9,9.0,-29.12,-0.41,0.556,-26.67,1.0,4.0,,,,,,,,,QQQ
F5_TOM_QQQ,F5,long,QQQ turn of month (MOC -2 -> MOC +3),TOM,y2025,10,10.0,19.99,0.37,0.6,22.35,1.0,4.0,,,,,,,,,QQQ
F5_TOM_QQQ,F5,long,QQQ turn of month (MOC -2 -> MOC +3),TOM,y2026,9,9.0,147.8,1.66,0.778,150.09,1.0,4.0,,,,,,,,,QQQ
F5_DOW_Mon_QQQ,F5,long,QQQ close-to-close ending Mon,DOW_Mon,train,327,327.0,4.07,0.46,0.572,7.2,1.0,1.0,,,,,,,,,QQQ
F5_DOW_Mon_QQQ,F5,long,QQQ close-to-close ending Mon,DOW_Mon,valid1,84,84.0,26.45,2.83,0.714,28.97,1.0,1.0,,,,,,,,,QQQ
F5_DOW_Mon_QQQ,F5,long,QQQ close-to-close ending Mon,DOW_Mon,valid2,77,77.0,40.48,2.93,0.649,42.81,1.0,1.0,,,,,,,,,QQQ
F5_DOW_Mon_QQQ,F5,long,QQQ close-to-close ending Mon,DOW_Mon,trainvalid1,411,411.0,8.65,1.19,0.601,11.65,1.0,1.0,,,,,,,,,QQQ
F5_DOW_Mon_QQQ,F5,long,QQQ close-to-close ending Mon,DOW_Mon,all_open,488,488.0,13.67,2.1,0.609,16.57,1.0,1.0,,,,,,,,,QQQ
F5_DOW_Mon_QQQ,F5,long,QQQ close-to-close ending Mon,DOW_Mon,month_up,169,169.0,24.07,2.63,0.615,26.9,1.0,1.0,,,,,,,,,QQQ
F5_DOW_Mon_QQQ,F5,long,QQQ close-to-close ending Mon,DOW_Mon,year_up,396,396.0,21.94,3.16,0.631,24.83,1.0,1.0,,,,,,,,,QQQ
F5_DOW_Mon_QQQ,F5,long,QQQ close-to-close ending Mon,DOW_Mon,month_flat,158,158.0,17.38,2.14,0.639,20.42,1.0,1.0,,,,,,,,,QQQ
F5_DOW_Mon_QQQ,F5,long,QQQ close-to-close ending Mon,DOW_Mon,year_flat,0,,,,,,,,,,,,,,,,QQQ
F5_DOW_Mon_QQQ,F5,long,QQQ close-to-close ending Mon,DOW_Mon,month_down,161,161.0,-0.89,-0.06,0.571,1.96,1.0,1.0,,,,,,,,,QQQ
F5_DOW_Mon_QQQ,F5,long,QQQ close-to-close ending Mon,DOW_Mon,year_down,92,92.0,-21.93,-1.29,0.511,-18.96,1.0,1.0,,,,,,,,,QQQ
F5_DOW_Mon_QQQ,F5,long,QQQ close-to-close ending Mon,DOW_Mon,day_up,174,174.0,7.77,0.62,0.592,10.64,1.0,1.0,,,,,,,,,QQQ
F5_DOW_Mon_QQQ,F5,long,QQQ close-to-close ending Mon,DOW_Mon,day_flat,156,156.0,22.39,2.98,0.641,25.36,1.0,1.0,,,,,,,,,QQQ
F5_DOW_Mon_QQQ,F5,long,QQQ close-to-close ending Mon,DOW_Mon,day_down,156,156.0,12.5,0.98,0.596,15.35,1.0,1.0,,,,,,,,,QQQ
F5_DOW_Mon_QQQ,F5,long,QQQ close-to-close ending Mon,DOW_Mon,y2016,45,45.0,8.19,0.65,0.533,12.13,1.0,1.0,,,,,,,,,QQQ
F5_DOW_Mon_QQQ,F5,long,QQQ close-to-close ending Mon,DOW_Mon,y2017,46,46.0,14.2,1.59,0.63,17.73,1.0,1.0,,,,,,,,,QQQ
F5_DOW_Mon_QQQ,F5,long,QQQ close-to-close ending Mon,DOW_Mon,y2018,48,48.0,-16.13,-0.73,0.562,-12.88,1.0,1.0,,,,,,,,,QQQ
F5_DOW_Mon_QQQ,F5,long,QQQ close-to-close ending Mon,DOW_Mon,y2019,48,48.0,-0.58,-0.03,0.521,2.55,1.0,1.0,,,,,,,,,QQQ
F5_DOW_Mon_QQQ,F5,long,QQQ close-to-close ending Mon,DOW_Mon,y2020,49,49.0,36.91,0.93,0.735,39.76,1.0,1.0,,,,,,,,,QQQ
F5_DOW_Mon_QQQ,F5,long,QQQ close-to-close ending Mon,DOW_Mon,y2021,47,47.0,11.64,0.59,0.553,14.23,1.0,1.0,,,,,,,,,QQQ
F5_DOW_Mon_QQQ,F5,long,QQQ close-to-close ending Mon,DOW_Mon,y2022,44,44.0,-28.27,-1.08,0.455,-25.6,1.0,1.0,,,,,,,,,QQQ
F5_DOW_Mon_QQQ,F5,long,QQQ close-to-close ending Mon,DOW_Mon,y2023,45,45.0,35.28,2.99,0.756,37.87,1.0,1.0,,,,,,,,,QQQ
F5_DOW_Mon_QQQ,F5,long,QQQ close-to-close ending Mon,DOW_Mon,y2024,39,39.0,16.26,1.11,0.667,18.71,1.0,1.0,,,,,,,,,QQQ
F5_DOW_Mon_QQQ,F5,long,QQQ close-to-close ending Mon,DOW_Mon,y2025,41,41.0,42.23,2.08,0.659,44.6,1.0,1.0,,,,,,,,,QQQ
F5_DOW_Mon_QQQ,F5,long,QQQ close-to-close ending Mon,DOW_Mon,y2026,36,36.0,38.47,2.09,0.639,40.77,1.0,1.0,,,,,,,,,QQQ
F5_DOW_Tue_QQQ,F5,long,QQQ close-to-close ending Tue,DOW_Tue,train,363,363.0,10.47,1.41,0.562,13.61,1.0,1.0,,,,,,,,,QQQ
F5_DOW_Tue_QQQ,F5,long,QQQ close-to-close ending Tue,DOW_Tue,valid1,94,94.0,3.0,0.27,0.553,5.53,1.0,1.0,,,,,,,,,QQQ
F5_DOW_Tue_QQQ,F5,long,QQQ close-to-close ending Tue,DOW_Tue,valid2,84,84.0,-1.59,-0.12,0.464,0.74,1.0,1.0,,,,,,,,,QQQ
F5_DOW_Tue_QQQ,F5,long,QQQ close-to-close ending Tue,DOW_Tue,trainvalid1,457,457.0,8.94,1.42,0.56,11.94,1.0,1.0,,,,,,,,,QQQ
F5_DOW_Tue_QQQ,F5,long,QQQ close-to-close ending Tue,DOW_Tue,all_open,541,541.0,7.3,1.28,0.545,10.21,1.0,1.0,,,,,,,,,QQQ
F5_DOW_Tue_QQQ,F5,long,QQQ close-to-close ending Tue,DOW_Tue,month_up,177,177.0,28.18,3.16,0.616,31.02,1.0,1.0,,,,,,,,,QQQ
F5_DOW_Tue_QQQ,F5,long,QQQ close-to-close ending Tue,DOW_Tue,year_up,438,438.0,9.09,1.51,0.546,11.99,1.0,1.0,,,,,,,,,QQQ
F5_DOW_Tue_QQQ,F5,long,QQQ close-to-close ending Tue,DOW_Tue,month_flat,181,181.0,3.99,0.57,0.564,7.03,1.0,1.0,,,,,,,,,QQQ
F5_DOW_Tue_QQQ,F5,long,QQQ close-to-close ending Tue,DOW_Tue,year_flat,0,,,,,,,,,,,,,,,,QQQ
F5_DOW_Tue_QQQ,F5,long,QQQ close-to-close ending Tue,DOW_Tue,month_down,183,183.0,-9.62,-0.76,0.459,-6.78,1.0,1.0,,,,,,,,,QQQ
F5_DOW_Tue_QQQ,F5,long,QQQ close-to-close ending Tue,DOW_Tue,year_down,103,103.0,-0.32,-0.02,0.544,2.63,1.0,1.0,,,,,,,,,QQQ
F5_DOW_Tue_QQQ,F5,long,QQQ close-to-close ending Tue,DOW_Tue,day_up,183,183.0,-5.04,-0.53,0.508,-2.19,1.0,1.0,,,,,,,,,QQQ
F5_DOW_Tue_QQQ,F5,long,QQQ close-to-close ending Tue,DOW_Tue,day_flat,196,196.0,1.36,0.17,0.546,4.33,1.0,1.0,,,,,,,,,QQQ
F5_DOW_Tue_QQQ,F5,long,QQQ close-to-close ending Tue,DOW_Tue,day_down,159,159.0,28.29,2.24,0.585,31.16,1.0,1.0,,,,,,,,,QQQ
F5_DOW_Tue_QQQ,F5,long,QQQ close-to-close ending Tue,DOW_Tue,y2016,53,53.0,15.6,1.12,0.566,19.54,1.0,1.0,,,,,,,,,QQQ
F5_DOW_Tue_QQQ,F5,long,QQQ close-to-close ending Tue,DOW_Tue,y2017,51,51.0,4.81,0.56,0.647,8.33,1.0,1.0,,,,,,,,,QQQ
F5_DOW_Tue_QQQ,F5,long,QQQ close-to-close ending Tue,DOW_Tue,y2018,50,50.0,8.88,0.51,0.64,12.12,1.0,1.0,,,,,,,,,QQQ
F5_DOW_Tue_QQQ,F5,long,QQQ close-to-close ending Tue,DOW_Tue,y2019,52,52.0,8.46,0.61,0.615,11.59,1.0,1.0,,,,,,,,,QQQ
F5_DOW_Tue_QQQ,F5,long,QQQ close-to-close ending Tue,DOW_Tue,y2020,52,52.0,38.66,1.22,0.558,41.51,1.0,1.0,,,,,,,,,QQQ
F5_DOW_Tue_QQQ,F5,long,QQQ close-to-close ending Tue,DOW_Tue,y2021,52,52.0,6.01,0.39,0.462,8.6,1.0,1.0,,,,,,,,,QQQ
F5_DOW_Tue_QQQ,F5,long,QQQ close-to-close ending Tue,DOW_Tue,y2022,53,53.0,-8.99,-0.36,0.453,-6.32,1.0,1.0,,,,,,,,,QQQ
F5_DOW_Tue_QQQ,F5,long,QQQ close-to-close ending Tue,DOW_Tue,y2023,51,51.0,5.75,0.38,0.51,8.34,1.0,1.0,,,,,,,,,QQQ
F5_DOW_Tue_QQQ,F5,long,QQQ close-to-close ending Tue,DOW_Tue,y2024,43,43.0,-0.26,-0.02,0.605,2.19,1.0,1.0,,,,,,,,,QQQ
F5_DOW_Tue_QQQ,F5,long,QQQ close-to-close ending Tue,DOW_Tue,y2025,44,44.0,-1.08,-0.07,0.5,1.28,1.0,1.0,,,,,,,,,QQQ
F5_DOW_Tue_QQQ,F5,long,QQQ close-to-close ending Tue,DOW_Tue,y2026,40,40.0,-2.15,-0.1,0.425,0.15,1.0,1.0,,,,,,,,,QQQ
F5_DOW_Wed_QQQ,F5,long,QQQ close-to-close ending Wed,DOW_Wed,train,361,361.0,10.53,1.42,0.571,13.67,1.0,1.0,,,,,,,,,QQQ
F5_DOW_Wed_QQQ,F5,long,QQQ close-to-close ending Wed,DOW_Wed,valid1,95,95.0,-7.08,-0.59,0.505,-4.55,1.0,1.0,,,,,,,,,QQQ
F5_DOW_Wed_QQQ,F5,long,QQQ close-to-close ending Wed,DOW_Wed,valid2,84,84.0,26.8,1.49,0.619,29.13,1.0,1.0,,,,,,,,,QQQ
F5_DOW_Wed_QQQ,F5,long,QQQ close-to-close ending Wed,DOW_Wed,trainvalid1,456,456.0,6.86,1.08,0.557,9.87,1.0,1.0,,,,,,,,,QQQ
F5_DOW_Wed_QQQ,F5,long,QQQ close-to-close ending Wed,DOW_Wed,all_open,540,540.0,9.96,1.64,0.567,12.87,1.0,1.0,,,,,,,,,QQQ
F5_DOW_Wed_QQQ,F5,long,QQQ close-to-close ending Wed,DOW_Wed,month_up,177,177.0,33.01,3.5,0.599,35.86,1.0,1.0,,,,,,,,,QQQ
F5_DOW_Wed_QQQ,F5,long,QQQ close-to-close ending Wed,DOW_Wed,year_up,437,437.0,9.37,1.52,0.581,12.26,1.0,1.0,,,,,,,,,QQQ
F5_DOW_Wed_QQQ,F5,long,QQQ close-to-close ending Wed,DOW_Wed,month_flat,180,180.0,3.59,0.44,0.578,6.64,1.0,1.0,,,,,,,,,QQQ
F5_DOW_Wed_QQQ,F5,long,QQQ close-to-close ending Wed,DOW_Wed,year_flat,0,,,,,,,,,,,,,,,,QQQ
F5_DOW_Wed_QQQ,F5,long,QQQ close-to-close ending Wed,DOW_Wed,month_down,183,183.0,-6.06,-0.47,0.525,-3.24,1.0,1.0,,,,,,,,,QQQ
F5_DOW_Wed_QQQ,F5,long,QQQ close-to-close ending Wed,DOW_Wed,year_down,103,103.0,12.5,0.68,0.505,15.45,1.0,1.0,,,,,,,,,QQQ
F5_DOW_Wed_QQQ,F5,long,QQQ close-to-close ending Wed,DOW_Wed,day_up,167,167.0,11.95,1.12,0.617,14.86,1.0,1.0,,,,,,,,,QQQ
F5_DOW_Wed_QQQ,F5,long,QQQ close-to-close ending Wed,DOW_Wed,day_flat,181,181.0,0.16,0.02,0.514,3.08,1.0,1.0,,,,,,,,,QQQ
F5_DOW_Wed_QQQ,F5,long,QQQ close-to-close ending Wed,DOW_Wed,day_down,189,189.0,20.31,1.69,0.582,23.17,1.0,1.0,,,,,,,,,QQQ
F5_DOW_Wed_QQQ,F5,long,QQQ close-to-close ending Wed,DOW_Wed,y2016,52,52.0,0.59,0.04,0.519,4.53,1.0,1.0,,,,,,,,,QQQ
F5_DOW_Wed_QQQ,F5,long,QQQ close-to-close ending Wed,DOW_Wed,y2017,52,52.0,15.11,1.65,0.654,18.64,1.0,1.0,,,,,,,,,QQQ
F5_DOW_Wed_QQQ,F5,long,QQQ close-to-close ending Wed,DOW_Wed,y2018,51,51.0,13.93,0.61,0.569,17.17,1.0,1.0,,,,,,,,,QQQ
F5_DOW_Wed_QQQ,F5,long,QQQ close-to-close ending Wed,DOW_Wed,y2019,50,50.0,13.48,1.11,0.58,16.61,1.0,1.0,,,,,,,,,QQQ
F5_DOW_Wed_QQQ,F5,long,QQQ close-to-close ending Wed,DOW_Wed,y2020,52,52.0,25.66,0.97,0.673,28.51,1.0,1.0,,,,,,,,,QQQ
F5_DOW_Wed_QQQ,F5,long,QQQ close-to-close ending Wed,DOW_Wed,y2021,52,52.0,-5.97,-0.41,0.558,-3.38,1.0,1.0,,,,,,,,,QQQ
F5_DOW_Wed_QQQ,F5,long,QQQ close-to-close ending Wed,DOW_Wed,y2022,52,52.0,11.1,0.39,0.442,13.77,1.0,1.0,,,,,,,,,QQQ
F5_DOW_Wed_QQQ,F5,long,QQQ close-to-close ending Wed,DOW_Wed,y2023,52,52.0,-9.17,-0.6,0.5,-6.57,1.0,1.0,,,,,,,,,QQQ
F5_DOW_Wed_QQQ,F5,long,QQQ close-to-close ending Wed,DOW_Wed,y2024,43,43.0,-4.55,-0.24,0.512,-2.1,1.0,1.0,,,,,,,,,QQQ
F5_DOW_Wed_QQQ,F5,long,QQQ close-to-close ending Wed,DOW_Wed,y2025,44,44.0,39.93,1.33,0.682,42.29,1.0,1.0,,,,,,,,,QQQ
F5_DOW_Wed_QQQ,F5,long,QQQ close-to-close ending Wed,DOW_Wed,y2026,40,40.0,12.36,0.69,0.55,14.66,1.0,1.0,,,,,,,,,QQQ
F5_DOW_Thu_QQQ,F5,long,QQQ close-to-close ending Thu,DOW_Thu,train,357,357.0,-3.26,-0.41,0.51,-0.12,1.0,1.0,,,,,,,,,QQQ
F5_DOW_Thu_QQQ,F5,long,QQQ close-to-close ending Thu,DOW_Thu,valid1,94,94.0,19.32,1.42,0.532,21.85,1.0,1.0,,,,,,,,,QQQ
F5_DOW_Thu_QQQ,F5,long,QQQ close-to-close ending Thu,DOW_Thu,valid2,80,80.0,-14.55,-0.9,0.475,-12.21,1.0,1.0,,,,,,,,,QQQ
F5_DOW_Thu_QQQ,F5,long,QQQ close-to-close ending Thu,DOW_Thu,trainvalid1,451,451.0,1.45,0.21,0.514,4.46,1.0,1.0,,,,,,,,,QQQ
F5_DOW_Thu_QQQ,F5,long,QQQ close-to-close ending Thu,DOW_Thu,all_open,531,531.0,-0.96,-0.15,0.508,1.95,1.0,1.0,,,,,,,,,QQQ
F5_DOW_Thu_QQQ,F5,long,QQQ close-to-close ending Thu,DOW_Thu,month_up,178,178.0,22.98,2.57,0.579,25.83,1.0,1.0,,,,,,,,,QQQ
F5_DOW_Thu_QQQ,F5,long,QQQ close-to-close ending Thu,DOW_Thu,year_up,429,429.0,2.06,0.32,0.524,4.95,1.0,1.0,,,,,,,,,QQQ
F5_DOW_Thu_QQQ,F5,long,QQQ close-to-close ending Thu,DOW_Thu,month_flat,175,175.0,9.53,1.08,0.543,12.58,1.0,1.0,,,,,,,,,QQQ
F5_DOW_Thu_QQQ,F5,long,QQQ close-to-close ending Thu,DOW_Thu,year_flat,0,,,,,,,,,,,,,,,,QQQ
F5_DOW_Thu_QQQ,F5,long,QQQ close-to-close ending Thu,DOW_Thu,month_down,178,178.0,-35.22,-2.55,0.404,-32.39,1.0,1.0,,,,,,,,,QQQ
F5_DOW_Thu_QQQ,F5,long,QQQ close-to-close ending Thu,DOW_Thu,year_down,102,102.0,-13.65,-0.74,0.441,-10.7,1.0,1.0,,,,,,,,,QQQ
F5_DOW_Thu_QQQ,F5,long,QQQ close-to-close ending Thu,DOW_Thu,day_up,163,163.0,-15.32,-1.23,0.503,-12.41,1.0,1.0,,,,,,,,,QQQ
F5_DOW_Thu_QQQ,F5,long,QQQ close-to-close ending Thu,DOW_Thu,day_flat,169,169.0,-4.2,-0.47,0.491,-1.24,1.0,1.0,,,,,,,,,QQQ
F5_DOW_Thu_QQQ,F5,long,QQQ close-to-close ending Thu,DOW_Thu,day_down,196,196.0,14.28,1.29,0.526,17.12,1.0,1.0,,,,,,,,,QQQ
F5_DOW_Thu_QQQ,F5,long,QQQ close-to-close ending Thu,DOW_Thu,y2016,51,51.0,-8.6,-0.7,0.392,-4.66,1.0,1.0,,,,,,,,,QQQ
F5_DOW_Thu_QQQ,F5,long,QQQ close-to-close ending Thu,DOW_Thu,y2017,51,51.0,-9.82,-1.04,0.412,-6.28,1.0,1.0,,,,,,,,,QQQ
F5_DOW_Thu_QQQ,F5,long,QQQ close-to-close ending Thu,DOW_Thu,y2018,51,51.0,3.85,0.21,0.451,7.09,1.0,1.0,,,,,,,,,QQQ
F5_DOW_Thu_QQQ,F5,long,QQQ close-to-close ending Thu,DOW_Thu,y2019,51,51.0,19.66,1.52,0.627,22.79,1.0,1.0,,,,,,,,,QQQ
F5_DOW_Thu_QQQ,F5,long,QQQ close-to-close ending Thu,DOW_Thu,y2020,51,51.0,-17.21,-0.56,0.608,-14.36,1.0,1.0,,,,,,,,,QQQ
F5_DOW_Thu_QQQ,F5,long,QQQ close-to-close ending Thu,DOW_Thu,y2021,51,51.0,20.46,1.2,0.647,23.05,1.0,1.0,,,,,,,,,QQQ
F5_DOW_Thu_QQQ,F5,long,QQQ close-to-close ending Thu,DOW_Thu,y2022,51,51.0,-31.15,-0.98,0.431,-28.48,1.0,1.0,,,,,,,,,QQQ
F5_DOW_Thu_QQQ,F5,long,QQQ close-to-close ending Thu,DOW_Thu,y2023,51,51.0,23.56,1.24,0.529,26.16,1.0,1.0,,,,,,,,,QQQ
F5_DOW_Thu_QQQ,F5,long,QQQ close-to-close ending Thu,DOW_Thu,y2024,43,43.0,14.3,0.74,0.535,16.75,1.0,1.0,,,,,,,,,QQQ
F5_DOW_Thu_QQQ,F5,long,QQQ close-to-close ending Thu,DOW_Thu,y2025,40,40.0,-30.65,-1.29,0.475,-28.28,1.0,1.0,,,,,,,,,QQQ
F5_DOW_Thu_QQQ,F5,long,QQQ close-to-close ending Thu,DOW_Thu,y2026,40,40.0,1.56,0.07,0.475,3.86,1.0,1.0,,,,,,,,,QQQ
F5_DOW_Fri_QQQ,F5,long,QQQ close-to-close ending Fri,DOW_Fri,train,354,354.0,-5.64,-0.75,0.514,-2.5,1.0,1.0,,,,,,,,,QQQ
F5_DOW_Fri_QQQ,F5,long,QQQ close-to-close ending Fri,DOW_Fri,valid1,93,93.0,17.63,1.5,0.548,20.15,1.0,1.0,,,,,,,,,QQQ
F5_DOW_Fri_QQQ,F5,long,QQQ close-to-close ending Fri,DOW_Fri,valid2,79,79.0,-5.02,-0.31,0.595,-2.68,1.0,1.0,,,,,,,,,QQQ
F5_DOW_Fri_QQQ,F5,long,QQQ close-to-close ending Fri,DOW_Fri,trainvalid1,447,447.0,-0.8,-0.12,0.521,2.21,1.0,1.0,,,,,,,,,QQQ
F5_DOW_Fri_QQQ,F5,long,QQQ close-to-close ending Fri,DOW_Fri,all_open,526,526.0,-1.43,-0.24,0.532,1.48,1.0,1.0,,,,,,,,,QQQ
F5_DOW_Fri_QQQ,F5,long,QQQ close-to-close ending Fri,DOW_Fri,month_up,175,175.0,29.82,3.58,0.629,32.66,1.0,1.0,,,,,,,,,QQQ
F5_DOW_Fri_QQQ,F5,long,QQQ close-to-close ending Fri,DOW_Fri,year_up,424,424.0,4.8,0.78,0.566,7.69,1.0,1.0,,,,,,,,,QQQ
F5_DOW_Fri_QQQ,F5,long,QQQ close-to-close ending Fri,DOW_Fri,month_flat,174,174.0,6.94,0.8,0.54,9.99,1.0,1.0,,,,,,,,,QQQ
F5_DOW_Fri_QQQ,F5,long,QQQ close-to-close ending Fri,DOW_Fri,year_flat,0,,,,,,,,,,,,,,,,QQQ
F5_DOW_Fri_QQQ,F5,long,QQQ close-to-close ending Fri,DOW_Fri,month_down,177,177.0,-40.57,-3.17,0.429,-37.72,1.0,1.0,,,,,,,,,QQQ
F5_DOW_Fri_QQQ,F5,long,QQQ close-to-close ending Fri,DOW_Fri,year_down,102,102.0,-27.33,-1.56,0.392,-24.37,1.0,1.0,,,,,,,,,QQQ
F5_DOW_Fri_QQQ,F5,long,QQQ close-to-close ending Fri,DOW_Fri,day_up,185,185.0,-9.41,-0.92,0.53,-6.51,1.0,1.0,,,,,,,,,QQQ
F5_DOW_Fri_QQQ,F5,long,QQQ close-to-close ending Fri,DOW_Fri,day_flat,167,167.0,1.29,0.17,0.539,4.24,1.0,1.0,,,,,,,,,QQQ
F5_DOW_Fri_QQQ,F5,long,QQQ close-to-close ending Fri,DOW_Fri,day_down,171,171.0,5.18,0.41,0.532,8.05,1.0,1.0,,,,,,,,,QQQ
F5_DOW_Fri_QQQ,F5,long,QQQ close-to-close ending Fri,DOW_Fri,y2016,51,51.0,-13.01,-0.74,0.51,-9.07,1.0,1.0,,,,,,,,,QQQ
F5_DOW_Fri_QQQ,F5,long,QQQ close-to-close ending Fri,DOW_Fri,y2017,51,51.0,17.61,1.85,0.647,21.13,1.0,1.0,,,,,,,,,QQQ
F5_DOW_Fri_QQQ,F5,long,QQQ close-to-close ending Fri,DOW_Fri,y2018,51,51.0,-25.05,-1.31,0.392,-21.81,1.0,1.0,,,,,,,,,QQQ
F5_DOW_Fri_QQQ,F5,long,QQQ close-to-close ending Fri,DOW_Fri,y2019,51,51.0,13.18,0.82,0.569,16.31,1.0,1.0,,,,,,,,,QQQ
F5_DOW_Fri_QQQ,F5,long,QQQ close-to-close ending Fri,DOW_Fri,y2020,49,49.0,-14.25,-0.53,0.49,-11.4,1.0,1.0,,,,,,,,,QQQ
F5_DOW_Fri_QQQ,F5,long,QQQ close-to-close ending Fri,DOW_Fri,y2021,50,50.0,11.65,0.88,0.6,14.24,1.0,1.0,,,,,,,,,QQQ
F5_DOW_Fri_QQQ,F5,long,QQQ close-to-close ending Fri,DOW_Fri,y2022,51,51.0,-29.6,-1.01,0.392,-26.93,1.0,1.0,,,,,,,,,QQQ
F5_DOW_Fri_QQQ,F5,long,QQQ close-to-close ending Fri,DOW_Fri,y2023,51,51.0,23.11,1.44,0.51,25.7,1.0,1.0,,,,,,,,,QQQ
F5_DOW_Fri_QQQ,F5,long,QQQ close-to-close ending Fri,DOW_Fri,y2024,42,42.0,10.97,0.64,0.595,13.41,1.0,1.0,,,,,,,,,QQQ
F5_DOW_Fri_QQQ,F5,long,QQQ close-to-close ending Fri,DOW_Fri,y2025,42,42.0,-7.7,-0.34,0.571,-5.34,1.0,1.0,,,,,,,,,QQQ
F5_DOW_Fri_QQQ,F5,long,QQQ close-to-close ending Fri,DOW_Fri,y2026,37,37.0,-1.97,-0.09,0.622,0.33,1.0,1.0,,,,,,,,,QQQ
F5_ON_QQQ,F5,long,QQQ overnight every day,ON,train,1762,1762.0,0.81,0.38,0.537,3.94,1.0,1.0,,,,,,,,,QQQ
F5_ON_QQQ,F5,long,QQQ overnight every day,ON,valid1,460,460.0,5.15,1.59,0.539,7.67,1.0,1.0,,,,,,,,,QQQ
F5_ON_QQQ,F5,long,QQQ overnight every day,ON,valid2,404,404.0,4.06,0.9,0.554,6.4,1.0,1.0,,,,,,,,,QQQ
F5_ON_QQQ,F5,long,QQQ overnight every day,ON,trainvalid1,2222,2222.0,1.71,0.95,0.538,4.72,1.0,1.0,,,,,,,,,QQQ
F5_ON_QQQ,F5,long,QQQ overnight every day,ON,all_open,2626,2626.0,2.07,1.24,0.54,4.98,1.0,1.0,,,,,,,,,QQQ
F5_ON_QQQ,F5,long,QQQ overnight every day,ON,month_up,876,876.0,10.88,4.49,0.572,13.72,1.0,1.0,,,,,,,,,QQQ
F5_ON_QQQ,F5,long,QQQ overnight every day,ON,year_up,2124,2124.0,3.66,2.02,0.556,6.55,1.0,1.0,,,,,,,,,QQQ
F5_ON_QQQ,F5,long,QQQ overnight every day,ON,month_flat,868,868.0,4.58,2.06,0.566,7.63,1.0,1.0,,,,,,,,,QQQ
F5_ON_QQQ,F5,long,QQQ overnight every day,ON,year_flat,0,,,,,,,,,,,,,,,,QQQ
F5_ON_QQQ,F5,long,QQQ overnight every day,ON,month_down,882,882.0,-9.16,-2.45,0.484,-6.33,1.0,1.0,,,,,,,,,QQQ
F5_ON_QQQ,F5,long,QQQ overnight every day,ON,year_down,502,502.0,-4.66,-1.11,0.474,-1.71,1.0,1.0,,,,,,,,,QQQ
F5_ON_QQQ,F5,long,QQQ overnight every day,ON,day_up,872,872.0,-0.4,-0.13,0.532,2.49,1.0,1.0,,,,,,,,,QQQ
F5_ON_QQQ,F5,long,QQQ overnight every day,ON,day_flat,869,869.0,3.89,1.84,0.555,6.85,1.0,1.0,,,,,,,,,QQQ
F5_ON_QQQ,F5,long,QQQ overnight every day,ON,day_down,871,871.0,3.0,0.92,0.533,5.86,1.0,1.0,,,,,,,,,QQQ
F5_ON_QQQ,F5,long,QQQ overnight every day,ON,y2016,252,252.0,-2.97,-0.75,0.504,0.97,1.0,1.0,,,,,,,,,QQQ
F5_ON_QQQ,F5,long,QQQ overnight every day,ON,y2017,251,251.0,3.64,1.69,0.562,7.17,1.0,1.0,,,,,,,,,QQQ
F5_ON_QQQ,F5,long,QQQ overnight every day,ON,y2018,251,251.0,1.75,0.37,0.518,5.0,1.0,1.0,,,,,,,,,QQQ
F5_ON_QQQ,F5,long,QQQ overnight every day,ON,y2019,252,252.0,3.77,0.96,0.563,6.91,1.0,1.0,,,,,,,,,QQQ
F5_ON_QQQ,F5,long,QQQ overnight every day,ON,y2020,253,253.0,6.92,0.72,0.609,9.77,1.0,1.0,,,,,,,,,QQQ
F5_ON_QQQ,F5,long,QQQ overnight every day,ON,y2021,252,252.0,3.56,0.88,0.575,6.15,1.0,1.0,,,,,,,,,QQQ
F5_ON_QQQ,F5,long,QQQ overnight every day,ON,y2022,251,251.0,-11.08,-1.59,0.43,-8.41,1.0,1.0,,,,,,,,,QQQ
F5_ON_QQQ,F5,long,QQQ overnight every day,ON,y2023,250,250.0,1.24,0.3,0.492,3.84,1.0,1.0,,,,,,,,,QQQ
F5_ON_QQQ,F5,long,QQQ overnight every day,ON,y2024,210,210.0,9.79,1.89,0.595,12.24,1.0,1.0,,,,,,,,,QQQ
F5_ON_QQQ,F5,long,QQQ overnight every day,ON,y2025,211,211.0,3.79,0.59,0.569,6.16,1.0,1.0,,,,,,,,,QQQ
F5_ON_QQQ,F5,long,QQQ overnight every day,ON,y2026,193,193.0,4.36,0.7,0.539,6.65,1.0,1.0,,,,,,,,,QQQ
F5_TOM_IWM,F5,long,IWM turn of month (MOC -2 -> MOC +3),TOM,train,84,84.0,6.99,0.25,0.583,10.4,1.0,4.0,,,,,,,,,IWM
F5_TOM_IWM,F5,long,IWM turn of month (MOC -2 -> MOC +3),TOM,valid1,21,21.0,-60.39,-0.81,0.381,-57.32,1.0,4.0,,,,,,,,,IWM
F5_TOM_IWM,F5,long,IWM turn of month (MOC -2 -> MOC +3),TOM,valid2,19,19.0,77.32,1.44,0.579,80.13,1.0,4.0,,,,,,,,,IWM
F5_TOM_IWM,F5,long,IWM turn of month (MOC -2 -> MOC +3),TOM,trainvalid1,105,105.0,-6.49,-0.24,0.543,-3.14,1.0,4.0,,,,,,,,,IWM
F5_TOM_IWM,F5,long,IWM turn of month (MOC -2 -> MOC +3),TOM,all_open,124,124.0,6.35,0.26,0.548,9.62,1.0,4.0,,,,,,,,,IWM
F5_TOM_IWM,F5,long,IWM turn of month (MOC -2 -> MOC +3),TOM,month_up,42,42.0,2.69,0.06,0.476,5.91,1.0,4.0,,,,,,,,,IWM
F5_TOM_IWM,F5,long,IWM turn of month (MOC -2 -> MOC +3),TOM,year_up,100,100.0,7.96,0.28,0.55,11.22,1.0,4.0,,,,,,,,,IWM
F5_TOM_IWM,F5,long,IWM turn of month (MOC -2 -> MOC +3),TOM,month_flat,41,41.0,-59.56,-1.73,0.463,-56.23,1.0,4.0,,,,,,,,,IWM
F5_TOM_IWM,F5,long,IWM turn of month (MOC -2 -> MOC +3),TOM,year_flat,0,,,,,,,,,,,,,,,,IWM
F5_TOM_IWM,F5,long,IWM turn of month (MOC -2 -> MOC +3),TOM,month_down,41,41.0,76.02,1.62,0.707,79.27,1.0,4.0,,,,,,,,,IWM
F5_TOM_IWM,F5,long,IWM turn of month (MOC -2 -> MOC +3),TOM,year_down,24,24.0,-0.32,-0.01,0.542,2.96,1.0,4.0,,,,,,,,,IWM
F5_TOM_IWM,F5,long,IWM turn of month (MOC -2 -> MOC +3),TOM,y2016,12,12.0,23.11,0.47,0.667,27.06,1.0,4.0,,,,,,,,,IWM
F5_TOM_IWM,F5,long,IWM turn of month (MOC -2 -> MOC +3),TOM,y2017,12,12.0,-26.21,-0.63,0.5,-22.63,1.0,4.0,,,,,,,,,IWM
F5_TOM_IWM,F5,long,IWM turn of month (MOC -2 -> MOC +3),TOM,y2018,12,12.0,1.82,0.03,0.583,5.24,1.0,4.0,,,,,,,,,IWM
F5_TOM_IWM,F5,long,IWM turn of month (MOC -2 -> MOC +3),TOM,y2019,12,12.0,-0.87,-0.01,0.583,2.54,1.0,4.0,,,,,,,,,IWM
F5_TOM_IWM,F5,long,IWM turn of month (MOC -2 -> MOC +3),TOM,y2020,12,12.0,57.33,0.47,0.667,60.77,1.0,4.0,,,,,,,,,IWM
F5_TOM_IWM,F5,long,IWM turn of month (MOC -2 -> MOC +3),TOM,y2021,12,12.0,-3.79,-0.05,0.583,-0.83,1.0,4.0,,,,,,,,,IWM
F5_TOM_IWM,F5,long,IWM turn of month (MOC -2 -> MOC +3),TOM,y2022,12,12.0,-2.46,-0.04,0.5,0.68,1.0,4.0,,,,,,,,,IWM
F5_TOM_IWM,F5,long,IWM turn of month (MOC -2 -> MOC +3),TOM,y2023,12,12.0,37.27,0.38,0.417,40.4,1.0,4.0,,,,,,,,,IWM
F5_TOM_IWM,F5,long,IWM turn of month (MOC -2 -> MOC +3),TOM,y2024,9,9.0,-190.6,-1.93,0.333,-187.61,1.0,4.0,,,,,,,,,IWM
F5_TOM_IWM,F5,long,IWM turn of month (MOC -2 -> MOC +3),TOM,y2025,10,10.0,61.27,0.82,0.7,64.17,1.0,4.0,,,,,,,,,IWM
F5_TOM_IWM,F5,long,IWM turn of month (MOC -2 -> MOC +3),TOM,y2026,9,9.0,95.15,1.22,0.444,97.87,1.0,4.0,,,,,,,,,IWM
F5_DOW_Mon_IWM,F5,long,IWM close-to-close ending Mon,DOW_Mon,train,327,327.0,1.85,0.2,0.535,5.26,1.0,1.0,,,,,,,,,IWM
F5_DOW_Mon_IWM,F5,long,IWM close-to-close ending Mon,DOW_Mon,valid1,84,84.0,17.61,1.57,0.655,20.69,1.0,1.0,,,,,,,,,IWM
F5_DOW_Mon_IWM,F5,long,IWM close-to-close ending Mon,DOW_Mon,valid2,77,77.0,23.06,1.82,0.597,25.89,1.0,1.0,,,,,,,,,IWM
F5_DOW_Mon_IWM,F5,long,IWM close-to-close ending Mon,DOW_Mon,trainvalid1,411,411.0,5.07,0.67,0.56,8.42,1.0,1.0,,,,,,,,,IWM
F5_DOW_Mon_IWM,F5,long,IWM close-to-close ending Mon,DOW_Mon,all_open,488,488.0,7.91,1.18,0.566,11.17,1.0,1.0,,,,,,,,,IWM
F5_DOW_Mon_IWM,F5,long,IWM close-to-close ending Mon,DOW_Mon,month_up,169,169.0,20.1,1.97,0.598,23.34,1.0,1.0,,,,,,,,,IWM
F5_DOW_Mon_IWM,F5,long,IWM close-to-close ending Mon,DOW_Mon,year_up,396,396.0,15.25,2.04,0.578,18.52,1.0,1.0,,,,,,,,,IWM
F5_DOW_Mon_IWM,F5,long,IWM close-to-close ending Mon,DOW_Mon,month_flat,158,158.0,16.93,1.81,0.538,20.25,1.0,1.0,,,,,,,,,IWM
F5_DOW_Mon_IWM,F5,long,IWM close-to-close ending Mon,DOW_Mon,year_flat,0,,,,,,,,,,,,,,,,IWM
F5_DOW_Mon_IWM,F5,long,IWM close-to-close ending Mon,DOW_Mon,month_down,161,161.0,-13.74,-0.95,0.559,-10.5,1.0,1.0,,,,,,,,,IWM
F5_DOW_Mon_IWM,F5,long,IWM close-to-close ending Mon,DOW_Mon,year_down,92,92.0,-23.71,-1.64,0.511,-20.43,1.0,1.0,,,,,,,,,IWM
F5_DOW_Mon_IWM,F5,long,IWM close-to-close ending Mon,DOW_Mon,day_up,174,174.0,0.34,0.03,0.569,3.6,1.0,1.0,,,,,,,,,IWM
F5_DOW_Mon_IWM,F5,long,IWM close-to-close ending Mon,DOW_Mon,day_flat,156,156.0,17.98,2.42,0.596,21.26,1.0,1.0,,,,,,,,,IWM
F5_DOW_Mon_IWM,F5,long,IWM close-to-close ending Mon,DOW_Mon,day_down,156,156.0,8.12,0.63,0.538,11.36,1.0,1.0,,,,,,,,,IWM
F5_DOW_Mon_IWM,F5,long,IWM close-to-close ending Mon,DOW_Mon,y2016,45,45.0,9.11,0.57,0.556,13.08,1.0,1.0,,,,,,,,,IWM
F5_DOW_Mon_IWM,F5,long,IWM close-to-close ending Mon,DOW_Mon,y2017,46,46.0,8.34,0.82,0.543,11.93,1.0,1.0,,,,,,,,,IWM
F5_DOW_Mon_IWM,F5,long,IWM close-to-close ending Mon,DOW_Mon,y2018,48,48.0,-22.37,-1.4,0.521,-18.96,1.0,1.0,,,,,,,,,IWM
F5_DOW_Mon_IWM,F5,long,IWM close-to-close ending Mon,DOW_Mon,y2019,48,48.0,2.01,0.14,0.5,5.43,1.0,1.0,,,,,,,,,IWM
F5_DOW_Mon_IWM,F5,long,IWM close-to-close ending Mon,DOW_Mon,y2020,49,49.0,26.18,0.59,0.633,29.64,1.0,1.0,,,,,,,,,IWM
F5_DOW_Mon_IWM,F5,long,IWM close-to-close ending Mon,DOW_Mon,y2021,47,47.0,13.01,0.65,0.489,15.97,1.0,1.0,,,,,,,,,IWM
F5_DOW_Mon_IWM,F5,long,IWM close-to-close ending Mon,DOW_Mon,y2022,44,44.0,-25.17,-1.02,0.5,-22.04,1.0,1.0,,,,,,,,,IWM
F5_DOW_Mon_IWM,F5,long,IWM close-to-close ending Mon,DOW_Mon,y2023,45,45.0,16.89,1.24,0.689,20.03,1.0,1.0,,,,,,,,,IWM
F5_DOW_Mon_IWM,F5,long,IWM close-to-close ending Mon,DOW_Mon,y2024,39,39.0,18.45,1.0,0.615,21.45,1.0,1.0,,,,,,,,,IWM
F5_DOW_Mon_IWM,F5,long,IWM close-to-close ending Mon,DOW_Mon,y2025,41,41.0,24.72,1.23,0.61,27.64,1.0,1.0,,,,,,,,,IWM
F5_DOW_Mon_IWM,F5,long,IWM close-to-close ending Mon,DOW_Mon,y2026,36,36.0,21.17,1.46,0.583,23.9,1.0,1.0,,,,,,,,,IWM
F5_DOW_Tue_IWM,F5,long,IWM close-to-close ending Tue,DOW_Tue,train,363,363.0,3.45,0.48,0.537,6.87,1.0,1.0,,,,,,,,,IWM
F5_DOW_Tue_IWM,F5,long,IWM close-to-close ending Tue,DOW_Tue,valid1,94,94.0,-8.05,-0.56,0.394,-4.98,1.0,1.0,,,,,,,,,IWM
F5_DOW_Tue_IWM,F5,long,IWM close-to-close ending Tue,DOW_Tue,valid2,84,84.0,6.21,0.5,0.512,9.04,1.0,1.0,,,,,,,,,IWM
F5_DOW_Tue_IWM,F5,long,IWM close-to-close ending Tue,DOW_Tue,trainvalid1,457,457.0,1.09,0.17,0.508,4.43,1.0,1.0,,,,,,,,,IWM
F5_DOW_Tue_IWM,F5,long,IWM close-to-close ending Tue,DOW_Tue,all_open,541,541.0,1.88,0.32,0.508,5.15,1.0,1.0,,,,,,,,,IWM
F5_DOW_Tue_IWM,F5,long,IWM close-to-close ending Tue,DOW_Tue,month_up,177,177.0,25.95,2.48,0.571,29.2,1.0,1.0,,,,,,,,,IWM
F5_DOW_Tue_IWM,F5,long,IWM close-to-close ending Tue,DOW_Tue,year_up,438,438.0,1.39,0.22,0.505,4.66,1.0,1.0,,,,,,,,,IWM
F5_DOW_Tue_IWM,F5,long,IWM close-to-close ending Tue,DOW_Tue,month_flat,181,181.0,-1.19,-0.15,0.519,2.13,1.0,1.0,,,,,,,,,IWM
F5_DOW_Tue_IWM,F5,long,IWM close-to-close ending Tue,DOW_Tue,year_flat,0,,,,,,,,,,,,,,,,IWM
F5_DOW_Tue_IWM,F5,long,IWM close-to-close ending Tue,DOW_Tue,month_down,183,183.0,-18.36,-1.65,0.437,-15.13,1.0,1.0,,,,,,,,,IWM
F5_DOW_Tue_IWM,F5,long,IWM close-to-close ending Tue,DOW_Tue,year_down,103,103.0,3.97,0.28,0.524,7.24,1.0,1.0,,,,,,,,,IWM
F5_DOW_Tue_IWM,F5,long,IWM close-to-close ending Tue,DOW_Tue,day_up,183,183.0,-13.54,-1.36,0.492,-10.29,1.0,1.0,,,,,,,,,IWM
F5_DOW_Tue_IWM,F5,long,IWM close-to-close ending Tue,DOW_Tue,day_flat,196,196.0,-0.67,-0.08,0.485,2.61,1.0,1.0,,,,,,,,,IWM
F5_DOW_Tue_IWM,F5,long,IWM close-to-close ending Tue,DOW_Tue,day_down,159,159.0,23.43,1.97,0.553,26.67,1.0,1.0,,,,,,,,,IWM
F5_DOW_Tue_IWM,F5,long,IWM close-to-close ending Tue,DOW_Tue,y2016,53,53.0,-3.26,-0.2,0.547,0.71,1.0,1.0,,,,,,,,,IWM
F5_DOW_Tue_IWM,F5,long,IWM close-to-close ending Tue,DOW_Tue,y2017,51,51.0,-5.35,-0.46,0.51,-1.77,1.0,1.0,,,,,,,,,IWM
F5_DOW_Tue_IWM,F5,long,IWM close-to-close ending Tue,DOW_Tue,y2018,50,50.0,-4.1,-0.26,0.52,-0.7,1.0,1.0,,,,,,,,,IWM
F5_DOW_Tue_IWM,F5,long,IWM close-to-close ending Tue,DOW_Tue,y2019,52,52.0,0.75,0.05,0.577,4.18,1.0,1.0,,,,,,,,,IWM
F5_DOW_Tue_IWM,F5,long,IWM close-to-close ending Tue,DOW_Tue,y2020,52,52.0,38.87,1.38,0.615,42.33,1.0,1.0,,,,,,,,,IWM
F5_DOW_Tue_IWM,F5,long,IWM close-to-close ending Tue,DOW_Tue,y2021,52,52.0,-14.83,-0.79,0.462,-11.87,1.0,1.0,,,,,,,,,IWM
F5_DOW_Tue_IWM,F5,long,IWM close-to-close ending Tue,DOW_Tue,y2022,53,53.0,11.58,0.5,0.528,14.72,1.0,1.0,,,,,,,,,IWM
F5_DOW_Tue_IWM,F5,long,IWM close-to-close ending Tue,DOW_Tue,y2023,51,51.0,4.79,0.23,0.373,7.93,1.0,1.0,,,,,,,,,IWM
F5_DOW_Tue_IWM,F5,long,IWM close-to-close ending Tue,DOW_Tue,y2024,43,43.0,-23.28,-1.2,0.419,-20.28,1.0,1.0,,,,,,,,,IWM
F5_DOW_Tue_IWM,F5,long,IWM close-to-close ending Tue,DOW_Tue,y2025,44,44.0,3.61,0.21,0.477,6.53,1.0,1.0,,,,,,,,,IWM
F5_DOW_Tue_IWM,F5,long,IWM close-to-close ending Tue,DOW_Tue,y2026,40,40.0,9.08,0.53,0.55,11.8,1.0,1.0,,,,,,,,,IWM
F5_DOW_Wed_IWM,F5,long,IWM close-to-close ending Wed,DOW_Wed,train,361,361.0,-0.04,-0.0,0.535,3.38,1.0,1.0,,,,,,,,,IWM
F5_DOW_Wed_IWM,F5,long,IWM close-to-close ending Wed,DOW_Wed,valid1,95,95.0,-13.63,-1.11,0.474,-10.56,1.0,1.0,,,,,,,,,IWM
F5_DOW_Wed_IWM,F5,long,IWM close-to-close ending Wed,DOW_Wed,valid2,84,84.0,15.09,0.98,0.488,17.91,1.0,1.0,,,,,,,,,IWM
F5_DOW_Wed_IWM,F5,long,IWM close-to-close ending Wed,DOW_Wed,trainvalid1,456,456.0,-2.87,-0.42,0.522,0.48,1.0,1.0,,,,,,,,,IWM
F5_DOW_Wed_IWM,F5,long,IWM close-to-close ending Wed,DOW_Wed,all_open,540,540.0,-0.08,-0.01,0.517,3.19,1.0,1.0,,,,,,,,,IWM
F5_DOW_Wed_IWM,F5,long,IWM close-to-close ending Wed,DOW_Wed,month_up,177,177.0,19.73,1.86,0.565,22.98,1.0,1.0,,,,,,,,,IWM
F5_DOW_Wed_IWM,F5,long,IWM close-to-close ending Wed,DOW_Wed,year_up,437,437.0,-0.01,-0.0,0.522,3.26,1.0,1.0,,,,,,,,,IWM
F5_DOW_Wed_IWM,F5,long,IWM close-to-close ending Wed,DOW_Wed,month_flat,180,180.0,-5.88,-0.67,0.5,-2.54,1.0,1.0,,,,,,,,,IWM
F5_DOW_Wed_IWM,F5,long,IWM close-to-close ending Wed,DOW_Wed,year_flat,0,,,,,,,,,,,,,,,,IWM
F5_DOW_Wed_IWM,F5,long,IWM close-to-close ending Wed,DOW_Wed,month_down,183,183.0,-13.53,-1.08,0.486,-10.31,1.0,1.0,,,,,,,,,IWM
F5_DOW_Wed_IWM,F5,long,IWM close-to-close ending Wed,DOW_Wed,year_down,103,103.0,-0.36,-0.02,0.495,2.91,1.0,1.0,,,,,,,,,IWM
F5_DOW_Wed_IWM,F5,long,IWM close-to-close ending Wed,DOW_Wed,day_up,167,167.0,5.21,0.45,0.569,8.5,1.0,1.0,,,,,,,,,IWM
F5_DOW_Wed_IWM,F5,long,IWM close-to-close ending Wed,DOW_Wed,day_flat,181,181.0,-10.11,-1.18,0.503,-6.87,1.0,1.0,,,,,,,,,IWM
F5_DOW_Wed_IWM,F5,long,IWM close-to-close ending Wed,DOW_Wed,day_down,189,189.0,7.21,0.6,0.487,10.47,1.0,1.0,,,,,,,,,IWM
F5_DOW_Wed_IWM,F5,long,IWM close-to-close ending Wed,DOW_Wed,y2016,52,52.0,8.2,0.54,0.596,12.18,1.0,1.0,,,,,,,,,IWM
F5_DOW_Wed_IWM,F5,long,IWM close-to-close ending Wed,DOW_Wed,y2017,52,52.0,4.57,0.4,0.519,8.16,1.0,1.0,,,,,,,,,IWM
F5_DOW_Wed_IWM,F5,long,IWM close-to-close ending Wed,DOW_Wed,y2018,51,51.0,10.28,0.57,0.569,13.69,1.0,1.0,,,,,,,,,IWM
F5_DOW_Wed_IWM,F5,long,IWM close-to-close ending Wed,DOW_Wed,y2019,50,50.0,1.97,0.16,0.56,5.39,1.0,1.0,,,,,,,,,IWM
F5_DOW_Wed_IWM,F5,long,IWM close-to-close ending Wed,DOW_Wed,y2020,52,52.0,-16.87,-0.48,0.538,-13.41,1.0,1.0,,,,,,,,,IWM
F5_DOW_Wed_IWM,F5,long,IWM close-to-close ending Wed,DOW_Wed,y2021,52,52.0,2.65,0.14,0.538,5.61,1.0,1.0,,,,,,,,,IWM
F5_DOW_Wed_IWM,F5,long,IWM close-to-close ending Wed,DOW_Wed,y2022,52,52.0,-10.79,-0.43,0.423,-7.66,1.0,1.0,,,,,,,,,IWM
F5_DOW_Wed_IWM,F5,long,IWM close-to-close ending Wed,DOW_Wed,y2023,52,52.0,-11.15,-0.68,0.538,-8.01,1.0,1.0,,,,,,,,,IWM
F5_DOW_Wed_IWM,F5,long,IWM close-to-close ending Wed,DOW_Wed,y2024,43,43.0,-16.64,-0.9,0.395,-13.64,1.0,1.0,,,,,,,,,IWM
F5_DOW_Wed_IWM,F5,long,IWM close-to-close ending Wed,DOW_Wed,y2025,44,44.0,31.75,1.3,0.523,34.66,1.0,1.0,,,,,,,,,IWM
F5_DOW_Wed_IWM,F5,long,IWM close-to-close ending Wed,DOW_Wed,y2026,40,40.0,-3.24,-0.19,0.45,-0.52,1.0,1.0,,,,,,,,,IWM
F5_DOW_Thu_IWM,F5,long,IWM close-to-close ending Thu,DOW_Thu,train,357,357.0,-5.41,-0.68,0.482,-1.98,1.0,1.0,,,,,,,,,IWM
F5_DOW_Thu_IWM,F5,long,IWM close-to-close ending Thu,DOW_Thu,valid1,94,94.0,5.2,0.38,0.5,8.28,1.0,1.0,,,,,,,,,IWM
F5_DOW_Thu_IWM,F5,long,IWM close-to-close ending Thu,DOW_Thu,valid2,80,80.0,-6.51,-0.39,0.562,-3.69,1.0,1.0,,,,,,,,,IWM
F5_DOW_Thu_IWM,F5,long,IWM close-to-close ending Thu,DOW_Thu,trainvalid1,451,451.0,-3.19,-0.46,0.486,0.16,1.0,1.0,,,,,,,,,IWM
F5_DOW_Thu_IWM,F5,long,IWM close-to-close ending Thu,DOW_Thu,all_open,531,531.0,-3.69,-0.58,0.497,-0.42,1.0,1.0,,,,,,,,,IWM
F5_DOW_Thu_IWM,F5,long,IWM close-to-close ending Thu,DOW_Thu,month_up,178,178.0,25.16,2.56,0.579,28.41,1.0,1.0,,,,,,,,,IWM
F5_DOW_Thu_IWM,F5,long,IWM close-to-close ending Thu,DOW_Thu,year_up,429,429.0,-1.47,-0.21,0.508,1.8,1.0,1.0,,,,,,,,,IWM
F5_DOW_Thu_IWM,F5,long,IWM close-to-close ending Thu,DOW_Thu,month_flat,175,175.0,-4.31,-0.45,0.48,-0.98,1.0,1.0,,,,,,,,,IWM
F5_DOW_Thu_IWM,F5,long,IWM close-to-close ending Thu,DOW_Thu,year_flat,0,,,,,,,,,,,,,,,,IWM
F5_DOW_Thu_IWM,F5,long,IWM close-to-close ending Thu,DOW_Thu,month_down,178,178.0,-31.94,-2.44,0.433,-28.71,1.0,1.0,,,,,,,,,IWM
F5_DOW_Thu_IWM,F5,long,IWM close-to-close ending Thu,DOW_Thu,year_down,102,102.0,-13.04,-0.86,0.451,-9.77,1.0,1.0,,,,,,,,,IWM
F5_DOW_Thu_IWM,F5,long,IWM close-to-close ending Thu,DOW_Thu,day_up,163,163.0,-6.03,-0.49,0.497,-2.75,1.0,1.0,,,,,,,,,IWM
F5_DOW_Thu_IWM,F5,long,IWM close-to-close ending Thu,DOW_Thu,day_flat,169,169.0,-11.75,-1.29,0.462,-8.46,1.0,1.0,,,,,,,,,IWM
F5_DOW_Thu_IWM,F5,long,IWM close-to-close ending Thu,DOW_Thu,day_down,196,196.0,5.98,0.52,0.531,9.21,1.0,1.0,,,,,,,,,IWM
F5_DOW_Thu_IWM,F5,long,IWM close-to-close ending Thu,DOW_Thu,y2016,51,51.0,0.03,0.0,0.471,4.0,1.0,1.0,,,,,,,,,IWM
F5_DOW_Thu_IWM,F5,long,IWM close-to-close ending Thu,DOW_Thu,y2017,51,51.0,-8.28,-0.74,0.451,-4.69,1.0,1.0,,,,,,,,,IWM
F5_DOW_Thu_IWM,F5,long,IWM close-to-close ending Thu,DOW_Thu,y2018,51,51.0,-5.16,-0.36,0.49,-1.76,1.0,1.0,,,,,,,,,IWM
F5_DOW_Thu_IWM,F5,long,IWM close-to-close ending Thu,DOW_Thu,y2019,51,51.0,5.38,0.43,0.49,8.81,1.0,1.0,,,,,,,,,IWM
F5_DOW_Thu_IWM,F5,long,IWM close-to-close ending Thu,DOW_Thu,y2020,51,51.0,-18.53,-0.51,0.549,-15.07,1.0,1.0,,,,,,,,,IWM
F5_DOW_Thu_IWM,F5,long,IWM close-to-close ending Thu,DOW_Thu,y2021,51,51.0,9.64,0.47,0.51,12.6,1.0,1.0,,,,,,,,,IWM
F5_DOW_Thu_IWM,F5,long,IWM close-to-close ending Thu,DOW_Thu,y2022,51,51.0,-20.92,-0.78,0.412,-17.78,1.0,1.0,,,,,,,,,IWM
F5_DOW_Thu_IWM,F5,long,IWM close-to-close ending Thu,DOW_Thu,y2023,51,51.0,-12.02,-0.69,0.451,-8.88,1.0,1.0,,,,,,,,,IWM
F5_DOW_Thu_IWM,F5,long,IWM close-to-close ending Thu,DOW_Thu,y2024,43,43.0,25.63,1.22,0.558,28.63,1.0,1.0,,,,,,,,,IWM
F5_DOW_Thu_IWM,F5,long,IWM close-to-close ending Thu,DOW_Thu,y2025,40,40.0,-25.08,-0.92,0.525,-22.16,1.0,1.0,,,,,,,,,IWM
F5_DOW_Thu_IWM,F5,long,IWM close-to-close ending Thu,DOW_Thu,y2026,40,40.0,12.05,0.65,0.6,14.78,1.0,1.0,,,,,,,,,IWM
F5_DOW_Fri_IWM,F5,long,IWM close-to-close ending Fri,DOW_Fri,train,354,354.0,4.2,0.57,0.528,7.62,1.0,1.0,,,,,,,,,IWM
F5_DOW_Fri_IWM,F5,long,IWM close-to-close ending Fri,DOW_Fri,valid1,93,93.0,16.68,1.24,0.559,19.75,1.0,1.0,,,,,,,,,IWM
F5_DOW_Fri_IWM,F5,long,IWM close-to-close ending Fri,DOW_Fri,valid2,79,79.0,-9.51,-0.59,0.519,-6.69,1.0,1.0,,,,,,,,,IWM
F5_DOW_Fri_IWM,F5,long,IWM close-to-close ending Fri,DOW_Fri,trainvalid1,447,447.0,6.79,1.05,0.535,10.14,1.0,1.0,,,,,,,,,IWM
F5_DOW_Fri_IWM,F5,long,IWM close-to-close ending Fri,DOW_Fri,all_open,526,526.0,4.35,0.72,0.532,7.62,1.0,1.0,,,,,,,,,IWM
F5_DOW_Fri_IWM,F5,long,IWM close-to-close ending Fri,DOW_Fri,month_up,175,175.0,29.66,2.99,0.629,32.91,1.0,1.0,,,,,,,,,IWM
F5_DOW_Fri_IWM,F5,long,IWM close-to-close ending Fri,DOW_Fri,year_up,424,424.0,9.26,1.4,0.542,12.53,1.0,1.0,,,,,,,,,IWM
F5_DOW_Fri_IWM,F5,long,IWM close-to-close ending Fri,DOW_Fri,month_flat,174,174.0,12.29,1.3,0.552,15.62,1.0,1.0,,,,,,,,,IWM
F5_DOW_Fri_IWM,F5,long,IWM close-to-close ending Fri,DOW_Fri,year_flat,0,,,,,,,,,,,,,,,,IWM
F5_DOW_Fri_IWM,F5,long,IWM close-to-close ending Fri,DOW_Fri,month_down,177,177.0,-28.49,-2.55,0.418,-25.25,1.0,1.0,,,,,,,,,IWM
F5_DOW_Fri_IWM,F5,long,IWM close-to-close ending Fri,DOW_Fri,year_down,102,102.0,-16.08,-1.16,0.49,-12.81,1.0,1.0,,,,,,,,,IWM
F5_DOW_Fri_IWM,F5,long,IWM close-to-close ending Fri,DOW_Fri,day_up,185,185.0,-7.7,-0.76,0.503,-4.43,1.0,1.0,,,,,,,,,IWM
F5_DOW_Fri_IWM,F5,long,IWM close-to-close ending Fri,DOW_Fri,day_flat,167,167.0,7.11,0.86,0.521,10.38,1.0,1.0,,,,,,,,,IWM
F5_DOW_Fri_IWM,F5,long,IWM close-to-close ending Fri,DOW_Fri,day_down,171,171.0,15.36,1.26,0.579,18.62,1.0,1.0,,,,,,,,,IWM
F5_DOW_Fri_IWM,F5,long,IWM close-to-close ending Fri,DOW_Fri,y2016,51,51.0,14.47,0.78,0.588,18.43,1.0,1.0,,,,,,,,,IWM
F5_DOW_Fri_IWM,F5,long,IWM close-to-close ending Fri,DOW_Fri,y2017,51,51.0,12.64,1.8,0.569,16.23,1.0,1.0,,,,,,,,,IWM
F5_DOW_Fri_IWM,F5,long,IWM close-to-close ending Fri,DOW_Fri,y2018,51,51.0,-17.47,-1.25,0.49,-14.06,1.0,1.0,,,,,,,,,IWM
F5_DOW_Fri_IWM,F5,long,IWM close-to-close ending Fri,DOW_Fri,y2019,51,51.0,18.94,1.12,0.627,22.37,1.0,1.0,,,,,,,,,IWM
F5_DOW_Fri_IWM,F5,long,IWM close-to-close ending Fri,DOW_Fri,y2020,49,49.0,2.77,0.1,0.408,6.23,1.0,1.0,,,,,,,,,IWM
F5_DOW_Fri_IWM,F5,long,IWM close-to-close ending Fri,DOW_Fri,y2021,50,50.0,12.84,0.7,0.52,15.8,1.0,1.0,,,,,,,,,IWM
F5_DOW_Fri_IWM,F5,long,IWM close-to-close ending Fri,DOW_Fri,y2022,51,51.0,-14.69,-0.61,0.49,-11.56,1.0,1.0,,,,,,,,,IWM
F5_DOW_Fri_IWM,F5,long,IWM close-to-close ending Fri,DOW_Fri,y2023,51,51.0,22.61,1.21,0.569,25.75,1.0,1.0,,,,,,,,,IWM
F5_DOW_Fri_IWM,F5,long,IWM close-to-close ending Fri,DOW_Fri,y2024,42,42.0,9.47,0.49,0.548,12.46,1.0,1.0,,,,,,,,,IWM
F5_DOW_Fri_IWM,F5,long,IWM close-to-close ending Fri,DOW_Fri,y2025,42,42.0,-2.0,-0.09,0.524,0.91,1.0,1.0,,,,,,,,,IWM
F5_DOW_Fri_IWM,F5,long,IWM close-to-close ending Fri,DOW_Fri,y2026,37,37.0,-18.03,-0.81,0.514,-15.3,1.0,1.0,,,,,,,,,IWM
F5_ON_IWM,F5,long,IWM overnight every day,ON,train,1762,1762.0,2.66,1.22,0.545,6.08,1.0,1.0,,,,,,,,,IWM
F5_ON_IWM,F5,long,IWM overnight every day,ON,valid1,460,460.0,2.99,0.8,0.52,6.07,1.0,1.0,,,,,,,,,IWM
F5_ON_IWM,F5,long,IWM overnight every day,ON,valid2,404,404.0,0.58,0.13,0.53,3.4,1.0,1.0,,,,,,,,,IWM
F5_ON_IWM,F5,long,IWM overnight every day,ON,trainvalid1,2222,2222.0,2.73,1.44,0.54,6.08,1.0,1.0,,,,,,,,,IWM
F5_ON_IWM,F5,long,IWM overnight every day,ON,all_open,2626,2626.0,2.4,1.38,0.538,5.67,1.0,1.0,,,,,,,,,IWM
F5_ON_IWM,F5,long,IWM overnight every day,ON,month_up,876,876.0,13.04,4.34,0.557,16.29,1.0,1.0,,,,,,,,,IWM
F5_ON_IWM,F5,long,IWM overnight every day,ON,year_up,2124,2124.0,3.59,1.79,0.545,6.86,1.0,1.0,,,,,,,,,IWM
F5_ON_IWM,F5,long,IWM overnight every day,ON,month_flat,868,868.0,5.37,2.24,0.57,8.7,1.0,1.0,,,,,,,,,IWM
F5_ON_IWM,F5,long,IWM overnight every day,ON,year_flat,0,,,,,,,,,,,,,,,,IWM
F5_ON_IWM,F5,long,IWM overnight every day,ON,month_down,882,882.0,-11.1,-3.2,0.488,-7.87,1.0,1.0,,,,,,,,,IWM
F5_ON_IWM,F5,long,IWM overnight every day,ON,year_down,502,502.0,-2.65,-0.81,0.51,0.62,1.0,1.0,,,,,,,,,IWM
F5_ON_IWM,F5,long,IWM overnight every day,ON,day_up,872,872.0,-0.63,-0.2,0.509,2.64,1.0,1.0,,,,,,,,,IWM
F5_ON_IWM,F5,long,IWM overnight every day,ON,day_flat,869,869.0,4.51,2.08,0.548,7.78,1.0,1.0,,,,,,,,,IWM
F5_ON_IWM,F5,long,IWM overnight every day,ON,day_down,871,871.0,3.72,1.07,0.556,6.97,1.0,1.0,,,,,,,,,IWM
F5_ON_IWM,F5,long,IWM overnight every day,ON,y2016,252,252.0,-2.29,-0.58,0.512,1.68,1.0,1.0,,,,,,,,,IWM
F5_ON_IWM,F5,long,IWM overnight every day,ON,y2017,251,251.0,2.61,1.05,0.554,6.19,1.0,1.0,,,,,,,,,IWM
F5_ON_IWM,F5,long,IWM overnight every day,ON,y2018,251,251.0,0.8,0.27,0.53,4.21,1.0,1.0,,,,,,,,,IWM
F5_ON_IWM,F5,long,IWM overnight every day,ON,y2019,252,252.0,4.43,1.36,0.575,7.85,1.0,1.0,,,,,,,,,IWM
F5_ON_IWM,F5,long,IWM overnight every day,ON,y2020,253,253.0,9.79,0.84,0.565,13.25,1.0,1.0,,,,,,,,,IWM
F5_ON_IWM,F5,long,IWM overnight every day,ON,y2021,252,252.0,9.31,2.01,0.587,12.27,1.0,1.0,,,,,,,,,IWM
F5_ON_IWM,F5,long,IWM overnight every day,ON,y2022,251,251.0,-6.1,-1.04,0.49,-2.97,1.0,1.0,,,,,,,,,IWM
F5_ON_IWM,F5,long,IWM overnight every day,ON,y2023,250,250.0,0.46,0.1,0.5,3.6,1.0,1.0,,,,,,,,,IWM
F5_ON_IWM,F5,long,IWM overnight every day,ON,y2024,210,210.0,6.0,0.96,0.543,9.0,1.0,1.0,,,,,,,,,IWM
F5_ON_IWM,F5,long,IWM overnight every day,ON,y2025,211,211.0,-1.61,-0.24,0.536,1.3,1.0,1.0,,,,,,,,,IWM
F5_ON_IWM,F5,long,IWM overnight every day,ON,y2026,193,193.0,2.97,0.53,0.523,5.7,1.0,1.0,,,,,,,,,IWM
F5_TOM_EW,F5,long,EW turn of month (MOC -2 -> MOC +3),TOM,train,84,84.0,25.02,1.02,0.56,32.33,1.0,4.0,,,,,,,,,EW
F5_TOM_EW,F5,long,EW turn of month (MOC -2 -> MOC +3),TOM,valid1,21,21.0,-25.82,-0.49,0.429,-19.44,1.0,4.0,,,,,,,,,EW
F5_TOM_EW,F5,long,EW turn of month (MOC -2 -> MOC +3),TOM,valid2,19,19.0,83.39,1.81,0.579,89.21,1.0,4.0,,,,,,,,,EW
F5_TOM_EW,F5,long,EW turn of month (MOC -2 -> MOC +3),TOM,trainvalid1,105,105.0,14.85,0.67,0.533,21.98,1.0,4.0,,,,,,,,,EW
F5_TOM_EW,F5,long,EW turn of month (MOC -2 -> MOC +3),TOM,all_open,124,124.0,25.35,1.25,0.54,32.28,1.0,4.0,,,,,,,,,EW
F5_TOM_EW,F5,long,EW turn of month (MOC -2 -> MOC +3),TOM,month_up,42,42.0,15.84,0.48,0.524,22.62,1.0,4.0,,,,,,,,,EW
F5_TOM_EW,F5,long,EW turn of month (MOC -2 -> MOC +3),TOM,year_up,100,100.0,30.68,1.36,0.56,37.6,1.0,4.0,,,,,,,,,EW
F5_TOM_EW,F5,long,EW turn of month (MOC -2 -> MOC +3),TOM,month_flat,41,41.0,-24.69,-0.9,0.439,-17.59,1.0,4.0,,,,,,,,,EW
F5_TOM_EW,F5,long,EW turn of month (MOC -2 -> MOC +3),TOM,year_flat,0,,,,,,,,,,,,,,,,EW
F5_TOM_EW,F5,long,EW turn of month (MOC -2 -> MOC +3),TOM,month_down,41,41.0,85.14,2.08,0.659,92.05,1.0,4.0,,,,,,,,,EW
F5_TOM_EW,F5,long,EW turn of month (MOC -2 -> MOC +3),TOM,year_down,24,24.0,3.14,0.07,0.458,10.12,1.0,4.0,,,,,,,,,EW
F5_TOM_EW,F5,long,EW turn of month (MOC -2 -> MOC +3),TOM,y2016,12,12.0,26.44,0.6,0.667,35.11,1.0,4.0,,,,,,,,,EW
F5_TOM_EW,F5,long,EW turn of month (MOC -2 -> MOC +3),TOM,y2017,12,12.0,20.06,0.84,0.5,27.89,1.0,4.0,,,,,,,,,EW
F5_TOM_EW,F5,long,EW turn of month (MOC -2 -> MOC +3),TOM,y2018,12,12.0,-5.03,-0.08,0.5,2.38,1.0,4.0,,,,,,,,,EW
F5_TOM_EW,F5,long,EW turn of month (MOC -2 -> MOC +3),TOM,y2019,12,12.0,22.83,0.35,0.667,30.0,1.0,4.0,,,,,,,,,EW
F5_TOM_EW,F5,long,EW turn of month (MOC -2 -> MOC +3),TOM,y2020,12,12.0,105.0,1.01,0.75,112.46,1.0,4.0,,,,,,,,,EW
F5_TOM_EW,F5,long,EW turn of month (MOC -2 -> MOC +3),TOM,y2021,12,12.0,-5.48,-0.11,0.417,0.62,1.0,4.0,,,,,,,,,EW
F5_TOM_EW,F5,long,EW turn of month (MOC -2 -> MOC +3),TOM,y2022,12,12.0,11.31,0.17,0.417,17.85,1.0,4.0,,,,,,,,,EW
F5_TOM_EW,F5,long,EW turn of month (MOC -2 -> MOC +3),TOM,y2023,12,12.0,36.91,0.51,0.417,43.43,1.0,4.0,,,,,,,,,EW
F5_TOM_EW,F5,long,EW turn of month (MOC -2 -> MOC +3),TOM,y2024,9,9.0,-109.45,-1.68,0.444,-103.27,1.0,4.0,,,,,,,,,EW
F5_TOM_EW,F5,long,EW turn of month (MOC -2 -> MOC +3),TOM,y2025,10,10.0,60.11,0.92,0.6,66.12,1.0,4.0,,,,,,,,,EW
F5_TOM_EW,F5,long,EW turn of month (MOC -2 -> MOC +3),TOM,y2026,9,9.0,109.24,1.72,0.556,114.87,1.0,4.0,,,,,,,,,EW
F5_DOW_Mon_EW,F5,long,EW close-to-close ending Mon,DOW_Mon,train,325,325.0,-5.51,-0.65,0.495,1.81,1.0,1.0,,,,,,,,,EW
F5_DOW_Mon_EW,F5,long,EW close-to-close ending Mon,DOW_Mon,valid1,84,84.0,16.7,2.13,0.655,23.08,1.0,1.0,,,,,,,,,EW
F5_DOW_Mon_EW,F5,long,EW close-to-close ending Mon,DOW_Mon,valid2,77,77.0,20.89,1.89,0.597,26.74,1.0,1.0,,,,,,,,,EW
F5_DOW_Mon_EW,F5,long,EW close-to-close ending Mon,DOW_Mon,trainvalid1,409,409.0,-0.95,-0.14,0.528,6.18,1.0,1.0,,,,,,,,,EW
F5_DOW_Mon_EW,F5,long,EW close-to-close ending Mon,DOW_Mon,all_open,486,486.0,2.51,0.41,0.539,9.43,1.0,1.0,,,,,,,,,EW
F5_DOW_Mon_EW,F5,long,EW close-to-close ending Mon,DOW_Mon,month_up,169,169.0,17.02,1.91,0.574,23.86,1.0,1.0,,,,,,,,,EW
F5_DOW_Mon_EW,F5,long,EW close-to-close ending Mon,DOW_Mon,year_up,394,394.0,9.49,1.42,0.563,16.4,1.0,1.0,,,,,,,,,EW
F5_DOW_Mon_EW,F5,long,EW close-to-close ending Mon,DOW_Mon,month_flat,156,156.0,9.97,1.42,0.519,17.02,1.0,1.0,,,,,,,,,EW
F5_DOW_Mon_EW,F5,long,EW close-to-close ending Mon,DOW_Mon,year_flat,0,,,,,,,,,,,,,,,,EW
F5_DOW_Mon_EW,F5,long,EW close-to-close ending Mon,DOW_Mon,month_down,161,161.0,-19.94,-1.41,0.522,-13.07,1.0,1.0,,,,,,,,,EW
F5_DOW_Mon_EW,F5,long,EW close-to-close ending Mon,DOW_Mon,year_down,92,92.0,-27.4,-1.93,0.435,-20.41,1.0,1.0,,,,,,,,,EW
F5_DOW_Mon_EW,F5,long,EW close-to-close ending Mon,DOW_Mon,day_up,174,174.0,-2.31,-0.19,0.506,4.6,1.0,1.0,,,,,,,,,EW
F5_DOW_Mon_EW,F5,long,EW close-to-close ending Mon,DOW_Mon,day_flat,156,156.0,10.94,1.95,0.577,17.92,1.0,1.0,,,,,,,,,EW
F5_DOW_Mon_EW,F5,long,EW close-to-close ending Mon,DOW_Mon,day_down,156,156.0,-0.54,-0.05,0.538,6.33,1.0,1.0,,,,,,,,,EW
F5_DOW_Mon_EW,F5,long,EW close-to-close ending Mon,DOW_Mon,y2016,43,43.0,3.31,0.25,0.488,11.98,1.0,1.0,,,,,,,,,EW
F5_DOW_Mon_EW,F5,long,EW close-to-close ending Mon,DOW_Mon,y2017,46,46.0,5.28,0.82,0.478,13.17,1.0,1.0,,,,,,,,,EW
F5_DOW_Mon_EW,F5,long,EW close-to-close ending Mon,DOW_Mon,y2018,48,48.0,-21.4,-1.33,0.458,-14.01,1.0,1.0,,,,,,,,,EW
F5_DOW_Mon_EW,F5,long,EW close-to-close ending Mon,DOW_Mon,y2019,48,48.0,-7.25,-0.59,0.5,-0.06,1.0,1.0,,,,,,,,,EW
F5_DOW_Mon_EW,F5,long,EW close-to-close ending Mon,DOW_Mon,y2020,49,49.0,6.79,0.15,0.612,14.3,1.0,1.0,,,,,,,,,EW
F5_DOW_Mon_EW,F5,long,EW close-to-close ending Mon,DOW_Mon,y2021,47,47.0,7.63,0.57,0.511,13.74,1.0,1.0,,,,,,,,,EW
F5_DOW_Mon_EW,F5,long,EW close-to-close ending Mon,DOW_Mon,y2022,44,44.0,-33.94,-1.42,0.409,-27.39,1.0,1.0,,,,,,,,,EW
F5_DOW_Mon_EW,F5,long,EW close-to-close ending Mon,DOW_Mon,y2023,45,45.0,21.46,2.19,0.689,28.02,1.0,1.0,,,,,,,,,EW
F5_DOW_Mon_EW,F5,long,EW close-to-close ending Mon,DOW_Mon,y2024,39,39.0,11.2,0.9,0.615,17.39,1.0,1.0,,,,,,,,,EW
F5_DOW_Mon_EW,F5,long,EW close-to-close ending Mon,DOW_Mon,y2025,41,41.0,19.76,1.11,0.61,25.8,1.0,1.0,,,,,,,,,EW
F5_DOW_Mon_EW,F5,long,EW close-to-close ending Mon,DOW_Mon,y2026,36,36.0,22.18,1.81,0.583,27.82,1.0,1.0,,,,,,,,,EW
F5_DOW_Tue_EW,F5,long,EW close-to-close ending Tue,DOW_Tue,train,360,360.0,4.86,0.72,0.514,12.17,1.0,1.0,,,,,,,,,EW
F5_DOW_Tue_EW,F5,long,EW close-to-close ending Tue,DOW_Tue,valid1,94,94.0,-7.88,-0.75,0.447,-1.51,1.0,1.0,,,,,,,,,EW
F5_DOW_Tue_EW,F5,long,EW close-to-close ending Tue,DOW_Tue,valid2,84,84.0,0.02,0.0,0.452,5.87,1.0,1.0,,,,,,,,,EW
F5_DOW_Tue_EW,F5,long,EW close-to-close ending Tue,DOW_Tue,trainvalid1,454,454.0,2.22,0.39,0.5,9.33,1.0,1.0,,,,,,,,,EW
F5_DOW_Tue_EW,F5,long,EW close-to-close ending Tue,DOW_Tue,all_open,538,538.0,1.88,0.37,0.493,8.79,1.0,1.0,,,,,,,,,EW
F5_DOW_Tue_EW,F5,long,EW close-to-close ending Tue,DOW_Tue,month_up,177,177.0,23.42,2.94,0.588,30.29,1.0,1.0,,,,,,,,,EW
F5_DOW_Tue_EW,F5,long,EW close-to-close ending Tue,DOW_Tue,year_up,435,435.0,2.1,0.38,0.487,9.01,1.0,1.0,,,,,,,,,EW
F5_DOW_Tue_EW,F5,long,EW close-to-close ending Tue,DOW_Tue,month_flat,178,178.0,-2.12,-0.33,0.483,4.93,1.0,1.0,,,,,,,,,EW
F5_DOW_Tue_EW,F5,long,EW close-to-close ending Tue,DOW_Tue,year_flat,0,,,,,,,,,,,,,,,,EW
F5_DOW_Tue_EW,F5,long,EW close-to-close ending Tue,DOW_Tue,month_down,183,183.0,-15.07,-1.35,0.41,-8.24,1.0,1.0,,,,,,,,,EW
F5_DOW_Tue_EW,F5,long,EW close-to-close ending Tue,DOW_Tue,year_down,103,103.0,0.94,0.07,0.515,7.87,1.0,1.0,,,,,,,,,EW
F5_DOW_Tue_EW,F5,long,EW close-to-close ending Tue,DOW_Tue,day_up,183,183.0,-10.22,-1.19,0.464,-3.35,1.0,1.0,,,,,,,,,EW
F5_DOW_Tue_EW,F5,long,EW close-to-close ending Tue,DOW_Tue,day_flat,196,196.0,-2.83,-0.43,0.485,4.15,1.0,1.0,,,,,,,,,EW
F5_DOW_Tue_EW,F5,long,EW close-to-close ending Tue,DOW_Tue,day_down,159,159.0,21.61,1.86,0.535,28.49,1.0,1.0,,,,,,,,,EW
F5_DOW_Tue_EW,F5,long,EW close-to-close ending Tue,DOW_Tue,y2016,50,50.0,0.11,0.01,0.52,8.78,1.0,1.0,,,,,,,,,EW
F5_DOW_Tue_EW,F5,long,EW close-to-close ending Tue,DOW_Tue,y2017,51,51.0,-4.55,-0.61,0.451,3.32,1.0,1.0,,,,,,,,,EW
F5_DOW_Tue_EW,F5,long,EW close-to-close ending Tue,DOW_Tue,y2018,50,50.0,-6.23,-0.47,0.48,1.11,1.0,1.0,,,,,,,,,EW
F5_DOW_Tue_EW,F5,long,EW close-to-close ending Tue,DOW_Tue,y2019,52,52.0,1.02,0.09,0.519,8.21,1.0,1.0,,,,,,,,,EW
F5_DOW_Tue_EW,F5,long,EW close-to-close ending Tue,DOW_Tue,y2020,52,52.0,39.51,1.31,0.596,47.0,1.0,1.0,,,,,,,,,EW
F5_DOW_Tue_EW,F5,long,EW close-to-close ending Tue,DOW_Tue,y2021,52,52.0,-4.4,-0.32,0.481,1.72,1.0,1.0,,,,,,,,,EW
F5_DOW_Tue_EW,F5,long,EW close-to-close ending Tue,DOW_Tue,y2022,53,53.0,7.71,0.36,0.547,14.25,1.0,1.0,,,,,,,,,EW
F5_DOW_Tue_EW,F5,long,EW close-to-close ending Tue,DOW_Tue,y2023,51,51.0,-0.82,-0.05,0.51,5.7,1.0,1.0,,,,,,,,,EW
F5_DOW_Tue_EW,F5,long,EW close-to-close ending Tue,DOW_Tue,y2024,43,43.0,-16.25,-1.25,0.372,-10.06,1.0,1.0,,,,,,,,,EW
F5_DOW_Tue_EW,F5,long,EW close-to-close ending Tue,DOW_Tue,y2025,44,44.0,-1.65,-0.12,0.409,4.39,1.0,1.0,,,,,,,,,EW
F5_DOW_Tue_EW,F5,long,EW close-to-close ending Tue,DOW_Tue,y2026,40,40.0,1.87,0.12,0.5,7.49,1.0,1.0,,,,,,,,,EW
F5_DOW_Wed_EW,F5,long,EW close-to-close ending Wed,DOW_Wed,train,358,358.0,1.99,0.28,0.534,9.3,1.0,1.0,,,,,,,,,EW
F5_DOW_Wed_EW,F5,long,EW close-to-close ending Wed,DOW_Wed,valid1,95,95.0,-9.76,-1.0,0.474,-3.38,1.0,1.0,,,,,,,,,EW
F5_DOW_Wed_EW,F5,long,EW close-to-close ending Wed,DOW_Wed,valid2,84,84.0,14.77,0.98,0.5,20.62,1.0,1.0,,,,,,,,,EW
F5_DOW_Wed_EW,F5,long,EW close-to-close ending Wed,DOW_Wed,trainvalid1,453,453.0,-0.48,-0.08,0.521,6.64,1.0,1.0,,,,,,,,,EW
F5_DOW_Wed_EW,F5,long,EW close-to-close ending Wed,DOW_Wed,all_open,537,537.0,1.91,0.34,0.518,8.83,1.0,1.0,,,,,,,,,EW
F5_DOW_Wed_EW,F5,long,EW close-to-close ending Wed,DOW_Wed,month_up,177,177.0,18.52,2.17,0.576,25.4,1.0,1.0,,,,,,,,,EW
F5_DOW_Wed_EW,F5,long,EW close-to-close ending Wed,DOW_Wed,year_up,434,434.0,1.88,0.32,0.535,8.79,1.0,1.0,,,,,,,,,EW
F5_DOW_Wed_EW,F5,long,EW close-to-close ending Wed,DOW_Wed,month_flat,177,177.0,-4.25,-0.6,0.503,2.81,1.0,1.0,,,,,,,,,EW
F5_DOW_Wed_EW,F5,long,EW close-to-close ending Wed,DOW_Wed,year_flat,0,,,,,,,,,,,,,,,,EW
F5_DOW_Wed_EW,F5,long,EW close-to-close ending Wed,DOW_Wed,month_down,183,183.0,-8.2,-0.67,0.475,-1.38,1.0,1.0,,,,,,,,,EW
F5_DOW_Wed_EW,F5,long,EW close-to-close ending Wed,DOW_Wed,year_down,103,103.0,2.03,0.14,0.447,8.99,1.0,1.0,,,,,,,,,EW
F5_DOW_Wed_EW,F5,long,EW close-to-close ending Wed,DOW_Wed,day_up,167,167.0,4.34,0.41,0.593,11.31,1.0,1.0,,,,,,,,,EW
F5_DOW_Wed_EW,F5,long,EW close-to-close ending Wed,DOW_Wed,day_flat,181,181.0,-7.62,-1.1,0.481,-0.76,1.0,1.0,,,,,,,,,EW
F5_DOW_Wed_EW,F5,long,EW close-to-close ending Wed,DOW_Wed,day_down,189,189.0,8.88,0.83,0.487,15.82,1.0,1.0,,,,,,,,,EW
F5_DOW_Wed_EW,F5,long,EW close-to-close ending Wed,DOW_Wed,y2016,49,49.0,15.17,1.34,0.592,23.84,1.0,1.0,,,,,,,,,EW
F5_DOW_Wed_EW,F5,long,EW close-to-close ending Wed,DOW_Wed,y2017,52,52.0,3.16,0.41,0.5,11.05,1.0,1.0,,,,,,,,,EW
F5_DOW_Wed_EW,F5,long,EW close-to-close ending Wed,DOW_Wed,y2018,51,51.0,3.46,0.21,0.451,10.82,1.0,1.0,,,,,,,,,EW
F5_DOW_Wed_EW,F5,long,EW close-to-close ending Wed,DOW_Wed,y2019,50,50.0,-0.97,-0.09,0.56,6.23,1.0,1.0,,,,,,,,,EW
F5_DOW_Wed_EW,F5,long,EW close-to-close ending Wed,DOW_Wed,y2020,52,52.0,-6.32,-0.19,0.577,1.17,1.0,1.0,,,,,,,,,EW
F5_DOW_Wed_EW,F5,long,EW close-to-close ending Wed,DOW_Wed,y2021,52,52.0,-0.55,-0.04,0.615,5.57,1.0,1.0,,,,,,,,,EW
F5_DOW_Wed_EW,F5,long,EW close-to-close ending Wed,DOW_Wed,y2022,52,52.0,0.63,0.03,0.442,7.18,1.0,1.0,,,,,,,,,EW
F5_DOW_Wed_EW,F5,long,EW close-to-close ending Wed,DOW_Wed,y2023,52,52.0,-12.24,-0.89,0.481,-5.7,1.0,1.0,,,,,,,,,EW
F5_DOW_Wed_EW,F5,long,EW close-to-close ending Wed,DOW_Wed,y2024,43,43.0,-6.77,-0.49,0.465,-0.59,1.0,1.0,,,,,,,,,EW
F5_DOW_Wed_EW,F5,long,EW close-to-close ending Wed,DOW_Wed,y2025,44,44.0,33.35,1.33,0.591,39.38,1.0,1.0,,,,,,,,,EW
F5_DOW_Wed_EW,F5,long,EW close-to-close ending Wed,DOW_Wed,y2026,40,40.0,-5.65,-0.39,0.4,-0.03,1.0,1.0,,,,,,,,,EW
F5_DOW_Thu_EW,F5,long,EW close-to-close ending Thu,DOW_Thu,train,354,354.0,-4.27,-0.61,0.506,3.05,1.0,1.0,,,,,,,,,EW
F5_DOW_Thu_EW,F5,long,EW close-to-close ending Thu,DOW_Thu,valid1,94,94.0,3.84,0.37,0.489,10.22,1.0,1.0,,,,,,,,,EW
F5_DOW_Thu_EW,F5,long,EW close-to-close ending Thu,DOW_Thu,valid2,80,80.0,-11.63,-0.81,0.562,-5.79,1.0,1.0,,,,,,,,,EW
F5_DOW_Thu_EW,F5,long,EW close-to-close ending Thu,DOW_Thu,trainvalid1,448,448.0,-2.57,-0.43,0.502,4.55,1.0,1.0,,,,,,,,,EW
F5_DOW_Thu_EW,F5,long,EW close-to-close ending Thu,DOW_Thu,all_open,528,528.0,-3.94,-0.71,0.511,2.99,1.0,1.0,,,,,,,,,EW
F5_DOW_Thu_EW,F5,long,EW close-to-close ending Thu,DOW_Thu,month_up,178,178.0,21.98,2.79,0.596,28.88,1.0,1.0,,,,,,,,,EW
F5_DOW_Thu_EW,F5,long,EW close-to-close ending Thu,DOW_Thu,year_up,426,426.0,-2.1,-0.36,0.526,4.82,1.0,1.0,,,,,,,,,EW
F5_DOW_Thu_EW,F5,long,EW close-to-close ending Thu,DOW_Thu,month_flat,172,172.0,-1.07,-0.14,0.506,5.98,1.0,1.0,,,,,,,,,EW
F5_DOW_Thu_EW,F5,long,EW close-to-close ending Thu,DOW_Thu,year_flat,0,,,,,,,,,,,,,,,,EW
F5_DOW_Thu_EW,F5,long,EW close-to-close ending Thu,DOW_Thu,month_down,178,178.0,-32.65,-2.7,0.433,-25.79,1.0,1.0,,,,,,,,,EW
F5_DOW_Thu_EW,F5,long,EW close-to-close ending Thu,DOW_Thu,year_down,102,102.0,-11.63,-0.79,0.451,-4.69,1.0,1.0,,,,,,,,,EW
F5_DOW_Thu_EW,F5,long,EW close-to-close ending Thu,DOW_Thu,day_up,163,163.0,-8.18,-0.79,0.503,-1.23,1.0,1.0,,,,,,,,,EW
F5_DOW_Thu_EW,F5,long,EW close-to-close ending Thu,DOW_Thu,day_flat,169,169.0,-9.41,-1.27,0.467,-2.44,1.0,1.0,,,,,,,,,EW
F5_DOW_Thu_EW,F5,long,EW close-to-close ending Thu,DOW_Thu,day_down,196,196.0,4.3,0.42,0.556,11.17,1.0,1.0,,,,,,,,,EW
F5_DOW_Thu_EW,F5,long,EW close-to-close ending Thu,DOW_Thu,y2016,48,48.0,-2.73,-0.29,0.438,5.96,1.0,1.0,,,,,,,,,EW
F5_DOW_Thu_EW,F5,long,EW close-to-close ending Thu,DOW_Thu,y2017,51,51.0,-10.03,-1.27,0.431,-2.13,1.0,1.0,,,,,,,,,EW
F5_DOW_Thu_EW,F5,long,EW close-to-close ending Thu,DOW_Thu,y2018,51,51.0,-6.91,-0.51,0.451,0.43,1.0,1.0,,,,,,,,,EW
F5_DOW_Thu_EW,F5,long,EW close-to-close ending Thu,DOW_Thu,y2019,51,51.0,12.37,1.21,0.627,19.58,1.0,1.0,,,,,,,,,EW
F5_DOW_Thu_EW,F5,long,EW close-to-close ending Thu,DOW_Thu,y2020,51,51.0,-19.73,-0.61,0.529,-12.22,1.0,1.0,,,,,,,,,EW
F5_DOW_Thu_EW,F5,long,EW close-to-close ending Thu,DOW_Thu,y2021,51,51.0,13.56,0.94,0.608,19.68,1.0,1.0,,,,,,,,,EW
F5_DOW_Thu_EW,F5,long,EW close-to-close ending Thu,DOW_Thu,y2022,51,51.0,-16.35,-0.62,0.451,-9.8,1.0,1.0,,,,,,,,,EW
F5_DOW_Thu_EW,F5,long,EW close-to-close ending Thu,DOW_Thu,y2023,51,51.0,-6.38,-0.43,0.431,0.18,1.0,1.0,,,,,,,,,EW
F5_DOW_Thu_EW,F5,long,EW close-to-close ending Thu,DOW_Thu,y2024,43,43.0,15.96,1.08,0.558,22.14,1.0,1.0,,,,,,,,,EW
F5_DOW_Thu_EW,F5,long,EW close-to-close ending Thu,DOW_Thu,y2025,40,40.0,-27.62,-1.16,0.525,-21.56,1.0,1.0,,,,,,,,,EW
F5_DOW_Thu_EW,F5,long,EW close-to-close ending Thu,DOW_Thu,y2026,40,40.0,4.35,0.27,0.6,9.98,1.0,1.0,,,,,,,,,EW
F5_DOW_Fri_EW,F5,long,EW close-to-close ending Fri,DOW_Fri,train,351,351.0,1.83,0.28,0.544,9.15,1.0,1.0,,,,,,,,,EW
F5_DOW_Fri_EW,F5,long,EW close-to-close ending Fri,DOW_Fri,valid1,93,93.0,13.96,1.36,0.548,20.34,1.0,1.0,,,,,,,,,EW
F5_DOW_Fri_EW,F5,long,EW close-to-close ending Fri,DOW_Fri,valid2,79,79.0,0.76,0.05,0.506,6.6,1.0,1.0,,,,,,,,,EW
F5_DOW_Fri_EW,F5,long,EW close-to-close ending Fri,DOW_Fri,trainvalid1,444,444.0,4.37,0.78,0.545,11.49,1.0,1.0,,,,,,,,,EW
F5_DOW_Fri_EW,F5,long,EW close-to-close ending Fri,DOW_Fri,all_open,523,523.0,3.82,0.73,0.539,10.75,1.0,1.0,,,,,,,,,EW
F5_DOW_Fri_EW,F5,long,EW close-to-close ending Fri,DOW_Fri,month_up,175,175.0,28.56,3.61,0.674,35.42,1.0,1.0,,,,,,,,,EW
F5_DOW_Fri_EW,F5,long,EW close-to-close ending Fri,DOW_Fri,year_up,421,421.0,8.47,1.52,0.551,15.39,1.0,1.0,,,,,,,,,EW
F5_DOW_Fri_EW,F5,long,EW close-to-close ending Fri,DOW_Fri,month_flat,171,171.0,11.11,1.47,0.561,18.16,1.0,1.0,,,,,,,,,EW
F5_DOW_Fri_EW,F5,long,EW close-to-close ending Fri,DOW_Fri,year_flat,0,,,,,,,,,,,,,,,,EW
F5_DOW_Fri_EW,F5,long,EW close-to-close ending Fri,DOW_Fri,month_down,177,177.0,-27.66,-2.55,0.384,-20.8,1.0,1.0,,,,,,,,,EW
F5_DOW_Fri_EW,F5,long,EW close-to-close ending Fri,DOW_Fri,year_down,102,102.0,-15.36,-1.11,0.49,-8.41,1.0,1.0,,,,,,,,,EW
F5_DOW_Fri_EW,F5,long,EW close-to-close ending Fri,DOW_Fri,day_up,185,185.0,-3.02,-0.34,0.53,3.92,1.0,1.0,,,,,,,,,EW
F5_DOW_Fri_EW,F5,long,EW close-to-close ending Fri,DOW_Fri,day_flat,167,167.0,4.84,0.79,0.521,11.75,1.0,1.0,,,,,,,,,EW
F5_DOW_Fri_EW,F5,long,EW close-to-close ending Fri,DOW_Fri,day_down,171,171.0,10.24,0.9,0.567,17.17,1.0,1.0,,,,,,,,,EW
F5_DOW_Fri_EW,F5,long,EW close-to-close ending Fri,DOW_Fri,y2016,48,48.0,-2.24,-0.14,0.521,6.42,1.0,1.0,,,,,,,,,EW
F5_DOW_Fri_EW,F5,long,EW close-to-close ending Fri,DOW_Fri,y2017,51,51.0,13.32,2.87,0.627,21.19,1.0,1.0,,,,,,,,,EW
F5_DOW_Fri_EW,F5,long,EW close-to-close ending Fri,DOW_Fri,y2018,51,51.0,-14.13,-1.09,0.529,-6.77,1.0,1.0,,,,,,,,,EW
F5_DOW_Fri_EW,F5,long,EW close-to-close ending Fri,DOW_Fri,y2019,51,51.0,19.65,1.45,0.627,26.86,1.0,1.0,,,,,,,,,EW
F5_DOW_Fri_EW,F5,long,EW close-to-close ending Fri,DOW_Fri,y2020,49,49.0,0.94,0.04,0.449,8.45,1.0,1.0,,,,,,,,,EW
F5_DOW_Fri_EW,F5,long,EW close-to-close ending Fri,DOW_Fri,y2021,50,50.0,11.79,0.87,0.6,17.9,1.0,1.0,,,,,,,,,EW
F5_DOW_Fri_EW,F5,long,EW close-to-close ending Fri,DOW_Fri,y2022,51,51.0,-16.59,-0.68,0.451,-10.04,1.0,1.0,,,,,,,,,EW
F5_DOW_Fri_EW,F5,long,EW close-to-close ending Fri,DOW_Fri,y2023,51,51.0,17.07,1.14,0.51,23.61,1.0,1.0,,,,,,,,,EW
F5_DOW_Fri_EW,F5,long,EW close-to-close ending Fri,DOW_Fri,y2024,42,42.0,10.18,0.75,0.595,16.36,1.0,1.0,,,,,,,,,EW
F5_DOW_Fri_EW,F5,long,EW close-to-close ending Fri,DOW_Fri,y2025,42,42.0,4.7,0.21,0.5,10.73,1.0,1.0,,,,,,,,,EW
F5_DOW_Fri_EW,F5,long,EW close-to-close ending Fri,DOW_Fri,y2026,37,37.0,-3.72,-0.21,0.514,1.91,1.0,1.0,,,,,,,,,EW
F5_ON_EW,F5,long,EW overnight every day,ON,train,1748,1748.0,-2.33,-1.12,0.509,4.99,1.0,1.0,,,,,,,,,EW
F5_ON_EW,F5,long,EW overnight every day,ON,valid1,460,460.0,-0.72,-0.26,0.491,5.66,1.0,1.0,,,,,,,,,EW
F5_ON_EW,F5,long,EW overnight every day,ON,valid2,404,404.0,-0.19,-0.05,0.554,5.65,1.0,1.0,,,,,,,,,EW
F5_ON_EW,F5,long,EW overnight every day,ON,trainvalid1,2208,2208.0,-1.99,-1.14,0.505,5.13,1.0,1.0,,,,,,,,,EW
F5_ON_EW,F5,long,EW overnight every day,ON,all_open,2612,2612.0,-1.72,-1.08,0.513,5.21,1.0,1.0,,,,,,,,,EW
F5_ON_EW,F5,long,EW overnight every day,ON,month_up,876,876.0,7.82,3.18,0.529,14.69,1.0,1.0,,,,,,,,,EW
F5_ON_EW,F5,long,EW overnight every day,ON,year_up,2110,2110.0,-0.42,-0.24,0.522,6.49,1.0,1.0,,,,,,,,,EW
F5_ON_EW,F5,long,EW overnight every day,ON,month_flat,854,854.0,1.25,0.64,0.535,8.3,1.0,1.0,,,,,,,,,EW
F5_ON_EW,F5,long,EW overnight every day,ON,year_flat,0,,,,,,,,,,,,,,,,EW
F5_ON_EW,F5,long,EW overnight every day,ON,month_down,882,882.0,-14.05,-4.04,0.475,-7.2,1.0,1.0,,,,,,,,,EW
F5_ON_EW,F5,long,EW overnight every day,ON,year_down,502,502.0,-7.14,-2.05,0.472,-0.19,1.0,1.0,,,,,,,,,EW
F5_ON_EW,F5,long,EW overnight every day,ON,day_up,872,872.0,-3.94,-1.28,0.508,2.98,1.0,1.0,,,,,,,,,EW
F5_ON_EW,F5,long,EW overnight every day,ON,day_flat,869,869.0,-0.01,-0.0,0.51,6.93,1.0,1.0,,,,,,,,,EW
F5_ON_EW,F5,long,EW overnight every day,ON,day_down,871,871.0,-1.19,-0.38,0.52,5.71,1.0,1.0,,,,,,,,,EW
F5_ON_EW,F5,long,EW overnight every day,ON,y2016,238,238.0,-7.63,-2.16,0.445,1.05,1.0,1.0,,,,,,,,,EW
F5_ON_EW,F5,long,EW overnight every day,ON,y2017,251,251.0,-1.64,-0.94,0.494,6.24,1.0,1.0,,,,,,,,,EW
F5_ON_EW,F5,long,EW overnight every day,ON,y2018,251,251.0,-3.1,-0.91,0.498,4.25,1.0,1.0,,,,,,,,,EW
F5_ON_EW,F5,long,EW overnight every day,ON,y2019,252,252.0,-0.66,-0.21,0.528,6.54,1.0,1.0,,,,,,,,,EW
F5_ON_EW,F5,long,EW overnight every day,ON,y2020,253,253.0,2.97,0.27,0.561,10.47,1.0,1.0,,,,,,,,,EW
F5_ON_EW,F5,long,EW overnight every day,ON,y2021,252,252.0,4.59,1.27,0.583,10.71,1.0,1.0,,,,,,,,,EW
F5_ON_EW,F5,long,EW overnight every day,ON,y2022,251,251.0,-11.18,-1.84,0.446,-4.63,1.0,1.0,,,,,,,,,EW
F5_ON_EW,F5,long,EW overnight every day,ON,y2023,250,250.0,-3.57,-1.0,0.448,2.97,1.0,1.0,,,,,,,,,EW
F5_ON_EW,F5,long,EW overnight every day,ON,y2024,210,210.0,2.68,0.64,0.543,8.86,1.0,1.0,,,,,,,,,EW
F5_ON_EW,F5,long,EW overnight every day,ON,y2025,211,211.0,-2.13,-0.38,0.559,3.91,1.0,1.0,,,,,,,,,EW
F5_ON_EW,F5,long,EW overnight every day,ON,y2026,193,193.0,1.93,0.41,0.549,7.56,1.0,1.0,,,,,,,,,EW
